PREC,PETINP
0.0000000000e+00,0.0000000000e+00
0.0000000000e+00,0.0000000000e+00
0.0000000000e+00,0.0000000000e+00
0.0000000000e+00,0.0000000000e+00
0.0000000000e+00,0.0000000000e+00
0.0000000000e+00,0.0000000000e+00
0.0000000000e+00,0.0000000000e+00
0.0000000000e+00,4.1179982000e-04
0.0000000000e+00,1.8689601000e-03
0.0000000000e+00,3.1202205000e-03
0.0000000000e+00,3.1202205000e-03
0.0000000000e+00,3.1202205000e-03
0.0000000000e+00,3.1202205000e-03
0.0000000000e+00,3.1202205000e-03
0.0000000000e+00,1.8689601000e-03
0.0000000000e+00,4.1179982000e-04
0.0000000000e+00,0.0000000000e+00
0.0000000000e+00,0.0000000000e+00
0.0000000000e+00,0.0000000000e+00
0.0000000000e+00,0.0000000000e+00
0.0000000000e+00,0.0000000000e+00
0.0000000000e+00,0.0000000000e+00
0.0000000000e+00,0.0000000000e+00
0.0000000000e+00,0.0000000000e+00
0.0000000000e+00,0.0000000000e+00
0.0000000000e+00,0.0000000000e+00
0.0000000000e+00,0.0000000000e+00
0.0000000000e+00,0.0000000000e+00
0.0000000000e+00,0.0000000000e+00
0.0000000000e+00,0.0000000000e+00
0.0000000000e+00,0.0000000000e+00
0.0000000000e+00,4.3739582000e-04
0.0000000000e+00,1.9456330000e-03
0.0000000000e+00,3.2351722000e-03
0.0000000000e+00,3.2351722000e-03
0.0000000000e+00,3.2351722000e-03
0.0000000000e+00,3.2351722000e-03
0.0000000000e+00,3.2351722000e-03
0.0000000000e+00,1.9456330000e-03
0.0000000000e+00,4.3739582000e-04
0.0000000000e+00,0.0000000000e+00
0.0000000000e+00,0.0000000000e+00
0.0000000000e+00,0.0000000000e+00
0.0000000000e+00,0.0000000000e+00
0.0000000000e+00,0.0000000000e+00
0.0000000000e+00,0.0000000000e+00
0.0000000000e+00,0.0000000000e+00
0.0000000000e+00,0.0000000000e+00
0.0000000000e+00,0.0000000000e+00
0.0000000000e+00,0.0000000000e+00
0.0000000000e+00,0.0000000000e+00
0.0000000000e+00,0.0000000000e+00
0.0000000000e+00,0.0000000000e+00
0.0000000000e+00,0.0000000000e+00
0.0000000000e+00,0.0000000000e+00
0.0000000000e+00,4.9312349000e-04
0.0000000000e+00,2.1479344000e-03
0.0000000000e+00,3.5561835000e-03
0.0000000000e+00,3.5561835000e-03
0.0000000000e+00,3.5561835000e-03
0.0000000000e+00,3.5561835000e-03
0.0000000000e+00,3.5561835000e-03
0.0000000000e+00,2.1479344000e-03
0.0000000000e+00,4.9312349000e-04
0.0000000000e+00,0.0000000000e+00
0.0000000000e+00,0.0000000000e+00
0.0000000000e+00,0.0000000000e+00
0.0000000000e+00,0.0000000000e+00
0.0000000000e+00,0.0000000000e+00
0.0000000000e+00,0.0000000000e+00
0.0000000000e+00,0.0000000000e+00
0.0000000000e+00,0.0000000000e+00
0.0000000000e+00,0.0000000000e+00
0.0000000000e+00,0.0000000000e+00
0.0000000000e+00,0.0000000000e+00
0.0000000000e+00,0.0000000000e+00
0.0000000000e+00,0.0000000000e+00
0.0000000000e+00,0.0000000000e+00
0.0000000000e+00,0.0000000000e+00
0.0000000000e+00,4.9625518000e-04
0.0000000000e+00,2.1150133000e-03
0.0000000000e+00,3.4856438000e-03
0.0000000000e+00,3.4856438000e-03
0.0000000000e+00,3.4856438000e-03
0.0000000000e+00,3.4856438000e-03
0.0000000000e+00,3.4856438000e-03
0.0000000000e+00,2.1150133000e-03
9.9999802000e-03,4.9625518000e-04
2.9999940000e-02,0.0000000000e+00
0.0000000000e+00,0.0000000000e+00
0.0000000000e+00,0.0000000000e+00
0.0000000000e+00,0.0000000000e+00
0.0000000000e+00,0.0000000000e+00
0.0000000000e+00,0.0000000000e+00
1.9999960000e-02,0.0000000000e+00
0.0000000000e+00,0.0000000000e+00
2.9999940000e-02,0.0000000000e+00
2.9999940000e-02,0.0000000000e+00
9.9999802000e-03,0.0000000000e+00
1.9999960000e-02,0.0000000000e+00
1.9999960000e-02,0.0000000000e+00
0.0000000000e+00,0.0000000000e+00
0.0000000000e+00,0.0000000000e+00
7.9999842000e-02,5.8421458000e-04
3.9999921000e-02,2.4346784000e-03
0.0000000000e+00,3.9930348000e-03
2.9999940000e-02,3.9930348000e-03
9.9999802000e-03,3.9930348000e-03
0.0000000000e+00,3.9930348000e-03
0.0000000000e+00,3.9930348000e-03
0.0000000000e+00,2.4346784000e-03
0.0000000000e+00,5.8421458000e-04
0.0000000000e+00,0.0000000000e+00
9.9999802000e-03,0.0000000000e+00
0.0000000000e+00,0.0000000000e+00
0.0000000000e+00,0.0000000000e+00
9.9999802000e-03,0.0000000000e+00
1.9999960000e-02,0.0000000000e+00
5.9999879000e-02,0.0000000000e+00
9.9999802000e-03,0.0000000000e+00
0.0000000000e+00,0.0000000000e+00
0.0000000000e+00,0.0000000000e+00
0.0000000000e+00,0.0000000000e+00
0.0000000000e+00,0.0000000000e+00
0.0000000000e+00,0.0000000000e+00
0.0000000000e+00,0.0000000000e+00
0.0000000000e+00,0.0000000000e+00
0.0000000000e+00,5.4977124000e-04
0.0000000000e+00,2.2391505000e-03
0.0000000000e+00,3.6536439000e-03
9.9999802000e-03,3.6536439000e-03
0.0000000000e+00,3.6536439000e-03
0.0000000000e+00,3.6536439000e-03
0.0000000000e+00,3.6536439000e-03
0.0000000000e+00,2.2391505000e-03
0.0000000000e+00,5.4977124000e-04
0.0000000000e+00,0.0000000000e+00
0.0000000000e+00,0.0000000000e+00
0.0000000000e+00,0.0000000000e+00
0.0000000000e+00,0.0000000000e+00
0.0000000000e+00,0.0000000000e+00
0.0000000000e+00,0.0000000000e+00
0.0000000000e+00,0.0000000000e+00
0.0000000000e+00,0.0000000000e+00
0.0000000000e+00,0.0000000000e+00
0.0000000000e+00,0.0000000000e+00
0.0000000000e+00,0.0000000000e+00
0.0000000000e+00,0.0000000000e+00
0.0000000000e+00,0.0000000000e+00
0.0000000000e+00,0.0000000000e+00
0.0000000000e+00,0.0000000000e+00
0.0000000000e+00,5.3920748000e-04
0.0000000000e+00,2.1454052000e-03
1.9999960000e-02,3.4819990000e-03
9.9999802000e-03,3.4819990000e-03
9.9999802000e-03,3.4819990000e-03
0.0000000000e+00,3.4819990000e-03
0.0000000000e+00,3.4819990000e-03
9.9999802000e-03,2.1454052000e-03
2.9999940000e-02,5.3920748000e-04
9.9999802000e-03,0.0000000000e+00
9.9999802000e-03,0.0000000000e+00
0.0000000000e+00,0.0000000000e+00
9.9999802000e-03,0.0000000000e+00
9.9999802000e-03,0.0000000000e+00
0.0000000000e+00,0.0000000000e+00
0.0000000000e+00,0.0000000000e+00
0.0000000000e+00,0.0000000000e+00
0.0000000000e+00,0.0000000000e+00
0.0000000000e+00,0.0000000000e+00
9.9999802000e-03,0.0000000000e+00
0.0000000000e+00,0.0000000000e+00
0.0000000000e+00,0.0000000000e+00
0.0000000000e+00,0.0000000000e+00
0.0000000000e+00,0.0000000000e+00
0.0000000000e+00,5.5317639000e-04
0.0000000000e+00,2.1494906000e-03
0.0000000000e+00,3.4692169000e-03
0.0000000000e+00,3.4692169000e-03
0.0000000000e+00,3.4692169000e-03
0.0000000000e+00,3.4692169000e-03
0.0000000000e+00,3.4692169000e-03
0.0000000000e+00,2.1494906000e-03
0.0000000000e+00,5.5317639000e-04
1.9999960000e-02,0.0000000000e+00
0.0000000000e+00,0.0000000000e+00
0.0000000000e+00,0.0000000000e+00
0.0000000000e+00,0.0000000000e+00
0.0000000000e+00,0.0000000000e+00
9.9999802000e-03,0.0000000000e+00
3.9999921000e-02,0.0000000000e+00
7.9999842000e-02,0.0000000000e+00
6.9999859000e-02,0.0000000000e+00
9.9999800000e-02,0.0000000000e+00
6.9999859000e-02,0.0000000000e+00
1.9999960000e-02,0.0000000000e+00
6.9999859000e-02,0.0000000000e+00
3.9999921000e-02,0.0000000000e+00
0.0000000000e+00,0.0000000000e+00
3.9999921000e-02,5.9668976000e-04
9.9999802000e-03,2.2638519000e-03
9.9999802000e-03,3.6326693000e-03
9.9999802000e-03,3.6326693000e-03
0.0000000000e+00,3.6326693000e-03
0.0000000000e+00,3.6326693000e-03
0.0000000000e+00,3.6326693000e-03
0.0000000000e+00,2.2638519000e-03
0.0000000000e+00,5.9668976000e-04
0.0000000000e+00,0.0000000000e+00
0.0000000000e+00,0.0000000000e+00
0.0000000000e+00,0.0000000000e+00
0.0000000000e+00,0.0000000000e+00
0.0000000000e+00,0.0000000000e+00
0.0000000000e+00,0.0000000000e+00
0.0000000000e+00,0.0000000000e+00
0.0000000000e+00,0.0000000000e+00
0.0000000000e+00,0.0000000000e+00
0.0000000000e+00,0.0000000000e+00
0.0000000000e+00,0.0000000000e+00
9.9999802000e-03,0.0000000000e+00
0.0000000000e+00,0.0000000000e+00
0.0000000000e+00,0.0000000000e+00
0.0000000000e+00,0.0000000000e+00
9.9999802000e-03,5.4834702000e-04
0.0000000000e+00,2.0310974000e-03
0.0000000000e+00,3.2396743000e-03
0.0000000000e+00,3.2396743000e-03
0.0000000000e+00,3.2396743000e-03
0.0000000000e+00,3.2396743000e-03
0.0000000000e+00,3.2396743000e-03
0.0000000000e+00,2.0310974000e-03
0.0000000000e+00,5.4834702000e-04
9.9999802000e-03,0.0000000000e+00
9.9999802000e-03,0.0000000000e+00
0.0000000000e+00,0.0000000000e+00
0.0000000000e+00,0.0000000000e+00
0.0000000000e+00,0.0000000000e+00
0.0000000000e+00,0.0000000000e+00
0.0000000000e+00,0.0000000000e+00
0.0000000000e+00,0.0000000000e+00
0.0000000000e+00,0.0000000000e+00
0.0000000000e+00,0.0000000000e+00
3.9999921000e-02,0.0000000000e+00
7.9999842000e-02,0.0000000000e+00
1.9999960000e-02,0.0000000000e+00
3.9999921000e-02,0.0000000000e+00
9.9999802000e-03,0.0000000000e+00
7.9999842000e-02,6.7703659000e-04
1.9999960000e-02,2.4482016000e-03
1.9999960000e-02,3.8808482000e-03
7.9999842000e-02,3.8808482000e-03
2.9999940000e-02,3.8808482000e-03
0.0000000000e+00,3.8808482000e-03
2.9999940000e-02,3.8808482000e-03
1.3999970000e-01,2.4482016000e-03
9.9999802000e-03,6.7703659000e-04
0.0000000000e+00,0.0000000000e+00
0.0000000000e+00,0.0000000000e+00
0.0000000000e+00,0.0000000000e+00
0.0000000000e+00,0.0000000000e+00
2.9999940000e-02,0.0000000000e+00
9.9999802000e-03,0.0000000000e+00
0.0000000000e+00,0.0000000000e+00
9.9999802000e-03,0.0000000000e+00
9.9999802000e-03,0.0000000000e+00
9.9999802000e-03,0.0000000000e+00
1.9999960000e-02,0.0000000000e+00
1.9999960000e-02,0.0000000000e+00
5.9999879000e-02,0.0000000000e+00
1.9999960000e-02,0.0000000000e+00
1.9999960000e-02,0.0000000000e+00
1.9999960000e-02,7.5880537000e-04
0.0000000000e+00,2.6788071000e-03
0.0000000000e+00,4.2194063000e-03
0.0000000000e+00,4.2194063000e-03
0.0000000000e+00,4.2194063000e-03
0.0000000000e+00,4.2194063000e-03
0.0000000000e+00,4.2194063000e-03
0.0000000000e+00,2.6788071000e-03
0.0000000000e+00,7.5880537000e-04
0.0000000000e+00,0.0000000000e+00
0.0000000000e+00,0.0000000000e+00
0.0000000000e+00,0.0000000000e+00
0.0000000000e+00,0.0000000000e+00
0.0000000000e+00,0.0000000000e+00
0.0000000000e+00,0.0000000000e+00
0.0000000000e+00,0.0000000000e+00
0.0000000000e+00,0.0000000000e+00
0.0000000000e+00,0.0000000000e+00
0.0000000000e+00,0.0000000000e+00
0.0000000000e+00,0.0000000000e+00
0.0000000000e+00,0.0000000000e+00
0.0000000000e+00,0.0000000000e+00
0.0000000000e+00,0.0000000000e+00
0.0000000000e+00,0.0000000000e+00
0.0000000000e+00,8.7582530000e-04
0.0000000000e+00,3.0189068000e-03
0.0000000000e+00,4.7240756000e-03
0.0000000000e+00,4.7240756000e-03
0.0000000000e+00,4.7240756000e-03
0.0000000000e+00,4.7240756000e-03
0.0000000000e+00,4.7240756000e-03
0.0000000000e+00,3.0189068000e-03
0.0000000000e+00,8.7582530000e-04
0.0000000000e+00,0.0000000000e+00
0.0000000000e+00,0.0000000000e+00
0.0000000000e+00,0.0000000000e+00
0.0000000000e+00,0.0000000000e+00
0.0000000000e+00,0.0000000000e+00
0.0000000000e+00,0.0000000000e+00
0.0000000000e+00,0.0000000000e+00
0.0000000000e+00,0.0000000000e+00
0.0000000000e+00,0.0000000000e+00
0.0000000000e+00,0.0000000000e+00
0.0000000000e+00,0.0000000000e+00
0.0000000000e+00,0.0000000000e+00
0.0000000000e+00,0.0000000000e+00
0.0000000000e+00,0.0000000000e+00
0.0000000000e+00,0.0000000000e+00
0.0000000000e+00,9.2836696000e-04
0.0000000000e+00,3.1249565000e-03
0.0000000000e+00,4.8573627000e-03
0.0000000000e+00,4.8573627000e-03
0.0000000000e+00,4.8573627000e-03
0.0000000000e+00,4.8573627000e-03
9.9999802000e-03,4.8573627000e-03
0.0000000000e+00,3.1249565000e-03
0.0000000000e+00,9.2836696000e-04
0.0000000000e+00,0.0000000000e+00
0.0000000000e+00,0.0000000000e+00
0.0000000000e+00,0.0000000000e+00
0.0000000000e+00,0.0000000000e+00
0.0000000000e+00,0.0000000000e+00
0.0000000000e+00,0.0000000000e+00
0.0000000000e+00,0.0000000000e+00
0.0000000000e+00,0.0000000000e+00
0.0000000000e+00,0.0000000000e+00
0.0000000000e+00,0.0000000000e+00
0.0000000000e+00,0.0000000000e+00
0.0000000000e+00,0.0000000000e+00
0.0000000000e+00,0.0000000000e+00
0.0000000000e+00,0.0000000000e+00
0.0000000000e+00,0.0000000000e+00
0.0000000000e+00,9.7124424000e-04
0.0000000000e+00,3.1932904000e-03
0.0000000000e+00,4.9297144000e-03
0.0000000000e+00,4.9297144000e-03
0.0000000000e+00,4.9297144000e-03
0.0000000000e+00,4.9297144000e-03
0.0000000000e+00,4.9297144000e-03
0.0000000000e+00,3.1932904000e-03
0.0000000000e+00,9.7124424000e-04
9.9999802000e-03,0.0000000000e+00
0.0000000000e+00,0.0000000000e+00
9.9999802000e-03,0.0000000000e+00
2.9999940000e-02,0.0000000000e+00
0.0000000000e+00,0.0000000000e+00
9.9999802000e-03,0.0000000000e+00
0.0000000000e+00,0.0000000000e+00
1.9999960000e-02,0.0000000000e+00
0.0000000000e+00,0.0000000000e+00
0.0000000000e+00,0.0000000000e+00
0.0000000000e+00,0.0000000000e+00
9.9999802000e-03,0.0000000000e+00
4.9999900000e-02,0.0000000000e+00
0.0000000000e+00,0.0000000000e+00
0.0000000000e+00,0.0000000000e+00
0.0000000000e+00,8.4718876000e-04
0.0000000000e+00,2.7213800000e-03
0.0000000000e+00,4.1719768000e-03
0.0000000000e+00,4.1719768000e-03
0.0000000000e+00,4.1719768000e-03
0.0000000000e+00,4.1719768000e-03
0.0000000000e+00,4.1719768000e-03
0.0000000000e+00,2.7213800000e-03
0.0000000000e+00,8.4718876000e-04
0.0000000000e+00,0.0000000000e+00
0.0000000000e+00,0.0000000000e+00
0.0000000000e+00,0.0000000000e+00
0.0000000000e+00,0.0000000000e+00
0.0000000000e+00,0.0000000000e+00
0.0000000000e+00,0.0000000000e+00
0.0000000000e+00,0.0000000000e+00
0.0000000000e+00,0.0000000000e+00
0.0000000000e+00,0.0000000000e+00
0.0000000000e+00,0.0000000000e+00
0.0000000000e+00,0.0000000000e+00
9.9999802000e-03,0.0000000000e+00
0.0000000000e+00,0.0000000000e+00
0.0000000000e+00,0.0000000000e+00
0.0000000000e+00,0.0000000000e+00
0.0000000000e+00,8.6552056000e-04
0.0000000000e+00,2.7171646000e-03
0.0000000000e+00,4.1360483000e-03
0.0000000000e+00,4.1360483000e-03
0.0000000000e+00,4.1360483000e-03
0.0000000000e+00,4.1360483000e-03
0.0000000000e+00,4.1360483000e-03
9.9999802000e-03,2.7171646000e-03
7.9999842000e-02,8.6552056000e-04
1.2999970000e-01,0.0000000000e+00
1.2999970000e-01,0.0000000000e+00
7.9999842000e-02,0.0000000000e+00
1.1999980000e-01,0.0000000000e+00
0.0000000000e+00,0.0000000000e+00
0.0000000000e+00,0.0000000000e+00
0.0000000000e+00,0.0000000000e+00
0.0000000000e+00,0.0000000000e+00
1.9999960000e-02,0.0000000000e+00
4.9999900000e-02,0.0000000000e+00
1.9999960000e-02,0.0000000000e+00
0.0000000000e+00,0.0000000000e+00
0.0000000000e+00,0.0000000000e+00
0.0000000000e+00,0.0000000000e+00
0.0000000000e+00,0.0000000000e+00
0.0000000000e+00,7.9383602000e-04
0.0000000000e+00,2.4363752000e-03
0.0000000000e+00,3.6819964000e-03
0.0000000000e+00,3.6819964000e-03
1.9999960000e-02,3.6819964000e-03
1.9999960000e-02,3.6819964000e-03
7.9999842000e-02,3.6819964000e-03
0.0000000000e+00,2.4363752000e-03
0.0000000000e+00,7.9383602000e-04
0.0000000000e+00,0.0000000000e+00
0.0000000000e+00,0.0000000000e+00
0.0000000000e+00,0.0000000000e+00
0.0000000000e+00,0.0000000000e+00
2.9999940000e-02,0.0000000000e+00
3.9999921000e-02,0.0000000000e+00
9.9999802000e-03,0.0000000000e+00
9.9999802000e-03,0.0000000000e+00
0.0000000000e+00,0.0000000000e+00
0.0000000000e+00,0.0000000000e+00
0.0000000000e+00,0.0000000000e+00
0.0000000000e+00,0.0000000000e+00
0.0000000000e+00,0.0000000000e+00
9.9999802000e-03,0.0000000000e+00
9.9999802000e-03,0.0000000000e+00
0.0000000000e+00,7.5773790000e-04
0.0000000000e+00,2.2743894000e-03
0.0000000000e+00,3.4121722000e-03
0.0000000000e+00,3.4121722000e-03
0.0000000000e+00,3.4121722000e-03
0.0000000000e+00,3.4121722000e-03
0.0000000000e+00,3.4121722000e-03
0.0000000000e+00,2.2743894000e-03
0.0000000000e+00,7.5773790000e-04
0.0000000000e+00,0.0000000000e+00
0.0000000000e+00,0.0000000000e+00
9.9999802000e-03,0.0000000000e+00
9.9999802000e-03,0.0000000000e+00
3.9999921000e-02,0.0000000000e+00
9.9999802000e-03,0.0000000000e+00
0.0000000000e+00,0.0000000000e+00
0.0000000000e+00,0.0000000000e+00
9.9999802000e-03,0.0000000000e+00
0.0000000000e+00,0.0000000000e+00
0.0000000000e+00,0.0000000000e+00
0.0000000000e+00,0.0000000000e+00
0.0000000000e+00,0.0000000000e+00
0.0000000000e+00,0.0000000000e+00
0.0000000000e+00,0.0000000000e+00
0.0000000000e+00,7.6689903000e-04
0.0000000000e+00,2.2520837000e-03
0.0000000000e+00,3.3538188000e-03
0.0000000000e+00,3.3538188000e-03
0.0000000000e+00,3.3538188000e-03
0.0000000000e+00,3.3538188000e-03
0.0000000000e+00,3.3538188000e-03
0.0000000000e+00,2.2520837000e-03
0.0000000000e+00,7.6689903000e-04
0.0000000000e+00,0.0000000000e+00
0.0000000000e+00,0.0000000000e+00
0.0000000000e+00,0.0000000000e+00
0.0000000000e+00,0.0000000000e+00
0.0000000000e+00,0.0000000000e+00
0.0000000000e+00,0.0000000000e+00
0.0000000000e+00,0.0000000000e+00
0.0000000000e+00,0.0000000000e+00
0.0000000000e+00,0.0000000000e+00
0.0000000000e+00,0.0000000000e+00
0.0000000000e+00,0.0000000000e+00
0.0000000000e+00,0.0000000000e+00
9.9999802000e-03,0.0000000000e+00
5.9999879000e-02,0.0000000000e+00
2.9999940000e-02,0.0000000000e+00
1.9999960000e-02,7.9763250000e-04
2.9999940000e-02,2.2925888000e-03
1.9999960000e-02,3.3887289000e-03
2.9999940000e-02,3.3887289000e-03
7.9999842000e-02,3.3887289000e-03
0.0000000000e+00,3.3887289000e-03
0.0000000000e+00,3.3887289000e-03
0.0000000000e+00,2.2925888000e-03
0.0000000000e+00,7.9763250000e-04
0.0000000000e+00,0.0000000000e+00
0.0000000000e+00,0.0000000000e+00
0.0000000000e+00,0.0000000000e+00
0.0000000000e+00,0.0000000000e+00
0.0000000000e+00,0.0000000000e+00
0.0000000000e+00,0.0000000000e+00
5.9999879000e-02,0.0000000000e+00
0.0000000000e+00,0.0000000000e+00
0.0000000000e+00,0.0000000000e+00
9.9999802000e-03,0.0000000000e+00
0.0000000000e+00,0.0000000000e+00
2.9999940000e-02,0.0000000000e+00
7.9999842000e-02,0.0000000000e+00
1.9999960000e-02,0.0000000000e+00
0.0000000000e+00,0.0000000000e+00
0.0000000000e+00,8.1133831000e-04
0.0000000000e+00,2.2834192000e-03
0.0000000000e+00,3.3498311000e-03
0.0000000000e+00,3.3498311000e-03
0.0000000000e+00,3.3498311000e-03
0.0000000000e+00,3.3498311000e-03
0.0000000000e+00,3.3498311000e-03
0.0000000000e+00,2.2834192000e-03
0.0000000000e+00,8.1133831000e-04
0.0000000000e+00,0.0000000000e+00
0.0000000000e+00,0.0000000000e+00
0.0000000000e+00,0.0000000000e+00
0.0000000000e+00,0.0000000000e+00
0.0000000000e+00,0.0000000000e+00
0.0000000000e+00,0.0000000000e+00
0.0000000000e+00,0.0000000000e+00
0.0000000000e+00,0.0000000000e+00
0.0000000000e+00,0.0000000000e+00
0.0000000000e+00,0.0000000000e+00
0.0000000000e+00,0.0000000000e+00
0.0000000000e+00,0.0000000000e+00
3.9999921000e-02,0.0000000000e+00
1.9999960000e-02,0.0000000000e+00
1.9999960000e-02,0.0000000000e+00
6.9999859000e-02,9.1685937000e-04
4.9999900000e-02,2.5277573000e-03
8.9999817000e-02,3.6802255000e-03
1.9999960000e-02,3.6802255000e-03
2.9999940000e-02,3.6802255000e-03
5.9999879000e-02,3.6802255000e-03
9.9999802000e-03,3.6802255000e-03
9.9999802000e-03,2.5277573000e-03
0.0000000000e+00,9.1685937000e-04
9.9999802000e-03,0.0000000000e+00
1.9999960000e-02,0.0000000000e+00
4.9999900000e-02,0.0000000000e+00
9.9999802000e-03,0.0000000000e+00
9.9999802000e-03,0.0000000000e+00
5.9999879000e-02,0.0000000000e+00
1.9999960000e-02,0.0000000000e+00
9.9999802000e-03,0.0000000000e+00
1.4999970000e-01,0.0000000000e+00
6.9999859000e-02,0.0000000000e+00
3.9999921000e-02,0.0000000000e+00
9.9999800000e-02,0.0000000000e+00
5.9999879000e-02,0.0000000000e+00
3.9999921000e-02,0.0000000000e+00
6.9999859000e-02,0.0000000000e+00
7.9999842000e-02,9.6541626000e-04
2.9999940000e-02,2.6084874000e-03
9.9999802000e-03,3.7688504000e-03
2.9999940000e-02,3.7688504000e-03
0.0000000000e+00,3.7688504000e-03
0.0000000000e+00,3.7688504000e-03
1.9999960000e-02,3.7688504000e-03
3.9999921000e-02,2.6084874000e-03
1.9999960000e-02,9.6541626000e-04
0.0000000000e+00,0.0000000000e+00
0.0000000000e+00,0.0000000000e+00
5.9999879000e-02,0.0000000000e+00
0.0000000000e+00,0.0000000000e+00
0.0000000000e+00,0.0000000000e+00
0.0000000000e+00,0.0000000000e+00
0.0000000000e+00,0.0000000000e+00
0.0000000000e+00,0.0000000000e+00
0.0000000000e+00,0.0000000000e+00
0.0000000000e+00,0.0000000000e+00
0.0000000000e+00,0.0000000000e+00
0.0000000000e+00,0.0000000000e+00
0.0000000000e+00,0.0000000000e+00
4.9999900000e-02,0.0000000000e+00
1.0999980000e-01,0.0000000000e+00
2.9999940000e-02,8.6400204000e-04
9.9999802000e-03,2.2888938000e-03
0.0000000000e+00,3.2817847000e-03
0.0000000000e+00,3.2817847000e-03
0.0000000000e+00,3.2817847000e-03
9.9999802000e-03,3.2817847000e-03
9.9999802000e-03,3.2817847000e-03
3.9999921000e-02,2.2888938000e-03
6.9999859000e-02,8.6400204000e-04
0.0000000000e+00,0.0000000000e+00
2.9999940000e-02,0.0000000000e+00
1.9999960000e-02,0.0000000000e+00
0.0000000000e+00,0.0000000000e+00
0.0000000000e+00,0.0000000000e+00
0.0000000000e+00,0.0000000000e+00
1.9999960000e-02,0.0000000000e+00
0.0000000000e+00,0.0000000000e+00
0.0000000000e+00,0.0000000000e+00
0.0000000000e+00,0.0000000000e+00
0.0000000000e+00,0.0000000000e+00
9.9999802000e-03,0.0000000000e+00
9.9999802000e-03,0.0000000000e+00
9.9999802000e-03,0.0000000000e+00
0.0000000000e+00,0.0000000000e+00
0.0000000000e+00,8.7701750000e-04
0.0000000000e+00,2.2790446000e-03
0.0000000000e+00,3.2425632000e-03
0.0000000000e+00,3.2425632000e-03
0.0000000000e+00,3.2425632000e-03
0.0000000000e+00,3.2425632000e-03
0.0000000000e+00,3.2425632000e-03
9.9999802000e-03,2.2790446000e-03
2.9999940000e-02,8.7701750000e-04
1.9999960000e-02,0.0000000000e+00
1.9999960000e-02,0.0000000000e+00
0.0000000000e+00,0.0000000000e+00
0.0000000000e+00,0.0000000000e+00
1.9999960000e-02,0.0000000000e+00
9.9999800000e-02,0.0000000000e+00
6.9999859000e-02,0.0000000000e+00
7.9999842000e-02,0.0000000000e+00
3.9999921000e-02,0.0000000000e+00
2.9999940000e-02,0.0000000000e+00
9.9999802000e-03,0.0000000000e+00
9.9999802000e-03,0.0000000000e+00
9.9999802000e-03,0.0000000000e+00
0.0000000000e+00,0.0000000000e+00
0.0000000000e+00,0.0000000000e+00
0.0000000000e+00,1.0243985000e-03
0.0000000000e+00,2.6124311000e-03
0.0000000000e+00,3.6882644000e-03
0.0000000000e+00,3.6882644000e-03
0.0000000000e+00,3.6882644000e-03
0.0000000000e+00,3.6882644000e-03
0.0000000000e+00,3.6882644000e-03
0.0000000000e+00,2.6124311000e-03
0.0000000000e+00,1.0243985000e-03
0.0000000000e+00,0.0000000000e+00
1.9999960000e-02,0.0000000000e+00
1.9999960000e-02,0.0000000000e+00
2.9999940000e-02,0.0000000000e+00
2.9999940000e-02,0.0000000000e+00
1.9999960000e-02,0.0000000000e+00
1.9999960000e-02,0.0000000000e+00
0.0000000000e+00,0.0000000000e+00
0.0000000000e+00,0.0000000000e+00
0.0000000000e+00,0.0000000000e+00
0.0000000000e+00,0.0000000000e+00
0.0000000000e+00,0.0000000000e+00
0.0000000000e+00,0.0000000000e+00
0.0000000000e+00,0.0000000000e+00
0.0000000000e+00,0.0000000000e+00
0.0000000000e+00,1.4398530000e-03
0.0000000000e+00,3.6051469000e-03
0.0000000000e+00,5.0505144000e-03
0.0000000000e+00,5.0505144000e-03
0.0000000000e+00,5.0505144000e-03
0.0000000000e+00,5.0505144000e-03
0.0000000000e+00,5.0505144000e-03
0.0000000000e+00,3.6051469000e-03
0.0000000000e+00,1.4398530000e-03
0.0000000000e+00,0.0000000000e+00
0.0000000000e+00,0.0000000000e+00
0.0000000000e+00,0.0000000000e+00
0.0000000000e+00,0.0000000000e+00
0.0000000000e+00,0.0000000000e+00
0.0000000000e+00,0.0000000000e+00
0.0000000000e+00,0.0000000000e+00
0.0000000000e+00,0.0000000000e+00
0.0000000000e+00,0.0000000000e+00
0.0000000000e+00,0.0000000000e+00
0.0000000000e+00,0.0000000000e+00
0.0000000000e+00,0.0000000000e+00
0.0000000000e+00,0.0000000000e+00
0.0000000000e+00,0.0000000000e+00
0.0000000000e+00,0.0000000000e+00
0.0000000000e+00,1.2842142000e-03
0.0000000000e+00,3.1584054000e-03
0.0000000000e+00,4.3904893000e-03
0.0000000000e+00,4.3904893000e-03
9.9999802000e-03,4.3904893000e-03
9.9999802000e-03,4.3904893000e-03
9.9999802000e-03,4.3904893000e-03
1.9999960000e-02,3.1584054000e-03
1.1999980000e-01,1.2842142000e-03
7.9999842000e-02,0.0000000000e+00
9.9999800000e-02,0.0000000000e+00
0.0000000000e+00,0.0000000000e+00
0.0000000000e+00,0.0000000000e+00
0.0000000000e+00,0.0000000000e+00
0.0000000000e+00,0.0000000000e+00
1.9999960000e-02,0.0000000000e+00
0.0000000000e+00,0.0000000000e+00
0.0000000000e+00,0.0000000000e+00
0.0000000000e+00,0.0000000000e+00
0.0000000000e+00,0.0000000000e+00
0.0000000000e+00,0.0000000000e+00
0.0000000000e+00,0.0000000000e+00
0.0000000000e+00,0.0000000000e+00
0.0000000000e+00,0.0000000000e+00
0.0000000000e+00,1.1059542000e-03
0.0000000000e+00,2.6729351000e-03
0.0000000000e+00,3.6869391000e-03
0.0000000000e+00,3.6869391000e-03
0.0000000000e+00,3.6869391000e-03
0.0000000000e+00,3.6869391000e-03
0.0000000000e+00,3.6869391000e-03
0.0000000000e+00,2.6729351000e-03
0.0000000000e+00,1.1059542000e-03
0.0000000000e+00,0.0000000000e+00
0.0000000000e+00,0.0000000000e+00
0.0000000000e+00,0.0000000000e+00
0.0000000000e+00,0.0000000000e+00
0.0000000000e+00,0.0000000000e+00
0.0000000000e+00,0.0000000000e+00
0.0000000000e+00,0.0000000000e+00
0.0000000000e+00,0.0000000000e+00
0.0000000000e+00,0.0000000000e+00
0.0000000000e+00,0.0000000000e+00
0.0000000000e+00,0.0000000000e+00
0.0000000000e+00,0.0000000000e+00
0.0000000000e+00,0.0000000000e+00
0.0000000000e+00,0.0000000000e+00
0.0000000000e+00,0.0000000000e+00
0.0000000000e+00,1.0543842000e-03
0.0000000000e+00,2.5053269000e-03
0.0000000000e+00,3.4290773000e-03
0.0000000000e+00,3.4290773000e-03
0.0000000000e+00,3.4290773000e-03
0.0000000000e+00,3.4290773000e-03
0.0000000000e+00,3.4290773000e-03
0.0000000000e+00,2.5053269000e-03
0.0000000000e+00,1.0543842000e-03
0.0000000000e+00,0.0000000000e+00
0.0000000000e+00,0.0000000000e+00
0.0000000000e+00,0.0000000000e+00
0.0000000000e+00,0.0000000000e+00
0.0000000000e+00,0.0000000000e+00
0.0000000000e+00,0.0000000000e+00
0.0000000000e+00,0.0000000000e+00
0.0000000000e+00,0.0000000000e+00
0.0000000000e+00,0.0000000000e+00
0.0000000000e+00,0.0000000000e+00
0.0000000000e+00,0.0000000000e+00
0.0000000000e+00,0.0000000000e+00
0.0000000000e+00,0.0000000000e+00
0.0000000000e+00,0.0000000000e+00
0.0000000000e+00,0.0000000000e+00
0.0000000000e+00,1.1548953000e-03
0.0000000000e+00,2.7213660000e-03
0.0000000000e+00,3.7103889000e-03
0.0000000000e+00,3.7103889000e-03
0.0000000000e+00,3.7103889000e-03
9.9999802000e-03,3.7103889000e-03
1.9999960000e-02,3.7103889000e-03
0.0000000000e+00,2.7213660000e-03
1.9999960000e-02,1.1548953000e-03
2.9999940000e-02,0.0000000000e+00
1.9999960000e-02,0.0000000000e+00
0.0000000000e+00,0.0000000000e+00
0.0000000000e+00,0.0000000000e+00
9.9999802000e-03,0.0000000000e+00
0.0000000000e+00,0.0000000000e+00
0.0000000000e+00,0.0000000000e+00
0.0000000000e+00,0.0000000000e+00
0.0000000000e+00,0.0000000000e+00
0.0000000000e+00,0.0000000000e+00
0.0000000000e+00,0.0000000000e+00
0.0000000000e+00,0.0000000000e+00
0.0000000000e+00,0.0000000000e+00
0.0000000000e+00,0.0000000000e+00
0.0000000000e+00,0.0000000000e+00
0.0000000000e+00,1.4159492000e-03
0.0000000000e+00,3.2824003000e-03
0.0000000000e+00,4.4408767000e-03
0.0000000000e+00,4.4408767000e-03
0.0000000000e+00,4.4408767000e-03
0.0000000000e+00,4.4408767000e-03
0.0000000000e+00,4.4408767000e-03
0.0000000000e+00,3.2824003000e-03
0.0000000000e+00,1.4159492000e-03
0.0000000000e+00,0.0000000000e+00
0.0000000000e+00,0.0000000000e+00
0.0000000000e+00,0.0000000000e+00
0.0000000000e+00,0.0000000000e+00
0.0000000000e+00,0.0000000000e+00
0.0000000000e+00,0.0000000000e+00
0.0000000000e+00,0.0000000000e+00
0.0000000000e+00,0.0000000000e+00
0.0000000000e+00,0.0000000000e+00
0.0000000000e+00,0.0000000000e+00
0.0000000000e+00,0.0000000000e+00
0.0000000000e+00,0.0000000000e+00
0.0000000000e+00,0.0000000000e+00
0.0000000000e+00,0.0000000000e+00
0.0000000000e+00,0.0000000000e+00
0.0000000000e+00,1.6125501000e-03
0.0000000000e+00,3.6791130000e-03
0.0000000000e+00,4.9394011000e-03
0.0000000000e+00,4.9394011000e-03
0.0000000000e+00,4.9394011000e-03
0.0000000000e+00,4.9394011000e-03
0.0000000000e+00,4.9394011000e-03
9.9999802000e-03,3.6791130000e-03
0.0000000000e+00,1.6125501000e-03
0.0000000000e+00,0.0000000000e+00
0.0000000000e+00,0.0000000000e+00
0.0000000000e+00,0.0000000000e+00
0.0000000000e+00,0.0000000000e+00
0.0000000000e+00,0.0000000000e+00
0.0000000000e+00,0.0000000000e+00
0.0000000000e+00,0.0000000000e+00
0.0000000000e+00,0.0000000000e+00
0.0000000000e+00,0.0000000000e+00
0.0000000000e+00,0.0000000000e+00
0.0000000000e+00,0.0000000000e+00
0.0000000000e+00,0.0000000000e+00
0.0000000000e+00,0.0000000000e+00
0.0000000000e+00,0.0000000000e+00
0.0000000000e+00,0.0000000000e+00
0.0000000000e+00,1.7513033000e-03
0.0000000000e+00,3.9342381000e-03
0.0000000000e+00,5.2415212000e-03
0.0000000000e+00,5.2415212000e-03
0.0000000000e+00,5.2415212000e-03
0.0000000000e+00,5.2415212000e-03
0.0000000000e+00,5.2415212000e-03
0.0000000000e+00,3.9342381000e-03
0.0000000000e+00,1.7513033000e-03
0.0000000000e+00,0.0000000000e+00
0.0000000000e+00,0.0000000000e+00
0.0000000000e+00,0.0000000000e+00
0.0000000000e+00,0.0000000000e+00
0.0000000000e+00,0.0000000000e+00
0.0000000000e+00,0.0000000000e+00
0.0000000000e+00,0.0000000000e+00
0.0000000000e+00,0.0000000000e+00
0.0000000000e+00,0.0000000000e+00
0.0000000000e+00,0.0000000000e+00
0.0000000000e+00,0.0000000000e+00
0.0000000000e+00,0.0000000000e+00
0.0000000000e+00,0.0000000000e+00
0.0000000000e+00,0.0000000000e+00
0.0000000000e+00,0.0000000000e+00
0.0000000000e+00,1.6578892000e-03
0.0000000000e+00,3.6686303000e-03
0.0000000000e+00,4.8504267000e-03
0.0000000000e+00,4.8504267000e-03
0.0000000000e+00,4.8504267000e-03
0.0000000000e+00,4.8504267000e-03
0.0000000000e+00,4.8504267000e-03
0.0000000000e+00,3.6686303000e-03
0.0000000000e+00,1.6578892000e-03
0.0000000000e+00,0.0000000000e+00
0.0000000000e+00,0.0000000000e+00
0.0000000000e+00,0.0000000000e+00
0.0000000000e+00,0.0000000000e+00
0.0000000000e+00,0.0000000000e+00
0.0000000000e+00,0.0000000000e+00
0.0000000000e+00,0.0000000000e+00
0.0000000000e+00,0.0000000000e+00
0.0000000000e+00,0.0000000000e+00
0.0000000000e+00,0.0000000000e+00
0.0000000000e+00,0.0000000000e+00
0.0000000000e+00,0.0000000000e+00
0.0000000000e+00,0.0000000000e+00
0.0000000000e+00,0.0000000000e+00
0.0000000000e+00,0.0000000000e+00
0.0000000000e+00,1.5579397000e-03
0.0000000000e+00,3.3972249000e-03
0.0000000000e+00,4.4575403000e-03
0.0000000000e+00,4.4575403000e-03
0.0000000000e+00,4.4575403000e-03
0.0000000000e+00,4.4575403000e-03
0.0000000000e+00,4.4575403000e-03
0.0000000000e+00,3.3972249000e-03
0.0000000000e+00,1.5579397000e-03
0.0000000000e+00,0.0000000000e+00
0.0000000000e+00,0.0000000000e+00
0.0000000000e+00,0.0000000000e+00
0.0000000000e+00,0.0000000000e+00
0.0000000000e+00,0.0000000000e+00
0.0000000000e+00,0.0000000000e+00
0.0000000000e+00,0.0000000000e+00
0.0000000000e+00,0.0000000000e+00
0.0000000000e+00,0.0000000000e+00
0.0000000000e+00,0.0000000000e+00
0.0000000000e+00,0.0000000000e+00
0.0000000000e+00,0.0000000000e+00
0.0000000000e+00,0.0000000000e+00
0.0000000000e+00,0.0000000000e+00
0.0000000000e+00,0.0000000000e+00
0.0000000000e+00,1.7583742000e-03
0.0000000000e+00,3.7799187000e-03
0.0000000000e+00,4.9222764000e-03
0.0000000000e+00,4.9222764000e-03
0.0000000000e+00,4.9222764000e-03
0.0000000000e+00,4.9222764000e-03
0.0000000000e+00,4.9222764000e-03
0.0000000000e+00,3.7799187000e-03
0.0000000000e+00,1.7583742000e-03
0.0000000000e+00,0.0000000000e+00
0.0000000000e+00,0.0000000000e+00
0.0000000000e+00,0.0000000000e+00
0.0000000000e+00,0.0000000000e+00
0.0000000000e+00,0.0000000000e+00
0.0000000000e+00,0.0000000000e+00
0.0000000000e+00,0.0000000000e+00
0.0000000000e+00,0.0000000000e+00
0.0000000000e+00,0.0000000000e+00
0.0000000000e+00,0.0000000000e+00
0.0000000000e+00,0.0000000000e+00
0.0000000000e+00,0.0000000000e+00
0.0000000000e+00,0.0000000000e+00
0.0000000000e+00,0.0000000000e+00
0.0000000000e+00,0.0000000000e+00
0.0000000000e+00,1.6829869000e-03
0.0000000000e+00,3.5679410000e-03
0.0000000000e+00,4.6114018000e-03
0.0000000000e+00,4.6114018000e-03
0.0000000000e+00,4.6114018000e-03
0.0000000000e+00,4.6114018000e-03
0.0000000000e+00,4.6114018000e-03
0.0000000000e+00,3.5679410000e-03
0.0000000000e+00,1.6829869000e-03
0.0000000000e+00,0.0000000000e+00
0.0000000000e+00,0.0000000000e+00
0.0000000000e+00,0.0000000000e+00
0.0000000000e+00,0.0000000000e+00
0.0000000000e+00,0.0000000000e+00
0.0000000000e+00,0.0000000000e+00
0.0000000000e+00,0.0000000000e+00
0.0000000000e+00,0.0000000000e+00
0.0000000000e+00,0.0000000000e+00
0.0000000000e+00,0.0000000000e+00
0.0000000000e+00,0.0000000000e+00
0.0000000000e+00,0.0000000000e+00
0.0000000000e+00,0.0000000000e+00
0.0000000000e+00,0.0000000000e+00
0.0000000000e+00,0.0000000000e+00
0.0000000000e+00,1.4638634000e-03
0.0000000000e+00,3.0617346000e-03
0.0000000000e+00,3.9276741000e-03
0.0000000000e+00,3.9276741000e-03
0.0000000000e+00,3.9276741000e-03
0.0000000000e+00,3.9276741000e-03
0.0000000000e+00,3.9276741000e-03
0.0000000000e+00,3.0617346000e-03
0.0000000000e+00,1.4638634000e-03
0.0000000000e+00,0.0000000000e+00
0.0000000000e+00,0.0000000000e+00
0.0000000000e+00,0.0000000000e+00
0.0000000000e+00,0.0000000000e+00
0.0000000000e+00,0.0000000000e+00
0.0000000000e+00,0.0000000000e+00
0.0000000000e+00,0.0000000000e+00
0.0000000000e+00,0.0000000000e+00
0.0000000000e+00,0.0000000000e+00
0.0000000000e+00,0.0000000000e+00
0.0000000000e+00,0.0000000000e+00
0.0000000000e+00,0.0000000000e+00
0.0000000000e+00,0.0000000000e+00
0.0000000000e+00,0.0000000000e+00
0.0000000000e+00,0.0000000000e+00
0.0000000000e+00,1.3737304000e-03
0.0000000000e+00,2.8356893000e-03
0.0000000000e+00,3.6107833000e-03
0.0000000000e+00,3.6107833000e-03
0.0000000000e+00,3.6107833000e-03
0.0000000000e+00,3.6107833000e-03
0.0000000000e+00,3.6107833000e-03
0.0000000000e+00,2.8356893000e-03
0.0000000000e+00,1.3737304000e-03
0.0000000000e+00,0.0000000000e+00
0.0000000000e+00,0.0000000000e+00
0.0000000000e+00,0.0000000000e+00
0.0000000000e+00,0.0000000000e+00
0.0000000000e+00,0.0000000000e+00
0.0000000000e+00,0.0000000000e+00
0.0000000000e+00,0.0000000000e+00
0.0000000000e+00,0.0000000000e+00
0.0000000000e+00,0.0000000000e+00
0.0000000000e+00,0.0000000000e+00
0.0000000000e+00,0.0000000000e+00
0.0000000000e+00,0.0000000000e+00
0.0000000000e+00,0.0000000000e+00
0.0000000000e+00,0.0000000000e+00
0.0000000000e+00,0.0000000000e+00
0.0000000000e+00,1.3886583000e-03
0.0000000000e+00,2.8300802000e-03
0.0000000000e+00,3.5771730000e-03
0.0000000000e+00,3.5771730000e-03
0.0000000000e+00,3.5771730000e-03
0.0000000000e+00,3.5771730000e-03
0.0000000000e+00,3.5771730000e-03
0.0000000000e+00,2.8300802000e-03
0.0000000000e+00,1.3886583000e-03
0.0000000000e+00,0.0000000000e+00
0.0000000000e+00,0.0000000000e+00
0.0000000000e+00,0.0000000000e+00
0.0000000000e+00,0.0000000000e+00
0.0000000000e+00,0.0000000000e+00
0.0000000000e+00,0.0000000000e+00
0.0000000000e+00,0.0000000000e+00
0.0000000000e+00,0.0000000000e+00
0.0000000000e+00,0.0000000000e+00
0.0000000000e+00,0.0000000000e+00
0.0000000000e+00,0.0000000000e+00
0.0000000000e+00,0.0000000000e+00
0.0000000000e+00,0.0000000000e+00
0.0000000000e+00,0.0000000000e+00
0.0000000000e+00,0.0000000000e+00
0.0000000000e+00,1.2225544000e-03
0.0000000000e+00,2.4607619000e-03
0.0000000000e+00,3.0876924000e-03
0.0000000000e+00,3.0876924000e-03
0.0000000000e+00,3.0876924000e-03
0.0000000000e+00,3.0876924000e-03
0.0000000000e+00,3.0876924000e-03
0.0000000000e+00,2.4607619000e-03
0.0000000000e+00,1.2225544000e-03
0.0000000000e+00,0.0000000000e+00
0.0000000000e+00,0.0000000000e+00
0.0000000000e+00,0.0000000000e+00
0.0000000000e+00,0.0000000000e+00
0.0000000000e+00,0.0000000000e+00
0.0000000000e+00,0.0000000000e+00
0.0000000000e+00,0.0000000000e+00
0.0000000000e+00,0.0000000000e+00
0.0000000000e+00,0.0000000000e+00
0.0000000000e+00,0.0000000000e+00
0.0000000000e+00,0.0000000000e+00
0.0000000000e+00,0.0000000000e+00
0.0000000000e+00,0.0000000000e+00
0.0000000000e+00,0.0000000000e+00
0.0000000000e+00,1.5039573000e-05
0.0000000000e+00,1.3191733000e-03
0.0000000000e+00,2.6233071000e-03
0.0000000000e+00,3.2678540000e-03
0.0000000000e+00,3.2678540000e-03
0.0000000000e+00,3.2678540000e-03
0.0000000000e+00,3.2678540000e-03
0.0000000000e+00,3.2678540000e-03
0.0000000000e+00,2.6233071000e-03
0.0000000000e+00,1.3191733000e-03
0.0000000000e+00,1.5039573000e-05
0.0000000000e+00,0.0000000000e+00
0.0000000000e+00,0.0000000000e+00
0.0000000000e+00,0.0000000000e+00
0.0000000000e+00,0.0000000000e+00
0.0000000000e+00,0.0000000000e+00
0.0000000000e+00,0.0000000000e+00
0.0000000000e+00,0.0000000000e+00
3.9999921000e-02,0.0000000000e+00
5.9999879000e-02,0.0000000000e+00
7.9999842000e-02,0.0000000000e+00
9.9999802000e-03,0.0000000000e+00
9.9999802000e-03,0.0000000000e+00
9.9999802000e-03,0.0000000000e+00
1.9999960000e-02,4.9273956000e-05
0.0000000000e+00,1.4214641000e-03
0.0000000000e+00,2.7936543000e-03
0.0000000000e+00,3.4551125000e-03
0.0000000000e+00,3.4551125000e-03
0.0000000000e+00,3.4551125000e-03
0.0000000000e+00,3.4551125000e-03
6.9999859000e-02,3.4551125000e-03
0.0000000000e+00,2.7936543000e-03
0.0000000000e+00,1.4214641000e-03
0.0000000000e+00,4.9273956000e-05
0.0000000000e+00,0.0000000000e+00
0.0000000000e+00,0.0000000000e+00
0.0000000000e+00,0.0000000000e+00
0.0000000000e+00,0.0000000000e+00
0.0000000000e+00,0.0000000000e+00
9.9999802000e-03,0.0000000000e+00
9.9999802000e-03,0.0000000000e+00
0.0000000000e+00,0.0000000000e+00
0.0000000000e+00,0.0000000000e+00
0.0000000000e+00,0.0000000000e+00
9.9999802000e-03,0.0000000000e+00
0.0000000000e+00,0.0000000000e+00
0.0000000000e+00,0.0000000000e+00
0.0000000000e+00,8.6348708000e-05
0.0000000000e+00,1.5140625000e-03
0.0000000000e+00,2.9417765000e-03
0.0000000000e+00,3.6124589000e-03
0.0000000000e+00,3.6124589000e-03
0.0000000000e+00,3.6124589000e-03
0.0000000000e+00,3.6124589000e-03
0.0000000000e+00,3.6124589000e-03
0.0000000000e+00,2.9417765000e-03
0.0000000000e+00,1.5140625000e-03
0.0000000000e+00,8.6348708000e-05
0.0000000000e+00,0.0000000000e+00
0.0000000000e+00,0.0000000000e+00
0.0000000000e+00,0.0000000000e+00
0.0000000000e+00,0.0000000000e+00
0.0000000000e+00,0.0000000000e+00
0.0000000000e+00,0.0000000000e+00
0.0000000000e+00,0.0000000000e+00
0.0000000000e+00,0.0000000000e+00
0.0000000000e+00,0.0000000000e+00
0.0000000000e+00,0.0000000000e+00
9.9999802000e-03,0.0000000000e+00
9.9999802000e-03,0.0000000000e+00
1.9999960000e-02,0.0000000000e+00
9.9999802000e-03,1.2910836000e-04
0.0000000000e+00,1.6437764000e-03
0.0000000000e+00,3.1584445000e-03
0.0000000000e+00,3.8512244000e-03
0.0000000000e+00,3.8512244000e-03
0.0000000000e+00,3.8512244000e-03
0.0000000000e+00,3.8512244000e-03
0.0000000000e+00,3.8512244000e-03
0.0000000000e+00,3.1584445000e-03
0.0000000000e+00,1.6437764000e-03
0.0000000000e+00,1.2910836000e-04
0.0000000000e+00,0.0000000000e+00
0.0000000000e+00,0.0000000000e+00
9.9999802000e-03,0.0000000000e+00
0.0000000000e+00,0.0000000000e+00
9.9999802000e-03,0.0000000000e+00
0.0000000000e+00,0.0000000000e+00
0.0000000000e+00,0.0000000000e+00
0.0000000000e+00,0.0000000000e+00
0.0000000000e+00,0.0000000000e+00
0.0000000000e+00,0.0000000000e+00
0.0000000000e+00,0.0000000000e+00
1.9999960000e-02,0.0000000000e+00
0.0000000000e+00,0.0000000000e+00
2.9999940000e-02,1.7360263000e-04
9.9999802000e-03,1.7492826000e-03
0.0000000000e+00,3.3249627000e-03
0.0000000000e+00,4.0260013000e-03
9.9999802000e-03,4.0260013000e-03
0.0000000000e+00,4.0260013000e-03
0.0000000000e+00,4.0260013000e-03
0.0000000000e+00,4.0260013000e-03
0.0000000000e+00,3.3249627000e-03
0.0000000000e+00,1.7492826000e-03
0.0000000000e+00,1.7360263000e-04
0.0000000000e+00,0.0000000000e+00
0.0000000000e+00,0.0000000000e+00
0.0000000000e+00,0.0000000000e+00
0.0000000000e+00,0.0000000000e+00
0.0000000000e+00,0.0000000000e+00
0.0000000000e+00,0.0000000000e+00
9.9999802000e-03,0.0000000000e+00
0.0000000000e+00,0.0000000000e+00
0.0000000000e+00,0.0000000000e+00
0.0000000000e+00,0.0000000000e+00
4.9999900000e-02,0.0000000000e+00
9.9999802000e-03,0.0000000000e+00
1.9999960000e-02,0.0000000000e+00
9.9999802000e-03,1.6779335000e-04
0.0000000000e+00,1.4080814000e-03
0.0000000000e+00,2.6483694000e-03
0.0000000000e+00,3.1846168000e-03
0.0000000000e+00,3.1846168000e-03
1.1999980000e-01,3.1846168000e-03
1.6999970000e-01,3.1846168000e-03
9.9999802000e-03,3.1846168000e-03
0.0000000000e+00,2.6483694000e-03
0.0000000000e+00,1.4080814000e-03
3.9999921000e-02,1.6779335000e-04
1.9999960000e-02,0.0000000000e+00
0.0000000000e+00,0.0000000000e+00
0.0000000000e+00,0.0000000000e+00
0.0000000000e+00,0.0000000000e+00
0.0000000000e+00,0.0000000000e+00
0.0000000000e+00,0.0000000000e+00
0.0000000000e+00,0.0000000000e+00
0.0000000000e+00,0.0000000000e+00
0.0000000000e+00,0.0000000000e+00
0.0000000000e+00,0.0000000000e+00
0.0000000000e+00,0.0000000000e+00
0.0000000000e+00,0.0000000000e+00
0.0000000000e+00,0.0000000000e+00
0.0000000000e+00,1.7606484000e-04
0.0000000000e+00,1.2726331000e-03
1.9999960000e-02,2.3692013000e-03
0.0000000000e+00,2.8294530000e-03
0.0000000000e+00,2.8294530000e-03
0.0000000000e+00,2.8294530000e-03
0.0000000000e+00,2.8294530000e-03
0.0000000000e+00,2.8294530000e-03
0.0000000000e+00,2.3692013000e-03
0.0000000000e+00,1.2726331000e-03
0.0000000000e+00,1.7606484000e-04
0.0000000000e+00,0.0000000000e+00
0.0000000000e+00,0.0000000000e+00
0.0000000000e+00,0.0000000000e+00
0.0000000000e+00,0.0000000000e+00
0.0000000000e+00,0.0000000000e+00
0.0000000000e+00,0.0000000000e+00
0.0000000000e+00,0.0000000000e+00
0.0000000000e+00,0.0000000000e+00
0.0000000000e+00,0.0000000000e+00
0.0000000000e+00,0.0000000000e+00
0.0000000000e+00,0.0000000000e+00
0.0000000000e+00,0.0000000000e+00
0.0000000000e+00,0.0000000000e+00
0.0000000000e+00,2.0576759000e-04
0.0000000000e+00,1.3120959000e-03
0.0000000000e+00,2.4184240000e-03
5.9999879000e-02,2.8687045000e-03
2.9999940000e-02,2.8687045000e-03
2.9999940000e-02,2.8687045000e-03
1.9999960000e-02,2.8687045000e-03
9.9999802000e-03,2.8687045000e-03
1.9999960000e-02,2.4184240000e-03
1.9999960000e-02,1.3120959000e-03
0.0000000000e+00,2.0576759000e-04
0.0000000000e+00,0.0000000000e+00
9.9999802000e-03,0.0000000000e+00
0.0000000000e+00,0.0000000000e+00
0.0000000000e+00,0.0000000000e+00
0.0000000000e+00,0.0000000000e+00
0.0000000000e+00,0.0000000000e+00
0.0000000000e+00,0.0000000000e+00
0.0000000000e+00,0.0000000000e+00
0.0000000000e+00,0.0000000000e+00
0.0000000000e+00,0.0000000000e+00
9.9999802000e-03,0.0000000000e+00
0.0000000000e+00,0.0000000000e+00
0.0000000000e+00,0.0000000000e+00
0.0000000000e+00,2.1896642000e-04
0.0000000000e+00,1.2539083000e-03
7.9999842000e-02,2.2888503000e-03
1.4999970000e-01,2.6968380000e-03
9.9999800000e-02,2.6968380000e-03
0.0000000000e+00,2.6968380000e-03
0.0000000000e+00,2.6968380000e-03
0.0000000000e+00,2.6968380000e-03
0.0000000000e+00,2.2888503000e-03
0.0000000000e+00,1.2539083000e-03
0.0000000000e+00,2.1896642000e-04
0.0000000000e+00,0.0000000000e+00
0.0000000000e+00,0.0000000000e+00
0.0000000000e+00,0.0000000000e+00
0.0000000000e+00,0.0000000000e+00
0.0000000000e+00,0.0000000000e+00
0.0000000000e+00,0.0000000000e+00
0.0000000000e+00,0.0000000000e+00
0.0000000000e+00,0.0000000000e+00
9.9999802000e-03,0.0000000000e+00
0.0000000000e+00,0.0000000000e+00
0.0000000000e+00,0.0000000000e+00
0.0000000000e+00,0.0000000000e+00
0.0000000000e+00,0.0000000000e+00
0.0000000000e+00,2.8352914000e-04
8.9999817000e-02,1.4783437000e-03
5.9999879000e-02,2.6731584000e-03
1.9999960000e-02,3.1288010000e-03
9.9999802000e-03,3.1288010000e-03
0.0000000000e+00,3.1288010000e-03
0.0000000000e+00,3.1288010000e-03
9.9999802000e-03,3.1288010000e-03
0.0000000000e+00,2.6731584000e-03
0.0000000000e+00,1.4783437000e-03
0.0000000000e+00,2.8352914000e-04
0.0000000000e+00,0.0000000000e+00
0.0000000000e+00,0.0000000000e+00
0.0000000000e+00,0.0000000000e+00
0.0000000000e+00,0.0000000000e+00
0.0000000000e+00,0.0000000000e+00
0.0000000000e+00,0.0000000000e+00
0.0000000000e+00,0.0000000000e+00
0.0000000000e+00,0.0000000000e+00
0.0000000000e+00,0.0000000000e+00
0.0000000000e+00,0.0000000000e+00
0.0000000000e+00,0.0000000000e+00
0.0000000000e+00,0.0000000000e+00
0.0000000000e+00,0.0000000000e+00
0.0000000000e+00,2.6670352000e-04
0.0000000000e+00,1.2801571000e-03
0.0000000000e+00,2.2936107000e-03
0.0000000000e+00,2.6669858000e-03
0.0000000000e+00,2.6669858000e-03
0.0000000000e+00,2.6669858000e-03
0.0000000000e+00,2.6669858000e-03
0.0000000000e+00,2.6669858000e-03
0.0000000000e+00,2.2936107000e-03
0.0000000000e+00,1.2801571000e-03
0.0000000000e+00,2.6670352000e-04
0.0000000000e+00,0.0000000000e+00
0.0000000000e+00,0.0000000000e+00
0.0000000000e+00,0.0000000000e+00
0.0000000000e+00,0.0000000000e+00
0.0000000000e+00,0.0000000000e+00
0.0000000000e+00,0.0000000000e+00
0.0000000000e+00,0.0000000000e+00
9.9999802000e-03,0.0000000000e+00
7.9999842000e-02,0.0000000000e+00
0.0000000000e+00,0.0000000000e+00
9.9999802000e-03,0.0000000000e+00
5.9999879000e-02,0.0000000000e+00
5.9999879000e-02,0.0000000000e+00
9.9999802000e-03,3.5683619000e-04
0.0000000000e+00,1.5908922000e-03
0.0000000000e+00,2.8249484000e-03
0.0000000000e+00,3.2635583000e-03
0.0000000000e+00,3.2635583000e-03
0.0000000000e+00,3.2635583000e-03
0.0000000000e+00,3.2635583000e-03
0.0000000000e+00,3.2635583000e-03
0.0000000000e+00,2.8249484000e-03
0.0000000000e+00,1.5908922000e-03
0.0000000000e+00,3.5683619000e-04
0.0000000000e+00,0.0000000000e+00
0.0000000000e+00,0.0000000000e+00
0.0000000000e+00,0.0000000000e+00
0.0000000000e+00,0.0000000000e+00
0.0000000000e+00,0.0000000000e+00
0.0000000000e+00,0.0000000000e+00
0.0000000000e+00,0.0000000000e+00
0.0000000000e+00,0.0000000000e+00
0.0000000000e+00,0.0000000000e+00
0.0000000000e+00,0.0000000000e+00
9.9999802000e-03,0.0000000000e+00
9.9999802000e-03,0.0000000000e+00
1.9999960000e-02,0.0000000000e+00
9.9999802000e-03,4.2947449000e-04
9.9999802000e-03,1.7916922000e-03
1.9999960000e-02,3.1539102000e-03
4.9999900000e-02,3.6202818000e-03
9.9999802000e-03,3.6202818000e-03
9.9999802000e-03,3.6202818000e-03
9.9999802000e-03,3.6202818000e-03
9.9999802000e-03,3.6202818000e-03
2.9999940000e-02,3.1539102000e-03
0.0000000000e+00,1.7916922000e-03
0.0000000000e+00,4.2947449000e-04
4.9999900000e-02,0.0000000000e+00
0.0000000000e+00,0.0000000000e+00
0.0000000000e+00,0.0000000000e+00
0.0000000000e+00,0.0000000000e+00
0.0000000000e+00,0.0000000000e+00
0.0000000000e+00,0.0000000000e+00
0.0000000000e+00,0.0000000000e+00
0.0000000000e+00,0.0000000000e+00
0.0000000000e+00,0.0000000000e+00
0.0000000000e+00,0.0000000000e+00
9.9999802000e-03,0.0000000000e+00
0.0000000000e+00,0.0000000000e+00
0.0000000000e+00,0.0000000000e+00
0.0000000000e+00,4.5527858000e-04
0.0000000000e+00,1.7884002000e-03
0.0000000000e+00,3.1215218000e-03
0.0000000000e+00,3.5604432000e-03
0.0000000000e+00,3.5604432000e-03
0.0000000000e+00,3.5604432000e-03
0.0000000000e+00,3.5604432000e-03
0.0000000000e+00,3.5604432000e-03
0.0000000000e+00,3.1215218000e-03
0.0000000000e+00,1.7884002000e-03
0.0000000000e+00,4.5527858000e-04
0.0000000000e+00,0.0000000000e+00
0.0000000000e+00,0.0000000000e+00
0.0000000000e+00,0.0000000000e+00
0.0000000000e+00,0.0000000000e+00
0.0000000000e+00,0.0000000000e+00
0.0000000000e+00,0.0000000000e+00
0.0000000000e+00,0.0000000000e+00
0.0000000000e+00,0.0000000000e+00
0.0000000000e+00,0.0000000000e+00
0.0000000000e+00,0.0000000000e+00
0.0000000000e+00,0.0000000000e+00
0.0000000000e+00,0.0000000000e+00
0.0000000000e+00,0.0000000000e+00
0.0000000000e+00,4.7878310000e-04
0.0000000000e+00,1.7803090000e-03
0.0000000000e+00,3.0818349000e-03
0.0000000000e+00,3.4932061000e-03
0.0000000000e+00,3.4932061000e-03
0.0000000000e+00,3.4932061000e-03
0.0000000000e+00,3.4932061000e-03
0.0000000000e+00,3.4932061000e-03
0.0000000000e+00,3.0818349000e-03
0.0000000000e+00,1.7803090000e-03
0.0000000000e+00,4.7878310000e-04
9.9999802000e-03,0.0000000000e+00
0.0000000000e+00,0.0000000000e+00
0.0000000000e+00,0.0000000000e+00
0.0000000000e+00,0.0000000000e+00
0.0000000000e+00,0.0000000000e+00
0.0000000000e+00,0.0000000000e+00
0.0000000000e+00,0.0000000000e+00
0.0000000000e+00,0.0000000000e+00
0.0000000000e+00,0.0000000000e+00
0.0000000000e+00,0.0000000000e+00
0.0000000000e+00,0.0000000000e+00
0.0000000000e+00,0.0000000000e+00
0.0000000000e+00,0.0000000000e+00
9.9999802000e-03,5.8257033000e-04
3.9999921000e-02,2.0599777000e-03
1.9999960000e-02,3.5373850000e-03
3.9999921000e-02,3.9848033000e-03
3.9999921000e-02,3.9848033000e-03
1.9999960000e-02,3.9848033000e-03
1.9999960000e-02,3.9848033000e-03
2.9999940000e-02,3.9848033000e-03
0.0000000000e+00,3.5373850000e-03
0.0000000000e+00,2.0599777000e-03
1.9999960000e-02,5.8257033000e-04
0.0000000000e+00,0.0000000000e+00
1.9999960000e-02,0.0000000000e+00
6.9999859000e-02,0.0000000000e+00
9.9999802000e-03,0.0000000000e+00
1.9999960000e-02,0.0000000000e+00
6.9999859000e-02,0.0000000000e+00
0.0000000000e+00,0.0000000000e+00
0.0000000000e+00,0.0000000000e+00
0.0000000000e+00,0.0000000000e+00
9.9999802000e-03,0.0000000000e+00
0.0000000000e+00,0.0000000000e+00
0.0000000000e+00,0.0000000000e+00
0.0000000000e+00,0.0000000000e+00
0.0000000000e+00,7.2476518000e-04
0.0000000000e+00,2.2109244000e-03
9.9999802000e-03,3.6970838000e-03
0.0000000000e+00,4.0777810000e-03
0.0000000000e+00,4.0777810000e-03
0.0000000000e+00,4.0777810000e-03
0.0000000000e+00,4.0777810000e-03
0.0000000000e+00,4.0777810000e-03
0.0000000000e+00,3.6970838000e-03
0.0000000000e+00,2.2109244000e-03
9.9999802000e-03,7.2476518000e-04
0.0000000000e+00,0.0000000000e+00
9.9999802000e-03,0.0000000000e+00
0.0000000000e+00,0.0000000000e+00
0.0000000000e+00,0.0000000000e+00
1.9999960000e-02,0.0000000000e+00
0.0000000000e+00,0.0000000000e+00
0.0000000000e+00,0.0000000000e+00
0.0000000000e+00,0.0000000000e+00
0.0000000000e+00,0.0000000000e+00
0.0000000000e+00,0.0000000000e+00
0.0000000000e+00,0.0000000000e+00
0.0000000000e+00,0.0000000000e+00
0.0000000000e+00,0.0000000000e+00
0.0000000000e+00,7.4436737000e-04
0.0000000000e+00,2.1910190000e-03
0.0000000000e+00,3.6376705000e-03
0.0000000000e+00,3.9888127000e-03
0.0000000000e+00,3.9888127000e-03
0.0000000000e+00,3.9888127000e-03
0.0000000000e+00,3.9888127000e-03
0.0000000000e+00,3.9888127000e-03
0.0000000000e+00,3.6376705000e-03
0.0000000000e+00,2.1910190000e-03
0.0000000000e+00,7.4436737000e-04
0.0000000000e+00,0.0000000000e+00
0.0000000000e+00,0.0000000000e+00
1.9999960000e-02,0.0000000000e+00
0.0000000000e+00,0.0000000000e+00
0.0000000000e+00,0.0000000000e+00
0.0000000000e+00,0.0000000000e+00
0.0000000000e+00,0.0000000000e+00
0.0000000000e+00,0.0000000000e+00
0.0000000000e+00,0.0000000000e+00
0.0000000000e+00,0.0000000000e+00
0.0000000000e+00,0.0000000000e+00
0.0000000000e+00,0.0000000000e+00
0.0000000000e+00,0.0000000000e+00
0.0000000000e+00,8.3097443000e-04
0.0000000000e+00,2.3655801000e-03
0.0000000000e+00,3.9001855000e-03
0.0000000000e+00,4.2520012000e-03
0.0000000000e+00,4.2520012000e-03
0.0000000000e+00,4.2520012000e-03
0.0000000000e+00,4.2520012000e-03
0.0000000000e+00,4.2520012000e-03
0.0000000000e+00,3.9001855000e-03
0.0000000000e+00,2.3655801000e-03
0.0000000000e+00,8.3097443000e-04
0.0000000000e+00,0.0000000000e+00
0.0000000000e+00,0.0000000000e+00
0.0000000000e+00,0.0000000000e+00
0.0000000000e+00,0.0000000000e+00
0.0000000000e+00,0.0000000000e+00
0.0000000000e+00,0.0000000000e+00
0.0000000000e+00,0.0000000000e+00
0.0000000000e+00,0.0000000000e+00
0.0000000000e+00,0.0000000000e+00
0.0000000000e+00,0.0000000000e+00
0.0000000000e+00,0.0000000000e+00
0.0000000000e+00,0.0000000000e+00
0.0000000000e+00,0.0000000000e+00
0.0000000000e+00,8.3168235000e-04
0.0000000000e+00,2.2946026000e-03
0.0000000000e+00,3.7575231000e-03
0.0000000000e+00,4.0731421000e-03
0.0000000000e+00,4.0731421000e-03
0.0000000000e+00,4.0731421000e-03
0.0000000000e+00,4.0731421000e-03
0.0000000000e+00,4.0731421000e-03
0.0000000000e+00,3.7575231000e-03
0.0000000000e+00,2.2946026000e-03
0.0000000000e+00,8.3168235000e-04
0.0000000000e+00,0.0000000000e+00
0.0000000000e+00,0.0000000000e+00
0.0000000000e+00,0.0000000000e+00
0.0000000000e+00,0.0000000000e+00
0.0000000000e+00,0.0000000000e+00
0.0000000000e+00,0.0000000000e+00
0.0000000000e+00,0.0000000000e+00
0.0000000000e+00,0.0000000000e+00
0.0000000000e+00,0.0000000000e+00
0.0000000000e+00,0.0000000000e+00
0.0000000000e+00,0.0000000000e+00
0.0000000000e+00,0.0000000000e+00
0.0000000000e+00,0.0000000000e+00
0.0000000000e+00,8.8892784000e-04
9.9999802000e-03,2.3814361000e-03
0.0000000000e+00,3.8739443000e-03
0.0000000000e+00,4.1757342000e-03
0.0000000000e+00,4.1757342000e-03
0.0000000000e+00,4.1757342000e-03
0.0000000000e+00,4.1757342000e-03
0.0000000000e+00,4.1757342000e-03
0.0000000000e+00,3.8739443000e-03
0.0000000000e+00,2.3814361000e-03
0.0000000000e+00,8.8892784000e-04
0.0000000000e+00,0.0000000000e+00
0.0000000000e+00,0.0000000000e+00
0.0000000000e+00,0.0000000000e+00
0.0000000000e+00,0.0000000000e+00
0.0000000000e+00,0.0000000000e+00
0.0000000000e+00,0.0000000000e+00
0.0000000000e+00,0.0000000000e+00
0.0000000000e+00,0.0000000000e+00
0.0000000000e+00,0.0000000000e+00
0.0000000000e+00,0.0000000000e+00
0.0000000000e+00,0.0000000000e+00
0.0000000000e+00,0.0000000000e+00
0.0000000000e+00,0.0000000000e+00
0.0000000000e+00,9.7233168000e-04
0.0000000000e+00,2.5337061000e-03
0.0000000000e+00,4.0950808000e-03
0.0000000000e+00,4.3896022000e-03
0.0000000000e+00,4.3896022000e-03
9.9999802000e-03,4.3896022000e-03
0.0000000000e+00,4.3896022000e-03
0.0000000000e+00,4.3896022000e-03
0.0000000000e+00,4.0950808000e-03
0.0000000000e+00,2.5337061000e-03
0.0000000000e+00,9.7233168000e-04
0.0000000000e+00,0.0000000000e+00
0.0000000000e+00,0.0000000000e+00
0.0000000000e+00,0.0000000000e+00
0.0000000000e+00,0.0000000000e+00
0.0000000000e+00,0.0000000000e+00
0.0000000000e+00,0.0000000000e+00
0.0000000000e+00,0.0000000000e+00
0.0000000000e+00,0.0000000000e+00
0.0000000000e+00,0.0000000000e+00
0.0000000000e+00,0.0000000000e+00
0.0000000000e+00,0.0000000000e+00
0.0000000000e+00,0.0000000000e+00
0.0000000000e+00,0.0000000000e+00
0.0000000000e+00,1.2396080000e-03
0.0000000000e+00,3.1468554000e-03
0.0000000000e+00,5.0541027000e-03
0.0000000000e+00,5.3879223000e-03
0.0000000000e+00,5.3879223000e-03
0.0000000000e+00,5.3879223000e-03
0.0000000000e+00,5.3879223000e-03
0.0000000000e+00,5.3879223000e-03
0.0000000000e+00,5.0541027000e-03
0.0000000000e+00,3.1468554000e-03
0.0000000000e+00,1.2396080000e-03
0.0000000000e+00,0.0000000000e+00
0.0000000000e+00,0.0000000000e+00
0.0000000000e+00,0.0000000000e+00
0.0000000000e+00,0.0000000000e+00
0.0000000000e+00,0.0000000000e+00
0.0000000000e+00,0.0000000000e+00
0.0000000000e+00,0.0000000000e+00
0.0000000000e+00,0.0000000000e+00
0.0000000000e+00,0.0000000000e+00
0.0000000000e+00,0.0000000000e+00
0.0000000000e+00,0.0000000000e+00
0.0000000000e+00,0.0000000000e+00
0.0000000000e+00,0.0000000000e+00
9.9999802000e-03,1.2515462000e-03
3.9999921000e-02,3.0996518000e-03
5.9999879000e-02,4.9477578000e-03
4.9999900000e-02,5.2460376000e-03
3.9999921000e-02,5.2460376000e-03
0.0000000000e+00,5.2460376000e-03
0.0000000000e+00,5.2460376000e-03
0.0000000000e+00,5.2460376000e-03
0.0000000000e+00,4.9477578000e-03
0.0000000000e+00,3.0996518000e-03
9.9999802000e-03,1.2515462000e-03
9.9999802000e-03,0.0000000000e+00
0.0000000000e+00,0.0000000000e+00
0.0000000000e+00,0.0000000000e+00
1.9999960000e-02,0.0000000000e+00
0.0000000000e+00,0.0000000000e+00
0.0000000000e+00,0.0000000000e+00
0.0000000000e+00,0.0000000000e+00
0.0000000000e+00,0.0000000000e+00
0.0000000000e+00,0.0000000000e+00
0.0000000000e+00,0.0000000000e+00
0.0000000000e+00,0.0000000000e+00
0.0000000000e+00,0.0000000000e+00
0.0000000000e+00,0.0000000000e+00
0.0000000000e+00,1.2879649000e-03
0.0000000000e+00,3.1161304000e-03
0.0000000000e+00,4.9442956000e-03
0.0000000000e+00,5.2143959000e-03
0.0000000000e+00,5.2143959000e-03
0.0000000000e+00,5.2143959000e-03
0.0000000000e+00,5.2143959000e-03
0.0000000000e+00,5.2143959000e-03
0.0000000000e+00,4.9442956000e-03
9.9999802000e-03,3.1161304000e-03
0.0000000000e+00,1.2879649000e-03
0.0000000000e+00,0.0000000000e+00
0.0000000000e+00,0.0000000000e+00
0.0000000000e+00,0.0000000000e+00
0.0000000000e+00,0.0000000000e+00
0.0000000000e+00,0.0000000000e+00
0.0000000000e+00,0.0000000000e+00
0.0000000000e+00,0.0000000000e+00
0.0000000000e+00,0.0000000000e+00
0.0000000000e+00,0.0000000000e+00
0.0000000000e+00,0.0000000000e+00
0.0000000000e+00,0.0000000000e+00
0.0000000000e+00,0.0000000000e+00
0.0000000000e+00,0.0000000000e+00
0.0000000000e+00,1.3923038000e-03
0.0000000000e+00,3.2947117000e-03
0.0000000000e+00,5.1971194000e-03
0.0000000000e+00,5.4521714000e-03
0.0000000000e+00,5.4521714000e-03
0.0000000000e+00,5.4521714000e-03
0.0000000000e+00,5.4521714000e-03
0.0000000000e+00,5.4521714000e-03
0.0000000000e+00,5.1971194000e-03
0.0000000000e+00,3.2947117000e-03
0.0000000000e+00,1.3923038000e-03
0.0000000000e+00,0.0000000000e+00
0.0000000000e+00,0.0000000000e+00
0.0000000000e+00,0.0000000000e+00
0.0000000000e+00,0.0000000000e+00
0.0000000000e+00,0.0000000000e+00
0.0000000000e+00,0.0000000000e+00
0.0000000000e+00,0.0000000000e+00
0.0000000000e+00,0.0000000000e+00
0.0000000000e+00,0.0000000000e+00
0.0000000000e+00,0.0000000000e+00
0.0000000000e+00,0.0000000000e+00
0.0000000000e+00,0.0000000000e+00
0.0000000000e+00,0.0000000000e+00
0.0000000000e+00,1.6766300000e-03
0.0000000000e+00,3.8848841000e-03
0.0000000000e+00,6.0931384000e-03
0.0000000000e+00,6.3589504000e-03
0.0000000000e+00,6.3589504000e-03
0.0000000000e+00,6.3589504000e-03
0.0000000000e+00,6.3589504000e-03
0.0000000000e+00,6.3589504000e-03
0.0000000000e+00,6.0931384000e-03
0.0000000000e+00,3.8848841000e-03
0.0000000000e+00,1.6766300000e-03
0.0000000000e+00,0.0000000000e+00
0.0000000000e+00,0.0000000000e+00
0.0000000000e+00,0.0000000000e+00
0.0000000000e+00,0.0000000000e+00
0.0000000000e+00,0.0000000000e+00
0.0000000000e+00,0.0000000000e+00
0.0000000000e+00,0.0000000000e+00
0.0000000000e+00,0.0000000000e+00
0.0000000000e+00,0.0000000000e+00
0.0000000000e+00,0.0000000000e+00
0.0000000000e+00,0.0000000000e+00
0.0000000000e+00,0.0000000000e+00
0.0000000000e+00,0.0000000000e+00
0.0000000000e+00,1.8869663000e-03
0.0000000000e+00,4.2856014000e-03
0.0000000000e+00,6.6842362000e-03
0.0000000000e+00,6.9400710000e-03
0.0000000000e+00,6.9400710000e-03
0.0000000000e+00,6.9400710000e-03
0.0000000000e+00,6.9400710000e-03
0.0000000000e+00,6.9400710000e-03
0.0000000000e+00,6.6842362000e-03
0.0000000000e+00,4.2856014000e-03
0.0000000000e+00,1.8869663000e-03
0.0000000000e+00,0.0000000000e+00
0.0000000000e+00,0.0000000000e+00
0.0000000000e+00,0.0000000000e+00
0.0000000000e+00,0.0000000000e+00
0.0000000000e+00,0.0000000000e+00
0.0000000000e+00,0.0000000000e+00
0.0000000000e+00,0.0000000000e+00
0.0000000000e+00,0.0000000000e+00
0.0000000000e+00,0.0000000000e+00
0.0000000000e+00,0.0000000000e+00
0.0000000000e+00,0.0000000000e+00
0.0000000000e+00,0.0000000000e+00
0.0000000000e+00,0.0000000000e+00
1.9999960000e-02,1.6344502000e-03
5.9999879000e-02,3.6420231000e-03
5.9999879000e-02,5.6495960000e-03
1.9999960000e-02,5.8361576000e-03
3.9999921000e-02,5.8361576000e-03
2.9999940000e-02,5.8361576000e-03
9.9999802000e-03,5.8361576000e-03
0.0000000000e+00,5.8361576000e-03
0.0000000000e+00,5.6495960000e-03
0.0000000000e+00,3.6420231000e-03
0.0000000000e+00,1.6344502000e-03
0.0000000000e+00,0.0000000000e+00
0.0000000000e+00,0.0000000000e+00
9.9999802000e-03,0.0000000000e+00
0.0000000000e+00,0.0000000000e+00
1.9999960000e-02,0.0000000000e+00
0.0000000000e+00,0.0000000000e+00
9.9999802000e-03,0.0000000000e+00
0.0000000000e+00,0.0000000000e+00
1.9999960000e-02,0.0000000000e+00
0.0000000000e+00,0.0000000000e+00
0.0000000000e+00,0.0000000000e+00
0.0000000000e+00,0.0000000000e+00
0.0000000000e+00,0.0000000000e+00
0.0000000000e+00,1.3792779000e-03
0.0000000000e+00,3.0180980000e-03
0.0000000000e+00,4.6569179000e-03
0.0000000000e+00,4.7866888000e-03
0.0000000000e+00,4.7866888000e-03
0.0000000000e+00,4.7866888000e-03
9.9999802000e-03,4.7866888000e-03
0.0000000000e+00,4.7866888000e-03
0.0000000000e+00,4.6569179000e-03
0.0000000000e+00,3.0180980000e-03
0.0000000000e+00,1.3792779000e-03
0.0000000000e+00,0.0000000000e+00
0.0000000000e+00,0.0000000000e+00
0.0000000000e+00,0.0000000000e+00
0.0000000000e+00,0.0000000000e+00
0.0000000000e+00,0.0000000000e+00
0.0000000000e+00,0.0000000000e+00
0.0000000000e+00,0.0000000000e+00
0.0000000000e+00,0.0000000000e+00
0.0000000000e+00,0.0000000000e+00
0.0000000000e+00,0.0000000000e+00
0.0000000000e+00,0.0000000000e+00
0.0000000000e+00,0.0000000000e+00
0.0000000000e+00,0.0000000000e+00
0.0000000000e+00,1.3937427000e-03
0.0000000000e+00,2.9973343000e-03
0.0000000000e+00,4.6009258000e-03
0.0000000000e+00,4.7058505000e-03
0.0000000000e+00,4.7058505000e-03
0.0000000000e+00,4.7058505000e-03
0.0000000000e+00,4.7058505000e-03
0.0000000000e+00,4.7058505000e-03
0.0000000000e+00,4.6009258000e-03
0.0000000000e+00,2.9973343000e-03
0.0000000000e+00,1.3937427000e-03
0.0000000000e+00,0.0000000000e+00
0.0000000000e+00,0.0000000000e+00
3.9999921000e-02,0.0000000000e+00
9.9999800000e-02,0.0000000000e+00
2.9999940000e-02,0.0000000000e+00
0.0000000000e+00,0.0000000000e+00
9.9999802000e-03,0.0000000000e+00
0.0000000000e+00,0.0000000000e+00
0.0000000000e+00,0.0000000000e+00
9.9999802000e-03,0.0000000000e+00
0.0000000000e+00,0.0000000000e+00
0.0000000000e+00,0.0000000000e+00
0.0000000000e+00,0.0000000000e+00
0.0000000000e+00,1.6055395000e-03
0.0000000000e+00,3.3961036000e-03
0.0000000000e+00,5.1866677000e-03
0.0000000000e+00,5.2791801000e-03
0.0000000000e+00,5.2791801000e-03
0.0000000000e+00,5.2791801000e-03
0.0000000000e+00,5.2791801000e-03
0.0000000000e+00,5.2791801000e-03
0.0000000000e+00,5.1866677000e-03
0.0000000000e+00,3.3961036000e-03
0.0000000000e+00,1.6055395000e-03
0.0000000000e+00,0.0000000000e+00
2.9999940000e-02,0.0000000000e+00
0.0000000000e+00,0.0000000000e+00
0.0000000000e+00,0.0000000000e+00
0.0000000000e+00,0.0000000000e+00
0.0000000000e+00,0.0000000000e+00
0.0000000000e+00,0.0000000000e+00
0.0000000000e+00,0.0000000000e+00
0.0000000000e+00,0.0000000000e+00
0.0000000000e+00,0.0000000000e+00
0.0000000000e+00,0.0000000000e+00
0.0000000000e+00,0.0000000000e+00
0.0000000000e+00,0.0000000000e+00
0.0000000000e+00,1.5538024000e-03
0.0000000000e+00,3.2350237000e-03
0.0000000000e+00,4.9162451000e-03
0.0000000000e+00,4.9799546000e-03
0.0000000000e+00,4.9799546000e-03
0.0000000000e+00,4.9799546000e-03
0.0000000000e+00,4.9799546000e-03
9.9999802000e-03,4.9799546000e-03
9.9999802000e-03,4.9162451000e-03
9.9999802000e-03,3.2350237000e-03
0.0000000000e+00,1.5538024000e-03
0.0000000000e+00,0.0000000000e+00
0.0000000000e+00,0.0000000000e+00
0.0000000000e+00,0.0000000000e+00
0.0000000000e+00,0.0000000000e+00
0.0000000000e+00,0.0000000000e+00
0.0000000000e+00,0.0000000000e+00
0.0000000000e+00,0.0000000000e+00
0.0000000000e+00,0.0000000000e+00
0.0000000000e+00,0.0000000000e+00
0.0000000000e+00,0.0000000000e+00
0.0000000000e+00,0.0000000000e+00
0.0000000000e+00,0.0000000000e+00
0.0000000000e+00,0.0000000000e+00
0.0000000000e+00,1.5582569000e-03
0.0000000000e+00,3.1954853000e-03
0.0000000000e+00,4.8327134000e-03
0.0000000000e+00,4.8721991000e-03
0.0000000000e+00,4.8721991000e-03
0.0000000000e+00,4.8721991000e-03
0.0000000000e+00,4.8721991000e-03
0.0000000000e+00,4.8721991000e-03
0.0000000000e+00,4.8327134000e-03
0.0000000000e+00,3.1954853000e-03
0.0000000000e+00,1.5582569000e-03
0.0000000000e+00,0.0000000000e+00
0.0000000000e+00,0.0000000000e+00
0.0000000000e+00,0.0000000000e+00
0.0000000000e+00,0.0000000000e+00
0.0000000000e+00,0.0000000000e+00
0.0000000000e+00,0.0000000000e+00
0.0000000000e+00,0.0000000000e+00
0.0000000000e+00,0.0000000000e+00
0.0000000000e+00,0.0000000000e+00
0.0000000000e+00,0.0000000000e+00
0.0000000000e+00,0.0000000000e+00
0.0000000000e+00,0.0000000000e+00
0.0000000000e+00,0.0000000000e+00
0.0000000000e+00,1.7289958000e-03
0.0000000000e+00,3.4944899000e-03
0.0000000000e+00,5.2599842000e-03
0.0000000000e+00,5.2782334000e-03
0.0000000000e+00,5.2782334000e-03
0.0000000000e+00,5.2782334000e-03
0.0000000000e+00,5.2782334000e-03
0.0000000000e+00,5.2782334000e-03
0.0000000000e+00,5.2599842000e-03
0.0000000000e+00,3.4944899000e-03
0.0000000000e+00,1.7289958000e-03
0.0000000000e+00,0.0000000000e+00
0.0000000000e+00,0.0000000000e+00
0.0000000000e+00,0.0000000000e+00
0.0000000000e+00,0.0000000000e+00
0.0000000000e+00,0.0000000000e+00
0.0000000000e+00,0.0000000000e+00
0.0000000000e+00,0.0000000000e+00
0.0000000000e+00,0.0000000000e+00
0.0000000000e+00,0.0000000000e+00
0.0000000000e+00,0.0000000000e+00
0.0000000000e+00,0.0000000000e+00
0.0000000000e+00,0.0000000000e+00
0.0000000000e+00,1.2522619000e-05
0.0000000000e+00,1.8296265000e-03
0.0000000000e+00,3.6467304000e-03
0.0000000000e+00,5.4575731000e-03
0.0000000000e+00,5.4575731000e-03
0.0000000000e+00,5.4575731000e-03
0.0000000000e+00,5.4575731000e-03
0.0000000000e+00,5.4575731000e-03
0.0000000000e+00,5.4575731000e-03
0.0000000000e+00,5.4575731000e-03
0.0000000000e+00,3.6467304000e-03
0.0000000000e+00,1.8296265000e-03
0.0000000000e+00,1.2522619000e-05
0.0000000000e+00,0.0000000000e+00
0.0000000000e+00,0.0000000000e+00
0.0000000000e+00,0.0000000000e+00
0.0000000000e+00,0.0000000000e+00
0.0000000000e+00,0.0000000000e+00
0.0000000000e+00,0.0000000000e+00
0.0000000000e+00,0.0000000000e+00
0.0000000000e+00,0.0000000000e+00
0.0000000000e+00,0.0000000000e+00
0.0000000000e+00,0.0000000000e+00
0.0000000000e+00,0.0000000000e+00
0.0000000000e+00,5.8452450000e-05
0.0000000000e+00,1.7549295000e-03
0.0000000000e+00,3.4514065000e-03
0.0000000000e+00,5.1186574000e-03
0.0000000000e+00,5.1186574000e-03
0.0000000000e+00,5.1186574000e-03
3.9999921000e-02,5.1186574000e-03
9.9999802000e-03,5.1186574000e-03
0.0000000000e+00,5.1186574000e-03
0.0000000000e+00,5.1186574000e-03
0.0000000000e+00,3.4514065000e-03
9.9999802000e-03,1.7549295000e-03
9.9999802000e-03,5.8452450000e-05
5.9999879000e-02,0.0000000000e+00
4.9999900000e-02,0.0000000000e+00
8.9999817000e-02,0.0000000000e+00
1.9999960000e-02,0.0000000000e+00
0.0000000000e+00,0.0000000000e+00
0.0000000000e+00,0.0000000000e+00
9.9999802000e-03,0.0000000000e+00
2.9999940000e-02,0.0000000000e+00
4.9999900000e-02,0.0000000000e+00
7.9999842000e-02,0.0000000000e+00
1.9999960000e-02,0.0000000000e+00
5.9999879000e-02,1.0041802000e-04
5.9999879000e-02,1.7197012000e-03
1.9999960000e-02,3.3389844000e-03
2.9999940000e-02,4.9080588000e-03
9.9999802000e-03,4.9080588000e-03
0.0000000000e+00,4.9080588000e-03
0.0000000000e+00,4.9080588000e-03
0.0000000000e+00,4.9080588000e-03
0.0000000000e+00,4.9080588000e-03
0.0000000000e+00,4.9080588000e-03
0.0000000000e+00,3.3389844000e-03
0.0000000000e+00,1.7197012000e-03
7.9999842000e-02,1.0041802000e-04
0.0000000000e+00,0.0000000000e+00
0.0000000000e+00,0.0000000000e+00
1.9999960000e-02,0.0000000000e+00
0.0000000000e+00,0.0000000000e+00
0.0000000000e+00,0.0000000000e+00
7.9999842000e-02,0.0000000000e+00
8.9999817000e-02,0.0000000000e+00
7.9999842000e-02,0.0000000000e+00
9.9999802000e-03,0.0000000000e+00
9.9999802000e-03,0.0000000000e+00
1.2999970000e-01,0.0000000000e+00
1.9999960000e-02,1.4130733000e-04
0.0000000000e+00,1.7190403000e-03
0.0000000000e+00,3.2967734000e-03
0.0000000000e+00,4.8038526000e-03
0.0000000000e+00,4.8038526000e-03
0.0000000000e+00,4.8038526000e-03
9.9999802000e-03,4.8038526000e-03
0.0000000000e+00,4.8038526000e-03
0.0000000000e+00,4.8038526000e-03
9.9999802000e-03,4.8038526000e-03
9.9999802000e-03,3.2967734000e-03
1.9999960000e-02,1.7190403000e-03
3.9999921000e-02,1.4130733000e-04
4.9999900000e-02,0.0000000000e+00
4.9999900000e-02,0.0000000000e+00
4.9999900000e-02,0.0000000000e+00
1.9999960000e-02,0.0000000000e+00
0.0000000000e+00,0.0000000000e+00
1.9999960000e-02,0.0000000000e+00
2.9999940000e-02,0.0000000000e+00
1.9999960000e-02,0.0000000000e+00
0.0000000000e+00,0.0000000000e+00
0.0000000000e+00,0.0000000000e+00
0.0000000000e+00,0.0000000000e+00
0.0000000000e+00,1.8164878000e-04
0.0000000000e+00,1.7328745000e-03
0.0000000000e+00,3.2841002000e-03
0.0000000000e+00,4.7445013000e-03
9.9999802000e-03,4.7445013000e-03
1.9999960000e-02,4.7445013000e-03
9.9999802000e-03,4.7445013000e-03
1.9999960000e-02,4.7445013000e-03
9.9999802000e-03,4.7445013000e-03
0.0000000000e+00,4.7445013000e-03
0.0000000000e+00,3.2841002000e-03
0.0000000000e+00,1.7328745000e-03
1.9999960000e-02,1.8164878000e-04
9.9999802000e-03,0.0000000000e+00
1.9999960000e-02,0.0000000000e+00
0.0000000000e+00,0.0000000000e+00
9.9999802000e-03,0.0000000000e+00
0.0000000000e+00,0.0000000000e+00
9.9999802000e-03,0.0000000000e+00
9.9999802000e-03,0.0000000000e+00
0.0000000000e+00,0.0000000000e+00
9.9999802000e-03,0.0000000000e+00
0.0000000000e+00,0.0000000000e+00
1.9999960000e-02,0.0000000000e+00
2.9999940000e-02,2.3274083000e-04
0.0000000000e+00,1.8420706000e-03
1.9999960000e-02,3.4514004000e-03
0.0000000000e+00,4.9443599000e-03
0.0000000000e+00,4.9443599000e-03
0.0000000000e+00,4.9443599000e-03
0.0000000000e+00,4.9443599000e-03
0.0000000000e+00,4.9443599000e-03
0.0000000000e+00,4.9443599000e-03
0.0000000000e+00,4.9443599000e-03
0.0000000000e+00,3.4514004000e-03
0.0000000000e+00,1.8420706000e-03
0.0000000000e+00,2.3274083000e-04
0.0000000000e+00,0.0000000000e+00
0.0000000000e+00,0.0000000000e+00
0.0000000000e+00,0.0000000000e+00
0.0000000000e+00,0.0000000000e+00
0.0000000000e+00,0.0000000000e+00
0.0000000000e+00,0.0000000000e+00
0.0000000000e+00,0.0000000000e+00
0.0000000000e+00,0.0000000000e+00
0.0000000000e+00,0.0000000000e+00
9.9999802000e-03,0.0000000000e+00
0.0000000000e+00,0.0000000000e+00
0.0000000000e+00,2.6439241000e-04
0.0000000000e+00,1.8005025000e-03
0.0000000000e+00,3.3366128000e-03
1.9999960000e-02,4.7405269000e-03
1.9999960000e-02,4.7405269000e-03
0.0000000000e+00,4.7405269000e-03
0.0000000000e+00,4.7405269000e-03
0.0000000000e+00,4.7405269000e-03
0.0000000000e+00,4.7405269000e-03
0.0000000000e+00,4.7405269000e-03
0.0000000000e+00,3.3366128000e-03
0.0000000000e+00,1.8005025000e-03
0.0000000000e+00,2.6439241000e-04
0.0000000000e+00,0.0000000000e+00
0.0000000000e+00,0.0000000000e+00
0.0000000000e+00,0.0000000000e+00
0.0000000000e+00,0.0000000000e+00
0.0000000000e+00,0.0000000000e+00
0.0000000000e+00,0.0000000000e+00
0.0000000000e+00,0.0000000000e+00
0.0000000000e+00,0.0000000000e+00
0.0000000000e+00,0.0000000000e+00
0.0000000000e+00,0.0000000000e+00
0.0000000000e+00,0.0000000000e+00
0.0000000000e+00,3.7240874000e-04
0.0000000000e+00,2.2382655000e-03
0.0000000000e+00,4.1041221000e-03
9.9999802000e-03,5.7837744000e-03
0.0000000000e+00,5.7837744000e-03
0.0000000000e+00,5.7837744000e-03
0.0000000000e+00,5.7837744000e-03
0.0000000000e+00,5.7837744000e-03
0.0000000000e+00,5.7837744000e-03
0.0000000000e+00,5.7837744000e-03
0.0000000000e+00,4.1041221000e-03
0.0000000000e+00,2.2382655000e-03
0.0000000000e+00,3.7240874000e-04
0.0000000000e+00,0.0000000000e+00
0.0000000000e+00,0.0000000000e+00
0.0000000000e+00,0.0000000000e+00
0.0000000000e+00,0.0000000000e+00
0.0000000000e+00,0.0000000000e+00
0.0000000000e+00,0.0000000000e+00
0.0000000000e+00,0.0000000000e+00
0.0000000000e+00,0.0000000000e+00
0.0000000000e+00,0.0000000000e+00
0.0000000000e+00,0.0000000000e+00
0.0000000000e+00,0.0000000000e+00
0.0000000000e+00,4.3646109000e-04
0.0000000000e+00,2.3589006000e-03
0.0000000000e+00,4.2813402000e-03
0.0000000000e+00,5.9855487000e-03
0.0000000000e+00,5.9855487000e-03
0.0000000000e+00,5.9855487000e-03
0.0000000000e+00,5.9855487000e-03
0.0000000000e+00,5.9855487000e-03
0.0000000000e+00,5.9855487000e-03
0.0000000000e+00,5.9855487000e-03
0.0000000000e+00,4.2813402000e-03
0.0000000000e+00,2.3589006000e-03
0.0000000000e+00,4.3646109000e-04
0.0000000000e+00,0.0000000000e+00
0.0000000000e+00,0.0000000000e+00
0.0000000000e+00,0.0000000000e+00
0.0000000000e+00,0.0000000000e+00
0.0000000000e+00,0.0000000000e+00
0.0000000000e+00,0.0000000000e+00
0.0000000000e+00,0.0000000000e+00
0.0000000000e+00,0.0000000000e+00
0.0000000000e+00,0.0000000000e+00
0.0000000000e+00,0.0000000000e+00
0.0000000000e+00,0.0000000000e+00
0.0000000000e+00,5.2335393000e-04
0.0000000000e+00,2.5801975000e-03
0.0000000000e+00,4.6370411000e-03
0.0000000000e+00,6.4322078000e-03
0.0000000000e+00,6.4322078000e-03
0.0000000000e+00,6.4322078000e-03
0.0000000000e+00,6.4322078000e-03
0.0000000000e+00,6.4322078000e-03
0.0000000000e+00,6.4322078000e-03
0.0000000000e+00,6.4322078000e-03
0.0000000000e+00,4.6370411000e-03
0.0000000000e+00,2.5801975000e-03
0.0000000000e+00,5.2335393000e-04
0.0000000000e+00,0.0000000000e+00
0.0000000000e+00,0.0000000000e+00
0.0000000000e+00,0.0000000000e+00
0.0000000000e+00,0.0000000000e+00
0.0000000000e+00,0.0000000000e+00
0.0000000000e+00,0.0000000000e+00
0.0000000000e+00,0.0000000000e+00
0.0000000000e+00,0.0000000000e+00
0.0000000000e+00,0.0000000000e+00
0.0000000000e+00,0.0000000000e+00
0.0000000000e+00,0.0000000000e+00
0.0000000000e+00,5.9532496000e-04
0.0000000000e+00,2.7077738000e-03
0.0000000000e+00,4.8202225000e-03
0.0000000000e+00,6.6350093000e-03
0.0000000000e+00,6.6350093000e-03
0.0000000000e+00,6.6350093000e-03
0.0000000000e+00,6.6350093000e-03
0.0000000000e+00,6.6350093000e-03
0.0000000000e+00,6.6350093000e-03
0.0000000000e+00,6.6350093000e-03
0.0000000000e+00,4.8202225000e-03
0.0000000000e+00,2.7077738000e-03
0.0000000000e+00,5.9532496000e-04
0.0000000000e+00,0.0000000000e+00
0.0000000000e+00,0.0000000000e+00
0.0000000000e+00,0.0000000000e+00
0.0000000000e+00,0.0000000000e+00
0.0000000000e+00,0.0000000000e+00
0.0000000000e+00,0.0000000000e+00
0.0000000000e+00,0.0000000000e+00
0.0000000000e+00,0.0000000000e+00
0.0000000000e+00,0.0000000000e+00
0.0000000000e+00,0.0000000000e+00
0.0000000000e+00,0.0000000000e+00
0.0000000000e+00,6.1343046000e-04
0.0000000000e+00,2.5976945000e-03
0.0000000000e+00,4.5819590000e-03
0.0000000000e+00,6.2595080000e-03
0.0000000000e+00,6.2595080000e-03
0.0000000000e+00,6.2595080000e-03
0.0000000000e+00,6.2595080000e-03
0.0000000000e+00,6.2595080000e-03
0.0000000000e+00,6.2595080000e-03
0.0000000000e+00,6.2595080000e-03
0.0000000000e+00,4.5819590000e-03
0.0000000000e+00,2.5976945000e-03
0.0000000000e+00,6.1343046000e-04
0.0000000000e+00,0.0000000000e+00
0.0000000000e+00,0.0000000000e+00
0.0000000000e+00,0.0000000000e+00
0.0000000000e+00,0.0000000000e+00
0.0000000000e+00,0.0000000000e+00
0.0000000000e+00,0.0000000000e+00
0.0000000000e+00,0.0000000000e+00
0.0000000000e+00,0.0000000000e+00
0.0000000000e+00,0.0000000000e+00
0.0000000000e+00,0.0000000000e+00
0.0000000000e+00,0.0000000000e+00
0.0000000000e+00,4.9390923000e-04
0.0000000000e+00,2.0240091000e-03
0.0000000000e+00,3.5541088000e-03
0.0000000000e+00,4.8372541000e-03
0.0000000000e+00,4.8372541000e-03
0.0000000000e+00,4.8372541000e-03
0.0000000000e+00,4.8372541000e-03
0.0000000000e+00,4.8372541000e-03
0.0000000000e+00,4.8372541000e-03
0.0000000000e+00,4.8372541000e-03
1.5999970000e-01,3.5541088000e-03
9.9999802000e-03,2.0240091000e-03
9.9999802000e-03,4.9390923000e-04
0.0000000000e+00,0.0000000000e+00
0.0000000000e+00,0.0000000000e+00
0.0000000000e+00,0.0000000000e+00
0.0000000000e+00,0.0000000000e+00
0.0000000000e+00,0.0000000000e+00
0.0000000000e+00,0.0000000000e+00
0.0000000000e+00,0.0000000000e+00
0.0000000000e+00,0.0000000000e+00
0.0000000000e+00,0.0000000000e+00
0.0000000000e+00,0.0000000000e+00
0.0000000000e+00,0.0000000000e+00
0.0000000000e+00,5.4531975000e-04
0.0000000000e+00,2.1031357000e-03
0.0000000000e+00,3.6609517000e-03
0.0000000000e+00,4.9461075000e-03
0.0000000000e+00,4.9461075000e-03
0.0000000000e+00,4.9461075000e-03
0.0000000000e+00,4.9461075000e-03
0.0000000000e+00,4.9461075000e-03
0.0000000000e+00,4.9461075000e-03
0.0000000000e+00,4.9461075000e-03
0.0000000000e+00,3.6609517000e-03
0.0000000000e+00,2.1031357000e-03
0.0000000000e+00,5.4531975000e-04
0.0000000000e+00,0.0000000000e+00
0.0000000000e+00,0.0000000000e+00
0.0000000000e+00,0.0000000000e+00
0.0000000000e+00,0.0000000000e+00
0.0000000000e+00,0.0000000000e+00
0.0000000000e+00,0.0000000000e+00
0.0000000000e+00,0.0000000000e+00
0.0000000000e+00,0.0000000000e+00
0.0000000000e+00,0.0000000000e+00
0.0000000000e+00,0.0000000000e+00
0.0000000000e+00,0.0000000000e+00
0.0000000000e+00,6.3692295000e-04
0.0000000000e+00,2.3252124000e-03
0.0000000000e+00,4.0135016000e-03
0.0000000000e+00,5.3833295000e-03
0.0000000000e+00,5.3833295000e-03
0.0000000000e+00,5.3833295000e-03
0.0000000000e+00,5.3833295000e-03
0.0000000000e+00,5.3833295000e-03
0.0000000000e+00,5.3833295000e-03
0.0000000000e+00,5.3833295000e-03
0.0000000000e+00,4.0135016000e-03
0.0000000000e+00,2.3252124000e-03
0.0000000000e+00,6.3692295000e-04
0.0000000000e+00,0.0000000000e+00
0.0000000000e+00,0.0000000000e+00
0.0000000000e+00,0.0000000000e+00
0.0000000000e+00,0.0000000000e+00
0.0000000000e+00,0.0000000000e+00
0.0000000000e+00,0.0000000000e+00
0.0000000000e+00,0.0000000000e+00
0.0000000000e+00,0.0000000000e+00
0.0000000000e+00,0.0000000000e+00
0.0000000000e+00,0.0000000000e+00
9.9999802000e-03,0.0000000000e+00
0.0000000000e+00,7.6253078000e-04
0.0000000000e+00,2.6480847000e-03
0.0000000000e+00,4.5336382000e-03
0.0000000000e+00,6.0379268000e-03
0.0000000000e+00,6.0379268000e-03
0.0000000000e+00,6.0379268000e-03
0.0000000000e+00,6.0379268000e-03
0.0000000000e+00,6.0379268000e-03
0.0000000000e+00,6.0379268000e-03
0.0000000000e+00,6.0379268000e-03
0.0000000000e+00,4.5336382000e-03
0.0000000000e+00,2.6480847000e-03
0.0000000000e+00,7.6253078000e-04
0.0000000000e+00,0.0000000000e+00
0.0000000000e+00,0.0000000000e+00
0.0000000000e+00,0.0000000000e+00
0.0000000000e+00,0.0000000000e+00
0.0000000000e+00,0.0000000000e+00
0.0000000000e+00,0.0000000000e+00
0.0000000000e+00,0.0000000000e+00
0.0000000000e+00,0.0000000000e+00
0.0000000000e+00,0.0000000000e+00
0.0000000000e+00,0.0000000000e+00
0.0000000000e+00,0.0000000000e+00
3.9999921000e-02,8.5376261000e-04
9.9999802000e-03,2.8323927000e-03
9.9999802000e-03,4.8110229000e-03
3.9999921000e-02,6.3627721000e-03
1.9999960000e-02,6.3627721000e-03
2.9999940000e-02,6.3627721000e-03
1.9999960000e-02,6.3627721000e-03
4.9999900000e-02,6.3627721000e-03
5.9999879000e-02,6.3627721000e-03
2.9999940000e-02,6.3627721000e-03
5.9999879000e-02,4.8110229000e-03
0.0000000000e+00,2.8323927000e-03
0.0000000000e+00,8.5376261000e-04
0.0000000000e+00,0.0000000000e+00
0.0000000000e+00,0.0000000000e+00
0.0000000000e+00,0.0000000000e+00
0.0000000000e+00,0.0000000000e+00
0.0000000000e+00,0.0000000000e+00
0.0000000000e+00,0.0000000000e+00
0.0000000000e+00,0.0000000000e+00
0.0000000000e+00,0.0000000000e+00
1.9999960000e-02,0.0000000000e+00
2.9999940000e-02,0.0000000000e+00
1.9999960000e-02,0.0000000000e+00
0.0000000000e+00,1.0059020000e-03
9.9999802000e-03,3.1997545000e-03
9.9999802000e-03,5.3936071000e-03
0.0000000000e+00,7.0845089000e-03
0.0000000000e+00,7.0845089000e-03
0.0000000000e+00,7.0845089000e-03
0.0000000000e+00,7.0845089000e-03
0.0000000000e+00,7.0845089000e-03
9.9999802000e-03,7.0845089000e-03
0.0000000000e+00,7.0845089000e-03
0.0000000000e+00,5.3936071000e-03
0.0000000000e+00,3.1997545000e-03
0.0000000000e+00,1.0059020000e-03
0.0000000000e+00,0.0000000000e+00
0.0000000000e+00,0.0000000000e+00
0.0000000000e+00,0.0000000000e+00
0.0000000000e+00,0.0000000000e+00
0.0000000000e+00,0.0000000000e+00
1.3999970000e-01,0.0000000000e+00
9.9999800000e-02,0.0000000000e+00
9.9999802000e-03,0.0000000000e+00
1.0999980000e-01,0.0000000000e+00
6.9999859000e-02,0.0000000000e+00
0.0000000000e+00,0.0000000000e+00
0.0000000000e+00,9.5176836000e-04
0.0000000000e+00,2.9123388000e-03
0.0000000000e+00,4.8729093000e-03
0.0000000000e+00,6.3575958000e-03
3.9999921000e-02,6.3575958000e-03
2.9999940000e-02,6.3575958000e-03
1.9999960000e-02,6.3575958000e-03
0.0000000000e+00,6.3575958000e-03
0.0000000000e+00,6.3575958000e-03
9.9999800000e-02,6.3575958000e-03
8.9999817000e-02,4.8729093000e-03
7.9999842000e-02,2.9123388000e-03
1.2999970000e-01,9.5176836000e-04
1.6999970000e-01,0.0000000000e+00
8.9999817000e-02,0.0000000000e+00
1.4999970000e-01,0.0000000000e+00
1.5999970000e-01,0.0000000000e+00
8.9999817000e-02,0.0000000000e+00
7.9999842000e-02,0.0000000000e+00
3.9999921000e-02,0.0000000000e+00
4.9999900000e-02,0.0000000000e+00
2.9999940000e-02,0.0000000000e+00
9.9999802000e-03,0.0000000000e+00
4.9999900000e-02,0.0000000000e+00
7.9999842000e-02,8.6830399000e-04
1.0999980000e-01,2.5631406000e-03
3.9999921000e-02,4.2579775000e-03
9.9999802000e-03,5.5186618000e-03
0.0000000000e+00,5.5186618000e-03
0.0000000000e+00,5.5186618000e-03
0.0000000000e+00,5.5186618000e-03
0.0000000000e+00,5.5186618000e-03
0.0000000000e+00,5.5186618000e-03
0.0000000000e+00,5.5186618000e-03
0.0000000000e+00,4.2579775000e-03
0.0000000000e+00,2.5631406000e-03
0.0000000000e+00,8.6830399000e-04
0.0000000000e+00,0.0000000000e+00
0.0000000000e+00,0.0000000000e+00
0.0000000000e+00,0.0000000000e+00
0.0000000000e+00,0.0000000000e+00
0.0000000000e+00,0.0000000000e+00
0.0000000000e+00,0.0000000000e+00
0.0000000000e+00,0.0000000000e+00
0.0000000000e+00,0.0000000000e+00
0.0000000000e+00,0.0000000000e+00
0.0000000000e+00,0.0000000000e+00
0.0000000000e+00,0.0000000000e+00
0.0000000000e+00,1.1942029000e-03
0.0000000000e+00,3.4093440000e-03
0.0000000000e+00,5.6244847000e-03
0.0000000000e+00,7.2425245000e-03
0.0000000000e+00,7.2425245000e-03
0.0000000000e+00,7.2425245000e-03
0.0000000000e+00,7.2425245000e-03
0.0000000000e+00,7.2425245000e-03
0.0000000000e+00,7.2425245000e-03
0.0000000000e+00,7.2425245000e-03
0.0000000000e+00,5.6244847000e-03
0.0000000000e+00,3.4093440000e-03
0.0000000000e+00,1.1942029000e-03
0.0000000000e+00,0.0000000000e+00
0.0000000000e+00,0.0000000000e+00
0.0000000000e+00,0.0000000000e+00
0.0000000000e+00,0.0000000000e+00
0.0000000000e+00,0.0000000000e+00
0.0000000000e+00,0.0000000000e+00
0.0000000000e+00,0.0000000000e+00
0.0000000000e+00,0.0000000000e+00
9.9999802000e-03,0.0000000000e+00
0.0000000000e+00,0.0000000000e+00
9.9999802000e-03,0.0000000000e+00
2.9999940000e-02,1.2289708000e-03
2.9999940000e-02,3.4010347000e-03
1.9999960000e-02,5.5730990000e-03
0.0000000000e+00,7.1306778000e-03
9.9999802000e-03,7.1306778000e-03
5.9999879000e-02,7.1306778000e-03
0.0000000000e+00,7.1306778000e-03
0.0000000000e+00,7.1306778000e-03
0.0000000000e+00,7.1306778000e-03
0.0000000000e+00,7.1306778000e-03
0.0000000000e+00,5.5730990000e-03
0.0000000000e+00,3.4010347000e-03
0.0000000000e+00,1.2289708000e-03
0.0000000000e+00,0.0000000000e+00
0.0000000000e+00,0.0000000000e+00
0.0000000000e+00,0.0000000000e+00
0.0000000000e+00,0.0000000000e+00
0.0000000000e+00,0.0000000000e+00
0.0000000000e+00,0.0000000000e+00
0.0000000000e+00,0.0000000000e+00
0.0000000000e+00,0.0000000000e+00
0.0000000000e+00,0.0000000000e+00
0.0000000000e+00,0.0000000000e+00
0.0000000000e+00,0.0000000000e+00
0.0000000000e+00,1.1588988000e-03
0.0000000000e+00,3.1151315000e-03
0.0000000000e+00,5.0713639000e-03
0.0000000000e+00,6.4481474000e-03
0.0000000000e+00,6.4481474000e-03
9.9999802000e-03,6.4481474000e-03
0.0000000000e+00,6.4481474000e-03
0.0000000000e+00,6.4481474000e-03
9.9999802000e-03,6.4481474000e-03
1.9999960000e-02,6.4481474000e-03
2.9999940000e-02,5.0713639000e-03
1.9999960000e-02,3.1151315000e-03
8.9999817000e-02,1.1588988000e-03
2.9999940000e-02,0.0000000000e+00
0.0000000000e+00,0.0000000000e+00
0.0000000000e+00,0.0000000000e+00
9.9999802000e-03,0.0000000000e+00
0.0000000000e+00,0.0000000000e+00
1.9999960000e-02,0.0000000000e+00
2.9999940000e-02,0.0000000000e+00
0.0000000000e+00,0.0000000000e+00
9.9999802000e-03,0.0000000000e+00
0.0000000000e+00,0.0000000000e+00
0.0000000000e+00,0.0000000000e+00
1.9999960000e-02,1.0218808000e-03
1.9999960000e-02,2.6729484000e-03
1.9999960000e-02,4.3240162000e-03
0.0000000000e+00,5.4641431000e-03
0.0000000000e+00,5.4641431000e-03
9.9999802000e-03,5.4641431000e-03
3.9999921000e-02,5.4641431000e-03
1.9999960000e-02,5.4641431000e-03
0.0000000000e+00,5.4641431000e-03
0.0000000000e+00,5.4641431000e-03
0.0000000000e+00,4.3240162000e-03
0.0000000000e+00,2.6729484000e-03
0.0000000000e+00,1.0218808000e-03
0.0000000000e+00,0.0000000000e+00
0.0000000000e+00,0.0000000000e+00
0.0000000000e+00,0.0000000000e+00
0.0000000000e+00,0.0000000000e+00
0.0000000000e+00,0.0000000000e+00
0.0000000000e+00,0.0000000000e+00
0.0000000000e+00,0.0000000000e+00
0.0000000000e+00,0.0000000000e+00
0.0000000000e+00,0.0000000000e+00
9.9999802000e-03,0.0000000000e+00
2.9999940000e-02,0.0000000000e+00
3.9999921000e-02,1.1771264000e-03
9.9999802000e-03,3.0012098000e-03
0.0000000000e+00,4.8252931000e-03
0.0000000000e+00,6.0608136000e-03
9.9999802000e-03,6.0608136000e-03
0.0000000000e+00,6.0608136000e-03
0.0000000000e+00,6.0608136000e-03
0.0000000000e+00,6.0608136000e-03
0.0000000000e+00,6.0608136000e-03
0.0000000000e+00,6.0608136000e-03
0.0000000000e+00,4.8252931000e-03
0.0000000000e+00,3.0012098000e-03
0.0000000000e+00,1.1771264000e-03
0.0000000000e+00,0.0000000000e+00
0.0000000000e+00,0.0000000000e+00
0.0000000000e+00,0.0000000000e+00
0.0000000000e+00,0.0000000000e+00
0.0000000000e+00,0.0000000000e+00
0.0000000000e+00,0.0000000000e+00
0.0000000000e+00,0.0000000000e+00
0.0000000000e+00,0.0000000000e+00
0.0000000000e+00,0.0000000000e+00
0.0000000000e+00,0.0000000000e+00
0.0000000000e+00,0.0000000000e+00
0.0000000000e+00,1.4209845000e-03
0.0000000000e+00,3.5367443000e-03
0.0000000000e+00,5.6525040000e-03
0.0000000000e+00,7.0577720000e-03
0.0000000000e+00,7.0577720000e-03
0.0000000000e+00,7.0577720000e-03
0.0000000000e+00,7.0577720000e-03
0.0000000000e+00,7.0577720000e-03
0.0000000000e+00,7.0577720000e-03
9.9999802000e-03,7.0577720000e-03
9.9999802000e-03,5.6525040000e-03
4.9999900000e-02,3.5367443000e-03
0.0000000000e+00,1.4209845000e-03
9.9999802000e-03,0.0000000000e+00
2.9999940000e-02,0.0000000000e+00
3.9999921000e-02,0.0000000000e+00
5.9999879000e-02,0.0000000000e+00
9.9999802000e-03,0.0000000000e+00
8.9999817000e-02,0.0000000000e+00
1.9999960000e-02,0.0000000000e+00
0.0000000000e+00,0.0000000000e+00
0.0000000000e+00,0.0000000000e+00
0.0000000000e+00,0.0000000000e+00
0.0000000000e+00,0.0000000000e+00
0.0000000000e+00,1.3061421000e-03
0.0000000000e+00,3.1779485000e-03
9.9999802000e-03,5.0497553000e-03
4.9999900000e-02,6.2684906000e-03
3.9999921000e-02,6.2684906000e-03
3.9999921000e-02,6.2684906000e-03
2.9999940000e-02,6.2684906000e-03
2.9999940000e-02,6.2684906000e-03
3.9999921000e-02,6.2684906000e-03
1.9999960000e-02,6.2684906000e-03
9.9999802000e-03,5.0497553000e-03
0.0000000000e+00,3.1779485000e-03
5.9999879000e-02,1.3061421000e-03
1.1999980000e-01,0.0000000000e+00
0.0000000000e+00,0.0000000000e+00
0.0000000000e+00,0.0000000000e+00
0.0000000000e+00,0.0000000000e+00
9.9999802000e-03,0.0000000000e+00
4.9999900000e-02,0.0000000000e+00
9.9999800000e-02,0.0000000000e+00
1.1999980000e-01,0.0000000000e+00
9.9999800000e-02,0.0000000000e+00
2.9999940000e-02,0.0000000000e+00
0.0000000000e+00,0.0000000000e+00
9.9999802000e-03,1.2268154000e-03
0.0000000000e+00,2.9216520000e-03
0.0000000000e+00,4.6164887000e-03
0.0000000000e+00,5.6979177000e-03
9.9999802000e-03,5.6979177000e-03
0.0000000000e+00,5.6979177000e-03
0.0000000000e+00,5.6979177000e-03
0.0000000000e+00,5.6979177000e-03
0.0000000000e+00,5.6979177000e-03
9.9999802000e-03,5.6979177000e-03
0.0000000000e+00,4.6164887000e-03
0.0000000000e+00,2.9216520000e-03
0.0000000000e+00,1.2268154000e-03
0.0000000000e+00,0.0000000000e+00
0.0000000000e+00,0.0000000000e+00
0.0000000000e+00,0.0000000000e+00
0.0000000000e+00,0.0000000000e+00
0.0000000000e+00,0.0000000000e+00
0.0000000000e+00,0.0000000000e+00
0.0000000000e+00,0.0000000000e+00
0.0000000000e+00,0.0000000000e+00
0.0000000000e+00,0.0000000000e+00
0.0000000000e+00,0.0000000000e+00
0.0000000000e+00,0.0000000000e+00
0.0000000000e+00,1.3326820000e-03
0.0000000000e+00,3.1101031000e-03
0.0000000000e+00,4.8875241000e-03
0.0000000000e+00,5.9986040000e-03
0.0000000000e+00,5.9986040000e-03
9.9999802000e-03,5.9986040000e-03
0.0000000000e+00,5.9986040000e-03
0.0000000000e+00,5.9986040000e-03
0.0000000000e+00,5.9986040000e-03
0.0000000000e+00,5.9986040000e-03
0.0000000000e+00,4.8875241000e-03
0.0000000000e+00,3.1101031000e-03
0.0000000000e+00,1.3326820000e-03
0.0000000000e+00,0.0000000000e+00
0.0000000000e+00,0.0000000000e+00
0.0000000000e+00,0.0000000000e+00
0.0000000000e+00,0.0000000000e+00
0.0000000000e+00,0.0000000000e+00
0.0000000000e+00,0.0000000000e+00
0.0000000000e+00,0.0000000000e+00
0.0000000000e+00,0.0000000000e+00
0.0000000000e+00,0.0000000000e+00
0.0000000000e+00,0.0000000000e+00
0.0000000000e+00,0.0000000000e+00
0.0000000000e+00,1.5105046000e-03
0.0000000000e+00,3.4580869000e-03
0.0000000000e+00,5.4056691000e-03
0.0000000000e+00,6.5979990000e-03
0.0000000000e+00,6.5979990000e-03
0.0000000000e+00,6.5979990000e-03
0.0000000000e+00,6.5979990000e-03
0.0000000000e+00,6.5979990000e-03
0.0000000000e+00,6.5979990000e-03
0.0000000000e+00,6.5979990000e-03
0.0000000000e+00,5.4056691000e-03
0.0000000000e+00,3.4580869000e-03
0.0000000000e+00,1.5105046000e-03
0.0000000000e+00,0.0000000000e+00
0.0000000000e+00,0.0000000000e+00
0.0000000000e+00,0.0000000000e+00
0.0000000000e+00,0.0000000000e+00
0.0000000000e+00,0.0000000000e+00
0.0000000000e+00,0.0000000000e+00
0.0000000000e+00,0.0000000000e+00
0.0000000000e+00,0.0000000000e+00
0.0000000000e+00,0.0000000000e+00
0.0000000000e+00,0.0000000000e+00
0.0000000000e+00,0.0000000000e+00
0.0000000000e+00,1.6630981000e-03
0.0000000000e+00,3.7387684000e-03
0.0000000000e+00,5.8144387000e-03
0.0000000000e+00,7.0585599000e-03
0.0000000000e+00,7.0585599000e-03
0.0000000000e+00,7.0585599000e-03
0.0000000000e+00,7.0585599000e-03
0.0000000000e+00,7.0585599000e-03
0.0000000000e+00,7.0585599000e-03
0.0000000000e+00,7.0585599000e-03
0.0000000000e+00,5.8144387000e-03
0.0000000000e+00,3.7387684000e-03
0.0000000000e+00,1.6630981000e-03
0.0000000000e+00,0.0000000000e+00
0.0000000000e+00,0.0000000000e+00
0.0000000000e+00,0.0000000000e+00
0.0000000000e+00,0.0000000000e+00
0.0000000000e+00,0.0000000000e+00
0.0000000000e+00,0.0000000000e+00
0.0000000000e+00,0.0000000000e+00
0.0000000000e+00,0.0000000000e+00
0.0000000000e+00,0.0000000000e+00
0.0000000000e+00,0.0000000000e+00
0.0000000000e+00,0.0000000000e+00
0.0000000000e+00,1.7491872000e-03
0.0000000000e+00,3.8649472000e-03
0.0000000000e+00,5.9807072000e-03
0.0000000000e+00,7.2218738000e-03
0.0000000000e+00,7.2218738000e-03
0.0000000000e+00,7.2218738000e-03
0.0000000000e+00,7.2218738000e-03
0.0000000000e+00,7.2218738000e-03
0.0000000000e+00,7.2218738000e-03
0.0000000000e+00,7.2218738000e-03
0.0000000000e+00,5.9807072000e-03
0.0000000000e+00,3.8649472000e-03
0.0000000000e+00,1.7491872000e-03
0.0000000000e+00,0.0000000000e+00
0.0000000000e+00,0.0000000000e+00
0.0000000000e+00,0.0000000000e+00
0.0000000000e+00,0.0000000000e+00
0.0000000000e+00,0.0000000000e+00
0.0000000000e+00,0.0000000000e+00
0.0000000000e+00,0.0000000000e+00
0.0000000000e+00,0.0000000000e+00
0.0000000000e+00,0.0000000000e+00
0.0000000000e+00,0.0000000000e+00
0.0000000000e+00,0.0000000000e+00
0.0000000000e+00,1.6945243000e-03
0.0000000000e+00,3.6831801000e-03
0.0000000000e+00,5.6718360000e-03
0.0000000000e+00,6.8132295000e-03
0.0000000000e+00,6.8132295000e-03
0.0000000000e+00,6.8132295000e-03
0.0000000000e+00,6.8132295000e-03
0.0000000000e+00,6.8132295000e-03
0.0000000000e+00,6.8132295000e-03
0.0000000000e+00,6.8132295000e-03
0.0000000000e+00,5.6718360000e-03
0.0000000000e+00,3.6831801000e-03
0.0000000000e+00,1.6945243000e-03
0.0000000000e+00,0.0000000000e+00
0.0000000000e+00,0.0000000000e+00
0.0000000000e+00,0.0000000000e+00
0.0000000000e+00,0.0000000000e+00
0.0000000000e+00,0.0000000000e+00
0.0000000000e+00,0.0000000000e+00
0.0000000000e+00,0.0000000000e+00
0.0000000000e+00,0.0000000000e+00
0.0000000000e+00,0.0000000000e+00
0.0000000000e+00,0.0000000000e+00
0.0000000000e+00,0.0000000000e+00
0.0000000000e+00,1.7852454000e-03
0.0000000000e+00,3.8202051000e-03
0.0000000000e+00,5.8551650000e-03
0.0000000000e+00,6.9975019000e-03
0.0000000000e+00,6.9975019000e-03
0.0000000000e+00,6.9975019000e-03
0.0000000000e+00,6.9975019000e-03
0.0000000000e+00,6.9975019000e-03
0.0000000000e+00,6.9975019000e-03
0.0000000000e+00,6.9975019000e-03
0.0000000000e+00,5.8551650000e-03
0.0000000000e+00,3.8202051000e-03
0.0000000000e+00,1.7852454000e-03
0.0000000000e+00,0.0000000000e+00
0.0000000000e+00,0.0000000000e+00
0.0000000000e+00,0.0000000000e+00
0.0000000000e+00,0.0000000000e+00
0.0000000000e+00,0.0000000000e+00
0.0000000000e+00,0.0000000000e+00
0.0000000000e+00,0.0000000000e+00
0.0000000000e+00,0.0000000000e+00
0.0000000000e+00,0.0000000000e+00
0.0000000000e+00,0.0000000000e+00
0.0000000000e+00,0.0000000000e+00
0.0000000000e+00,2.1115497000e-03
0.0000000000e+00,4.4517042000e-03
0.0000000000e+00,6.7918589000e-03
0.0000000000e+00,8.0762384000e-03
0.0000000000e+00,8.0762384000e-03
0.0000000000e+00,8.0762384000e-03
0.0000000000e+00,8.0762384000e-03
0.0000000000e+00,8.0762384000e-03
0.0000000000e+00,8.0762384000e-03
0.0000000000e+00,8.0762384000e-03
0.0000000000e+00,6.7918589000e-03
0.0000000000e+00,4.4517042000e-03
0.0000000000e+00,2.1115497000e-03
0.0000000000e+00,0.0000000000e+00
0.0000000000e+00,0.0000000000e+00
0.0000000000e+00,0.0000000000e+00
0.0000000000e+00,0.0000000000e+00
0.0000000000e+00,0.0000000000e+00
0.0000000000e+00,0.0000000000e+00
0.0000000000e+00,0.0000000000e+00
0.0000000000e+00,0.0000000000e+00
0.0000000000e+00,0.0000000000e+00
0.0000000000e+00,0.0000000000e+00
0.0000000000e+00,0.0000000000e+00
0.0000000000e+00,2.6129112000e-03
0.0000000000e+00,5.4310965000e-03
0.0000000000e+00,8.2492828000e-03
0.0000000000e+00,9.7610122000e-03
0.0000000000e+00,9.7610122000e-03
0.0000000000e+00,9.7610122000e-03
0.0000000000e+00,9.7610122000e-03
0.0000000000e+00,9.7610122000e-03
0.0000000000e+00,9.7610122000e-03
0.0000000000e+00,9.7610122000e-03
0.0000000000e+00,8.2492828000e-03
0.0000000000e+00,5.4310965000e-03
0.0000000000e+00,2.6129112000e-03
0.0000000000e+00,0.0000000000e+00
0.0000000000e+00,0.0000000000e+00
0.0000000000e+00,0.0000000000e+00
0.0000000000e+00,0.0000000000e+00
0.0000000000e+00,0.0000000000e+00
0.0000000000e+00,0.0000000000e+00
0.0000000000e+00,0.0000000000e+00
0.0000000000e+00,0.0000000000e+00
0.0000000000e+00,0.0000000000e+00
0.0000000000e+00,0.0000000000e+00
0.0000000000e+00,0.0000000000e+00
0.0000000000e+00,3.1334013000e-03
0.0000000000e+00,6.4253896000e-03
0.0000000000e+00,9.7173778000e-03
0.0000000000e+00,1.1442665000e-02
0.0000000000e+00,1.1442665000e-02
0.0000000000e+00,1.1442665000e-02
0.0000000000e+00,1.1442665000e-02
0.0000000000e+00,1.1442665000e-02
0.0000000000e+00,1.1442665000e-02
0.0000000000e+00,1.1442665000e-02
0.0000000000e+00,9.7173778000e-03
0.0000000000e+00,6.4253896000e-03
0.0000000000e+00,3.1334013000e-03
0.0000000000e+00,0.0000000000e+00
0.0000000000e+00,0.0000000000e+00
0.0000000000e+00,0.0000000000e+00
0.0000000000e+00,0.0000000000e+00
0.0000000000e+00,0.0000000000e+00
0.0000000000e+00,0.0000000000e+00
0.0000000000e+00,0.0000000000e+00
0.0000000000e+00,0.0000000000e+00
0.0000000000e+00,0.0000000000e+00
0.0000000000e+00,0.0000000000e+00
0.0000000000e+00,0.0000000000e+00
0.0000000000e+00,3.3827273000e-03
0.0000000000e+00,6.8475669000e-03
0.0000000000e+00,1.0312406000e-02
0.0000000000e+00,1.2085883000e-02
0.0000000000e+00,1.2085883000e-02
0.0000000000e+00,1.2085883000e-02
0.0000000000e+00,1.2085883000e-02
0.0000000000e+00,1.2085883000e-02
0.0000000000e+00,1.2085883000e-02
0.0000000000e+00,1.2085883000e-02
0.0000000000e+00,1.0312406000e-02
0.0000000000e+00,6.8475669000e-03
0.0000000000e+00,3.3827273000e-03
0.0000000000e+00,0.0000000000e+00
0.0000000000e+00,0.0000000000e+00
0.0000000000e+00,0.0000000000e+00
0.0000000000e+00,0.0000000000e+00
0.0000000000e+00,0.0000000000e+00
0.0000000000e+00,0.0000000000e+00
0.0000000000e+00,0.0000000000e+00
0.0000000000e+00,0.0000000000e+00
0.0000000000e+00,0.0000000000e+00
0.0000000000e+00,0.0000000000e+00
0.0000000000e+00,1.3504465000e-06
0.0000000000e+00,2.3400590000e-03
0.0000000000e+00,4.6787676000e-03
0.0000000000e+00,7.0174760000e-03
0.0000000000e+00,8.1861550000e-03
0.0000000000e+00,8.1861550000e-03
0.0000000000e+00,8.1861550000e-03
0.0000000000e+00,8.1861550000e-03
0.0000000000e+00,8.1861550000e-03
0.0000000000e+00,8.1861550000e-03
1.9999960000e-02,8.1861550000e-03
9.9999802000e-03,7.0174760000e-03
0.0000000000e+00,4.6787676000e-03
0.0000000000e+00,2.3400590000e-03
0.0000000000e+00,1.3504465000e-06
0.0000000000e+00,0.0000000000e+00
0.0000000000e+00,0.0000000000e+00
0.0000000000e+00,0.0000000000e+00
0.0000000000e+00,0.0000000000e+00
0.0000000000e+00,0.0000000000e+00
0.0000000000e+00,0.0000000000e+00
0.0000000000e+00,0.0000000000e+00
0.0000000000e+00,0.0000000000e+00
0.0000000000e+00,0.0000000000e+00
0.0000000000e+00,4.8613361000e-05
0.0000000000e+00,2.0209996000e-03
0.0000000000e+00,3.9933859000e-03
0.0000000000e+00,5.9657721000e-03
0.0000000000e+00,6.9276588000e-03
0.0000000000e+00,6.9276588000e-03
0.0000000000e+00,6.9276588000e-03
0.0000000000e+00,6.9276588000e-03
0.0000000000e+00,6.9276588000e-03
0.0000000000e+00,6.9276588000e-03
0.0000000000e+00,6.9276588000e-03
0.0000000000e+00,5.9657721000e-03
0.0000000000e+00,3.9933859000e-03
0.0000000000e+00,2.0209996000e-03
3.9999921000e-02,4.8613361000e-05
9.9999802000e-03,0.0000000000e+00
0.0000000000e+00,0.0000000000e+00
0.0000000000e+00,0.0000000000e+00
0.0000000000e+00,0.0000000000e+00
0.0000000000e+00,0.0000000000e+00
0.0000000000e+00,0.0000000000e+00
0.0000000000e+00,0.0000000000e+00
0.0000000000e+00,0.0000000000e+00
0.0000000000e+00,0.0000000000e+00
0.0000000000e+00,8.2096383000e-05
0.0000000000e+00,1.7747482000e-03
0.0000000000e+00,3.4673999000e-03
0.0000000000e+00,5.1600519000e-03
0.0000000000e+00,5.9653292000e-03
0.0000000000e+00,5.9653292000e-03
0.0000000000e+00,5.9653292000e-03
9.9999802000e-03,5.9653292000e-03
0.0000000000e+00,5.9653292000e-03
1.9999960000e-02,5.9653292000e-03
2.9999940000e-02,5.9653292000e-03
0.0000000000e+00,5.1600519000e-03
0.0000000000e+00,3.4673999000e-03
0.0000000000e+00,1.7747482000e-03
0.0000000000e+00,8.2096383000e-05
0.0000000000e+00,0.0000000000e+00
0.0000000000e+00,0.0000000000e+00
0.0000000000e+00,0.0000000000e+00
0.0000000000e+00,0.0000000000e+00
0.0000000000e+00,0.0000000000e+00
0.0000000000e+00,0.0000000000e+00
0.0000000000e+00,0.0000000000e+00
0.0000000000e+00,0.0000000000e+00
0.0000000000e+00,0.0000000000e+00
0.0000000000e+00,1.4048502000e-04
0.0000000000e+00,2.0880674000e-03
0.0000000000e+00,4.0356498000e-03
0.0000000000e+00,5.9832321000e-03
0.0000000000e+00,6.8867807000e-03
0.0000000000e+00,6.8867807000e-03
0.0000000000e+00,6.8867807000e-03
0.0000000000e+00,6.8867807000e-03
0.0000000000e+00,6.8867807000e-03
0.0000000000e+00,6.8867807000e-03
0.0000000000e+00,6.8867807000e-03
0.0000000000e+00,5.9832321000e-03
0.0000000000e+00,4.0356498000e-03
0.0000000000e+00,2.0880674000e-03
0.0000000000e+00,1.4048502000e-04
0.0000000000e+00,0.0000000000e+00
0.0000000000e+00,0.0000000000e+00
0.0000000000e+00,0.0000000000e+00
0.0000000000e+00,0.0000000000e+00
0.0000000000e+00,0.0000000000e+00
0.0000000000e+00,0.0000000000e+00
0.0000000000e+00,0.0000000000e+00
0.0000000000e+00,0.0000000000e+00
0.0000000000e+00,0.0000000000e+00
0.0000000000e+00,2.4611858000e-04
0.0000000000e+00,2.5432275000e-03
0.0000000000e+00,4.8403363000e-03
0.0000000000e+00,7.1374453000e-03
0.0000000000e+00,8.1629409000e-03
0.0000000000e+00,8.1629409000e-03
0.0000000000e+00,8.1629409000e-03
0.0000000000e+00,8.1629409000e-03
0.0000000000e+00,8.1629409000e-03
0.0000000000e+00,8.1629409000e-03
0.0000000000e+00,8.1629409000e-03
0.0000000000e+00,7.1374453000e-03
0.0000000000e+00,4.8403363000e-03
0.0000000000e+00,2.5432275000e-03
0.0000000000e+00,2.4611858000e-04
0.0000000000e+00,0.0000000000e+00
0.0000000000e+00,0.0000000000e+00
0.0000000000e+00,0.0000000000e+00
0.0000000000e+00,0.0000000000e+00
0.0000000000e+00,0.0000000000e+00
0.0000000000e+00,0.0000000000e+00
0.0000000000e+00,0.0000000000e+00
0.0000000000e+00,0.0000000000e+00
0.0000000000e+00,0.0000000000e+00
0.0000000000e+00,3.3210893000e-04
0.0000000000e+00,2.8832960000e-03
0.0000000000e+00,5.4344828000e-03
0.0000000000e+00,7.9856701000e-03
0.0000000000e+00,9.0952087000e-03
0.0000000000e+00,9.0952087000e-03
0.0000000000e+00,9.0952087000e-03
0.0000000000e+00,9.0952087000e-03
0.0000000000e+00,9.0952087000e-03
0.0000000000e+00,9.0952087000e-03
0.0000000000e+00,9.0952087000e-03
0.0000000000e+00,7.9856701000e-03
0.0000000000e+00,5.4344828000e-03
0.0000000000e+00,2.8832960000e-03
0.0000000000e+00,3.3210893000e-04
0.0000000000e+00,0.0000000000e+00
0.0000000000e+00,0.0000000000e+00
0.0000000000e+00,0.0000000000e+00
0.0000000000e+00,0.0000000000e+00
0.0000000000e+00,0.0000000000e+00
0.0000000000e+00,0.0000000000e+00
0.0000000000e+00,0.0000000000e+00
0.0000000000e+00,0.0000000000e+00
0.0000000000e+00,0.0000000000e+00
0.0000000000e+00,4.5419755000e-04
0.0000000000e+00,3.4235907000e-03
0.0000000000e+00,6.3929842000e-03
0.0000000000e+00,9.3623772000e-03
0.0000000000e+00,1.0619975000e-02
0.0000000000e+00,1.0619975000e-02
0.0000000000e+00,1.0619975000e-02
0.0000000000e+00,1.0619975000e-02
0.0000000000e+00,1.0619975000e-02
0.0000000000e+00,1.0619975000e-02
0.0000000000e+00,1.0619975000e-02
0.0000000000e+00,9.3623772000e-03
0.0000000000e+00,6.3929842000e-03
0.0000000000e+00,3.4235907000e-03
0.0000000000e+00,4.5419755000e-04
0.0000000000e+00,0.0000000000e+00
0.0000000000e+00,0.0000000000e+00
0.0000000000e+00,0.0000000000e+00
0.0000000000e+00,0.0000000000e+00
0.0000000000e+00,0.0000000000e+00
0.0000000000e+00,0.0000000000e+00
0.0000000000e+00,0.0000000000e+00
0.0000000000e+00,0.0000000000e+00
0.0000000000e+00,0.0000000000e+00
0.0000000000e+00,4.7446901000e-04
0.0000000000e+00,3.1783320000e-03
0.0000000000e+00,5.8821947000e-03
0.0000000000e+00,8.5860575000e-03
0.0000000000e+00,9.7007547000e-03
0.0000000000e+00,9.7007547000e-03
0.0000000000e+00,9.7007547000e-03
0.0000000000e+00,9.7007547000e-03
0.0000000000e+00,9.7007547000e-03
0.0000000000e+00,9.7007547000e-03
0.0000000000e+00,9.7007547000e-03
0.0000000000e+00,8.5860575000e-03
0.0000000000e+00,5.8821947000e-03
0.0000000000e+00,3.1783320000e-03
0.0000000000e+00,4.7446901000e-04
0.0000000000e+00,0.0000000000e+00
0.0000000000e+00,0.0000000000e+00
0.0000000000e+00,0.0000000000e+00
0.0000000000e+00,0.0000000000e+00
0.0000000000e+00,0.0000000000e+00
0.0000000000e+00,0.0000000000e+00
0.0000000000e+00,0.0000000000e+00
0.0000000000e+00,0.0000000000e+00
0.0000000000e+00,0.0000000000e+00
0.0000000000e+00,5.7752465000e-04
0.0000000000e+00,3.4983822000e-03
0.0000000000e+00,6.4192396000e-03
0.0000000000e+00,9.3400972000e-03
0.0000000000e+00,1.0511763000e-02
0.0000000000e+00,1.0511763000e-02
0.0000000000e+00,1.0511763000e-02
0.0000000000e+00,1.0511763000e-02
0.0000000000e+00,1.0511763000e-02
0.0000000000e+00,1.0511763000e-02
0.0000000000e+00,1.0511763000e-02
0.0000000000e+00,9.3400972000e-03
0.0000000000e+00,6.4192396000e-03
0.0000000000e+00,3.4983822000e-03
0.0000000000e+00,5.7752465000e-04
0.0000000000e+00,0.0000000000e+00
0.0000000000e+00,0.0000000000e+00
0.0000000000e+00,0.0000000000e+00
0.0000000000e+00,0.0000000000e+00
0.0000000000e+00,0.0000000000e+00
0.0000000000e+00,0.0000000000e+00
0.0000000000e+00,0.0000000000e+00
0.0000000000e+00,0.0000000000e+00
0.0000000000e+00,0.0000000000e+00
0.0000000000e+00,6.2136672000e-04
0.0000000000e+00,3.4497620000e-03
0.0000000000e+00,6.2781572000e-03
0.0000000000e+00,9.1065532000e-03
0.0000000000e+00,1.0210067000e-02
0.0000000000e+00,1.0210067000e-02
0.0000000000e+00,1.0210067000e-02
0.0000000000e+00,1.0210067000e-02
0.0000000000e+00,1.0210067000e-02
0.0000000000e+00,1.0210067000e-02
0.0000000000e+00,1.0210067000e-02
0.0000000000e+00,9.1065532000e-03
0.0000000000e+00,6.2781572000e-03
0.0000000000e+00,3.4497620000e-03
0.0000000000e+00,6.2136672000e-04
0.0000000000e+00,0.0000000000e+00
0.0000000000e+00,0.0000000000e+00
0.0000000000e+00,0.0000000000e+00
0.0000000000e+00,0.0000000000e+00
0.0000000000e+00,0.0000000000e+00
0.0000000000e+00,0.0000000000e+00
0.0000000000e+00,0.0000000000e+00
0.0000000000e+00,0.0000000000e+00
0.0000000000e+00,0.0000000000e+00
0.0000000000e+00,7.0181757000e-04
0.0000000000e+00,3.6095574000e-03
0.0000000000e+00,6.5172971000e-03
0.0000000000e+00,9.4250375000e-03
0.0000000000e+00,1.0527998000e-02
0.0000000000e+00,1.0527998000e-02
0.0000000000e+00,1.0527998000e-02
0.0000000000e+00,1.0527998000e-02
0.0000000000e+00,1.0527998000e-02
0.0000000000e+00,1.0527998000e-02
0.0000000000e+00,1.0527998000e-02
0.0000000000e+00,9.4250375000e-03
0.0000000000e+00,6.5172971000e-03
0.0000000000e+00,3.6095574000e-03
0.0000000000e+00,7.0181757000e-04
0.0000000000e+00,0.0000000000e+00
0.0000000000e+00,0.0000000000e+00
0.0000000000e+00,0.0000000000e+00
0.0000000000e+00,0.0000000000e+00
0.0000000000e+00,0.0000000000e+00
0.0000000000e+00,0.0000000000e+00
0.0000000000e+00,0.0000000000e+00
0.0000000000e+00,0.0000000000e+00
0.0000000000e+00,0.0000000000e+00
0.0000000000e+00,8.4695622000e-04
0.0000000000e+00,4.0705828000e-03
0.0000000000e+00,7.2942087000e-03
0.0000000000e+00,1.0517836000e-02
0.0000000000e+00,1.1706171000e-02
0.0000000000e+00,1.1706171000e-02
0.0000000000e+00,1.1706171000e-02
0.0000000000e+00,1.1706171000e-02
0.0000000000e+00,1.1706171000e-02
0.0000000000e+00,1.1706171000e-02
0.0000000000e+00,1.1706171000e-02
0.0000000000e+00,1.0517836000e-02
0.0000000000e+00,7.2942087000e-03
0.0000000000e+00,4.0705828000e-03
0.0000000000e+00,8.4695622000e-04
0.0000000000e+00,0.0000000000e+00
9.9999802000e-03,0.0000000000e+00
0.0000000000e+00,0.0000000000e+00
9.9999802000e-03,0.0000000000e+00
9.9999802000e-03,0.0000000000e+00
0.0000000000e+00,0.0000000000e+00
0.0000000000e+00,0.0000000000e+00
0.0000000000e+00,0.0000000000e+00
0.0000000000e+00,0.0000000000e+00
0.0000000000e+00,7.9330144000e-04
0.0000000000e+00,3.5886313000e-03
0.0000000000e+00,6.3839611000e-03
0.0000000000e+00,9.1792913000e-03
0.0000000000e+00,1.0180305000e-02
0.0000000000e+00,1.0180305000e-02
0.0000000000e+00,1.0180305000e-02
0.0000000000e+00,1.0180305000e-02
0.0000000000e+00,1.0180305000e-02
0.0000000000e+00,1.0180305000e-02
0.0000000000e+00,1.0180305000e-02
0.0000000000e+00,9.1792913000e-03
0.0000000000e+00,6.3839611000e-03
0.0000000000e+00,3.5886313000e-03
0.0000000000e+00,7.9330144000e-04
0.0000000000e+00,0.0000000000e+00
0.0000000000e+00,0.0000000000e+00
0.0000000000e+00,0.0000000000e+00
0.0000000000e+00,0.0000000000e+00
0.0000000000e+00,0.0000000000e+00
0.0000000000e+00,0.0000000000e+00
0.0000000000e+00,0.0000000000e+00
0.0000000000e+00,0.0000000000e+00
0.0000000000e+00,0.0000000000e+00
9.9999802000e-03,6.6291797000e-04
9.9999802000e-03,2.8397322000e-03
0.0000000000e+00,5.0165467000e-03
0.0000000000e+00,7.1933609000e-03
0.0000000000e+00,7.9503087000e-03
9.9999802000e-03,7.9503087000e-03
0.0000000000e+00,7.9503087000e-03
0.0000000000e+00,7.9503087000e-03
9.9999802000e-03,7.9503087000e-03
1.9999960000e-02,7.9503087000e-03
0.0000000000e+00,7.9503087000e-03
0.0000000000e+00,7.1933609000e-03
0.0000000000e+00,5.0165467000e-03
0.0000000000e+00,2.8397322000e-03
0.0000000000e+00,6.6291797000e-04
0.0000000000e+00,0.0000000000e+00
0.0000000000e+00,0.0000000000e+00
0.0000000000e+00,0.0000000000e+00
0.0000000000e+00,0.0000000000e+00
0.0000000000e+00,0.0000000000e+00
0.0000000000e+00,0.0000000000e+00
0.0000000000e+00,0.0000000000e+00
0.0000000000e+00,0.0000000000e+00
0.0000000000e+00,0.0000000000e+00
0.0000000000e+00,7.3792151000e-04
0.0000000000e+00,3.0088292000e-03
0.0000000000e+00,5.2797371000e-03
0.0000000000e+00,7.5506447000e-03
0.0000000000e+00,8.3171381000e-03
0.0000000000e+00,8.3171381000e-03
0.0000000000e+00,8.3171381000e-03
0.0000000000e+00,8.3171381000e-03
0.0000000000e+00,8.3171381000e-03
0.0000000000e+00,8.3171381000e-03
0.0000000000e+00,8.3171381000e-03
0.0000000000e+00,7.5506447000e-03
0.0000000000e+00,5.2797371000e-03
0.0000000000e+00,3.0088292000e-03
0.0000000000e+00,7.3792151000e-04
0.0000000000e+00,0.0000000000e+00
0.0000000000e+00,0.0000000000e+00
0.0000000000e+00,0.0000000000e+00
0.0000000000e+00,0.0000000000e+00
0.0000000000e+00,0.0000000000e+00
0.0000000000e+00,0.0000000000e+00
0.0000000000e+00,0.0000000000e+00
0.0000000000e+00,0.0000000000e+00
0.0000000000e+00,0.0000000000e+00
0.0000000000e+00,9.7554334000e-04
0.0000000000e+00,3.8030869000e-03
0.0000000000e+00,6.6306307000e-03
0.0000000000e+00,9.4581740000e-03
0.0000000000e+00,1.0384174000e-02
0.0000000000e+00,1.0384174000e-02
0.0000000000e+00,1.0384174000e-02
0.0000000000e+00,1.0384174000e-02
0.0000000000e+00,1.0384174000e-02
0.0000000000e+00,1.0384174000e-02
0.0000000000e+00,1.0384174000e-02
0.0000000000e+00,9.4581740000e-03
0.0000000000e+00,6.6306307000e-03
0.0000000000e+00,3.8030869000e-03
0.0000000000e+00,9.7554334000e-04
0.0000000000e+00,0.0000000000e+00
0.0000000000e+00,0.0000000000e+00
0.0000000000e+00,0.0000000000e+00
0.0000000000e+00,0.0000000000e+00
0.0000000000e+00,0.0000000000e+00
0.0000000000e+00,0.0000000000e+00
0.0000000000e+00,0.0000000000e+00
0.0000000000e+00,0.0000000000e+00
0.0000000000e+00,0.0000000000e+00
0.0000000000e+00,1.3257539000e-03
0.0000000000e+00,4.9606240000e-03
0.0000000000e+00,8.5954946000e-03
0.0000000000e+00,1.2230365000e-02
0.0000000000e+00,1.3384922000e-02
0.0000000000e+00,1.3384922000e-02
0.0000000000e+00,1.3384922000e-02
0.0000000000e+00,1.3384922000e-02
0.0000000000e+00,1.3384922000e-02
0.0000000000e+00,1.3384922000e-02
0.0000000000e+00,1.3384922000e-02
0.0000000000e+00,1.2230365000e-02
0.0000000000e+00,8.5954946000e-03
0.0000000000e+00,4.9606240000e-03
0.0000000000e+00,1.3257539000e-03
0.0000000000e+00,0.0000000000e+00
0.0000000000e+00,0.0000000000e+00
0.0000000000e+00,0.0000000000e+00
0.0000000000e+00,0.0000000000e+00
0.0000000000e+00,0.0000000000e+00
0.0000000000e+00,0.0000000000e+00
0.0000000000e+00,0.0000000000e+00
0.0000000000e+00,0.0000000000e+00
0.0000000000e+00,0.0000000000e+00
0.0000000000e+00,1.4314491000e-03
0.0000000000e+00,5.1583238000e-03
0.0000000000e+00,8.8851983000e-03
0.0000000000e+00,1.2612073000e-02
0.0000000000e+00,1.3759786000e-02
0.0000000000e+00,1.3759786000e-02
0.0000000000e+00,1.3759786000e-02
0.0000000000e+00,1.3759786000e-02
0.0000000000e+00,1.3759786000e-02
0.0000000000e+00,1.3759786000e-02
0.0000000000e+00,1.3759786000e-02
0.0000000000e+00,1.2612073000e-02
0.0000000000e+00,8.8851983000e-03
0.0000000000e+00,5.1583238000e-03
0.0000000000e+00,1.4314491000e-03
0.0000000000e+00,0.0000000000e+00
0.0000000000e+00,0.0000000000e+00
0.0000000000e+00,0.0000000000e+00
0.0000000000e+00,0.0000000000e+00
0.0000000000e+00,0.0000000000e+00
0.0000000000e+00,0.0000000000e+00
0.0000000000e+00,0.0000000000e+00
0.0000000000e+00,0.0000000000e+00
0.0000000000e+00,0.0000000000e+00
0.0000000000e+00,1.3509863000e-03
0.0000000000e+00,4.7027040000e-03
0.0000000000e+00,8.0544222000e-03
0.0000000000e+00,1.1406140000e-02
0.0000000000e+00,1.2406506000e-02
0.0000000000e+00,1.2406506000e-02
0.0000000000e+00,1.2406506000e-02
0.0000000000e+00,1.2406506000e-02
0.0000000000e+00,1.2406506000e-02
0.0000000000e+00,1.2406506000e-02
0.0000000000e+00,1.2406506000e-02
0.0000000000e+00,1.1406140000e-02
0.0000000000e+00,8.0544222000e-03
0.0000000000e+00,4.7027040000e-03
0.0000000000e+00,1.3509863000e-03
0.0000000000e+00,0.0000000000e+00
0.0000000000e+00,0.0000000000e+00
0.0000000000e+00,0.0000000000e+00
0.0000000000e+00,0.0000000000e+00
0.0000000000e+00,0.0000000000e+00
0.0000000000e+00,0.0000000000e+00
0.0000000000e+00,0.0000000000e+00
0.0000000000e+00,0.0000000000e+00
0.0000000000e+00,0.0000000000e+00
0.0000000000e+00,1.1876422000e-03
0.0000000000e+00,4.0041292000e-03
0.0000000000e+00,6.8206163000e-03
0.0000000000e+00,9.6371034000e-03
0.0000000000e+00,1.0451525000e-02
0.0000000000e+00,1.0451525000e-02
0.0000000000e+00,1.0451525000e-02
0.0000000000e+00,1.0451525000e-02
0.0000000000e+00,1.0451525000e-02
0.0000000000e+00,1.0451525000e-02
0.0000000000e+00,1.0451525000e-02
0.0000000000e+00,9.6371034000e-03
0.0000000000e+00,6.8206163000e-03
0.0000000000e+00,4.0041292000e-03
0.0000000000e+00,1.1876422000e-03
0.0000000000e+00,0.0000000000e+00
0.0000000000e+00,0.0000000000e+00
0.0000000000e+00,0.0000000000e+00
0.0000000000e+00,0.0000000000e+00
0.0000000000e+00,0.0000000000e+00
0.0000000000e+00,0.0000000000e+00
0.0000000000e+00,0.0000000000e+00
0.0000000000e+00,0.0000000000e+00
0.0000000000e+00,0.0000000000e+00
0.0000000000e+00,1.3350011000e-03
0.0000000000e+00,4.3698903000e-03
0.0000000000e+00,7.4047791000e-03
0.0000000000e+00,1.0439669000e-02
0.0000000000e+00,1.1289612000e-02
0.0000000000e+00,1.1289612000e-02
0.0000000000e+00,1.1289612000e-02
0.0000000000e+00,1.1289612000e-02
0.0000000000e+00,1.1289612000e-02
0.0000000000e+00,1.1289612000e-02
0.0000000000e+00,1.1289612000e-02
0.0000000000e+00,1.0439669000e-02
0.0000000000e+00,7.4047791000e-03
0.0000000000e+00,4.3698903000e-03
0.0000000000e+00,1.3350011000e-03
0.0000000000e+00,0.0000000000e+00
0.0000000000e+00,0.0000000000e+00
0.0000000000e+00,0.0000000000e+00
0.0000000000e+00,0.0000000000e+00
0.0000000000e+00,0.0000000000e+00
0.0000000000e+00,0.0000000000e+00
0.0000000000e+00,0.0000000000e+00
0.0000000000e+00,0.0000000000e+00
0.0000000000e+00,0.0000000000e+00
0.0000000000e+00,1.3161375000e-03
0.0000000000e+00,4.1917390000e-03
0.0000000000e+00,7.0673404000e-03
0.0000000000e+00,9.9429414000e-03
0.0000000000e+00,1.0722673000e-02
0.0000000000e+00,1.0722673000e-02
0.0000000000e+00,1.0722673000e-02
0.0000000000e+00,1.0722673000e-02
0.0000000000e+00,1.0722673000e-02
0.0000000000e+00,1.0722673000e-02
0.0000000000e+00,1.0722673000e-02
0.0000000000e+00,9.9429414000e-03
0.0000000000e+00,7.0673404000e-03
0.0000000000e+00,4.1917390000e-03
0.0000000000e+00,1.3161375000e-03
0.0000000000e+00,0.0000000000e+00
0.0000000000e+00,0.0000000000e+00
0.0000000000e+00,0.0000000000e+00
0.0000000000e+00,0.0000000000e+00
0.0000000000e+00,0.0000000000e+00
0.0000000000e+00,0.0000000000e+00
0.0000000000e+00,0.0000000000e+00
0.0000000000e+00,0.0000000000e+00
0.0000000000e+00,0.0000000000e+00
0.0000000000e+00,1.4569560000e-03
0.0000000000e+00,4.5236875000e-03
0.0000000000e+00,7.5904191000e-03
0.0000000000e+00,1.0657150000e-02
0.0000000000e+00,1.1462038000e-02
0.0000000000e+00,1.1462038000e-02
0.0000000000e+00,1.1462038000e-02
0.0000000000e+00,1.1462038000e-02
0.0000000000e+00,1.1462038000e-02
0.0000000000e+00,1.1462038000e-02
0.0000000000e+00,1.1462038000e-02
0.0000000000e+00,1.0657150000e-02
0.0000000000e+00,7.5904191000e-03
0.0000000000e+00,4.5236875000e-03
0.0000000000e+00,1.4569560000e-03
0.0000000000e+00,0.0000000000e+00
0.0000000000e+00,0.0000000000e+00
0.0000000000e+00,0.0000000000e+00
0.0000000000e+00,0.0000000000e+00
0.0000000000e+00,0.0000000000e+00
0.0000000000e+00,0.0000000000e+00
0.0000000000e+00,0.0000000000e+00
0.0000000000e+00,0.0000000000e+00
0.0000000000e+00,0.0000000000e+00
0.0000000000e+00,1.3655213000e-03
0.0000000000e+00,4.1406699000e-03
0.0000000000e+00,6.9158184000e-03
0.0000000000e+00,9.6909674000e-03
0.0000000000e+00,1.0395781000e-02
0.0000000000e+00,1.0395781000e-02
0.0000000000e+00,1.0395781000e-02
0.0000000000e+00,1.0395781000e-02
0.0000000000e+00,1.0395781000e-02
0.0000000000e+00,1.0395781000e-02
0.0000000000e+00,1.0395781000e-02
0.0000000000e+00,9.6909674000e-03
0.0000000000e+00,6.9158184000e-03
0.0000000000e+00,4.1406699000e-03
0.0000000000e+00,1.3655213000e-03
0.0000000000e+00,0.0000000000e+00
0.0000000000e+00,0.0000000000e+00
0.0000000000e+00,0.0000000000e+00
0.0000000000e+00,0.0000000000e+00
0.0000000000e+00,0.0000000000e+00
0.0000000000e+00,0.0000000000e+00
0.0000000000e+00,0.0000000000e+00
0.0000000000e+00,0.0000000000e+00
0.0000000000e+00,0.0000000000e+00
0.0000000000e+00,1.3397066000e-03
0.0000000000e+00,3.9738738000e-03
0.0000000000e+00,6.6080415000e-03
0.0000000000e+00,9.2422087000e-03
0.0000000000e+00,9.8894387000e-03
0.0000000000e+00,9.8894387000e-03
0.0000000000e+00,9.8894387000e-03
0.0000000000e+00,9.8894387000e-03
0.0000000000e+00,9.8894387000e-03
0.0000000000e+00,9.8894387000e-03
0.0000000000e+00,9.8894387000e-03
0.0000000000e+00,9.2422087000e-03
0.0000000000e+00,6.6080415000e-03
0.0000000000e+00,3.9738738000e-03
0.0000000000e+00,1.3397066000e-03
0.0000000000e+00,0.0000000000e+00
0.0000000000e+00,0.0000000000e+00
0.0000000000e+00,0.0000000000e+00
0.0000000000e+00,0.0000000000e+00
0.0000000000e+00,0.0000000000e+00
0.0000000000e+00,0.0000000000e+00
0.0000000000e+00,0.0000000000e+00
0.0000000000e+00,0.0000000000e+00
0.0000000000e+00,0.0000000000e+00
0.0000000000e+00,1.7049306000e-03
0.0000000000e+00,4.9544079000e-03
0.0000000000e+00,8.2038846000e-03
0.0000000000e+00,1.1453362000e-02
0.0000000000e+00,1.2225635000e-02
0.0000000000e+00,1.2225635000e-02
0.0000000000e+00,1.2225635000e-02
0.0000000000e+00,1.2225635000e-02
0.0000000000e+00,1.2225635000e-02
0.0000000000e+00,1.2225635000e-02
0.0000000000e+00,1.2225635000e-02
0.0000000000e+00,1.1453362000e-02
0.0000000000e+00,8.2038846000e-03
0.0000000000e+00,4.9544079000e-03
0.0000000000e+00,1.7049306000e-03
0.0000000000e+00,0.0000000000e+00
0.0000000000e+00,0.0000000000e+00
0.0000000000e+00,0.0000000000e+00
0.0000000000e+00,0.0000000000e+00
0.0000000000e+00,0.0000000000e+00
0.0000000000e+00,0.0000000000e+00
0.0000000000e+00,0.0000000000e+00
0.0000000000e+00,0.0000000000e+00
0.0000000000e+00,0.0000000000e+00
0.0000000000e+00,1.7934581000e-03
0.0000000000e+00,5.1127486000e-03
0.0000000000e+00,8.4320391000e-03
0.0000000000e+00,1.1751330000e-02
0.0000000000e+00,1.2514246000e-02
0.0000000000e+00,1.2514246000e-02
0.0000000000e+00,1.2514246000e-02
0.0000000000e+00,1.2514246000e-02
0.0000000000e+00,1.2514246000e-02
0.0000000000e+00,1.2514246000e-02
0.0000000000e+00,1.2514246000e-02
0.0000000000e+00,1.1751330000e-02
0.0000000000e+00,8.4320391000e-03
0.0000000000e+00,5.1127486000e-03
0.0000000000e+00,1.7934581000e-03
0.0000000000e+00,0.0000000000e+00
0.0000000000e+00,0.0000000000e+00
0.0000000000e+00,0.0000000000e+00
0.0000000000e+00,0.0000000000e+00
0.0000000000e+00,0.0000000000e+00
0.0000000000e+00,0.0000000000e+00
0.0000000000e+00,0.0000000000e+00
0.0000000000e+00,0.0000000000e+00
0.0000000000e+00,0.0000000000e+00
0.0000000000e+00,1.8291866000e-03
0.0000000000e+00,5.1221466000e-03
0.0000000000e+00,8.4151067000e-03
0.0000000000e+00,1.1708067000e-02
0.0000000000e+00,1.2439953000e-02
0.0000000000e+00,1.2439953000e-02
0.0000000000e+00,1.2439953000e-02
0.0000000000e+00,1.2439953000e-02
0.0000000000e+00,1.2439953000e-02
0.0000000000e+00,1.2439953000e-02
0.0000000000e+00,1.2439953000e-02
0.0000000000e+00,1.1708067000e-02
0.0000000000e+00,8.4151067000e-03
0.0000000000e+00,5.1221466000e-03
0.0000000000e+00,1.8291866000e-03
0.0000000000e+00,0.0000000000e+00
0.0000000000e+00,0.0000000000e+00
0.0000000000e+00,0.0000000000e+00
0.0000000000e+00,0.0000000000e+00
0.0000000000e+00,0.0000000000e+00
0.0000000000e+00,0.0000000000e+00
0.0000000000e+00,0.0000000000e+00
0.0000000000e+00,0.0000000000e+00
0.0000000000e+00,0.0000000000e+00
0.0000000000e+00,1.5519968000e-03
0.0000000000e+00,4.2739431000e-03
0.0000000000e+00,6.9958894000e-03
0.0000000000e+00,9.7178351000e-03
0.0000000000e+00,1.0302810000e-02
0.0000000000e+00,1.0302810000e-02
0.0000000000e+00,1.0302810000e-02
0.0000000000e+00,1.0302810000e-02
0.0000000000e+00,1.0302810000e-02
0.0000000000e+00,1.0302810000e-02
0.0000000000e+00,1.0302810000e-02
0.0000000000e+00,9.7178351000e-03
0.0000000000e+00,6.9958894000e-03
0.0000000000e+00,4.2739431000e-03
0.0000000000e+00,1.5519968000e-03
0.0000000000e+00,0.0000000000e+00
0.0000000000e+00,0.0000000000e+00
0.0000000000e+00,0.0000000000e+00
0.0000000000e+00,0.0000000000e+00
0.0000000000e+00,0.0000000000e+00
0.0000000000e+00,0.0000000000e+00
0.0000000000e+00,0.0000000000e+00
0.0000000000e+00,0.0000000000e+00
0.0000000000e+00,0.0000000000e+00
0.0000000000e+00,1.4156123000e-03
0.0000000000e+00,3.8379915000e-03
0.0000000000e+00,6.2603708000e-03
0.0000000000e+00,8.6827502000e-03
0.0000000000e+00,9.1861337000e-03
0.0000000000e+00,9.1861337000e-03
0.0000000000e+00,9.1861337000e-03
0.0000000000e+00,9.1861337000e-03
0.0000000000e+00,9.1861337000e-03
0.0000000000e+00,9.1861337000e-03
0.0000000000e+00,9.1861337000e-03
0.0000000000e+00,8.6827502000e-03
0.0000000000e+00,6.2603708000e-03
0.0000000000e+00,3.8379915000e-03
0.0000000000e+00,1.4156123000e-03
0.0000000000e+00,0.0000000000e+00
0.0000000000e+00,0.0000000000e+00
0.0000000000e+00,0.0000000000e+00
0.0000000000e+00,0.0000000000e+00
0.0000000000e+00,0.0000000000e+00
0.0000000000e+00,0.0000000000e+00
0.0000000000e+00,0.0000000000e+00
0.0000000000e+00,0.0000000000e+00
0.0000000000e+00,0.0000000000e+00
0.0000000000e+00,1.6901478000e-03
0.0000000000e+00,4.5159878000e-03
0.0000000000e+00,7.3418282000e-03
0.0000000000e+00,1.0167669000e-02
0.0000000000e+00,1.0735515000e-02
0.0000000000e+00,1.0735515000e-02
0.0000000000e+00,1.0735515000e-02
0.0000000000e+00,1.0735515000e-02
0.0000000000e+00,1.0735515000e-02
0.0000000000e+00,1.0735515000e-02
0.0000000000e+00,1.0735515000e-02
0.0000000000e+00,1.0167669000e-02
0.0000000000e+00,7.3418282000e-03
0.0000000000e+00,4.5159878000e-03
0.0000000000e+00,1.6901478000e-03
0.0000000000e+00,0.0000000000e+00
0.0000000000e+00,0.0000000000e+00
0.0000000000e+00,0.0000000000e+00
0.0000000000e+00,0.0000000000e+00
0.0000000000e+00,0.0000000000e+00
0.0000000000e+00,0.0000000000e+00
0.0000000000e+00,0.0000000000e+00
0.0000000000e+00,0.0000000000e+00
0.0000000000e+00,0.0000000000e+00
0.0000000000e+00,1.7103760000e-03
0.0000000000e+00,4.5082374000e-03
0.0000000000e+00,7.3060989000e-03
0.0000000000e+00,1.0103961000e-02
0.0000000000e+00,1.0647703000e-02
0.0000000000e+00,1.0647703000e-02
0.0000000000e+00,1.0647703000e-02
0.0000000000e+00,1.0647703000e-02
0.0000000000e+00,1.0647703000e-02
0.0000000000e+00,1.0647703000e-02
0.0000000000e+00,1.0647703000e-02
0.0000000000e+00,1.0103961000e-02
0.0000000000e+00,7.3060989000e-03
0.0000000000e+00,4.5082374000e-03
0.0000000000e+00,1.7103760000e-03
0.0000000000e+00,0.0000000000e+00
0.0000000000e+00,0.0000000000e+00
0.0000000000e+00,0.0000000000e+00
0.0000000000e+00,0.0000000000e+00
0.0000000000e+00,0.0000000000e+00
0.0000000000e+00,0.0000000000e+00
0.0000000000e+00,0.0000000000e+00
0.0000000000e+00,0.0000000000e+00
0.0000000000e+00,0.0000000000e+00
0.0000000000e+00,1.4620923000e-03
0.0000000000e+00,3.8051412000e-03
0.0000000000e+00,6.1481902000e-03
0.0000000000e+00,8.4912386000e-03
0.0000000000e+00,8.9317169000e-03
0.0000000000e+00,8.9317169000e-03
0.0000000000e+00,8.9317169000e-03
0.0000000000e+00,8.9317169000e-03
0.0000000000e+00,8.9317169000e-03
0.0000000000e+00,8.9317169000e-03
0.0000000000e+00,8.9317169000e-03
0.0000000000e+00,8.4912386000e-03
0.0000000000e+00,6.1481902000e-03
0.0000000000e+00,3.8051412000e-03
0.0000000000e+00,1.4620923000e-03
0.0000000000e+00,0.0000000000e+00
0.0000000000e+00,0.0000000000e+00
0.0000000000e+00,0.0000000000e+00
0.0000000000e+00,0.0000000000e+00
0.0000000000e+00,0.0000000000e+00
0.0000000000e+00,0.0000000000e+00
0.0000000000e+00,0.0000000000e+00
0.0000000000e+00,0.0000000000e+00
0.0000000000e+00,0.0000000000e+00
0.0000000000e+00,1.4018026000e-03
0.0000000000e+00,3.6052472000e-03
0.0000000000e+00,5.8086915000e-03
0.0000000000e+00,8.0121364000e-03
0.0000000000e+00,8.4129572000e-03
0.0000000000e+00,8.4129572000e-03
0.0000000000e+00,8.4129572000e-03
0.0000000000e+00,8.4129572000e-03
0.0000000000e+00,8.4129572000e-03
0.0000000000e+00,8.4129572000e-03
0.0000000000e+00,8.4129572000e-03
0.0000000000e+00,8.0121364000e-03
0.0000000000e+00,5.8086915000e-03
0.0000000000e+00,3.6052472000e-03
0.0000000000e+00,1.4018026000e-03
0.0000000000e+00,0.0000000000e+00
0.0000000000e+00,0.0000000000e+00
0.0000000000e+00,0.0000000000e+00
0.0000000000e+00,0.0000000000e+00
0.0000000000e+00,0.0000000000e+00
0.0000000000e+00,0.0000000000e+00
0.0000000000e+00,0.0000000000e+00
0.0000000000e+00,0.0000000000e+00
0.0000000000e+00,0.0000000000e+00
0.0000000000e+00,1.4207994000e-03
0.0000000000e+00,3.6139684000e-03
0.0000000000e+00,5.8071371000e-03
0.0000000000e+00,8.0003059000e-03
0.0000000000e+00,8.3864909000e-03
0.0000000000e+00,8.3864909000e-03
0.0000000000e+00,8.3864909000e-03
0.0000000000e+00,8.3864909000e-03
0.0000000000e+00,8.3864909000e-03
0.0000000000e+00,8.3864909000e-03
0.0000000000e+00,8.3864909000e-03
0.0000000000e+00,8.0003059000e-03
0.0000000000e+00,5.8071371000e-03
0.0000000000e+00,3.6139684000e-03
4.9999900000e-02,1.4207994000e-03
0.0000000000e+00,0.0000000000e+00
9.9999802000e-03,0.0000000000e+00
0.0000000000e+00,0.0000000000e+00
0.0000000000e+00,0.0000000000e+00
0.0000000000e+00,0.0000000000e+00
0.0000000000e+00,0.0000000000e+00
0.0000000000e+00,0.0000000000e+00
0.0000000000e+00,0.0000000000e+00
0.0000000000e+00,0.0000000000e+00
0.0000000000e+00,1.5960950000e-03
0.0000000000e+00,4.0386668000e-03
0.0000000000e+00,6.4812386000e-03
0.0000000000e+00,8.9238109000e-03
0.0000000000e+00,9.3470486000e-03
0.0000000000e+00,9.3470486000e-03
0.0000000000e+00,9.3470486000e-03
0.0000000000e+00,9.3470486000e-03
0.0000000000e+00,9.3470486000e-03
0.0000000000e+00,9.3470486000e-03
0.0000000000e+00,9.3470486000e-03
0.0000000000e+00,8.9238109000e-03
0.0000000000e+00,6.4812386000e-03
0.0000000000e+00,4.0386668000e-03
0.0000000000e+00,1.5960950000e-03
0.0000000000e+00,0.0000000000e+00
0.0000000000e+00,0.0000000000e+00
0.0000000000e+00,0.0000000000e+00
0.0000000000e+00,0.0000000000e+00
0.0000000000e+00,0.0000000000e+00
0.0000000000e+00,0.0000000000e+00
0.0000000000e+00,0.0000000000e+00
0.0000000000e+00,0.0000000000e+00
0.0000000000e+00,0.0000000000e+00
0.0000000000e+00,1.9671924000e-03
0.0000000000e+00,4.9285959000e-03
0.0000000000e+00,7.8899991000e-03
0.0000000000e+00,1.0851403000e-02
0.0000000000e+00,1.1348508000e-02
0.0000000000e+00,1.1348508000e-02
0.0000000000e+00,1.1348508000e-02
0.0000000000e+00,1.1348508000e-02
0.0000000000e+00,1.1348508000e-02
0.0000000000e+00,1.1348508000e-02
0.0000000000e+00,1.1348508000e-02
0.0000000000e+00,1.0851403000e-02
0.0000000000e+00,7.8899991000e-03
0.0000000000e+00,4.9285959000e-03
0.0000000000e+00,1.9671924000e-03
0.0000000000e+00,0.0000000000e+00
0.0000000000e+00,0.0000000000e+00
0.0000000000e+00,0.0000000000e+00
0.0000000000e+00,0.0000000000e+00
0.0000000000e+00,0.0000000000e+00
0.0000000000e+00,0.0000000000e+00
0.0000000000e+00,0.0000000000e+00
0.0000000000e+00,0.0000000000e+00
0.0000000000e+00,0.0000000000e+00
0.0000000000e+00,1.7261746000e-03
0.0000000000e+00,4.2851660000e-03
0.0000000000e+00,6.8441569000e-03
0.0000000000e+00,9.4031487000e-03
0.0000000000e+00,9.8195570000e-03
0.0000000000e+00,9.8195570000e-03
0.0000000000e+00,9.8195570000e-03
0.0000000000e+00,9.8195570000e-03
0.0000000000e+00,9.8195570000e-03
0.0000000000e+00,9.8195570000e-03
0.0000000000e+00,9.8195570000e-03
0.0000000000e+00,9.4031487000e-03
0.0000000000e+00,6.8441569000e-03
0.0000000000e+00,4.2851660000e-03
0.0000000000e+00,1.7261746000e-03
0.0000000000e+00,0.0000000000e+00
0.0000000000e+00,0.0000000000e+00
0.0000000000e+00,0.0000000000e+00
0.0000000000e+00,0.0000000000e+00
0.0000000000e+00,0.0000000000e+00
9.9999802000e-03,0.0000000000e+00
0.0000000000e+00,0.0000000000e+00
0.0000000000e+00,0.0000000000e+00
0.0000000000e+00,0.0000000000e+00
0.0000000000e+00,1.6443443000e-03
0.0000000000e+00,4.0474162000e-03
0.0000000000e+00,6.4504878000e-03
0.0000000000e+00,8.8535594000e-03
0.0000000000e+00,9.2329234000e-03
0.0000000000e+00,9.2329234000e-03
0.0000000000e+00,9.2329234000e-03
0.0000000000e+00,9.2329234000e-03
0.0000000000e+00,9.2329234000e-03
0.0000000000e+00,9.2329234000e-03
0.0000000000e+00,9.2329234000e-03
0.0000000000e+00,8.8535594000e-03
0.0000000000e+00,6.4504878000e-03
0.0000000000e+00,4.0474162000e-03
0.0000000000e+00,1.6443443000e-03
0.0000000000e+00,0.0000000000e+00
0.0000000000e+00,0.0000000000e+00
0.0000000000e+00,0.0000000000e+00
0.0000000000e+00,0.0000000000e+00
0.0000000000e+00,0.0000000000e+00
0.0000000000e+00,0.0000000000e+00
0.0000000000e+00,0.0000000000e+00
0.0000000000e+00,0.0000000000e+00
0.0000000000e+00,0.0000000000e+00
0.0000000000e+00,1.7368592000e-03
0.0000000000e+00,4.2416528000e-03
0.0000000000e+00,6.7464462000e-03
0.0000000000e+00,9.2512397000e-03
0.0000000000e+00,9.6352072000e-03
0.0000000000e+00,9.6352072000e-03
0.0000000000e+00,9.6352072000e-03
0.0000000000e+00,9.6352072000e-03
0.0000000000e+00,9.6352072000e-03
0.0000000000e+00,9.6352072000e-03
0.0000000000e+00,9.6352072000e-03
0.0000000000e+00,9.2512397000e-03
0.0000000000e+00,6.7464462000e-03
0.0000000000e+00,4.2416528000e-03
0.0000000000e+00,1.7368592000e-03
0.0000000000e+00,0.0000000000e+00
0.0000000000e+00,0.0000000000e+00
0.0000000000e+00,0.0000000000e+00
0.0000000000e+00,0.0000000000e+00
0.0000000000e+00,0.0000000000e+00
0.0000000000e+00,0.0000000000e+00
0.0000000000e+00,0.0000000000e+00
0.0000000000e+00,0.0000000000e+00
0.0000000000e+00,0.0000000000e+00
0.0000000000e+00,2.0143851000e-03
0.0000000000e+00,4.8839408000e-03
0.0000000000e+00,7.7534965000e-03
0.0000000000e+00,1.0623052000e-02
0.0000000000e+00,1.1050637000e-02
0.0000000000e+00,1.1050637000e-02
0.0000000000e+00,1.1050637000e-02
0.0000000000e+00,1.1050637000e-02
0.0000000000e+00,1.1050637000e-02
0.0000000000e+00,1.1050637000e-02
0.0000000000e+00,1.1050637000e-02
0.0000000000e+00,1.0623052000e-02
0.0000000000e+00,7.7534965000e-03
0.0000000000e+00,4.8839408000e-03
0.0000000000e+00,2.0143851000e-03
0.0000000000e+00,0.0000000000e+00
0.0000000000e+00,0.0000000000e+00
0.0000000000e+00,0.0000000000e+00
0.0000000000e+00,0.0000000000e+00
0.0000000000e+00,0.0000000000e+00
0.0000000000e+00,0.0000000000e+00
0.0000000000e+00,0.0000000000e+00
0.0000000000e+00,0.0000000000e+00
0.0000000000e+00,0.0000000000e+00
0.0000000000e+00,2.0074809000e-03
0.0000000000e+00,4.8350245000e-03
0.0000000000e+00,7.6625678000e-03
0.0000000000e+00,1.0490111000e-02
0.0000000000e+00,1.0900143000e-02
0.0000000000e+00,1.0900143000e-02
0.0000000000e+00,1.0900143000e-02
0.0000000000e+00,1.0900143000e-02
0.0000000000e+00,1.0900143000e-02
0.0000000000e+00,1.0900143000e-02
0.0000000000e+00,1.0900143000e-02
0.0000000000e+00,1.0490111000e-02
0.0000000000e+00,7.6625678000e-03
0.0000000000e+00,4.8350245000e-03
0.0000000000e+00,2.0074809000e-03
0.0000000000e+00,0.0000000000e+00
0.0000000000e+00,0.0000000000e+00
0.0000000000e+00,0.0000000000e+00
0.0000000000e+00,0.0000000000e+00
0.0000000000e+00,0.0000000000e+00
0.0000000000e+00,0.0000000000e+00
0.0000000000e+00,0.0000000000e+00
0.0000000000e+00,0.0000000000e+00
0.0000000000e+00,0.0000000000e+00
0.0000000000e+00,1.8140011000e-03
0.0000000000e+00,4.3426729000e-03
0.0000000000e+00,6.8713441000e-03
0.0000000000e+00,9.4000157000e-03
0.0000000000e+00,9.7573511000e-03
0.0000000000e+00,9.7573511000e-03
0.0000000000e+00,9.7573511000e-03
0.0000000000e+00,9.7573511000e-03
0.0000000000e+00,9.7573511000e-03
0.0000000000e+00,9.7573511000e-03
9.9999800000e-02,9.7573511000e-03
3.9999921000e-02,9.4000157000e-03
3.9999921000e-02,6.8713441000e-03
2.9999940000e-02,4.3426729000e-03
9.9999802000e-03,1.8140011000e-03
2.9999940000e-02,0.0000000000e+00
0.0000000000e+00,0.0000000000e+00
0.0000000000e+00,0.0000000000e+00
0.0000000000e+00,0.0000000000e+00
0.0000000000e+00,0.0000000000e+00
0.0000000000e+00,0.0000000000e+00
0.0000000000e+00,0.0000000000e+00
0.0000000000e+00,0.0000000000e+00
0.0000000000e+00,0.0000000000e+00
0.0000000000e+00,1.5951892000e-03
0.0000000000e+00,3.7979474000e-03
0.0000000000e+00,6.0007055000e-03
0.0000000000e+00,8.2034636000e-03
0.0000000000e+00,8.5072489000e-03
9.9999802000e-03,8.5072489000e-03
0.0000000000e+00,8.5072489000e-03
0.0000000000e+00,8.5072489000e-03
0.0000000000e+00,8.5072489000e-03
0.0000000000e+00,8.5072489000e-03
0.0000000000e+00,8.5072489000e-03
0.0000000000e+00,8.2034636000e-03
1.9999960000e-02,6.0007055000e-03
0.0000000000e+00,3.7979474000e-03
0.0000000000e+00,1.5951892000e-03
0.0000000000e+00,0.0000000000e+00
9.9999802000e-03,0.0000000000e+00
9.9999802000e-03,0.0000000000e+00
0.0000000000e+00,0.0000000000e+00
0.0000000000e+00,0.0000000000e+00
9.9999802000e-03,0.0000000000e+00
2.9999940000e-02,0.0000000000e+00
0.0000000000e+00,0.0000000000e+00
0.0000000000e+00,0.0000000000e+00
0.0000000000e+00,1.4900466000e-03
0.0000000000e+00,3.5301372000e-03
0.0000000000e+00,5.5702277000e-03
0.0000000000e+00,7.6103187000e-03
9.9999802000e-03,7.8853406000e-03
0.0000000000e+00,7.8853406000e-03
9.9999802000e-03,7.8853406000e-03
9.9999802000e-03,7.8853406000e-03
0.0000000000e+00,7.8853406000e-03
9.9999802000e-03,7.8853406000e-03
9.9999802000e-03,7.8853406000e-03
9.9999802000e-03,7.6103187000e-03
1.9999960000e-02,5.5702277000e-03
1.9999960000e-02,3.5301372000e-03
1.9999960000e-02,1.4900466000e-03
1.9999960000e-02,0.0000000000e+00
0.0000000000e+00,0.0000000000e+00
9.9999802000e-03,0.0000000000e+00
0.0000000000e+00,0.0000000000e+00
9.9999802000e-03,0.0000000000e+00
0.0000000000e+00,0.0000000000e+00
0.0000000000e+00,0.0000000000e+00
0.0000000000e+00,0.0000000000e+00
0.0000000000e+00,0.0000000000e+00
0.0000000000e+00,1.8384067000e-03
0.0000000000e+00,4.3363045000e-03
0.0000000000e+00,6.8342024000e-03
0.0000000000e+00,9.3320999000e-03
0.0000000000e+00,9.6618459000e-03
0.0000000000e+00,9.6618459000e-03
0.0000000000e+00,9.6618459000e-03
0.0000000000e+00,9.6618459000e-03
0.0000000000e+00,9.6618459000e-03
0.0000000000e+00,9.6618459000e-03
0.0000000000e+00,9.6618459000e-03
0.0000000000e+00,9.3320999000e-03
0.0000000000e+00,6.8342024000e-03
0.0000000000e+00,4.3363045000e-03
0.0000000000e+00,1.8384067000e-03
0.0000000000e+00,0.0000000000e+00
0.0000000000e+00,0.0000000000e+00
0.0000000000e+00,0.0000000000e+00
0.0000000000e+00,0.0000000000e+00
0.0000000000e+00,0.0000000000e+00
0.0000000000e+00,0.0000000000e+00
0.0000000000e+00,0.0000000000e+00
0.0000000000e+00,0.0000000000e+00
0.0000000000e+00,0.0000000000e+00
0.0000000000e+00,2.0544401000e-03
0.0000000000e+00,4.8270747000e-03
0.0000000000e+00,7.5997096000e-03
0.0000000000e+00,1.0372344000e-02
0.0000000000e+00,1.0731442000e-02
0.0000000000e+00,1.0731442000e-02
0.0000000000e+00,1.0731442000e-02
0.0000000000e+00,1.0731442000e-02
0.0000000000e+00,1.0731442000e-02
0.0000000000e+00,1.0731442000e-02
0.0000000000e+00,1.0731442000e-02
0.0000000000e+00,1.0372344000e-02
0.0000000000e+00,7.5997096000e-03
0.0000000000e+00,4.8270747000e-03
0.0000000000e+00,2.0544401000e-03
0.0000000000e+00,0.0000000000e+00
0.0000000000e+00,0.0000000000e+00
0.0000000000e+00,0.0000000000e+00
0.0000000000e+00,0.0000000000e+00
0.0000000000e+00,0.0000000000e+00
0.0000000000e+00,0.0000000000e+00
0.0000000000e+00,0.0000000000e+00
0.0000000000e+00,0.0000000000e+00
0.0000000000e+00,0.0000000000e+00
0.0000000000e+00,1.8492835000e-03
0.0000000000e+00,4.3303948000e-03
0.0000000000e+00,6.8115061000e-03
0.0000000000e+00,9.2926174000e-03
0.0000000000e+00,9.6085314000e-03
0.0000000000e+00,9.6085314000e-03
0.0000000000e+00,9.6085314000e-03
0.0000000000e+00,9.6085314000e-03
0.0000000000e+00,9.6085314000e-03
0.0000000000e+00,9.6085314000e-03
0.0000000000e+00,9.6085314000e-03
0.0000000000e+00,9.2926174000e-03
0.0000000000e+00,6.8115061000e-03
0.0000000000e+00,4.3303948000e-03
0.0000000000e+00,1.8492835000e-03
0.0000000000e+00,0.0000000000e+00
0.0000000000e+00,0.0000000000e+00
0.0000000000e+00,0.0000000000e+00
0.0000000000e+00,0.0000000000e+00
0.0000000000e+00,0.0000000000e+00
0.0000000000e+00,0.0000000000e+00
0.0000000000e+00,0.0000000000e+00
0.0000000000e+00,0.0000000000e+00
0.0000000000e+00,0.0000000000e+00
0.0000000000e+00,1.9339848000e-03
0.0000000000e+00,4.5157247000e-03
0.0000000000e+00,7.0974650000e-03
0.0000000000e+00,9.6792048000e-03
0.0000000000e+00,1.0003082000e-02
0.0000000000e+00,1.0003082000e-02
0.0000000000e+00,1.0003082000e-02
0.0000000000e+00,1.0003082000e-02
0.0000000000e+00,1.0003082000e-02
0.0000000000e+00,1.0003082000e-02
0.0000000000e+00,1.0003082000e-02
0.0000000000e+00,9.6792048000e-03
0.0000000000e+00,7.0974650000e-03
0.0000000000e+00,4.5157247000e-03
0.0000000000e+00,1.9339848000e-03
0.0000000000e+00,0.0000000000e+00
0.0000000000e+00,0.0000000000e+00
0.0000000000e+00,0.0000000000e+00
0.0000000000e+00,0.0000000000e+00
0.0000000000e+00,0.0000000000e+00
0.0000000000e+00,0.0000000000e+00
0.0000000000e+00,0.0000000000e+00
0.0000000000e+00,0.0000000000e+00
0.0000000000e+00,0.0000000000e+00
0.0000000000e+00,2.0438300000e-03
0.0000000000e+00,4.7608344000e-03
0.0000000000e+00,7.4778385000e-03
0.0000000000e+00,1.0194843000e-02
0.0000000000e+00,1.0531430000e-02
0.0000000000e+00,1.0531430000e-02
0.0000000000e+00,1.0531430000e-02
0.0000000000e+00,1.0531430000e-02
0.0000000000e+00,1.0531430000e-02
0.0000000000e+00,1.0531430000e-02
0.0000000000e+00,1.0531430000e-02
0.0000000000e+00,1.0194843000e-02
0.0000000000e+00,7.4778385000e-03
0.0000000000e+00,4.7608344000e-03
0.0000000000e+00,2.0438300000e-03
0.0000000000e+00,0.0000000000e+00
0.0000000000e+00,0.0000000000e+00
0.0000000000e+00,0.0000000000e+00
0.0000000000e+00,0.0000000000e+00
0.0000000000e+00,0.0000000000e+00
0.0000000000e+00,0.0000000000e+00
0.0000000000e+00,0.0000000000e+00
0.0000000000e+00,0.0000000000e+00
0.0000000000e+00,0.0000000000e+00
0.0000000000e+00,2.1084966000e-03
0.0000000000e+00,4.9021398000e-03
0.0000000000e+00,7.6957829000e-03
0.0000000000e+00,1.0489426000e-02
0.0000000000e+00,1.0831999000e-02
0.0000000000e+00,1.0831999000e-02
0.0000000000e+00,1.0831999000e-02
0.0000000000e+00,1.0831999000e-02
0.0000000000e+00,1.0831999000e-02
0.0000000000e+00,1.0831999000e-02
0.0000000000e+00,1.0831999000e-02
0.0000000000e+00,1.0489426000e-02
0.0000000000e+00,7.6957829000e-03
0.0000000000e+00,4.9021398000e-03
0.0000000000e+00,2.1084966000e-03
9.9999802000e-03,0.0000000000e+00
0.0000000000e+00,0.0000000000e+00
0.0000000000e+00,0.0000000000e+00
0.0000000000e+00,0.0000000000e+00
0.0000000000e+00,0.0000000000e+00
0.0000000000e+00,0.0000000000e+00
0.0000000000e+00,0.0000000000e+00
0.0000000000e+00,0.0000000000e+00
0.0000000000e+00,0.0000000000e+00
0.0000000000e+00,2.8051834000e-03
0.0000000000e+00,6.5126368000e-03
0.0000000000e+00,1.0220090000e-02
0.0000000000e+00,1.3927544000e-02
0.0000000000e+00,1.4378678000e-02
0.0000000000e+00,1.4378678000e-02
0.0000000000e+00,1.4378678000e-02
0.0000000000e+00,1.4378678000e-02
0.0000000000e+00,1.4378678000e-02
0.0000000000e+00,1.4378678000e-02
0.0000000000e+00,1.4378678000e-02
0.0000000000e+00,1.3927544000e-02
9.9999802000e-03,1.0220090000e-02
0.0000000000e+00,6.5126368000e-03
0.0000000000e+00,2.8051834000e-03
0.0000000000e+00,0.0000000000e+00
0.0000000000e+00,0.0000000000e+00
0.0000000000e+00,0.0000000000e+00
0.0000000000e+00,0.0000000000e+00
0.0000000000e+00,0.0000000000e+00
0.0000000000e+00,0.0000000000e+00
0.0000000000e+00,0.0000000000e+00
0.0000000000e+00,0.0000000000e+00
0.0000000000e+00,0.0000000000e+00
0.0000000000e+00,2.8782729000e-03
0.0000000000e+00,6.6760108000e-03
0.0000000000e+00,1.0473749000e-02
0.0000000000e+00,1.4271487000e-02
0.0000000000e+00,1.4731219000e-02
0.0000000000e+00,1.4731219000e-02
0.0000000000e+00,1.4731219000e-02
0.0000000000e+00,1.4731219000e-02
0.0000000000e+00,1.4731219000e-02
0.0000000000e+00,1.4731219000e-02
0.0000000000e+00,1.4731219000e-02
0.0000000000e+00,1.4271487000e-02
0.0000000000e+00,1.0473749000e-02
0.0000000000e+00,6.6760108000e-03
0.0000000000e+00,2.8782729000e-03
0.0000000000e+00,0.0000000000e+00
0.0000000000e+00,0.0000000000e+00
0.0000000000e+00,0.0000000000e+00
0.0000000000e+00,0.0000000000e+00
0.0000000000e+00,0.0000000000e+00
0.0000000000e+00,0.0000000000e+00
0.0000000000e+00,0.0000000000e+00
0.0000000000e+00,0.0000000000e+00
0.0000000000e+00,0.0000000000e+00
0.0000000000e+00,2.9268304000e-03
0.0000000000e+00,6.7854342000e-03
0.0000000000e+00,1.0644037000e-02
0.0000000000e+00,1.4502642000e-02
0.0000000000e+00,1.4968528000e-02
0.0000000000e+00,1.4968528000e-02
0.0000000000e+00,1.4968528000e-02
0.0000000000e+00,1.4968528000e-02
0.0000000000e+00,1.4968528000e-02
0.0000000000e+00,1.4968528000e-02
0.0000000000e+00,1.4968528000e-02
0.0000000000e+00,1.4502642000e-02
0.0000000000e+00,1.0644037000e-02
0.0000000000e+00,6.7854342000e-03
0.0000000000e+00,2.9268304000e-03
0.0000000000e+00,0.0000000000e+00
0.0000000000e+00,0.0000000000e+00
0.0000000000e+00,0.0000000000e+00
0.0000000000e+00,0.0000000000e+00
0.0000000000e+00,0.0000000000e+00
0.0000000000e+00,0.0000000000e+00
0.0000000000e+00,0.0000000000e+00
0.0000000000e+00,0.0000000000e+00
0.0000000000e+00,0.0000000000e+00
0.0000000000e+00,3.2376829000e-03
0.0000000000e+00,7.5061009000e-03
0.0000000000e+00,1.1774519000e-02
0.0000000000e+00,1.6042937000e-02
0.0000000000e+00,1.6558304000e-02
0.0000000000e+00,1.6558304000e-02
0.0000000000e+00,1.6558304000e-02
0.0000000000e+00,1.6558304000e-02
0.0000000000e+00,1.6558304000e-02
0.0000000000e+00,1.6558304000e-02
0.0000000000e+00,1.6558304000e-02
0.0000000000e+00,1.6042937000e-02
0.0000000000e+00,1.1774519000e-02
0.0000000000e+00,7.5061009000e-03
0.0000000000e+00,3.2376829000e-03
0.0000000000e+00,0.0000000000e+00
0.0000000000e+00,0.0000000000e+00
0.0000000000e+00,0.0000000000e+00
0.0000000000e+00,0.0000000000e+00
0.0000000000e+00,0.0000000000e+00
0.0000000000e+00,0.0000000000e+00
0.0000000000e+00,0.0000000000e+00
0.0000000000e+00,0.0000000000e+00
0.0000000000e+00,0.0000000000e+00
0.0000000000e+00,2.7324569000e-03
0.0000000000e+00,6.3377982000e-03
0.0000000000e+00,9.9431388000e-03
0.0000000000e+00,1.3548480000e-02
0.0000000000e+00,1.3984922000e-02
0.0000000000e+00,1.3984922000e-02
0.0000000000e+00,1.3984922000e-02
0.0000000000e+00,1.3984922000e-02
0.0000000000e+00,1.3984922000e-02
0.0000000000e+00,1.3984922000e-02
0.0000000000e+00,1.3984922000e-02
0.0000000000e+00,1.3548480000e-02
0.0000000000e+00,9.9431388000e-03
0.0000000000e+00,6.3377982000e-03
0.0000000000e+00,2.7324569000e-03
0.0000000000e+00,0.0000000000e+00
0.0000000000e+00,0.0000000000e+00
0.0000000000e+00,0.0000000000e+00
0.0000000000e+00,0.0000000000e+00
0.0000000000e+00,0.0000000000e+00
0.0000000000e+00,0.0000000000e+00
0.0000000000e+00,0.0000000000e+00
0.0000000000e+00,0.0000000000e+00
0.0000000000e+00,0.0000000000e+00
0.0000000000e+00,2.3755776000e-03
0.0000000000e+00,5.5152448000e-03
0.0000000000e+00,8.6549120000e-03
0.0000000000e+00,1.1794579000e-02
0.0000000000e+00,1.2176624000e-02
0.0000000000e+00,1.2176624000e-02
0.0000000000e+00,1.2176624000e-02
0.0000000000e+00,1.2176624000e-02
0.0000000000e+00,1.2176624000e-02
0.0000000000e+00,1.2176624000e-02
0.0000000000e+00,1.2176624000e-02
0.0000000000e+00,1.1794579000e-02
0.0000000000e+00,8.6549120000e-03
0.0000000000e+00,5.5152448000e-03
0.0000000000e+00,2.3755776000e-03
0.0000000000e+00,0.0000000000e+00
0.0000000000e+00,0.0000000000e+00
0.0000000000e+00,0.0000000000e+00
0.0000000000e+00,0.0000000000e+00
0.0000000000e+00,0.0000000000e+00
0.0000000000e+00,0.0000000000e+00
0.0000000000e+00,0.0000000000e+00
0.0000000000e+00,0.0000000000e+00
0.0000000000e+00,0.0000000000e+00
0.0000000000e+00,2.3416455000e-03
0.0000000000e+00,5.4441979000e-03
0.0000000000e+00,8.5467510000e-03
0.0000000000e+00,1.1649303000e-02
0.0000000000e+00,1.2029757000e-02
0.0000000000e+00,1.2029757000e-02
0.0000000000e+00,1.2029757000e-02
0.0000000000e+00,1.2029757000e-02
0.0000000000e+00,1.2029757000e-02
0.0000000000e+00,1.2029757000e-02
0.0000000000e+00,1.2029757000e-02
0.0000000000e+00,1.1649303000e-02
0.0000000000e+00,8.5467510000e-03
0.0000000000e+00,5.4441979000e-03
0.0000000000e+00,2.3416455000e-03
0.0000000000e+00,0.0000000000e+00
0.0000000000e+00,0.0000000000e+00
0.0000000000e+00,0.0000000000e+00
0.0000000000e+00,0.0000000000e+00
0.0000000000e+00,0.0000000000e+00
0.0000000000e+00,0.0000000000e+00
0.0000000000e+00,0.0000000000e+00
0.0000000000e+00,0.0000000000e+00
0.0000000000e+00,0.0000000000e+00
0.0000000000e+00,2.6572177000e-03
0.0000000000e+00,6.1896401000e-03
0.0000000000e+00,9.7220633000e-03
0.0000000000e+00,1.3254486000e-02
0.0000000000e+00,1.3692088000e-02
0.0000000000e+00,1.3692088000e-02
0.0000000000e+00,1.3692088000e-02
0.0000000000e+00,1.3692088000e-02
0.0000000000e+00,1.3692088000e-02
0.0000000000e+00,1.3692088000e-02
0.0000000000e+00,1.3692088000e-02
0.0000000000e+00,1.3254486000e-02
0.0000000000e+00,9.7220633000e-03
0.0000000000e+00,6.1896401000e-03
0.0000000000e+00,2.6572177000e-03
0.0000000000e+00,0.0000000000e+00
0.0000000000e+00,0.0000000000e+00
0.0000000000e+00,0.0000000000e+00
0.0000000000e+00,0.0000000000e+00
0.0000000000e+00,0.0000000000e+00
0.0000000000e+00,0.0000000000e+00
0.0000000000e+00,0.0000000000e+00
0.0000000000e+00,0.0000000000e+00
0.0000000000e+00,0.0000000000e+00
0.0000000000e+00,2.0669659000e-03
0.0000000000e+00,4.8262267000e-03
0.0000000000e+00,7.5854878000e-03
0.0000000000e+00,1.0344749000e-02
0.0000000000e+00,1.0690897000e-02
0.0000000000e+00,1.0690897000e-02
0.0000000000e+00,1.0690897000e-02
0.0000000000e+00,1.0690897000e-02
0.0000000000e+00,1.0690897000e-02
0.0000000000e+00,1.0690897000e-02
0.0000000000e+00,1.0690897000e-02
0.0000000000e+00,1.0344749000e-02
0.0000000000e+00,7.5854878000e-03
0.0000000000e+00,4.8262267000e-03
0.0000000000e+00,2.0669659000e-03
0.0000000000e+00,0.0000000000e+00
0.0000000000e+00,0.0000000000e+00
0.0000000000e+00,0.0000000000e+00
0.0000000000e+00,0.0000000000e+00
0.0000000000e+00,0.0000000000e+00
0.0000000000e+00,0.0000000000e+00
0.0000000000e+00,0.0000000000e+00
0.0000000000e+00,0.0000000000e+00
0.0000000000e+00,0.0000000000e+00
0.0000000000e+00,2.0122577000e-03
0.0000000000e+00,4.7120252000e-03
0.0000000000e+00,7.4117924000e-03
0.0000000000e+00,1.0111560000e-02
0.0000000000e+00,1.0455315000e-02
0.0000000000e+00,1.0455315000e-02
0.0000000000e+00,1.0455315000e-02
0.0000000000e+00,1.0455315000e-02
0.0000000000e+00,1.0455315000e-02
0.0000000000e+00,1.0455315000e-02
0.0000000000e+00,1.0455315000e-02
0.0000000000e+00,1.0111560000e-02
0.0000000000e+00,7.4117924000e-03
0.0000000000e+00,4.7120252000e-03
0.0000000000e+00,2.0122577000e-03
0.0000000000e+00,0.0000000000e+00
0.0000000000e+00,0.0000000000e+00
0.0000000000e+00,0.0000000000e+00
0.0000000000e+00,0.0000000000e+00
0.0000000000e+00,0.0000000000e+00
0.0000000000e+00,0.0000000000e+00
0.0000000000e+00,0.0000000000e+00
0.0000000000e+00,0.0000000000e+00
0.0000000000e+00,0.0000000000e+00
0.0000000000e+00,2.0089543000e-03
0.0000000000e+00,4.7202022000e-03
0.0000000000e+00,7.4314503000e-03
0.0000000000e+00,1.0142698000e-02
0.0000000000e+00,1.0493845000e-02
0.0000000000e+00,1.0493845000e-02
0.0000000000e+00,1.0493845000e-02
0.0000000000e+00,1.0493845000e-02
0.0000000000e+00,1.0493845000e-02
0.0000000000e+00,1.0493845000e-02
0.0000000000e+00,1.0493845000e-02
0.0000000000e+00,1.0142698000e-02
0.0000000000e+00,7.4314503000e-03
0.0000000000e+00,4.7202022000e-03
0.0000000000e+00,2.0089543000e-03
0.0000000000e+00,0.0000000000e+00
0.0000000000e+00,0.0000000000e+00
0.0000000000e+00,0.0000000000e+00
0.0000000000e+00,0.0000000000e+00
0.0000000000e+00,0.0000000000e+00
0.0000000000e+00,0.0000000000e+00
0.0000000000e+00,0.0000000000e+00
0.0000000000e+00,0.0000000000e+00
0.0000000000e+00,0.0000000000e+00
0.0000000000e+00,1.8010049000e-03
0.0000000000e+00,4.2480836000e-03
0.0000000000e+00,6.6951625000e-03
0.0000000000e+00,9.1422414000e-03
0.0000000000e+00,9.4652781000e-03
0.0000000000e+00,9.4652781000e-03
0.0000000000e+00,9.4652781000e-03
0.0000000000e+00,9.4652781000e-03
0.0000000000e+00,9.4652781000e-03
0.0000000000e+00,9.4652781000e-03
0.0000000000e+00,9.4652781000e-03
0.0000000000e+00,9.1422414000e-03
0.0000000000e+00,6.6951625000e-03
0.0000000000e+00,4.2480836000e-03
0.0000000000e+00,1.8010049000e-03
0.0000000000e+00,0.0000000000e+00
0.0000000000e+00,0.0000000000e+00
0.0000000000e+00,0.0000000000e+00
0.0000000000e+00,0.0000000000e+00
0.0000000000e+00,0.0000000000e+00
0.0000000000e+00,0.0000000000e+00
0.0000000000e+00,0.0000000000e+00
0.0000000000e+00,0.0000000000e+00
0.0000000000e+00,0.0000000000e+00
0.0000000000e+00,2.2552847000e-03
0.0000000000e+00,5.3430977000e-03
0.0000000000e+00,8.4309112000e-03
0.0000000000e+00,1.1518724000e-02
0.0000000000e+00,1.1934988000e-02
0.0000000000e+00,1.1934988000e-02
0.0000000000e+00,1.1934988000e-02
0.0000000000e+00,1.1934988000e-02
0.0000000000e+00,1.1934988000e-02
0.0000000000e+00,1.1934988000e-02
0.0000000000e+00,1.1934988000e-02
0.0000000000e+00,1.1518724000e-02
0.0000000000e+00,8.4309112000e-03
0.0000000000e+00,5.3430977000e-03
0.0000000000e+00,2.2552847000e-03
0.0000000000e+00,0.0000000000e+00
0.0000000000e+00,0.0000000000e+00
0.0000000000e+00,0.0000000000e+00
0.0000000000e+00,0.0000000000e+00
0.0000000000e+00,0.0000000000e+00
0.0000000000e+00,0.0000000000e+00
0.0000000000e+00,0.0000000000e+00
0.0000000000e+00,0.0000000000e+00
0.0000000000e+00,0.0000000000e+00
0.0000000000e+00,2.3110884000e-03
0.0000000000e+00,5.5024144000e-03
0.0000000000e+00,8.6937407000e-03
0.0000000000e+00,1.1885067000e-02
0.0000000000e+00,1.2325185000e-02
0.0000000000e+00,1.2325185000e-02
0.0000000000e+00,1.2325185000e-02
0.0000000000e+00,1.2325185000e-02
0.0000000000e+00,1.2325185000e-02
0.0000000000e+00,1.2325185000e-02
0.0000000000e+00,1.2325185000e-02
0.0000000000e+00,1.1885067000e-02
0.0000000000e+00,8.6937407000e-03
0.0000000000e+00,5.5024144000e-03
0.0000000000e+00,2.3110884000e-03
0.0000000000e+00,0.0000000000e+00
0.0000000000e+00,0.0000000000e+00
0.0000000000e+00,0.0000000000e+00
0.0000000000e+00,0.0000000000e+00
0.0000000000e+00,0.0000000000e+00
0.0000000000e+00,0.0000000000e+00
0.0000000000e+00,0.0000000000e+00
0.0000000000e+00,0.0000000000e+00
0.0000000000e+00,0.0000000000e+00
0.0000000000e+00,2.2006400000e-03
0.0000000000e+00,5.2838600000e-03
0.0000000000e+00,8.3670793000e-03
0.0000000000e+00,1.1450300000e-02
0.0000000000e+00,1.1891590000e-02
0.0000000000e+00,1.1891590000e-02
0.0000000000e+00,1.1891590000e-02
0.0000000000e+00,1.1891590000e-02
0.0000000000e+00,1.1891590000e-02
0.0000000000e+00,1.1891590000e-02
0.0000000000e+00,1.1891590000e-02
0.0000000000e+00,1.1450300000e-02
0.0000000000e+00,8.3670793000e-03
0.0000000000e+00,5.2838600000e-03
0.0000000000e+00,2.2006400000e-03
0.0000000000e+00,0.0000000000e+00
0.0000000000e+00,0.0000000000e+00
0.0000000000e+00,0.0000000000e+00
0.0000000000e+00,0.0000000000e+00
0.0000000000e+00,0.0000000000e+00
0.0000000000e+00,0.0000000000e+00
0.0000000000e+00,0.0000000000e+00
0.0000000000e+00,0.0000000000e+00
0.0000000000e+00,0.0000000000e+00
0.0000000000e+00,1.8559039000e-03
0.0000000000e+00,4.4844677000e-03
0.0000000000e+00,7.1130316000e-03
0.0000000000e+00,9.7415950000e-03
0.0000000000e+00,1.0127925000e-02
0.0000000000e+00,1.0127925000e-02
0.0000000000e+00,1.0127925000e-02
0.0000000000e+00,1.0127925000e-02
0.0000000000e+00,1.0127925000e-02
0.0000000000e+00,1.0127925000e-02
0.0000000000e+00,1.0127925000e-02
0.0000000000e+00,9.7415950000e-03
0.0000000000e+00,7.1130316000e-03
0.0000000000e+00,4.4844677000e-03
0.0000000000e+00,1.8559039000e-03
0.0000000000e+00,0.0000000000e+00
0.0000000000e+00,0.0000000000e+00
0.0000000000e+00,0.0000000000e+00
0.0000000000e+00,0.0000000000e+00
0.0000000000e+00,0.0000000000e+00
0.0000000000e+00,0.0000000000e+00
0.0000000000e+00,0.0000000000e+00
0.0000000000e+00,0.0000000000e+00
0.0000000000e+00,0.0000000000e+00
0.0000000000e+00,1.8531982000e-03
0.0000000000e+00,4.5090774000e-03
0.0000000000e+00,7.1649570000e-03
0.0000000000e+00,9.8208366000e-03
0.0000000000e+00,1.0222177000e-02
0.0000000000e+00,1.0222177000e-02
0.0000000000e+00,1.0222177000e-02
0.0000000000e+00,1.0222177000e-02
0.0000000000e+00,1.0222177000e-02
0.0000000000e+00,1.0222177000e-02
0.0000000000e+00,1.0222177000e-02
0.0000000000e+00,9.8208366000e-03
0.0000000000e+00,7.1649570000e-03
0.0000000000e+00,4.5090774000e-03
0.0000000000e+00,1.8531982000e-03
0.0000000000e+00,0.0000000000e+00
0.0000000000e+00,0.0000000000e+00
0.0000000000e+00,0.0000000000e+00
0.0000000000e+00,0.0000000000e+00
0.0000000000e+00,0.0000000000e+00
0.0000000000e+00,0.0000000000e+00
0.0000000000e+00,0.0000000000e+00
0.0000000000e+00,0.0000000000e+00
0.0000000000e+00,0.0000000000e+00
0.0000000000e+00,2.2333155000e-03
0.0000000000e+00,5.4751146000e-03
0.0000000000e+00,8.7169139000e-03
0.0000000000e+00,1.1958713000e-02
0.0000000000e+00,1.2462955000e-02
0.0000000000e+00,1.2462955000e-02
0.0000000000e+00,1.2462955000e-02
0.0000000000e+00,1.2462955000e-02
0.0000000000e+00,1.2462955000e-02
0.0000000000e+00,1.2462955000e-02
0.0000000000e+00,1.2462955000e-02
0.0000000000e+00,1.1958713000e-02
0.0000000000e+00,8.7169139000e-03
0.0000000000e+00,5.4751146000e-03
0.0000000000e+00,2.2333155000e-03
0.0000000000e+00,0.0000000000e+00
0.0000000000e+00,0.0000000000e+00
0.0000000000e+00,0.0000000000e+00
0.0000000000e+00,0.0000000000e+00
0.0000000000e+00,0.0000000000e+00
0.0000000000e+00,0.0000000000e+00
0.0000000000e+00,0.0000000000e+00
0.0000000000e+00,0.0000000000e+00
0.0000000000e+00,0.0000000000e+00
0.0000000000e+00,2.5426445000e-03
0.0000000000e+00,6.2846844000e-03
0.0000000000e+00,1.0026725000e-02
0.0000000000e+00,1.3768765000e-02
0.0000000000e+00,1.4368462000e-02
0.0000000000e+00,1.4368462000e-02
0.0000000000e+00,1.4368462000e-02
0.0000000000e+00,1.4368462000e-02
0.0000000000e+00,1.4368462000e-02
0.0000000000e+00,1.4368462000e-02
0.0000000000e+00,1.4368462000e-02
0.0000000000e+00,1.3768765000e-02
0.0000000000e+00,1.0026725000e-02
0.0000000000e+00,6.2846844000e-03
0.0000000000e+00,2.5426445000e-03
0.0000000000e+00,0.0000000000e+00
0.0000000000e+00,0.0000000000e+00
0.0000000000e+00,0.0000000000e+00
0.0000000000e+00,0.0000000000e+00
0.0000000000e+00,0.0000000000e+00
0.0000000000e+00,0.0000000000e+00
0.0000000000e+00,0.0000000000e+00
0.0000000000e+00,0.0000000000e+00
0.0000000000e+00,0.0000000000e+00
0.0000000000e+00,2.1460603000e-03
0.0000000000e+00,5.3516016000e-03
0.0000000000e+00,8.5571427000e-03
0.0000000000e+00,1.1762684000e-02
0.0000000000e+00,1.2292424000e-02
0.0000000000e+00,1.2292424000e-02
0.0000000000e+00,1.2292424000e-02
0.0000000000e+00,1.2292424000e-02
0.0000000000e+00,1.2292424000e-02
0.0000000000e+00,1.2292424000e-02
0.0000000000e+00,1.2292424000e-02
0.0000000000e+00,1.1762684000e-02
0.0000000000e+00,8.5571427000e-03
0.0000000000e+00,5.3516016000e-03
0.0000000000e+00,2.1460603000e-03
0.0000000000e+00,0.0000000000e+00
0.0000000000e+00,0.0000000000e+00
0.0000000000e+00,0.0000000000e+00
0.0000000000e+00,0.0000000000e+00
0.0000000000e+00,0.0000000000e+00
0.0000000000e+00,0.0000000000e+00
0.0000000000e+00,0.0000000000e+00
0.0000000000e+00,0.0000000000e+00
0.0000000000e+00,0.0000000000e+00
0.0000000000e+00,2.1820315000e-03
0.0000000000e+00,5.4935012000e-03
0.0000000000e+00,8.8049704000e-03
0.0000000000e+00,1.2116441000e-02
0.0000000000e+00,1.2681159000e-02
0.0000000000e+00,1.2681159000e-02
0.0000000000e+00,1.2681159000e-02
0.0000000000e+00,1.2681159000e-02
0.0000000000e+00,1.2681159000e-02
0.0000000000e+00,1.2681159000e-02
0.0000000000e+00,1.2681159000e-02
0.0000000000e+00,1.2116441000e-02
0.0000000000e+00,8.8049704000e-03
0.0000000000e+00,5.4935012000e-03
0.0000000000e+00,2.1820315000e-03
0.0000000000e+00,0.0000000000e+00
0.0000000000e+00,0.0000000000e+00
0.0000000000e+00,0.0000000000e+00
0.0000000000e+00,0.0000000000e+00
0.0000000000e+00,0.0000000000e+00
0.0000000000e+00,0.0000000000e+00
0.0000000000e+00,0.0000000000e+00
0.0000000000e+00,0.0000000000e+00
0.0000000000e+00,0.0000000000e+00
0.0000000000e+00,2.3274890000e-03
0.0000000000e+00,5.9202388000e-03
0.0000000000e+00,9.5129879000e-03
0.0000000000e+00,1.3105738000e-02
0.0000000000e+00,1.3738368000e-02
0.0000000000e+00,1.3738368000e-02
0.0000000000e+00,1.3738368000e-02
0.0000000000e+00,1.3738368000e-02
0.0000000000e+00,1.3738368000e-02
0.0000000000e+00,1.3738368000e-02
0.0000000000e+00,1.3738368000e-02
0.0000000000e+00,1.3105738000e-02
0.0000000000e+00,9.5129879000e-03
0.0000000000e+00,5.9202388000e-03
0.0000000000e+00,2.3274890000e-03
0.0000000000e+00,0.0000000000e+00
0.0000000000e+00,0.0000000000e+00
0.0000000000e+00,0.0000000000e+00
0.0000000000e+00,0.0000000000e+00
0.0000000000e+00,0.0000000000e+00
0.0000000000e+00,0.0000000000e+00
0.0000000000e+00,0.0000000000e+00
0.0000000000e+00,0.0000000000e+00
0.0000000000e+00,0.0000000000e+00
0.0000000000e+00,2.2439989000e-03
0.0000000000e+00,5.7712621000e-03
0.0000000000e+00,9.2985258000e-03
0.0000000000e+00,1.2825789000e-02
0.0000000000e+00,1.3467421000e-02
0.0000000000e+00,1.3467421000e-02
0.0000000000e+00,1.3467421000e-02
0.0000000000e+00,1.3467421000e-02
0.0000000000e+00,1.3467421000e-02
0.0000000000e+00,1.3467421000e-02
0.0000000000e+00,1.3467421000e-02
0.0000000000e+00,1.2825789000e-02
0.0000000000e+00,9.2985258000e-03
0.0000000000e+00,5.7712621000e-03
0.0000000000e+00,2.2439989000e-03
0.0000000000e+00,0.0000000000e+00
0.0000000000e+00,0.0000000000e+00
0.0000000000e+00,0.0000000000e+00
0.0000000000e+00,0.0000000000e+00
0.0000000000e+00,0.0000000000e+00
0.0000000000e+00,0.0000000000e+00
0.0000000000e+00,0.0000000000e+00
0.0000000000e+00,0.0000000000e+00
0.0000000000e+00,0.0000000000e+00
0.0000000000e+00,2.1425369000e-03
0.0000000000e+00,5.5760201000e-03
0.0000000000e+00,9.0095028000e-03
0.0000000000e+00,1.2442986000e-02
0.0000000000e+00,1.3088459000e-02
0.0000000000e+00,1.3088459000e-02
0.0000000000e+00,1.3088459000e-02
0.0000000000e+00,1.3088459000e-02
0.0000000000e+00,1.3088459000e-02
0.0000000000e+00,1.3088459000e-02
0.0000000000e+00,1.3088459000e-02
0.0000000000e+00,1.2442986000e-02
0.0000000000e+00,9.0095028000e-03
0.0000000000e+00,5.5760201000e-03
0.0000000000e+00,2.1425369000e-03
0.0000000000e+00,0.0000000000e+00
0.0000000000e+00,0.0000000000e+00
0.0000000000e+00,0.0000000000e+00
0.0000000000e+00,0.0000000000e+00
0.0000000000e+00,0.0000000000e+00
0.0000000000e+00,0.0000000000e+00
0.0000000000e+00,0.0000000000e+00
0.0000000000e+00,0.0000000000e+00
0.0000000000e+00,0.0000000000e+00
0.0000000000e+00,2.1462040000e-03
0.0000000000e+00,5.6570005000e-03
0.0000000000e+00,9.1677969000e-03
0.0000000000e+00,1.2678593000e-02
0.0000000000e+00,1.3360890000e-02
0.0000000000e+00,1.3360890000e-02
0.0000000000e+00,1.3360890000e-02
0.0000000000e+00,1.3360890000e-02
0.0000000000e+00,1.3360890000e-02
0.0000000000e+00,1.3360890000e-02
0.0000000000e+00,1.3360890000e-02
0.0000000000e+00,1.2678593000e-02
0.0000000000e+00,9.1677969000e-03
0.0000000000e+00,5.6570005000e-03
0.0000000000e+00,2.1462040000e-03
0.0000000000e+00,0.0000000000e+00
0.0000000000e+00,0.0000000000e+00
0.0000000000e+00,0.0000000000e+00
0.0000000000e+00,0.0000000000e+00
0.0000000000e+00,0.0000000000e+00
0.0000000000e+00,0.0000000000e+00
0.0000000000e+00,0.0000000000e+00
0.0000000000e+00,0.0000000000e+00
0.0000000000e+00,0.0000000000e+00
0.0000000000e+00,2.5247433000e-03
0.0000000000e+00,6.7459843000e-03
0.0000000000e+00,1.0967226000e-02
0.0000000000e+00,1.5188467000e-02
0.0000000000e+00,1.6036715000e-02
0.0000000000e+00,1.6036715000e-02
0.0000000000e+00,1.6036715000e-02
0.0000000000e+00,1.6036715000e-02
0.0000000000e+00,1.6036715000e-02
0.0000000000e+00,1.6036715000e-02
0.0000000000e+00,1.6036715000e-02
0.0000000000e+00,1.5188467000e-02
0.0000000000e+00,1.0967226000e-02
0.0000000000e+00,6.7459843000e-03
0.0000000000e+00,2.5247433000e-03
0.0000000000e+00,0.0000000000e+00
0.0000000000e+00,0.0000000000e+00
0.0000000000e+00,0.0000000000e+00
0.0000000000e+00,0.0000000000e+00
0.0000000000e+00,0.0000000000e+00
0.0000000000e+00,0.0000000000e+00
0.0000000000e+00,0.0000000000e+00
0.0000000000e+00,0.0000000000e+00
0.0000000000e+00,0.0000000000e+00
0.0000000000e+00,2.4619272000e-03
0.0000000000e+00,6.6747484000e-03
0.0000000000e+00,1.0887570000e-02
0.0000000000e+00,1.5100391000e-02
0.0000000000e+00,1.5975839000e-02
0.0000000000e+00,1.5975839000e-02
0.0000000000e+00,1.5975839000e-02
0.0000000000e+00,1.5975839000e-02
0.0000000000e+00,1.5975839000e-02
0.0000000000e+00,1.5975839000e-02
0.0000000000e+00,1.5975839000e-02
0.0000000000e+00,1.5100391000e-02
0.0000000000e+00,1.0887570000e-02
0.0000000000e+00,6.6747484000e-03
0.0000000000e+00,2.4619272000e-03
0.0000000000e+00,0.0000000000e+00
0.0000000000e+00,0.0000000000e+00
0.0000000000e+00,0.0000000000e+00
0.0000000000e+00,0.0000000000e+00
0.0000000000e+00,0.0000000000e+00
0.0000000000e+00,0.0000000000e+00
0.0000000000e+00,0.0000000000e+00
0.0000000000e+00,0.0000000000e+00
0.0000000000e+00,0.0000000000e+00
0.0000000000e+00,2.1848930000e-03
0.0000000000e+00,6.0168346000e-03
0.0000000000e+00,9.8487763000e-03
0.0000000000e+00,1.3680718000e-02
0.0000000000e+00,1.4504242000e-02
0.0000000000e+00,1.4504242000e-02
0.0000000000e+00,1.4504242000e-02
0.0000000000e+00,1.4504242000e-02
0.0000000000e+00,1.4504242000e-02
0.0000000000e+00,1.4504242000e-02
0.0000000000e+00,1.4504242000e-02
0.0000000000e+00,1.3680718000e-02
0.0000000000e+00,9.8487763000e-03
0.0000000000e+00,6.0168346000e-03
0.0000000000e+00,2.1848930000e-03
0.0000000000e+00,0.0000000000e+00
0.0000000000e+00,0.0000000000e+00
0.0000000000e+00,0.0000000000e+00
0.0000000000e+00,0.0000000000e+00
0.0000000000e+00,0.0000000000e+00
0.0000000000e+00,0.0000000000e+00
0.0000000000e+00,0.0000000000e+00
0.0000000000e+00,0.0000000000e+00
0.0000000000e+00,0.0000000000e+00
0.0000000000e+00,2.4988106000e-03
0.0000000000e+00,6.9972491000e-03
0.0000000000e+00,1.1495688000e-02
0.0000000000e+00,1.5994126000e-02
0.0000000000e+00,1.6993940000e-02
0.0000000000e+00,1.6993940000e-02
0.0000000000e+00,1.6993940000e-02
0.0000000000e+00,1.6993940000e-02
0.0000000000e+00,1.6993940000e-02
0.0000000000e+00,1.6993940000e-02
0.0000000000e+00,1.6993940000e-02
0.0000000000e+00,1.5994126000e-02
0.0000000000e+00,1.1495688000e-02
0.0000000000e+00,6.9972491000e-03
0.0000000000e+00,2.4988106000e-03
0.0000000000e+00,0.0000000000e+00
0.0000000000e+00,0.0000000000e+00
0.0000000000e+00,0.0000000000e+00
0.0000000000e+00,0.0000000000e+00
0.0000000000e+00,0.0000000000e+00
0.0000000000e+00,0.0000000000e+00
0.0000000000e+00,0.0000000000e+00
0.0000000000e+00,0.0000000000e+00
0.0000000000e+00,0.0000000000e+00
0.0000000000e+00,2.3714220000e-03
0.0000000000e+00,6.7603942000e-03
0.0000000000e+00,1.1149366000e-02
0.0000000000e+00,1.5538339000e-02
0.0000000000e+00,1.6547114000e-02
0.0000000000e+00,1.6547114000e-02
0.0000000000e+00,1.6547114000e-02
0.0000000000e+00,1.6547114000e-02
0.0000000000e+00,1.6547114000e-02
0.0000000000e+00,1.6547114000e-02
0.0000000000e+00,1.6547114000e-02
0.0000000000e+00,1.5538339000e-02
0.0000000000e+00,1.1149366000e-02
0.0000000000e+00,6.7603942000e-03
0.0000000000e+00,2.3714220000e-03
0.0000000000e+00,0.0000000000e+00
0.0000000000e+00,0.0000000000e+00
0.0000000000e+00,0.0000000000e+00
0.0000000000e+00,0.0000000000e+00
0.0000000000e+00,0.0000000000e+00
0.0000000000e+00,0.0000000000e+00
0.0000000000e+00,0.0000000000e+00
0.0000000000e+00,0.0000000000e+00
0.0000000000e+00,0.0000000000e+00
0.0000000000e+00,2.0669978000e-03
0.0000000000e+00,6.0065496000e-03
0.0000000000e+00,9.9461013000e-03
0.0000000000e+00,1.3885653000e-02
0.0000000000e+00,1.4821930000e-02
0.0000000000e+00,1.4821930000e-02
0.0000000000e+00,1.4821930000e-02
0.0000000000e+00,1.4821930000e-02
0.0000000000e+00,1.4821930000e-02
0.0000000000e+00,1.4821930000e-02
0.0000000000e+00,1.4821930000e-02
0.0000000000e+00,1.3885653000e-02
0.0000000000e+00,9.9461013000e-03
0.0000000000e+00,6.0065496000e-03
0.0000000000e+00,2.0669978000e-03
0.0000000000e+00,0.0000000000e+00
0.0000000000e+00,0.0000000000e+00
0.0000000000e+00,0.0000000000e+00
0.0000000000e+00,0.0000000000e+00
0.0000000000e+00,0.0000000000e+00
0.0000000000e+00,0.0000000000e+00
0.0000000000e+00,0.0000000000e+00
0.0000000000e+00,0.0000000000e+00
0.0000000000e+00,0.0000000000e+00
0.0000000000e+00,1.8330999000e-03
0.0000000000e+00,5.4373904000e-03
0.0000000000e+00,9.0416810000e-03
0.0000000000e+00,1.2645971000e-02
0.0000000000e+00,1.3531567000e-02
0.0000000000e+00,1.3531567000e-02
0.0000000000e+00,1.3531567000e-02
0.0000000000e+00,1.3531567000e-02
0.0000000000e+00,1.3531567000e-02
0.0000000000e+00,1.3531567000e-02
0.0000000000e+00,1.3531567000e-02
0.0000000000e+00,1.2645971000e-02
0.0000000000e+00,9.0416810000e-03
0.0000000000e+00,5.4373904000e-03
0.0000000000e+00,1.8330999000e-03
0.0000000000e+00,0.0000000000e+00
0.0000000000e+00,0.0000000000e+00
0.0000000000e+00,0.0000000000e+00
0.0000000000e+00,0.0000000000e+00
0.0000000000e+00,0.0000000000e+00
0.0000000000e+00,0.0000000000e+00
0.0000000000e+00,0.0000000000e+00
0.0000000000e+00,0.0000000000e+00
0.0000000000e+00,0.0000000000e+00
0.0000000000e+00,1.5085461000e-03
0.0000000000e+00,4.5743641000e-03
0.0000000000e+00,7.6401816000e-03
0.0000000000e+00,1.0705999000e-02
0.0000000000e+00,1.1484635000e-02
0.0000000000e+00,1.1484635000e-02
0.0000000000e+00,1.1484635000e-02
0.0000000000e+00,1.1484635000e-02
0.0000000000e+00,1.1484635000e-02
0.0000000000e+00,1.1484635000e-02
0.0000000000e+00,1.1484635000e-02
0.0000000000e+00,1.0705999000e-02
0.0000000000e+00,7.6401816000e-03
0.0000000000e+00,4.5743641000e-03
0.0000000000e+00,1.5085461000e-03
0.0000000000e+00,0.0000000000e+00
0.0000000000e+00,0.0000000000e+00
0.0000000000e+00,0.0000000000e+00
0.0000000000e+00,0.0000000000e+00
0.0000000000e+00,0.0000000000e+00
0.0000000000e+00,0.0000000000e+00
0.0000000000e+00,0.0000000000e+00
0.0000000000e+00,0.0000000000e+00
0.0000000000e+00,0.0000000000e+00
0.0000000000e+00,1.4179059000e-03
0.0000000000e+00,4.4024414000e-03
0.0000000000e+00,7.3869769000e-03
0.0000000000e+00,1.0371513000e-02
0.0000000000e+00,1.1154828000e-02
0.0000000000e+00,1.1154828000e-02
0.0000000000e+00,1.1154828000e-02
0.0000000000e+00,1.1154828000e-02
0.0000000000e+00,1.1154828000e-02
0.0000000000e+00,1.1154828000e-02
0.0000000000e+00,1.1154828000e-02
0.0000000000e+00,1.0371513000e-02
0.0000000000e+00,7.3869769000e-03
0.0000000000e+00,4.4024414000e-03
0.0000000000e+00,1.4179059000e-03
0.0000000000e+00,0.0000000000e+00
0.0000000000e+00,0.0000000000e+00
0.0000000000e+00,0.0000000000e+00
0.0000000000e+00,0.0000000000e+00
0.0000000000e+00,0.0000000000e+00
0.0000000000e+00,0.0000000000e+00
0.0000000000e+00,0.0000000000e+00
0.0000000000e+00,0.0000000000e+00
0.0000000000e+00,0.0000000000e+00
0.0000000000e+00,1.4078041000e-03
0.0000000000e+00,4.4836858000e-03
0.0000000000e+00,7.5595677000e-03
0.0000000000e+00,1.0635450000e-02
0.0000000000e+00,1.1469489000e-02
0.0000000000e+00,1.1469489000e-02
0.0000000000e+00,1.1469489000e-02
0.0000000000e+00,1.1469489000e-02
0.0000000000e+00,1.1469489000e-02
0.0000000000e+00,1.1469489000e-02
0.0000000000e+00,1.1469489000e-02
0.0000000000e+00,1.0635450000e-02
0.0000000000e+00,7.5595677000e-03
0.0000000000e+00,4.4836858000e-03
0.0000000000e+00,1.4078041000e-03
0.0000000000e+00,0.0000000000e+00
0.0000000000e+00,0.0000000000e+00
0.0000000000e+00,0.0000000000e+00
0.0000000000e+00,0.0000000000e+00
0.0000000000e+00,0.0000000000e+00
0.0000000000e+00,0.0000000000e+00
0.0000000000e+00,0.0000000000e+00
0.0000000000e+00,0.0000000000e+00
0.0000000000e+00,0.0000000000e+00
0.0000000000e+00,1.6303784000e-03
0.0000000000e+00,5.3367554000e-03
0.0000000000e+00,9.0431329000e-03
0.0000000000e+00,1.2749510000e-02
0.0000000000e+00,1.3787509000e-02
0.0000000000e+00,1.3787509000e-02
0.0000000000e+00,1.3787509000e-02
0.0000000000e+00,1.3787509000e-02
0.0000000000e+00,1.3787509000e-02
0.0000000000e+00,1.3787509000e-02
0.0000000000e+00,1.3787509000e-02
0.0000000000e+00,1.2749510000e-02
0.0000000000e+00,9.0431329000e-03
0.0000000000e+00,5.3367554000e-03
0.0000000000e+00,1.6303784000e-03
0.0000000000e+00,0.0000000000e+00
0.0000000000e+00,0.0000000000e+00
0.0000000000e+00,0.0000000000e+00
0.0000000000e+00,0.0000000000e+00
0.0000000000e+00,0.0000000000e+00
0.0000000000e+00,0.0000000000e+00
0.0000000000e+00,0.0000000000e+00
0.0000000000e+00,0.0000000000e+00
0.0000000000e+00,0.0000000000e+00
0.0000000000e+00,1.7477568000e-03
0.0000000000e+00,5.8925524000e-03
0.0000000000e+00,1.0037349000e-02
0.0000000000e+00,1.4182144000e-02
0.0000000000e+00,1.5380664000e-02
0.0000000000e+00,1.5380664000e-02
0.0000000000e+00,1.5380664000e-02
0.0000000000e+00,1.5380664000e-02
0.0000000000e+00,1.5380664000e-02
0.0000000000e+00,1.5380664000e-02
0.0000000000e+00,1.5380664000e-02
0.0000000000e+00,1.4182144000e-02
0.0000000000e+00,1.0037349000e-02
0.0000000000e+00,5.8925524000e-03
0.0000000000e+00,1.7477568000e-03
0.0000000000e+00,0.0000000000e+00
0.0000000000e+00,0.0000000000e+00
0.0000000000e+00,0.0000000000e+00
0.0000000000e+00,0.0000000000e+00
0.0000000000e+00,0.0000000000e+00
0.0000000000e+00,0.0000000000e+00
0.0000000000e+00,0.0000000000e+00
0.0000000000e+00,0.0000000000e+00
0.0000000000e+00,0.0000000000e+00
0.0000000000e+00,1.5606956000e-03
0.0000000000e+00,5.4326900000e-03
0.0000000000e+00,9.3046846000e-03
0.0000000000e+00,1.3176680000e-02
0.0000000000e+00,1.4332329000e-02
0.0000000000e+00,1.4332329000e-02
0.0000000000e+00,1.4332329000e-02
0.0000000000e+00,1.4332329000e-02
0.0000000000e+00,1.4332329000e-02
0.0000000000e+00,1.4332329000e-02
0.0000000000e+00,1.4332329000e-02
0.0000000000e+00,1.3176680000e-02
0.0000000000e+00,9.3046846000e-03
0.0000000000e+00,5.4326900000e-03
0.0000000000e+00,1.5606956000e-03
0.0000000000e+00,0.0000000000e+00
0.0000000000e+00,0.0000000000e+00
0.0000000000e+00,0.0000000000e+00
0.0000000000e+00,0.0000000000e+00
0.0000000000e+00,0.0000000000e+00
0.0000000000e+00,0.0000000000e+00
0.0000000000e+00,0.0000000000e+00
0.0000000000e+00,0.0000000000e+00
0.0000000000e+00,0.0000000000e+00
0.0000000000e+00,1.6038402000e-03
0.0000000000e+00,5.7795467000e-03
0.0000000000e+00,9.9552525000e-03
0.0000000000e+00,1.4130959000e-02
0.0000000000e+00,1.5416892000e-02
0.0000000000e+00,1.5416892000e-02
0.0000000000e+00,1.5416892000e-02
0.0000000000e+00,1.5416892000e-02
0.0000000000e+00,1.5416892000e-02
0.0000000000e+00,1.5416892000e-02
0.0000000000e+00,1.5416892000e-02
0.0000000000e+00,1.4130959000e-02
0.0000000000e+00,9.9552525000e-03
0.0000000000e+00,5.7795467000e-03
0.0000000000e+00,1.6038402000e-03
0.0000000000e+00,0.0000000000e+00
0.0000000000e+00,0.0000000000e+00
0.0000000000e+00,0.0000000000e+00
0.0000000000e+00,0.0000000000e+00
0.0000000000e+00,0.0000000000e+00
0.0000000000e+00,0.0000000000e+00
0.0000000000e+00,0.0000000000e+00
0.0000000000e+00,0.0000000000e+00
0.0000000000e+00,0.0000000000e+00
0.0000000000e+00,1.5413793000e-03
0.0000000000e+00,5.7674376000e-03
0.0000000000e+00,9.9934964000e-03
0.0000000000e+00,1.4219555000e-02
0.0000000000e+00,1.5561895000e-02
0.0000000000e+00,1.5561895000e-02
0.0000000000e+00,1.5561895000e-02
0.0000000000e+00,1.5561895000e-02
0.0000000000e+00,1.5561895000e-02
0.0000000000e+00,1.5561895000e-02
0.0000000000e+00,1.5561895000e-02
0.0000000000e+00,1.4219555000e-02
0.0000000000e+00,9.9934964000e-03
0.0000000000e+00,5.7674376000e-03
0.0000000000e+00,1.5413793000e-03
0.0000000000e+00,0.0000000000e+00
0.0000000000e+00,0.0000000000e+00
0.0000000000e+00,0.0000000000e+00
0.0000000000e+00,0.0000000000e+00
0.0000000000e+00,0.0000000000e+00
0.0000000000e+00,0.0000000000e+00
0.0000000000e+00,0.0000000000e+00
0.0000000000e+00,0.0000000000e+00
0.0000000000e+00,0.0000000000e+00
0.0000000000e+00,1.4230780000e-03
0.0000000000e+00,5.5477694000e-03
0.0000000000e+00,9.6724611000e-03
0.0000000000e+00,1.3797152000e-02
0.0000000000e+00,1.5147959000e-02
0.0000000000e+00,1.5147959000e-02
0.0000000000e+00,1.5147959000e-02
0.0000000000e+00,1.5147959000e-02
0.0000000000e+00,1.5147959000e-02
0.0000000000e+00,1.5147959000e-02
0.0000000000e+00,1.5147959000e-02
0.0000000000e+00,1.3797152000e-02
0.0000000000e+00,9.6724611000e-03
0.0000000000e+00,5.5477694000e-03
0.0000000000e+00,1.4230780000e-03
0.0000000000e+00,0.0000000000e+00
0.0000000000e+00,0.0000000000e+00
0.0000000000e+00,0.0000000000e+00
0.0000000000e+00,0.0000000000e+00
0.0000000000e+00,0.0000000000e+00
0.0000000000e+00,0.0000000000e+00
0.0000000000e+00,0.0000000000e+00
0.0000000000e+00,0.0000000000e+00
0.0000000000e+00,0.0000000000e+00
0.0000000000e+00,1.3487597000e-03
0.0000000000e+00,5.4994845000e-03
0.0000000000e+00,9.6502090000e-03
0.0000000000e+00,1.3800934000e-02
0.0000000000e+00,1.5201917000e-02
0.0000000000e+00,1.5201917000e-02
0.0000000000e+00,1.5201917000e-02
0.0000000000e+00,1.5201917000e-02
0.0000000000e+00,1.5201917000e-02
0.0000000000e+00,1.5201917000e-02
0.0000000000e+00,1.5201917000e-02
0.0000000000e+00,1.3800934000e-02
0.0000000000e+00,9.6502090000e-03
0.0000000000e+00,5.4994845000e-03
0.0000000000e+00,1.3487597000e-03
0.0000000000e+00,0.0000000000e+00
0.0000000000e+00,0.0000000000e+00
0.0000000000e+00,0.0000000000e+00
0.0000000000e+00,0.0000000000e+00
0.0000000000e+00,0.0000000000e+00
0.0000000000e+00,0.0000000000e+00
0.0000000000e+00,0.0000000000e+00
0.0000000000e+00,0.0000000000e+00
0.0000000000e+00,0.0000000000e+00
0.0000000000e+00,1.3560556000e-03
0.0000000000e+00,5.8089159000e-03
0.0000000000e+00,1.0261777000e-02
0.0000000000e+00,1.4714637000e-02
0.0000000000e+00,1.6263040000e-02
0.0000000000e+00,1.6263040000e-02
0.0000000000e+00,1.6263040000e-02
0.0000000000e+00,1.6263040000e-02
0.0000000000e+00,1.6263040000e-02
0.0000000000e+00,1.6263040000e-02
0.0000000000e+00,1.6263040000e-02
0.0000000000e+00,1.4714637000e-02
0.0000000000e+00,1.0261777000e-02
0.0000000000e+00,5.8089159000e-03
0.0000000000e+00,1.3560556000e-03
0.0000000000e+00,0.0000000000e+00
0.0000000000e+00,0.0000000000e+00
0.0000000000e+00,0.0000000000e+00
0.0000000000e+00,0.0000000000e+00
0.0000000000e+00,0.0000000000e+00
0.0000000000e+00,0.0000000000e+00
0.0000000000e+00,0.0000000000e+00
0.0000000000e+00,0.0000000000e+00
0.0000000000e+00,0.0000000000e+00
0.0000000000e+00,1.3124257000e-03
0.0000000000e+00,5.9369765000e-03
0.0000000000e+00,1.0561528000e-02
0.0000000000e+00,1.5186078000e-02
0.0000000000e+00,1.6842140000e-02
0.0000000000e+00,1.6842140000e-02
0.0000000000e+00,1.6842140000e-02
0.0000000000e+00,1.6842140000e-02
0.0000000000e+00,1.6842140000e-02
0.0000000000e+00,1.6842140000e-02
0.0000000000e+00,1.6842140000e-02
0.0000000000e+00,1.5186078000e-02
0.0000000000e+00,1.0561528000e-02
0.0000000000e+00,5.9369765000e-03
0.0000000000e+00,1.3124257000e-03
0.0000000000e+00,0.0000000000e+00
0.0000000000e+00,0.0000000000e+00
0.0000000000e+00,0.0000000000e+00
0.0000000000e+00,0.0000000000e+00
0.0000000000e+00,0.0000000000e+00
0.0000000000e+00,0.0000000000e+00
0.0000000000e+00,0.0000000000e+00
0.0000000000e+00,0.0000000000e+00
0.0000000000e+00,0.0000000000e+00
0.0000000000e+00,1.1570629000e-03
0.0000000000e+00,5.5609960000e-03
0.0000000000e+00,9.9649290000e-03
0.0000000000e+00,1.4368863000e-02
0.0000000000e+00,1.5992297000e-02
0.0000000000e+00,1.5992297000e-02
0.0000000000e+00,1.5992297000e-02
0.0000000000e+00,1.5992297000e-02
0.0000000000e+00,1.5992297000e-02
0.0000000000e+00,1.5992297000e-02
0.0000000000e+00,1.5992297000e-02
0.0000000000e+00,1.4368863000e-02
0.0000000000e+00,9.9649290000e-03
0.0000000000e+00,5.5609960000e-03
0.0000000000e+00,1.1570629000e-03
0.0000000000e+00,0.0000000000e+00
0.0000000000e+00,0.0000000000e+00
0.0000000000e+00,0.0000000000e+00
0.0000000000e+00,0.0000000000e+00
0.0000000000e+00,0.0000000000e+00
0.0000000000e+00,0.0000000000e+00
0.0000000000e+00,0.0000000000e+00
0.0000000000e+00,0.0000000000e+00
0.0000000000e+00,0.0000000000e+00
0.0000000000e+00,9.8854024000e-04
0.0000000000e+00,4.9099778000e-03
0.0000000000e+00,8.8314153000e-03
0.0000000000e+00,1.2752853000e-02
0.0000000000e+00,1.4219302000e-02
0.0000000000e+00,1.4219302000e-02
0.0000000000e+00,1.4219302000e-02
0.0000000000e+00,1.4219302000e-02
0.0000000000e+00,1.4219302000e-02
0.0000000000e+00,1.4219302000e-02
0.0000000000e+00,1.4219302000e-02
0.0000000000e+00,1.2752853000e-02
0.0000000000e+00,8.8314153000e-03
0.0000000000e+00,4.9099778000e-03
0.0000000000e+00,9.8854024000e-04
0.0000000000e+00,0.0000000000e+00
0.0000000000e+00,0.0000000000e+00
0.0000000000e+00,0.0000000000e+00
0.0000000000e+00,0.0000000000e+00
0.0000000000e+00,0.0000000000e+00
0.0000000000e+00,0.0000000000e+00
0.0000000000e+00,0.0000000000e+00
0.0000000000e+00,0.0000000000e+00
0.0000000000e+00,0.0000000000e+00
0.0000000000e+00,8.3782023000e-04
0.0000000000e+00,4.4716322000e-03
0.0000000000e+00,8.1054447000e-03
0.0000000000e+00,1.1739257000e-02
0.0000000000e+00,1.3137253000e-02
0.0000000000e+00,1.3137253000e-02
0.0000000000e+00,1.3137253000e-02
0.0000000000e+00,1.3137253000e-02
0.0000000000e+00,1.3137253000e-02
0.0000000000e+00,1.3137253000e-02
0.0000000000e+00,1.3137253000e-02
0.0000000000e+00,1.1739257000e-02
0.0000000000e+00,8.1054447000e-03
0.0000000000e+00,4.4716322000e-03
0.0000000000e+00,8.3782023000e-04
0.0000000000e+00,0.0000000000e+00
0.0000000000e+00,0.0000000000e+00
0.0000000000e+00,0.0000000000e+00
0.0000000000e+00,0.0000000000e+00
0.0000000000e+00,0.0000000000e+00
0.0000000000e+00,0.0000000000e+00
0.0000000000e+00,0.0000000000e+00
0.0000000000e+00,0.0000000000e+00
0.0000000000e+00,0.0000000000e+00
0.0000000000e+00,7.2304683000e-04
0.0000000000e+00,4.1868710000e-03
0.0000000000e+00,7.6506948000e-03
0.0000000000e+00,1.1114519000e-02
0.0000000000e+00,1.2484907000e-02
0.0000000000e+00,1.2484907000e-02
0.0000000000e+00,1.2484907000e-02
0.0000000000e+00,1.2484907000e-02
0.0000000000e+00,1.2484907000e-02
0.0000000000e+00,1.2484907000e-02
0.0000000000e+00,1.2484907000e-02
0.0000000000e+00,1.1114519000e-02
0.0000000000e+00,7.6506948000e-03
0.0000000000e+00,4.1868710000e-03
0.0000000000e+00,7.2304683000e-04
0.0000000000e+00,0.0000000000e+00
0.0000000000e+00,0.0000000000e+00
0.0000000000e+00,0.0000000000e+00
0.0000000000e+00,0.0000000000e+00
0.0000000000e+00,0.0000000000e+00
0.0000000000e+00,0.0000000000e+00
0.0000000000e+00,0.0000000000e+00
0.0000000000e+00,0.0000000000e+00
0.0000000000e+00,0.0000000000e+00
0.0000000000e+00,6.6004810000e-04
0.0000000000e+00,4.1966029000e-03
0.0000000000e+00,7.7331578000e-03
0.0000000000e+00,1.1269713000e-02
0.0000000000e+00,1.2707966000e-02
0.0000000000e+00,1.2707966000e-02
0.0000000000e+00,1.2707966000e-02
0.0000000000e+00,1.2707966000e-02
0.0000000000e+00,1.2707966000e-02
0.0000000000e+00,1.2707966000e-02
0.0000000000e+00,1.2707966000e-02
0.0000000000e+00,1.1269713000e-02
0.0000000000e+00,7.7331578000e-03
0.0000000000e+00,4.1966029000e-03
0.0000000000e+00,6.6004810000e-04
0.0000000000e+00,0.0000000000e+00
0.0000000000e+00,0.0000000000e+00
0.0000000000e+00,0.0000000000e+00
0.0000000000e+00,0.0000000000e+00
0.0000000000e+00,0.0000000000e+00
0.0000000000e+00,0.0000000000e+00
0.0000000000e+00,0.0000000000e+00
0.0000000000e+00,0.0000000000e+00
0.0000000000e+00,0.0000000000e+00
0.0000000000e+00,6.2958762000e-04
0.0000000000e+00,4.4626370000e-03
0.0000000000e+00,8.2956869000e-03
0.0000000000e+00,1.2128736000e-02
0.0000000000e+00,1.3730466000e-02
0.0000000000e+00,1.3730466000e-02
0.0000000000e+00,1.3730466000e-02
0.0000000000e+00,1.3730466000e-02
0.0000000000e+00,1.3730466000e-02
0.0000000000e+00,1.3730466000e-02
0.0000000000e+00,1.3730466000e-02
0.0000000000e+00,1.2128736000e-02
0.0000000000e+00,8.2956869000e-03
0.0000000000e+00,4.4626370000e-03
0.0000000000e+00,6.2958762000e-04
0.0000000000e+00,0.0000000000e+00
0.0000000000e+00,0.0000000000e+00
0.0000000000e+00,0.0000000000e+00
0.0000000000e+00,0.0000000000e+00
0.0000000000e+00,0.0000000000e+00
0.0000000000e+00,0.0000000000e+00
0.0000000000e+00,0.0000000000e+00
0.0000000000e+00,0.0000000000e+00
0.0000000000e+00,0.0000000000e+00
0.0000000000e+00,5.5945379000e-04
0.0000000000e+00,4.5103631000e-03
0.0000000000e+00,8.4612733000e-03
0.0000000000e+00,1.2412182000e-02
0.0000000000e+00,1.4107910000e-02
0.0000000000e+00,1.4107910000e-02
0.0000000000e+00,1.4107910000e-02
0.0000000000e+00,1.4107910000e-02
0.0000000000e+00,1.4107910000e-02
0.0000000000e+00,1.4107910000e-02
0.0000000000e+00,1.4107910000e-02
0.0000000000e+00,1.2412182000e-02
0.0000000000e+00,8.4612733000e-03
0.0000000000e+00,4.5103631000e-03
0.0000000000e+00,5.5945379000e-04
0.0000000000e+00,0.0000000000e+00
0.0000000000e+00,0.0000000000e+00
0.0000000000e+00,0.0000000000e+00
0.0000000000e+00,0.0000000000e+00
0.0000000000e+00,0.0000000000e+00
0.0000000000e+00,0.0000000000e+00
0.0000000000e+00,0.0000000000e+00
0.0000000000e+00,0.0000000000e+00
0.0000000000e+00,0.0000000000e+00
0.0000000000e+00,4.9096887000e-04
0.0000000000e+00,4.6274760000e-03
0.0000000000e+00,8.7639829000e-03
0.0000000000e+00,1.2900490000e-02
0.0000000000e+00,1.4723259000e-02
0.0000000000e+00,1.4723259000e-02
0.0000000000e+00,1.4723259000e-02
0.0000000000e+00,1.4723259000e-02
0.0000000000e+00,1.4723259000e-02
0.0000000000e+00,1.4723259000e-02
0.0000000000e+00,1.4723259000e-02
0.0000000000e+00,1.2900490000e-02
0.0000000000e+00,8.7639829000e-03
0.0000000000e+00,4.6274760000e-03
0.0000000000e+00,4.9096887000e-04
0.0000000000e+00,0.0000000000e+00
0.0000000000e+00,0.0000000000e+00
0.0000000000e+00,0.0000000000e+00
0.0000000000e+00,0.0000000000e+00
0.0000000000e+00,0.0000000000e+00
0.0000000000e+00,0.0000000000e+00
0.0000000000e+00,0.0000000000e+00
0.0000000000e+00,0.0000000000e+00
0.0000000000e+00,0.0000000000e+00
0.0000000000e+00,4.2841313000e-04
0.0000000000e+00,4.9128830000e-03
0.0000000000e+00,9.3973530000e-03
0.0000000000e+00,1.3881823000e-02
0.0000000000e+00,1.5909852000e-02
0.0000000000e+00,1.5909852000e-02
0.0000000000e+00,1.5909852000e-02
0.0000000000e+00,1.5909852000e-02
0.0000000000e+00,1.5909852000e-02
0.0000000000e+00,1.5909852000e-02
0.0000000000e+00,1.5909852000e-02
0.0000000000e+00,1.3881823000e-02
0.0000000000e+00,9.3973530000e-03
0.0000000000e+00,4.9128830000e-03
0.0000000000e+00,4.2841313000e-04
0.0000000000e+00,0.0000000000e+00
0.0000000000e+00,0.0000000000e+00
0.0000000000e+00,0.0000000000e+00
0.0000000000e+00,0.0000000000e+00
0.0000000000e+00,0.0000000000e+00
0.0000000000e+00,0.0000000000e+00
0.0000000000e+00,0.0000000000e+00
0.0000000000e+00,0.0000000000e+00
0.0000000000e+00,0.0000000000e+00
0.0000000000e+00,3.2595653000e-04
0.0000000000e+00,4.8447810000e-03
0.0000000000e+00,9.3636056000e-03
0.0000000000e+00,1.3882430000e-02
0.0000000000e+00,1.5978863000e-02
0.0000000000e+00,1.5978863000e-02
0.0000000000e+00,1.5978863000e-02
0.0000000000e+00,1.5978863000e-02
0.0000000000e+00,1.5978863000e-02
0.0000000000e+00,1.5978863000e-02
0.0000000000e+00,1.5978863000e-02
0.0000000000e+00,1.3882430000e-02
0.0000000000e+00,9.3636056000e-03
0.0000000000e+00,4.8447810000e-03
0.0000000000e+00,3.2595653000e-04
0.0000000000e+00,0.0000000000e+00
0.0000000000e+00,0.0000000000e+00
0.0000000000e+00,0.0000000000e+00
0.0000000000e+00,0.0000000000e+00
0.0000000000e+00,0.0000000000e+00
0.0000000000e+00,0.0000000000e+00
0.0000000000e+00,0.0000000000e+00
0.0000000000e+00,0.0000000000e+00
0.0000000000e+00,0.0000000000e+00
0.0000000000e+00,1.9896930000e-04
0.0000000000e+00,4.3012905000e-03
0.0000000000e+00,8.4036114000e-03
0.0000000000e+00,1.2505933000e-02
0.0000000000e+00,1.4457609000e-02
0.0000000000e+00,1.4457609000e-02
0.0000000000e+00,1.4457609000e-02
0.0000000000e+00,1.4457609000e-02
0.0000000000e+00,1.4457609000e-02
0.0000000000e+00,1.4457609000e-02
0.0000000000e+00,1.4457609000e-02
0.0000000000e+00,1.2505933000e-02
0.0000000000e+00,8.4036114000e-03
0.0000000000e+00,4.3012905000e-03
0.0000000000e+00,1.9896930000e-04
0.0000000000e+00,0.0000000000e+00
0.0000000000e+00,0.0000000000e+00
0.0000000000e+00,0.0000000000e+00
0.0000000000e+00,0.0000000000e+00
0.0000000000e+00,0.0000000000e+00
0.0000000000e+00,0.0000000000e+00
0.0000000000e+00,0.0000000000e+00
0.0000000000e+00,0.0000000000e+00
0.0000000000e+00,0.0000000000e+00
0.0000000000e+00,8.5297768000e-05
0.0000000000e+00,3.5460778000e-03
0.0000000000e+00,7.0068575000e-03
0.0000000000e+00,1.0467637000e-02
0.0000000000e+00,1.2155378000e-02
0.0000000000e+00,1.2155378000e-02
0.0000000000e+00,1.2155378000e-02
0.0000000000e+00,1.2155378000e-02
0.0000000000e+00,1.2155378000e-02
0.0000000000e+00,1.2155378000e-02
9.9999802000e-03,1.2155378000e-02
4.9999900000e-02,1.0467637000e-02
0.0000000000e+00,7.0068575000e-03
0.0000000000e+00,3.5460778000e-03
0.0000000000e+00,8.5297768000e-05
0.0000000000e+00,0.0000000000e+00
0.0000000000e+00,0.0000000000e+00
0.0000000000e+00,0.0000000000e+00
0.0000000000e+00,0.0000000000e+00
0.0000000000e+00,0.0000000000e+00
0.0000000000e+00,0.0000000000e+00
0.0000000000e+00,0.0000000000e+00
0.0000000000e+00,0.0000000000e+00
0.0000000000e+00,0.0000000000e+00
0.0000000000e+00,2.1986559000e-06
0.0000000000e+00,3.8098395000e-03
0.0000000000e+00,7.6174806000e-03
0.0000000000e+00,1.1425122000e-02
0.0000000000e+00,1.3327843000e-02
0.0000000000e+00,1.3327843000e-02
0.0000000000e+00,1.3327843000e-02
0.0000000000e+00,1.3327843000e-02
0.0000000000e+00,1.3327843000e-02
0.0000000000e+00,1.3327843000e-02
0.0000000000e+00,1.3327843000e-02
0.0000000000e+00,1.1425122000e-02
0.0000000000e+00,7.6174806000e-03
0.0000000000e+00,3.8098395000e-03
0.0000000000e+00,2.1986559000e-06
0.0000000000e+00,0.0000000000e+00
0.0000000000e+00,0.0000000000e+00
0.0000000000e+00,0.0000000000e+00
0.0000000000e+00,0.0000000000e+00
0.0000000000e+00,0.0000000000e+00
0.0000000000e+00,0.0000000000e+00
0.0000000000e+00,0.0000000000e+00
0.0000000000e+00,0.0000000000e+00
0.0000000000e+00,0.0000000000e+00
0.0000000000e+00,0.0000000000e+00
0.0000000000e+00,3.9345417000e-03
0.0000000000e+00,7.9645906000e-03
0.0000000000e+00,1.1994640000e-02
0.0000000000e+00,1.4057418000e-02
0.0000000000e+00,1.4057418000e-02
0.0000000000e+00,1.4057418000e-02
0.0000000000e+00,1.4057418000e-02
0.0000000000e+00,1.4057418000e-02
0.0000000000e+00,1.4057418000e-02
0.0000000000e+00,1.4057418000e-02
0.0000000000e+00,1.1994640000e-02
0.0000000000e+00,7.9645906000e-03
0.0000000000e+00,3.9345417000e-03
0.0000000000e+00,0.0000000000e+00
0.0000000000e+00,0.0000000000e+00
0.0000000000e+00,0.0000000000e+00
0.0000000000e+00,0.0000000000e+00
0.0000000000e+00,0.0000000000e+00
0.0000000000e+00,0.0000000000e+00
0.0000000000e+00,0.0000000000e+00
0.0000000000e+00,0.0000000000e+00
0.0000000000e+00,0.0000000000e+00
0.0000000000e+00,0.0000000000e+00
0.0000000000e+00,0.0000000000e+00
0.0000000000e+00,4.4278651000e-03
0.0000000000e+00,9.0798326000e-03
0.0000000000e+00,1.3731800000e-02
0.0000000000e+00,1.6169835000e-02
0.0000000000e+00,1.6169835000e-02
0.0000000000e+00,1.6169835000e-02
0.0000000000e+00,1.6169835000e-02
0.0000000000e+00,1.6169835000e-02
0.0000000000e+00,1.6169835000e-02
0.0000000000e+00,1.6169835000e-02
0.0000000000e+00,1.3731800000e-02
0.0000000000e+00,9.0798326000e-03
0.0000000000e+00,4.4278651000e-03
0.0000000000e+00,0.0000000000e+00
0.0000000000e+00,0.0000000000e+00
0.0000000000e+00,0.0000000000e+00
0.0000000000e+00,0.0000000000e+00
0.0000000000e+00,0.0000000000e+00
0.0000000000e+00,0.0000000000e+00
0.0000000000e+00,0.0000000000e+00
0.0000000000e+00,0.0000000000e+00
0.0000000000e+00,0.0000000000e+00
0.0000000000e+00,0.0000000000e+00
0.0000000000e+00,0.0000000000e+00
0.0000000000e+00,3.9541298000e-03
0.0000000000e+00,8.2189022000e-03
0.0000000000e+00,1.2483675000e-02
0.0000000000e+00,1.4771383000e-02
0.0000000000e+00,1.4771383000e-02
0.0000000000e+00,1.4771383000e-02
0.0000000000e+00,1.4771383000e-02
0.0000000000e+00,1.4771383000e-02
0.0000000000e+00,1.4771383000e-02
0.0000000000e+00,1.4771383000e-02
0.0000000000e+00,1.2483675000e-02
0.0000000000e+00,8.2189022000e-03
0.0000000000e+00,3.9541298000e-03
0.0000000000e+00,0.0000000000e+00
0.0000000000e+00,0.0000000000e+00
0.0000000000e+00,0.0000000000e+00
0.0000000000e+00,0.0000000000e+00
0.0000000000e+00,0.0000000000e+00
0.0000000000e+00,0.0000000000e+00
0.0000000000e+00,0.0000000000e+00
0.0000000000e+00,0.0000000000e+00
0.0000000000e+00,0.0000000000e+00
0.0000000000e+00,0.0000000000e+00
0.0000000000e+00,0.0000000000e+00
0.0000000000e+00,3.5312304000e-03
0.0000000000e+00,7.4447659000e-03
0.0000000000e+00,1.1358301000e-02
0.0000000000e+00,1.3506222000e-02
0.0000000000e+00,1.3506222000e-02
0.0000000000e+00,1.3506222000e-02
0.0000000000e+00,1.3506222000e-02
0.0000000000e+00,1.3506222000e-02
0.0000000000e+00,1.3506222000e-02
0.0000000000e+00,1.3506222000e-02
0.0000000000e+00,1.1358301000e-02
0.0000000000e+00,7.4447659000e-03
0.0000000000e+00,3.5312304000e-03
0.0000000000e+00,0.0000000000e+00
0.0000000000e+00,0.0000000000e+00
0.0000000000e+00,0.0000000000e+00
0.0000000000e+00,0.0000000000e+00
0.0000000000e+00,0.0000000000e+00
0.0000000000e+00,0.0000000000e+00
0.0000000000e+00,0.0000000000e+00
0.0000000000e+00,0.0000000000e+00
0.0000000000e+00,0.0000000000e+00
0.0000000000e+00,0.0000000000e+00
0.0000000000e+00,0.0000000000e+00
0.0000000000e+00,2.8974102000e-03
0.0000000000e+00,6.2001008000e-03
0.0000000000e+00,9.5027918000e-03
0.0000000000e+00,1.1356777000e-02
0.0000000000e+00,1.1356777000e-02
0.0000000000e+00,1.1356777000e-02
0.0000000000e+00,1.1356777000e-02
0.0000000000e+00,1.1356777000e-02
0.0000000000e+00,1.1356777000e-02
0.0000000000e+00,1.1356777000e-02
0.0000000000e+00,9.5027918000e-03
0.0000000000e+00,6.2001008000e-03
0.0000000000e+00,2.8974102000e-03
0.0000000000e+00,0.0000000000e+00
0.0000000000e+00,0.0000000000e+00
0.0000000000e+00,0.0000000000e+00
0.0000000000e+00,0.0000000000e+00
0.0000000000e+00,0.0000000000e+00
0.0000000000e+00,0.0000000000e+00
0.0000000000e+00,0.0000000000e+00
0.0000000000e+00,0.0000000000e+00
0.0000000000e+00,0.0000000000e+00
0.0000000000e+00,0.0000000000e+00
0.0000000000e+00,0.0000000000e+00
0.0000000000e+00,2.9299501000e-03
0.0000000000e+00,6.3684741000e-03
0.0000000000e+00,9.8069981000e-03
0.0000000000e+00,1.1780547000e-02
0.0000000000e+00,1.1780547000e-02
0.0000000000e+00,1.1780547000e-02
0.0000000000e+00,1.1780547000e-02
0.0000000000e+00,1.1780547000e-02
0.0000000000e+00,1.1780547000e-02
0.0000000000e+00,1.1780547000e-02
0.0000000000e+00,9.8069981000e-03
0.0000000000e+00,6.3684741000e-03
0.0000000000e+00,2.9299501000e-03
0.0000000000e+00,0.0000000000e+00
0.0000000000e+00,0.0000000000e+00
0.0000000000e+00,0.0000000000e+00
0.0000000000e+00,0.0000000000e+00
0.0000000000e+00,0.0000000000e+00
0.0000000000e+00,0.0000000000e+00
0.0000000000e+00,0.0000000000e+00
0.0000000000e+00,0.0000000000e+00
0.0000000000e+00,0.0000000000e+00
0.0000000000e+00,0.0000000000e+00
0.0000000000e+00,0.0000000000e+00
0.0000000000e+00,3.1343007000e-03
0.0000000000e+00,6.9254488000e-03
0.0000000000e+00,1.0716598000e-02
0.0000000000e+00,1.2940595000e-02
0.0000000000e+00,1.2940595000e-02
0.0000000000e+00,1.2940595000e-02
0.0000000000e+00,1.2940595000e-02
0.0000000000e+00,1.2940595000e-02
0.0000000000e+00,1.2940595000e-02
0.0000000000e+00,1.2940595000e-02
0.0000000000e+00,1.0716598000e-02
0.0000000000e+00,6.9254488000e-03
0.0000000000e+00,3.1343007000e-03
0.0000000000e+00,0.0000000000e+00
0.0000000000e+00,0.0000000000e+00
0.0000000000e+00,0.0000000000e+00
0.0000000000e+00,0.0000000000e+00
0.0000000000e+00,0.0000000000e+00
0.0000000000e+00,0.0000000000e+00
0.0000000000e+00,0.0000000000e+00
0.0000000000e+00,0.0000000000e+00
0.0000000000e+00,0.0000000000e+00
0.0000000000e+00,0.0000000000e+00
0.0000000000e+00,0.0000000000e+00
0.0000000000e+00,3.3010631000e-03
0.0000000000e+00,7.4210358000e-03
0.0000000000e+00,1.1541009000e-02
0.0000000000e+00,1.4010450000e-02
0.0000000000e+00,1.4010450000e-02
0.0000000000e+00,1.4010450000e-02
0.0000000000e+00,1.4010450000e-02
0.0000000000e+00,1.4010450000e-02
0.0000000000e+00,1.4010450000e-02
0.0000000000e+00,1.4010450000e-02
0.0000000000e+00,1.1541009000e-02
0.0000000000e+00,7.4210358000e-03
0.0000000000e+00,3.3010631000e-03
0.0000000000e+00,0.0000000000e+00
0.0000000000e+00,0.0000000000e+00
0.0000000000e+00,0.0000000000e+00
0.0000000000e+00,0.0000000000e+00
0.0000000000e+00,0.0000000000e+00
0.0000000000e+00,0.0000000000e+00
0.0000000000e+00,0.0000000000e+00
0.0000000000e+00,0.0000000000e+00
0.0000000000e+00,0.0000000000e+00
0.0000000000e+00,0.0000000000e+00
0.0000000000e+00,0.0000000000e+00
0.0000000000e+00,3.6232243000e-03
0.0000000000e+00,8.2948599000e-03
0.0000000000e+00,1.2966495000e-02
0.0000000000e+00,1.5826518000e-02
0.0000000000e+00,1.5826518000e-02
0.0000000000e+00,1.5826518000e-02
0.0000000000e+00,1.5826518000e-02
0.0000000000e+00,1.5826518000e-02
0.0000000000e+00,1.5826518000e-02
0.0000000000e+00,1.5826518000e-02
0.0000000000e+00,1.2966495000e-02
0.0000000000e+00,8.2948599000e-03
0.0000000000e+00,3.6232243000e-03
0.0000000000e+00,0.0000000000e+00
0.0000000000e+00,0.0000000000e+00
0.0000000000e+00,0.0000000000e+00
0.0000000000e+00,0.0000000000e+00
0.0000000000e+00,0.0000000000e+00
0.0000000000e+00,0.0000000000e+00
0.0000000000e+00,0.0000000000e+00
0.0000000000e+00,0.0000000000e+00
0.0000000000e+00,0.0000000000e+00
0.0000000000e+00,0.0000000000e+00
0.0000000000e+00,0.0000000000e+00
0.0000000000e+00,3.3757191000e-03
0.0000000000e+00,7.8779738000e-03
0.0000000000e+00,1.2380229000e-02
0.0000000000e+00,1.5194625000e-02
0.0000000000e+00,1.5194625000e-02
0.0000000000e+00,1.5194625000e-02
0.0000000000e+00,1.5194625000e-02
0.0000000000e+00,1.5194625000e-02
0.0000000000e+00,1.5194625000e-02
0.0000000000e+00,1.5194625000e-02
0.0000000000e+00,1.2380229000e-02
0.0000000000e+00,7.8779738000e-03
0.0000000000e+00,3.3757191000e-03
0.0000000000e+00,0.0000000000e+00
0.0000000000e+00,0.0000000000e+00
0.0000000000e+00,0.0000000000e+00
0.0000000000e+00,0.0000000000e+00
0.0000000000e+00,0.0000000000e+00
0.0000000000e+00,0.0000000000e+00
0.0000000000e+00,0.0000000000e+00
0.0000000000e+00,0.0000000000e+00
0.0000000000e+00,0.0000000000e+00
0.0000000000e+00,0.0000000000e+00
0.0000000000e+00,0.0000000000e+00
0.0000000000e+00,2.5592037000e-03
0.0000000000e+00,6.0947249000e-03
0.0000000000e+00,9.6302461000e-03
0.0000000000e+00,1.1886165000e-02
0.0000000000e+00,1.1886165000e-02
0.0000000000e+00,1.1886165000e-02
0.0000000000e+00,1.1886165000e-02
0.0000000000e+00,1.1886165000e-02
0.0000000000e+00,1.1886165000e-02
0.0000000000e+00,1.1886165000e-02
0.0000000000e+00,9.6302461000e-03
0.0000000000e+00,6.0947249000e-03
0.0000000000e+00,2.5592037000e-03
0.0000000000e+00,0.0000000000e+00
0.0000000000e+00,0.0000000000e+00
0.0000000000e+00,0.0000000000e+00
0.0000000000e+00,0.0000000000e+00
0.0000000000e+00,0.0000000000e+00
0.0000000000e+00,0.0000000000e+00
0.0000000000e+00,0.0000000000e+00
0.0000000000e+00,0.0000000000e+00
0.0000000000e+00,0.0000000000e+00
0.0000000000e+00,0.0000000000e+00
0.0000000000e+00,0.0000000000e+00
0.0000000000e+00,2.0235390000e-03
0.0000000000e+00,4.9234331000e-03
0.0000000000e+00,7.8233266000e-03
0.0000000000e+00,9.7114518000e-03
0.0000000000e+00,9.7114518000e-03
0.0000000000e+00,9.7114518000e-03
0.0000000000e+00,9.7114518000e-03
0.0000000000e+00,9.7114518000e-03
0.0000000000e+00,9.7114518000e-03
0.0000000000e+00,9.7114518000e-03
0.0000000000e+00,7.8233266000e-03
0.0000000000e+00,4.9234331000e-03
0.0000000000e+00,2.0235390000e-03
0.0000000000e+00,0.0000000000e+00
0.0000000000e+00,0.0000000000e+00
0.0000000000e+00,0.0000000000e+00
0.0000000000e+00,0.0000000000e+00
0.0000000000e+00,0.0000000000e+00
0.0000000000e+00,0.0000000000e+00
0.0000000000e+00,0.0000000000e+00
0.0000000000e+00,0.0000000000e+00
0.0000000000e+00,0.0000000000e+00
0.0000000000e+00,0.0000000000e+00
0.0000000000e+00,0.0000000000e+00
0.0000000000e+00,1.9255101000e-03
0.0000000000e+00,4.7924779000e-03
0.0000000000e+00,7.6594460000e-03
0.0000000000e+00,9.5636593000e-03
0.0000000000e+00,9.5636593000e-03
0.0000000000e+00,9.5636593000e-03
0.0000000000e+00,9.5636593000e-03
0.0000000000e+00,9.5636593000e-03
0.0000000000e+00,9.5636593000e-03
0.0000000000e+00,9.5636593000e-03
0.0000000000e+00,7.6594460000e-03
0.0000000000e+00,4.7924779000e-03
0.0000000000e+00,1.9255101000e-03
0.0000000000e+00,0.0000000000e+00
0.0000000000e+00,0.0000000000e+00
0.0000000000e+00,0.0000000000e+00
0.0000000000e+00,0.0000000000e+00
0.0000000000e+00,0.0000000000e+00
0.0000000000e+00,0.0000000000e+00
0.0000000000e+00,0.0000000000e+00
0.0000000000e+00,0.0000000000e+00
0.0000000000e+00,0.0000000000e+00
0.0000000000e+00,0.0000000000e+00
0.0000000000e+00,0.0000000000e+00
0.0000000000e+00,1.8296378000e-03
0.0000000000e+00,4.6648574000e-03
0.0000000000e+00,7.5000771000e-03
0.0000000000e+00,9.4204778000e-03
0.0000000000e+00,9.4204778000e-03
0.0000000000e+00,9.4204778000e-03
0.0000000000e+00,9.4204778000e-03
0.0000000000e+00,9.4204778000e-03
0.0000000000e+00,9.4204778000e-03
0.0000000000e+00,9.4204778000e-03
0.0000000000e+00,7.5000771000e-03
0.0000000000e+00,4.6648574000e-03
0.0000000000e+00,1.8296378000e-03
0.0000000000e+00,0.0000000000e+00
0.0000000000e+00,0.0000000000e+00
0.0000000000e+00,0.0000000000e+00
0.0000000000e+00,0.0000000000e+00
0.0000000000e+00,0.0000000000e+00
0.0000000000e+00,0.0000000000e+00
0.0000000000e+00,0.0000000000e+00
0.0000000000e+00,0.0000000000e+00
0.0000000000e+00,0.0000000000e+00
0.0000000000e+00,0.0000000000e+00
0.0000000000e+00,0.0000000000e+00
0.0000000000e+00,1.9253833000e-03
0.0000000000e+00,5.0362535000e-03
0.0000000000e+00,8.1471233000e-03
0.0000000000e+00,1.0295302000e-02
0.0000000000e+00,1.0295302000e-02
0.0000000000e+00,1.0295302000e-02
0.0000000000e+00,1.0295302000e-02
0.0000000000e+00,1.0295302000e-02
0.0000000000e+00,1.0295302000e-02
0.0000000000e+00,1.0295302000e-02
0.0000000000e+00,8.1471233000e-03
0.0000000000e+00,5.0362535000e-03
0.0000000000e+00,1.9253833000e-03
0.0000000000e+00,0.0000000000e+00
0.0000000000e+00,0.0000000000e+00
0.0000000000e+00,0.0000000000e+00
0.0000000000e+00,0.0000000000e+00
0.0000000000e+00,0.0000000000e+00
0.0000000000e+00,0.0000000000e+00
0.0000000000e+00,0.0000000000e+00
0.0000000000e+00,0.0000000000e+00
0.0000000000e+00,0.0000000000e+00
0.0000000000e+00,0.0000000000e+00
0.0000000000e+00,0.0000000000e+00
0.0000000000e+00,2.1747546000e-03
0.0000000000e+00,5.8457619000e-03
0.0000000000e+00,9.5167691000e-03
0.0000000000e+00,1.2100399000e-02
0.0000000000e+00,1.2100399000e-02
0.0000000000e+00,1.2100399000e-02
0.0000000000e+00,1.2100399000e-02
0.0000000000e+00,1.2100399000e-02
0.0000000000e+00,1.2100399000e-02
0.0000000000e+00,1.2100399000e-02
0.0000000000e+00,9.5167691000e-03
0.0000000000e+00,5.8457619000e-03
0.0000000000e+00,2.1747546000e-03
0.0000000000e+00,0.0000000000e+00
0.0000000000e+00,0.0000000000e+00
0.0000000000e+00,0.0000000000e+00
0.0000000000e+00,0.0000000000e+00
0.0000000000e+00,0.0000000000e+00
0.0000000000e+00,0.0000000000e+00
0.0000000000e+00,0.0000000000e+00
0.0000000000e+00,0.0000000000e+00
0.0000000000e+00,0.0000000000e+00
0.0000000000e+00,0.0000000000e+00
0.0000000000e+00,0.0000000000e+00
0.0000000000e+00,2.0849486000e-03
0.0000000000e+00,5.7698544000e-03
0.0000000000e+00,9.4547607000e-03
0.0000000000e+00,1.2097192000e-02
0.0000000000e+00,1.2097192000e-02
0.0000000000e+00,1.2097192000e-02
0.0000000000e+00,1.2097192000e-02
0.0000000000e+00,1.2097192000e-02
0.0000000000e+00,1.2097192000e-02
0.0000000000e+00,1.2097192000e-02
0.0000000000e+00,9.4547607000e-03
0.0000000000e+00,5.7698544000e-03
0.0000000000e+00,2.0849486000e-03
0.0000000000e+00,0.0000000000e+00
0.0000000000e+00,0.0000000000e+00
0.0000000000e+00,0.0000000000e+00
0.0000000000e+00,0.0000000000e+00
0.0000000000e+00,0.0000000000e+00
0.0000000000e+00,0.0000000000e+00
0.0000000000e+00,0.0000000000e+00
0.0000000000e+00,0.0000000000e+00
0.0000000000e+00,0.0000000000e+00
0.0000000000e+00,0.0000000000e+00
0.0000000000e+00,0.0000000000e+00
0.0000000000e+00,1.6906135000e-03
0.0000000000e+00,4.8265522000e-03
0.0000000000e+00,7.9624914000e-03
0.0000000000e+00,1.0253123000e-02
0.0000000000e+00,1.0253123000e-02
0.0000000000e+00,1.0253123000e-02
0.0000000000e+00,1.0253123000e-02
0.0000000000e+00,1.0253123000e-02
0.0000000000e+00,1.0253123000e-02
0.0000000000e+00,1.0253123000e-02
0.0000000000e+00,7.9624914000e-03
0.0000000000e+00,4.8265522000e-03
0.0000000000e+00,1.6906135000e-03
0.0000000000e+00,0.0000000000e+00
0.0000000000e+00,0.0000000000e+00
0.0000000000e+00,0.0000000000e+00
0.0000000000e+00,0.0000000000e+00
0.0000000000e+00,0.0000000000e+00
0.0000000000e+00,0.0000000000e+00
0.0000000000e+00,0.0000000000e+00
0.0000000000e+00,0.0000000000e+00
0.0000000000e+00,0.0000000000e+00
0.0000000000e+00,0.0000000000e+00
0.0000000000e+00,0.0000000000e+00
0.0000000000e+00,1.6865619000e-03
0.0000000000e+00,4.9785501000e-03
0.0000000000e+00,8.2705384000e-03
0.0000000000e+00,1.0719246000e-02
0.0000000000e+00,1.0719246000e-02
0.0000000000e+00,1.0719246000e-02
0.0000000000e+00,1.0719246000e-02
0.0000000000e+00,1.0719246000e-02
0.0000000000e+00,1.0719246000e-02
0.0000000000e+00,1.0719246000e-02
0.0000000000e+00,8.2705384000e-03
0.0000000000e+00,4.9785501000e-03
0.0000000000e+00,1.6865619000e-03
0.0000000000e+00,0.0000000000e+00
0.0000000000e+00,0.0000000000e+00
0.0000000000e+00,0.0000000000e+00
0.0000000000e+00,0.0000000000e+00
0.0000000000e+00,0.0000000000e+00
0.0000000000e+00,0.0000000000e+00
0.0000000000e+00,0.0000000000e+00
0.0000000000e+00,0.0000000000e+00
0.0000000000e+00,0.0000000000e+00
0.0000000000e+00,0.0000000000e+00
0.0000000000e+00,0.0000000000e+00
0.0000000000e+00,1.5249809000e-03
0.0000000000e+00,4.5816735000e-03
0.0000000000e+00,7.6383664000e-03
0.0000000000e+00,9.9325692000e-03
0.0000000000e+00,9.9325692000e-03
0.0000000000e+00,9.9325692000e-03
0.0000000000e+00,9.9325692000e-03
0.0000000000e+00,9.9325692000e-03
0.0000000000e+00,9.9325692000e-03
0.0000000000e+00,9.9325692000e-03
0.0000000000e+00,7.6383664000e-03
0.0000000000e+00,4.5816735000e-03
0.0000000000e+00,1.5249809000e-03
0.0000000000e+00,0.0000000000e+00
0.0000000000e+00,0.0000000000e+00
0.0000000000e+00,0.0000000000e+00
0.0000000000e+00,0.0000000000e+00
0.0000000000e+00,0.0000000000e+00
0.0000000000e+00,0.0000000000e+00
0.0000000000e+00,0.0000000000e+00
0.0000000000e+00,0.0000000000e+00
0.0000000000e+00,0.0000000000e+00
0.0000000000e+00,0.0000000000e+00
0.0000000000e+00,0.0000000000e+00
0.0000000000e+00,1.4700519000e-03
0.0000000000e+00,4.5846254000e-03
0.0000000000e+00,7.6991986000e-03
0.0000000000e+00,1.0078746000e-02
0.0000000000e+00,1.0078746000e-02
0.0000000000e+00,1.0078746000e-02
0.0000000000e+00,1.0078746000e-02
0.0000000000e+00,1.0078746000e-02
0.0000000000e+00,1.0078746000e-02
0.0000000000e+00,1.0078746000e-02
0.0000000000e+00,7.6991986000e-03
0.0000000000e+00,4.5846254000e-03
0.0000000000e+00,1.4700519000e-03
0.0000000000e+00,0.0000000000e+00
0.0000000000e+00,0.0000000000e+00
0.0000000000e+00,0.0000000000e+00
0.0000000000e+00,0.0000000000e+00
0.0000000000e+00,0.0000000000e+00
0.0000000000e+00,0.0000000000e+00
0.0000000000e+00,0.0000000000e+00
0.0000000000e+00,0.0000000000e+00
0.0000000000e+00,0.0000000000e+00
0.0000000000e+00,0.0000000000e+00
0.0000000000e+00,0.0000000000e+00
0.0000000000e+00,1.3602567000e-03
0.0000000000e+00,4.4169496000e-03
0.0000000000e+00,7.4736425000e-03
0.0000000000e+00,9.8502068000e-03
0.0000000000e+00,9.8502068000e-03
0.0000000000e+00,9.8502068000e-03
0.0000000000e+00,9.8502068000e-03
0.0000000000e+00,9.8502068000e-03
0.0000000000e+00,9.8502068000e-03
0.0000000000e+00,9.8502068000e-03
0.0000000000e+00,7.4736425000e-03
0.0000000000e+00,4.4169496000e-03
0.0000000000e+00,1.3602567000e-03
0.0000000000e+00,0.0000000000e+00
0.0000000000e+00,0.0000000000e+00
0.0000000000e+00,0.0000000000e+00
0.0000000000e+00,0.0000000000e+00
0.0000000000e+00,0.0000000000e+00
0.0000000000e+00,0.0000000000e+00
0.0000000000e+00,0.0000000000e+00
0.0000000000e+00,0.0000000000e+00
0.0000000000e+00,0.0000000000e+00
0.0000000000e+00,0.0000000000e+00
0.0000000000e+00,0.0000000000e+00
0.0000000000e+00,1.2605265000e-03
0.0000000000e+00,4.2764475000e-03
0.0000000000e+00,7.2923684000e-03
0.0000000000e+00,9.6780267000e-03
0.0000000000e+00,9.6780267000e-03
0.0000000000e+00,9.6780267000e-03
0.0000000000e+00,9.6780267000e-03
0.0000000000e+00,9.6780267000e-03
0.0000000000e+00,9.6780267000e-03
0.0000000000e+00,9.6780267000e-03
0.0000000000e+00,7.2923684000e-03
0.0000000000e+00,4.2764475000e-03
0.0000000000e+00,1.2605265000e-03
0.0000000000e+00,0.0000000000e+00
0.0000000000e+00,0.0000000000e+00
0.0000000000e+00,0.0000000000e+00
0.0000000000e+00,0.0000000000e+00
0.0000000000e+00,0.0000000000e+00
0.0000000000e+00,0.0000000000e+00
0.0000000000e+00,0.0000000000e+00
0.0000000000e+00,0.0000000000e+00
0.0000000000e+00,0.0000000000e+00
0.0000000000e+00,0.0000000000e+00
0.0000000000e+00,0.0000000000e+00
0.0000000000e+00,1.4659376000e-03
0.0000000000e+00,5.2166674000e-03
0.0000000000e+00,8.9673977000e-03
0.0000000000e+00,1.1985159000e-02
0.0000000000e+00,1.1985159000e-02
0.0000000000e+00,1.1985159000e-02
0.0000000000e+00,1.1985159000e-02
0.0000000000e+00,1.1985159000e-02
0.0000000000e+00,1.1985159000e-02
0.0000000000e+00,1.1985159000e-02
0.0000000000e+00,8.9673977000e-03
0.0000000000e+00,5.2166674000e-03
0.0000000000e+00,1.4659376000e-03
0.0000000000e+00,0.0000000000e+00
0.0000000000e+00,0.0000000000e+00
0.0000000000e+00,0.0000000000e+00
0.0000000000e+00,0.0000000000e+00
0.0000000000e+00,0.0000000000e+00
0.0000000000e+00,0.0000000000e+00
0.0000000000e+00,0.0000000000e+00
0.0000000000e+00,0.0000000000e+00
0.0000000000e+00,0.0000000000e+00
0.0000000000e+00,0.0000000000e+00
0.0000000000e+00,0.0000000000e+00
0.0000000000e+00,1.3180262000e-03
0.0000000000e+00,4.9423263000e-03
0.0000000000e+00,8.5666263000e-03
0.0000000000e+00,1.1531914000e-02
0.0000000000e+00,1.1531914000e-02
0.0000000000e+00,1.1531914000e-02
0.0000000000e+00,1.1531914000e-02
0.0000000000e+00,1.1531914000e-02
0.0000000000e+00,1.1531914000e-02
0.0000000000e+00,1.1531914000e-02
0.0000000000e+00,8.5666263000e-03
0.0000000000e+00,4.9423263000e-03
0.0000000000e+00,1.3180262000e-03
0.0000000000e+00,0.0000000000e+00
0.0000000000e+00,0.0000000000e+00
0.0000000000e+00,0.0000000000e+00
0.0000000000e+00,0.0000000000e+00
0.0000000000e+00,0.0000000000e+00
0.0000000000e+00,0.0000000000e+00
0.0000000000e+00,0.0000000000e+00
0.0000000000e+00,0.0000000000e+00
0.0000000000e+00,0.0000000000e+00
0.0000000000e+00,0.0000000000e+00
0.0000000000e+00,0.0000000000e+00
0.0000000000e+00,1.1326115000e-03
0.0000000000e+00,4.4991598000e-03
0.0000000000e+00,7.8657083000e-03
0.0000000000e+00,1.0665950000e-02
0.0000000000e+00,1.0665950000e-02
0.0000000000e+00,1.0665950000e-02
0.0000000000e+00,1.0665950000e-02
0.0000000000e+00,1.0665950000e-02
0.0000000000e+00,1.0665950000e-02
0.0000000000e+00,1.0665950000e-02
0.0000000000e+00,7.8657083000e-03
0.0000000000e+00,4.4991598000e-03
0.0000000000e+00,1.1326115000e-03
0.0000000000e+00,0.0000000000e+00
0.0000000000e+00,0.0000000000e+00
0.0000000000e+00,0.0000000000e+00
0.0000000000e+00,0.0000000000e+00
0.0000000000e+00,0.0000000000e+00
0.0000000000e+00,0.0000000000e+00
0.0000000000e+00,0.0000000000e+00
0.0000000000e+00,0.0000000000e+00
0.0000000000e+00,0.0000000000e+00
0.0000000000e+00,0.0000000000e+00
0.0000000000e+00,0.0000000000e+00
0.0000000000e+00,1.0051621000e-03
0.0000000000e+00,4.2565614000e-03
0.0000000000e+00,7.5079608000e-03
0.0000000000e+00,1.0256778000e-02
0.0000000000e+00,1.0256778000e-02
0.0000000000e+00,1.0256778000e-02
0.0000000000e+00,1.0256778000e-02
0.0000000000e+00,1.0256778000e-02
0.0000000000e+00,1.0256778000e-02
0.0000000000e+00,1.0256778000e-02
0.0000000000e+00,7.5079608000e-03
0.0000000000e+00,4.2565614000e-03
0.0000000000e+00,1.0051621000e-03
0.0000000000e+00,0.0000000000e+00
0.0000000000e+00,0.0000000000e+00
0.0000000000e+00,0.0000000000e+00
0.0000000000e+00,0.0000000000e+00
0.0000000000e+00,0.0000000000e+00
0.0000000000e+00,0.0000000000e+00
0.0000000000e+00,0.0000000000e+00
0.0000000000e+00,0.0000000000e+00
0.0000000000e+00,0.0000000000e+00
0.0000000000e+00,0.0000000000e+00
0.0000000000e+00,0.0000000000e+00
0.0000000000e+00,9.6846762000e-04
0.0000000000e+00,4.4049746000e-03
0.0000000000e+00,7.8414809000e-03
0.0000000000e+00,1.0793755000e-02
0.0000000000e+00,1.0793755000e-02
0.0000000000e+00,1.0793755000e-02
0.0000000000e+00,1.0793755000e-02
0.0000000000e+00,1.0793755000e-02
0.0000000000e+00,1.0793755000e-02
0.0000000000e+00,1.0793755000e-02
0.0000000000e+00,7.8414809000e-03
0.0000000000e+00,4.4049746000e-03
0.0000000000e+00,9.6846762000e-04
0.0000000000e+00,0.0000000000e+00
0.0000000000e+00,0.0000000000e+00
0.0000000000e+00,0.0000000000e+00
0.0000000000e+00,0.0000000000e+00
0.0000000000e+00,0.0000000000e+00
0.0000000000e+00,0.0000000000e+00
0.0000000000e+00,0.0000000000e+00
0.0000000000e+00,0.0000000000e+00
0.0000000000e+00,0.0000000000e+00
2.9999940000e-02,0.0000000000e+00
0.0000000000e+00,0.0000000000e+00
0.0000000000e+00,7.5894652000e-04
0.0000000000e+00,3.7416972000e-03
0.0000000000e+00,6.7244479000e-03
0.0000000000e+00,9.3277255000e-03
9.9999802000e-03,9.3277255000e-03
0.0000000000e+00,9.3277255000e-03
0.0000000000e+00,9.3277255000e-03
0.0000000000e+00,9.3277255000e-03
0.0000000000e+00,9.3277255000e-03
0.0000000000e+00,9.3277255000e-03
0.0000000000e+00,6.7244479000e-03
0.0000000000e+00,3.7416972000e-03
0.0000000000e+00,7.5894652000e-04
0.0000000000e+00,0.0000000000e+00
0.0000000000e+00,0.0000000000e+00
0.0000000000e+00,0.0000000000e+00
0.0000000000e+00,0.0000000000e+00
0.0000000000e+00,0.0000000000e+00
0.0000000000e+00,0.0000000000e+00
0.0000000000e+00,0.0000000000e+00
9.9999802000e-03,0.0000000000e+00
0.0000000000e+00,0.0000000000e+00
0.0000000000e+00,0.0000000000e+00
0.0000000000e+00,0.0000000000e+00
0.0000000000e+00,5.8400352000e-04
0.0000000000e+00,3.1563092000e-03
0.0000000000e+00,5.7286150000e-03
9.9999802000e-03,8.0089187000e-03
9.9999802000e-03,8.0089187000e-03
0.0000000000e+00,8.0089187000e-03
0.0000000000e+00,8.0089187000e-03
0.0000000000e+00,8.0089187000e-03
0.0000000000e+00,8.0089187000e-03
0.0000000000e+00,8.0089187000e-03
0.0000000000e+00,5.7286150000e-03
0.0000000000e+00,3.1563092000e-03
0.0000000000e+00,5.8400352000e-04
0.0000000000e+00,0.0000000000e+00
0.0000000000e+00,0.0000000000e+00
0.0000000000e+00,0.0000000000e+00
9.9999802000e-03,0.0000000000e+00
0.0000000000e+00,0.0000000000e+00
0.0000000000e+00,0.0000000000e+00
0.0000000000e+00,0.0000000000e+00
3.9999921000e-02,0.0000000000e+00
0.0000000000e+00,0.0000000000e+00
0.0000000000e+00,0.0000000000e+00
0.0000000000e+00,0.0000000000e+00
0.0000000000e+00,4.9006852000e-04
0.0000000000e+00,2.9454287000e-03
0.0000000000e+00,5.4007890000e-03
0.0000000000e+00,7.6111150000e-03
0.0000000000e+00,7.6111150000e-03
0.0000000000e+00,7.6111150000e-03
0.0000000000e+00,7.6111150000e-03
0.0000000000e+00,7.6111150000e-03
0.0000000000e+00,7.6111150000e-03
0.0000000000e+00,7.6111150000e-03
1.1999980000e-01,5.4007890000e-03
1.1999980000e-01,2.9454287000e-03
0.0000000000e+00,4.9006852000e-04
0.0000000000e+00,0.0000000000e+00
0.0000000000e+00,0.0000000000e+00
9.9999802000e-03,0.0000000000e+00
0.0000000000e+00,0.0000000000e+00
0.0000000000e+00,0.0000000000e+00
0.0000000000e+00,0.0000000000e+00
0.0000000000e+00,0.0000000000e+00
0.0000000000e+00,0.0000000000e+00
0.0000000000e+00,0.0000000000e+00
0.0000000000e+00,0.0000000000e+00
0.0000000000e+00,0.0000000000e+00
0.0000000000e+00,4.4762748000e-04
9.9999802000e-03,3.0483266000e-03
0.0000000000e+00,5.6490256000e-03
0.0000000000e+00,8.0259116000e-03
0.0000000000e+00,8.0259116000e-03
0.0000000000e+00,8.0259116000e-03
0.0000000000e+00,8.0259116000e-03
0.0000000000e+00,8.0259116000e-03
0.0000000000e+00,8.0259116000e-03
0.0000000000e+00,8.0259116000e-03
0.0000000000e+00,5.6490256000e-03
0.0000000000e+00,3.0483266000e-03
0.0000000000e+00,4.4762748000e-04
4.9999900000e-02,0.0000000000e+00
0.0000000000e+00,0.0000000000e+00
0.0000000000e+00,0.0000000000e+00
0.0000000000e+00,0.0000000000e+00
0.0000000000e+00,0.0000000000e+00
0.0000000000e+00,0.0000000000e+00
0.0000000000e+00,0.0000000000e+00
0.0000000000e+00,0.0000000000e+00
0.0000000000e+00,0.0000000000e+00
0.0000000000e+00,0.0000000000e+00
0.0000000000e+00,0.0000000000e+00
0.0000000000e+00,4.1586868000e-04
0.0000000000e+00,3.2914700000e-03
0.0000000000e+00,6.1670714000e-03
0.0000000000e+00,8.8347383000e-03
9.9999802000e-03,8.8347383000e-03
0.0000000000e+00,8.8347383000e-03
0.0000000000e+00,8.8347383000e-03
0.0000000000e+00,8.8347383000e-03
0.0000000000e+00,8.8347383000e-03
0.0000000000e+00,8.8347383000e-03
0.0000000000e+00,6.1670714000e-03
0.0000000000e+00,3.2914700000e-03
0.0000000000e+00,4.1586868000e-04
0.0000000000e+00,0.0000000000e+00
0.0000000000e+00,0.0000000000e+00
0.0000000000e+00,0.0000000000e+00
0.0000000000e+00,0.0000000000e+00
0.0000000000e+00,0.0000000000e+00
0.0000000000e+00,0.0000000000e+00
0.0000000000e+00,0.0000000000e+00
0.0000000000e+00,0.0000000000e+00
0.0000000000e+00,0.0000000000e+00
0.0000000000e+00,0.0000000000e+00
0.0000000000e+00,0.0000000000e+00
0.0000000000e+00,3.3421096000e-04
0.0000000000e+00,3.1882715000e-03
0.0000000000e+00,6.0423319000e-03
0.0000000000e+00,8.7292874000e-03
0.0000000000e+00,8.7292874000e-03
0.0000000000e+00,8.7292874000e-03
0.0000000000e+00,8.7292874000e-03
0.0000000000e+00,8.7292874000e-03
0.0000000000e+00,8.7292874000e-03
0.0000000000e+00,8.7292874000e-03
9.9999802000e-03,6.0423319000e-03
0.0000000000e+00,3.1882715000e-03
0.0000000000e+00,3.3421096000e-04
0.0000000000e+00,0.0000000000e+00
0.0000000000e+00,0.0000000000e+00
0.0000000000e+00,0.0000000000e+00
0.0000000000e+00,0.0000000000e+00
0.0000000000e+00,0.0000000000e+00
9.9999802000e-03,0.0000000000e+00
9.9999802000e-03,0.0000000000e+00
2.9999940000e-02,0.0000000000e+00
1.9999960000e-02,0.0000000000e+00
0.0000000000e+00,0.0000000000e+00
1.6999970000e-01,0.0000000000e+00
1.3999970000e-01,2.1689011000e-04
0.0000000000e+00,2.6385244000e-03
0.0000000000e+00,5.0601587000e-03
0.0000000000e+00,7.3733479000e-03
0.0000000000e+00,7.3733479000e-03
9.9999802000e-03,7.3733479000e-03
3.4999930000e-01,7.3733479000e-03
0.0000000000e+00,7.3733479000e-03
0.0000000000e+00,7.3733479000e-03
0.0000000000e+00,7.3733479000e-03
0.0000000000e+00,5.0601587000e-03
0.0000000000e+00,2.6385244000e-03
0.0000000000e+00,2.1689011000e-04
0.0000000000e+00,0.0000000000e+00
0.0000000000e+00,0.0000000000e+00
0.0000000000e+00,0.0000000000e+00
0.0000000000e+00,0.0000000000e+00
0.0000000000e+00,0.0000000000e+00
0.0000000000e+00,0.0000000000e+00
0.0000000000e+00,0.0000000000e+00
0.0000000000e+00,0.0000000000e+00
0.0000000000e+00,0.0000000000e+00
0.0000000000e+00,0.0000000000e+00
0.0000000000e+00,0.0000000000e+00
0.0000000000e+00,1.6340462000e-04
0.0000000000e+00,2.7983736000e-03
0.0000000000e+00,5.4333424000e-03
0.0000000000e+00,7.9866089000e-03
0.0000000000e+00,7.9866089000e-03
0.0000000000e+00,7.9866089000e-03
0.0000000000e+00,7.9866089000e-03
0.0000000000e+00,7.9866089000e-03
0.0000000000e+00,7.9866089000e-03
0.0000000000e+00,7.9866089000e-03
0.0000000000e+00,5.4333424000e-03
0.0000000000e+00,2.7983736000e-03
0.0000000000e+00,1.6340462000e-04
0.0000000000e+00,0.0000000000e+00
0.0000000000e+00,0.0000000000e+00
0.0000000000e+00,0.0000000000e+00
0.0000000000e+00,0.0000000000e+00
0.0000000000e+00,0.0000000000e+00
0.0000000000e+00,0.0000000000e+00
0.0000000000e+00,0.0000000000e+00
0.0000000000e+00,0.0000000000e+00
0.0000000000e+00,0.0000000000e+00
0.0000000000e+00,0.0000000000e+00
0.0000000000e+00,0.0000000000e+00
0.0000000000e+00,8.6435393000e-05
0.0000000000e+00,2.5950670000e-03
0.0000000000e+00,5.1036985000e-03
0.0000000000e+00,7.5691123000e-03
0.0000000000e+00,7.5691123000e-03
0.0000000000e+00,7.5691123000e-03
0.0000000000e+00,7.5691123000e-03
0.0000000000e+00,7.5691123000e-03
0.0000000000e+00,7.5691123000e-03
0.0000000000e+00,7.5691123000e-03
0.0000000000e+00,5.1036985000e-03
0.0000000000e+00,2.5950670000e-03
0.0000000000e+00,8.6435393000e-05
0.0000000000e+00,0.0000000000e+00
0.0000000000e+00,0.0000000000e+00
0.0000000000e+00,0.0000000000e+00
0.0000000000e+00,0.0000000000e+00
0.0000000000e+00,0.0000000000e+00
0.0000000000e+00,0.0000000000e+00
0.0000000000e+00,0.0000000000e+00
0.0000000000e+00,0.0000000000e+00
0.0000000000e+00,0.0000000000e+00
0.0000000000e+00,0.0000000000e+00
0.0000000000e+00,0.0000000000e+00
0.0000000000e+00,1.8975315000e-05
0.0000000000e+00,2.7724027000e-03
0.0000000000e+00,5.5258302000e-03
0.0000000000e+00,8.2697701000e-03
0.0000000000e+00,8.2697701000e-03
0.0000000000e+00,8.2697701000e-03
0.0000000000e+00,8.2697701000e-03
0.0000000000e+00,8.2697701000e-03
0.0000000000e+00,8.2697701000e-03
0.0000000000e+00,8.2697701000e-03
0.0000000000e+00,5.5258302000e-03
0.0000000000e+00,2.7724027000e-03
0.0000000000e+00,1.8975315000e-05
0.0000000000e+00,0.0000000000e+00
0.0000000000e+00,0.0000000000e+00
0.0000000000e+00,0.0000000000e+00
0.0000000000e+00,0.0000000000e+00
0.0000000000e+00,0.0000000000e+00
0.0000000000e+00,0.0000000000e+00
0.0000000000e+00,0.0000000000e+00
0.0000000000e+00,0.0000000000e+00
0.0000000000e+00,0.0000000000e+00
0.0000000000e+00,0.0000000000e+00
0.0000000000e+00,0.0000000000e+00
0.0000000000e+00,0.0000000000e+00
0.0000000000e+00,2.9097477000e-03
0.0000000000e+00,5.8809188000e-03
0.0000000000e+00,8.8520898000e-03
0.0000000000e+00,8.8828020000e-03
0.0000000000e+00,8.8828020000e-03
0.0000000000e+00,8.8828020000e-03
0.0000000000e+00,8.8828020000e-03
0.0000000000e+00,8.8828020000e-03
0.0000000000e+00,8.8520898000e-03
0.0000000000e+00,5.8809188000e-03
0.0000000000e+00,2.9097477000e-03
0.0000000000e+00,0.0000000000e+00
0.0000000000e+00,0.0000000000e+00
0.0000000000e+00,0.0000000000e+00
0.0000000000e+00,0.0000000000e+00
0.0000000000e+00,0.0000000000e+00
0.0000000000e+00,0.0000000000e+00
0.0000000000e+00,0.0000000000e+00
0.0000000000e+00,0.0000000000e+00
0.0000000000e+00,0.0000000000e+00
0.0000000000e+00,0.0000000000e+00
0.0000000000e+00,0.0000000000e+00
0.0000000000e+00,0.0000000000e+00
0.0000000000e+00,0.0000000000e+00
0.0000000000e+00,3.3064219000e-03
0.0000000000e+00,6.7804111000e-03
0.0000000000e+00,1.0254401000e-02
0.0000000000e+00,1.0338184000e-02
0.0000000000e+00,1.0338184000e-02
0.0000000000e+00,1.0338184000e-02
0.0000000000e+00,1.0338184000e-02
0.0000000000e+00,1.0338184000e-02
0.0000000000e+00,1.0254401000e-02
0.0000000000e+00,6.7804111000e-03
0.0000000000e+00,3.3064219000e-03
0.0000000000e+00,0.0000000000e+00
0.0000000000e+00,0.0000000000e+00
0.0000000000e+00,0.0000000000e+00
0.0000000000e+00,0.0000000000e+00
0.0000000000e+00,0.0000000000e+00
0.0000000000e+00,0.0000000000e+00
0.0000000000e+00,0.0000000000e+00
0.0000000000e+00,0.0000000000e+00
0.0000000000e+00,0.0000000000e+00
0.0000000000e+00,0.0000000000e+00
0.0000000000e+00,0.0000000000e+00
0.0000000000e+00,0.0000000000e+00
9.9999802000e-03,0.0000000000e+00
0.0000000000e+00,2.6922075000e-03
9.9999802000e-03,5.6051887000e-03
0.0000000000e+00,8.5181696000e-03
6.9999859000e-02,8.6285565000e-03
9.9999802000e-03,8.6285565000e-03
0.0000000000e+00,8.6285565000e-03
0.0000000000e+00,8.6285565000e-03
0.0000000000e+00,8.6285565000e-03
0.0000000000e+00,8.5181696000e-03
0.0000000000e+00,5.6051887000e-03
0.0000000000e+00,2.6922075000e-03
0.0000000000e+00,0.0000000000e+00
0.0000000000e+00,0.0000000000e+00
0.0000000000e+00,0.0000000000e+00
0.0000000000e+00,0.0000000000e+00
0.0000000000e+00,0.0000000000e+00
0.0000000000e+00,0.0000000000e+00
0.0000000000e+00,0.0000000000e+00
0.0000000000e+00,0.0000000000e+00
0.0000000000e+00,0.0000000000e+00
0.0000000000e+00,0.0000000000e+00
0.0000000000e+00,0.0000000000e+00
0.0000000000e+00,0.0000000000e+00
0.0000000000e+00,0.0000000000e+00
0.0000000000e+00,2.3894100000e-03
0.0000000000e+00,5.0541791000e-03
0.0000000000e+00,7.7189482000e-03
0.0000000000e+00,7.8566279000e-03
0.0000000000e+00,7.8566279000e-03
0.0000000000e+00,7.8566279000e-03
0.0000000000e+00,7.8566279000e-03
0.0000000000e+00,7.8566279000e-03
0.0000000000e+00,7.7189482000e-03
0.0000000000e+00,5.0541791000e-03
0.0000000000e+00,2.3894100000e-03
0.0000000000e+00,0.0000000000e+00
0.0000000000e+00,0.0000000000e+00
0.0000000000e+00,0.0000000000e+00
0.0000000000e+00,0.0000000000e+00
0.0000000000e+00,0.0000000000e+00
0.0000000000e+00,0.0000000000e+00
0.0000000000e+00,0.0000000000e+00
0.0000000000e+00,0.0000000000e+00
0.0000000000e+00,0.0000000000e+00
0.0000000000e+00,0.0000000000e+00
0.0000000000e+00,0.0000000000e+00
0.0000000000e+00,0.0000000000e+00
0.0000000000e+00,0.0000000000e+00
0.0000000000e+00,2.3245071000e-03
0.0000000000e+00,4.9990034000e-03
0.0000000000e+00,7.6734996000e-03
0.0000000000e+00,7.8484947000e-03
0.0000000000e+00,7.8484947000e-03
0.0000000000e+00,7.8484947000e-03
0.0000000000e+00,7.8484947000e-03
0.0000000000e+00,7.8484947000e-03
0.0000000000e+00,7.6734996000e-03
0.0000000000e+00,4.9990034000e-03
0.0000000000e+00,2.3245071000e-03
0.0000000000e+00,0.0000000000e+00
0.0000000000e+00,0.0000000000e+00
0.0000000000e+00,0.0000000000e+00
0.0000000000e+00,0.0000000000e+00
0.0000000000e+00,0.0000000000e+00
0.0000000000e+00,0.0000000000e+00
0.0000000000e+00,0.0000000000e+00
0.0000000000e+00,0.0000000000e+00
0.0000000000e+00,0.0000000000e+00
0.0000000000e+00,0.0000000000e+00
0.0000000000e+00,0.0000000000e+00
0.0000000000e+00,0.0000000000e+00
0.0000000000e+00,0.0000000000e+00
0.0000000000e+00,2.6369444000e-03
0.0000000000e+00,5.7700891000e-03
0.0000000000e+00,8.9032333000e-03
0.0000000000e+00,9.1513339000e-03
0.0000000000e+00,9.1513339000e-03
0.0000000000e+00,9.1513339000e-03
0.0000000000e+00,9.1513339000e-03
0.0000000000e+00,9.1513339000e-03
0.0000000000e+00,8.9032333000e-03
0.0000000000e+00,5.7700891000e-03
0.0000000000e+00,2.6369444000e-03
0.0000000000e+00,0.0000000000e+00
0.0000000000e+00,0.0000000000e+00
0.0000000000e+00,0.0000000000e+00
0.0000000000e+00,0.0000000000e+00
0.0000000000e+00,0.0000000000e+00
0.0000000000e+00,0.0000000000e+00
0.0000000000e+00,0.0000000000e+00
0.0000000000e+00,0.0000000000e+00
0.0000000000e+00,0.0000000000e+00
0.0000000000e+00,0.0000000000e+00
0.0000000000e+00,0.0000000000e+00
0.0000000000e+00,0.0000000000e+00
0.0000000000e+00,0.0000000000e+00
0.0000000000e+00,2.7830633000e-03
0.0000000000e+00,6.2014624000e-03
0.0000000000e+00,9.6198609000e-03
0.0000000000e+00,9.9375285000e-03
0.0000000000e+00,9.9375285000e-03
0.0000000000e+00,9.9375285000e-03
0.0000000000e+00,9.9375285000e-03
0.0000000000e+00,9.9375285000e-03
0.0000000000e+00,9.6198609000e-03
0.0000000000e+00,6.2014624000e-03
0.0000000000e+00,2.7830633000e-03
0.0000000000e+00,0.0000000000e+00
0.0000000000e+00,0.0000000000e+00
0.0000000000e+00,0.0000000000e+00
0.0000000000e+00,0.0000000000e+00
0.0000000000e+00,0.0000000000e+00
0.0000000000e+00,0.0000000000e+00
0.0000000000e+00,0.0000000000e+00
0.0000000000e+00,0.0000000000e+00
0.0000000000e+00,0.0000000000e+00
0.0000000000e+00,0.0000000000e+00
0.0000000000e+00,0.0000000000e+00
0.0000000000e+00,0.0000000000e+00
0.0000000000e+00,0.0000000000e+00
0.0000000000e+00,2.8895999000e-03
0.0000000000e+00,6.5627419000e-03
0.0000000000e+00,1.0235884000e-02
0.0000000000e+00,1.0627655000e-02
0.0000000000e+00,1.0627655000e-02
0.0000000000e+00,1.0627655000e-02
0.0000000000e+00,1.0627655000e-02
0.0000000000e+00,1.0627655000e-02
0.0000000000e+00,1.0235884000e-02
0.0000000000e+00,6.5627419000e-03
0.0000000000e+00,2.8895999000e-03
0.0000000000e+00,0.0000000000e+00
0.0000000000e+00,0.0000000000e+00
0.0000000000e+00,0.0000000000e+00
0.0000000000e+00,0.0000000000e+00
0.0000000000e+00,0.0000000000e+00
0.0000000000e+00,0.0000000000e+00
0.0000000000e+00,0.0000000000e+00
0.0000000000e+00,0.0000000000e+00
0.0000000000e+00,0.0000000000e+00
0.0000000000e+00,0.0000000000e+00
0.0000000000e+00,0.0000000000e+00
0.0000000000e+00,0.0000000000e+00
0.0000000000e+00,0.0000000000e+00
0.0000000000e+00,2.9389861000e-03
0.0000000000e+00,6.8098633000e-03
0.0000000000e+00,1.0680740000e-02
0.0000000000e+00,1.1146686000e-02
0.0000000000e+00,1.1146686000e-02
0.0000000000e+00,1.1146686000e-02
0.0000000000e+00,1.1146686000e-02
0.0000000000e+00,1.1146686000e-02
0.0000000000e+00,1.0680740000e-02
0.0000000000e+00,6.8098633000e-03
0.0000000000e+00,2.9389861000e-03
0.0000000000e+00,0.0000000000e+00
0.0000000000e+00,0.0000000000e+00
0.0000000000e+00,0.0000000000e+00
0.0000000000e+00,0.0000000000e+00
0.0000000000e+00,0.0000000000e+00
0.0000000000e+00,0.0000000000e+00
0.0000000000e+00,0.0000000000e+00
0.0000000000e+00,0.0000000000e+00
0.0000000000e+00,0.0000000000e+00
0.0000000000e+00,0.0000000000e+00
0.0000000000e+00,0.0000000000e+00
0.0000000000e+00,0.0000000000e+00
0.0000000000e+00,0.0000000000e+00
0.0000000000e+00,2.2237787000e-03
0.0000000000e+00,5.2622920000e-03
0.0000000000e+00,8.3008055000e-03
0.0000000000e+00,8.7081734000e-03
0.0000000000e+00,8.7081734000e-03
0.0000000000e+00,8.7081734000e-03
0.0000000000e+00,8.7081734000e-03
0.0000000000e+00,8.7081734000e-03
0.0000000000e+00,8.3008055000e-03
0.0000000000e+00,5.2622920000e-03
9.9999802000e-03,2.2237787000e-03
0.0000000000e+00,0.0000000000e+00
0.0000000000e+00,0.0000000000e+00
0.0000000000e+00,0.0000000000e+00
0.0000000000e+00,0.0000000000e+00
0.0000000000e+00,0.0000000000e+00
0.0000000000e+00,0.0000000000e+00
0.0000000000e+00,0.0000000000e+00
0.0000000000e+00,0.0000000000e+00
0.0000000000e+00,0.0000000000e+00
0.0000000000e+00,0.0000000000e+00
0.0000000000e+00,0.0000000000e+00
0.0000000000e+00,0.0000000000e+00
0.0000000000e+00,0.0000000000e+00
0.0000000000e+00,2.0222452000e-03
0.0000000000e+00,4.8926640000e-03
0.0000000000e+00,7.7630826000e-03
0.0000000000e+00,8.1871692000e-03
0.0000000000e+00,8.1871692000e-03
0.0000000000e+00,8.1871692000e-03
0.0000000000e+00,8.1871692000e-03
0.0000000000e+00,8.1871692000e-03
0.0000000000e+00,7.7630826000e-03
0.0000000000e+00,4.8926640000e-03
9.9999802000e-03,2.0222452000e-03
0.0000000000e+00,0.0000000000e+00
0.0000000000e+00,0.0000000000e+00
0.0000000000e+00,0.0000000000e+00
0.0000000000e+00,0.0000000000e+00
0.0000000000e+00,0.0000000000e+00
0.0000000000e+00,0.0000000000e+00
0.0000000000e+00,0.0000000000e+00
0.0000000000e+00,0.0000000000e+00
0.0000000000e+00,0.0000000000e+00
0.0000000000e+00,0.0000000000e+00
0.0000000000e+00,0.0000000000e+00
0.0000000000e+00,0.0000000000e+00
0.0000000000e+00,0.0000000000e+00
0.0000000000e+00,1.9399358000e-03
0.0000000000e+00,4.8634228000e-03
0.0000000000e+00,7.7869100000e-03
0.0000000000e+00,8.2786856000e-03
0.0000000000e+00,8.2786856000e-03
0.0000000000e+00,8.2786856000e-03
0.0000000000e+00,8.2786856000e-03
0.0000000000e+00,8.2786856000e-03
0.0000000000e+00,7.7869100000e-03
0.0000000000e+00,4.8634228000e-03
0.0000000000e+00,1.9399358000e-03
0.0000000000e+00,0.0000000000e+00
0.0000000000e+00,0.0000000000e+00
0.0000000000e+00,0.0000000000e+00
0.0000000000e+00,0.0000000000e+00
0.0000000000e+00,0.0000000000e+00
0.0000000000e+00,0.0000000000e+00
0.0000000000e+00,0.0000000000e+00
0.0000000000e+00,0.0000000000e+00
0.0000000000e+00,0.0000000000e+00
0.0000000000e+00,0.0000000000e+00
0.0000000000e+00,0.0000000000e+00
0.0000000000e+00,0.0000000000e+00
0.0000000000e+00,0.0000000000e+00
0.0000000000e+00,1.6559287000e-03
0.0000000000e+00,4.2582131000e-03
0.0000000000e+00,6.8604974000e-03
0.0000000000e+00,7.3336754000e-03
0.0000000000e+00,7.3336754000e-03
9.9999802000e-03,7.3336754000e-03
0.0000000000e+00,7.3336754000e-03
0.0000000000e+00,7.3336754000e-03
0.0000000000e+00,6.8604974000e-03
0.0000000000e+00,4.2582131000e-03
0.0000000000e+00,1.6559287000e-03
0.0000000000e+00,0.0000000000e+00
0.0000000000e+00,0.0000000000e+00
0.0000000000e+00,0.0000000000e+00
0.0000000000e+00,0.0000000000e+00
0.0000000000e+00,0.0000000000e+00
0.0000000000e+00,0.0000000000e+00
0.0000000000e+00,0.0000000000e+00
0.0000000000e+00,0.0000000000e+00
0.0000000000e+00,0.0000000000e+00
0.0000000000e+00,0.0000000000e+00
0.0000000000e+00,0.0000000000e+00
0.0000000000e+00,0.0000000000e+00
0.0000000000e+00,0.0000000000e+00
0.0000000000e+00,1.3214825000e-03
0.0000000000e+00,3.4908361000e-03
0.0000000000e+00,5.6601898000e-03
0.0000000000e+00,6.0841255000e-03
0.0000000000e+00,6.0841255000e-03
0.0000000000e+00,6.0841255000e-03
0.0000000000e+00,6.0841255000e-03
0.0000000000e+00,6.0841255000e-03
0.0000000000e+00,5.6601898000e-03
0.0000000000e+00,3.4908361000e-03
0.0000000000e+00,1.3214825000e-03
0.0000000000e+00,0.0000000000e+00
0.0000000000e+00,0.0000000000e+00
0.0000000000e+00,0.0000000000e+00
0.0000000000e+00,0.0000000000e+00
0.0000000000e+00,0.0000000000e+00
0.0000000000e+00,0.0000000000e+00
0.0000000000e+00,0.0000000000e+00
0.0000000000e+00,0.0000000000e+00
0.0000000000e+00,0.0000000000e+00
0.0000000000e+00,0.0000000000e+00
0.0000000000e+00,0.0000000000e+00
0.0000000000e+00,0.0000000000e+00
0.0000000000e+00,0.0000000000e+00
0.0000000000e+00,1.4343989000e-03
0.0000000000e+00,3.8988211000e-03
0.0000000000e+00,6.3632433000e-03
0.0000000000e+00,6.8782549000e-03
0.0000000000e+00,6.8782549000e-03
0.0000000000e+00,6.8782549000e-03
0.0000000000e+00,6.8782549000e-03
0.0000000000e+00,6.8782549000e-03
0.0000000000e+00,6.3632433000e-03
0.0000000000e+00,3.8988211000e-03
0.0000000000e+00,1.4343989000e-03
0.0000000000e+00,0.0000000000e+00
0.0000000000e+00,0.0000000000e+00
0.0000000000e+00,0.0000000000e+00
0.0000000000e+00,0.0000000000e+00
0.0000000000e+00,0.0000000000e+00
0.0000000000e+00,0.0000000000e+00
0.0000000000e+00,0.0000000000e+00
0.0000000000e+00,0.0000000000e+00
0.0000000000e+00,0.0000000000e+00
0.0000000000e+00,0.0000000000e+00
0.0000000000e+00,0.0000000000e+00
0.0000000000e+00,0.0000000000e+00
0.0000000000e+00,0.0000000000e+00
0.0000000000e+00,1.0521354000e-03
2.9999940000e-02,2.9479065000e-03
1.9999960000e-02,4.8436774000e-03
9.9999802000e-03,5.2654953000e-03
4.9999900000e-02,5.2654953000e-03
2.9999940000e-02,5.2654953000e-03
8.9999817000e-02,5.2654953000e-03
3.9999921000e-02,5.2654953000e-03
9.9999802000e-03,4.8436774000e-03
1.9999960000e-02,2.9479065000e-03
0.0000000000e+00,1.0521354000e-03
0.0000000000e+00,0.0000000000e+00
9.9999802000e-03,0.0000000000e+00
0.0000000000e+00,0.0000000000e+00
3.9999921000e-02,0.0000000000e+00
1.1999980000e-01,0.0000000000e+00
9.9999802000e-03,0.0000000000e+00
1.9999960000e-02,0.0000000000e+00
9.9999802000e-03,0.0000000000e+00
1.9999960000e-02,0.0000000000e+00
9.9999802000e-03,0.0000000000e+00
0.0000000000e+00,0.0000000000e+00
0.0000000000e+00,0.0000000000e+00
0.0000000000e+00,0.0000000000e+00
0.0000000000e+00,1.2798238000e-03
9.9999802000e-03,3.7036939000e-03
0.0000000000e+00,6.1275638000e-03
0.0000000000e+00,6.6995868000e-03
0.0000000000e+00,6.6995868000e-03
0.0000000000e+00,6.6995868000e-03
0.0000000000e+00,6.6995868000e-03
0.0000000000e+00,6.6995868000e-03
0.0000000000e+00,6.1275638000e-03
0.0000000000e+00,3.7036939000e-03
0.0000000000e+00,1.2798238000e-03
0.0000000000e+00,0.0000000000e+00
0.0000000000e+00,0.0000000000e+00
0.0000000000e+00,0.0000000000e+00
0.0000000000e+00,0.0000000000e+00
0.0000000000e+00,0.0000000000e+00
0.0000000000e+00,0.0000000000e+00
0.0000000000e+00,0.0000000000e+00
0.0000000000e+00,0.0000000000e+00
0.0000000000e+00,0.0000000000e+00
0.0000000000e+00,0.0000000000e+00
0.0000000000e+00,0.0000000000e+00
0.0000000000e+00,0.0000000000e+00
0.0000000000e+00,0.0000000000e+00
0.0000000000e+00,9.9274714000e-04
0.0000000000e+00,2.9738797000e-03
9.9999802000e-03,4.9550119000e-03
1.9999960000e-02,5.4492047000e-03
2.9999940000e-02,5.4492047000e-03
1.9999960000e-02,5.4492047000e-03
9.9999802000e-03,5.4492047000e-03
0.0000000000e+00,5.4492047000e-03
0.0000000000e+00,4.9550119000e-03
9.9999802000e-03,2.9738797000e-03
0.0000000000e+00,9.9274714000e-04
0.0000000000e+00,0.0000000000e+00
9.9999802000e-03,0.0000000000e+00
9.9999802000e-03,0.0000000000e+00
1.9999960000e-02,0.0000000000e+00
1.9999960000e-02,0.0000000000e+00
0.0000000000e+00,0.0000000000e+00
9.9999802000e-03,0.0000000000e+00
9.9999802000e-03,0.0000000000e+00
9.9999802000e-03,0.0000000000e+00
9.9999802000e-03,0.0000000000e+00
9.9999802000e-03,0.0000000000e+00
9.9999802000e-03,0.0000000000e+00
9.9999802000e-03,0.0000000000e+00
0.0000000000e+00,1.0918215000e-03
0.0000000000e+00,3.3939169000e-03
9.9999802000e-03,5.6960122000e-03
0.0000000000e+00,6.3011488000e-03
0.0000000000e+00,6.3011488000e-03
0.0000000000e+00,6.3011488000e-03
0.0000000000e+00,6.3011488000e-03
0.0000000000e+00,6.3011488000e-03
9.9999802000e-03,5.6960122000e-03
0.0000000000e+00,3.3939169000e-03
0.0000000000e+00,1.0918215000e-03
0.0000000000e+00,0.0000000000e+00
0.0000000000e+00,0.0000000000e+00
0.0000000000e+00,0.0000000000e+00
0.0000000000e+00,0.0000000000e+00
0.0000000000e+00,0.0000000000e+00
0.0000000000e+00,0.0000000000e+00
0.0000000000e+00,0.0000000000e+00
0.0000000000e+00,0.0000000000e+00
0.0000000000e+00,0.0000000000e+00
0.0000000000e+00,0.0000000000e+00
0.0000000000e+00,0.0000000000e+00
0.0000000000e+00,0.0000000000e+00
0.0000000000e+00,0.0000000000e+00
0.0000000000e+00,1.2449662000e-03
0.0000000000e+00,4.0268279000e-03
0.0000000000e+00,6.8086898000e-03
0.0000000000e+00,7.5771376000e-03
0.0000000000e+00,7.5771376000e-03
0.0000000000e+00,7.5771376000e-03
0.0000000000e+00,7.5771376000e-03
0.0000000000e+00,7.5771376000e-03
0.0000000000e+00,6.8086898000e-03
0.0000000000e+00,4.0268279000e-03
0.0000000000e+00,1.2449662000e-03
0.0000000000e+00,0.0000000000e+00
0.0000000000e+00,0.0000000000e+00
0.0000000000e+00,0.0000000000e+00
0.0000000000e+00,0.0000000000e+00
0.0000000000e+00,0.0000000000e+00
0.0000000000e+00,0.0000000000e+00
0.0000000000e+00,0.0000000000e+00
0.0000000000e+00,0.0000000000e+00
0.0000000000e+00,0.0000000000e+00
0.0000000000e+00,0.0000000000e+00
0.0000000000e+00,0.0000000000e+00
0.0000000000e+00,0.0000000000e+00
0.0000000000e+00,0.0000000000e+00
0.0000000000e+00,1.0079762000e-03
0.0000000000e+00,3.4029195000e-03
0.0000000000e+00,5.7978630000e-03
0.0000000000e+00,6.4913463000e-03
0.0000000000e+00,6.4913463000e-03
0.0000000000e+00,6.4913463000e-03
0.0000000000e+00,6.4913463000e-03
0.0000000000e+00,6.4913463000e-03
0.0000000000e+00,5.7978630000e-03
0.0000000000e+00,3.4029195000e-03
0.0000000000e+00,1.0079762000e-03
0.0000000000e+00,0.0000000000e+00
0.0000000000e+00,0.0000000000e+00
0.0000000000e+00,0.0000000000e+00
0.0000000000e+00,0.0000000000e+00
0.0000000000e+00,0.0000000000e+00
0.0000000000e+00,0.0000000000e+00
0.0000000000e+00,0.0000000000e+00
0.0000000000e+00,0.0000000000e+00
0.0000000000e+00,0.0000000000e+00
0.0000000000e+00,0.0000000000e+00
0.0000000000e+00,0.0000000000e+00
0.0000000000e+00,0.0000000000e+00
0.0000000000e+00,0.0000000000e+00
0.0000000000e+00,9.1707997000e-04
0.0000000000e+00,3.2428089000e-03
0.0000000000e+00,5.5685379000e-03
0.0000000000e+00,6.2728622000e-03
0.0000000000e+00,6.2728622000e-03
0.0000000000e+00,6.2728622000e-03
0.0000000000e+00,6.2728622000e-03
0.0000000000e+00,6.2728622000e-03
0.0000000000e+00,5.5685379000e-03
0.0000000000e+00,3.2428089000e-03
0.0000000000e+00,9.1707997000e-04
0.0000000000e+00,0.0000000000e+00
0.0000000000e+00,0.0000000000e+00
0.0000000000e+00,0.0000000000e+00
0.0000000000e+00,0.0000000000e+00
0.0000000000e+00,0.0000000000e+00
0.0000000000e+00,0.0000000000e+00
0.0000000000e+00,0.0000000000e+00
0.0000000000e+00,0.0000000000e+00
0.0000000000e+00,0.0000000000e+00
0.0000000000e+00,0.0000000000e+00
0.0000000000e+00,0.0000000000e+00
0.0000000000e+00,0.0000000000e+00
0.0000000000e+00,0.0000000000e+00
0.0000000000e+00,9.2906709000e-04
0.0000000000e+00,3.4546466000e-03
0.0000000000e+00,5.9802262000e-03
0.0000000000e+00,6.7784823000e-03
0.0000000000e+00,6.7784823000e-03
0.0000000000e+00,6.7784823000e-03
0.0000000000e+00,6.7784823000e-03
0.0000000000e+00,6.7784823000e-03
0.0000000000e+00,5.9802262000e-03
0.0000000000e+00,3.4546466000e-03
0.0000000000e+00,9.2906709000e-04
0.0000000000e+00,0.0000000000e+00
0.0000000000e+00,0.0000000000e+00
0.0000000000e+00,0.0000000000e+00
0.0000000000e+00,0.0000000000e+00
0.0000000000e+00,0.0000000000e+00
0.0000000000e+00,0.0000000000e+00
0.0000000000e+00,0.0000000000e+00
0.0000000000e+00,0.0000000000e+00
0.0000000000e+00,0.0000000000e+00
0.0000000000e+00,0.0000000000e+00
0.0000000000e+00,0.0000000000e+00
0.0000000000e+00,0.0000000000e+00
0.0000000000e+00,0.0000000000e+00
0.0000000000e+00,8.2651130000e-04
0.0000000000e+00,3.2466562000e-03
0.0000000000e+00,5.6668008000e-03
0.0000000000e+00,6.4636176000e-03
0.0000000000e+00,6.4636176000e-03
0.0000000000e+00,6.4636176000e-03
0.0000000000e+00,6.4636176000e-03
0.0000000000e+00,6.4636176000e-03
0.0000000000e+00,5.6668008000e-03
0.0000000000e+00,3.2466562000e-03
0.0000000000e+00,8.2651130000e-04
0.0000000000e+00,0.0000000000e+00
0.0000000000e+00,0.0000000000e+00
0.0000000000e+00,0.0000000000e+00
0.0000000000e+00,0.0000000000e+00
0.0000000000e+00,0.0000000000e+00
0.0000000000e+00,0.0000000000e+00
0.0000000000e+00,0.0000000000e+00
0.0000000000e+00,0.0000000000e+00
0.0000000000e+00,0.0000000000e+00
0.0000000000e+00,0.0000000000e+00
0.0000000000e+00,0.0000000000e+00
0.0000000000e+00,0.0000000000e+00
0.0000000000e+00,0.0000000000e+00
0.0000000000e+00,7.2422321000e-04
0.0000000000e+00,3.0213322000e-03
0.0000000000e+00,5.3184410000e-03
0.0000000000e+00,6.1048837000e-03
0.0000000000e+00,6.1048837000e-03
0.0000000000e+00,6.1048837000e-03
0.0000000000e+00,6.1048837000e-03
0.0000000000e+00,6.1048837000e-03
0.0000000000e+00,5.3184410000e-03
0.0000000000e+00,3.0213322000e-03
0.0000000000e+00,7.2422321000e-04
0.0000000000e+00,0.0000000000e+00
0.0000000000e+00,0.0000000000e+00
0.0000000000e+00,0.0000000000e+00
0.0000000000e+00,0.0000000000e+00
0.0000000000e+00,0.0000000000e+00
0.0000000000e+00,0.0000000000e+00
0.0000000000e+00,0.0000000000e+00
0.0000000000e+00,0.0000000000e+00
0.0000000000e+00,0.0000000000e+00
0.0000000000e+00,0.0000000000e+00
0.0000000000e+00,0.0000000000e+00
0.0000000000e+00,0.0000000000e+00
0.0000000000e+00,0.0000000000e+00
0.0000000000e+00,7.7170797000e-04
0.0000000000e+00,3.4405261000e-03
0.0000000000e+00,6.1093443000e-03
0.0000000000e+00,7.0578996000e-03
0.0000000000e+00,7.0578996000e-03
0.0000000000e+00,7.0578996000e-03
0.0000000000e+00,7.0578996000e-03
0.0000000000e+00,7.0578996000e-03
0.0000000000e+00,6.1093443000e-03
0.0000000000e+00,3.4405261000e-03
0.0000000000e+00,7.7170797000e-04
0.0000000000e+00,0.0000000000e+00
0.0000000000e+00,0.0000000000e+00
0.0000000000e+00,0.0000000000e+00
0.0000000000e+00,0.0000000000e+00
0.0000000000e+00,0.0000000000e+00
0.0000000000e+00,0.0000000000e+00
0.0000000000e+00,0.0000000000e+00
0.0000000000e+00,0.0000000000e+00
0.0000000000e+00,0.0000000000e+00
0.0000000000e+00,0.0000000000e+00
0.0000000000e+00,0.0000000000e+00
0.0000000000e+00,0.0000000000e+00
0.0000000000e+00,0.0000000000e+00
0.0000000000e+00,8.0057926000e-04
0.0000000000e+00,3.8427215000e-03
0.0000000000e+00,6.8848636000e-03
0.0000000000e+00,8.0056451000e-03
0.0000000000e+00,8.0056451000e-03
0.0000000000e+00,8.0056451000e-03
0.0000000000e+00,8.0056451000e-03
0.0000000000e+00,8.0056451000e-03
0.0000000000e+00,6.8848636000e-03
0.0000000000e+00,3.8427215000e-03
0.0000000000e+00,8.0057926000e-04
0.0000000000e+00,0.0000000000e+00
0.0000000000e+00,0.0000000000e+00
0.0000000000e+00,0.0000000000e+00
0.0000000000e+00,0.0000000000e+00
0.0000000000e+00,0.0000000000e+00
0.0000000000e+00,0.0000000000e+00
0.0000000000e+00,0.0000000000e+00
0.0000000000e+00,0.0000000000e+00
0.0000000000e+00,0.0000000000e+00
0.0000000000e+00,0.0000000000e+00
0.0000000000e+00,0.0000000000e+00
0.0000000000e+00,0.0000000000e+00
0.0000000000e+00,0.0000000000e+00
0.0000000000e+00,7.1717479000e-04
0.0000000000e+00,3.7394071000e-03
0.0000000000e+00,6.7616394000e-03
0.0000000000e+00,7.9141678000e-03
0.0000000000e+00,7.9141678000e-03
0.0000000000e+00,7.9141678000e-03
0.0000000000e+00,7.9141678000e-03
0.0000000000e+00,7.9141678000e-03
0.0000000000e+00,6.7616394000e-03
0.0000000000e+00,3.7394071000e-03
0.0000000000e+00,7.1717479000e-04
0.0000000000e+00,0.0000000000e+00
0.0000000000e+00,0.0000000000e+00
0.0000000000e+00,0.0000000000e+00
0.0000000000e+00,0.0000000000e+00
0.0000000000e+00,0.0000000000e+00
0.0000000000e+00,0.0000000000e+00
0.0000000000e+00,0.0000000000e+00
0.0000000000e+00,0.0000000000e+00
0.0000000000e+00,0.0000000000e+00
0.0000000000e+00,0.0000000000e+00
0.0000000000e+00,0.0000000000e+00
0.0000000000e+00,0.0000000000e+00
0.0000000000e+00,0.0000000000e+00
0.0000000000e+00,5.7554338000e-04
0.0000000000e+00,3.2958414000e-03
0.0000000000e+00,6.0161394000e-03
0.0000000000e+00,7.0885168000e-03
0.0000000000e+00,7.0885168000e-03
0.0000000000e+00,7.0885168000e-03
0.0000000000e+00,7.0885168000e-03
0.0000000000e+00,7.0885168000e-03
0.0000000000e+00,6.0161394000e-03
0.0000000000e+00,3.2958414000e-03
0.0000000000e+00,5.7554338000e-04
0.0000000000e+00,0.0000000000e+00
0.0000000000e+00,0.0000000000e+00
0.0000000000e+00,0.0000000000e+00
0.0000000000e+00,0.0000000000e+00
0.0000000000e+00,0.0000000000e+00
0.0000000000e+00,0.0000000000e+00
0.0000000000e+00,0.0000000000e+00
0.0000000000e+00,0.0000000000e+00
0.0000000000e+00,0.0000000000e+00
0.0000000000e+00,0.0000000000e+00
0.0000000000e+00,0.0000000000e+00
0.0000000000e+00,0.0000000000e+00
0.0000000000e+00,0.0000000000e+00
0.0000000000e+00,5.1103102000e-04
0.0000000000e+00,3.2586360000e-03
0.0000000000e+00,6.0062408000e-03
0.0000000000e+00,7.1245278000e-03
0.0000000000e+00,7.1245278000e-03
0.0000000000e+00,7.1245278000e-03
0.0000000000e+00,7.1245278000e-03
0.0000000000e+00,7.1245278000e-03
0.0000000000e+00,6.0062408000e-03
0.0000000000e+00,3.2586360000e-03
0.0000000000e+00,5.1103102000e-04
0.0000000000e+00,0.0000000000e+00
0.0000000000e+00,0.0000000000e+00
0.0000000000e+00,0.0000000000e+00
0.0000000000e+00,0.0000000000e+00
0.0000000000e+00,0.0000000000e+00
0.0000000000e+00,0.0000000000e+00
0.0000000000e+00,0.0000000000e+00
0.0000000000e+00,0.0000000000e+00
0.0000000000e+00,0.0000000000e+00
0.0000000000e+00,0.0000000000e+00
0.0000000000e+00,0.0000000000e+00
0.0000000000e+00,0.0000000000e+00
0.0000000000e+00,0.0000000000e+00
0.0000000000e+00,4.4275878000e-04
0.0000000000e+00,3.2003520000e-03
0.0000000000e+00,5.9579452000e-03
0.0000000000e+00,7.1153627000e-03
0.0000000000e+00,7.1153627000e-03
0.0000000000e+00,7.1153627000e-03
0.0000000000e+00,7.1153627000e-03
0.0000000000e+00,7.1153627000e-03
0.0000000000e+00,5.9579452000e-03
0.0000000000e+00,3.2003520000e-03
0.0000000000e+00,4.4275878000e-04
0.0000000000e+00,0.0000000000e+00
0.0000000000e+00,0.0000000000e+00
0.0000000000e+00,0.0000000000e+00
0.0000000000e+00,0.0000000000e+00
0.0000000000e+00,0.0000000000e+00
0.0000000000e+00,0.0000000000e+00
0.0000000000e+00,0.0000000000e+00
0.0000000000e+00,0.0000000000e+00
0.0000000000e+00,0.0000000000e+00
0.0000000000e+00,0.0000000000e+00
0.0000000000e+00,0.0000000000e+00
0.0000000000e+00,0.0000000000e+00
0.0000000000e+00,0.0000000000e+00
0.0000000000e+00,3.7577850000e-04
0.0000000000e+00,3.1534426000e-03
0.0000000000e+00,5.9311069000e-03
0.0000000000e+00,7.1320496000e-03
0.0000000000e+00,7.1320496000e-03
0.0000000000e+00,7.1320496000e-03
0.0000000000e+00,7.1320496000e-03
0.0000000000e+00,7.1320496000e-03
0.0000000000e+00,5.9311069000e-03
0.0000000000e+00,3.1534426000e-03
0.0000000000e+00,3.7577850000e-04
0.0000000000e+00,0.0000000000e+00
0.0000000000e+00,0.0000000000e+00
0.0000000000e+00,0.0000000000e+00
0.0000000000e+00,0.0000000000e+00
0.0000000000e+00,0.0000000000e+00
0.0000000000e+00,0.0000000000e+00
0.0000000000e+00,0.0000000000e+00
0.0000000000e+00,0.0000000000e+00
0.0000000000e+00,0.0000000000e+00
0.0000000000e+00,0.0000000000e+00
0.0000000000e+00,0.0000000000e+00
0.0000000000e+00,0.0000000000e+00
0.0000000000e+00,0.0000000000e+00
0.0000000000e+00,2.8934123000e-04
0.0000000000e+00,2.9155067000e-03
0.0000000000e+00,5.5416720000e-03
0.0000000000e+00,6.7100842000e-03
0.0000000000e+00,6.7100842000e-03
0.0000000000e+00,6.7100842000e-03
0.0000000000e+00,6.7100842000e-03
0.0000000000e+00,6.7100842000e-03
0.0000000000e+00,5.5416720000e-03
0.0000000000e+00,2.9155067000e-03
0.0000000000e+00,2.8934123000e-04
0.0000000000e+00,0.0000000000e+00
0.0000000000e+00,0.0000000000e+00
0.0000000000e+00,0.0000000000e+00
0.0000000000e+00,0.0000000000e+00
0.0000000000e+00,0.0000000000e+00
0.0000000000e+00,0.0000000000e+00
0.0000000000e+00,0.0000000000e+00
0.0000000000e+00,0.0000000000e+00
0.0000000000e+00,0.0000000000e+00
0.0000000000e+00,0.0000000000e+00
0.0000000000e+00,0.0000000000e+00
0.0000000000e+00,0.0000000000e+00
0.0000000000e+00,0.0000000000e+00
0.0000000000e+00,1.9897913000e-04
0.0000000000e+00,2.5333541000e-03
0.0000000000e+00,4.8677293000e-03
0.0000000000e+00,5.9354273000e-03
0.0000000000e+00,5.9354273000e-03
0.0000000000e+00,5.9354273000e-03
0.0000000000e+00,5.9354273000e-03
0.0000000000e+00,5.9354273000e-03
0.0000000000e+00,4.8677293000e-03
9.9999802000e-03,2.5333541000e-03
0.0000000000e+00,1.9897913000e-04
9.9999802000e-03,0.0000000000e+00
0.0000000000e+00,0.0000000000e+00
0.0000000000e+00,0.0000000000e+00
0.0000000000e+00,0.0000000000e+00
0.0000000000e+00,0.0000000000e+00
0.0000000000e+00,0.0000000000e+00
0.0000000000e+00,0.0000000000e+00
0.0000000000e+00,0.0000000000e+00
0.0000000000e+00,0.0000000000e+00
0.0000000000e+00,0.0000000000e+00
0.0000000000e+00,0.0000000000e+00
0.0000000000e+00,0.0000000000e+00
0.0000000000e+00,0.0000000000e+00
0.0000000000e+00,1.4114031000e-04
0.0000000000e+00,2.4747937000e-03
0.0000000000e+00,4.8084473000e-03
0.0000000000e+00,5.9047039000e-03
0.0000000000e+00,5.9047039000e-03
0.0000000000e+00,5.9047039000e-03
0.0000000000e+00,5.9047039000e-03
0.0000000000e+00,5.9047039000e-03
0.0000000000e+00,4.8084473000e-03
0.0000000000e+00,2.4747937000e-03
0.0000000000e+00,1.4114031000e-04
0.0000000000e+00,0.0000000000e+00
0.0000000000e+00,0.0000000000e+00
0.0000000000e+00,0.0000000000e+00
0.0000000000e+00,0.0000000000e+00
0.0000000000e+00,0.0000000000e+00
0.0000000000e+00,0.0000000000e+00
0.0000000000e+00,0.0000000000e+00
0.0000000000e+00,0.0000000000e+00
0.0000000000e+00,0.0000000000e+00
0.0000000000e+00,0.0000000000e+00
0.0000000000e+00,0.0000000000e+00
0.0000000000e+00,0.0000000000e+00
0.0000000000e+00,0.0000000000e+00
0.0000000000e+00,8.0439262000e-05
0.0000000000e+00,2.3205266000e-03
0.0000000000e+00,4.5606140000e-03
2.9999940000e-02,5.6404378000e-03
9.9999800000e-02,5.6404378000e-03
9.9999802000e-03,5.6404378000e-03
9.9999802000e-03,5.6404378000e-03
2.9999940000e-02,5.6404378000e-03
1.9999960000e-02,4.5606140000e-03
1.9999960000e-02,2.3205266000e-03
2.9999940000e-02,8.0439262000e-05
5.9999879000e-02,0.0000000000e+00
1.9999960000e-02,0.0000000000e+00
0.0000000000e+00,0.0000000000e+00
0.0000000000e+00,0.0000000000e+00
0.0000000000e+00,0.0000000000e+00
0.0000000000e+00,0.0000000000e+00
0.0000000000e+00,0.0000000000e+00
7.9999842000e-02,0.0000000000e+00
9.9999802000e-03,0.0000000000e+00
0.0000000000e+00,0.0000000000e+00
9.9999802000e-03,0.0000000000e+00
0.0000000000e+00,0.0000000000e+00
0.0000000000e+00,0.0000000000e+00
0.0000000000e+00,2.8012877000e-05
0.0000000000e+00,2.4571070000e-03
9.9999802000e-03,4.8862011000e-03
0.0000000000e+00,6.0867416000e-03
0.0000000000e+00,6.0867416000e-03
9.9999802000e-03,6.0867416000e-03
0.0000000000e+00,6.0867416000e-03
0.0000000000e+00,6.0867416000e-03
0.0000000000e+00,4.8862011000e-03
9.9999802000e-03,2.4571070000e-03
2.9999940000e-02,2.8012877000e-05
3.9999921000e-02,0.0000000000e+00
1.9999960000e-02,0.0000000000e+00
2.9999940000e-02,0.0000000000e+00
9.9999802000e-03,0.0000000000e+00
0.0000000000e+00,0.0000000000e+00
0.0000000000e+00,0.0000000000e+00
0.0000000000e+00,0.0000000000e+00
0.0000000000e+00,0.0000000000e+00
0.0000000000e+00,0.0000000000e+00
0.0000000000e+00,0.0000000000e+00
0.0000000000e+00,0.0000000000e+00
0.0000000000e+00,0.0000000000e+00
0.0000000000e+00,0.0000000000e+00
0.0000000000e+00,0.0000000000e+00
0.0000000000e+00,2.2963274000e-03
0.0000000000e+00,4.6220566000e-03
0.0000000000e+00,5.7996218000e-03
0.0000000000e+00,5.7996218000e-03
0.0000000000e+00,5.7996218000e-03
0.0000000000e+00,5.7996218000e-03
1.3999970000e-01,5.7996218000e-03
1.4999970000e-01,4.6220566000e-03
1.2999970000e-01,2.2963274000e-03
4.9999900000e-02,0.0000000000e+00
6.9999859000e-02,0.0000000000e+00
2.9999940000e-02,0.0000000000e+00
1.4999970000e-01,0.0000000000e+00
2.3999950000e-01,0.0000000000e+00
2.2999950000e-01,0.0000000000e+00
9.9999802000e-03,0.0000000000e+00
2.9999940000e-02,0.0000000000e+00
0.0000000000e+00,0.0000000000e+00
0.0000000000e+00,0.0000000000e+00
0.0000000000e+00,0.0000000000e+00
0.0000000000e+00,0.0000000000e+00
0.0000000000e+00,0.0000000000e+00
0.0000000000e+00,0.0000000000e+00
0.0000000000e+00,0.0000000000e+00
0.0000000000e+00,2.2782898000e-03
0.0000000000e+00,4.6431459000e-03
0.0000000000e+00,5.8688568000e-03
1.5999970000e-01,5.8688568000e-03
1.1999980000e-01,5.8688568000e-03
0.0000000000e+00,5.8688568000e-03
0.0000000000e+00,5.8688568000e-03
0.0000000000e+00,4.6431459000e-03
1.1999980000e-01,2.2782898000e-03
0.0000000000e+00,0.0000000000e+00
0.0000000000e+00,0.0000000000e+00
0.0000000000e+00,0.0000000000e+00
0.0000000000e+00,0.0000000000e+00
0.0000000000e+00,0.0000000000e+00
0.0000000000e+00,0.0000000000e+00
0.0000000000e+00,0.0000000000e+00
7.9999842000e-02,0.0000000000e+00
1.9999960000e-02,0.0000000000e+00
1.9999960000e-02,0.0000000000e+00
0.0000000000e+00,0.0000000000e+00
0.0000000000e+00,0.0000000000e+00
9.9999802000e-03,0.0000000000e+00
0.0000000000e+00,0.0000000000e+00
0.0000000000e+00,0.0000000000e+00
0.0000000000e+00,1.9651509000e-03
0.0000000000e+00,4.0565147000e-03
0.0000000000e+00,5.1653031000e-03
0.0000000000e+00,5.1653031000e-03
0.0000000000e+00,5.1653031000e-03
0.0000000000e+00,5.1653031000e-03
2.9999940000e-02,5.1653031000e-03
0.0000000000e+00,4.0565147000e-03
0.0000000000e+00,1.9651509000e-03
0.0000000000e+00,0.0000000000e+00
0.0000000000e+00,0.0000000000e+00
0.0000000000e+00,0.0000000000e+00
0.0000000000e+00,0.0000000000e+00
9.9999802000e-03,0.0000000000e+00
0.0000000000e+00,0.0000000000e+00
0.0000000000e+00,0.0000000000e+00
0.0000000000e+00,0.0000000000e+00
0.0000000000e+00,0.0000000000e+00
0.0000000000e+00,0.0000000000e+00
0.0000000000e+00,0.0000000000e+00
0.0000000000e+00,0.0000000000e+00
0.0000000000e+00,0.0000000000e+00
0.0000000000e+00,0.0000000000e+00
0.0000000000e+00,0.0000000000e+00
0.0000000000e+00,2.0142517000e-03
0.0000000000e+00,4.2128954000e-03
0.0000000000e+00,5.4044137000e-03
0.0000000000e+00,5.4044137000e-03
0.0000000000e+00,5.4044137000e-03
0.0000000000e+00,5.4044137000e-03
0.0000000000e+00,5.4044137000e-03
0.0000000000e+00,4.2128954000e-03
0.0000000000e+00,2.0142517000e-03
0.0000000000e+00,0.0000000000e+00
0.0000000000e+00,0.0000000000e+00
0.0000000000e+00,0.0000000000e+00
0.0000000000e+00,0.0000000000e+00
9.9999802000e-03,0.0000000000e+00
9.9999802000e-03,0.0000000000e+00
0.0000000000e+00,0.0000000000e+00
4.9999900000e-02,0.0000000000e+00
1.9999960000e-02,0.0000000000e+00
9.9999802000e-03,0.0000000000e+00
0.0000000000e+00,0.0000000000e+00
0.0000000000e+00,0.0000000000e+00
0.0000000000e+00,0.0000000000e+00
0.0000000000e+00,0.0000000000e+00
0.0000000000e+00,0.0000000000e+00
0.0000000000e+00,1.9988252000e-03
0.0000000000e+00,4.2375200000e-03
0.0000000000e+00,5.4768026000e-03
0.0000000000e+00,5.4768026000e-03
0.0000000000e+00,5.4768026000e-03
0.0000000000e+00,5.4768026000e-03
9.9999802000e-03,5.4768026000e-03
0.0000000000e+00,4.2375200000e-03
0.0000000000e+00,1.9988252000e-03
0.0000000000e+00,0.0000000000e+00
0.0000000000e+00,0.0000000000e+00
0.0000000000e+00,0.0000000000e+00
0.0000000000e+00,0.0000000000e+00
0.0000000000e+00,0.0000000000e+00
0.0000000000e+00,0.0000000000e+00
0.0000000000e+00,0.0000000000e+00
0.0000000000e+00,0.0000000000e+00
0.0000000000e+00,0.0000000000e+00
0.0000000000e+00,0.0000000000e+00
0.0000000000e+00,0.0000000000e+00
0.0000000000e+00,0.0000000000e+00
0.0000000000e+00,0.0000000000e+00
0.0000000000e+00,0.0000000000e+00
0.0000000000e+00,0.0000000000e+00
0.0000000000e+00,2.4904236000e-03
0.0000000000e+00,5.3162635000e-03
0.0000000000e+00,6.8968916000e-03
0.0000000000e+00,6.8968916000e-03
9.9999802000e-03,6.8968916000e-03
0.0000000000e+00,6.8968916000e-03
0.0000000000e+00,6.8968916000e-03
0.0000000000e+00,5.3162635000e-03
0.0000000000e+00,2.4904236000e-03
0.0000000000e+00,0.0000000000e+00
0.0000000000e+00,0.0000000000e+00
0.0000000000e+00,0.0000000000e+00
0.0000000000e+00,0.0000000000e+00
0.0000000000e+00,0.0000000000e+00
0.0000000000e+00,0.0000000000e+00
0.0000000000e+00,0.0000000000e+00
0.0000000000e+00,0.0000000000e+00
0.0000000000e+00,0.0000000000e+00
0.0000000000e+00,0.0000000000e+00
2.9999940000e-02,0.0000000000e+00
2.9999940000e-02,0.0000000000e+00
2.9999940000e-02,0.0000000000e+00
0.0000000000e+00,0.0000000000e+00
0.0000000000e+00,0.0000000000e+00
0.0000000000e+00,2.1785758000e-03
0.0000000000e+00,4.7165430000e-03
0.0000000000e+00,6.1652227000e-03
0.0000000000e+00,6.1652227000e-03
0.0000000000e+00,6.1652227000e-03
0.0000000000e+00,6.1652227000e-03
0.0000000000e+00,6.1652227000e-03
0.0000000000e+00,4.7165430000e-03
0.0000000000e+00,2.1785758000e-03
0.0000000000e+00,0.0000000000e+00
0.0000000000e+00,0.0000000000e+00
0.0000000000e+00,0.0000000000e+00
0.0000000000e+00,0.0000000000e+00
0.0000000000e+00,0.0000000000e+00
0.0000000000e+00,0.0000000000e+00
0.0000000000e+00,0.0000000000e+00
0.0000000000e+00,0.0000000000e+00
0.0000000000e+00,0.0000000000e+00
0.0000000000e+00,0.0000000000e+00
0.0000000000e+00,0.0000000000e+00
0.0000000000e+00,0.0000000000e+00
0.0000000000e+00,0.0000000000e+00
0.0000000000e+00,0.0000000000e+00
0.0000000000e+00,0.0000000000e+00
0.0000000000e+00,1.9461166000e-03
0.0000000000e+00,4.2747245000e-03
0.0000000000e+00,5.6302738000e-03
0.0000000000e+00,5.6302738000e-03
0.0000000000e+00,5.6302738000e-03
0.0000000000e+00,5.6302738000e-03
0.0000000000e+00,5.6302738000e-03
0.0000000000e+00,4.2747245000e-03
9.9999802000e-03,1.9461166000e-03
9.9999802000e-03,0.0000000000e+00
0.0000000000e+00,0.0000000000e+00
0.0000000000e+00,0.0000000000e+00
0.0000000000e+00,0.0000000000e+00
0.0000000000e+00,0.0000000000e+00
0.0000000000e+00,0.0000000000e+00
0.0000000000e+00,0.0000000000e+00
0.0000000000e+00,0.0000000000e+00
0.0000000000e+00,0.0000000000e+00
1.9999960000e-02,0.0000000000e+00
3.9999921000e-02,0.0000000000e+00
2.9999940000e-02,0.0000000000e+00
1.9999960000e-02,0.0000000000e+00
9.9999802000e-03,0.0000000000e+00
0.0000000000e+00,0.0000000000e+00
0.0000000000e+00,1.7644628000e-03
0.0000000000e+00,3.9338167000e-03
0.0000000000e+00,5.2209389000e-03
0.0000000000e+00,5.2209389000e-03
0.0000000000e+00,5.2209389000e-03
0.0000000000e+00,5.2209389000e-03
9.9999802000e-03,5.2209389000e-03
0.0000000000e+00,3.9338167000e-03
0.0000000000e+00,1.7644628000e-03
0.0000000000e+00,0.0000000000e+00
0.0000000000e+00,0.0000000000e+00
0.0000000000e+00,0.0000000000e+00
0.0000000000e+00,0.0000000000e+00
0.0000000000e+00,0.0000000000e+00
0.0000000000e+00,0.0000000000e+00
0.0000000000e+00,0.0000000000e+00
0.0000000000e+00,0.0000000000e+00
0.0000000000e+00,0.0000000000e+00
0.0000000000e+00,0.0000000000e+00
0.0000000000e+00,0.0000000000e+00
0.0000000000e+00,0.0000000000e+00
0.0000000000e+00,0.0000000000e+00
0.0000000000e+00,0.0000000000e+00
0.0000000000e+00,0.0000000000e+00
0.0000000000e+00,1.5920062000e-03
0.0000000000e+00,3.6040156000e-03
0.0000000000e+00,4.8200218000e-03
0.0000000000e+00,4.8200218000e-03
0.0000000000e+00,4.8200218000e-03
0.0000000000e+00,4.8200218000e-03
0.0000000000e+00,4.8200218000e-03
0.0000000000e+00,3.6040156000e-03
0.0000000000e+00,1.5920062000e-03
0.0000000000e+00,0.0000000000e+00
0.0000000000e+00,0.0000000000e+00
0.0000000000e+00,0.0000000000e+00
0.0000000000e+00,0.0000000000e+00
0.0000000000e+00,0.0000000000e+00
0.0000000000e+00,0.0000000000e+00
0.0000000000e+00,0.0000000000e+00
0.0000000000e+00,0.0000000000e+00
0.0000000000e+00,0.0000000000e+00
1.9999960000e-02,0.0000000000e+00
0.0000000000e+00,0.0000000000e+00
0.0000000000e+00,0.0000000000e+00
0.0000000000e+00,0.0000000000e+00
0.0000000000e+00,0.0000000000e+00
0.0000000000e+00,0.0000000000e+00
0.0000000000e+00,1.4102453000e-03
0.0000000000e+00,3.2430855000e-03
0.0000000000e+00,4.3708030000e-03
0.0000000000e+00,4.3708030000e-03
0.0000000000e+00,4.3708030000e-03
0.0000000000e+00,4.3708030000e-03
0.0000000000e+00,4.3708030000e-03
0.0000000000e+00,3.2430855000e-03
0.0000000000e+00,1.4102453000e-03
0.0000000000e+00,0.0000000000e+00
0.0000000000e+00,0.0000000000e+00
0.0000000000e+00,0.0000000000e+00
0.0000000000e+00,0.0000000000e+00
0.0000000000e+00,0.0000000000e+00
0.0000000000e+00,0.0000000000e+00
0.0000000000e+00,0.0000000000e+00
0.0000000000e+00,0.0000000000e+00
9.9999802000e-03,0.0000000000e+00
0.0000000000e+00,0.0000000000e+00
0.0000000000e+00,0.0000000000e+00
0.0000000000e+00,0.0000000000e+00
0.0000000000e+00,0.0000000000e+00
0.0000000000e+00,0.0000000000e+00
0.0000000000e+00,0.0000000000e+00
0.0000000000e+00,1.3495007000e-03
0.0000000000e+00,3.1538694000e-03
0.0000000000e+00,4.2834878000e-03
0.0000000000e+00,4.2834878000e-03
0.0000000000e+00,4.2834878000e-03
0.0000000000e+00,4.2834878000e-03
0.0000000000e+00,4.2834878000e-03
0.0000000000e+00,3.1538694000e-03
0.0000000000e+00,1.3495007000e-03
0.0000000000e+00,0.0000000000e+00
0.0000000000e+00,0.0000000000e+00
0.0000000000e+00,0.0000000000e+00
0.0000000000e+00,0.0000000000e+00
0.0000000000e+00,0.0000000000e+00
0.0000000000e+00,0.0000000000e+00
0.0000000000e+00,0.0000000000e+00
0.0000000000e+00,0.0000000000e+00
0.0000000000e+00,0.0000000000e+00
0.0000000000e+00,0.0000000000e+00
0.0000000000e+00,0.0000000000e+00
0.0000000000e+00,0.0000000000e+00
0.0000000000e+00,0.0000000000e+00
0.0000000000e+00,0.0000000000e+00
0.0000000000e+00,0.0000000000e+00
0.0000000000e+00,1.2197548000e-03
0.0000000000e+00,2.8982644000e-03
0.0000000000e+00,3.9668968000e-03
0.0000000000e+00,3.9668968000e-03
0.0000000000e+00,3.9668968000e-03
0.0000000000e+00,3.9668968000e-03
0.0000000000e+00,3.9668968000e-03
0.0000000000e+00,2.8982644000e-03
0.0000000000e+00,1.2197548000e-03
0.0000000000e+00,0.0000000000e+00
0.0000000000e+00,0.0000000000e+00
0.0000000000e+00,0.0000000000e+00
0.0000000000e+00,0.0000000000e+00
0.0000000000e+00,0.0000000000e+00
0.0000000000e+00,0.0000000000e+00
0.0000000000e+00,0.0000000000e+00
0.0000000000e+00,0.0000000000e+00
0.0000000000e+00,0.0000000000e+00
0.0000000000e+00,0.0000000000e+00
0.0000000000e+00,0.0000000000e+00
0.0000000000e+00,0.0000000000e+00
0.0000000000e+00,0.0000000000e+00
9.9999802000e-03,0.0000000000e+00
0.0000000000e+00,0.0000000000e+00
0.0000000000e+00,1.1892674000e-03
0.0000000000e+00,2.8742913000e-03
0.0000000000e+00,3.9646816000e-03
0.0000000000e+00,3.9646816000e-03
0.0000000000e+00,3.9646816000e-03
0.0000000000e+00,3.9646816000e-03
0.0000000000e+00,3.9646816000e-03
0.0000000000e+00,2.8742913000e-03
0.0000000000e+00,1.1892674000e-03
0.0000000000e+00,0.0000000000e+00
0.0000000000e+00,0.0000000000e+00
0.0000000000e+00,0.0000000000e+00
0.0000000000e+00,0.0000000000e+00
0.0000000000e+00,0.0000000000e+00
0.0000000000e+00,0.0000000000e+00
0.0000000000e+00,0.0000000000e+00
0.0000000000e+00,0.0000000000e+00
0.0000000000e+00,0.0000000000e+00
0.0000000000e+00,0.0000000000e+00
0.0000000000e+00,0.0000000000e+00
0.0000000000e+00,0.0000000000e+00
0.0000000000e+00,0.0000000000e+00
0.0000000000e+00,0.0000000000e+00
0.0000000000e+00,0.0000000000e+00
0.0000000000e+00,1.2101220000e-03
0.0000000000e+00,2.9761824000e-03
0.0000000000e+00,4.1371821000e-03
0.0000000000e+00,4.1371821000e-03
0.0000000000e+00,4.1371821000e-03
0.0000000000e+00,4.1371821000e-03
0.0000000000e+00,4.1371821000e-03
0.0000000000e+00,2.9761824000e-03
0.0000000000e+00,1.2101220000e-03
0.0000000000e+00,0.0000000000e+00
0.0000000000e+00,0.0000000000e+00
0.0000000000e+00,0.0000000000e+00
0.0000000000e+00,0.0000000000e+00
0.0000000000e+00,0.0000000000e+00
0.0000000000e+00,0.0000000000e+00
0.0000000000e+00,0.0000000000e+00
0.0000000000e+00,0.0000000000e+00
0.0000000000e+00,0.0000000000e+00
0.0000000000e+00,0.0000000000e+00
0.0000000000e+00,0.0000000000e+00
0.0000000000e+00,0.0000000000e+00
0.0000000000e+00,0.0000000000e+00
0.0000000000e+00,0.0000000000e+00
0.0000000000e+00,0.0000000000e+00
0.0000000000e+00,1.1183207000e-03
0.0000000000e+00,2.8000849000e-03
0.0000000000e+00,3.9226883000e-03
0.0000000000e+00,3.9226883000e-03
0.0000000000e+00,3.9226883000e-03
0.0000000000e+00,3.9226883000e-03
0.0000000000e+00,3.9226883000e-03
0.0000000000e+00,2.8000849000e-03
9.9999802000e-03,1.1183207000e-03
0.0000000000e+00,0.0000000000e+00
0.0000000000e+00,0.0000000000e+00
0.0000000000e+00,0.0000000000e+00
0.0000000000e+00,0.0000000000e+00
0.0000000000e+00,0.0000000000e+00
0.0000000000e+00,0.0000000000e+00
0.0000000000e+00,0.0000000000e+00
0.0000000000e+00,0.0000000000e+00
0.0000000000e+00,0.0000000000e+00
0.0000000000e+00,0.0000000000e+00
0.0000000000e+00,0.0000000000e+00
0.0000000000e+00,0.0000000000e+00
0.0000000000e+00,0.0000000000e+00
0.0000000000e+00,0.0000000000e+00
0.0000000000e+00,0.0000000000e+00
0.0000000000e+00,1.1576373000e-03
0.0000000000e+00,2.9522183000e-03
0.0000000000e+00,4.1679805000e-03
0.0000000000e+00,4.1679805000e-03
0.0000000000e+00,4.1679805000e-03
0.0000000000e+00,4.1679805000e-03
0.0000000000e+00,4.1679805000e-03
0.0000000000e+00,2.9522183000e-03
0.0000000000e+00,1.1576373000e-03
0.0000000000e+00,0.0000000000e+00
0.0000000000e+00,0.0000000000e+00
0.0000000000e+00,0.0000000000e+00
0.0000000000e+00,0.0000000000e+00
0.0000000000e+00,0.0000000000e+00
0.0000000000e+00,0.0000000000e+00
0.0000000000e+00,0.0000000000e+00
0.0000000000e+00,0.0000000000e+00
0.0000000000e+00,0.0000000000e+00
0.0000000000e+00,0.0000000000e+00
0.0000000000e+00,0.0000000000e+00
0.0000000000e+00,0.0000000000e+00
0.0000000000e+00,0.0000000000e+00
0.0000000000e+00,0.0000000000e+00
0.0000000000e+00,0.0000000000e+00
0.0000000000e+00,1.1164800000e-03
0.0000000000e+00,2.9013194000e-03
0.0000000000e+00,4.1279187000e-03
0.0000000000e+00,4.1279187000e-03
0.0000000000e+00,4.1279187000e-03
0.0000000000e+00,4.1279187000e-03
0.0000000000e+00,4.1279187000e-03
0.0000000000e+00,2.9013194000e-03
0.0000000000e+00,1.1164800000e-03
0.0000000000e+00,0.0000000000e+00
0.0000000000e+00,0.0000000000e+00
0.0000000000e+00,0.0000000000e+00
0.0000000000e+00,0.0000000000e+00
0.0000000000e+00,0.0000000000e+00
0.0000000000e+00,0.0000000000e+00
0.0000000000e+00,0.0000000000e+00
0.0000000000e+00,0.0000000000e+00
0.0000000000e+00,0.0000000000e+00
0.0000000000e+00,0.0000000000e+00
0.0000000000e+00,0.0000000000e+00
9.9999802000e-03,0.0000000000e+00
0.0000000000e+00,0.0000000000e+00
0.0000000000e+00,0.0000000000e+00
0.0000000000e+00,0.0000000000e+00
0.0000000000e+00,1.0969053000e-03
0.0000000000e+00,2.9058959000e-03
0.0000000000e+00,4.1664336000e-03
0.0000000000e+00,4.1664336000e-03
0.0000000000e+00,4.1664336000e-03
0.0000000000e+00,4.1664336000e-03
0.0000000000e+00,4.1664336000e-03
9.9999802000e-03,2.9058959000e-03
0.0000000000e+00,1.0969053000e-03
0.0000000000e+00,0.0000000000e+00
0.0000000000e+00,0.0000000000e+00
0.0000000000e+00,0.0000000000e+00
0.0000000000e+00,0.0000000000e+00
0.0000000000e+00,0.0000000000e+00
0.0000000000e+00,0.0000000000e+00
0.0000000000e+00,0.0000000000e+00
0.0000000000e+00,0.0000000000e+00
0.0000000000e+00,0.0000000000e+00
0.0000000000e+00,0.0000000000e+00
0.0000000000e+00,0.0000000000e+00
0.0000000000e+00,0.0000000000e+00
0.0000000000e+00,0.0000000000e+00
0.0000000000e+00,0.0000000000e+00
0.0000000000e+00,0.0000000000e+00
0.0000000000e+00,1.2818231000e-03
0.0000000000e+00,3.4633966000e-03
0.0000000000e+00,5.0040586000e-03
0.0000000000e+00,5.0040586000e-03
0.0000000000e+00,5.0040586000e-03
0.0000000000e+00,5.0040586000e-03
0.0000000000e+00,5.0040586000e-03
0.0000000000e+00,3.4633966000e-03
0.0000000000e+00,1.2818231000e-03
0.0000000000e+00,0.0000000000e+00
0.0000000000e+00,0.0000000000e+00
0.0000000000e+00,0.0000000000e+00
0.0000000000e+00,0.0000000000e+00
0.0000000000e+00,0.0000000000e+00
0.0000000000e+00,0.0000000000e+00
0.0000000000e+00,0.0000000000e+00
0.0000000000e+00,0.0000000000e+00
0.0000000000e+00,0.0000000000e+00
0.0000000000e+00,0.0000000000e+00
0.0000000000e+00,0.0000000000e+00
0.0000000000e+00,0.0000000000e+00
0.0000000000e+00,0.0000000000e+00
0.0000000000e+00,0.0000000000e+00
0.0000000000e+00,0.0000000000e+00
0.0000000000e+00,1.2729889000e-03
0.0000000000e+00,3.5095969000e-03
0.0000000000e+00,5.1097106000e-03
0.0000000000e+00,5.1097106000e-03
0.0000000000e+00,5.1097106000e-03
0.0000000000e+00,5.1097106000e-03
0.0000000000e+00,5.1097106000e-03
0.0000000000e+00,3.5095969000e-03
0.0000000000e+00,1.2729889000e-03
0.0000000000e+00,0.0000000000e+00
0.0000000000e+00,0.0000000000e+00
0.0000000000e+00,0.0000000000e+00
0.0000000000e+00,0.0000000000e+00
0.0000000000e+00,0.0000000000e+00
0.0000000000e+00,0.0000000000e+00
0.0000000000e+00,0.0000000000e+00
0.0000000000e+00,0.0000000000e+00
9.9999802000e-03,0.0000000000e+00
0.0000000000e+00,0.0000000000e+00
0.0000000000e+00,0.0000000000e+00
0.0000000000e+00,0.0000000000e+00
0.0000000000e+00,0.0000000000e+00
0.0000000000e+00,0.0000000000e+00
0.0000000000e+00,0.0000000000e+00
0.0000000000e+00,1.0286956000e-03
0.0000000000e+00,2.8951466000e-03
0.0000000000e+00,4.2472496000e-03
0.0000000000e+00,4.2472496000e-03
0.0000000000e+00,4.2472496000e-03
0.0000000000e+00,4.2472496000e-03
0.0000000000e+00,4.2472496000e-03
0.0000000000e+00,2.8951466000e-03
0.0000000000e+00,1.0286956000e-03
0.0000000000e+00,0.0000000000e+00
0.0000000000e+00,0.0000000000e+00
0.0000000000e+00,0.0000000000e+00
0.0000000000e+00,0.0000000000e+00
0.0000000000e+00,0.0000000000e+00
0.0000000000e+00,0.0000000000e+00
0.0000000000e+00,0.0000000000e+00
0.0000000000e+00,0.0000000000e+00
0.0000000000e+00,0.0000000000e+00
0.0000000000e+00,0.0000000000e+00
0.0000000000e+00,0.0000000000e+00
0.0000000000e+00,0.0000000000e+00
0.0000000000e+00,0.0000000000e+00
0.0000000000e+00,0.0000000000e+00
0.0000000000e+00,0.0000000000e+00
0.0000000000e+00,9.4318698000e-04
0.0000000000e+00,2.7109475000e-03
0.0000000000e+00,4.0071150000e-03
0.0000000000e+00,4.0071150000e-03
0.0000000000e+00,4.0071150000e-03
0.0000000000e+00,4.0071150000e-03
0.0000000000e+00,4.0071150000e-03
0.0000000000e+00,2.7109475000e-03
0.0000000000e+00,9.4318698000e-04
0.0000000000e+00,0.0000000000e+00
0.0000000000e+00,0.0000000000e+00
0.0000000000e+00,0.0000000000e+00
0.0000000000e+00,0.0000000000e+00
0.0000000000e+00,0.0000000000e+00
0.0000000000e+00,0.0000000000e+00
0.0000000000e+00,0.0000000000e+00
0.0000000000e+00,0.0000000000e+00
0.0000000000e+00,0.0000000000e+00
0.0000000000e+00,0.0000000000e+00
0.0000000000e+00,0.0000000000e+00
0.0000000000e+00,0.0000000000e+00
0.0000000000e+00,0.0000000000e+00
0.0000000000e+00,0.0000000000e+00
0.0000000000e+00,0.0000000000e+00
0.0000000000e+00,9.4671885000e-04
0.0000000000e+00,2.7801443000e-03
0.0000000000e+00,4.1402103000e-03
0.0000000000e+00,4.1402103000e-03
0.0000000000e+00,4.1402103000e-03
0.0000000000e+00,4.1402103000e-03
0.0000000000e+00,4.1402103000e-03
0.0000000000e+00,2.7801443000e-03
0.0000000000e+00,9.4671885000e-04
0.0000000000e+00,0.0000000000e+00
0.0000000000e+00,0.0000000000e+00
0.0000000000e+00,0.0000000000e+00
0.0000000000e+00,0.0000000000e+00
0.0000000000e+00,0.0000000000e+00
0.0000000000e+00,0.0000000000e+00
0.0000000000e+00,0.0000000000e+00
0.0000000000e+00,0.0000000000e+00
0.0000000000e+00,0.0000000000e+00
0.0000000000e+00,0.0000000000e+00
0.0000000000e+00,0.0000000000e+00
0.0000000000e+00,0.0000000000e+00
0.0000000000e+00,0.0000000000e+00
0.0000000000e+00,0.0000000000e+00
0.0000000000e+00,0.0000000000e+00
0.0000000000e+00,9.5773605000e-04
0.0000000000e+00,2.8746943000e-03
0.0000000000e+00,4.3127844000e-03
0.0000000000e+00,4.3127844000e-03
0.0000000000e+00,4.3127844000e-03
0.0000000000e+00,4.3127844000e-03
0.0000000000e+00,4.3127844000e-03
0.0000000000e+00,2.8746943000e-03
0.0000000000e+00,9.5773605000e-04
0.0000000000e+00,0.0000000000e+00
0.0000000000e+00,0.0000000000e+00
0.0000000000e+00,0.0000000000e+00
0.0000000000e+00,0.0000000000e+00
0.0000000000e+00,0.0000000000e+00
0.0000000000e+00,0.0000000000e+00
0.0000000000e+00,0.0000000000e+00
0.0000000000e+00,0.0000000000e+00
0.0000000000e+00,0.0000000000e+00
0.0000000000e+00,0.0000000000e+00
0.0000000000e+00,0.0000000000e+00
0.0000000000e+00,0.0000000000e+00
0.0000000000e+00,0.0000000000e+00
0.0000000000e+00,0.0000000000e+00
0.0000000000e+00,0.0000000000e+00
0.0000000000e+00,8.7512069000e-04
0.0000000000e+00,2.6858472000e-03
9.9999802000e-03,4.0590134000e-03
0.0000000000e+00,4.0590134000e-03
3.9999921000e-02,4.0590134000e-03
3.9999921000e-02,4.0590134000e-03
0.0000000000e+00,4.0590134000e-03
0.0000000000e+00,2.6858472000e-03
0.0000000000e+00,8.7512069000e-04
0.0000000000e+00,0.0000000000e+00
0.0000000000e+00,0.0000000000e+00
0.0000000000e+00,0.0000000000e+00
0.0000000000e+00,0.0000000000e+00
0.0000000000e+00,0.0000000000e+00
0.0000000000e+00,0.0000000000e+00
0.0000000000e+00,0.0000000000e+00
3.9999921000e-02,0.0000000000e+00
5.9999879000e-02,0.0000000000e+00
2.9999940000e-02,0.0000000000e+00
0.0000000000e+00,0.0000000000e+00
0.0000000000e+00,0.0000000000e+00
0.0000000000e+00,0.0000000000e+00
0.0000000000e+00,0.0000000000e+00
0.0000000000e+00,0.0000000000e+00
0.0000000000e+00,8.3965313000e-04
0.0000000000e+00,2.6359579000e-03
0.0000000000e+00,4.0124361000e-03
4.9999900000e-02,4.0124361000e-03
1.7999960000e-01,4.0124361000e-03
1.2999970000e-01,4.0124361000e-03
4.9999900000e-02,4.0124361000e-03
1.9999960000e-02,2.6359579000e-03
1.9999960000e-02,8.3965313000e-04
9.9999802000e-03,0.0000000000e+00
9.9999802000e-03,0.0000000000e+00
1.9999960000e-02,0.0000000000e+00
0.0000000000e+00,0.0000000000e+00
9.9999802000e-03,0.0000000000e+00
3.9999921000e-02,0.0000000000e+00
0.0000000000e+00,0.0000000000e+00
0.0000000000e+00,0.0000000000e+00
0.0000000000e+00,0.0000000000e+00
0.0000000000e+00,0.0000000000e+00
1.9999960000e-02,0.0000000000e+00
1.9999960000e-02,0.0000000000e+00
0.0000000000e+00,0.0000000000e+00
3.9999921000e-02,0.0000000000e+00
0.0000000000e+00,0.0000000000e+00
9.9999802000e-03,7.3481706000e-04
3.9999921000e-02,2.3604142000e-03
1.2999970000e-01,3.6186029000e-03
6.9999859000e-02,3.6186029000e-03
4.9999900000e-02,3.6186029000e-03
3.9999921000e-02,3.6186029000e-03
0.0000000000e+00,3.6186029000e-03
0.0000000000e+00,2.3604142000e-03
0.0000000000e+00,7.3481706000e-04
0.0000000000e+00,0.0000000000e+00
9.9999802000e-03,0.0000000000e+00
0.0000000000e+00,0.0000000000e+00
0.0000000000e+00,0.0000000000e+00
0.0000000000e+00,0.0000000000e+00
0.0000000000e+00,0.0000000000e+00
0.0000000000e+00,0.0000000000e+00
0.0000000000e+00,0.0000000000e+00
0.0000000000e+00,0.0000000000e+00
0.0000000000e+00,0.0000000000e+00
0.0000000000e+00,0.0000000000e+00
0.0000000000e+00,0.0000000000e+00
0.0000000000e+00,0.0000000000e+00
0.0000000000e+00,0.0000000000e+00
0.0000000000e+00,0.0000000000e+00
0.0000000000e+00,7.4631593000e-04
9.9999802000e-03,2.4537633000e-03
0.0000000000e+00,3.7880528000e-03
0.0000000000e+00,3.7880528000e-03
0.0000000000e+00,3.7880528000e-03
0.0000000000e+00,3.7880528000e-03
0.0000000000e+00,3.7880528000e-03
0.0000000000e+00,2.4537633000e-03
0.0000000000e+00,7.4631593000e-04
0.0000000000e+00,0.0000000000e+00
0.0000000000e+00,0.0000000000e+00
0.0000000000e+00,0.0000000000e+00
0.0000000000e+00,0.0000000000e+00
0.0000000000e+00,0.0000000000e+00
0.0000000000e+00,0.0000000000e+00
0.0000000000e+00,0.0000000000e+00
0.0000000000e+00,0.0000000000e+00
0.0000000000e+00,0.0000000000e+00
0.0000000000e+00,0.0000000000e+00
0.0000000000e+00,0.0000000000e+00
0.0000000000e+00,0.0000000000e+00
0.0000000000e+00,0.0000000000e+00
0.0000000000e+00,0.0000000000e+00
0.0000000000e+00,0.0000000000e+00
0.0000000000e+00,6.9893722000e-04
0.0000000000e+00,2.3526780000e-03
0.0000000000e+00,3.6569501000e-03
0.0000000000e+00,3.6569501000e-03
0.0000000000e+00,3.6569501000e-03
0.0000000000e+00,3.6569501000e-03
0.0000000000e+00,3.6569501000e-03
0.0000000000e+00,2.3526780000e-03
0.0000000000e+00,6.9893722000e-04
0.0000000000e+00,0.0000000000e+00
0.0000000000e+00,0.0000000000e+00
0.0000000000e+00,0.0000000000e+00
0.0000000000e+00,0.0000000000e+00
0.0000000000e+00,0.0000000000e+00
0.0000000000e+00,0.0000000000e+00
0.0000000000e+00,0.0000000000e+00
0.0000000000e+00,0.0000000000e+00
0.0000000000e+00,0.0000000000e+00
0.0000000000e+00,0.0000000000e+00
0.0000000000e+00,0.0000000000e+00
0.0000000000e+00,0.0000000000e+00
0.0000000000e+00,0.0000000000e+00
0.0000000000e+00,0.0000000000e+00
0.0000000000e+00,0.0000000000e+00
0.0000000000e+00,8.2954630000e-04
0.0000000000e+00,2.8593866000e-03
0.0000000000e+00,4.4744536000e-03
9.9999802000e-03,4.4744536000e-03
0.0000000000e+00,4.4744536000e-03
0.0000000000e+00,4.4744536000e-03
0.0000000000e+00,4.4744536000e-03
9.9999802000e-03,2.8593866000e-03
9.9999802000e-03,8.2954630000e-04
0.0000000000e+00,0.0000000000e+00
9.9999802000e-03,0.0000000000e+00
2.9999940000e-02,0.0000000000e+00
9.9999802000e-03,0.0000000000e+00
1.9999960000e-02,0.0000000000e+00
4.9999900000e-02,0.0000000000e+00
2.9999940000e-02,0.0000000000e+00
9.9999802000e-03,0.0000000000e+00
9.9999800000e-02,0.0000000000e+00
1.1999980000e-01,0.0000000000e+00
9.9999802000e-03,0.0000000000e+00
6.9999859000e-02,0.0000000000e+00
1.3999970000e-01,0.0000000000e+00
2.9999940000e-02,0.0000000000e+00
0.0000000000e+00,0.0000000000e+00
0.0000000000e+00,7.8321237000e-04
0.0000000000e+00,2.7649708000e-03
0.0000000000e+00,4.3551233000e-03
0.0000000000e+00,4.3551233000e-03
0.0000000000e+00,4.3551233000e-03
0.0000000000e+00,4.3551233000e-03
0.0000000000e+00,4.3551233000e-03
0.0000000000e+00,2.7649708000e-03
0.0000000000e+00,7.8321237000e-04
0.0000000000e+00,0.0000000000e+00
0.0000000000e+00,0.0000000000e+00
0.0000000000e+00,0.0000000000e+00
0.0000000000e+00,0.0000000000e+00
0.0000000000e+00,0.0000000000e+00
0.0000000000e+00,0.0000000000e+00
0.0000000000e+00,0.0000000000e+00
0.0000000000e+00,0.0000000000e+00
0.0000000000e+00,0.0000000000e+00
9.9999802000e-03,0.0000000000e+00
0.0000000000e+00,0.0000000000e+00
0.0000000000e+00,0.0000000000e+00
0.0000000000e+00,0.0000000000e+00
0.0000000000e+00,0.0000000000e+00
9.9999802000e-03,0.0000000000e+00
4.9999900000e-02,6.6840206000e-04
6.9999859000e-02,2.4169786000e-03
3.9999921000e-02,3.8313540000e-03
0.0000000000e+00,3.8313540000e-03
9.9999802000e-03,3.8313540000e-03
6.9999859000e-02,3.8313540000e-03
4.9999900000e-02,3.8313540000e-03
0.0000000000e+00,2.4169786000e-03
1.9999960000e-02,6.6840206000e-04
0.0000000000e+00,0.0000000000e+00
0.0000000000e+00,0.0000000000e+00
0.0000000000e+00,0.0000000000e+00
0.0000000000e+00,0.0000000000e+00
0.0000000000e+00,0.0000000000e+00
0.0000000000e+00,0.0000000000e+00
0.0000000000e+00,0.0000000000e+00
0.0000000000e+00,0.0000000000e+00
0.0000000000e+00,0.0000000000e+00
0.0000000000e+00,0.0000000000e+00
0.0000000000e+00,0.0000000000e+00
0.0000000000e+00,0.0000000000e+00
0.0000000000e+00,0.0000000000e+00
0.0000000000e+00,0.0000000000e+00
0.0000000000e+00,0.0000000000e+00
0.0000000000e+00,6.6750054000e-04
0.0000000000e+00,2.4724465000e-03
0.0000000000e+00,3.9436421000e-03
0.0000000000e+00,3.9436421000e-03
0.0000000000e+00,3.9436421000e-03
0.0000000000e+00,3.9436421000e-03
0.0000000000e+00,3.9436421000e-03
0.0000000000e+00,2.4724465000e-03
0.0000000000e+00,6.6750054000e-04
0.0000000000e+00,0.0000000000e+00
0.0000000000e+00,0.0000000000e+00
0.0000000000e+00,0.0000000000e+00
0.0000000000e+00,0.0000000000e+00
0.0000000000e+00,0.0000000000e+00
0.0000000000e+00,0.0000000000e+00
0.0000000000e+00,0.0000000000e+00
0.0000000000e+00,0.0000000000e+00
0.0000000000e+00,0.0000000000e+00
0.0000000000e+00,0.0000000000e+00
0.0000000000e+00,0.0000000000e+00
0.0000000000e+00,0.0000000000e+00
0.0000000000e+00,0.0000000000e+00
0.0000000000e+00,0.0000000000e+00
1.9999960000e-02,0.0000000000e+00
0.0000000000e+00,6.0914212000e-04
1.9999960000e-02,2.3110965000e-03
2.9999940000e-02,3.7084799000e-03
0.0000000000e+00,3.7084799000e-03
0.0000000000e+00,3.7084799000e-03
0.0000000000e+00,3.7084799000e-03
9.9999802000e-03,3.7084799000e-03
1.7999960000e-01,2.3110965000e-03
1.3999970000e-01,6.0914212000e-04
9.9999802000e-03,0.0000000000e+00
9.9999802000e-03,0.0000000000e+00
0.0000000000e+00,0.0000000000e+00
2.9999940000e-02,0.0000000000e+00
9.9999802000e-03,0.0000000000e+00
3.9999921000e-02,0.0000000000e+00
9.9999802000e-03,0.0000000000e+00
3.9999921000e-02,0.0000000000e+00
1.9999960000e-02,0.0000000000e+00
0.0000000000e+00,0.0000000000e+00
0.0000000000e+00,0.0000000000e+00
0.0000000000e+00,0.0000000000e+00
0.0000000000e+00,0.0000000000e+00
0.0000000000e+00,0.0000000000e+00
0.0000000000e+00,0.0000000000e+00
0.0000000000e+00,5.5171980000e-04
0.0000000000e+00,2.1694279000e-03
0.0000000000e+00,3.5112759000e-03
0.0000000000e+00,3.5112759000e-03
0.0000000000e+00,3.5112759000e-03
0.0000000000e+00,3.5112759000e-03
0.0000000000e+00,3.5112759000e-03
0.0000000000e+00,2.1694279000e-03
0.0000000000e+00,5.5171980000e-04
0.0000000000e+00,0.0000000000e+00
0.0000000000e+00,0.0000000000e+00
0.0000000000e+00,0.0000000000e+00
0.0000000000e+00,0.0000000000e+00
0.0000000000e+00,0.0000000000e+00
0.0000000000e+00,0.0000000000e+00
0.0000000000e+00,0.0000000000e+00
6.9999859000e-02,0.0000000000e+00
9.9999802000e-03,0.0000000000e+00
0.0000000000e+00,0.0000000000e+00
0.0000000000e+00,0.0000000000e+00
0.0000000000e+00,0.0000000000e+00
0.0000000000e+00,0.0000000000e+00
9.9999802000e-03,0.0000000000e+00
0.0000000000e+00,0.0000000000e+00
0.0000000000e+00,4.8444440000e-04
0.0000000000e+00,1.9502522000e-03
0.0000000000e+00,3.1738379000e-03
0.0000000000e+00,3.1738379000e-03
0.0000000000e+00,3.1738379000e-03
0.0000000000e+00,3.1738379000e-03
0.0000000000e+00,3.1738379000e-03
0.0000000000e+00,1.9502522000e-03
0.0000000000e+00,4.8444440000e-04
0.0000000000e+00,0.0000000000e+00
0.0000000000e+00,0.0000000000e+00
0.0000000000e+00,0.0000000000e+00
0.0000000000e+00,0.0000000000e+00
0.0000000000e+00,0.0000000000e+00
0.0000000000e+00,0.0000000000e+00
0.0000000000e+00,0.0000000000e+00
0.0000000000e+00,0.0000000000e+00
0.0000000000e+00,0.0000000000e+00
0.0000000000e+00,0.0000000000e+00
0.0000000000e+00,0.0000000000e+00
0.0000000000e+00,0.0000000000e+00
0.0000000000e+00,0.0000000000e+00
0.0000000000e+00,0.0000000000e+00
0.0000000000e+00,0.0000000000e+00
0.0000000000e+00,4.8196700000e-04
0.0000000000e+00,1.9857658000e-03
0.0000000000e+00,3.2485810000e-03
0.0000000000e+00,3.2485810000e-03
0.0000000000e+00,3.2485810000e-03
0.0000000000e+00,3.2485810000e-03
0.0000000000e+00,3.2485810000e-03
0.0000000000e+00,1.9857658000e-03
0.0000000000e+00,4.8196700000e-04
0.0000000000e+00,0.0000000000e+00
0.0000000000e+00,0.0000000000e+00
0.0000000000e+00,0.0000000000e+00
0.0000000000e+00,0.0000000000e+00
0.0000000000e+00,0.0000000000e+00
0.0000000000e+00,0.0000000000e+00
0.0000000000e+00,0.0000000000e+00
0.0000000000e+00,0.0000000000e+00
0.0000000000e+00,0.0000000000e+00
0.0000000000e+00,0.0000000000e+00
0.0000000000e+00,0.0000000000e+00
0.0000000000e+00,0.0000000000e+00
0.0000000000e+00,0.0000000000e+00
0.0000000000e+00,0.0000000000e+00
0.0000000000e+00,0.0000000000e+00
0.0000000000e+00,4.3959613000e-04
0.0000000000e+00,1.8527821000e-03
0.0000000000e+00,3.0461699000e-03
0.0000000000e+00,3.0461699000e-03
0.0000000000e+00,3.0461699000e-03
0.0000000000e+00,3.0461699000e-03
0.0000000000e+00,3.0461699000e-03
0.0000000000e+00,1.8527821000e-03
0.0000000000e+00,4.3959613000e-04
0.0000000000e+00,0.0000000000e+00
0.0000000000e+00,0.0000000000e+00
0.0000000000e+00,0.0000000000e+00
0.0000000000e+00,0.0000000000e+00
0.0000000000e+00,0.0000000000e+00
0.0000000000e+00,0.0000000000e+00
0.0000000000e+00,0.0000000000e+00
0.0000000000e+00,0.0000000000e+00
0.0000000000e+00,0.0000000000e+00
0.0000000000e+00,0.0000000000e+00
0.0000000000e+00,0.0000000000e+00
0.0000000000e+00,0.0000000000e+00
0.0000000000e+00,0.0000000000e+00
0.0000000000e+00,0.0000000000e+00
0.0000000000e+00,0.0000000000e+00
0.0000000000e+00,4.0678159000e-04
0.0000000000e+00,1.7528168000e-03
0.0000000000e+00,2.8954614000e-03
0.0000000000e+00,2.8954614000e-03
0.0000000000e+00,2.8954614000e-03
0.0000000000e+00,2.8954614000e-03
0.0000000000e+00,2.8954614000e-03
0.0000000000e+00,1.7528168000e-03
0.0000000000e+00,4.0678159000e-04
0.0000000000e+00,0.0000000000e+00
0.0000000000e+00,0.0000000000e+00
0.0000000000e+00,0.0000000000e+00
0.0000000000e+00,0.0000000000e+00
0.0000000000e+00,0.0000000000e+00
0.0000000000e+00,0.0000000000e+00
0.0000000000e+00,0.0000000000e+00
0.0000000000e+00,0.0000000000e+00
0.0000000000e+00,0.0000000000e+00
0.0000000000e+00,0.0000000000e+00
0.0000000000e+00,0.0000000000e+00
0.0000000000e+00,0.0000000000e+00
0.0000000000e+00,0.0000000000e+00
0.0000000000e+00,0.0000000000e+00
0.0000000000e+00,0.0000000000e+00
0.0000000000e+00,3.7470978000e-04
0.0000000000e+00,1.6495535000e-03
0.0000000000e+00,2.7370425000e-03
0.0000000000e+00,2.7370425000e-03
0.0000000000e+00,2.7370425000e-03
0.0000000000e+00,2.7370425000e-03
0.0000000000e+00,2.7370425000e-03
0.0000000000e+00,1.6495535000e-03
0.0000000000e+00,3.7470978000e-04
0.0000000000e+00,0.0000000000e+00
0.0000000000e+00,0.0000000000e+00
0.0000000000e+00,0.0000000000e+00
0.0000000000e+00,0.0000000000e+00
0.0000000000e+00,0.0000000000e+00
0.0000000000e+00,0.0000000000e+00
0.0000000000e+00,0.0000000000e+00
0.0000000000e+00,0.0000000000e+00
0.0000000000e+00,0.0000000000e+00
0.0000000000e+00,0.0000000000e+00
0.0000000000e+00,0.0000000000e+00
0.0000000000e+00,0.0000000000e+00
0.0000000000e+00,0.0000000000e+00
0.0000000000e+00,0.0000000000e+00
0.0000000000e+00,0.0000000000e+00
0.0000000000e+00,3.6661170000e-04
0.0000000000e+00,1.6474384000e-03
0.0000000000e+00,2.7449592000e-03
0.0000000000e+00,2.7449592000e-03
0.0000000000e+00,2.7449592000e-03
0.0000000000e+00,2.7449592000e-03
0.0000000000e+00,2.7449592000e-03
0.0000000000e+00,1.6474384000e-03
0.0000000000e+00,3.6661170000e-04
0.0000000000e+00,0.0000000000e+00
0.0000000000e+00,0.0000000000e+00
0.0000000000e+00,0.0000000000e+00
0.0000000000e+00,0.0000000000e+00
0.0000000000e+00,0.0000000000e+00
0.0000000000e+00,0.0000000000e+00
9.9999802000e-03,0.0000000000e+00
9.9999802000e-03,0.0000000000e+00
2.9999940000e-02,0.0000000000e+00
0.0000000000e+00,0.0000000000e+00
0.0000000000e+00,0.0000000000e+00
0.0000000000e+00,0.0000000000e+00
0.0000000000e+00,0.0000000000e+00
0.0000000000e+00,0.0000000000e+00
0.0000000000e+00,0.0000000000e+00
0.0000000000e+00,4.2347665000e-04
0.0000000000e+00,1.9406244000e-03
0.0000000000e+00,3.2460338000e-03
0.0000000000e+00,3.2460338000e-03
0.0000000000e+00,3.2460338000e-03
0.0000000000e+00,3.2460338000e-03
0.0000000000e+00,3.2460338000e-03
0.0000000000e+00,1.9406244000e-03
0.0000000000e+00,4.2347665000e-04
0.0000000000e+00,0.0000000000e+00
0.0000000000e+00,0.0000000000e+00
0.0000000000e+00,0.0000000000e+00
0.0000000000e+00,0.0000000000e+00
0.0000000000e+00,0.0000000000e+00
0.0000000000e+00,0.0000000000e+00
0.0000000000e+00,0.0000000000e+00
0.0000000000e+00,0.0000000000e+00
0.0000000000e+00,0.0000000000e+00
0.0000000000e+00,0.0000000000e+00
0.0000000000e+00,0.0000000000e+00
0.0000000000e+00,0.0000000000e+00
0.0000000000e+00,0.0000000000e+00
0.0000000000e+00,0.0000000000e+00
0.0000000000e+00,0.0000000000e+00
0.0000000000e+00,4.3845203000e-04
0.0000000000e+00,2.0467371000e-03
2.9999940000e-02,3.4357964000e-03
7.9999842000e-02,3.4357964000e-03
5.9999879000e-02,3.4357964000e-03
6.9999859000e-02,3.4357964000e-03
4.9999900000e-02,3.4357964000e-03
4.9999900000e-02,2.0467371000e-03
3.9999921000e-02,4.3845203000e-04
4.9999900000e-02,0.0000000000e+00
6.9999859000e-02,0.0000000000e+00
5.9999879000e-02,0.0000000000e+00
0.0000000000e+00,0.0000000000e+00
0.0000000000e+00,0.0000000000e+00
0.0000000000e+00,0.0000000000e+00
0.0000000000e+00,0.0000000000e+00
0.0000000000e+00,0.0000000000e+00
0.0000000000e+00,0.0000000000e+00
0.0000000000e+00,0.0000000000e+00
2.9999940000e-02,0.0000000000e+00
0.0000000000e+00,0.0000000000e+00
0.0000000000e+00,0.0000000000e+00
0.0000000000e+00,0.0000000000e+00
9.9999802000e-03,0.0000000000e+00
0.0000000000e+00,4.3979951000e-04
0.0000000000e+00,2.0887314000e-03
0.0000000000e+00,3.5177635000e-03
0.0000000000e+00,3.5177635000e-03
0.0000000000e+00,3.5177635000e-03
0.0000000000e+00,3.5177635000e-03
0.0000000000e+00,3.5177635000e-03
0.0000000000e+00,2.0887314000e-03
0.0000000000e+00,4.3979951000e-04
0.0000000000e+00,0.0000000000e+00
0.0000000000e+00,0.0000000000e+00
0.0000000000e+00,0.0000000000e+00
0.0000000000e+00,0.0000000000e+00
0.0000000000e+00,0.0000000000e+00
0.0000000000e+00,0.0000000000e+00
0.0000000000e+00,0.0000000000e+00
0.0000000000e+00,0.0000000000e+00
0.0000000000e+00,0.0000000000e+00
3.9999921000e-02,0.0000000000e+00
3.9999921000e-02,0.0000000000e+00
9.9999802000e-03,0.0000000000e+00
0.0000000000e+00,0.0000000000e+00
0.0000000000e+00,0.0000000000e+00
0.0000000000e+00,0.0000000000e+00
0.0000000000e+00,4.4593425000e-04
0.0000000000e+00,2.1517321000e-03
0.0000000000e+00,3.6345629000e-03
0.0000000000e+00,3.6345629000e-03
0.0000000000e+00,3.6345629000e-03
9.9999802000e-03,3.6345629000e-03
5.9999879000e-02,3.6345629000e-03
1.3999970000e-01,2.1517321000e-03
3.9999921000e-02,4.4593425000e-04
1.1999980000e-01,0.0000000000e+00
4.9999900000e-02,0.0000000000e+00
2.9999940000e-02,0.0000000000e+00
9.9999802000e-03,0.0000000000e+00
1.9999960000e-02,0.0000000000e+00
0.0000000000e+00,0.0000000000e+00
1.9999960000e-02,0.0000000000e+00
9.9999802000e-03,0.0000000000e+00
9.9999802000e-03,0.0000000000e+00
0.0000000000e+00,0.0000000000e+00
0.0000000000e+00,0.0000000000e+00
0.0000000000e+00,0.0000000000e+00
0.0000000000e+00,0.0000000000e+00
0.0000000000e+00,0.0000000000e+00
0.0000000000e+00,0.0000000000e+00
0.0000000000e+00,3.9489617000e-04
0.0000000000e+00,1.9330141000e-03
0.0000000000e+00,3.2736841000e-03
0.0000000000e+00,3.2736841000e-03
0.0000000000e+00,3.2736841000e-03
0.0000000000e+00,3.2736841000e-03
0.0000000000e+00,3.2736841000e-03
0.0000000000e+00,1.9330141000e-03
0.0000000000e+00,3.9489617000e-04
0.0000000000e+00,0.0000000000e+00
0.0000000000e+00,0.0000000000e+00
0.0000000000e+00,0.0000000000e+00
0.0000000000e+00,0.0000000000e+00
0.0000000000e+00,0.0000000000e+00
0.0000000000e+00,0.0000000000e+00
0.0000000000e+00,0.0000000000e+00
0.0000000000e+00,0.0000000000e+00
0.0000000000e+00,0.0000000000e+00
0.0000000000e+00,0.0000000000e+00
0.0000000000e+00,0.0000000000e+00
0.0000000000e+00,0.0000000000e+00
0.0000000000e+00,0.0000000000e+00
0.0000000000e+00,0.0000000000e+00
0.0000000000e+00,0.0000000000e+00
0.0000000000e+00,4.3253941000e-04
0.0000000000e+00,2.1443923000e-03
0.0000000000e+00,3.6399756000e-03
0.0000000000e+00,3.6399756000e-03
9.9999802000e-03,3.6399756000e-03
0.0000000000e+00,3.6399756000e-03
0.0000000000e+00,3.6399756000e-03
0.0000000000e+00,2.1443923000e-03
0.0000000000e+00,4.3253941000e-04
0.0000000000e+00,0.0000000000e+00
0.0000000000e+00,0.0000000000e+00
0.0000000000e+00,0.0000000000e+00
0.0000000000e+00,0.0000000000e+00
0.0000000000e+00,0.0000000000e+00
0.0000000000e+00,0.0000000000e+00
0.0000000000e+00,0.0000000000e+00
0.0000000000e+00,0.0000000000e+00
0.0000000000e+00,0.0000000000e+00
0.0000000000e+00,0.0000000000e+00
0.0000000000e+00,0.0000000000e+00
0.0000000000e+00,0.0000000000e+00
0.0000000000e+00,0.0000000000e+00
0.0000000000e+00,0.0000000000e+00
0.0000000000e+00,0.0000000000e+00
0.0000000000e+00,3.9015137000e-04
0.0000000000e+00,1.9556016000e-03
0.0000000000e+00,3.3259764000e-03
0.0000000000e+00,3.3259764000e-03
0.0000000000e+00,3.3259764000e-03
0.0000000000e+00,3.3259764000e-03
0.0000000000e+00,3.3259764000e-03
0.0000000000e+00,1.9556016000e-03
0.0000000000e+00,3.9015137000e-04
0.0000000000e+00,0.0000000000e+00
0.0000000000e+00,0.0000000000e+00
0.0000000000e+00,0.0000000000e+00
0.0000000000e+00,0.0000000000e+00
0.0000000000e+00,0.0000000000e+00
0.0000000000e+00,0.0000000000e+00
0.0000000000e+00,0.0000000000e+00
0.0000000000e+00,0.0000000000e+00
0.0000000000e+00,0.0000000000e+00
0.0000000000e+00,0.0000000000e+00
0.0000000000e+00,0.0000000000e+00
0.0000000000e+00,0.0000000000e+00
0.0000000000e+00,0.0000000000e+00
0.0000000000e+00,0.0000000000e+00
0.0000000000e+00,0.0000000000e+00
0.0000000000e+00,3.8172657000e-04
0.0000000000e+00,1.9309295000e-03
0.0000000000e+00,3.2892691000e-03
0.0000000000e+00,3.2892691000e-03
0.0000000000e+00,3.2892691000e-03
0.0000000000e+00,3.2892691000e-03
0.0000000000e+00,3.2892691000e-03
0.0000000000e+00,1.9309295000e-03
0.0000000000e+00,3.8172657000e-04
0.0000000000e+00,0.0000000000e+00
0.0000000000e+00,0.0000000000e+00
0.0000000000e+00,0.0000000000e+00
0.0000000000e+00,0.0000000000e+00
9.9999802000e-03,0.0000000000e+00
1.9999960000e-02,0.0000000000e+00
1.9999960000e-02,0.0000000000e+00
2.9999940000e-02,0.0000000000e+00
2.9999940000e-02,0.0000000000e+00
9.9999802000e-03,0.0000000000e+00
1.9999960000e-02,0.0000000000e+00
9.9999802000e-03,0.0000000000e+00
0.0000000000e+00,0.0000000000e+00
0.0000000000e+00,0.0000000000e+00
0.0000000000e+00,0.0000000000e+00
9.9999802000e-03,4.1925200000e-04
0.0000000000e+00,2.1360728000e-03
0.0000000000e+00,3.6432678000e-03
1.9999960000e-02,3.6432678000e-03
4.9999900000e-02,3.6432678000e-03
8.9999817000e-02,3.6432678000e-03
4.9999900000e-02,3.6432678000e-03
1.9999960000e-02,2.1360728000e-03
0.0000000000e+00,4.1925200000e-04
0.0000000000e+00,0.0000000000e+00
0.0000000000e+00,0.0000000000e+00
0.0000000000e+00,0.0000000000e+00
0.0000000000e+00,0.0000000000e+00
0.0000000000e+00,0.0000000000e+00
0.0000000000e+00,0.0000000000e+00
0.0000000000e+00,0.0000000000e+00
0.0000000000e+00,0.0000000000e+00
0.0000000000e+00,0.0000000000e+00
0.0000000000e+00,0.0000000000e+00
3.9999921000e-02,0.0000000000e+00
9.9999802000e-03,0.0000000000e+00
0.0000000000e+00,0.0000000000e+00
0.0000000000e+00,0.0000000000e+00
0.0000000000e+00,0.0000000000e+00
0.0000000000e+00,4.2959992000e-04
0.0000000000e+00,2.2001970000e-03
0.0000000000e+00,3.7559941000e-03
0.0000000000e+00,3.7559941000e-03
0.0000000000e+00,3.7559941000e-03
0.0000000000e+00,3.7559941000e-03
0.0000000000e+00,3.7559941000e-03
1.9999960000e-02,2.2001970000e-03
1.9999960000e-02,4.2959992000e-04
5.9999879000e-02,0.0000000000e+00
6.9999859000e-02,0.0000000000e+00
3.9999921000e-02,0.0000000000e+00
3.9999921000e-02,0.0000000000e+00
4.9999900000e-02,0.0000000000e+00
4.9999900000e-02,0.0000000000e+00
4.9999900000e-02,0.0000000000e+00
6.9999859000e-02,0.0000000000e+00
1.9999960000e-02,0.0000000000e+00
1.9999960000e-02,0.0000000000e+00
7.9999842000e-02,0.0000000000e+00
1.4999970000e-01,0.0000000000e+00
1.2999970000e-01,0.0000000000e+00
1.3999970000e-01,0.0000000000e+00
5.9999879000e-02,0.0000000000e+00
2.9999940000e-02,4.5730776000e-04
0.0000000000e+00,2.3494672000e-03
0.0000000000e+00,4.0129730000e-03
0.0000000000e+00,4.0129730000e-03
0.0000000000e+00,4.0129730000e-03
0.0000000000e+00,4.0129730000e-03
0.0000000000e+00,4.0129730000e-03
2.9999940000e-02,2.3494672000e-03
1.9999960000e-02,4.5730776000e-04
0.0000000000e+00,0.0000000000e+00
0.0000000000e+00,0.0000000000e+00
0.0000000000e+00,0.0000000000e+00
0.0000000000e+00,0.0000000000e+00
0.0000000000e+00,0.0000000000e+00
0.0000000000e+00,0.0000000000e+00
0.0000000000e+00,0.0000000000e+00
0.0000000000e+00,0.0000000000e+00
0.0000000000e+00,0.0000000000e+00
0.0000000000e+00,0.0000000000e+00
0.0000000000e+00,0.0000000000e+00
0.0000000000e+00,0.0000000000e+00
0.0000000000e+00,0.0000000000e+00
0.0000000000e+00,0.0000000000e+00
0.0000000000e+00,0.0000000000e+00
0.0000000000e+00,4.3915579000e-04
0.0000000000e+00,2.2585834000e-03
0.0000000000e+00,3.8584333000e-03
0.0000000000e+00,3.8584333000e-03
0.0000000000e+00,3.8584333000e-03
0.0000000000e+00,3.8584333000e-03
0.0000000000e+00,3.8584333000e-03
0.0000000000e+00,2.2585834000e-03
0.0000000000e+00,4.3915579000e-04
0.0000000000e+00,0.0000000000e+00
0.0000000000e+00,0.0000000000e+00
0.0000000000e+00,0.0000000000e+00
0.0000000000e+00,0.0000000000e+00
0.0000000000e+00,0.0000000000e+00
0.0000000000e+00,0.0000000000e+00
0.0000000000e+00,0.0000000000e+00
0.0000000000e+00,0.0000000000e+00
0.0000000000e+00,0.0000000000e+00
0.0000000000e+00,0.0000000000e+00
0.0000000000e+00,0.0000000000e+00
0.0000000000e+00,0.0000000000e+00
0.0000000000e+00,0.0000000000e+00
0.0000000000e+00,0.0000000000e+00
0.0000000000e+00,0.0000000000e+00
9.9999802000e-03,4.3386073000e-04
4.9999900000e-02,2.2290160000e-03
2.9999940000e-02,3.8072413000e-03
0.0000000000e+00,3.8072413000e-03
0.0000000000e+00,3.8072413000e-03
0.0000000000e+00,3.8072413000e-03
0.0000000000e+00,3.8072413000e-03
9.9999802000e-03,2.2290160000e-03
0.0000000000e+00,4.3386073000e-04
0.0000000000e+00,0.0000000000e+00
0.0000000000e+00,0.0000000000e+00
0.0000000000e+00,0.0000000000e+00
0.0000000000e+00,0.0000000000e+00
0.0000000000e+00,0.0000000000e+00
0.0000000000e+00,0.0000000000e+00
0.0000000000e+00,0.0000000000e+00
0.0000000000e+00,0.0000000000e+00
0.0000000000e+00,0.0000000000e+00
0.0000000000e+00,0.0000000000e+00
0.0000000000e+00,0.0000000000e+00
0.0000000000e+00,0.0000000000e+00
0.0000000000e+00,0.0000000000e+00
0.0000000000e+00,0.0000000000e+00
0.0000000000e+00,0.0000000000e+00
0.0000000000e+00,3.7087995000e-04
0.0000000000e+00,1.8994804000e-03
0.0000000000e+00,3.2426408000e-03
0.0000000000e+00,3.2426408000e-03
0.0000000000e+00,3.2426408000e-03
0.0000000000e+00,3.2426408000e-03
0.0000000000e+00,3.2426408000e-03
0.0000000000e+00,1.8994804000e-03
0.0000000000e+00,3.7087995000e-04
0.0000000000e+00,0.0000000000e+00
0.0000000000e+00,0.0000000000e+00
0.0000000000e+00,0.0000000000e+00
0.0000000000e+00,0.0000000000e+00
0.0000000000e+00,0.0000000000e+00
0.0000000000e+00,0.0000000000e+00
0.0000000000e+00,0.0000000000e+00
0.0000000000e+00,0.0000000000e+00
0.0000000000e+00,0.0000000000e+00
0.0000000000e+00,0.0000000000e+00
0.0000000000e+00,0.0000000000e+00
0.0000000000e+00,0.0000000000e+00
0.0000000000e+00,0.0000000000e+00
0.0000000000e+00,0.0000000000e+00
0.0000000000e+00,0.0000000000e+00
0.0000000000e+00,3.8956391000e-04
0.0000000000e+00,1.9848410000e-03
0.0000000000e+00,3.3853361000e-03
0.0000000000e+00,3.3853361000e-03
0.0000000000e+00,3.3853361000e-03
0.0000000000e+00,3.3853361000e-03
0.0000000000e+00,3.3853361000e-03
0.0000000000e+00,1.9848410000e-03
0.0000000000e+00,3.8956391000e-04
6.9999859000e-02,0.0000000000e+00
1.1999980000e-01,0.0000000000e+00
1.1999980000e-01,0.0000000000e+00
7.9999842000e-02,0.0000000000e+00
4.9999900000e-02,0.0000000000e+00
9.9999802000e-03,0.0000000000e+00
0.0000000000e+00,0.0000000000e+00
0.0000000000e+00,0.0000000000e+00
3.9999921000e-02,0.0000000000e+00
7.9999842000e-02,0.0000000000e+00
0.0000000000e+00,0.0000000000e+00
0.0000000000e+00,0.0000000000e+00
0.0000000000e+00,0.0000000000e+00
8.9999817000e-02,0.0000000000e+00
5.9999879000e-02,0.0000000000e+00
0.0000000000e+00,4.3028954000e-04
0.0000000000e+00,2.1766210000e-03
0.0000000000e+00,3.7078077000e-03
0.0000000000e+00,3.7078077000e-03
0.0000000000e+00,3.7078077000e-03
0.0000000000e+00,3.7078077000e-03
5.9999879000e-02,3.7078077000e-03
9.9999802000e-03,2.1766210000e-03
9.9999802000e-03,4.3028954000e-04
6.9999859000e-02,0.0000000000e+00
1.3999970000e-01,0.0000000000e+00
1.6999970000e-01,0.0000000000e+00
1.9999960000e-02,0.0000000000e+00
0.0000000000e+00,0.0000000000e+00
0.0000000000e+00,0.0000000000e+00
0.0000000000e+00,0.0000000000e+00
0.0000000000e+00,0.0000000000e+00
0.0000000000e+00,0.0000000000e+00
3.9999921000e-02,0.0000000000e+00
0.0000000000e+00,0.0000000000e+00
0.0000000000e+00,0.0000000000e+00
0.0000000000e+00,0.0000000000e+00
0.0000000000e+00,0.0000000000e+00
0.0000000000e+00,0.0000000000e+00
0.0000000000e+00,4.1683347000e-04
0.0000000000e+00,2.0893910000e-03
0.0000000000e+00,3.5535316000e-03
0.0000000000e+00,3.5535316000e-03
0.0000000000e+00,3.5535316000e-03
0.0000000000e+00,3.5535316000e-03
0.0000000000e+00,3.5535316000e-03
0.0000000000e+00,2.0893910000e-03
0.0000000000e+00,4.1683347000e-04
0.0000000000e+00,0.0000000000e+00
0.0000000000e+00,0.0000000000e+00
0.0000000000e+00,0.0000000000e+00
0.0000000000e+00,0.0000000000e+00
0.0000000000e+00,0.0000000000e+00
0.0000000000e+00,0.0000000000e+00
0.0000000000e+00,0.0000000000e+00
0.0000000000e+00,0.0000000000e+00
0.0000000000e+00,0.0000000000e+00
0.0000000000e+00,0.0000000000e+00
0.0000000000e+00,0.0000000000e+00
0.0000000000e+00,0.0000000000e+00
0.0000000000e+00,0.0000000000e+00
0.0000000000e+00,0.0000000000e+00
0.0000000000e+00,0.0000000000e+00
0.0000000000e+00,3.7011466000e-04
0.0000000000e+00,1.8349594000e-03
0.0000000000e+00,3.1147469000e-03
0.0000000000e+00,3.1147469000e-03
0.0000000000e+00,3.1147469000e-03
0.0000000000e+00,3.1147469000e-03
0.0000000000e+00,3.1147469000e-03
0.0000000000e+00,1.8349594000e-03
0.0000000000e+00,3.7011466000e-04
0.0000000000e+00,0.0000000000e+00
0.0000000000e+00,0.0000000000e+00
0.0000000000e+00,0.0000000000e+00
0.0000000000e+00,0.0000000000e+00
0.0000000000e+00,0.0000000000e+00
0.0000000000e+00,0.0000000000e+00
0.0000000000e+00,0.0000000000e+00
0.0000000000e+00,0.0000000000e+00
0.0000000000e+00,0.0000000000e+00
0.0000000000e+00,0.0000000000e+00
0.0000000000e+00,0.0000000000e+00
0.0000000000e+00,0.0000000000e+00
0.0000000000e+00,0.0000000000e+00
0.0000000000e+00,0.0000000000e+00
1.9999960000e-02,0.0000000000e+00
2.9999940000e-02,3.7483548000e-04
1.9999960000e-02,1.8348733000e-03
4.9999900000e-02,3.1074933000e-03
2.9999940000e-02,3.1074933000e-03
0.0000000000e+00,3.1074933000e-03
0.0000000000e+00,3.1074933000e-03
3.9999921000e-02,3.1074933000e-03
9.9999802000e-03,1.8348733000e-03
0.0000000000e+00,3.7483548000e-04
1.0999980000e-01,0.0000000000e+00
0.0000000000e+00,0.0000000000e+00
0.0000000000e+00,0.0000000000e+00
0.0000000000e+00,0.0000000000e+00
9.9999802000e-03,0.0000000000e+00
0.0000000000e+00,0.0000000000e+00
0.0000000000e+00,0.0000000000e+00
0.0000000000e+00,0.0000000000e+00
0.0000000000e+00,0.0000000000e+00
0.0000000000e+00,0.0000000000e+00
0.0000000000e+00,0.0000000000e+00
0.0000000000e+00,0.0000000000e+00
0.0000000000e+00,0.0000000000e+00
0.0000000000e+00,0.0000000000e+00
0.0000000000e+00,0.0000000000e+00
0.0000000000e+00,3.9504553000e-04
0.0000000000e+00,1.9062477000e-03
0.0000000000e+00,3.2199272000e-03
0.0000000000e+00,3.2199272000e-03
0.0000000000e+00,3.2199272000e-03
0.0000000000e+00,3.2199272000e-03
0.0000000000e+00,3.2199272000e-03
0.0000000000e+00,1.9062477000e-03
0.0000000000e+00,3.9504553000e-04
0.0000000000e+00,0.0000000000e+00
0.0000000000e+00,0.0000000000e+00
0.0000000000e+00,0.0000000000e+00
0.0000000000e+00,0.0000000000e+00
0.0000000000e+00,0.0000000000e+00
0.0000000000e+00,0.0000000000e+00
0.0000000000e+00,0.0000000000e+00
0.0000000000e+00,0.0000000000e+00
9.9999802000e-03,0.0000000000e+00
9.9999802000e-03,0.0000000000e+00
9.9999802000e-03,0.0000000000e+00
9.9999802000e-03,0.0000000000e+00
0.0000000000e+00,0.0000000000e+00
0.0000000000e+00,0.0000000000e+00
0.0000000000e+00,0.0000000000e+00
0.0000000000e+00,3.9910484000e-04
9.9999802000e-03,1.8955318000e-03
1.9999960000e-02,3.1924064000e-03
0.0000000000e+00,3.1924064000e-03
0.0000000000e+00,3.1924064000e-03
1.9999960000e-02,3.1924064000e-03
2.9999940000e-02,3.1924064000e-03
9.9999802000e-03,1.8955318000e-03
0.0000000000e+00,3.9910484000e-04
9.9999802000e-03,0.0000000000e+00
0.0000000000e+00,0.0000000000e+00
0.0000000000e+00,0.0000000000e+00
0.0000000000e+00,0.0000000000e+00
0.0000000000e+00,0.0000000000e+00
0.0000000000e+00,0.0000000000e+00
0.0000000000e+00,0.0000000000e+00
0.0000000000e+00,0.0000000000e+00
0.0000000000e+00,0.0000000000e+00
0.0000000000e+00,0.0000000000e+00
0.0000000000e+00,0.0000000000e+00
9.9999802000e-03,0.0000000000e+00
9.9999802000e-03,0.0000000000e+00
0.0000000000e+00,0.0000000000e+00
0.0000000000e+00,0.0000000000e+00
0.0000000000e+00,4.8578077000e-04
0.0000000000e+00,2.2677637000e-03
0.0000000000e+00,3.8068565000e-03
9.9999802000e-03,3.8068565000e-03
0.0000000000e+00,3.8068565000e-03
0.0000000000e+00,3.8068565000e-03
0.0000000000e+00,3.8068565000e-03
0.0000000000e+00,2.2677637000e-03
9.9999802000e-03,4.8578077000e-04
9.9999802000e-03,0.0000000000e+00
1.1999980000e-01,0.0000000000e+00
1.4999970000e-01,0.0000000000e+00
7.9999842000e-02,0.0000000000e+00
4.9999900000e-02,0.0000000000e+00
9.9999802000e-03,0.0000000000e+00
0.0000000000e+00,0.0000000000e+00
0.0000000000e+00,0.0000000000e+00
0.0000000000e+00,0.0000000000e+00
0.0000000000e+00,0.0000000000e+00
2.9999940000e-02,0.0000000000e+00
0.0000000000e+00,0.0000000000e+00
0.0000000000e+00,0.0000000000e+00
0.0000000000e+00,0.0000000000e+00
0.0000000000e+00,0.0000000000e+00
0.0000000000e+00,3.7606852000e-04
0.0000000000e+00,1.7234458000e-03
0.0000000000e+00,2.8827889000e-03
0.0000000000e+00,2.8827889000e-03
0.0000000000e+00,2.8827889000e-03
0.0000000000e+00,2.8827889000e-03
0.0000000000e+00,2.8827889000e-03
0.0000000000e+00,1.7234458000e-03
0.0000000000e+00,3.7606852000e-04
0.0000000000e+00,0.0000000000e+00
0.0000000000e+00,0.0000000000e+00
0.0000000000e+00,0.0000000000e+00
0.0000000000e+00,0.0000000000e+00
0.0000000000e+00,0.0000000000e+00
0.0000000000e+00,0.0000000000e+00
0.0000000000e+00,0.0000000000e+00
0.0000000000e+00,0.0000000000e+00
0.0000000000e+00,0.0000000000e+00
0.0000000000e+00,0.0000000000e+00
0.0000000000e+00,0.0000000000e+00
0.0000000000e+00,0.0000000000e+00
0.0000000000e+00,0.0000000000e+00
0.0000000000e+00,0.0000000000e+00
0.0000000000e+00,0.0000000000e+00
0.0000000000e+00,3.6929536000e-04
0.0000000000e+00,1.6595732000e-03
0.0000000000e+00,2.7652034000e-03
0.0000000000e+00,2.7652034000e-03
0.0000000000e+00,2.7652034000e-03
0.0000000000e+00,2.7652034000e-03
0.0000000000e+00,2.7652034000e-03
0.0000000000e+00,1.6595732000e-03
0.0000000000e+00,3.6929536000e-04
0.0000000000e+00,0.0000000000e+00
0.0000000000e+00,0.0000000000e+00
0.0000000000e+00,0.0000000000e+00
0.0000000000e+00,0.0000000000e+00
0.0000000000e+00,0.0000000000e+00
0.0000000000e+00,0.0000000000e+00
0.0000000000e+00,0.0000000000e+00
0.0000000000e+00,0.0000000000e+00
