SURO,IFWO,AGWO
0.0000000000e+00,1.4692564000e-03,2.4298239000e-03
0.0000000000e+00,1.4475825000e-03,2.4300206000e-03
0.0000000000e+00,1.4262284000e-03,2.4301915000e-03
0.0000000000e+00,1.4051893000e-03,2.4303370000e-03
0.0000000000e+00,1.3844606000e-03,2.4304576000e-03
0.0000000000e+00,1.3640376000e-03,2.4305538000e-03
0.0000000000e+00,1.3439159000e-03,2.4306260000e-03
0.0000000000e+00,1.3240911000e-03,2.3400784000e-03
0.0000000000e+00,1.3045588000e-03,2.0195283000e-03
0.0000000000e+00,1.2853144000e-03,1.7442536000e-03
0.0000000000e+00,1.2663541000e-03,1.7442338000e-03
0.0000000000e+00,1.2476734000e-03,1.7441916000e-03
0.0000000000e+00,1.2292683000e-03,1.7441283000e-03
0.0000000000e+00,1.2111345000e-03,1.7440433000e-03
0.0000000000e+00,1.1932683000e-03,2.0192151000e-03
0.0000000000e+00,1.1756658000e-03,2.3396639000e-03
0.0000000000e+00,1.1583229000e-03,2.4301133000e-03
0.0000000000e+00,1.1412358000e-03,2.4299470000e-03
0.0000000000e+00,1.1244009000e-03,2.4297610000e-03
0.0000000000e+00,1.1078141000e-03,2.4295559000e-03
0.0000000000e+00,1.0914721000e-03,2.4293319000e-03
0.0000000000e+00,1.0753712000e-03,2.4290895000e-03
0.0000000000e+00,1.0595077000e-03,2.4288287000e-03
0.0000000000e+00,1.0438784000e-03,2.4285500000e-03
0.0000000000e+00,1.0284794000e-03,2.3802982000e-03
0.0000000000e+00,1.0133078000e-03,2.3800477000e-03
0.0000000000e+00,9.9835987000e-04,2.3797806000e-03
0.0000000000e+00,9.8363252000e-04,2.3794968000e-03
0.0000000000e+00,9.6912234000e-04,2.3791962000e-03
0.0000000000e+00,9.5482630000e-04,2.3788798000e-03
0.0000000000e+00,9.4074110000e-04,2.3785473000e-03
0.0000000000e+00,9.2686369000e-04,2.2819724000e-03
0.0000000000e+00,9.1319100000e-04,1.9497968000e-03
0.0000000000e+00,8.9972001000e-04,1.6657196000e-03
0.0000000000e+00,8.8644773000e-04,1.6653261000e-03
0.0000000000e+00,8.7337120000e-04,1.6649179000e-03
0.0000000000e+00,8.6048763000e-04,1.6644951000e-03
0.0000000000e+00,8.4779406000e-04,1.6640581000e-03
0.0000000000e+00,8.3528779000e-04,1.9473055000e-03
0.0000000000e+00,8.2296599000e-04,2.2786530000e-03
0.0000000000e+00,8.1082596000e-04,2.3744013000e-03
0.0000000000e+00,7.9886505000e-04,2.3739093000e-03
0.0000000000e+00,7.8708050000e-04,2.3734041000e-03
0.0000000000e+00,7.7546982000e-04,2.3728861000e-03
0.0000000000e+00,7.6403044000e-04,2.3723550000e-03
0.0000000000e+00,7.5275975000e-04,2.3718113000e-03
0.0000000000e+00,7.4165541000e-04,2.3712551000e-03
0.0000000000e+00,7.3071476000e-04,2.3706867000e-03
0.0000000000e+00,7.1993558000e-04,2.3235946000e-03
0.0000000000e+00,7.0931541000e-04,2.3230661000e-03
0.0000000000e+00,6.9885195000e-04,2.3225257000e-03
0.0000000000e+00,6.8854273000e-04,2.3219741000e-03
0.0000000000e+00,6.7838567000e-04,2.3214112000e-03
0.0000000000e+00,6.6837837000e-04,2.3208368000e-03
0.0000000000e+00,6.5851881000e-04,2.3202514000e-03
0.0000000000e+00,6.4880459000e-04,2.2111682000e-03
0.0000000000e+00,6.3923374000e-04,1.8465028000e-03
0.0000000000e+00,6.2980404000e-04,1.5360708000e-03
0.0000000000e+00,6.2051340000e-04,1.5354429000e-03
0.0000000000e+00,6.1135984000e-04,1.5348049000e-03
0.0000000000e+00,6.0234132000e-04,1.5341567000e-03
0.0000000000e+00,5.9345580000e-04,1.5334985000e-03
0.0000000000e+00,5.8470137000e-04,1.8426389000e-03
0.0000000000e+00,5.7607610000e-04,2.2060017000e-03
0.0000000000e+00,5.6757807000e-04,2.3137766000e-03
0.0000000000e+00,5.5920542000e-04,2.3130539000e-03
0.0000000000e+00,5.5095623000e-04,2.3123224000e-03
0.0000000000e+00,5.4282875000e-04,2.3115817000e-03
0.0000000000e+00,5.3482124000e-04,2.3108327000e-03
0.0000000000e+00,5.2693178000e-04,2.3100749000e-03
0.0000000000e+00,5.1915873000e-04,2.3093086000e-03
0.0000000000e+00,5.1150029000e-04,2.3085340000e-03
0.0000000000e+00,5.0395483000e-04,2.2627849000e-03
0.0000000000e+00,4.9652072000e-04,2.2620568000e-03
0.0000000000e+00,4.8919627000e-04,2.2613208000e-03
0.0000000000e+00,4.8197983000e-04,2.2605767000e-03
0.0000000000e+00,4.7486991000e-04,2.2598251000e-03
0.0000000000e+00,4.6786483000e-04,2.2590656000e-03
0.0000000000e+00,4.6096309000e-04,2.2582987000e-03
0.0000000000e+00,4.5416315000e-04,2.1483479000e-03
0.0000000000e+00,4.4746351000e-04,1.7914379000e-03
0.0000000000e+00,4.4086273000e-04,1.4891024000e-03
0.0000000000e+00,4.3435933000e-04,1.4882856000e-03
0.0000000000e+00,4.2795183000e-04,1.4874458000e-03
0.0000000000e+00,4.2163889000e-04,1.4865834000e-03
0.0000000000e+00,4.1541902000e-04,1.4856993000e-03
0.0000000000e+00,4.0929095000e-04,1.7863326000e-03
0.0000000000e+00,4.0325327000e-04,2.1415360000e-03
0.0000000000e+00,3.9730466000e-04,2.2497787000e-03
0.0000000000e+00,3.9144381000e-04,2.2488397000e-03
0.0000000000e+00,3.8566938000e-04,2.2478951000e-03
0.0000000000e+00,3.7998016000e-04,2.2469454000e-03
0.0000000000e+00,3.7437485000e-04,2.2459906000e-03
0.0000000000e+00,3.6885223000e-04,2.2450301000e-03
0.0000000000e+00,3.6341109000e-04,2.2440648000e-03
0.0000000000e+00,3.5805019000e-04,2.2430944000e-03
0.0000000000e+00,3.5276840000e-04,2.1987760000e-03
1.6192393000e-04,3.5476207000e-04,2.2107791000e-03
2.0294829000e-05,3.5759364000e-04,2.2280579000e-03
8.1124490000e-05,3.5682763000e-04,2.2418411000e-03
8.1287610000e-05,3.5877695000e-04,2.2602980000e-03
0.0000000000e+00,3.5708680000e-04,2.2691365000e-03
0.0000000000e+00,3.5181921000e-04,2.2681353000e-03
1.0122319000e-04,4.0450250000e-04,2.1650153000e-03
2.8689532000e-04,4.7192292000e-04,1.8018335000e-03
9.6791331000e-10,4.8068378000e-04,1.4762494000e-03
1.3440276000e-04,4.7960150000e-04,1.4872800000e-03
1.0242222000e-05,4.7896363000e-04,1.5021907000e-03
0.0000000000e+00,4.7235418000e-04,1.5049120000e-03
0.0000000000e+00,4.6538617000e-04,1.5039076000e-03
0.0000000000e+00,4.5852101000e-04,1.8457351000e-03
0.0000000000e+00,4.5175711000e-04,2.2518202000e-03
0.0000000000e+00,4.4509297000e-04,2.3793241000e-03
0.0000000000e+00,4.3852717000e-04,2.3782947000e-03
0.0000000000e+00,4.3205821000e-04,2.3772595000e-03
0.0000000000e+00,4.2568470000e-04,2.3762183000e-03
1.4630097000e-05,4.2006010000e-04,2.3795057000e-03
8.4822044000e-05,4.1831352000e-04,2.3927528000e-03
4.1146232000e-05,4.5019304000e-04,2.4251393000e-03
2.5103323000e-05,4.7877984000e-04,2.4538850000e-03
0.0000000000e+00,4.7283815000e-04,2.4098936000e-03
0.0000000000e+00,4.6586301000e-04,2.4088705000e-03
0.0000000000e+00,4.5899081000e-04,2.4078414000e-03
0.0000000000e+00,4.5221997000e-04,2.4068060000e-03
0.0000000000e+00,4.4554900000e-04,2.4057645000e-03
0.0000000000e+00,4.3897648000e-04,2.4047166000e-03
0.0000000000e+00,4.3250088000e-04,2.4036630000e-03
0.0000000000e+00,4.2612079000e-04,2.2816535000e-03
0.0000000000e+00,4.1983486000e-04,1.9089247000e-03
0.0000000000e+00,4.1364162000e-04,1.5966648000e-03
4.6278096000e-06,4.0774760000e-04,1.5980841000e-03
0.0000000000e+00,4.0193950000e-04,1.5995451000e-03
0.0000000000e+00,3.9601026000e-04,1.5984508000e-03
0.0000000000e+00,3.9016848000e-04,1.5973509000e-03
0.0000000000e+00,3.8441291000e-04,1.9074345000e-03
0.0000000000e+00,3.7874220000e-04,2.2779873000e-03
0.0000000000e+00,3.7315517000e-04,2.3978211000e-03
0.0000000000e+00,3.6765053000e-04,2.3967000000e-03
0.0000000000e+00,3.6222712000e-04,2.3955735000e-03
0.0000000000e+00,3.5688368000e-04,2.3944422000e-03
0.0000000000e+00,3.5161912000e-04,2.3933060000e-03
0.0000000000e+00,3.4643218000e-04,2.3921647000e-03
0.0000000000e+00,3.4132178000e-04,2.3910184000e-03
0.0000000000e+00,3.3628673000e-04,2.3898673000e-03
0.0000000000e+00,3.3132595000e-04,2.3417480000e-03
0.0000000000e+00,3.2643840000e-04,2.3406576000e-03
0.0000000000e+00,3.2162291000e-04,2.3395626000e-03
0.0000000000e+00,3.1687849000e-04,2.3384630000e-03
0.0000000000e+00,3.1220401000e-04,2.3373587000e-03
0.0000000000e+00,3.0759853000e-04,2.3362502000e-03
0.0000000000e+00,3.0306095000e-04,2.3351368000e-03
0.0000000000e+00,2.9859031000e-04,2.2153938000e-03
0.0000000000e+00,2.9418565000e-04,1.8609082000e-03
3.2967712000e-06,2.8999415000e-04,1.5678592000e-03
1.0869727000e-05,2.8635238000e-04,1.5727002000e-03
1.0859039000e-05,2.8310277000e-04,1.5792493000e-03
0.0000000000e+00,2.7941243000e-04,1.5819920000e-03
0.0000000000e+00,2.7529069000e-04,1.5808425000e-03
6.9905207000e-07,2.7126115000e-04,1.8747542000e-03
1.6326430000e-04,2.7463565000e-04,2.2414962000e-03
1.8777841000e-05,2.7873821000e-04,2.3779178000e-03
2.0451218000e-05,2.7638883000e-04,2.3872261000e-03
0.0000000000e+00,2.7322824000e-04,2.3914555000e-03
2.0407917000e-05,2.7011725000e-04,2.3955351000e-03
2.0398453000e-05,2.6796703000e-04,2.4050644000e-03
0.0000000000e+00,2.6492897000e-04,2.4092845000e-03
0.0000000000e+00,2.6102082000e-04,2.4080311000e-03
0.0000000000e+00,2.5717038000e-04,2.4067739000e-03
0.0000000000e+00,2.5337673000e-04,2.3581355000e-03
0.0000000000e+00,2.4963901000e-04,2.3569427000e-03
1.8943201000e-05,2.4681067000e-04,2.3608804000e-03
0.0000000000e+00,2.4401983000e-04,2.3648827000e-03
0.0000000000e+00,2.4042015000e-04,2.3636676000e-03
0.0000000000e+00,2.3687357000e-04,2.3624492000e-03
0.0000000000e+00,2.3337929000e-04,2.3612271000e-03
0.0000000000e+00,2.2993659000e-04,2.2383027000e-03
0.0000000000e+00,2.2654465000e-04,1.8858844000e-03
0.0000000000e+00,2.2320278000e-04,1.5943123000e-03
0.0000000000e+00,2.1991019000e-04,1.5930764000e-03
0.0000000000e+00,2.1666616000e-04,1.5918373000e-03
0.0000000000e+00,2.1346999000e-04,1.5905946000e-03
0.0000000000e+00,2.1032097000e-04,1.5893490000e-03
0.0000000000e+00,2.0721841000e-04,1.8784401000e-03
0.0000000000e+00,2.0416161000e-04,2.2283772000e-03
1.0069431000e-06,2.0119535000e-04,2.3500528000e-03
0.0000000000e+00,1.9827260000e-04,2.3500554000e-03
0.0000000000e+00,1.9534776000e-04,2.3487911000e-03
0.0000000000e+00,1.9246608000e-04,2.3475236000e-03
0.0000000000e+00,1.8962690000e-04,2.3462533000e-03
1.9681416000e-05,1.8771786000e-04,2.3502219000e-03
9.2463251000e-06,2.0004598000e-04,2.3720991000e-03
1.5317685000e-04,2.6933648000e-04,2.4162605000e-03
5.0816347000e-04,3.7086767000e-04,2.4199851000e-03
4.2550804000e-04,5.1305373000e-04,2.4740133000e-03
8.6205272000e-04,6.6047075000e-04,2.5288796000e-03
1.0154564000e-04,7.1035611000e-04,2.5656803000e-03
8.8750443000e-05,7.5921882000e-04,2.6020778000e-03
2.8434070000e-04,8.2206522000e-04,2.6475280000e-03
5.3844240000e-09,8.2941464000e-04,2.6663304000e-03
1.4365188000e-05,8.3587295000e-04,2.5531610000e-03
2.5476033000e-05,8.4330770000e-04,2.2104299000e-03
1.7490091000e-05,8.3282602000e-04,1.9188847000e-03
1.3223163000e-05,8.2194112000e-04,1.9270454000e-03
0.0000000000e+00,8.1041805000e-04,1.9303772000e-03
0.0000000000e+00,7.9846306000e-04,1.9294058000e-03
0.0000000000e+00,7.8668451000e-04,1.9284228000e-03
0.0000000000e+00,7.7507965000e-04,2.2285683000e-03
0.0000000000e+00,7.6364604000e-04,2.5943383000e-03
0.0000000000e+00,7.5238099000e-04,2.7245930000e-03
0.0000000000e+00,7.4128219000e-04,2.7235649000e-03
0.0000000000e+00,7.3034712000e-04,2.7225262000e-03
0.0000000000e+00,7.1957341000e-04,2.7214766000e-03
0.0000000000e+00,7.0895854000e-04,2.7204165000e-03
0.0000000000e+00,6.9850025000e-04,2.7193457000e-03
0.0000000000e+00,6.8819633000e-04,2.7182647000e-03
0.0000000000e+00,6.7804434000e-04,2.7171739000e-03
0.0000000000e+00,6.6804216000e-04,2.6609332000e-03
0.0000000000e+00,6.5818749000e-04,2.6599073000e-03
0.0000000000e+00,6.4847816000e-04,2.6588717000e-03
0.0000000000e+00,6.3891208000e-04,2.6578265000e-03
0.0000000000e+00,6.2948710000e-04,2.6567718000e-03
0.0000000000e+00,6.2020117000e-04,2.6557075000e-03
0.0000000000e+00,6.1105221000e-04,2.6546344000e-03
9.1379961000e-06,6.0245662000e-04,2.5364787000e-03
0.0000000000e+00,5.9398572000e-04,2.2128031000e-03
0.0000000000e+00,5.8522349000e-04,1.9458078000e-03
0.0000000000e+00,5.7659054000e-04,1.9446907000e-03
0.0000000000e+00,5.6808494000e-04,1.9435652000e-03
0.0000000000e+00,5.5970479000e-04,1.9424311000e-03
0.0000000000e+00,5.5144826000e-04,1.9412888000e-03
0.0000000000e+00,5.4331351000e-04,2.2060249000e-03
0.0000000000e+00,5.3529878000e-04,2.5310712000e-03
0.0000000000e+00,5.2740227000e-04,2.6505408000e-03
2.6719285000e-06,5.1974470000e-04,2.6513315000e-03
0.0000000000e+00,5.1219948000e-04,2.6521627000e-03
0.0000000000e+00,5.0464371000e-04,2.6509673000e-03
0.0000000000e+00,4.9719942000e-04,2.6497648000e-03
0.0000000000e+00,4.8986496000e-04,2.6485545000e-03
0.0000000000e+00,4.8263869000e-04,2.6473368000e-03
0.0000000000e+00,4.7551902000e-04,2.6461119000e-03
0.0000000000e+00,4.6850438000e-04,2.5915198000e-03
0.0000000000e+00,4.6159321000e-04,2.5903636000e-03
1.2109655000e-05,4.7173069000e-04,2.6080881000e-03
2.0906121000e-04,5.5198721000e-04,2.6547604000e-03
1.1327815000e-04,6.1905384000e-04,2.6944124000e-03
1.3770124000e-05,6.3345738000e-04,2.7243956000e-03
2.7194745000e-05,6.4363016000e-04,2.7490759000e-03
1.4673601000e-04,7.0959039000e-04,2.6341444000e-03
1.1550896000e-04,7.7829190000e-04,2.2847764000e-03
8.6333544000e-05,7.7609561000e-04,1.9905274000e-03
1.3924636000e-04,8.4080175000e-04,2.0288806000e-03
2.2155381000e-04,9.1047783000e-04,2.0729541000e-03
0.0000000000e+00,9.0724212000e-04,2.0875446000e-03
1.5764899000e-04,9.0115593000e-04,2.0997343000e-03
1.1791049000e-03,1.1109198000e-03,2.4581891000e-03
4.5030036000e-05,1.3113499000e-03,2.8860169000e-03
0.0000000000e+00,1.2940844000e-03,3.0417894000e-03
0.0000000000e+00,1.2749946000e-03,3.0411468000e-03
0.0000000000e+00,1.2561864000e-03,3.0404807000e-03
0.0000000000e+00,1.2376558000e-03,3.0397917000e-03
6.8711884000e-06,1.2316398000e-03,3.0550633000e-03
3.2025913000e-05,1.2271402000e-03,3.0770840000e-03
0.0000000000e+00,1.2105186000e-03,3.0827653000e-03
3.0262738000e-05,1.1940683000e-03,3.0882158000e-03
2.8271988000e-05,1.1791685000e-03,3.0349824000e-03
3.0113310000e-05,1.1644830000e-03,3.0465941000e-03
1.2016415000e-04,1.1542906000e-03,3.0639449000e-03
1.2014168000e-04,1.1484211000e-03,3.0869674000e-03
7.4028227000e-05,1.1874152000e-03,3.1254964000e-03
1.3532670000e-04,1.2263318000e-03,3.1651058000e-03
1.2265875000e-04,1.2202496000e-03,3.1890017000e-03
1.2262273000e-04,1.2136744000e-03,3.0454660000e-03
0.0000000000e+00,1.2014703000e-03,2.6344298000e-03
0.0000000000e+00,1.1837466000e-03,2.2945437000e-03
0.0000000000e+00,1.1662844000e-03,2.2935676000e-03
0.0000000000e+00,1.1490800000e-03,2.2925707000e-03
0.0000000000e+00,1.1321292000e-03,2.2915537000e-03
0.0000000000e+00,1.1154285000e-03,2.2905157000e-03
0.0000000000e+00,1.0989743000e-03,2.6283902000e-03
0.0000000000e+00,1.0827626000e-03,3.0497133000e-03
0.0000000000e+00,1.0667902000e-03,3.2155542000e-03
0.0000000000e+00,1.0510533000e-03,3.2144389000e-03
0.0000000000e+00,1.0355486000e-03,3.2133050000e-03
0.0000000000e+00,1.0202726000e-03,3.2121530000e-03
0.0000000000e+00,1.0052220000e-03,3.2109828000e-03
0.0000000000e+00,9.9039334000e-04,3.2097949000e-03
0.0000000000e+00,9.7578357000e-04,3.2085897000e-03
0.0000000000e+00,9.6138928000e-04,3.2073671000e-03
0.0000000000e+00,9.4720733000e-04,3.1385303000e-03
0.0000000000e+00,9.3323452000e-04,3.1373855000e-03
0.0000000000e+00,9.1946783000e-04,3.1362243000e-03
0.0000000000e+00,9.0590422000e-04,3.1350474000e-03
0.0000000000e+00,8.9254073000e-04,3.1338546000e-03
0.0000000000e+00,8.7937433000e-04,3.1326462000e-03
0.0000000000e+00,8.6640217000e-04,3.1314229000e-03
0.0000000000e+00,8.5362140000e-04,2.9375027000e-03
0.0000000000e+00,8.4102916000e-04,2.4647713000e-03
0.0000000000e+00,8.2862267000e-04,2.0883661000e-03
0.0000000000e+00,8.1639917000e-04,2.0870839000e-03
0.0000000000e+00,8.0435601000e-04,2.0857875000e-03
0.0000000000e+00,7.9249049000e-04,2.0844769000e-03
0.0000000000e+00,7.8079995000e-04,2.0831525000e-03
0.0000000000e+00,7.6928199000e-04,2.4569521000e-03
0.0000000000e+00,7.5793383000e-04,2.9270791000e-03
0.0000000000e+00,7.4675312000e-04,3.1183965000e-03
0.0000000000e+00,7.3573733000e-04,3.1170198000e-03
0.0000000000e+00,7.2488404000e-04,3.1156300000e-03
0.0000000000e+00,7.1419089000e-04,3.1142281000e-03
0.0000000000e+00,7.0365542000e-04,3.1128135000e-03
0.0000000000e+00,6.9327542000e-04,3.1113867000e-03
0.0000000000e+00,6.8304851000e-04,3.1099480000e-03
0.0000000000e+00,6.7297247000e-04,3.1084975000e-03
0.0000000000e+00,6.6304510000e-04,3.0419417000e-03
0.0000000000e+00,6.5326411000e-04,3.0405766000e-03
0.0000000000e+00,6.4362743000e-04,3.0392003000e-03
0.0000000000e+00,6.3413294000e-04,3.0378131000e-03
0.0000000000e+00,6.2477851000e-04,3.0364147000e-03
0.0000000000e+00,6.1556202000e-04,3.0350059000e-03
0.0000000000e+00,6.0648145000e-04,3.0335861000e-03
0.0000000000e+00,5.9753493000e-04,2.8279156000e-03
0.0000000000e+00,5.8872032000e-04,2.3432255000e-03
0.0000000000e+00,5.8003579000e-04,1.9606457000e-03
0.0000000000e+00,5.7147938000e-04,1.9591851000e-03
0.0000000000e+00,5.6304917000e-04,1.9577146000e-03
0.0000000000e+00,5.5474334000e-04,1.9562345000e-03
0.0000000000e+00,5.4655998000e-04,1.9547446000e-03
0.0000000000e+00,5.3849735000e-04,2.3343745000e-03
0.0000000000e+00,5.3055369000e-04,2.8161157000e-03
0.0000000000e+00,5.2272720000e-04,3.0188386000e-03
0.0000000000e+00,5.1501615000e-04,3.0173117000e-03
0.0000000000e+00,5.0741882000e-04,3.0157757000e-03
0.0000000000e+00,4.9993361000e-04,3.0142311000e-03
0.0000000000e+00,4.9255881000e-04,3.0126777000e-03
0.0000000000e+00,4.8529278000e-04,3.0111161000e-03
0.0000000000e+00,4.7813394000e-04,3.0095456000e-03
0.0000000000e+00,4.7108071000e-04,3.0079670000e-03
0.0000000000e+00,4.6413153000e-04,2.9438259000e-03
0.0000000000e+00,4.5728486000e-04,2.9423356000e-03
0.0000000000e+00,4.5053917000e-04,2.9408373000e-03
0.0000000000e+00,4.4389302000e-04,2.9393311000e-03
0.0000000000e+00,4.3734492000e-04,2.9378172000e-03
0.0000000000e+00,4.3089339000e-04,2.9362957000e-03
0.0000000000e+00,4.2453702000e-04,2.9347665000e-03
0.0000000000e+00,4.1827443000e-04,2.7195562000e-03
0.0000000000e+00,4.1210424000e-04,2.2291620000e-03
0.0000000000e+00,4.0602506000e-04,1.8455974000e-03
0.0000000000e+00,4.0003555000e-04,1.8440391000e-03
0.0000000000e+00,3.9413440000e-04,1.8424733000e-03
0.0000000000e+00,3.8832030000e-04,1.8409007000e-03
0.0000000000e+00,3.8259197000e-04,1.8393215000e-03
0.0000000000e+00,3.7694813000e-04,2.2197487000e-03
0.0000000000e+00,3.7138758000e-04,2.7070059000e-03
0.0000000000e+00,3.6590901000e-04,2.9190802000e-03
0.0000000000e+00,3.6051127000e-04,2.9174741000e-03
0.0000000000e+00,3.5519319000e-04,2.9158618000e-03
0.0000000000e+00,3.4995351000e-04,2.9142431000e-03
0.0000000000e+00,3.4479116000e-04,2.9126182000e-03
0.0000000000e+00,3.3970494000e-04,2.9109868000e-03
0.0000000000e+00,3.3469376000e-04,2.9093497000e-03
0.0000000000e+00,3.2975650000e-04,2.9077064000e-03
0.0000000000e+00,3.2489208000e-04,2.8460298000e-03
0.0000000000e+00,3.2009941000e-04,2.8444752000e-03
0.0000000000e+00,3.1537743000e-04,2.8429148000e-03
4.8169500000e-07,3.1074771000e-04,2.8422293000e-03
2.8211429000e-05,3.3486690000e-04,2.8648414000e-03
8.4846072000e-08,3.5846990000e-04,2.8875815000e-03
0.0000000000e+00,3.5318587000e-04,2.8863738000e-03
0.0000000000e+00,3.4797585000e-04,2.6983991000e-03
0.0000000000e+00,3.4284266000e-04,2.2844786000e-03
0.0000000000e+00,3.3778520000e-04,1.9637425000e-03
0.0000000000e+00,3.3280233000e-04,1.9621321000e-03
0.0000000000e+00,3.2789298000e-04,1.9605157000e-03
0.0000000000e+00,3.2305604000e-04,1.9588941000e-03
0.0000000000e+00,3.1829046000e-04,1.9572664000e-03
0.0000000000e+00,3.1359517000e-04,2.2747647000e-03
0.0000000000e+00,3.0896917000e-04,2.6854479000e-03
0.0000000000e+00,3.0441137000e-04,2.8701858000e-03
0.0000000000e+00,2.9992082000e-04,2.8685364000e-03
0.0000000000e+00,2.9549649000e-04,2.8668819000e-03
0.0000000000e+00,2.9113749000e-04,2.8652223000e-03
0.0000000000e+00,2.8684275000e-04,2.8635575000e-03
0.0000000000e+00,2.8261135000e-04,2.8618877000e-03
0.0000000000e+00,2.7844240000e-04,2.8602129000e-03
0.0000000000e+00,2.7433492000e-04,2.8585333000e-03
0.0000000000e+00,2.7028806000e-04,2.7980516000e-03
0.0000000000e+00,2.6630086000e-04,2.7964606000e-03
0.0000000000e+00,2.6237252000e-04,2.7948648000e-03
0.0000000000e+00,2.5850211000e-04,2.7932646000e-03
0.0000000000e+00,2.5468881000e-04,2.7916594000e-03
0.0000000000e+00,2.5093177000e-04,2.7900496000e-03
0.0000000000e+00,2.4723011000e-04,2.7884354000e-03
0.0000000000e+00,2.4358308000e-04,2.5964023000e-03
0.0000000000e+00,2.3998984000e-04,2.1874174000e-03
0.0000000000e+00,2.3644960000e-04,1.8736357000e-03
0.0000000000e+00,2.3296160000e-04,1.8720038000e-03
0.0000000000e+00,2.2952505000e-04,1.8703679000e-03
0.0000000000e+00,2.2613918000e-04,1.8687276000e-03
0.0000000000e+00,2.2280327000e-04,1.8670836000e-03
0.0000000000e+00,2.1951657000e-04,2.1775896000e-03
4.0584699000e-05,2.5192503000e-04,2.6079812000e-03
1.1839111000e-03,4.5876307000e-04,2.8519421000e-03
4.1571553000e-03,8.3048403000e-04,2.9109695000e-03
4.2472759000e-04,1.1152725000e-03,2.9702694000e-03
2.7268708000e-03,1.4004528000e-03,3.0308294000e-03
1.3481325000e-06,1.5871437000e-03,3.0637237000e-03
0.0000000000e+00,1.5637943000e-03,3.0648231000e-03
0.0000000000e+00,1.5407259000e-03,3.0645479000e-03
0.0000000000e+00,1.5179978000e-03,3.0642431000e-03
1.3190707000e-04,1.5018494000e-03,3.0111689000e-03
4.9275062000e-05,1.5262061000e-03,3.0471005000e-03
1.4900189000e-04,1.5508565000e-03,3.0841182000e-03
0.0000000000e+00,1.5350099000e-03,3.0964608000e-03
0.0000000000e+00,1.5123661000e-03,3.0961081000e-03
0.0000000000e+00,1.4900564000e-03,3.0957267000e-03
0.0000000000e+00,1.4680757000e-03,3.0953167000e-03
0.0000000000e+00,1.4464193000e-03,2.9202348000e-03
0.0000000000e+00,1.4250823000e-03,2.5584111000e-03
0.0000000000e+00,1.4040602000e-03,2.2838823000e-03
0.0000000000e+00,1.3833480000e-03,2.2833638000e-03
4.5987104000e-05,1.3651245000e-03,2.2901779000e-03
9.7704178000e-05,1.3517989000e-03,2.3076029000e-03
2.0934416000e-04,1.4304820000e-03,2.3479660000e-03
1.0766330000e-06,1.5029737000e-03,2.6540281000e-03
0.0000000000e+00,1.4808534000e-03,3.0160851000e-03
0.0000000000e+00,1.4590085000e-03,3.1901721000e-03
0.0000000000e+00,1.4374858000e-03,3.1895877000e-03
0.0000000000e+00,1.4162806000e-03,3.1889759000e-03
0.0000000000e+00,1.3953883000e-03,3.1883377000e-03
4.4628632000e-06,1.3845008000e-03,3.2021031000e-03
4.1514522000e-05,1.3996370000e-03,3.2377695000e-03
3.7396319000e-05,1.4065560000e-03,3.2660903000e-03
3.3813751000e-05,1.3891939000e-03,3.2788431000e-03
0.0000000000e+00,1.3703059000e-03,3.2150825000e-03
0.0000000000e+00,1.3500918000e-03,3.2143570000e-03
0.0000000000e+00,1.3301759000e-03,3.2136068000e-03
0.0000000000e+00,1.3105536000e-03,3.2128321000e-03
0.0000000000e+00,1.2912209000e-03,3.2120335000e-03
3.1036507000e-05,1.2736545000e-03,3.2174794000e-03
3.3056072000e-05,1.2579178000e-03,3.2295217000e-03
0.0000000000e+00,1.2409317000e-03,3.0685675000e-03
0.0000000000e+00,1.2226261000e-03,2.7339852000e-03
0.0000000000e+00,1.2045904000e-03,2.4827321000e-03
0.0000000000e+00,1.1868208000e-03,2.4817693000e-03
0.0000000000e+00,1.1693134000e-03,2.4807854000e-03
0.0000000000e+00,1.1520642000e-03,2.4797805000e-03
0.0000000000e+00,1.1350694000e-03,2.4787546000e-03
0.0000000000e+00,1.1183254000e-03,2.7280210000e-03
0.0000000000e+00,1.1018284000e-03,3.0606186000e-03
0.0000000000e+00,1.0855747000e-03,3.2262357000e-03
0.0000000000e+00,1.0695608000e-03,3.2251312000e-03
0.0000000000e+00,1.0537831000e-03,3.2240078000e-03
1.2221574000e-06,1.0382966000e-03,3.2241864000e-03
2.0523981000e-05,1.0472309000e-03,3.2456503000e-03
3.5084016000e-05,1.0575338000e-03,3.2734245000e-03
0.0000000000e+00,1.0436033000e-03,3.2792490000e-03
0.0000000000e+00,1.0282085000e-03,3.2780110000e-03
2.9644385000e-05,1.0144593000e-03,3.2133288000e-03
0.0000000000e+00,1.0009060000e-03,3.2185672000e-03
0.0000000000e+00,9.8614115000e-04,3.2173777000e-03
0.0000000000e+00,9.7159395000e-04,3.2161709000e-03
0.0000000000e+00,9.5726142000e-04,3.2149472000e-03
0.0000000000e+00,9.4314042000e-04,3.2137069000e-03
0.0000000000e+00,9.2922762000e-04,3.2124503000e-03
0.0000000000e+00,9.1552001000e-04,3.0424600000e-03
0.0000000000e+00,9.0201467000e-04,2.7144307000e-03
0.0000000000e+00,8.8870851000e-04,2.4707450000e-03
0.0000000000e+00,8.7559863000e-04,2.4694256000e-03
0.0000000000e+00,8.6268218000e-04,2.4680910000e-03
0.0000000000e+00,8.4995630000e-04,2.4667417000e-03
0.0000000000e+00,8.3741813000e-04,2.4653776000e-03
0.0000000000e+00,8.2506490000e-04,2.7063806000e-03
0.0000000000e+00,8.1289385000e-04,3.0317288000e-03
0.0000000000e+00,8.0090237000e-04,3.1990400000e-03
0.0000000000e+00,7.8908779000e-04,3.1976195000e-03
0.0000000000e+00,7.7744754000e-04,3.1961855000e-03
0.0000000000e+00,7.6597894000e-04,3.1947379000e-03
0.0000000000e+00,7.5467955000e-04,3.1932774000e-03
0.0000000000e+00,7.4354687000e-04,3.1918043000e-03
0.0000000000e+00,7.3257840000e-04,3.1903181000e-03
0.0000000000e+00,7.2177168000e-04,3.1888194000e-03
0.0000000000e+00,7.1112445000e-04,3.1200589000e-03
0.0000000000e+00,7.0063426000e-04,3.1186494000e-03
0.0000000000e+00,6.9029880000e-04,3.1172279000e-03
0.0000000000e+00,6.8011577000e-04,3.1157944000e-03
0.0000000000e+00,6.7008304000e-04,3.1143494000e-03
4.3400265000e-05,6.9801882000e-04,3.1378178000e-03
1.4450979000e-04,7.3888758000e-04,3.1794205000e-03
1.2160616000e-04,7.4729125000e-04,3.0324969000e-03
6.6698722000e-06,7.5451971000e-04,2.7317570000e-03
1.0275703000e-04,7.6071033000e-04,2.5183125000e-03
5.2948903000e-06,7.6525647000e-04,2.5449418000e-03
2.2879700000e-04,8.5239398000e-04,2.5912211000e-03
7.9826316000e-07,9.2705211000e-04,2.6231110000e-03
0.0000000000e+00,9.1341487000e-04,2.6227720000e-03
0.0000000000e+00,8.9994055000e-04,2.8624127000e-03
0.0000000000e+00,8.8666502000e-04,3.1897780000e-03
0.0000000000e+00,8.7358529000e-04,3.3637166000e-03
0.0000000000e+00,8.6069858000e-04,3.3621613000e-03
0.0000000000e+00,8.4800192000e-04,3.3605914000e-03
0.0000000000e+00,8.3549257000e-04,3.3590072000e-03
0.0000000000e+00,8.2316773000e-04,3.3574090000e-03
0.0000000000e+00,8.1102474000e-04,3.3557967000e-03
4.0390067000e-05,8.3552976000e-04,3.3794676000e-03
1.5973424000e-07,8.5950061000e-04,3.4048958000e-03
0.0000000000e+00,8.4682932000e-04,3.3309725000e-03
2.9022001000e-05,8.3573797000e-04,3.3359237000e-03
0.0000000000e+00,8.2480337000e-04,3.3410108000e-03
7.4943205000e-06,8.2604436000e-04,3.3571294000e-03
2.7774036000e-04,9.2368171000e-04,3.4052609000e-03
1.5256203000e-04,1.0134405000e-03,3.4500137000e-03
0.0000000000e+00,1.0058350000e-03,3.4626205000e-03
0.0000000000e+00,9.9099730000e-04,3.2825957000e-03
0.0000000000e+00,9.7637856000e-04,2.9571909000e-03
0.0000000000e+00,9.6197549000e-04,2.7210168000e-03
0.0000000000e+00,9.4778487000e-04,2.7194370000e-03
0.0000000000e+00,9.3380350000e-04,2.7178412000e-03
0.0000000000e+00,9.2002843000e-04,2.7162298000e-03
0.0000000000e+00,9.0645661000e-04,2.7146025000e-03
0.0000000000e+00,8.9308491000e-04,2.9475708000e-03
0.0000000000e+00,8.7991048000e-04,3.2697713000e-03
0.0000000000e+00,8.6693047000e-04,3.4465936000e-03
0.0000000000e+00,8.5414184000e-04,3.4449070000e-03
0.0000000000e+00,8.4154191000e-04,3.4432062000e-03
0.0000000000e+00,8.2912785000e-04,3.4414912000e-03
0.0000000000e+00,8.1689691000e-04,3.4397624000e-03
0.0000000000e+00,8.0484641000e-04,3.4380197000e-03
0.0000000000e+00,7.9297367000e-04,3.4362634000e-03
0.0000000000e+00,7.8127609000e-04,3.4344944000e-03
0.0000000000e+00,7.6975103000e-04,3.3591297000e-03
0.0000000000e+00,7.5839605000e-04,3.3574649000e-03
0.0000000000e+00,7.4720854000e-04,3.3557874000e-03
0.0000000000e+00,7.3618605000e-04,3.3540970000e-03
1.4499389000e-04,7.3235040000e-04,3.3659427000e-03
1.2238249000e-04,7.3446875000e-04,3.3908139000e-03
1.2249278000e-04,7.3547772000e-04,3.4147375000e-03
1.2994310000e-04,8.0341846000e-04,3.2546434000e-03
5.0787593000e-04,9.0358389000e-04,2.9560870000e-03
4.0957460000e-04,1.0517162000e-03,2.7600122000e-03
1.2524193000e-04,1.1638545000e-03,2.8043496000e-03
6.2511276000e-06,1.1648961000e-03,2.8326483000e-03
1.1492529000e-04,1.2142585000e-03,2.8770701000e-03
2.2872040000e-05,1.2516583000e-03,2.9110583000e-03
1.7538141000e-05,1.2351616000e-03,3.1742449000e-03
0.0000000000e+00,1.2177931000e-03,3.5323766000e-03
1.8350025000e-05,1.2007250000e-03,3.7377230000e-03
1.3689620000e-04,1.1905913000e-03,3.7549373000e-03
4.9752318000e-05,1.2214998000e-03,3.7942743000e-03
4.0520703000e-05,1.2470736000e-03,3.8286517000e-03
3.4630466000e-05,1.2323448000e-03,3.8421613000e-03
9.4063165000e-05,1.2767497000e-03,3.8780160000e-03
1.5781526000e-04,1.3262461000e-03,3.9222213000e-03
3.5284083000e-05,1.3161078000e-03,3.9427029000e-03
2.6766097000e-03,1.6072735000e-03,3.8942136000e-03
2.2600247000e-03,2.0018797000e-03,3.9608874000e-03
3.2202493000e-05,2.1153104000e-03,4.0185358000e-03
1.1716470000e-03,2.3189634000e-03,4.0768306000e-03
1.7464395000e-03,2.5722957000e-03,4.1434024000e-03
3.6714275000e-05,2.6552405000e-03,4.2005526000e-03
5.0096656000e-04,2.7617579000e-03,4.2591309000e-03
1.8841212000e-03,2.9822306000e-03,4.1158935000e-03
3.0496402000e-04,3.1101860000e-03,3.8106719000e-03
3.0785013000e-05,3.0872547000e-03,3.5826182000e-03
1.0637302000e-05,3.0601877000e-03,3.6075013000e-03
5.1335494000e-08,3.0319213000e-03,3.6267084000e-03
0.0000000000e+00,2.9871983000e-03,3.6263834000e-03
5.7725094000e-05,2.9459947000e-03,3.6343439000e-03
2.9766255000e-05,2.9367022000e-03,3.9222268000e-03
1.5877967000e-04,2.9324256000e-03,4.3223044000e-03
0.0000000000e+00,2.8970109000e-03,4.5483983000e-03
0.0000000000e+00,2.8542753000e-03,4.5474907000e-03
1.4406582000e-04,2.8913796000e-03,4.5791366000e-03
9.6840552000e-07,2.9275930000e-03,4.6135848000e-03
0.0000000000e+00,2.8844543000e-03,4.6138465000e-03
0.0000000000e+00,2.8419041000e-03,4.6127718000e-03
0.0000000000e+00,2.7999815000e-03,4.6116398000e-03
0.0000000000e+00,2.7586774000e-03,4.6104514000e-03
0.0000000000e+00,2.7179825000e-03,4.5049558000e-03
0.0000000000e+00,2.6778879000e-03,4.5038550000e-03
0.0000000000e+00,2.6383849000e-03,4.5027025000e-03
0.0000000000e+00,2.5994645000e-03,4.5014988000e-03
0.0000000000e+00,2.5611185000e-03,4.5002447000e-03
7.3717696000e-05,2.5769994000e-03,4.5286100000e-03
2.2057008000e-03,2.8455995000e-03,4.5940047000e-03
5.1609951000e-04,3.0813231000e-03,4.4630305000e-03
4.0669693000e-05,3.0635055000e-03,4.1799014000e-03
0.0000000000e+00,3.0203336000e-03,3.9682817000e-03
0.0000000000e+00,2.9757791000e-03,3.9671804000e-03
0.0000000000e+00,2.9318817000e-03,3.9660204000e-03
1.3132365000e-07,2.8886385000e-03,3.9652609000e-03
2.5242418000e-05,2.8472936000e-03,3.9705671000e-03
3.0153622000e-05,2.8383201000e-03,4.2190291000e-03
4.4021718000e-04,2.9358200000e-03,4.5923511000e-03
1.3664292000e-06,2.9997991000e-03,4.8193228000e-03
1.3656299000e-05,2.9754960000e-03,4.8404820000e-03
1.9187733000e-04,2.9609932000e-03,4.8766630000e-03
0.0000000000e+00,2.9268751000e-03,4.8914677000e-03
0.0000000000e+00,2.8836993000e-03,4.8898295000e-03
0.0000000000e+00,2.8411602000e-03,4.8881359000e-03
1.8149690000e-04,2.8083439000e-03,4.9017509000e-03
0.0000000000e+00,2.7759667000e-03,4.9161143000e-03
0.0000000000e+00,2.7350166000e-03,4.8018713000e-03
0.0000000000e+00,2.6946708000e-03,4.8001609000e-03
0.0000000000e+00,2.6549203000e-03,4.7984016000e-03
4.1558375000e-05,2.6178402000e-03,4.8045423000e-03
4.4190772000e-05,2.5835137000e-03,4.8190956000e-03
4.4010241000e-05,2.5498169000e-03,4.8338613000e-03
0.0000000000e+00,2.5144008000e-03,4.8403637000e-03
0.0000000000e+00,2.4773094000e-03,4.6453597000e-03
0.0000000000e+00,2.4407653000e-03,4.3348102000e-03
0.0000000000e+00,2.4047601000e-03,4.1206898000e-03
0.0000000000e+00,2.3692860000e-03,4.1185017000e-03
0.0000000000e+00,2.3343354000e-03,4.1162726000e-03
0.0000000000e+00,2.2999002000e-03,4.1140034000e-03
0.0000000000e+00,2.2659730000e-03,4.1116951000e-03
0.0000000000e+00,2.2325462000e-03,4.3213223000e-03
5.2405585000e-06,2.2108748000e-03,4.6446598000e-03
1.6007348000e-04,2.1975106000e-03,4.8683179000e-03
1.6749691000e-04,2.1815174000e-03,4.8969276000e-03
0.0000000000e+00,2.1577154000e-03,4.9104951000e-03
0.0000000000e+00,2.1258856000e-03,4.9078604000e-03
1.6567786000e-04,2.1028593000e-03,4.9205488000e-03
7.7936955000e-04,2.2813901000e-03,4.9703578000e-03
2.3673368000e-03,2.5672717000e-03,5.0423238000e-03
4.0872695000e-04,2.7940471000e-03,5.1154094000e-03
8.2852348000e-04,2.9399060000e-03,5.0616125000e-03
1.5079606000e-05,2.9594612000e-03,5.1116166000e-03
5.0717623000e-05,2.9395602000e-03,5.1417770000e-03
4.6644596000e-05,2.9011085000e-03,5.1575801000e-03
4.6454861000e-05,2.8630109000e-03,5.1729931000e-03
0.0000000000e+00,2.8231158000e-03,5.1797424000e-03
0.0000000000e+00,2.7814705000e-03,5.1774960000e-03
0.0000000000e+00,2.7404395000e-03,4.9498319000e-03
0.0000000000e+00,2.7000136000e-03,4.5981184000e-03
0.0000000000e+00,2.6601842000e-03,4.3590399000e-03
0.0000000000e+00,2.6209422000e-03,4.3565971000e-03
0.0000000000e+00,2.5822795000e-03,4.3541081000e-03
0.0000000000e+00,2.5441868000e-03,4.3515735000e-03
0.0000000000e+00,2.5066561000e-03,4.3489942000e-03
0.0000000000e+00,2.4696789000e-03,4.5830547000e-03
0.0000000000e+00,2.4332474000e-03,4.9297563000e-03
0.0000000000e+00,2.3973533000e-03,5.1524159000e-03
0.0000000000e+00,2.3619884000e-03,5.1496672000e-03
1.7313428000e-04,2.3359137000e-03,5.1627615000e-03
1.3305474000e-05,2.3299996000e-03,5.1989872000e-03
9.1126254000e-05,2.3357184000e-03,5.2422434000e-03
1.7991713000e-04,2.3306594000e-03,5.2794758000e-03
1.7418862000e-04,2.3142032000e-03,5.3097825000e-03
0.0000000000e+00,2.2888631000e-03,5.3237327000e-03
0.0000000000e+00,2.2550987000e-03,5.1972419000e-03
0.0000000000e+00,2.2218325000e-03,5.1942645000e-03
0.0000000000e+00,2.1890569000e-03,5.1912507000e-03
0.0000000000e+00,2.1567650000e-03,5.1882006000e-03
0.0000000000e+00,2.1249491000e-03,5.1851165000e-03
0.0000000000e+00,2.0936029000e-03,5.1819971000e-03
0.0000000000e+00,2.0627191000e-03,5.1788446000e-03
0.0000000000e+00,2.0322907000e-03,4.8588915000e-03
0.0000000000e+00,2.0023112000e-03,4.3793088000e-03
0.0000000000e+00,1.9727738000e-03,4.0580784000e-03
0.0000000000e+00,1.9436722000e-03,4.0547973000e-03
0.0000000000e+00,1.9149999000e-03,4.0514860000e-03
0.0000000000e+00,1.8867507000e-03,4.0481449000e-03
0.0000000000e+00,1.8589181000e-03,4.0447745000e-03
0.0000000000e+00,1.8314961000e-03,4.3593557000e-03
0.0000000000e+00,1.8044787000e-03,4.8322934000e-03
0.0000000000e+00,1.7778599000e-03,5.1456057000e-03
0.0000000000e+00,1.7516337000e-03,5.1421234000e-03
0.0000000000e+00,1.7257944000e-03,5.1386142000e-03
0.0000000000e+00,1.7003362000e-03,5.1350789000e-03
0.0000000000e+00,1.6752536000e-03,5.1315175000e-03
0.0000000000e+00,1.6505410000e-03,5.1279319000e-03
0.0000000000e+00,1.6261928000e-03,5.1243212000e-03
0.0000000000e+00,1.6022039000e-03,5.1206858000e-03
0.0000000000e+00,1.5785689000e-03,4.9990364000e-03
0.0000000000e+00,1.5552825000e-03,4.9956157000e-03
0.0000000000e+00,1.5323397000e-03,4.9921726000e-03
0.0000000000e+00,1.5097354000e-03,4.9887067000e-03
0.0000000000e+00,1.4874644000e-03,4.9852189000e-03
0.0000000000e+00,1.4655220000e-03,4.9817092000e-03
0.0000000000e+00,1.4439032000e-03,4.9781781000e-03
0.0000000000e+00,1.4226035000e-03,4.6920991000e-03
0.0000000000e+00,1.4016178000e-03,4.2762039000e-03
0.0000000000e+00,1.3809417000e-03,4.0015527000e-03
0.0000000000e+00,1.3605707000e-03,3.9979401000e-03
0.0000000000e+00,1.3405001000e-03,3.9943079000e-03
0.0000000000e+00,1.3207255000e-03,3.9906572000e-03
0.0000000000e+00,1.3012427000e-03,3.9869868000e-03
5.3888118000e-07,1.2820747000e-03,4.2554121000e-03
1.1765050000e-03,1.4973371000e-03,4.7011902000e-03
2.8179015000e-03,1.8516462000e-03,5.0550280000e-03
8.3391176000e-04,2.1768038000e-03,5.1270761000e-03
5.4369152000e-06,2.3537057000e-03,5.1662694000e-03
0.0000000000e+00,2.3192610000e-03,5.1668012000e-03
0.0000000000e+00,2.2850481000e-03,5.1640277000e-03
0.0000000000e+00,2.2513401000e-03,5.1612128000e-03
1.7877120000e-04,2.2272530000e-03,5.1741465000e-03
0.0000000000e+00,2.2034764000e-03,5.1881876000e-03
0.0000000000e+00,2.1709716000e-03,5.0653322000e-03
0.0000000000e+00,2.1389464000e-03,5.0625810000e-03
0.0000000000e+00,2.1073937000e-03,5.0597931000e-03
0.0000000000e+00,2.0763061000e-03,5.0569689000e-03
0.0000000000e+00,2.0456773000e-03,5.0541083000e-03
0.0000000000e+00,2.0155003000e-03,5.0512129000e-03
0.0000000000e+00,1.9857686000e-03,5.0482834000e-03
0.0000000000e+00,1.9564754000e-03,4.8020096000e-03
0.0000000000e+00,1.9276142000e-03,4.4542770000e-03
0.0000000000e+00,1.8991788000e-03,4.2281672000e-03
0.0000000000e+00,1.8711629000e-03,4.2251064000e-03
0.0000000000e+00,1.8435604000e-03,4.2220140000e-03
0.0000000000e+00,1.8163651000e-03,4.2188913000e-03
0.0000000000e+00,1.7895709000e-03,4.2157387000e-03
0.0000000000e+00,1.7631719000e-03,4.4356375000e-03
0.0000000000e+00,1.7371624000e-03,4.7771623000e-03
0.0000000000e+00,1.7115364000e-03,5.0172326000e-03
0.0000000000e+00,1.6862885000e-03,5.0139655000e-03
0.0000000000e+00,1.6614131000e-03,5.0106714000e-03
0.0000000000e+00,1.6369047000e-03,5.0073504000e-03
0.0000000000e+00,1.6127577000e-03,5.0040032000e-03
0.0000000000e+00,1.5889669000e-03,5.0006304000e-03
0.0000000000e+00,1.5655272000e-03,4.9972320000e-03
0.0000000000e+00,1.5424333000e-03,4.9938089000e-03
0.0000000000e+00,1.5196799000e-03,4.8755393000e-03
0.0000000000e+00,1.4972623000e-03,4.8723198000e-03
0.0000000000e+00,1.4751753000e-03,4.8690769000e-03
0.0000000000e+00,1.4534141000e-03,4.8658107000e-03
0.0000000000e+00,1.4319740000e-03,4.8625218000e-03
0.0000000000e+00,1.4108501000e-03,4.8592109000e-03
0.0000000000e+00,1.3900379000e-03,4.8558777000e-03
0.0000000000e+00,1.3695327000e-03,4.6205590000e-03
0.0000000000e+00,1.3493298000e-03,4.2979759000e-03
0.0000000000e+00,1.3294250000e-03,4.0913555000e-03
0.0000000000e+00,1.3098140000e-03,4.0879399000e-03
0.0000000000e+00,1.2904922000e-03,4.0845037000e-03
0.0000000000e+00,1.2714554000e-03,4.0810481000e-03
0.0000000000e+00,1.2526994000e-03,4.0775733000e-03
0.0000000000e+00,1.2342202000e-03,4.2773047000e-03
0.0000000000e+00,1.2160136000e-03,4.5930003000e-03
0.0000000000e+00,1.1980754000e-03,4.8214342000e-03
0.0000000000e+00,1.1804019000e-03,4.8178863000e-03
0.0000000000e+00,1.1629891000e-03,4.8143207000e-03
0.0000000000e+00,1.1458332000e-03,4.8107379000e-03
0.0000000000e+00,1.1289304000e-03,4.8071379000e-03
0.0000000000e+00,1.1122769000e-03,4.8035216000e-03
0.0000000000e+00,1.0958691000e-03,4.7998889000e-03
0.0000000000e+00,1.0797033000e-03,4.7962400000e-03
0.0000000000e+00,1.0637761000e-03,4.6828897000e-03
0.0000000000e+00,1.0480836000e-03,4.6794503000e-03
0.0000000000e+00,1.0326228000e-03,4.6759960000e-03
0.0000000000e+00,1.0173901000e-03,4.6725268000e-03
0.0000000000e+00,1.0023819000e-03,4.6690428000e-03
0.0000000000e+00,9.8759518000e-04,4.6655443000e-03
0.0000000000e+00,9.7302662000e-04,4.6620313000e-03
0.0000000000e+00,9.5867302000e-04,4.4044275000e-03
0.0000000000e+00,9.4453106000e-04,4.0562632000e-03
0.0000000000e+00,9.3059771000e-04,3.8351240000e-03
0.0000000000e+00,9.1686996000e-04,3.8315561000e-03
0.0000000000e+00,9.0334471000e-04,3.8279756000e-03
0.0000000000e+00,8.9001894000e-04,3.8243826000e-03
0.0000000000e+00,8.7688974000e-04,3.8207765000e-03
0.0000000000e+00,8.6395425000e-04,4.0347427000e-03
0.0000000000e+00,8.5120957000e-04,4.3757362000e-03
1.3389533000e-04,8.4550562000e-04,4.6405965000e-03
1.4367934000e-04,8.4720866000e-04,4.6674712000e-03
0.0000000000e+00,8.4203132000e-04,4.6799267000e-03
0.0000000000e+00,8.2961004000e-04,4.6761734000e-03
3.5793280000e-05,8.1920566000e-04,4.6803905000e-03
0.0000000000e+00,8.0894557000e-04,4.6852846000e-03
0.0000000000e+00,7.9701236000e-04,4.6814717000e-03
0.0000000000e+00,7.8525522000e-04,4.6776487000e-03
0.0000000000e+00,7.7367149000e-04,4.5671859000e-03
0.0000000000e+00,7.6225860000e-04,4.5635886000e-03
0.0000000000e+00,7.5101410000e-04,4.5599937000e-03
0.0000000000e+00,7.3993544000e-04,4.5563886000e-03
0.0000000000e+00,7.2902022000e-04,4.5527732000e-03
0.0000000000e+00,7.1826600000e-04,4.5491476000e-03
0.0000000000e+00,7.0767046000e-04,4.5455117000e-03
0.0000000000e+00,6.9723121000e-04,4.2303577000e-03
0.0000000000e+00,6.8694592000e-04,3.8160835000e-03
0.0000000000e+00,6.7681237000e-04,3.5575544000e-03
0.0000000000e+00,6.6682836000e-04,3.5538813000e-03
0.0000000000e+00,6.5699161000e-04,3.5501984000e-03
0.0000000000e+00,6.4729998000e-04,3.5465066000e-03
0.0000000000e+00,6.3775131000e-04,3.5428065000e-03
0.0000000000e+00,6.2834343000e-04,3.7939623000e-03
0.0000000000e+00,6.1907439000e-04,4.2008641000e-03
0.0000000000e+00,6.0994201000e-04,4.5086467000e-03
0.0000000000e+00,6.0094445000e-04,4.5049130000e-03
0.0000000000e+00,5.9207954000e-04,4.5011709000e-03
0.0000000000e+00,5.8334548000e-04,4.4974210000e-03
0.0000000000e+00,5.7474017000e-04,4.4936636000e-03
0.0000000000e+00,5.6626182000e-04,4.4898982000e-03
0.0000000000e+00,5.5790856000e-04,4.4861259000e-03
0.0000000000e+00,5.4967857000e-04,4.4823461000e-03
0.0000000000e+00,5.4156996000e-04,4.3769921000e-03
0.0000000000e+00,5.3358090000e-04,4.3734200000e-03
0.0000000000e+00,5.2570977000e-04,4.3698410000e-03
0.0000000000e+00,5.1795476000e-04,4.3662544000e-03
0.0000000000e+00,5.1031413000e-04,4.3626614000e-03
0.0000000000e+00,5.0278619000e-04,4.3590614000e-03
0.0000000000e+00,4.9536931000e-04,4.3554548000e-03
0.0000000000e+00,4.8806181000e-04,3.9970810000e-03
0.0000000000e+00,4.8086213000e-04,3.5388172000e-03
0.0000000000e+00,4.7376868000e-04,3.2579280000e-03
0.0000000000e+00,4.6677986000e-04,3.2542958000e-03
0.0000000000e+00,4.5989413000e-04,3.2506576000e-03
0.0000000000e+00,4.5310994000e-04,3.2470138000e-03
0.0000000000e+00,4.4642587000e-04,3.2433639000e-03
0.0000000000e+00,4.3984037000e-04,3.5169711000e-03
0.0000000000e+00,4.3335202000e-04,3.9679538000e-03
0.0000000000e+00,4.2695939000e-04,4.3190480000e-03
0.0000000000e+00,4.2066109000e-04,4.3153758000e-03
0.0000000000e+00,4.1445566000e-04,4.3116985000e-03
0.0000000000e+00,4.0834179000e-04,4.3080156000e-03
0.0000000000e+00,4.0231811000e-04,4.3043275000e-03
0.0000000000e+00,3.9638329000e-04,4.3006344000e-03
0.0000000000e+00,3.9053601000e-04,4.2969361000e-03
0.0000000000e+00,3.8477499000e-04,4.2932336000e-03
0.0000000000e+00,3.7909896000e-04,4.1928519000e-03
0.0000000000e+00,3.7350666000e-04,4.1893488000e-03
0.0000000000e+00,3.6799686000e-04,4.1858410000e-03
0.0000000000e+00,3.6256833000e-04,4.1823285000e-03
0.0000000000e+00,3.5721989000e-04,4.1788113000e-03
0.0000000000e+00,3.5195032000e-04,4.1752895000e-03
0.0000000000e+00,3.4675849000e-04,4.1717635000e-03
0.0000000000e+00,3.4164326000e-04,3.7829462000e-03
0.0000000000e+00,3.3660349000e-04,3.2991657000e-03
0.0000000000e+00,3.3163806000e-04,3.0080243000e-03
0.0000000000e+00,3.2674585000e-04,3.0044811000e-03
0.0000000000e+00,3.2192585000e-04,3.0009341000e-03
0.0000000000e+00,3.1717692000e-04,2.9973830000e-03
0.0000000000e+00,3.1249807000e-04,2.9938277000e-03
0.0000000000e+00,3.0788826000e-04,3.2778715000e-03
0.0000000000e+00,3.0334640000e-04,3.7545548000e-03
0.0000000000e+00,2.9887157000e-04,4.1362755000e-03
0.0000000000e+00,2.9446278000e-04,4.1327057000e-03
0.0000000000e+00,2.9011897000e-04,4.1291327000e-03
0.0000000000e+00,2.8583925000e-04,4.1255560000e-03
0.0000000000e+00,2.8162269000e-04,4.1219760000e-03
0.0000000000e+00,2.7746829000e-04,4.1183932000e-03
0.0000000000e+00,2.7337519000e-04,4.1148067000e-03
0.0000000000e+00,2.6934250000e-04,4.1112169000e-03
0.0000000000e+00,2.6536928000e-04,4.0156501000e-03
0.0000000000e+00,2.6145467000e-04,4.0122508000e-03
0.0000000000e+00,2.5759780000e-04,4.0088482000e-03
0.0000000000e+00,2.5379783000e-04,4.0054424000e-03
0.0000000000e+00,2.5005391000e-04,4.0020337000e-03
0.0000000000e+00,2.4636521000e-04,3.9986223000e-03
0.0000000000e+00,2.4273094000e-04,3.9952076000e-03
0.0000000000e+00,2.3915028000e-04,3.6270544000e-03
0.0000000000e+00,2.3562243000e-04,3.1812717000e-03
0.0000000000e+00,2.3214663000e-04,2.9178532000e-03
0.0000000000e+00,2.2872210000e-04,2.9144273000e-03
0.0000000000e+00,2.2534809000e-04,2.9109991000e-03
0.0000000000e+00,2.2202385000e-04,2.9075686000e-03
0.0000000000e+00,2.1874865000e-04,2.9041348000e-03
0.0000000000e+00,2.1552177000e-04,3.1606946000e-03
0.0000000000e+00,2.1234248000e-04,3.5996190000e-03
0.0000000000e+00,2.0921009000e-04,3.9609144000e-03
0.0000000000e+00,2.0612391000e-04,3.9574718000e-03
0.0000000000e+00,2.0308325000e-04,3.9540264000e-03
0.0000000000e+00,2.0008745000e-04,3.9505796000e-03
0.0000000000e+00,1.9713586000e-04,3.9471299000e-03
0.0000000000e+00,1.9422779000e-04,3.9436789000e-03
0.0000000000e+00,1.9136263000e-04,3.9402256000e-03
0.0000000000e+00,1.8853974000e-04,3.9367704000e-03
0.0000000000e+00,1.8575847000e-04,3.8458344000e-03
0.0000000000e+00,1.8301824000e-04,3.8425594000e-03
0.0000000000e+00,1.8031844000e-04,3.8392823000e-03
0.0000000000e+00,1.7765847000e-04,3.8360031000e-03
0.0000000000e+00,1.7503773000e-04,3.8327223000e-03
0.0000000000e+00,1.7245565000e-04,3.8294394000e-03
0.0000000000e+00,1.6991165000e-04,3.8261549000e-03
0.0000000000e+00,1.6740520000e-04,3.4801217000e-03
0.0000000000e+00,1.6493571000e-04,3.0721906000e-03
0.0000000000e+00,1.6250265000e-04,2.8356228000e-03
0.0000000000e+00,1.6010548000e-04,2.8323028000e-03
0.0000000000e+00,1.5774368000e-04,2.8289584000e-03
0.0000000000e+00,1.5541671000e-04,2.8255905000e-03
0.0000000000e+00,1.5312407000e-04,2.8221998000e-03
0.0000000000e+00,1.5086525000e-04,3.0520563000e-03
0.0000000000e+00,1.4863975000e-04,3.4532677000e-03
0.0000000000e+00,1.4644708000e-04,3.7925709000e-03
0.0000000000e+00,1.4428677000e-04,3.7891234000e-03
0.0000000000e+00,1.4215830000e-04,3.7856763000e-03
0.0000000000e+00,1.4006125000e-04,3.7822290000e-03
0.0000000000e+00,1.3799511000e-04,3.7787820000e-03
0.0000000000e+00,1.3595948000e-04,3.7753349000e-03
0.0000000000e+00,1.3395386000e-04,3.7718881000e-03
0.0000000000e+00,1.3197784000e-04,3.7684413000e-03
0.0000000000e+00,1.3003095000e-04,3.6818485000e-03
0.0000000000e+00,1.2811279000e-04,3.6785759000e-03
0.0000000000e+00,1.2622292000e-04,3.6753032000e-03
0.0000000000e+00,1.2436093000e-04,3.6720308000e-03
0.0000000000e+00,1.2252641000e-04,3.6687581000e-03
0.0000000000e+00,1.2071895000e-04,3.6654854000e-03
0.0000000000e+00,1.1893816000e-04,3.6622132000e-03
0.0000000000e+00,1.1718363000e-04,3.2720985000e-03
0.0000000000e+00,1.1545499000e-04,2.8240827000e-03
0.0000000000e+00,1.1375184000e-04,2.5694771000e-03
0.0000000000e+00,1.1207382000e-04,2.5661727000e-03
0.0000000000e+00,1.1042056000e-04,2.5628489000e-03
0.0000000000e+00,1.0879168000e-04,2.5595063000e-03
0.0000000000e+00,1.0718684000e-04,2.5561461000e-03
0.0000000000e+00,1.0560566000e-04,2.8040868000e-03
0.0000000000e+00,1.0404782000e-04,3.2454340000e-03
0.0000000000e+00,1.0251295000e-04,3.6288749000e-03
0.0000000000e+00,1.0100072000e-04,3.6254718000e-03
0.0000000000e+00,9.9510806000e-05,3.6220697000e-03
0.0000000000e+00,9.8042867000e-05,3.6186695000e-03
0.0000000000e+00,9.6596581000e-05,3.6152704000e-03
0.0000000000e+00,9.5171628000e-05,3.6118727000e-03
0.0000000000e+00,9.3767689000e-05,3.6084764000e-03
0.0000000000e+00,9.2384471000e-05,3.6050817000e-03
0.0000000000e+00,9.1021655000e-05,3.5227367000e-03
0.0000000000e+00,8.9678935000e-05,3.5195085000e-03
0.0000000000e+00,8.8356035000e-05,3.5162815000e-03
0.0000000000e+00,8.7052642000e-05,3.5130559000e-03
0.0000000000e+00,8.5768479000e-05,3.5098318000e-03
0.0000000000e+00,8.4503263000e-05,3.5066090000e-03
0.0000000000e+00,8.3256709000e-05,3.5033871000e-03
0.0000000000e+00,8.2028550000e-05,3.1299097000e-03
0.0000000000e+00,8.0818500000e-05,2.7119981000e-03
0.0000000000e+00,7.9626298000e-05,2.4792082000e-03
0.0000000000e+00,7.8451689000e-05,2.4759676000e-03
0.0000000000e+00,7.7294397000e-05,2.4727145000e-03
0.0000000000e+00,7.6154189000e-05,2.4694488000e-03
0.0000000000e+00,7.5030795000e-05,2.4661710000e-03
0.0000000000e+00,7.3923977000e-05,2.6924429000e-03
0.0000000000e+00,7.2833478000e-05,3.1038336000e-03
0.0000000000e+00,7.1759066000e-05,3.4707866000e-03
0.0000000000e+00,7.0700509000e-05,3.4674818000e-03
0.0000000000e+00,6.9657566000e-05,3.4641791000e-03
0.0000000000e+00,6.8630012000e-05,3.4608785000e-03
0.0000000000e+00,6.7617613000e-05,3.4575802000e-03
0.0000000000e+00,6.6620145000e-05,3.4542840000e-03
0.0000000000e+00,6.5637389000e-05,3.4509900000e-03
0.0000000000e+00,6.4669141000e-05,3.4476977000e-03
0.0000000000e+00,6.3715168000e-05,3.3694867000e-03
0.0000000000e+00,6.2775267000e-05,3.3663523000e-03
0.0000000000e+00,6.1849234000e-05,3.3632198000e-03
0.0000000000e+00,6.0936862000e-05,3.3600894000e-03
0.0000000000e+00,6.0037946000e-05,3.3569608000e-03
0.0000000000e+00,5.9152291000e-05,3.3538342000e-03
0.0000000000e+00,5.8279697000e-05,3.3507096000e-03
0.0000000000e+00,5.7419980000e-05,3.0255369000e-03
0.0000000000e+00,5.6572946000e-05,2.6708825000e-03
0.0000000000e+00,5.5738408000e-05,2.4772494000e-03
0.0000000000e+00,5.4916178000e-05,2.4741159000e-03
0.0000000000e+00,5.4106076000e-05,2.4709750000e-03
0.0000000000e+00,5.3307926000e-05,2.4678267000e-03
0.0000000000e+00,5.2521551000e-05,2.4646712000e-03
0.0000000000e+00,5.1746778000e-05,2.6520158000e-03
0.0000000000e+00,5.0983428000e-05,3.0003795000e-03
0.0000000000e+00,5.0231345000e-05,3.3192590000e-03
0.0000000000e+00,4.9490354000e-05,3.3160893000e-03
0.0000000000e+00,4.8760296000e-05,3.3129219000e-03
0.0000000000e+00,4.8041002000e-05,3.3097565000e-03
0.0000000000e+00,4.7332320000e-05,3.3065935000e-03
0.0000000000e+00,4.6634093000e-05,3.3034331000e-03
0.0000000000e+00,4.5946166000e-05,3.3002750000e-03
0.0000000000e+00,4.5268389000e-05,3.2971194000e-03
0.0000000000e+00,4.4600612000e-05,3.2228909000e-03
0.0000000000e+00,4.3942684000e-05,3.2198832000e-03
0.0000000000e+00,4.3294462000e-05,3.2168778000e-03
0.0000000000e+00,4.2655800000e-05,3.2138748000e-03
0.0000000000e+00,4.2026561000e-05,3.2108738000e-03
0.0000000000e+00,4.1406602000e-05,3.2078750000e-03
0.0000000000e+00,4.0795789000e-05,3.2048784000e-03
0.0000000000e+00,4.0193987000e-05,2.8996633000e-03
0.0000000000e+00,3.9601062000e-05,2.5750389000e-03
0.0000000000e+00,3.9016886000e-05,2.4015228000e-03
0.0000000000e+00,3.8441325000e-05,2.3985228000e-03
0.0000000000e+00,3.7874255000e-05,2.3955179000e-03
0.0000000000e+00,3.7315549000e-05,2.3925083000e-03
0.0000000000e+00,3.6765086000e-05,2.3894941000e-03
0.0000000000e+00,3.6222744000e-05,2.5569964000e-03
0.0000000000e+00,3.5688405000e-05,2.8756051000e-03
0.0000000000e+00,3.5161942000e-05,3.1748028000e-03
0.0000000000e+00,3.4643250000e-05,3.1717806000e-03
0.0000000000e+00,3.4132205000e-05,3.1687610000e-03
0.0000000000e+00,3.3628701000e-05,3.1657438000e-03
0.0000000000e+00,3.3132626000e-05,3.1627291000e-03
0.0000000000e+00,3.2643868000e-05,3.1597167000e-03
0.0000000000e+00,3.2162319000e-05,3.1567069000e-03
0.0000000000e+00,3.1687876000e-05,3.1536995000e-03
0.0000000000e+00,3.1220432000e-05,3.0832724000e-03
0.0000000000e+00,3.0759878000e-05,3.0804037000e-03
0.0000000000e+00,3.0306121000e-05,3.0775371000e-03
0.0000000000e+00,2.9859058000e-05,3.0746732000e-03
0.0000000000e+00,2.9418588000e-05,3.0718113000e-03
0.0000000000e+00,2.8984618000e-05,3.0689519000e-03
0.0000000000e+00,2.8557050000e-05,3.0660944000e-03
0.0000000000e+00,2.8135788000e-05,2.7577344000e-03
0.0000000000e+00,2.7720740000e-05,2.4377676000e-03
0.0000000000e+00,2.7311817000e-05,2.2705521000e-03
0.0000000000e+00,2.6908923000e-05,2.2676941000e-03
0.0000000000e+00,2.6511974000e-05,2.2648326000e-03
0.0000000000e+00,2.6120882000e-05,2.2619681000e-03
0.0000000000e+00,2.5735557000e-05,2.2591001000e-03
0.0000000000e+00,2.5355917000e-05,2.4205898000e-03
0.0000000000e+00,2.4981877000e-05,2.7348297000e-03
0.0000000000e+00,2.4613355000e-05,3.0374606000e-03
0.0000000000e+00,2.4250268000e-05,3.0345882000e-03
0.0000000000e+00,2.3892540000e-05,3.0317183000e-03
0.0000000000e+00,2.3540088000e-05,3.0288508000e-03
0.0000000000e+00,2.3192833000e-05,3.0259858000e-03
0.0000000000e+00,2.2850703000e-05,3.0231231000e-03
0.0000000000e+00,2.2513619000e-05,3.0202630000e-03
0.0000000000e+00,2.2181508000e-05,3.0174055000e-03
0.0000000000e+00,2.1854295000e-05,2.9505903000e-03
0.0000000000e+00,2.1531911000e-05,2.9478623000e-03
0.0000000000e+00,2.1214280000e-05,2.9451367000e-03
0.0000000000e+00,2.0901336000e-05,2.9424131000e-03
0.0000000000e+00,2.0593008000e-05,2.9396918000e-03
0.0000000000e+00,2.0289230000e-05,2.9369730000e-03
0.0000000000e+00,1.9989931000e-05,2.9342563000e-03
0.0000000000e+00,1.9695050000e-05,2.6625798000e-03
0.0000000000e+00,1.9404517000e-05,2.3874615000e-03
0.0000000000e+00,1.9118268000e-05,2.2468236000e-03
0.0000000000e+00,1.8836243000e-05,2.2441091000e-03
0.0000000000e+00,1.8558379000e-05,2.2413931000e-03
0.0000000000e+00,1.8284614000e-05,2.2386750000e-03
0.0000000000e+00,1.8014887000e-05,2.2359553000e-03
0.0000000000e+00,1.7749138000e-05,2.3711591000e-03
0.0000000000e+00,1.7487311000e-05,2.6408427000e-03
0.0000000000e+00,1.7229346000e-05,2.9070831000e-03
0.0000000000e+00,1.6975186000e-05,2.9043630000e-03
0.0000000000e+00,1.6724774000e-05,2.9016451000e-03
0.0000000000e+00,1.6478058000e-05,2.8989296000e-03
0.0000000000e+00,1.6234981000e-05,2.8962165000e-03
0.0000000000e+00,1.5995491000e-05,2.8935059000e-03
0.0000000000e+00,1.5759531000e-05,2.8907976000e-03
0.0000000000e+00,1.5527054000e-05,2.8880916000e-03
0.0000000000e+00,1.5298006000e-05,2.8247037000e-03
0.0000000000e+00,1.5072337000e-05,2.8221188000e-03
0.0000000000e+00,1.4849997000e-05,2.8195360000e-03
0.0000000000e+00,1.4630935000e-05,2.8169556000e-03
0.0000000000e+00,1.4415105000e-05,2.8143772000e-03
0.0000000000e+00,1.4202460000e-05,2.8118012000e-03
0.0000000000e+00,1.3992952000e-05,2.8059185000e-03
0.0000000000e+00,1.3786534000e-05,2.5164373000e-03
0.0000000000e+00,1.3583161000e-05,2.2269576000e-03
0.0000000000e+00,1.3382787000e-05,2.0825870000e-03
0.0000000000e+00,1.3185370000e-05,2.0800158000e-03
0.0000000000e+00,1.2990865000e-05,2.0774433000e-03
0.0000000000e+00,1.2799230000e-05,2.0748696000e-03
0.0000000000e+00,1.2610421000e-05,2.0722949000e-03
0.0000000000e+00,1.2424398000e-05,2.2115195000e-03
0.0000000000e+00,1.2241118000e-05,2.4958525000e-03
0.0000000000e+00,1.2060542000e-05,2.7801858000e-03
0.0000000000e+00,1.1882630000e-05,2.7809201000e-03
0.0000000000e+00,1.1707342000e-05,2.7783478000e-03
0.0000000000e+00,1.1534640000e-05,2.7757778000e-03
0.0000000000e+00,1.1364486000e-05,2.7732104000e-03
0.0000000000e+00,1.1196842000e-05,2.7706448000e-03
0.0000000000e+00,1.1031671000e-05,2.7680818000e-03
0.0000000000e+00,1.0868936000e-05,2.7655209000e-03
0.0000000000e+00,1.0708603000e-05,2.7053745000e-03
0.0000000000e+00,1.0550634000e-05,2.7029268000e-03
9.1544527000e-05,7.3153562000e-05,2.7264638000e-03
2.5516298000e-05,1.3583161000e-04,2.7600217000e-03
2.0615134000e-05,1.3618841000e-04,2.7712500000e-03
2.0636868000e-05,1.3629135000e-04,2.7817681000e-03
8.2634389000e-05,1.3957729000e-04,2.7867923000e-03
0.0000000000e+00,1.4173973000e-04,2.4952723000e-03
0.0000000000e+00,1.3964885000e-04,2.1908479000e-03
0.0000000000e+00,1.3758881000e-04,2.0427865000e-03
0.0000000000e+00,1.3555915000e-04,2.0402479000e-03
0.0000000000e+00,1.3355943000e-04,2.0377117000e-03
0.0000000000e+00,1.3158923000e-04,2.0351773000e-03
3.1047475000e-05,1.6289685000e-04,2.0564843000e-03
8.1485048000e-08,1.9358229000e-04,2.2268812000e-03
0.0000000000e+00,1.9073083000e-04,2.5266497000e-03
0.0000000000e+00,1.8791725000e-04,2.8259633000e-03
0.0000000000e+00,1.8514517000e-04,2.8342376000e-03
0.0000000000e+00,1.8241399000e-04,2.8316737000e-03
0.0000000000e+00,1.7972308000e-04,2.8291116000e-03
0.0000000000e+00,1.7707190000e-04,2.8265517000e-03
0.0000000000e+00,1.7445981000e-04,2.8239936000e-03
3.3882113000e-06,1.7206042000e-04,2.8239840000e-03
2.1401942000e-05,1.7079589000e-04,2.8304656000e-03
0.0000000000e+00,1.6937124000e-04,2.7754933000e-03
0.0000000000e+00,1.6687275000e-04,2.7730302000e-03
0.0000000000e+00,1.6441112000e-04,2.7705689000e-03
2.1404270000e-05,1.6308649000e-04,2.7742549000e-03
0.0000000000e+00,1.6177593000e-04,2.7786472000e-03
0.0000000000e+00,1.5938947000e-04,2.7761746000e-03
0.0000000000e+00,1.5703823000e-04,2.7547071000e-03
0.0000000000e+00,1.5472167000e-04,2.4381406000e-03
0.0000000000e+00,1.5243927000e-04,2.1215766000e-03
0.0000000000e+00,1.5019056000e-04,1.9715615000e-03
0.0000000000e+00,1.4797502000e-04,1.9690976000e-03
0.0000000000e+00,1.4579216000e-04,1.9666366000e-03
0.0000000000e+00,1.4364149000e-04,1.9641770000e-03
0.0000000000e+00,1.4152256000e-04,1.9617192000e-03
0.0000000000e+00,1.3943487000e-04,2.1068137000e-03
0.0000000000e+00,1.3737798000e-04,2.4184573000e-03
0.0000000000e+00,1.3535145000e-04,2.7301025000e-03
0.0000000000e+00,1.3335480000e-04,2.7466493000e-03
0.0000000000e+00,1.3138760000e-04,2.7442011000e-03
0.0000000000e+00,1.2944943000e-04,2.7417550000e-03
0.0000000000e+00,1.2753985000e-04,2.7393107000e-03
0.0000000000e+00,1.2565844000e-04,2.7368683000e-03
0.0000000000e+00,1.2380477000e-04,2.7344278000e-03
0.0000000000e+00,1.2197847000e-04,2.7319894000e-03
0.0000000000e+00,1.2017909000e-04,2.6728215000e-03
0.0000000000e+00,1.1840627000e-04,2.6704918000e-03
0.0000000000e+00,1.1665959000e-04,2.6681640000e-03
0.0000000000e+00,1.1493867000e-04,2.6658380000e-03
0.0000000000e+00,1.1324315000e-04,2.6635139000e-03
7.5389777000e-05,1.1545057000e-04,2.6718471000e-03
2.1355983000e-05,1.1870520000e-04,2.6590985000e-03
0.0000000000e+00,1.1804762000e-04,2.3302794000e-03
0.0000000000e+00,1.1630623000e-04,1.9946904000e-03
0.0000000000e+00,1.1459052000e-04,1.8399190000e-03
0.0000000000e+00,1.1290013000e-04,1.8375609000e-03
0.0000000000e+00,1.1123468000e-04,1.8352044000e-03
0.0000000000e+00,1.0959379000e-04,1.8328498000e-03
0.0000000000e+00,1.0797711000e-04,1.8304971000e-03
0.0000000000e+00,1.0638428000e-04,1.9805576000e-03
0.0000000000e+00,1.0481494000e-04,2.3114355000e-03
0.0000000000e+00,1.0326876000e-04,2.6423149000e-03
0.0000000000e+00,1.0174538000e-04,2.6683731000e-03
0.0000000000e+00,1.0024448000e-04,2.6660294000e-03
0.0000000000e+00,9.8765711000e-05,2.6636873000e-03
0.0000000000e+00,9.7308759000e-05,2.6613472000e-03
0.0000000000e+00,9.5873307000e-05,2.6590086000e-03
0.0000000000e+00,9.4459028000e-05,2.6566719000e-03
0.0000000000e+00,9.3065610000e-05,2.6543373000e-03
0.0000000000e+00,9.1692746000e-05,2.5972310000e-03
0.0000000000e+00,9.0340131000e-05,2.5950000000e-03
0.0000000000e+00,8.9007466000e-05,2.5927704000e-03
0.0000000000e+00,8.7694469000e-05,2.5905424000e-03
6.3511216000e-05,8.9669949000e-05,2.5980715000e-03
0.0000000000e+00,9.1600108000e-05,2.6067731000e-03
1.9184529000e-04,1.0012730000e-04,2.5817817000e-03
2.0951487000e-05,1.0955925000e-04,2.2561573000e-03
0.0000000000e+00,1.0901718000e-04,1.9138404000e-03
0.0000000000e+00,1.0740900000e-04,1.7573165000e-03
1.8136553000e-06,1.0591801000e-04,1.7568404000e-03
0.0000000000e+00,1.0444855000e-04,1.7565861000e-03
0.0000000000e+00,1.0290778000e-04,1.7542904000e-03
0.0000000000e+00,1.0138972000e-04,1.7519966000e-03
0.0000000000e+00,9.9894060000e-05,1.9039332000e-03
0.0000000000e+00,9.8420467000e-05,2.2482923000e-03
0.0000000000e+00,9.6968608000e-05,2.5926533000e-03
0.0000000000e+00,9.5538177000e-05,2.6285590000e-03
0.0000000000e+00,9.4128838000e-05,2.6262740000e-03
0.0000000000e+00,9.2740287000e-05,2.6239904000e-03
0.0000000000e+00,9.1372225000e-05,2.6217089000e-03
0.0000000000e+00,9.0024347000e-05,2.6194286000e-03
0.0000000000e+00,8.8696339000e-05,2.6171501000e-03
0.0000000000e+00,8.7387933000e-05,2.6148735000e-03
0.0000000000e+00,8.6098822000e-05,2.5588246000e-03
0.0000000000e+00,8.4828731000e-05,2.5566488000e-03
0.0000000000e+00,8.3577375000e-05,2.5544746000e-03
1.3975664000e-05,1.0310284000e-04,2.5721302000e-03
2.3621556000e-05,1.2345589000e-04,2.5983928000e-03
8.7638517000e-05,1.2736810000e-04,2.6141577000e-03
2.2005182000e-05,1.3112364000e-04,2.5934237000e-03
0.0000000000e+00,1.3031940000e-04,2.3249898000e-03
0.0000000000e+00,1.2839699000e-04,2.0498629000e-03
0.0000000000e+00,1.2650294000e-04,1.9296265000e-03
0.0000000000e+00,1.2463683000e-04,1.9273661000e-03
3.7245851000e-04,2.5090436000e-04,1.9503232000e-03
5.9289150000e-03,6.2427233000e-04,2.0020902000e-03
2.3235845000e-05,8.6462701000e-04,2.0342339000e-03
0.0000000000e+00,8.5306814000e-04,2.1564069000e-03
0.0000000000e+00,8.4048399000e-04,2.4274297000e-03
1.1401213000e-05,8.4653927000e-04,2.7158845000e-03
1.2469657000e-04,8.5886841000e-04,2.7821772000e-03
0.0000000000e+00,8.5262128000e-04,2.7932881000e-03
0.0000000000e+00,8.4004377000e-04,2.7913922000e-03
0.0000000000e+00,8.2765176000e-04,2.7894937000e-03
0.0000000000e+00,8.1544265000e-04,2.7875933000e-03
0.0000000000e+00,8.0341357000e-04,2.7856901000e-03
0.0000000000e+00,7.9156191000e-04,2.7837849000e-03
0.0000000000e+00,7.7988516000e-04,2.7238631000e-03
0.0000000000e+00,7.6838059000e-04,2.7220550000e-03
0.0000000000e+00,7.5704575000e-04,2.7202447000e-03
0.0000000000e+00,7.4587815000e-04,2.7184321000e-03
0.0000000000e+00,7.3487527000e-04,2.7166172000e-03
0.0000000000e+00,7.2403467000e-04,2.7148002000e-03
0.0000000000e+00,7.1335403000e-04,2.6742471000e-03
0.0000000000e+00,7.0283090000e-04,2.4311806000e-03
1.0716815000e-04,6.9801358000e-04,2.1988736000e-03
0.0000000000e+00,6.9323980000e-04,2.1078414000e-03
0.0000000000e+00,6.8301347000e-04,2.1059911000e-03
0.0000000000e+00,6.7293789000e-04,2.1041387000e-03
0.0000000000e+00,6.6301104000e-04,2.1022845000e-03
0.0000000000e+00,6.5323059000e-04,2.1004281000e-03
0.0000000000e+00,6.4359442000e-04,2.1998251000e-03
0.0000000000e+00,6.3410035000e-04,2.4392097000e-03
0.0000000000e+00,6.2474638000e-04,2.6785927000e-03
0.0000000000e+00,6.1553041000e-04,2.7154628000e-03
0.0000000000e+00,6.0645037000e-04,2.7135969000e-03
0.0000000000e+00,5.9750426000e-04,2.7117291000e-03
0.0000000000e+00,5.8869016000e-04,2.7098595000e-03
0.0000000000e+00,5.8000605000e-04,2.7079880000e-03
0.0000000000e+00,5.7145010000e-04,2.7061149000e-03
0.0000000000e+00,5.6302035000e-04,2.7042401000e-03
0.0000000000e+00,5.5471488000e-04,2.6463594000e-03
0.0000000000e+00,5.4653198000e-04,2.6445785000e-03
0.0000000000e+00,5.3846976000e-04,2.6427961000e-03
0.0000000000e+00,5.3052645000e-04,2.6410120000e-03
0.0000000000e+00,5.2270037000e-04,2.6392261000e-03
0.0000000000e+00,5.1498978000e-04,2.6374387000e-03
0.0000000000e+00,5.0739280000e-04,2.5903806000e-03
0.0000000000e+00,4.9990800000e-04,2.3451976000e-03
0.0000000000e+00,4.9253355000e-04,2.1000132000e-03
1.9802685000e-05,5.1095581000e-04,2.0185180000e-03
7.8623358000e-05,5.4130761000e-04,2.0534059000e-03
1.5788868000e-05,5.5772625000e-04,2.0831481000e-03
9.7576405000e-05,5.6664151000e-04,2.1083141000e-03
1.8222176000e-05,5.6427042000e-04,2.1228550000e-03
9.5371070000e-05,5.6184304000e-04,2.2356855000e-03
9.9370904000e-05,5.6364946000e-04,2.4991995000e-03
0.0000000000e+00,5.6047365000e-04,2.7524456000e-03
0.0000000000e+00,5.5220578000e-04,2.7957580000e-03
2.3534785000e-05,5.4528349000e-04,2.7992551000e-03
0.0000000000e+00,5.3845730000e-04,2.8034283000e-03
0.0000000000e+00,5.3051423000e-04,2.8014518000e-03
0.0000000000e+00,5.2268832000e-04,2.7994737000e-03
0.0000000000e+00,5.1497784000e-04,2.7974937000e-03
0.0000000000e+00,5.0738110000e-04,2.7955119000e-03
0.0000000000e+00,4.9989647000e-04,2.7352422000e-03
0.0000000000e+00,4.9252220000e-04,2.7333603000e-03
0.0000000000e+00,4.8525672000e-04,2.7314764000e-03
3.0009156000e-05,4.7965915000e-04,2.7356981000e-03
0.0000000000e+00,4.7413638000e-04,2.7405911000e-03
0.0000000000e+00,4.6714212000e-04,2.7386867000e-03
0.0000000000e+00,4.6025103000e-04,2.6886084000e-03
0.0000000000e+00,4.5346163000e-04,2.4590138000e-03
1.8765764000e-04,5.4341601000e-04,2.2548849000e-03
4.8268954000e-03,9.0363540000e-04,2.2178863000e-03
2.6546975000e-03,1.3399797000e-03,2.2717041000e-03
3.7475874000e-07,1.4982974000e-03,2.3005644000e-03
0.0000000000e+00,1.4762147000e-03,2.3001651000e-03
0.0000000000e+00,1.4544382000e-03,2.2990133000e-03
0.0000000000e+00,1.4329830000e-03,2.3876068000e-03
0.0000000000e+00,1.4118443000e-03,2.6141175000e-03
0.0000000000e+00,1.3910172000e-03,2.8406165000e-03
0.0000000000e+00,1.3704976000e-03,2.8875892000e-03
0.0000000000e+00,1.3502806000e-03,2.8863770000e-03
0.0000000000e+00,1.3303618000e-03,2.8851540000e-03
0.0000000000e+00,1.3107369000e-03,2.8839193000e-03
0.0000000000e+00,1.2914015000e-03,2.8826734000e-03
0.0000000000e+00,1.2723512000e-03,2.8814166000e-03
0.0000000000e+00,1.2535821000e-03,2.8801486000e-03
0.0000000000e+00,1.2350898000e-03,2.8184347000e-03
0.0000000000e+00,1.2168703000e-03,2.8172454000e-03
0.0000000000e+00,1.1989195000e-03,2.8160454000e-03
0.0000000000e+00,1.1812336000e-03,2.8148352000e-03
0.0000000000e+00,1.1638086000e-03,2.8136149000e-03
0.0000000000e+00,1.1466405000e-03,2.8123844000e-03
0.0000000000e+00,1.1297258000e-03,2.7487676000e-03
4.1071288000e-04,1.2619809000e-03,2.5107001000e-03
1.3698939000e-03,1.4683958000e-03,2.3009658000e-03
1.2996649000e-04,1.5299964000e-03,2.2386657000e-03
2.2875600000e-05,1.5153837000e-03,2.2546714000e-03
0.0000000000e+00,1.4942199000e-03,2.2590896000e-03
0.0000000000e+00,1.4721778000e-03,2.2580051000e-03
2.8512061000e-06,1.4506100000e-03,2.2587082000e-03
0.0000000000e+00,1.4293595000e-03,2.3598443000e-03
0.0000000000e+00,1.4082743000e-03,2.6215720000e-03
0.0000000000e+00,1.3875001000e-03,2.8832860000e-03
0.0000000000e+00,1.3670323000e-03,2.9445039000e-03
0.0000000000e+00,1.3468665000e-03,2.9433321000e-03
0.0000000000e+00,1.3269981000e-03,2.9421472000e-03
0.0000000000e+00,1.3074228000e-03,2.9409493000e-03
0.0000000000e+00,1.2881362000e-03,2.9397390000e-03
0.0000000000e+00,1.2691342000e-03,2.9385160000e-03
0.0000000000e+00,1.2504125000e-03,2.9372806000e-03
0.0000000000e+00,1.2319669000e-03,2.8741558000e-03
0.0000000000e+00,1.2137934000e-03,2.8729986000e-03
0.0000000000e+00,1.1958880000e-03,2.8718298000e-03
0.0000000000e+00,1.1782468000e-03,2.8706493000e-03
0.0000000000e+00,1.1608658000e-03,2.8694575000e-03
0.0000000000e+00,1.1437412000e-03,2.8682544000e-03
0.0000000000e+00,1.1268692000e-03,2.8083650000e-03
0.0000000000e+00,1.1102462000e-03,2.5841801000e-03
0.0000000000e+00,1.0938683000e-03,2.3599844000e-03
0.0000000000e+00,1.0777320000e-03,2.2765950000e-03
0.0000000000e+00,1.0618336000e-03,2.2753377000e-03
0.0000000000e+00,1.0461699000e-03,2.2740697000e-03
0.0000000000e+00,1.0307372000e-03,2.2727919000e-03
0.0000000000e+00,1.0155322000e-03,2.2715039000e-03
0.0000000000e+00,1.0005516000e-03,2.3523488000e-03
0.0000000000e+00,9.8579191000e-04,2.5740007000e-03
0.0000000000e+00,9.7124983000e-04,2.7956429000e-03
0.0000000000e+00,9.5692236000e-04,2.8529905000e-03
0.0000000000e+00,9.4280625000e-04,2.8516541000e-03
0.0000000000e+00,9.2889846000e-04,2.8503081000e-03
0.0000000000e+00,9.1519573000e-04,2.8489530000e-03
0.0000000000e+00,9.0169517000e-04,2.8475891000e-03
0.0000000000e+00,8.8839373000e-04,2.8462159000e-03
0.0000000000e+00,8.7528856000e-04,2.8448340000e-03
0.0000000000e+00,8.6237671000e-04,2.7839118000e-03
1.5845669000e-04,9.3788147000e-04,2.8080505000e-03
8.8401299000e-07,1.0118822000e-03,2.8361599000e-03
3.7855862000e-05,9.9898537000e-04,2.8423555000e-03
1.0973903000e-04,1.0575741000e-03,2.8728659000e-03
7.2446465000e-04,1.1891685000e-03,2.9244279000e-03
4.5628200000e-05,1.2498426000e-03,2.8796634000e-03
0.0000000000e+00,1.2337894000e-03,2.6145929000e-03
0.0000000000e+00,1.2155891000e-03,2.3418879000e-03
0.0000000000e+00,1.1976572000e-03,2.2441682000e-03
0.0000000000e+00,1.1799899000e-03,2.2429302000e-03
0.0000000000e+00,1.1625831000e-03,2.2416802000e-03
0.0000000000e+00,1.1454332000e-03,2.2404180000e-03
0.0000000000e+00,1.1285363000e-03,2.2391437000e-03
0.0000000000e+00,1.1118886000e-03,2.3343521000e-03
0.0000000000e+00,1.0954865000e-03,2.6045467000e-03
0.0000000000e+00,1.0793264000e-03,2.8747299000e-03
0.0000000000e+00,1.0634045000e-03,2.9519137000e-03
0.0000000000e+00,1.0477176000e-03,2.9505822000e-03
0.0000000000e+00,1.0322622000e-03,2.9492397000e-03
0.0000000000e+00,1.0170346000e-03,2.9478865000e-03
0.0000000000e+00,1.0020318000e-03,2.9465226000e-03
0.0000000000e+00,9.8725036000e-04,2.9451482000e-03
0.0000000000e+00,9.7268680000e-04,2.9437633000e-03
0.0000000000e+00,9.5833809000e-04,2.8803360000e-03
0.0000000000e+00,9.4420114000e-04,2.8790350000e-03
0.0000000000e+00,9.3027262000e-04,2.8777237000e-03
0.0000000000e+00,9.1654964000e-04,2.8764026000e-03
0.0000000000e+00,9.0302911000e-04,2.8750722000e-03
1.4838573000e-04,8.9750532000e-04,2.8854508000e-03
3.7788588000e-05,8.9401094000e-04,2.8089995000e-03
3.5259458000e-05,8.8465353000e-04,2.5211731000e-03
1.3046864000e-04,8.8030996000e-04,2.2381111000e-03
4.9469727000e-05,9.1901660000e-04,2.1690074000e-03
2.4375833000e-05,9.5138594000e-04,2.1979359000e-03
1.9686224000e-05,9.3966530000e-04,2.2070203000e-03
1.9655659000e-05,9.2787063000e-04,2.2155403000e-03
1.9625411000e-05,9.1624720000e-04,2.2240523000e-03
7.6446868000e-06,9.1856695000e-04,2.3459238000e-03
2.8541098000e-08,9.1975200000e-04,2.6616061000e-03
0.0000000000e+00,9.0618571000e-04,2.9599329000e-03
4.4222092000e-05,9.3489332000e-04,3.0751766000e-03
2.1906779000e-07,9.6298085000e-04,3.0992243000e-03
0.0000000000e+00,9.4878691000e-04,3.0982145000e-03
0.0000000000e+00,9.3479082000e-04,3.0966066000e-03
0.0000000000e+00,9.2100119000e-04,3.0949886000e-03
0.0000000000e+00,9.0741500000e-04,3.0933609000e-03
0.0000000000e+00,8.9402922000e-04,3.0917237000e-03
0.0000000000e+00,8.8084087000e-04,3.0242989000e-03
0.0000000000e+00,8.6784706000e-04,3.0227578000e-03
0.0000000000e+00,8.5504499000e-04,3.0212072000e-03
3.7855571000e-05,8.4442936000e-04,3.0261630000e-03
0.0000000000e+00,8.3396037000e-04,3.0317807000e-03
0.0000000000e+00,8.2165812000e-04,3.0301877000e-03
0.0000000000e+00,8.0953736000e-04,2.9284246000e-03
0.0000000000e+00,7.9759542000e-04,2.6335279000e-03
0.0000000000e+00,7.8582962000e-04,2.3386222000e-03
0.0000000000e+00,7.7423739000e-04,2.2404327000e-03
0.0000000000e+00,7.6281617000e-04,2.2387975000e-03
0.0000000000e+00,7.5156341000e-04,2.2371542000e-03
0.0000000000e+00,7.4047671000e-04,2.2355027000e-03
0.0000000000e+00,7.2955352000e-04,2.2338436000e-03
0.0000000000e+00,7.1879145000e-04,2.3287390000e-03
0.0000000000e+00,7.0818816000e-04,2.6203510000e-03
0.0000000000e+00,6.9774123000e-04,2.9119554000e-03
0.0000000000e+00,6.8744848000e-04,3.0104264000e-03
0.0000000000e+00,6.7730754000e-04,3.0087291000e-03
0.0000000000e+00,6.6731620000e-04,3.0070243000e-03
0.0000000000e+00,6.5747224000e-04,3.0053125000e-03
0.0000000000e+00,6.4777350000e-04,3.0035935000e-03
0.0000000000e+00,6.3821784000e-04,3.0018676000e-03
0.0000000000e+00,6.2880316000e-04,3.0001346000e-03
0.0000000000e+00,6.1952730000e-04,2.9349460000e-03
0.0000000000e+00,6.1038829000e-04,2.9333103000e-03
0.0000000000e+00,6.0138415000e-04,2.9316682000e-03
0.0000000000e+00,5.9251278000e-04,2.9300193000e-03
0.0000000000e+00,5.8377226000e-04,2.9283643000e-03
0.0000000000e+00,5.7516072000e-04,2.9267024000e-03
0.0000000000e+00,5.6667620000e-04,2.8197020000e-03
0.0000000000e+00,5.5831682000e-04,2.5316922000e-03
0.0000000000e+00,5.5008079000e-04,2.2436758000e-03
0.0000000000e+00,5.4196623000e-04,2.1514879000e-03
0.0000000000e+00,5.3397135000e-04,2.1497952000e-03
0.0000000000e+00,5.2609446000e-04,2.1480967000e-03
0.0000000000e+00,5.1833375000e-04,2.1463924000e-03
0.0000000000e+00,5.1068753000e-04,2.1446825000e-03
0.0000000000e+00,5.0315406000e-04,2.2334680000e-03
0.0000000000e+00,4.9573177000e-04,2.5180825000e-03
0.0000000000e+00,4.8841897000e-04,2.8026910000e-03
0.0000000000e+00,4.8121400000e-04,2.9062908000e-03
0.0000000000e+00,4.7411534000e-04,2.9045532000e-03
0.0000000000e+00,4.6712140000e-04,2.9028098000e-03
0.0000000000e+00,4.6023063000e-04,2.9010614000e-03
0.0000000000e+00,4.5344152000e-04,2.8993080000e-03
0.0000000000e+00,4.4675253000e-04,2.8975492000e-03
0.0000000000e+00,4.4016223000e-04,2.8957853000e-03
0.0000000000e+00,4.3366916000e-04,2.8332141000e-03
0.0000000000e+00,4.2727188000e-04,2.8315464000e-03
0.0000000000e+00,4.2096892000e-04,2.8298735000e-03
0.0000000000e+00,4.1475898000e-04,2.8281955000e-03
0.0000000000e+00,4.0864063000e-04,2.8265130000e-03
0.0000000000e+00,4.0261255000e-04,2.8248257000e-03
0.0000000000e+00,3.9667339000e-04,2.6949686000e-03
8.1586550000e-05,3.9513208000e-04,2.3775043000e-03
1.1745211000e-04,3.9979917000e-04,2.0719634000e-03
1.8909161000e-05,4.2557076000e-04,2.0029359000e-03
1.2743720000e-04,4.7058190000e-04,2.0418237000e-03
1.0558049000e-04,4.9502269000e-04,2.0723443000e-03
1.0129411000e-04,4.9864489000e-04,2.0928110000e-03
6.5809700000e-06,5.1023712000e-04,2.1180676000e-03
2.2375447000e-08,5.1625515000e-04,2.2320796000e-03
0.0000000000e+00,5.0864078000e-04,2.5554397000e-03
5.5824858000e-05,5.0409598000e-04,2.8866422000e-03
0.0000000000e+00,4.9960363000e-04,3.0219133000e-03
1.3570269000e-04,4.9942738000e-04,3.0319449000e-03
1.6809821000e-04,5.9167936000e-04,3.0698499000e-03
4.9460923000e-05,6.7758001000e-04,3.1053396000e-03
1.4757780000e-04,6.7803089000e-04,3.1243002000e-03
1.7946700000e-04,7.7198341000e-04,3.1630187000e-03
1.0184388000e-06,8.5633289000e-04,3.1925004000e-03
0.0000000000e+00,8.4375450000e-04,3.1235924000e-03
0.0000000000e+00,8.3130779000e-04,3.1218571000e-03
3.8061949000e-05,8.2106784000e-04,3.1268224000e-03
0.0000000000e+00,8.1096886000e-04,3.1324439000e-03
0.0000000000e+00,7.9900579000e-04,3.1306678000e-03
0.0000000000e+00,7.8721927000e-04,3.1288837000e-03
0.0000000000e+00,7.7560649000e-04,2.9676436000e-03
0.0000000000e+00,7.6416513000e-04,2.6388890000e-03
2.2400935000e-05,7.5408351000e-04,2.3153711000e-03
0.0000000000e+00,7.4414472000e-04,2.2355968000e-03
0.0000000000e+00,7.3316746000e-04,2.2337611000e-03
0.0000000000e+00,7.2235207000e-04,2.2319178000e-03
0.0000000000e+00,7.1169622000e-04,2.2300675000e-03
0.0000000000e+00,7.0119760000e-04,2.2282102000e-03
0.0000000000e+00,6.9085381000e-04,2.3100993000e-03
0.0000000000e+00,6.8066263000e-04,2.6351828000e-03
0.0000000000e+00,6.7062175000e-04,2.9602600000e-03
0.0000000000e+00,6.6072901000e-04,3.1178233000e-03
0.0000000000e+00,6.5098226000e-04,3.1159318000e-03
0.0000000000e+00,6.4137921000e-04,3.1140337000e-03
0.0000000000e+00,6.3191785000e-04,3.1121292000e-03
9.4847252000e-05,6.2764110000e-04,3.1204047000e-03
0.0000000000e+00,6.2340242000e-04,3.1299039000e-03
0.0000000000e+00,6.1420631000e-04,3.1279579000e-03
0.0000000000e+00,6.0514576000e-04,3.0593227000e-03
0.0000000000e+00,5.9621892000e-04,3.0574847000e-03
0.0000000000e+00,5.8742374000e-04,3.0556403000e-03
0.0000000000e+00,5.7875837000e-04,3.0537900000e-03
0.0000000000e+00,5.7022076000e-04,3.0519341000e-03
0.0000000000e+00,5.6180917000e-04,3.0500719000e-03
0.0000000000e+00,5.5352156000e-04,2.8844434000e-03
0.0000000000e+00,5.4535625000e-04,2.5643064000e-03
0.0000000000e+00,5.3731137000e-04,2.2441638000e-03
0.0000000000e+00,5.2938517000e-04,2.1650284000e-03
0.0000000000e+00,5.2157592000e-04,2.1631382000e-03
0.0000000000e+00,5.1388185000e-04,2.1612430000e-03
0.0000000000e+00,5.0630129000e-04,2.1593422000e-03
0.0000000000e+00,4.9883261000e-04,2.1574362000e-03
0.0000000000e+00,4.9147406000e-04,2.2327765000e-03
0.0000000000e+00,4.8422403000e-04,2.5491240000e-03
0.0000000000e+00,4.7708096000e-04,2.8654658000e-03
0.0000000000e+00,4.7004331000e-04,3.0273006000e-03
0.0000000000e+00,4.6310943000e-04,3.0253697000e-03
0.0000000000e+00,4.5627783000e-04,3.0234337000e-03
0.0000000000e+00,4.4954705000e-04,3.0214931000e-03
0.0000000000e+00,4.4291551000e-04,3.0195480000e-03
0.0000000000e+00,4.3638182000e-04,3.0175981000e-03
0.0000000000e+00,4.2994448000e-04,3.0156435000e-03
0.0000000000e+00,4.2360212000e-04,2.9498562000e-03
0.0000000000e+00,4.1735332000e-04,2.9480066000e-03
0.0000000000e+00,4.1119670000e-04,2.9461531000e-03
0.0000000000e+00,4.0513091000e-04,2.9442948000e-03
0.0000000000e+00,3.9915458000e-04,2.9424324000e-03
0.0000000000e+00,3.9326644000e-04,2.9405656000e-03
0.0000000000e+00,3.8746514000e-04,2.7558799000e-03
0.0000000000e+00,3.8174941000e-04,2.4163914000e-03
0.0000000000e+00,3.7611803000e-04,2.0768989000e-03
0.0000000000e+00,3.7056967000e-04,1.9976161000e-03
0.0000000000e+00,3.6510322000e-04,1.9957286000e-03
0.0000000000e+00,3.5971738000e-04,1.9938373000e-03
0.0000000000e+00,3.5441096000e-04,1.9919423000e-03
0.0000000000e+00,3.4918284000e-04,1.9900431000e-03
0.0000000000e+00,3.4403184000e-04,2.0655396000e-03
0.0000000000e+00,3.3895683000e-04,2.4012458000e-03
0.0000000000e+00,3.3395668000e-04,2.7369489000e-03
0.0000000000e+00,3.2903030000e-04,2.9178495000e-03
0.0000000000e+00,3.2417657000e-04,2.9159319000e-03
0.0000000000e+00,3.1939446000e-04,2.9140108000e-03
0.0000000000e+00,3.1468287000e-04,2.9120862000e-03
0.0000000000e+00,3.1004081000e-04,2.9101581000e-03
0.0000000000e+00,3.0546723000e-04,2.9082266000e-03
0.0000000000e+00,3.0096111000e-04,2.9062917000e-03
0.0000000000e+00,2.9652147000e-04,2.8432980000e-03
0.0000000000e+00,2.9214731000e-04,2.8414647000e-03
0.0000000000e+00,2.8783770000e-04,2.8396284000e-03
0.0000000000e+00,2.8359162000e-04,2.8377885000e-03
0.0000000000e+00,2.7940821000e-04,2.8359457000e-03
0.0000000000e+00,2.7528650000e-04,2.8340996000e-03
0.0000000000e+00,2.7122561000e-04,2.6492802000e-03
0.0000000000e+00,2.6722459000e-04,2.3255856000e-03
0.0000000000e+00,2.6328262000e-04,2.0018877000e-03
0.0000000000e+00,2.5939877000e-04,1.9305932000e-03
0.0000000000e+00,2.5557223000e-04,1.9287319000e-03
0.0000000000e+00,2.5180215000e-04,1.9268676000e-03
0.0000000000e+00,2.4808769000e-04,1.9250006000e-03
0.0000000000e+00,2.4442800000e-04,1.9231305000e-03
0.0000000000e+00,2.4082231000e-04,1.9906936000e-03
0.0000000000e+00,2.3726981000e-04,2.3106607000e-03
0.0000000000e+00,2.3376972000e-04,2.6306247000e-03
0.0000000000e+00,2.3032125000e-04,2.8117136000e-03
0.0000000000e+00,2.2692364000e-04,2.8098300000e-03
0.0000000000e+00,2.2357618000e-04,2.8079438000e-03
0.0000000000e+00,2.2027807000e-04,2.8060549000e-03
0.0000000000e+00,2.1702862000e-04,2.8041636000e-03
0.0000000000e+00,2.1382711000e-04,2.8022698000e-03
0.0000000000e+00,2.1067282000e-04,2.8003736000e-03
0.0000000000e+00,2.0756507000e-04,2.7400979000e-03
0.0000000000e+00,2.0450316000e-04,2.7382991000e-03
0.0000000000e+00,2.0148641000e-04,2.7364979000e-03
0.0000000000e+00,1.9851419000e-04,2.7346942000e-03
0.0000000000e+00,1.9558579000e-04,2.7328879000e-03
0.0000000000e+00,1.9270058000e-04,2.7310795000e-03
0.0000000000e+00,1.8985794000e-04,2.5337045000e-03
0.0000000000e+00,1.8705725000e-04,2.2035397000e-03
0.0000000000e+00,1.8429785000e-04,1.8733726000e-03
0.0000000000e+00,1.8157918000e-04,1.8051614000e-03
0.0000000000e+00,1.7890061000e-04,1.8033416000e-03
0.0000000000e+00,1.7626154000e-04,1.8015197000e-03
0.0000000000e+00,1.7366141000e-04,1.7996954000e-03
0.0000000000e+00,1.7109963000e-04,1.7978691000e-03
0.0000000000e+00,1.6857563000e-04,1.8624347000e-03
0.0000000000e+00,1.6608888000e-04,2.1889561000e-03
0.0000000000e+00,1.6363880000e-04,2.5154757000e-03
0.0000000000e+00,1.6122486000e-04,2.7092057000e-03
0.0000000000e+00,1.5884654000e-04,2.7073694000e-03
0.0000000000e+00,1.5650332000e-04,2.7055312000e-03
0.0000000000e+00,1.5419464000e-04,2.7036911000e-03
0.0000000000e+00,1.5192003000e-04,2.7018492000e-03
0.0000000000e+00,1.4967898000e-04,2.7000054000e-03
0.0000000000e+00,1.4747097000e-04,2.6981598000e-03
0.0000000000e+00,1.4529553000e-04,2.6405146000e-03
0.0000000000e+00,1.4315220000e-04,2.6387621000e-03
0.0000000000e+00,1.4104048000e-04,2.6370077000e-03
0.0000000000e+00,1.3895992000e-04,2.6352515000e-03
0.0000000000e+00,1.3691004000e-04,2.6334936000e-03
0.0000000000e+00,1.3489040000e-04,2.6317339000e-03
0.0000000000e+00,1.3290056000e-04,2.4160596000e-03
0.0000000000e+00,1.3094007000e-04,2.0707941000e-03
0.0000000000e+00,1.2900849000e-04,1.7255270000e-03
0.0000000000e+00,1.2710542000e-04,1.6589657000e-03
0.0000000000e+00,1.2523042000e-04,1.6571976000e-03
0.0000000000e+00,1.2338307000e-04,1.6554283000e-03
0.0000000000e+00,1.2156297000e-04,1.6536569000e-03
0.0000000000e+00,1.1976973000e-04,1.6518844000e-03
0.0000000000e+00,1.1800294000e-04,1.7149050000e-03
0.0000000000e+00,1.1626221000e-04,2.0566315000e-03
0.0000000000e+00,1.1454715000e-04,2.3983568000e-03
0.0000000000e+00,1.1285741000e-04,2.6104911000e-03
0.0000000000e+00,1.1119259000e-04,2.6087109000e-03
0.0000000000e+00,1.0955232000e-04,2.6069293000e-03
0.0000000000e+00,1.0793625000e-04,2.6051465000e-03
0.0000000000e+00,1.0634402000e-04,2.6033621000e-03
0.0000000000e+00,1.0477528000e-04,2.6015767000e-03
0.0000000000e+00,1.0322969000e-04,2.5997898000e-03
0.0000000000e+00,1.0170689000e-04,2.5446794000e-03
0.0000000000e+00,1.0020655000e-04,2.5429812000e-03
0.0000000000e+00,9.8728342000e-05,2.5412813000e-03
0.0000000000e+00,9.7271943000e-05,2.5395800000e-03
0.0000000000e+00,9.5837029000e-05,2.5378775000e-03
0.0000000000e+00,9.4423282000e-05,2.5361739000e-03
0.0000000000e+00,9.3030394000e-05,2.2617551000e-03
0.0000000000e+00,9.1658054000e-05,1.8404543000e-03
0.0000000000e+00,9.0305955000e-05,1.4191522000e-03
0.0000000000e+00,8.8973793000e-05,1.3439946000e-03
0.0000000000e+00,8.7661290000e-05,1.3422575000e-03
0.0000000000e+00,8.6368149000e-05,1.3405005000e-03
0.0000000000e+00,8.5094085000e-05,1.3387243000e-03
0.0000000000e+00,8.3838815000e-05,1.3369296000e-03
0.0000000000e+00,8.2602062000e-05,1.4085571000e-03
0.0000000000e+00,8.1383550000e-05,1.8263222000e-03
0.0000000000e+00,8.0183017000e-05,2.2440741000e-03
0.0000000000e+00,7.9000187000e-05,2.5149388000e-03
0.0000000000e+00,7.7834811000e-05,2.5130876000e-03
0.0000000000e+00,7.6686621000e-05,2.5112364000e-03
0.0000000000e+00,7.5555377000e-05,2.5093851000e-03
0.0000000000e+00,7.4440817000e-05,2.5075336000e-03
0.0000000000e+00,7.3342700000e-05,2.5056824000e-03
0.0000000000e+00,7.2260780000e-05,2.5038312000e-03
0.0000000000e+00,7.1194823000e-05,2.4510699000e-03
0.0000000000e+00,7.0144582000e-05,2.4493057000e-03
0.0000000000e+00,6.9109847000e-05,2.4475416000e-03
0.0000000000e+00,6.8090369000e-05,2.4457772000e-03
0.0000000000e+00,6.7085930000e-05,2.4440128000e-03
0.0000000000e+00,6.6096305000e-05,2.4422482000e-03
0.0000000000e+00,6.5121276000e-05,2.1651436000e-03
0.0000000000e+00,6.4160638000e-05,1.7567959000e-03
0.0000000000e+00,6.3214167000e-05,1.3484483000e-03
2.3741020000e-05,9.1700022000e-05,1.3005657000e-03
1.1984623000e-04,1.4044384000e-04,1.3382249000e-03
2.1815522000e-08,1.5909395000e-04,1.3562641000e-03
0.0000000000e+00,1.5674821000e-04,1.3546476000e-03
0.0000000000e+00,1.5443593000e-04,1.3528378000e-03
0.0000000000e+00,1.5215777000e-04,1.4166493000e-03
0.0000000000e+00,1.4991320000e-04,1.8214223000e-03
0.0000000000e+00,1.4770175000e-04,2.2261951000e-03
0.0000000000e+00,1.4552291000e-04,2.4997245000e-03
0.0000000000e+00,1.4337622000e-04,2.4979138000e-03
0.0000000000e+00,1.4126119000e-04,2.4961026000e-03
7.9355792000e-05,1.4341167000e-04,2.5035506000e-03
0.0000000000e+00,1.4550948000e-04,2.5121798000e-03
0.0000000000e+00,1.4336297000e-04,2.5103472000e-03
0.0000000000e+00,1.4124814000e-04,2.5085143000e-03
0.0000000000e+00,1.3916451000e-04,2.4556699000e-03
0.0000000000e+00,1.3711161000e-04,2.4539239000e-03
0.0000000000e+00,1.3508901000e-04,2.4521777000e-03
0.0000000000e+00,1.3309623000e-04,2.4504312000e-03
0.0000000000e+00,1.3113285000e-04,2.4486845000e-03
0.0000000000e+00,1.2919844000e-04,2.4469376000e-03
0.0000000000e+00,1.2729254000e-04,2.1618383000e-03
0.0000000000e+00,1.2541479000e-04,1.7578949000e-03
0.0000000000e+00,1.2356472000e-04,1.3539511000e-03
0.0000000000e+00,1.2174194000e-04,1.2927817000e-03
0.0000000000e+00,1.1994607000e-04,1.2910338000e-03
0.0000000000e+00,1.1817667000e-04,1.2892862000e-03
0.0000000000e+00,1.1643339000e-04,1.2875381000e-03
0.0000000000e+00,1.1471581000e-04,1.2857900000e-03
0.0000000000e+00,1.1302358000e-04,1.3434639000e-03
0.0000000000e+00,1.1135630000e-04,1.7439120000e-03
0.0000000000e+00,1.0971362000e-04,2.1443598000e-03
0.0000000000e+00,1.0809517000e-04,2.4259638000e-03
0.0000000000e+00,1.0650059000e-04,2.4242152000e-03
0.0000000000e+00,1.0492955000e-04,2.4224666000e-03
0.0000000000e+00,1.0338167000e-04,2.4207181000e-03
0.0000000000e+00,1.0185663000e-04,2.4189695000e-03
0.0000000000e+00,1.0035410000e-04,2.4172210000e-03
0.0000000000e+00,9.8873708000e-05,2.4154724000e-03
0.0000000000e+00,9.7415163000e-05,2.3650408000e-03
0.0000000000e+00,9.5978146000e-05,2.3633735000e-03
0.0000000000e+00,9.4562318000e-05,2.3617065000e-03
0.0000000000e+00,9.3167379000e-05,2.3600394000e-03
0.0000000000e+00,9.1793016000e-05,2.3583721000e-03
0.0000000000e+00,9.0438924000e-05,2.3567046000e-03
0.0000000000e+00,8.9104804000e-05,2.0487304000e-03
0.0000000000e+00,8.7790373000e-05,1.6285335000e-03
0.0000000000e+00,8.6495325000e-05,1.2083362000e-03
0.0000000000e+00,8.5219392000e-05,1.1505574000e-03
0.0000000000e+00,8.3962273000e-05,1.1488899000e-03
0.0000000000e+00,8.2723695000e-05,1.1472226000e-03
0.0000000000e+00,8.1503385000e-05,1.1455551000e-03
0.0000000000e+00,8.0301084000e-05,1.1438875000e-03
0.0000000000e+00,7.9116522000e-05,1.1983315000e-03
0.0000000000e+00,7.7949429000e-05,1.6151939000e-03
0.0000000000e+00,7.6799552000e-05,2.0320560000e-03
0.0000000000e+00,7.5666641000e-05,2.3366956000e-03
0.0000000000e+00,7.4550437000e-05,2.3350280000e-03
0.0000000000e+00,7.3450698000e-05,2.3333607000e-03
0.0000000000e+00,7.2367184000e-05,2.3316932000e-03
0.0000000000e+00,7.1299663000e-05,2.3300259000e-03
0.0000000000e+00,7.0247879000e-05,2.3283588000e-03
0.0000000000e+00,6.9211608000e-05,2.3266918000e-03
0.0000000000e+00,6.8190631000e-05,2.2785580000e-03
0.0000000000e+00,6.7184716000e-05,2.2769675000e-03
0.0000000000e+00,6.6193636000e-05,2.2753775000e-03
0.0000000000e+00,6.5217173000e-05,2.2737873000e-03
0.0000000000e+00,6.4255117000e-05,2.2721970000e-03
0.0000000000e+00,6.3307249000e-05,2.2706070000e-03
0.0000000000e+00,6.2373372000e-05,1.9001585000e-03
0.0000000000e+00,6.1453262000e-05,1.4127526000e-03
0.0000000000e+00,6.0546732000e-05,9.2534663000e-04
0.0000000000e+00,5.9653572000e-05,8.6527795000e-04
0.0000000000e+00,5.8773589000e-05,8.6368795000e-04
0.0000000000e+00,5.7906589000e-05,8.6209818000e-04
0.0000000000e+00,5.7052373000e-05,8.6050841000e-04
0.0000000000e+00,5.6210763000e-05,8.5891888000e-04
0.0000000000e+00,5.5381566000e-05,9.1580802000e-04
0.0000000000e+00,5.4564603000e-05,1.4000344000e-03
0.0000000000e+00,5.3759690000e-05,1.8842610000e-03
0.0000000000e+00,5.2966650000e-05,2.2515305000e-03
0.0000000000e+00,5.2185307000e-05,2.2499415000e-03
0.0000000000e+00,5.1415493000e-05,2.2483524000e-03
0.0000000000e+00,5.0657036000e-05,2.2467636000e-03
0.0000000000e+00,4.9909766000e-05,2.2451750000e-03
0.0000000000e+00,4.9173515000e-05,2.2435861000e-03
0.0000000000e+00,4.8448128000e-05,2.2419975000e-03
0.0000000000e+00,4.7733443000e-05,2.1960505000e-03
0.0000000000e+00,4.7029298000e-05,2.1945343000e-03
0.0000000000e+00,4.6335543000e-05,2.1930183000e-03
0.0000000000e+00,4.5652021000e-05,2.1915026000e-03
0.0000000000e+00,4.4978580000e-05,2.1899869000e-03
0.0000000000e+00,4.4315075000e-05,2.1884709000e-03
0.0000000000e+00,4.3661355000e-05,1.7718228000e-03
0.0000000000e+00,4.3017284000e-05,1.2426074000e-03
0.0000000000e+00,4.2382711000e-05,7.1339181000e-04
0.0000000000e+00,4.1757499000e-05,6.5558450000e-04
0.0000000000e+00,4.1141513000e-05,6.5404549000e-04
0.0000000000e+00,4.0534611000e-05,6.5249158000e-04
0.0000000000e+00,3.9936662000e-05,6.5092347000e-04
0.0000000000e+00,3.9347531000e-05,6.4934185000e-04
0.0000000000e+00,3.8767095000e-05,7.0403086000e-04
0.0000000000e+00,3.8195223000e-05,1.2301239000e-03
0.0000000000e+00,3.7631784000e-05,1.7562080000e-03
0.0000000000e+00,3.7076657000e-05,2.1697199000e-03
0.0000000000e+00,3.6529716000e-05,2.1680987000e-03
0.0000000000e+00,3.5990844000e-05,2.1664780000e-03
0.0000000000e+00,3.5459925000e-05,2.1648579000e-03
0.0000000000e+00,3.4936838000e-05,2.1632388000e-03
0.0000000000e+00,3.4421464000e-05,2.1616207000e-03
0.0000000000e+00,3.3913693000e-05,2.1600029000e-03
0.0000000000e+00,3.3413413000e-05,2.1160650000e-03
0.0000000000e+00,3.2920510000e-05,2.1145176000e-03
0.0000000000e+00,3.2434880000e-05,2.1129712000e-03
0.0000000000e+00,3.1956413000e-05,2.1114249000e-03
0.0000000000e+00,3.1485004000e-05,2.1098799000e-03
0.0000000000e+00,3.1020554000e-05,2.1083353000e-03
0.0000000000e+00,3.0562951000e-05,1.7472124000e-03
0.0000000000e+00,3.0112100000e-05,1.3040033000e-03
1.0621781000e-04,3.5337798000e-05,8.7110989000e-04
6.2327599000e-05,4.3786644000e-05,8.4828457000e-04
9.6459271000e-06,6.3699219000e-05,8.7186706000e-04
1.7279762000e-04,8.9156303000e-05,9.0088311000e-04
7.7810491000e-06,9.7446871000e-05,9.1662572000e-04
0.0000000000e+00,9.6423362000e-05,9.1849815000e-04
0.0000000000e+00,9.5000963000e-05,9.5790334000e-04
0.0000000000e+00,9.3599556000e-05,1.3979314000e-03
0.0000000000e+00,9.2218812000e-05,1.8379602000e-03
0.0000000000e+00,9.0858441000e-05,2.1959026000e-03
0.0000000000e+00,8.9518137000e-05,2.1942670000e-03
0.0000000000e+00,8.8197601000e-05,2.1926318000e-03
0.0000000000e+00,8.6896544000e-05,2.1909976000e-03
4.0008064000e-05,8.7754248000e-05,2.1961136000e-03
0.0000000000e+00,8.8588698000e-05,2.2020824000e-03
2.6158295000e-05,8.8681118000e-05,2.2059944000e-03
0.0000000000e+00,8.8765257000e-05,2.1670312000e-03
9.1604139000e-05,9.2356851000e-05,2.1752042000e-03
0.0000000000e+00,9.5871226000e-05,2.1844388000e-03
0.0000000000e+00,9.4456969000e-05,2.1828299000e-03
0.0000000000e+00,9.3063580000e-05,2.1812220000e-03
0.0000000000e+00,9.1690745000e-05,2.1796145000e-03
0.0000000000e+00,9.0338166000e-05,1.8745668000e-03
0.0000000000e+00,8.9005531000e-05,1.5124204000e-03
0.0000000000e+00,8.7692562000e-05,1.1502746000e-03
0.0000000000e+00,8.6398963000e-05,1.1201205000e-03
0.0000000000e+00,8.5124440000e-05,1.1185168000e-03
0.0000000000e+00,8.3868727000e-05,1.1169135000e-03
0.0000000000e+00,8.2631530000e-05,1.1153112000e-03
0.0000000000e+00,8.1412581000e-05,1.1137093000e-03
0.0000000000e+00,8.0211619000e-05,1.1406580000e-03
0.0000000000e+00,7.9028374000e-05,1.4995979000e-03
0.0000000000e+00,7.7862584000e-05,1.8585387000e-03
0.0000000000e+00,7.6713986000e-05,2.1603808000e-03
0.0000000000e+00,7.5582335000e-05,2.1587827000e-03
0.0000000000e+00,7.4467374000e-05,2.1571852000e-03
0.0000000000e+00,7.3368865000e-05,2.1555885000e-03
0.0000000000e+00,7.2286566000e-05,2.1539924000e-03
0.0000000000e+00,7.1220224000e-05,2.1523971000e-03
0.0000000000e+00,7.0169619000e-05,2.1508024000e-03
0.0000000000e+00,6.9134505000e-05,2.1071541000e-03
0.0000000000e+00,6.8114663000e-05,2.1056291000e-03
0.0000000000e+00,6.7109868000e-05,2.1041043000e-03
0.0000000000e+00,6.6119894000e-05,2.1025804000e-03
0.0000000000e+00,6.5144523000e-05,2.1010570000e-03
0.0000000000e+00,6.4183536000e-05,2.0995343000e-03
0.0000000000e+00,6.3236730000e-05,1.7913888000e-03
0.0000000000e+00,6.2303887000e-05,1.4370775000e-03
0.0000000000e+00,6.1384802000e-05,1.0827667000e-03
0.0000000000e+00,6.0479280000e-05,1.0581632000e-03
0.0000000000e+00,5.9587121000e-05,1.0566438000e-03
0.0000000000e+00,5.8708119000e-05,1.0551250000e-03
0.0000000000e+00,5.7842080000e-05,1.0536072000e-03
0.0000000000e+00,5.6988818000e-05,1.0520899000e-03
0.0000000000e+00,5.6148143000e-05,1.0736565000e-03
0.0000000000e+00,5.5319870000e-05,1.4249305000e-03
0.0000000000e+00,5.4503817000e-05,1.7762055000e-03
0.0000000000e+00,5.3699801000e-05,2.0813143000e-03
0.0000000000e+00,5.2907642000e-05,2.0798002000e-03
0.0000000000e+00,5.2127172000e-05,2.0782868000e-03
1.7810446000e-04,1.4653539000e-04,2.0983394000e-03
2.7763017000e-04,2.5395298000e-04,2.1358789000e-03
0.0000000000e+00,2.6500615000e-04,2.1508653000e-03
2.8019878000e-05,2.6259874000e-04,2.1548644000e-03
0.0000000000e+00,2.6021941000e-04,2.1172627000e-03
0.0000000000e+00,2.5638076000e-04,2.1158156000e-03
2.1245693000e-05,2.5373776000e-04,2.1192075000e-03
0.0000000000e+00,2.5112811000e-04,2.1231037000e-03
0.0000000000e+00,2.4742360000e-04,2.1216457000e-03
0.0000000000e+00,2.4377368000e-04,2.1201880000e-03
0.0000000000e+00,2.4017764000e-04,1.7655120000e-03
0.0000000000e+00,2.3663466000e-04,1.3701308000e-03
0.0000000000e+00,2.3314393000e-04,9.7474991000e-04
0.0000000000e+00,2.2970470000e-04,9.5294055000e-04
0.0000000000e+00,2.2631619000e-04,9.5148396000e-04
0.0000000000e+00,2.2297767000e-04,9.5002784000e-04
0.0000000000e+00,2.1968840000e-04,9.4857195000e-04
0.0000000000e+00,2.1644765000e-04,9.4711606000e-04
0.0000000000e+00,2.1325471000e-04,9.6601318000e-04
0.0000000000e+00,2.1010886000e-04,1.3584818000e-03
0.0000000000e+00,2.0700942000e-04,1.7509508000e-03
0.0000000000e+00,2.0395570000e-04,2.1027145000e-03
0.0000000000e+00,2.0094703000e-04,2.1012600000e-03
0.0000000000e+00,1.9798275000e-04,2.0998055000e-03
0.0000000000e+00,1.9506220000e-04,2.0983515000e-03
0.0000000000e+00,1.9218473000e-04,2.0968977000e-03
0.0000000000e+00,1.8934970000e-04,2.0954444000e-03
0.0000000000e+00,1.8655648000e-04,2.0939910000e-03
0.0000000000e+00,1.8380450000e-04,2.0519164000e-03
0.0000000000e+00,1.8109308000e-04,2.0505276000e-03
0.0000000000e+00,1.7842169000e-04,2.0491390000e-03
0.0000000000e+00,1.7578968000e-04,2.0477504000e-03
0.0000000000e+00,1.7319650000e-04,2.0463620000e-03
0.0000000000e+00,1.7064158000e-04,2.0449741000e-03
0.0000000000e+00,1.6812436000e-04,1.7017496000e-03
0.0000000000e+00,1.6564426000e-04,1.3304934000e-03
0.0000000000e+00,1.6320075000e-04,9.5923746000e-04
0.0000000000e+00,1.6079328000e-04,9.4383443000e-04
0.0000000000e+00,1.5842135000e-04,9.4244769000e-04
0.0000000000e+00,1.5608437000e-04,9.4106118000e-04
0.0000000000e+00,1.5378189000e-04,9.3967491000e-04
0.0000000000e+00,1.5151336000e-04,9.3828887000e-04
0.0000000000e+00,1.4927830000e-04,9.5091911000e-04
0.0000000000e+00,1.4707622000e-04,1.3194025000e-03
0.0000000000e+00,1.4490662000e-04,1.6878860000e-03
0.0000000000e+00,1.4276901000e-04,2.0283377000e-03
0.0000000000e+00,1.4066295000e-04,2.0269530000e-03
0.0000000000e+00,1.3858794000e-04,2.0255686000e-03
0.0000000000e+00,1.3654355000e-04,2.0241847000e-03
0.0000000000e+00,1.3452931000e-04,2.0228007000e-03
0.0000000000e+00,1.3254480000e-04,2.0214173000e-03
0.0000000000e+00,1.3058954000e-04,2.0200340000e-03
0.0000000000e+00,1.2866316000e-04,1.9798542000e-03
0.0000000000e+00,1.2676517000e-04,1.9785315000e-03
0.0000000000e+00,1.2489519000e-04,1.9772090000e-03
0.0000000000e+00,1.2305279000e-04,1.9758868000e-03
0.0000000000e+00,1.2123756000e-04,1.9745647000e-03
0.0000000000e+00,1.1944912000e-04,1.9732430000e-03
0.0000000000e+00,1.1768705000e-04,1.6291051000e-03
0.0000000000e+00,1.1595097000e-04,1.2675938000e-03
0.0000000000e+00,1.1424052000e-04,9.0608257000e-04
0.0000000000e+00,1.1255528000e-04,8.9607504000e-04
0.0000000000e+00,1.1089491000e-04,8.9475466000e-04
0.0000000000e+00,1.0925904000e-04,8.9343451000e-04
0.0000000000e+00,1.0764730000e-04,8.9211459000e-04
0.0000000000e+00,1.0605933000e-04,8.9079514000e-04
0.0000000000e+00,1.0449479000e-04,8.9816283000e-04
0.0000000000e+00,1.0295332000e-04,1.2570340000e-03
0.0000000000e+00,1.0143460000e-04,1.6159054000e-03
0.0000000000e+00,9.9938276000e-05,1.9574035000e-03
0.0000000000e+00,9.8464028000e-05,1.9560854000e-03
0.0000000000e+00,9.7011529000e-05,1.9547676000e-03
0.0000000000e+00,9.5580457000e-05,1.9534500000e-03
0.0000000000e+00,9.4170500000e-05,1.9521328000e-03
0.0000000000e+00,9.2781331000e-05,1.9508159000e-03
0.0000000000e+00,9.1412665000e-05,1.9494994000e-03
0.0000000000e+00,9.0064183000e-05,1.9111210000e-03
0.0000000000e+00,8.8735600000e-05,1.9098612000e-03
0.0000000000e+00,8.7426612000e-05,1.9086018000e-03
0.0000000000e+00,8.6136934000e-05,1.9073426000e-03
0.0000000000e+00,8.4866275000e-05,1.9060835000e-03
0.0000000000e+00,8.3614366000e-05,1.9048250000e-03
0.0000000000e+00,8.2380924000e-05,1.5231876000e-03
0.0000000000e+00,8.1165672000e-05,1.1335207000e-03
0.0000000000e+00,7.9968355000e-05,7.4385421000e-04
0.0000000000e+00,7.8788689000e-05,7.3858188000e-04
0.0000000000e+00,7.7626435000e-05,7.3732471000e-04
0.0000000000e+00,7.6481323000e-05,7.3606765000e-04
0.0000000000e+00,7.5353106000e-05,7.3481107000e-04
0.0000000000e+00,7.4241529000e-05,7.3355471000e-04
0.0000000000e+00,7.3146351000e-05,7.3631352000e-04
0.0000000000e+00,7.2067327000e-05,1.1234663000e-03
0.0000000000e+00,7.1004222000e-05,1.5106197000e-03
0.0000000000e+00,6.9956797000e-05,1.8897435000e-03
0.0000000000e+00,6.8924826000e-05,1.8884887000e-03
0.0000000000e+00,6.7908077000e-05,1.8872340000e-03
0.0000000000e+00,6.6906330000e-05,1.8859797000e-03
0.0000000000e+00,6.5919361000e-05,1.8847258000e-03
0.0000000000e+00,6.4946944000e-05,1.8834721000e-03
0.0000000000e+00,6.3988875000e-05,1.8822188000e-03
0.0000000000e+00,6.3044943000e-05,1.8455533000e-03
0.0000000000e+00,6.2114930000e-05,1.8443534000e-03
0.0000000000e+00,6.1198632000e-05,1.8431537000e-03
0.0000000000e+00,6.0295861000e-05,1.8419544000e-03
0.0000000000e+00,5.9406404000e-05,1.8407553000e-03
0.0000000000e+00,5.8530066000e-05,1.8368016000e-03
0.0000000000e+00,5.7666661000e-05,1.4358404000e-03
0.0000000000e+00,5.6815989000e-05,1.0348794000e-03
0.0000000000e+00,5.5977860000e-05,6.3529599000e-04
0.0000000000e+00,5.5152101000e-05,6.3409843000e-04
0.0000000000e+00,5.4338521000e-05,6.3290098000e-04
0.0000000000e+00,5.3536944000e-05,6.3170400000e-04
0.0000000000e+00,5.2747193000e-05,6.3050713000e-04
0.0000000000e+00,5.1969088000e-05,6.2931073000e-04
0.0000000000e+00,5.1202464000e-05,6.2811456000e-04
0.0000000000e+00,5.0447146000e-05,1.0253042000e-03
0.0000000000e+00,4.9702969000e-05,1.4238714000e-03
0.0000000000e+00,4.8969770000e-05,1.8224381000e-03
0.0000000000e+00,4.8247388000e-05,1.8239960000e-03
0.0000000000e+00,4.7535665000e-05,1.8227992000e-03
0.0000000000e+00,4.6834441000e-05,1.8216029000e-03
0.0000000000e+00,4.6143559000e-05,1.8204068000e-03
0.0000000000e+00,4.5462868000e-05,1.8192109000e-03
0.0000000000e+00,4.4792218000e-05,1.8180156000e-03
0.0000000000e+00,4.4131462000e-05,1.7829777000e-03
0.0000000000e+00,4.3480457000e-05,1.7818327000e-03
0.0000000000e+00,4.2839052000e-05,1.7806879000e-03
0.0000000000e+00,4.2207110000e-05,1.7795435000e-03
0.0000000000e+00,4.1584488000e-05,1.7783993000e-03
0.0000000000e+00,4.0971052000e-05,1.7643959000e-03
0.0000000000e+00,4.0366667000e-05,1.3900273000e-03
0.0000000000e+00,3.9771192000e-05,1.0156576000e-03
0.0000000000e+00,3.9184506000e-05,6.4771390000e-04
0.0000000000e+00,3.8606471000e-05,6.4655906000e-04
0.0000000000e+00,3.8036964000e-05,6.4539688000e-04
0.0000000000e+00,3.7475857000e-05,6.4422749000e-04
0.0000000000e+00,3.6923029000e-05,6.4305484000e-04
0.0000000000e+00,3.6378358000e-05,6.4188254000e-04
0.0000000000e+00,3.5841720000e-05,6.4071070000e-04
0.0000000000e+00,3.5312998000e-05,1.0063346000e-03
0.0000000000e+00,3.4792076000e-05,1.3783886000e-03
0.0000000000e+00,3.4278837000e-05,1.7504431000e-03
0.0000000000e+00,3.3773173000e-05,1.7621327000e-03
8.3495379000e-06,4.9164268000e-05,1.7750282000e-03
3.0549284000e-04,1.7283918000e-04,1.8096500000e-03
1.3298409000e-04,2.8548448000e-04,1.8411726000e-03
0.0000000000e+00,2.8838057000e-04,1.8513987000e-03
0.0000000000e+00,2.8412652000e-04,1.8502360000e-03
2.1310298000e-05,2.8108028000e-04,1.8188426000e-03
6.4087126000e-06,2.9166613000e-04,1.8359566000e-03
6.5036627000e-05,3.3937642000e-04,1.8680643000e-03
3.9789386000e-04,4.7353146000e-04,1.9083248000e-03
1.4286301000e-04,5.7460403000e-04,1.9408164000e-03
7.8338853000e-05,6.3398160000e-04,1.9496371000e-03
5.2598421000e-04,7.4878905000e-04,1.6356751000e-03
1.2378416000e-04,8.0836046000e-04,1.3111790000e-03
6.2600893000e-06,8.1653806000e-04,9.8891312000e-04
1.3755249000e-05,8.1862684000e-04,1.0059684000e-03
0.0000000000e+00,8.0728979000e-04,1.0088565000e-03
0.0000000000e+00,7.9538097000e-04,1.0077356000e-03
0.0000000000e+00,7.8364788000e-04,1.0066129000e-03
0.0000000000e+00,7.7208783000e-04,1.0054883000e-03
0.0000000000e+00,7.6069834000e-04,1.0043619000e-03
0.0000000000e+00,7.4947689000e-04,1.3484301000e-03
0.0000000000e+00,7.3842093000e-04,1.7035424000e-03
5.7827190000e-05,7.7801151000e-04,2.0786971000e-03
2.6145028000e-07,8.1678247000e-04,2.1225077000e-03
0.0000000000e+00,8.0474775000e-04,2.1219561000e-03
1.3459165000e-04,8.0014911000e-04,2.1311073000e-03
0.0000000000e+00,7.9558243000e-04,2.1413807000e-03
0.0000000000e+00,7.8384631000e-04,2.1402298000e-03
2.4626509000e-04,8.8868075000e-04,2.1609890000e-03
1.9288110000e-03,1.1435992000e-03,2.1631012000e-03
8.5106352000e-04,1.4120090000e-03,2.2087297000e-03
5.4227035000e-05,1.5272817000e-03,2.2390196000e-03
3.9934646000e-05,1.5098391000e-03,2.2512611000e-03
1.9635288000e-03,1.7747309000e-03,2.2794001000e-03
2.7492686000e-04,2.0470638000e-03,2.2854335000e-03
0.0000000000e+00,2.0317046000e-03,1.9520118000e-03
0.0000000000e+00,2.0017338000e-03,1.6044731000e-03
0.0000000000e+00,1.9722052000e-03,1.2724658000e-03
0.0000000000e+00,1.9431121000e-03,1.2720039000e-03
0.0000000000e+00,1.9144481000e-03,1.2715301000e-03
0.0000000000e+00,1.8862071000e-03,1.2710439000e-03
0.0000000000e+00,1.8583827000e-03,1.2705466000e-03
0.0000000000e+00,1.8309687000e-03,1.2700374000e-03
0.0000000000e+00,1.8039590000e-03,1.2695170000e-03
0.0000000000e+00,1.7773478000e-03,1.6005427000e-03
1.2861587000e-04,1.7581099000e-03,1.9566149000e-03
3.1377691000e-05,1.7744894000e-03,2.3315086000e-03
2.4913219000e-04,1.8445327000e-03,2.4026935000e-03
4.5109083000e-04,1.9411487000e-03,2.4464217000e-03
3.3623111000e-04,2.0391564000e-03,2.4905868000e-03
1.4711176000e-04,2.0835833000e-03,2.5252618000e-03
1.3740136000e-09,2.0637626000e-03,2.5375844000e-03
1.8517411000e-04,2.0434035000e-03,2.5483596000e-03
1.2768320000e-05,2.0440873000e-03,2.5228909000e-03
1.9276286000e-04,2.0451304000e-03,2.5503305000e-03
0.0000000000e+00,2.0254164000e-03,2.5622980000e-03
0.0000000000e+00,1.9955384000e-03,2.5617206000e-03
0.0000000000e+00,1.9661011000e-03,2.5611292000e-03
0.0000000000e+00,1.9370980000e-03,2.5205612000e-03
0.0000000000e+00,1.9085228000e-03,2.1786727000e-03
0.0000000000e+00,1.8803690000e-03,1.8367709000e-03
0.0000000000e+00,1.8526308000e-03,1.5148374000e-03
2.2941094000e-06,1.8254266000e-03,1.5156430000e-03
1.2065800000e-04,1.8052039000e-03,1.5261348000e-03
1.8011478000e-05,1.7861050000e-03,1.5398688000e-03
1.2029464000e-04,1.7672987000e-03,1.5531222000e-03
1.7957929000e-05,1.7487397000e-03,1.5668855000e-03
0.0000000000e+00,1.7239184000e-03,1.5704944000e-03
0.0000000000e+00,1.6984879000e-03,1.8909979000e-03
0.0000000000e+00,1.6734325000e-03,2.2314705000e-03
3.3770229000e-05,1.6505904000e-03,2.5773786000e-03
4.3418720000e-05,1.6304468000e-03,2.6286799000e-03
1.7837163000e-04,1.6184958000e-03,2.6462940000e-03
0.0000000000e+00,1.6043137000e-03,2.6582184000e-03
4.4502234000e-05,1.5830790000e-03,2.6636641000e-03
0.0000000000e+00,1.5621454000e-03,2.6696958000e-03
4.4300032000e-05,1.5415221000e-03,2.6751142000e-03
3.3545821000e-05,1.5230245000e-03,2.6314980000e-03
0.0000000000e+00,1.5023820000e-03,2.6366259000e-03
4.4013963000e-05,1.4826256000e-03,2.6420900000e-03
0.0000000000e+00,1.4631487000e-03,2.6480269000e-03
1.7527539000e-04,1.4511489000e-03,2.6588717000e-03
1.3511948000e-05,1.4608712000e-03,2.6357318000e-03
6.4093058000e-08,1.4608102000e-03,2.2986180000e-03
1.4859276000e-04,1.4473964000e-03,1.9549238000e-03
0.0000000000e+00,1.4341365000e-03,1.6374434000e-03
0.0000000000e+00,1.4129807000e-03,1.6364215000e-03
0.0000000000e+00,1.3921370000e-03,1.6353889000e-03
0.0000000000e+00,1.3716009000e-03,1.6343461000e-03
0.0000000000e+00,1.3513676000e-03,1.6332932000e-03
0.0000000000e+00,1.3314328000e-03,1.6322301000e-03
0.0000000000e+00,1.3117922000e-03,1.6311572000e-03
0.0000000000e+00,1.2924412000e-03,1.9585253000e-03
0.0000000000e+00,1.2733755000e-03,2.3114854000e-03
0.0000000000e+00,1.2545912000e-03,2.6644359000e-03
0.0000000000e+00,1.2360840000e-03,2.7145271000e-03
0.0000000000e+00,1.2178499000e-03,2.7134062000e-03
0.0000000000e+00,1.1998847000e-03,2.7122758000e-03
0.0000000000e+00,1.1821846000e-03,2.7111366000e-03
0.0000000000e+00,1.1647454000e-03,2.7099880000e-03
0.0000000000e+00,1.1475637000e-03,2.7088311000e-03
0.0000000000e+00,1.1306354000e-03,2.6519576000e-03
0.0000000000e+00,1.1139567000e-03,2.6508712000e-03
0.0000000000e+00,1.0975241000e-03,2.6497764000e-03
0.0000000000e+00,1.0813340000e-03,2.6486733000e-03
0.0000000000e+00,1.0653825000e-03,2.6475617000e-03
0.0000000000e+00,1.0496665000e-03,2.5882761000e-03
0.0000000000e+00,1.0341823000e-03,2.2492039000e-03
0.0000000000e+00,1.0189264000e-03,1.9101239000e-03
0.0000000000e+00,1.0038957000e-03,1.6001192000e-03
1.9111478000e-05,9.9013327000e-04,1.6033821000e-03
0.0000000000e+00,9.7656879000e-04,1.6069965000e-03
0.0000000000e+00,9.6216291000e-04,1.6058200000e-03
0.0000000000e+00,9.4796950000e-04,1.6046356000e-03
0.0000000000e+00,9.3398552000e-04,1.6034440000e-03
0.0000000000e+00,9.2020776000e-04,1.6022451000e-03
0.0000000000e+00,9.0663327000e-04,1.9098999000e-03
0.0000000000e+00,8.9325896000e-04,2.2466304000e-03
0.0000000000e+00,8.8008202000e-04,2.5833545000e-03
0.0000000000e+00,8.6709944000e-04,2.6402930000e-03
0.0000000000e+00,8.5430837000e-04,2.6390587000e-03
0.0000000000e+00,8.4170594000e-04,2.6378173000e-03
0.0000000000e+00,8.2928949000e-04,2.6365693000e-03
0.0000000000e+00,8.1705611000e-04,2.6353151000e-03
0.0000000000e+00,8.0500328000e-04,2.6340538000e-03
0.0000000000e+00,7.9312822000e-04,2.5789626000e-03
0.0000000000e+00,7.8142830000e-04,2.5777742000e-03
0.0000000000e+00,7.6990103000e-04,2.5765798000e-03
0.0000000000e+00,7.5854379000e-04,2.5753789000e-03
0.0000000000e+00,7.4735406000e-04,2.5741719000e-03
0.0000000000e+00,7.3632941000e-04,2.4910287000e-03
0.0000000000e+00,7.2546740000e-04,2.0793208000e-03
0.0000000000e+00,7.1476563000e-04,1.6676075000e-03
0.0000000000e+00,7.0422172000e-04,1.2968529000e-03
0.0000000000e+00,6.9383334000e-04,1.2956162000e-03
0.0000000000e+00,6.8359828000e-04,1.2943735000e-03
0.0000000000e+00,6.7351409000e-04,1.2931253000e-03
0.0000000000e+00,6.6357874000e-04,1.2918715000e-03
0.0000000000e+00,6.5378990000e-04,1.2906122000e-03
0.0000000000e+00,6.4414548000e-04,1.2893472000e-03
0.0000000000e+00,6.3464337000e-04,1.6576002000e-03
0.0000000000e+00,6.2528136000e-04,2.0668129000e-03
0.0000000000e+00,6.1605748000e-04,2.4760205000e-03
0.0000000000e+00,6.0696964000e-04,2.5566644000e-03
0.0000000000e+00,5.9801590000e-04,2.5553729000e-03
0.0000000000e+00,5.8919418000e-04,2.5540765000e-03
0.0000000000e+00,5.8050262000e-04,2.5527750000e-03
0.0000000000e+00,5.7193934000e-04,2.5514683000e-03
0.0000000000e+00,5.6350231000e-04,2.5501570000e-03
0.0000000000e+00,5.5518979000e-04,2.4971240000e-03
0.0000000000e+00,5.4699986000e-04,2.4958851000e-03
0.0000000000e+00,5.3893076000e-04,2.4946413000e-03
0.0000000000e+00,5.3098064000e-04,2.4933929000e-03
0.0000000000e+00,5.2314787000e-04,2.4921396000e-03
0.0000000000e+00,5.1543064000e-04,2.3948604000e-03
0.0000000000e+00,5.0782721000e-04,1.9706613000e-03
0.0000000000e+00,5.0033594000e-04,1.5464580000e-03
0.0000000000e+00,4.9295521000e-04,1.1702608000e-03
0.0000000000e+00,4.8568335000e-04,1.1689852000e-03
0.0000000000e+00,4.7851872000e-04,1.1677053000e-03
0.0000000000e+00,4.7145985000e-04,1.1664210000e-03
0.0000000000e+00,4.6450505000e-04,1.1651325000e-03
0.0000000000e+00,4.5765287000e-04,1.1638396000e-03
0.0000000000e+00,4.5090177000e-04,1.1625427000e-03
0.0000000000e+00,4.4425027000e-04,1.5361676000e-03
0.0000000000e+00,4.3769687000e-04,1.9577993000e-03
0.0000000000e+00,4.3124016000e-04,2.3794267000e-03
0.0000000000e+00,4.2487867000e-04,2.4741353000e-03
0.0000000000e+00,4.1861105000e-04,2.4728181000e-03
0.0000000000e+00,4.1243588000e-04,2.4714970000e-03
0.0000000000e+00,4.0635181000e-04,2.4701725000e-03
0.0000000000e+00,4.0035750000e-04,2.4688439000e-03
0.0000000000e+00,3.9445161000e-04,2.4675119000e-03
0.0000000000e+00,3.8863282000e-04,2.4165295000e-03
0.0000000000e+00,3.8289986000e-04,2.4152682000e-03
0.0000000000e+00,3.7725148000e-04,2.4140035000e-03
0.0000000000e+00,3.7168644000e-04,2.4127353000e-03
0.0000000000e+00,3.6620346000e-04,2.4114635000e-03
0.0000000000e+00,3.6080138000e-04,2.2950503000e-03
0.0000000000e+00,3.5547899000e-04,1.8412657000e-03
0.0000000000e+00,3.5023512000e-04,1.3874776000e-03
0.0000000000e+00,3.4506861000e-04,9.9125528000e-04
0.0000000000e+00,3.3997832000e-04,9.8996609000e-04
0.0000000000e+00,3.3496312000e-04,9.8867365000e-04
0.0000000000e+00,3.3002190000e-04,9.8737772000e-04
0.0000000000e+00,3.2515355000e-04,9.8607875000e-04
0.0000000000e+00,3.2035704000e-04,9.8477327000e-04
0.0000000000e+00,3.1563127000e-04,9.8344730000e-04
0.0000000000e+00,3.1097521000e-04,1.3770259000e-03
0.0000000000e+00,3.0638784000e-04,1.8281459000e-03
0.0000000000e+00,3.0186813000e-04,2.2792479000e-03
0.0000000000e+00,2.9741510000e-04,2.3929728000e-03
0.0000000000e+00,2.9302776000e-04,2.3915567000e-03
0.0000000000e+00,2.8870514000e-04,2.3901386000e-03
0.0000000000e+00,2.8444629000e-04,2.3887185000e-03
0.0000000000e+00,2.8025027000e-04,2.3872962000e-03
0.0000000000e+00,2.7611613000e-04,2.3858720000e-03
0.0000000000e+00,2.7204299000e-04,2.3368406000e-03
0.0000000000e+00,2.6802992000e-04,2.3354879000e-03
0.0000000000e+00,2.6407608000e-04,2.3341333000e-03
0.0000000000e+00,2.6018053000e-04,2.3327763000e-03
0.0000000000e+00,2.5634246000e-04,2.3314175000e-03
0.0000000000e+00,2.5256100000e-04,2.1990854000e-03
0.0000000000e+00,2.4883533000e-04,1.7329827000e-03
0.0000000000e+00,2.4516461000e-04,1.2668722000e-03
0.0000000000e+00,2.4154806000e-04,8.6623069000e-04
0.0000000000e+00,2.3798484000e-04,8.6481904000e-04
0.0000000000e+00,2.3447420000e-04,8.6338131000e-04
0.0000000000e+00,2.3101535000e-04,8.6191890000e-04
0.0000000000e+00,2.2760751000e-04,8.6043251000e-04
0.0000000000e+00,2.2424993000e-04,8.5892330000e-04
0.0000000000e+00,2.2094189000e-04,8.5739244000e-04
0.0000000000e+00,2.1768264000e-04,1.2550933000e-03
0.0000000000e+00,2.1447148000e-04,1.7182622000e-03
0.0000000000e+00,2.1130769000e-04,2.1814199000e-03
0.0000000000e+00,2.0819057000e-04,2.3108053000e-03
0.0000000000e+00,2.0511943000e-04,2.3092180000e-03
0.0000000000e+00,2.0209359000e-04,2.3076308000e-03
0.0000000000e+00,1.9911240000e-04,2.3060434000e-03
0.0000000000e+00,1.9617518000e-04,2.3044560000e-03
0.0000000000e+00,1.9328129000e-04,2.3028683000e-03
0.0000000000e+00,1.9043009000e-04,2.2557476000e-03
0.0000000000e+00,1.8762094000e-04,2.2542335000e-03
0.0000000000e+00,1.8485326000e-04,2.2527189000e-03
0.0000000000e+00,1.8212637000e-04,2.2512041000e-03
0.0000000000e+00,1.7943971000e-04,2.2496893000e-03
0.0000000000e+00,1.7679270000e-04,2.1132196000e-03
0.0000000000e+00,1.7418472000e-04,1.6751657000e-03
0.0000000000e+00,1.7161523000e-04,1.2371072000e-03
0.0000000000e+00,1.6908364000e-04,8.6651673000e-04
0.0000000000e+00,1.6658939000e-04,8.6497329000e-04
0.0000000000e+00,1.6413194000e-04,8.6341379000e-04
0.0000000000e+00,1.6171073000e-04,8.6183986000e-04
0.0000000000e+00,1.5932525000e-04,8.6025149000e-04
0.0000000000e+00,1.5697496000e-04,8.5864961000e-04
0.0000000000e+00,1.5465933000e-04,8.5703470000e-04
0.0000000000e+00,1.5237785000e-04,1.2244682000e-03
0.0000000000e+00,1.5013004000e-04,1.6593686000e-03
0.0000000000e+00,1.4791539000e-04,2.0942625000e-03
0.0000000000e+00,1.4573341000e-04,2.2275706000e-03
0.0000000000e+00,1.4358362000e-04,2.2259238000e-03
0.0000000000e+00,1.4146553000e-04,2.2242782000e-03
0.0000000000e+00,1.3937870000e-04,2.2226332000e-03
0.0000000000e+00,1.3732264000e-04,2.2209887000e-03
0.0000000000e+00,1.3529691000e-04,2.2193450000e-03
0.0000000000e+00,1.3330107000e-04,2.1742445000e-03
0.0000000000e+00,1.3133467000e-04,2.1726724000e-03
0.0000000000e+00,1.2939727000e-04,2.1711013000e-03
0.0000000000e+00,1.2748846000e-04,2.1695306000e-03
0.0000000000e+00,1.2560780000e-04,2.1679606000e-03
0.0000000000e+00,1.2375489000e-04,2.0577314000e-03
0.0000000000e+00,1.2192931000e-04,1.7195401000e-03
0.0000000000e+00,1.2013066000e-04,1.3813477000e-03
0.0000000000e+00,1.1835854000e-04,1.0974807000e-03
0.0000000000e+00,1.1661257000e-04,1.0958990000e-03
0.0000000000e+00,1.1489234000e-04,1.0943100000e-03
0.0000000000e+00,1.1319750000e-04,1.0927137000e-03
0.0000000000e+00,1.1152766000e-04,1.0911106000e-03
0.0000000000e+00,1.0988245000e-04,1.0895008000e-03
0.0000000000e+00,1.0826151000e-04,1.0878845000e-03
1.0561597000e-04,1.1245102000e-04,1.3790918000e-03
1.3854186000e-05,1.1730941000e-04,1.7298287000e-03
1.8814699000e-05,1.1736576000e-04,2.0742901000e-03
0.0000000000e+00,1.1666063000e-04,2.1866215000e-03
0.0000000000e+00,1.1493971000e-04,2.1849545000e-03
0.0000000000e+00,1.1324416000e-04,2.1832883000e-03
0.0000000000e+00,1.1157364000e-04,2.1816231000e-03
0.0000000000e+00,1.0992774000e-04,2.1799589000e-03
0.0000000000e+00,1.0830614000e-04,2.1782957000e-03
0.0000000000e+00,1.0670845000e-04,2.1342023000e-03
0.0000000000e+00,1.0513434000e-04,2.1326097000e-03
0.0000000000e+00,1.0358344000e-04,2.1310181000e-03
0.0000000000e+00,1.0205542000e-04,2.1294274000e-03
0.0000000000e+00,1.0054994000e-04,2.1278376000e-03
0.0000000000e+00,9.9066674000e-05,2.0062784000e-03
0.0000000000e+00,9.7605283000e-05,1.6619710000e-03
0.0000000000e+00,9.6165451000e-05,1.3176645000e-03
0.0000000000e+00,9.4746858000e-05,1.0333442000e-03
0.0000000000e+00,9.3349197000e-05,1.0317591000e-03
0.0000000000e+00,9.1972150000e-05,1.0301749000e-03
0.0000000000e+00,9.0615416000e-05,1.0285917000e-03
0.0000000000e+00,8.9278692000e-05,1.0270093000e-03
0.0000000000e+00,8.7961693000e-05,1.0254279000e-03
0.0000000000e+00,8.6664120000e-05,1.0238475000e-03
0.0000000000e+00,8.5385684000e-05,1.3050023000e-03
0.0000000000e+00,8.4126114000e-05,1.6461432000e-03
0.0000000000e+00,8.2885126000e-05,1.9872852000e-03
0.0000000000e+00,8.1662445000e-05,2.1056789000e-03
0.0000000000e+00,8.0457794000e-05,2.1041031000e-03
0.0000000000e+00,7.9270911000e-05,2.1025280000e-03
0.0000000000e+00,7.8101541000e-05,2.1009541000e-03
0.0000000000e+00,7.6949422000e-05,2.0993811000e-03
0.0000000000e+00,7.5814292000e-05,2.0978090000e-03
0.0000000000e+00,7.4695912000e-05,2.0557928000e-03
0.0000000000e+00,7.3594034000e-05,2.0542869000e-03
0.0000000000e+00,7.2508403000e-05,2.0527816000e-03
0.0000000000e+00,7.1438786000e-05,2.0512773000e-03
0.0000000000e+00,7.0384951000e-05,2.0497739000e-03
0.0000000000e+00,6.9346657000e-05,1.9081482000e-03
0.0000000000e+00,6.8323687000e-05,1.5352227000e-03
0.0000000000e+00,6.7315807000e-05,1.1622983000e-03
0.0000000000e+00,6.6322791000e-05,8.5943600000e-04
0.0000000000e+00,6.5344422000e-05,8.5793680000e-04
0.0000000000e+00,6.4380489000e-05,8.5643877000e-04
0.0000000000e+00,6.3430780000e-05,8.5494120000e-04
0.0000000000e+00,6.2495070000e-05,8.5344480000e-04
0.0000000000e+00,6.1573170000e-05,8.5194909000e-04
0.0000000000e+00,6.0664875000e-05,8.5045432000e-04
0.0000000000e+00,5.9769973000e-05,1.1503224000e-03
0.0000000000e+00,5.8888272000e-05,1.5202531000e-03
0.0000000000e+00,5.8019574000e-05,1.8901846000e-03
0.0000000000e+00,5.7163696000e-05,2.0288164000e-03
0.0000000000e+00,5.6320441000e-05,2.0273260000e-03
0.0000000000e+00,5.5489629000e-05,2.0258364000e-03
0.0000000000e+00,5.4671069000e-05,2.0243477000e-03
0.0000000000e+00,5.3864587000e-05,2.0228596000e-03
0.0000000000e+00,5.3069998000e-05,2.0213728000e-03
0.0000000000e+00,5.2287131000e-05,1.9813227000e-03
0.0000000000e+00,5.1515814000e-05,1.9798973000e-03
0.0000000000e+00,5.0755873000e-05,1.9784728000e-03
0.0000000000e+00,5.0007144000e-05,1.9770493000e-03
0.0000000000e+00,4.9269460000e-05,1.9756267000e-03
0.0000000000e+00,4.8542657000e-05,1.8064480000e-03
0.0000000000e+00,4.7826576000e-05,1.3902050000e-03
0.0000000000e+00,4.7121059000e-05,9.7396295000e-04
0.0000000000e+00,4.6425950000e-05,6.4159988000e-04
0.0000000000e+00,4.5741093000e-05,6.4018124000e-04
0.0000000000e+00,4.5066339000e-05,6.3876330000e-04
0.0000000000e+00,4.4401542000e-05,6.3734606000e-04
0.0000000000e+00,4.3746550000e-05,6.3592975000e-04
0.0000000000e+00,4.3101219000e-05,6.3451414000e-04
0.0000000000e+00,4.2465410000e-05,6.3309970000e-04
0.0000000000e+00,4.1838975000e-05,9.6262922000e-04
0.0000000000e+00,4.1221785000e-05,1.3760377000e-03
0.0000000000e+00,4.0613701000e-05,1.7894474000e-03
0.0000000000e+00,4.0014584000e-05,1.9557925000e-03
0.0000000000e+00,3.9424307000e-05,1.9543818000e-03
0.0000000000e+00,3.8842736000e-05,1.9529721000e-03
0.0000000000e+00,3.8269747000e-05,1.9515631000e-03
0.0000000000e+00,3.7705209000e-05,1.9501548000e-03
0.0000000000e+00,3.7148995000e-05,1.9487473000e-03
0.0000000000e+00,3.6600988000e-05,1.9105579000e-03
0.0000000000e+00,3.6061068000e-05,1.9092084000e-03
0.0000000000e+00,3.5529109000e-05,1.9078596000e-03
0.0000000000e+00,3.5005000000e-05,1.9065116000e-03
0.0000000000e+00,3.4488625000e-05,1.9051643000e-03
0.0000000000e+00,3.3979861000e-05,1.7159900000e-03
0.0000000000e+00,3.3478605000e-05,1.2793455000e-03
0.0000000000e+00,3.2984743000e-05,8.4270176000e-04
0.0000000000e+00,3.2498167000e-05,4.9997261000e-04
0.0000000000e+00,3.2018765000e-05,4.9862906000e-04
7.1288923000e-05,3.5455410000e-05,5.0573947000e-04
5.8834878000e-05,4.2049007000e-05,5.2137603000e-04
2.2101263000e-05,7.3666080000e-05,5.4639869000e-04
1.6028206000e-04,1.4664444000e-04,5.8448978000e-04
1.8223212000e-04,1.9945002000e-04,6.1733380000e-04
4.8381444000e-05,2.5271700000e-04,9.9102245000e-04
1.8052087000e-07,2.9501884000e-04,1.4473748000e-03
0.0000000000e+00,2.9067675000e-04,1.8817368000e-03
0.0000000000e+00,2.8638879000e-04,2.0681128000e-03
0.0000000000e+00,2.8216411000e-04,2.0666614000e-03
0.0000000000e+00,2.7800174000e-04,2.0652104000e-03
0.0000000000e+00,2.7390078000e-04,2.0637601000e-03
0.0000000000e+00,2.6986032000e-04,2.0623102000e-03
0.0000000000e+00,2.6587947000e-04,2.0608611000e-03
0.0000000000e+00,2.6195732000e-04,2.0199241000e-03
0.0000000000e+00,2.5809306000e-04,2.0185371000e-03
4.3742228000e-05,2.5669116000e-04,2.0239046000e-03
6.6056182000e-06,2.6946337000e-04,2.0439632000e-03
1.1844630000e-04,2.8610136000e-04,2.0683543000e-03
0.0000000000e+00,2.8836643000e-04,1.8569223000e-03
2.4617753000e-05,2.8546766000e-04,1.3780540000e-03
1.6333708000e-05,2.8350423000e-04,9.0389734000e-04
0.0000000000e+00,2.8021692000e-04,5.3508801000e-04
0.0000000000e+00,2.7608327000e-04,5.3362420000e-04
0.0000000000e+00,2.7201063000e-04,5.3216086000e-04
0.0000000000e+00,2.6799802000e-04,5.3069822000e-04
0.0000000000e+00,2.6404465000e-04,5.2923581000e-04
0.0000000000e+00,2.6014957000e-04,5.2777410000e-04
0.0000000000e+00,2.5631193000e-04,5.2631286000e-04
0.0000000000e+00,2.5253094000e-04,8.9685072000e-04
0.0000000000e+00,2.4880571000e-04,1.3780377000e-03
0.0000000000e+00,2.4513542000e-04,1.8592257000e-03
0.0000000000e+00,2.4151929000e-04,2.0790650000e-03
0.0000000000e+00,2.3795648000e-04,2.0776063000e-03
0.0000000000e+00,2.3444626000e-04,2.0761478000e-03
0.0000000000e+00,2.3098782000e-04,2.0746903000e-03
0.0000000000e+00,2.2758039000e-04,2.0732330000e-03
4.0073387000e-04,3.6689063000e-04,2.0930755000e-03
2.5250763000e-03,6.6426565000e-04,2.0950977000e-03
3.9797906000e-05,8.1669114000e-04,2.1231060000e-03
7.9544220000e-04,1.0040036000e-03,2.1501589000e-03
2.0393913000e-03,1.2977559000e-03,2.1944237000e-03
0.0000000000e+00,1.3904180000e-03,2.2170995000e-03
0.0000000000e+00,1.3699072000e-03,2.0067587000e-03
0.0000000000e+00,1.3496989000e-03,1.5744767000e-03
0.0000000000e+00,1.3297887000e-03,1.1421903000e-03
0.0000000000e+00,1.3101723000e-03,8.1459398000e-04
9.1315842000e-06,1.3081037000e-03,8.2775613000e-04
5.1964456000e-05,1.3199722000e-03,8.5512397000e-04
9.1944348000e-05,1.3195056000e-03,8.7686570000e-04
0.0000000000e+00,1.3050979000e-03,8.8512537000e-04
0.0000000000e+00,1.2858458000e-03,8.8409439000e-04
4.0057814000e-04,1.4196800000e-03,9.0538582000e-04
2.4728514000e-03,1.7193212000e-03,1.2778204000e-03
6.3551374000e-04,2.0060728000e-03,1.7555011000e-03
6.2394869000e-03,2.4506727000e-03,2.2337269000e-03
1.4775434000e-02,3.2432557000e-03,2.4906651000e-03
9.9669804000e-04,3.9314283000e-03,2.5393714000e-03
1.3599158000e-02,4.6116444000e-03,2.5891892000e-03
1.1404822000e-02,5.5942456000e-03,2.6397810000e-03
5.6081987000e-03,6.3492861000e-03,2.6913329000e-03
7.6992635000e-04,6.7663770000e-03,2.7436889000e-03
1.1614603000e-03,6.9543226000e-03,2.7351053000e-03
1.4811056000e-04,7.0063351000e-03,2.7820098000e-03
4.8121536000e-04,7.0286407000e-03,2.8257109000e-03
6.6967907000e-05,6.9643604000e-03,2.8530105000e-03
1.4748142000e-04,6.9555016000e-03,2.8852201000e-03
2.2962654000e-03,7.1764430000e-03,2.7459823000e-03
6.5234625000e-03,7.6822271000e-03,2.4274555000e-03
6.8679161000e-04,8.0041261000e-03,2.1048547000e-03
3.2815398000e-05,7.9457266000e-03,1.8570477000e-03
0.0000000000e+00,7.8303404000e-03,1.8644077000e-03
0.0000000000e+00,7.7148313000e-03,1.8663746000e-03
0.0000000000e+00,7.6010255000e-03,1.8682659000e-03
0.0000000000e+00,7.4888989000e-03,1.8700829000e-03
0.0000000000e+00,7.3784254000e-03,1.8718273000e-03
0.0000000000e+00,7.2695822000e-03,1.8735011000e-03
0.0000000000e+00,7.1623442000e-03,2.1524564000e-03
0.0000000000e+00,7.0566884000e-03,2.5268577000e-03
0.0000000000e+00,6.9525912000e-03,2.9011930000e-03
0.0000000000e+00,6.8500298000e-03,3.0936264000e-03
0.0000000000e+00,6.7489813000e-03,3.0949698000e-03
0.0000000000e+00,6.6494234000e-03,3.0962513000e-03
0.0000000000e+00,6.5513337000e-03,3.0974727000e-03
0.0000000000e+00,6.4546913000e-03,3.0986350000e-03
0.0000000000e+00,6.3594743000e-03,3.0997396000e-03
0.0000000000e+00,6.2656617000e-03,3.0353181000e-03
0.0000000000e+00,6.1732335000e-03,3.0363938000e-03
0.0000000000e+00,6.0821688000e-03,3.0374161000e-03
0.0000000000e+00,5.9924470000e-03,3.0383859000e-03
0.0000000000e+00,5.9040491000e-03,3.0393044000e-03
0.0000000000e+00,5.8169551000e-03,2.7774477000e-03
0.0000000000e+00,5.7311454000e-03,2.2909353000e-03
0.0000000000e+00,5.6466023000e-03,1.8043746000e-03
0.0000000000e+00,5.5633057000e-03,1.4491287000e-03
0.0000000000e+00,5.4812380000e-03,1.4498053000e-03
0.0000000000e+00,5.4003811000e-03,1.4504365000e-03
0.0000000000e+00,5.3207171000e-03,1.4510228000e-03
0.0000000000e+00,5.2422280000e-03,1.4515655000e-03
0.0000000000e+00,5.1648971000e-03,1.4520654000e-03
0.0000000000e+00,5.0887065000e-03,1.4525232000e-03
0.0000000000e+00,5.0136400000e-03,1.8089085000e-03
0.0000000000e+00,4.9396809000e-03,2.2966154000e-03
0.0000000000e+00,4.8668128000e-03,2.7842824000e-03
0.0000000000e+00,4.7950200000e-03,3.0473045000e-03
0.0000000000e+00,4.7242860000e-03,3.0475636000e-03
0.0000000000e+00,4.6545952000e-03,3.0477850000e-03
0.0000000000e+00,4.5859325000e-03,3.0479697000e-03
0.0000000000e+00,4.5182831000e-03,3.0481180000e-03
0.0000000000e+00,4.4516316000e-03,3.0482309000e-03
0.0000000000e+00,4.3859631000e-03,2.9841661000e-03
0.0000000000e+00,4.3212627000e-03,2.9843014000e-03
0.0000000000e+00,4.2575174000e-03,2.9844034000e-03
0.0000000000e+00,4.1947118000e-03,2.9844723000e-03
0.0000000000e+00,4.1328333000e-03,2.9845093000e-03
0.0000000000e+00,4.0718676000e-03,2.7141413000e-03
0.0000000000e+00,4.0118014000e-03,2.2362620000e-03
4.3595178000e-06,3.9528650000e-03,1.7603494000e-03
0.0000000000e+00,3.8947975000e-03,1.4197149000e-03
4.7192050000e-09,3.8373433000e-03,1.4196620000e-03
1.5809268000e-04,3.8750619000e-03,1.4438624000e-03
1.3321520000e-06,3.9118319000e-03,1.4708701000e-03
0.0000000000e+00,3.8542007000e-03,1.4719055000e-03
0.0000000000e+00,3.7973449000e-03,1.4717153000e-03
0.0000000000e+00,3.7413279000e-03,1.4714960000e-03
0.0000000000e+00,3.6861375000e-03,1.8139158000e-03
0.0000000000e+00,3.6317613000e-03,2.2914945000e-03
0.0000000000e+00,3.5781872000e-03,2.7690453000e-03
0.0000000000e+00,3.5254033000e-03,3.0390888000e-03
0.0000000000e+00,3.4733980000e-03,3.0387321000e-03
0.0000000000e+00,3.4221599000e-03,3.0383491000e-03
0.0000000000e+00,3.3716778000e-03,3.0379407000e-03
0.0000000000e+00,3.3219403000e-03,3.0375072000e-03
0.0000000000e+00,3.2729364000e-03,3.0370485000e-03
0.0000000000e+00,3.2246555000e-03,2.9727134000e-03
0.0000000000e+00,3.1770868000e-03,2.9723030000e-03
0.0000000000e+00,3.1302196000e-03,2.9718690000e-03
0.0000000000e+00,3.0840442000e-03,2.9714119000e-03
0.0000000000e+00,3.0385496000e-03,2.9709323000e-03
0.0000000000e+00,2.9937262000e-03,2.7154724000e-03
0.0000000000e+00,2.9495638000e-03,2.2845771000e-03
0.0000000000e+00,2.9060531000e-03,1.8536602000e-03
0.0000000000e+00,2.8631843000e-03,1.5502004000e-03
0.0000000000e+00,2.8209479000e-03,1.5496123000e-03
0.0000000000e+00,2.7793343000e-03,1.5490034000e-03
0.0000000000e+00,2.7383347000e-03,1.5483743000e-03
0.0000000000e+00,2.6979400000e-03,1.5477252000e-03
0.0000000000e+00,2.6581411000e-03,1.5470563000e-03
0.0000000000e+00,2.6189291000e-03,1.5463680000e-03
0.0000000000e+00,2.5802960000e-03,1.8485528000e-03
2.4290317000e-05,2.5435961000e-03,2.2829212000e-03
7.4746495000e-04,2.7222957000e-03,2.7427562000e-03
5.7316327000e-04,2.9281401000e-03,3.0425100000e-03
0.0000000000e+00,2.9169868000e-03,3.0616447000e-03
0.0000000000e+00,2.8739565000e-03,3.0610180000e-03
5.4465730000e-05,2.8346227000e-03,3.0672604000e-03
0.0000000000e+00,2.7958541000e-03,3.0740043000e-03
4.9526298000e-06,2.7668006000e-03,3.0860091000e-03
3.6149333000e-05,2.7641151000e-03,3.0502181000e-03
9.8550963000e-08,2.7492167000e-03,3.0680622000e-03
5.4124197000e-05,2.7117124000e-03,3.0746597000e-03
0.0000000000e+00,2.6747407000e-03,3.0812968000e-03
0.0000000000e+00,2.6352841000e-03,3.0805417000e-03
4.8796428000e-06,2.6085044000e-03,2.8677795000e-03
3.1523788000e-05,2.5934542000e-03,2.5299347000e-03
1.7556989000e-04,2.5764226000e-03,2.1910914000e-03
0.0000000000e+00,2.5482555000e-03,1.9520185000e-03
0.0000000000e+00,2.5106645000e-03,1.9511060000e-03
0.0000000000e+00,2.4736284000e-03,1.9501745000e-03
2.8039216000e-05,2.4714717000e-03,1.9685104000e-03
1.4224186000e-04,2.4771951000e-03,1.9992553000e-03
0.0000000000e+00,2.4486308000e-03,2.0100870000e-03
0.0000000000e+00,2.4125094000e-03,2.0090709000e-03
0.0000000000e+00,2.3769210000e-03,2.2588640000e-03
0.0000000000e+00,2.3418579000e-03,2.6210456000e-03
0.0000000000e+00,2.3073119000e-03,2.9832087000e-03
0.0000000000e+00,2.2732755000e-03,3.2069329000e-03
0.0000000000e+00,2.2397412000e-03,3.2058256000e-03
0.0000000000e+00,2.2067016000e-03,3.2047010000e-03
0.0000000000e+00,2.1741493000e-03,3.2035594000e-03
0.0000000000e+00,2.1420771000e-03,3.2024009000e-03
0.0000000000e+00,2.1104780000e-03,3.2012255000e-03
0.0000000000e+00,2.0793453000e-03,3.1320064000e-03
0.0000000000e+00,2.0486715000e-03,3.1309116000e-03
0.0000000000e+00,2.0184503000e-03,3.1298012000e-03
0.0000000000e+00,1.9886750000e-03,3.1286748000e-03
4.4926542000e-06,1.9708751000e-03,3.1405606000e-03
7.0959642000e-05,2.0000995000e-03,2.9160071000e-03
5.0101964000e-05,2.0200105000e-03,2.5437474000e-03
0.0000000000e+00,1.9930264000e-03,2.1487223000e-03
0.0000000000e+00,1.9636259000e-03,1.8756669000e-03
0.0000000000e+00,1.9346593000e-03,1.8744105000e-03
0.0000000000e+00,1.9061200000e-03,1.8731391000e-03
0.0000000000e+00,1.8780016000e-03,1.8718524000e-03
0.0000000000e+00,1.8502980000e-03,1.8705516000e-03
0.0000000000e+00,1.8230033000e-03,1.8692364000e-03
0.0000000000e+00,1.7961111000e-03,1.8679067000e-03
0.0000000000e+00,1.7696157000e-03,2.1383776000e-03
0.0000000000e+00,1.7435111000e-03,2.5383183000e-03
0.0000000000e+00,1.7177915000e-03,2.9382457000e-03
0.0000000000e+00,1.6924514000e-03,3.1958288000e-03
0.0000000000e+00,1.6674851000e-03,3.1944308000e-03
0.0000000000e+00,1.6428870000e-03,3.1930197000e-03
0.0000000000e+00,1.6186519000e-03,3.1915959000e-03
0.0000000000e+00,1.5947742000e-03,3.1901593000e-03
0.0000000000e+00,1.5712488000e-03,3.1887102000e-03
0.0000000000e+00,1.5480705000e-03,3.1195330000e-03
0.0000000000e+00,1.5252340000e-03,3.1181746000e-03
0.0000000000e+00,1.5027345000e-03,3.1168042000e-03
0.0000000000e+00,1.4805667000e-03,3.1154221000e-03
0.0000000000e+00,1.4587260000e-03,3.1140284000e-03
0.0000000000e+00,1.4372076000e-03,2.8000064000e-03
0.0000000000e+00,1.4160065000e-03,2.3331225000e-03
0.0000000000e+00,1.3951182000e-03,1.8662276000e-03
0.0000000000e+00,1.3745379000e-03,1.5556298000e-03
0.0000000000e+00,1.3542614000e-03,1.5541799000e-03
0.0000000000e+00,1.3342839000e-03,1.5527196000e-03
0.0000000000e+00,1.3146010000e-03,1.5512486000e-03
0.0000000000e+00,1.2952086000e-03,1.5497669000e-03
0.0000000000e+00,1.2761023000e-03,1.5482754000e-03
0.0000000000e+00,1.2572777000e-03,1.5467731000e-03
0.0000000000e+00,1.2387309000e-03,1.8544201000e-03
0.0000000000e+00,1.2204576000e-03,2.3183653000e-03
0.0000000000e+00,1.2024539000e-03,2.7823006000e-03
0.0000000000e+00,1.1847158000e-03,3.0933758000e-03
1.4839016000e-04,1.1756229000e-03,3.1034350000e-03
4.0596937000e-05,1.2095019000e-03,3.1357391000e-03
4.1035688000e-04,1.3342204000e-03,3.1828003000e-03
6.3399988000e-05,1.4175248000e-03,3.2169092000e-03
7.2524016000e-04,1.6095286000e-03,3.2499961000e-03
2.5539706000e-04,1.8085556000e-03,3.2207540000e-03
0.0000000000e+00,1.7962655000e-03,3.2347345000e-03
0.0000000000e+00,1.7697677000e-03,3.2334127000e-03
0.0000000000e+00,1.7436609000e-03,3.2320768000e-03
0.0000000000e+00,1.7179392000e-03,3.2307263000e-03
0.0000000000e+00,1.6925968000e-03,2.9420105000e-03
0.0000000000e+00,1.6676283000e-03,2.5288344000e-03
2.1511507000e-05,1.6442467000e-03,2.1204459000e-03
7.3576368000e-05,1.6822311000e-03,1.8795788000e-03
3.2557736000e-04,1.7561056000e-03,1.9240455000e-03
7.7626748000e-05,1.8048020000e-03,1.9652741000e-03
1.1886586000e-04,1.8342584000e-03,2.0022443000e-03
3.0287474000e-05,1.8454958000e-03,2.0346730000e-03
6.8513989000e-05,1.8742450000e-03,2.0714486000e-03
1.2906894000e-04,1.8908578000e-03,2.1033329000e-03
1.3672361000e-05,1.8710373000e-03,2.3857099000e-03
0.0000000000e+00,1.8442096000e-03,2.8000963000e-03
1.2907492000e-04,1.9020216000e-03,3.2361518000e-03
4.6032998000e-03,2.2977516000e-03,3.5769574000e-03
5.2399314000e-06,2.6016675000e-03,3.6072372000e-03
0.0000000000e+00,2.5635855000e-03,3.6085467000e-03
0.0000000000e+00,2.5257687000e-03,3.6072182000e-03
5.5688357000e-05,2.4916786000e-03,3.6134114000e-03
1.1368058000e-04,2.5371513000e-03,3.6457430000e-03
2.7555465000e-03,2.8595454000e-03,3.6185635000e-03
8.2948608000e-03,3.4802326000e-03,3.6742864000e-03
2.0420754000e-03,4.1149631000e-03,3.7307043000e-03
7.2226621000e-04,4.3987953000e-03,3.7811033000e-03
0.0000000000e+00,4.3749050000e-03,3.8033079000e-03
6.2050865000e-05,4.3139099000e-03,3.5407655000e-03
0.0000000000e+00,4.2537972000e-03,3.1756614000e-03
0.0000000000e+00,4.1910466000e-03,2.8022421000e-03
0.0000000000e+00,4.1292226000e-03,2.5637317000e-03
0.0000000000e+00,4.0683099000e-03,2.5630957000e-03
0.0000000000e+00,4.0082955000e-03,2.5624200000e-03
0.0000000000e+00,3.9491672000e-03,2.5617057000e-03
0.0000000000e+00,3.8909107000e-03,2.5609531000e-03
0.0000000000e+00,3.8335137000e-03,2.5601634000e-03
0.0000000000e+00,3.7769636000e-03,2.5593373000e-03
0.0000000000e+00,3.7212474000e-03,2.7963899000e-03
0.0000000000e+00,3.6663532000e-03,3.1683568000e-03
0.0000000000e+00,3.6122685000e-03,3.5402894000e-03
0.0000000000e+00,3.5589819000e-03,3.8092230000e-03
0.0000000000e+00,3.5064814000e-03,3.8082239000e-03
0.0000000000e+00,3.4547553000e-03,3.8071920000e-03
0.0000000000e+00,3.4037922000e-03,3.8061279000e-03
0.0000000000e+00,3.3535808000e-03,3.8050322000e-03
0.0000000000e+00,3.3041104000e-03,3.8039051000e-03
0.0000000000e+00,3.2553694000e-03,3.7191566000e-03
0.0000000000e+00,3.2073476000e-03,3.7181161000e-03
0.0000000000e+00,3.1600343000e-03,3.7170465000e-03
0.0000000000e+00,3.1134191000e-03,3.7159480000e-03
0.0000000000e+00,3.0674911000e-03,3.7148211000e-03
0.0000000000e+00,3.0222407000e-03,3.4204763000e-03
0.0000000000e+00,2.9776581000e-03,3.0282622000e-03
0.0000000000e+00,2.9337329000e-03,2.6360205000e-03
0.0000000000e+00,2.8904560000e-03,2.3903479000e-03
0.0000000000e+00,2.8478173000e-03,2.3890869000e-03
0.0000000000e+00,2.8058074000e-03,2.3878003000e-03
0.0000000000e+00,2.7644173000e-03,2.3864885000e-03
0.0000000000e+00,2.7236377000e-03,2.3851520000e-03
0.0000000000e+00,2.6834598000e-03,2.3837909000e-03
0.0000000000e+00,2.6438746000e-03,2.3824065000e-03
0.0000000000e+00,2.6048734000e-03,2.6254356000e-03
0.0000000000e+00,2.5664475000e-03,3.0150372000e-03
0.0000000000e+00,2.5285883000e-03,3.4046154000e-03
0.0000000000e+00,2.4912877000e-03,3.6963290000e-03
0.0000000000e+00,2.4545374000e-03,3.6948305000e-03
0.0000000000e+00,2.4183290000e-03,3.6933103000e-03
0.0000000000e+00,2.3826549000e-03,3.6917687000e-03
0.0000000000e+00,2.3475073000e-03,3.6902064000e-03
0.0000000000e+00,2.3128777000e-03,3.6886232000e-03
0.0000000000e+00,2.2787589000e-03,3.6063881000e-03
0.0000000000e+00,2.2451438000e-03,3.6049099000e-03
0.0000000000e+00,2.2120243000e-03,3.6034123000e-03
0.0000000000e+00,2.1793935000e-03,3.6018952000e-03
0.0000000000e+00,2.1472441000e-03,3.6003592000e-03
0.0000000000e+00,2.1155688000e-03,3.2664936000e-03
0.0000000000e+00,2.0843609000e-03,2.8364523000e-03
0.0000000000e+00,2.0536133000e-03,2.4063932000e-03
0.0000000000e+00,2.0233192000e-03,2.1424715000e-03
0.0000000000e+00,1.9934720000e-03,2.1408447000e-03
0.0000000000e+00,1.9640652000e-03,2.1392009000e-03
0.0000000000e+00,1.9350922000e-03,2.1375399000e-03
0.0000000000e+00,1.9065464000e-03,2.1358619000e-03
0.0000000000e+00,1.8784220000e-03,2.1341676000e-03
0.0000000000e+00,1.8507122000e-03,2.1324570000e-03
0.0000000000e+00,1.8234113000e-03,2.3930429000e-03
0.0000000000e+00,1.7965132000e-03,2.8197686000e-03
0.0000000000e+00,1.7700117000e-03,3.2464787000e-03
0.0000000000e+00,1.7439013000e-03,3.5770163000e-03
0.0000000000e+00,1.7181761000e-03,3.5752279000e-03
0.0000000000e+00,1.6928302000e-03,3.5734246000e-03
0.0000000000e+00,1.6678583000e-03,3.5716067000e-03
0.0000000000e+00,1.6432548000e-03,3.5697741000e-03
0.0000000000e+00,1.6190142000e-03,3.5679275000e-03
0.0000000000e+00,1.5951312000e-03,3.4885271000e-03
0.0000000000e+00,1.5716006000e-03,3.4867940000e-03
0.0000000000e+00,1.5484169000e-03,3.4850473000e-03
0.0000000000e+00,1.5255754000e-03,3.4832871000e-03
0.0000000000e+00,1.5030708000e-03,3.4815136000e-03
0.0000000000e+00,1.4808981000e-03,3.1138458000e-03
0.0000000000e+00,1.4590524000e-03,2.6553993000e-03
0.0000000000e+00,1.4375291000e-03,2.1969397000e-03
0.0000000000e+00,1.4163234000e-03,1.9214092000e-03
0.0000000000e+00,1.3954303000e-03,1.9195726000e-03
0.0000000000e+00,1.3748455000e-03,1.9177241000e-03
0.0000000000e+00,1.3545643000e-03,1.9158634000e-03
0.0000000000e+00,1.3345823000e-03,1.9139912000e-03
0.0000000000e+00,1.3148951000e-03,1.9121071000e-03
0.0000000000e+00,1.2954985000e-03,1.9102060000e-03
0.0000000000e+00,1.2763877000e-03,2.1819649000e-03
0.0000000000e+00,1.2575591000e-03,2.6365989000e-03
0.0000000000e+00,1.2390080000e-03,3.0911830000e-03
0.0000000000e+00,1.2207307000e-03,3.4549700000e-03
0.0000000000e+00,1.2027230000e-03,3.4528596000e-03
0.0000000000e+00,1.1849809000e-03,3.4507406000e-03
0.0000000000e+00,1.1675006000e-03,3.4486135000e-03
0.0000000000e+00,1.1502781000e-03,3.4464779000e-03
0.0000000000e+00,1.1333097000e-03,3.4443345000e-03
0.0000000000e+00,1.1165916000e-03,3.3678061000e-03
0.0000000000e+00,1.1001203000e-03,3.3657844000e-03
0.0000000000e+00,1.0838917000e-03,3.3637548000e-03
0.0000000000e+00,1.0679027000e-03,3.3617178000e-03
0.0000000000e+00,1.0521495000e-03,3.3596728000e-03
0.0000000000e+00,1.0366286000e-03,2.9727991000e-03
0.0000000000e+00,1.0213366000e-03,2.5052654000e-03
0.0000000000e+00,1.0062704000e-03,2.0377042000e-03
0.0000000000e+00,9.9142641000e-04,1.7625106000e-03
0.0000000000e+00,9.7680127000e-04,1.7603202000e-03
0.0000000000e+00,9.6239196000e-04,1.7580736000e-03
0.0000000000e+00,9.4819517000e-04,1.7557737000e-03
0.0000000000e+00,9.3420775000e-04,1.7534221000e-03
0.0000000000e+00,9.2042674000e-04,1.7510207000e-03
0.0000000000e+00,9.0684899000e-04,1.7485718000e-03
0.0000000000e+00,8.9347159000e-04,2.0191341000e-03
0.0000000000e+00,8.8029151000e-04,2.4820669000e-03
0.0000000000e+00,8.6730585000e-04,2.9449705000e-03
0.0000000000e+00,8.5451169000e-04,3.3272104000e-03
0.0000000000e+00,8.4190635000e-04,3.3246228000e-03
0.0000000000e+00,8.2948687000e-04,3.3220337000e-03
0.0000000000e+00,8.1725064000e-04,3.3194427000e-03
0.0000000000e+00,8.0519490000e-04,3.3168504000e-03
0.0000000000e+00,7.9331698000e-04,3.3142564000e-03
0.0000000000e+00,7.8161433000e-04,3.2406126000e-03
0.0000000000e+00,7.7008427000e-04,3.2381511000e-03
0.0000000000e+00,7.5872435000e-04,3.2356880000e-03
0.0000000000e+00,7.4753194000e-04,3.2332232000e-03
0.0000000000e+00,7.3650468000e-04,3.2307571000e-03
0.0000000000e+00,7.2564004000e-04,2.8554939000e-03
0.0000000000e+00,7.1493571000e-04,2.4155169000e-03
0.0000000000e+00,7.0438930000e-04,1.9755249000e-03
0.0000000000e+00,6.9399847000e-04,1.7219068000e-03
0.0000000000e+00,6.8376085000e-04,1.7193648000e-03
0.0000000000e+00,6.7367428000e-04,1.7167915000e-03
0.0000000000e+00,6.6373654000e-04,1.7141873000e-03
0.0000000000e+00,6.5394543000e-04,1.7115545000e-03
0.0000000000e+00,6.4429874000e-04,1.7088939000e-03
0.0000000000e+00,6.3479430000e-04,1.7062071000e-03
0.0000000000e+00,6.2543008000e-04,1.9546016000e-03
0.0000000000e+00,6.1620399000e-04,2.3893719000e-03
0.0000000000e+00,6.0711399000e-04,2.8241258000e-03
0.0000000000e+00,5.9815811000e-04,3.1941626000e-03
0.0000000000e+00,5.8933435000e-04,3.1914019000e-03
0.0000000000e+00,5.8064074000e-04,3.1886424000e-03
0.0000000000e+00,5.7207537000e-04,3.1858841000e-03
0.0000000000e+00,5.6363636000e-04,3.1831267000e-03
0.0000000000e+00,5.5532181000e-04,3.1803704000e-03
0.0000000000e+00,5.4712995000e-04,3.1099780000e-03
0.0000000000e+00,5.3905894000e-04,3.1073536000e-03
0.0000000000e+00,5.3110695000e-04,3.1047300000e-03
0.0000000000e+00,5.2327226000e-04,3.1021077000e-03
0.0000000000e+00,5.1555317000e-04,3.0994860000e-03
0.0000000000e+00,5.0794799000e-04,2.7041114000e-03
0.0000000000e+00,5.0045492000e-04,2.2537976000e-03
0.0000000000e+00,4.9307244000e-04,1.8034759000e-03
0.0000000000e+00,4.8579887000e-04,1.5495175000e-03
0.0000000000e+00,4.7863254000e-04,1.5468553000e-03
0.0000000000e+00,4.7157196000e-04,1.5441738000e-03
0.0000000000e+00,4.6461550000e-04,1.5414741000e-03
0.0000000000e+00,4.5776169000e-04,1.5387572000e-03
0.0000000000e+00,4.5100899000e-04,1.5360243000e-03
0.0000000000e+00,4.4435589000e-04,1.5332757000e-03
0.0000000000e+00,4.3780092000e-04,1.7818268000e-03
0.0000000000e+00,4.3134266000e-04,2.2267427000e-03
0.0000000000e+00,4.2497969000e-04,2.6716497000e-03
0.0000000000e+00,4.1871058000e-04,3.0616156000e-03
0.0000000000e+00,4.1253393000e-04,3.0588277000e-03
0.0000000000e+00,4.0644841000e-04,3.0560419000e-03
0.0000000000e+00,4.0045267000e-04,3.0532584000e-03
0.0000000000e+00,3.9454538000e-04,3.0504770000e-03
0.0000000000e+00,3.8872522000e-04,3.0476975000e-03
0.0000000000e+00,3.8299093000e-04,2.9806523000e-03
0.0000000000e+00,3.7734117000e-04,2.9780001000e-03
0.0000000000e+00,3.7177483000e-04,2.9753498000e-03
0.0000000000e+00,3.6629057000e-04,2.9727013000e-03
0.0000000000e+00,3.6088721000e-04,2.9700550000e-03
0.0000000000e+00,3.5556353000e-04,2.5028693000e-03
0.0000000000e+00,3.5031841000e-04,1.9853907000e-03
0.0000000000e+00,3.4515065000e-04,1.4679077000e-03
0.0000000000e+00,3.4005917000e-04,1.1826867000e-03
0.0000000000e+00,3.3504274000e-04,1.1800175000e-03
0.0000000000e+00,3.3010033000e-04,1.1773364000e-03
0.0000000000e+00,3.2523085000e-04,1.1746445000e-03
0.0000000000e+00,3.2043317000e-04,1.1719425000e-03
0.0000000000e+00,3.1570627000e-04,1.1692307000e-03
0.0000000000e+00,3.1104911000e-04,1.1665100000e-03
0.0000000000e+00,3.0646066000e-04,1.4463448000e-03
0.0000000000e+00,3.0193987000e-04,1.9584438000e-03
0.0000000000e+00,2.9748576000e-04,2.4705385000e-03
0.0000000000e+00,2.9309740000e-04,2.9323390000e-03
0.0000000000e+00,2.8877376000e-04,2.9295997000e-03
0.0000000000e+00,2.8451392000e-04,2.9268630000e-03
0.0000000000e+00,2.8031689000e-04,2.9241284000e-03
0.0000000000e+00,2.7618179000e-04,2.9213966000e-03
0.0000000000e+00,2.7210766000e-04,2.9186674000e-03
0.0000000000e+00,2.6809363000e-04,2.8549382000e-03
0.0000000000e+00,2.6413883000e-04,2.8523291000e-03
0.0000000000e+00,2.6024238000e-04,2.8497225000e-03
0.0000000000e+00,2.5640338000e-04,2.8471183000e-03
0.0000000000e+00,2.5262102000e-04,2.8445164000e-03
0.0000000000e+00,2.4889444000e-04,2.2670762000e-03
0.0000000000e+00,2.4522288000e-04,1.6444768000e-03
0.0000000000e+00,2.4160545000e-04,1.0218753000e-03
0.0000000000e+00,2.3804139000e-04,6.8668998000e-04
0.0000000000e+00,2.3452993000e-04,6.8407925000e-04
0.0000000000e+00,2.3107024000e-04,6.8146293000e-04
0.0000000000e+00,2.2766160000e-04,6.7884102000e-04
0.0000000000e+00,2.2430322000e-04,6.7621469000e-04
0.0000000000e+00,2.2099439000e-04,6.7358441000e-04
0.0000000000e+00,2.1773438000e-04,6.7095109000e-04
0.0000000000e+00,2.1452246000e-04,1.0008952000e-03
0.0000000000e+00,2.1135791000e-04,1.6182580000e-03
0.0000000000e+00,2.0824005000e-04,2.2356200000e-03
0.0000000000e+00,2.0516818000e-04,2.8078228000e-03
0.0000000000e+00,2.0214161000e-04,2.8051869000e-03
0.0000000000e+00,1.9915971000e-04,2.8025536000e-03
0.0000000000e+00,1.9622179000e-04,2.7999228000e-03
0.0000000000e+00,1.9332720000e-04,2.7972944000e-03
0.0000000000e+00,1.9047532000e-04,2.7946683000e-03
0.0000000000e+00,1.8766552000e-04,2.7341705000e-03
0.0000000000e+00,1.8489716000e-04,2.7316578000e-03
0.0000000000e+00,1.8216964000e-04,2.7291472000e-03
0.0000000000e+00,1.7948235000e-04,2.7266392000e-03
0.0000000000e+00,1.7683470000e-04,2.7241332000e-03
0.0000000000e+00,1.7422611000e-04,2.0322811000e-03
0.0000000000e+00,1.7165599000e-04,1.3055418000e-03
0.0000000000e+00,1.6912380000e-04,5.7880301000e-04
0.0000000000e+00,1.6662896000e-04,1.9673794000e-04
0.0000000000e+00,1.6417092000e-04,1.9423524000e-04
0.0000000000e+00,1.6174915000e-04,1.9173184000e-04
0.0000000000e+00,1.5936310000e-04,1.8922845000e-04
0.0000000000e+00,1.5701224000e-04,1.8672505000e-04
0.0000000000e+00,1.5469606000e-04,1.8422236000e-04
0.0000000000e+00,1.5241404000e-04,1.8172059000e-04
0.0000000000e+00,1.5016570000e-04,5.5878353000e-04
0.0000000000e+00,1.4795052000e-04,1.2805219000e-03
0.0000000000e+00,1.4576802000e-04,2.0022620000e-03
0.0000000000e+00,1.4361771000e-04,2.6891152000e-03
0.0000000000e+00,1.4149913000e-04,2.6866223000e-03
0.0000000000e+00,1.3941179000e-04,2.6841320000e-03
0.0000000000e+00,1.3735525000e-04,2.6816439000e-03
0.0000000000e+00,1.3532904000e-04,2.6791578000e-03
0.0000000000e+00,1.3333274000e-04,2.6766744000e-03
0.0000000000e+00,1.3136587000e-04,2.6192854000e-03
0.0000000000e+00,1.2942801000e-04,2.6169072000e-03
0.0000000000e+00,1.2751875000e-04,2.6145312000e-03
0.0000000000e+00,1.2563766000e-04,2.6121575000e-03
0.0000000000e+00,1.2378431000e-04,2.6097856000e-03
0.0000000000e+00,1.2195830000e-04,1.8632160000e-03
0.0000000000e+00,1.2015922000e-04,1.0985843000e-03
0.0000000000e+00,1.1838668000e-04,3.3395365000e-04
0.0000000000e+00,1.1664029000e-04,0.0000000000e+00
0.0000000000e+00,1.1491966000e-04,0.0000000000e+00
0.0000000000e+00,1.1322441000e-04,0.0000000000e+00
0.0000000000e+00,1.1155417000e-04,0.0000000000e+00
0.0000000000e+00,1.0990857000e-04,0.0000000000e+00
0.0000000000e+00,1.0828725000e-04,0.0000000000e+00
0.0000000000e+00,1.0668984000e-04,0.0000000000e+00
0.0000000000e+00,1.0511600000e-04,3.1510275000e-04
0.0000000000e+00,1.0356537000e-04,1.0750209000e-03
0.0000000000e+00,1.0203762000e-04,1.8349406000e-03
0.0000000000e+00,1.0053240000e-04,2.5767982000e-03
0.0000000000e+00,9.9049394000e-05,2.5744576000e-03
0.0000000000e+00,9.7588258000e-05,2.5721192000e-03
0.0000000000e+00,9.6148680000e-05,2.5697832000e-03
0.0000000000e+00,9.4730334000e-05,2.5674491000e-03
0.0000000000e+00,9.3332914000e-05,2.5651171000e-03
0.0000000000e+00,9.1956099000e-05,2.5106757000e-03
0.0000000000e+00,9.0599606000e-05,2.5084417000e-03
0.0000000000e+00,8.9263121000e-05,2.5062095000e-03
0.0000000000e+00,8.7946348000e-05,2.5039795000e-03
0.0000000000e+00,8.6649008000e-05,2.5014544000e-03
0.0000000000e+00,8.5370797000e-05,1.9847124000e-03
0.0000000000e+00,8.4111452000e-05,1.4679725000e-03
0.0000000000e+00,8.2870676000e-05,9.5123460000e-04
0.0000000000e+00,8.1648206000e-05,6.9190515000e-04
0.0000000000e+00,8.0443766000e-05,6.8968697000e-04
0.0000000000e+00,7.9257094000e-05,6.8747066000e-04
0.0000000000e+00,7.8087927000e-05,6.8525644000e-04
0.0000000000e+00,7.6936005000e-05,6.8304408000e-04
0.0000000000e+00,7.5801079000e-05,6.8083382000e-04
0.0000000000e+00,7.4682888000e-05,6.7862566000e-04
0.0000000000e+00,7.3581199000e-05,9.3352876000e-04
0.0000000000e+00,7.2495764000e-05,1.4458401000e-03
0.0000000000e+00,7.1426344000e-05,1.9581534000e-03
0.0000000000e+00,7.0372691000e-05,2.4704689000e-03
0.0000000000e+00,6.9334586000e-05,2.4685676000e-03
0.0000000000e+00,6.8311791000e-05,2.4663711000e-03
0.0000000000e+00,6.7304085000e-05,2.4641764000e-03
0.0000000000e+00,6.6311251000e-05,2.4619836000e-03
0.0000000000e+00,6.5333057000e-05,2.4597929000e-03
0.0000000000e+00,6.4369291000e-05,2.4081245000e-03
0.0000000000e+00,6.3419742000e-05,2.4060251000e-03
0.0000000000e+00,6.2484200000e-05,2.4039270000e-03
0.0000000000e+00,6.1562459000e-05,2.4018311000e-03
0.0000000000e+00,6.0654318000e-05,2.3890422000e-03
0.0000000000e+00,5.9759572000e-05,1.9530249000e-03
0.0000000000e+00,5.8878020000e-05,1.5170093000e-03
0.0000000000e+00,5.8009475000e-05,1.0809957000e-03
0.0000000000e+00,5.7153746000e-05,8.6729368000e-04
0.0000000000e+00,5.6310637000e-05,8.6520868000e-04
0.0000000000e+00,5.5479970000e-05,8.6312555000e-04
0.0000000000e+00,5.4661552000e-05,8.6104427000e-04
0.0000000000e+00,5.3855205000e-05,8.5896463000e-04
0.0000000000e+00,5.3060758000e-05,8.5688685000e-04
0.0000000000e+00,5.2278028000e-05,8.5481093000e-04
0.0000000000e+00,5.1506850000e-05,1.0643518000e-03
0.0000000000e+00,5.0747043000e-05,1.4962045000e-03
0.0000000000e+00,4.9998442000e-05,1.9280589000e-03
0.0000000000e+00,4.9260885000e-05,2.3599153000e-03
0.0000000000e+00,4.8534210000e-05,2.3685431000e-03
0.0000000000e+00,4.7818256000e-05,2.3664781000e-03
0.0000000000e+00,4.7112859000e-05,2.3644147000e-03
0.0000000000e+00,4.6417870000e-05,2.3623533000e-03
0.0000000000e+00,4.5733137000e-05,2.3602936000e-03
0.0000000000e+00,4.5058499000e-05,2.3112346000e-03
0.0000000000e+00,4.4393815000e-05,2.3092597000e-03
0.0000000000e+00,4.3738939000e-05,2.3072863000e-03
0.0000000000e+00,4.3093722000e-05,2.3053149000e-03
0.0000000000e+00,4.2458021000e-05,2.2852838000e-03
0.0000000000e+00,4.1831699000e-05,1.9109321000e-03
0.0000000000e+00,4.1214615000e-05,1.5365821000e-03
0.0000000000e+00,4.0606636000e-05,1.1622338000e-03
0.0000000000e+00,4.0007624000e-05,9.8310981000e-04
0.0000000000e+00,3.9417449000e-05,9.8114822000e-04
0.0000000000e+00,3.8835980000e-05,9.7918825000e-04
0.0000000000e+00,3.8263090000e-05,9.7722991000e-04
0.0000000000e+00,3.7698646000e-05,9.7527343000e-04
0.0000000000e+00,3.7142534000e-05,9.7331882000e-04
0.0000000000e+00,3.6594625000e-05,9.7136560000e-04
0.0000000000e+00,3.6054797000e-05,1.1465750000e-03
0.0000000000e+00,3.5522931000e-05,1.5170085000e-03
0.0000000000e+00,3.4998913000e-05,1.8874437000e-03
0.0000000000e+00,3.4482622000e-05,2.2578808000e-03
0.0000000000e+00,3.3973949000e-05,2.2739971000e-03
0.0000000000e+00,3.3472781000e-05,2.2720539000e-03
0.0000000000e+00,3.2979005000e-05,2.2701123000e-03
0.0000000000e+00,3.2492513000e-05,2.2681723000e-03
0.0000000000e+00,3.2013199000e-05,2.2662343000e-03
0.0000000000e+00,3.1540952000e-05,2.2196327000e-03
0.0000000000e+00,3.1075673000e-05,2.2177733000e-03
0.0000000000e+00,3.0617259000e-05,2.2159156000e-03
0.0000000000e+00,3.0165607000e-05,2.2140595000e-03
0.0000000000e+00,2.9720619000e-05,2.1812983000e-03
0.0000000000e+00,2.9282193000e-05,1.7509770000e-03
0.0000000000e+00,2.8850234000e-05,1.3206572000e-03
0.0000000000e+00,2.8424649000e-05,8.9033926000e-04
0.0000000000e+00,2.8005339000e-05,6.8971014000e-04
0.0000000000e+00,2.7592218000e-05,6.8786333000e-04
0.0000000000e+00,2.7185190000e-05,6.8601791000e-04
0.0000000000e+00,2.6784164000e-05,6.8417413000e-04
0.0000000000e+00,2.6389056000e-05,6.8233197000e-04
0.0000000000e+00,2.5999778000e-05,6.8049121000e-04
0.0000000000e+00,2.5616240000e-05,6.7865208000e-04
0.0000000000e+00,2.5238360000e-05,8.7559526000e-04
0.0000000000e+00,2.4866054000e-05,1.3022270000e-03
0.0000000000e+00,2.4499241000e-05,1.7288607000e-03
0.0000000000e+00,2.4137838000e-05,2.1554958000e-03
0.0000000000e+00,2.3781768000e-05,2.1845712000e-03
0.0000000000e+00,2.3430950000e-05,2.1827412000e-03
0.0000000000e+00,2.3085306000e-05,2.1809128000e-03
0.0000000000e+00,2.2744762000e-05,2.1790860000e-03
0.0000000000e+00,2.2409242000e-05,2.1772606000e-03
0.0000000000e+00,2.2078670000e-05,2.1329743000e-03
0.0000000000e+00,2.1752976000e-05,2.1312225000e-03
0.0000000000e+00,2.1432084000e-05,2.1294721000e-03
0.0000000000e+00,2.1115928000e-05,2.1277231000e-03
0.0000000000e+00,2.0804435000e-05,2.0718295000e-03
0.0000000000e+00,2.0497537000e-05,1.5647197000e-03
0.0000000000e+00,2.0195166000e-05,1.0576108000e-03
0.0000000000e+00,1.9897258000e-05,5.5050373000e-04
0.0000000000e+00,1.9603742000e-05,3.2315310000e-04
0.0000000000e+00,1.9314555000e-05,3.2141269000e-04
0.0000000000e+00,1.9029634000e-05,3.1967368000e-04
0.0000000000e+00,1.8748919000e-05,3.1793630000e-04
0.0000000000e+00,1.8472341000e-05,3.1620008000e-04
0.0000000000e+00,1.8199846000e-05,3.1446549000e-04
0.0000000000e+00,1.7931370000e-05,3.1273230000e-04
0.0000000000e+00,1.7666856000e-05,5.3660956000e-04
0.0000000000e+00,1.7406242000e-05,1.0402431000e-03
0.0000000000e+00,1.7149474000e-05,1.5438781000e-03
0.0000000000e+00,1.6896491000e-05,2.0475143000e-03
0.0000000000e+00,1.6647242000e-05,2.0999345000e-03
0.0000000000e+00,1.6401667000e-05,2.0982097000e-03
0.0000000000e+00,1.6159718000e-05,2.0964863000e-03
0.0000000000e+00,1.5921336000e-05,2.0947645000e-03
0.0000000000e+00,1.5686472000e-05,2.0930441000e-03
0.0000000000e+00,1.5455073000e-05,2.0509406000e-03
0.0000000000e+00,1.5227085000e-05,2.0492887000e-03
0.0000000000e+00,1.5002462000e-05,2.0476382000e-03
0.0000000000e+00,1.4781152000e-05,2.0459890000e-03
0.0000000000e+00,1.4563107000e-05,1.9712772000e-03
0.0000000000e+00,1.4348278000e-05,1.4083690000e-03
0.0000000000e+00,1.4136618000e-05,8.4546290000e-04
0.0000000000e+00,1.3928081000e-05,2.8255768000e-04
0.0000000000e+00,1.3722620000e-05,3.6816578000e-05
0.0000000000e+00,1.3520189000e-05,3.5175122000e-05
0.0000000000e+00,1.3320745000e-05,3.3535296000e-05
0.0000000000e+00,1.3124243000e-05,3.1896634000e-05
0.0000000000e+00,1.2930640000e-05,3.0259369000e-05
0.0000000000e+00,1.2739893000e-05,2.8623268000e-05
0.0000000000e+00,1.2551958000e-05,2.6988564000e-05
0.0000000000e+00,1.2366798000e-05,2.6945351000e-04
0.0000000000e+00,1.2184368000e-05,8.2908280000e-04
0.0000000000e+00,1.2004629000e-05,1.3887130000e-03
0.0000000000e+00,1.1827542000e-05,1.9483446000e-03
0.0000000000e+00,1.1653066000e-05,2.0197807000e-03
0.0000000000e+00,1.1481166000e-05,2.0181537000e-03
0.0000000000e+00,1.1311800000e-05,2.0165283000e-03
0.0000000000e+00,1.1144934000e-05,2.0149041000e-03
0.0000000000e+00,1.0980529000e-05,2.0132810000e-03
0.0000000000e+00,1.0818549000e-05,1.9732369000e-03
0.0000000000e+00,1.0658958000e-05,1.9716781000e-03
0.0000000000e+00,1.0501722000e-05,1.9701202000e-03
0.0000000000e+00,1.0346805000e-05,1.9685638000e-03
0.0000000000e+00,1.0194172000e-05,1.8670850000e-03
0.0000000000e+00,1.0043792000e-05,1.2122646000e-03
0.0000000000e+00,9.8956307000e-06,5.5744511000e-04
0.0000000000e+00,9.7496541000e-06,0.0000000000e+00
0.0000000000e+00,9.6058311000e-06,0.0000000000e+00
0.0000000000e+00,9.4641300000e-06,0.0000000000e+00
0.0000000000e+00,9.3245189000e-06,0.0000000000e+00
0.0000000000e+00,9.1869679000e-06,0.0000000000e+00
0.0000000000e+00,9.0514450000e-06,0.0000000000e+00
0.0000000000e+00,8.9179221000e-06,0.0000000000e+00
0.0000000000e+00,8.7863682000e-06,0.0000000000e+00
0.0000000000e+00,8.6567552000e-06,0.0000000000e+00
0.0000000000e+00,8.5290549000e-06,5.4198399000e-04
0.0000000000e+00,8.4032372000e-06,1.1937111000e-03
0.0000000000e+00,8.2792767000e-06,1.8454394000e-03
0.0000000000e+00,8.1571434000e-06,1.9438261000e-03
0.0000000000e+00,8.0368127000e-06,1.9422903000e-03
0.0000000000e+00,7.9182573000e-06,1.9407556000e-03
0.0000000000e+00,7.8014509000e-06,1.9392223000e-03
0.0000000000e+00,7.6863671000e-06,1.9376902000e-03
0.0000000000e+00,7.5729808000e-06,1.8995898000e-03
0.0000000000e+00,7.4612672000e-06,1.8981174000e-03
0.0000000000e+00,7.3512015000e-06,1.8966461000e-03
0.0000000000e+00,7.2427592000e-06,1.8951760000e-03
0.0000000000e+00,7.1359173000e-06,1.7893238000e-03
0.0000000000e+00,7.0306514000e-06,1.1930059000e-03
0.0000000000e+00,6.9269386000e-06,5.9668929000e-04
0.0000000000e+00,6.8247550000e-06,3.7404243000e-07
0.0000000000e+00,6.7240794000e-06,0.0000000000e+00
0.0000000000e+00,6.6248886000e-06,0.0000000000e+00
0.0000000000e+00,6.5271611000e-06,0.0000000000e+00
0.0000000000e+00,6.4308751000e-06,0.0000000000e+00
0.0000000000e+00,6.3360094000e-06,0.0000000000e+00
0.0000000000e+00,6.2425433000e-06,0.0000000000e+00
0.0000000000e+00,6.1504561000e-06,0.0000000000e+00
0.0000000000e+00,6.0597272000e-06,0.0000000000e+00
0.0000000000e+00,5.9703366000e-06,5.8208429000e-04
0.0000000000e+00,5.8822648000e-06,1.1754798000e-03
0.0000000000e+00,5.7954921000e-06,1.7688766000e-03
0.0000000000e+00,5.7099992000e-06,1.8718077000e-03
0.0000000000e+00,5.6257682000e-06,1.8703567000e-03
0.0000000000e+00,5.5427790000e-06,1.8689069000e-03
0.0000000000e+00,5.4610146000e-06,1.8674582000e-03
0.0000000000e+00,5.3804561000e-06,1.8660106000e-03
0.0000000000e+00,5.3010858000e-06,1.8297457000e-03
0.0000000000e+00,5.2228866000e-06,1.8283539000e-03
0.0000000000e+00,5.1458405000e-06,1.8269630000e-03
0.0000000000e+00,5.0699314000e-06,1.8255733000e-03
0.0000000000e+00,4.9951418000e-06,1.6971291000e-03
0.0000000000e+00,4.9214555000e-06,1.0531530000e-03
0.0000000000e+00,4.8488564000e-06,4.0917797000e-04
0.0000000000e+00,4.7773283000e-06,0.0000000000e+00
0.0000000000e+00,4.7068547000e-06,0.0000000000e+00
0.0000000000e+00,4.6374216000e-06,0.0000000000e+00
0.0000000000e+00,4.5690122000e-06,0.0000000000e+00
0.0000000000e+00,4.5016122000e-06,0.0000000000e+00
0.0000000000e+00,4.4352064000e-06,0.0000000000e+00
0.0000000000e+00,4.3697796000e-06,0.0000000000e+00
0.0000000000e+00,4.3053187000e-06,0.0000000000e+00
0.0000000000e+00,4.2418087000e-06,0.0000000000e+00
0.0000000000e+00,4.1792355000e-06,3.9537030000e-04
0.0000000000e+00,4.1175854000e-06,1.0365838000e-03
0.0000000000e+00,4.0568443000e-06,1.6777985000e-03
0.0000000000e+00,3.9969996000e-06,1.8034810000e-03
0.0000000000e+00,3.9380375000e-06,1.8021092000e-03
0.0000000000e+00,3.8799453000e-06,1.8007384000e-03
0.0000000000e+00,3.8227099000e-06,1.7993685000e-03
0.0000000000e+00,3.7663192000e-06,1.7979998000e-03
0.0000000000e+00,3.7107600000e-06,1.7634697000e-03
0.0000000000e+00,3.6560205000e-06,1.7621529000e-03
0.0000000000e+00,3.6020883000e-06,1.7608372000e-03
0.0000000000e+00,3.5489518000e-06,1.7595226000e-03
0.0000000000e+00,3.4965992000e-06,1.6215082000e-03
0.0000000000e+00,3.4450188000e-06,9.9794869000e-04
0.0000000000e+00,3.3941994000e-06,3.7438993000e-04
0.0000000000e+00,3.3441297000e-06,0.0000000000e+00
0.0000000000e+00,3.2947985000e-06,0.0000000000e+00
0.0000000000e+00,3.2461949000e-06,0.0000000000e+00
0.0000000000e+00,3.1983084000e-06,0.0000000000e+00
0.0000000000e+00,3.1511283000e-06,0.0000000000e+00
0.0000000000e+00,3.1046443000e-06,0.0000000000e+00
0.0000000000e+00,3.0588458000e-06,0.0000000000e+00
0.0000000000e+00,3.0137230000e-06,0.0000000000e+00
0.0000000000e+00,2.9692660000e-06,0.0000000000e+00
0.0000000000e+00,2.9254647000e-06,3.6132627000e-04
0.0000000000e+00,2.8823097000e-06,9.8227221000e-04
0.0000000000e+00,2.8397910000e-06,1.6032191000e-03
0.0000000000e+00,2.7978997000e-06,1.7386207000e-03
0.0000000000e+00,2.7566261000e-06,1.7373227000e-03
0.0000000000e+00,2.7159617000e-06,1.7360254000e-03
0.0000000000e+00,2.6758971000e-06,1.7347294000e-03
0.0000000000e+00,2.6364235000e-06,1.7334342000e-03
0.0000000000e+00,2.5975319000e-06,1.7005436000e-03
0.0000000000e+00,2.5592142000e-06,1.6992970000e-03
0.0000000000e+00,2.5214617000e-06,1.6980515000e-03
0.0000000000e+00,2.4842661000e-06,1.6968069000e-03
0.0000000000e+00,2.4476194000e-06,1.5411632000e-03
0.0000000000e+00,2.4115134000e-06,9.0021751000e-04
0.0000000000e+00,2.3759396000e-06,2.5927287000e-04
0.0000000000e+00,2.3408909000e-06,0.0000000000e+00
0.0000000000e+00,2.3063590000e-06,0.0000000000e+00
0.0000000000e+00,2.2723366000e-06,0.0000000000e+00
0.0000000000e+00,2.2388160000e-06,0.0000000000e+00
0.0000000000e+00,2.2057900000e-06,0.0000000000e+00
0.0000000000e+00,2.1732510000e-06,0.0000000000e+00
0.0000000000e+00,2.1411922000e-06,0.0000000000e+00
0.0000000000e+00,2.1096062000e-06,0.0000000000e+00
0.0000000000e+00,2.0784862000e-06,0.0000000000e+00
0.0000000000e+00,2.0478253000e-06,2.4690339000e-04
0.0000000000e+00,2.0176167000e-06,8.8537420000e-04
0.0000000000e+00,1.9878537000e-06,1.5238459000e-03
0.0000000000e+00,1.9585298000e-06,1.6770157000e-03
0.0000000000e+00,1.9296383000e-06,1.6757863000e-03
0.0000000000e+00,1.9011732000e-06,1.6745579000e-03
0.0000000000e+00,1.8731278000e-06,1.6733304000e-03
0.0000000000e+00,1.8454963000e-06,1.6721039000e-03
0.0000000000e+00,1.8182722000e-06,1.6407646000e-03
0.0000000000e+00,1.7914499000e-06,1.6395836000e-03
0.0000000000e+00,1.7650232000e-06,1.6384034000e-03
0.0000000000e+00,1.7389863000e-06,1.6372241000e-03
0.0000000000e+00,1.7133335000e-06,1.4497152000e-03
0.0000000000e+00,1.6880591000e-06,7.3933974000e-04
0.0000000000e+00,1.6631576000e-06,2.8965296000e-05
0.0000000000e+00,1.6386234000e-06,0.0000000000e+00
0.0000000000e+00,1.6144511000e-06,0.0000000000e+00
0.0000000000e+00,1.5906355000e-06,0.0000000000e+00
0.0000000000e+00,1.5671711000e-06,0.0000000000e+00
0.0000000000e+00,1.5440529000e-06,0.0000000000e+00
0.0000000000e+00,1.5212757000e-06,0.0000000000e+00
0.0000000000e+00,1.4988345000e-06,0.0000000000e+00
0.0000000000e+00,1.4767244000e-06,0.0000000000e+00
0.0000000000e+00,1.4549404000e-06,0.0000000000e+00
0.0000000000e+00,1.4334778000e-06,1.7244136000e-05
0.0000000000e+00,1.4123317000e-06,7.2527432000e-04
0.0000000000e+00,1.3914977000e-06,1.4333056000e-03
0.0000000000e+00,1.3709708000e-06,1.6184702000e-03
0.0000000000e+00,1.3507469000e-06,1.6173052000e-03
0.0000000000e+00,1.3308213000e-06,1.6161412000e-03
0.0000000000e+00,1.3111895000e-06,1.6149778000e-03
0.0000000000e+00,1.2918474000e-06,1.6138153000e-03
0.0000000000e+00,1.2727907000e-06,1.5839438000e-03
0.0000000000e+00,1.2540149000e-06,1.5828239000e-03
0.0000000000e+00,1.2355163000e-06,1.5817048000e-03
0.0000000000e+00,1.2172906000e-06,1.5805867000e-03
0.0000000000e+00,1.1993336000e-06,1.4049429000e-03
0.0000000000e+00,1.1816416000e-06,7.8885368000e-04
0.0000000000e+00,1.1642104000e-06,1.7276523000e-04
0.0000000000e+00,1.1470365000e-06,0.0000000000e+00
0.0000000000e+00,1.1301158000e-06,0.0000000000e+00
0.0000000000e+00,1.1134449000e-06,0.0000000000e+00
0.0000000000e+00,1.0970198000e-06,0.0000000000e+00
0.0000000000e+00,1.0808370000e-06,0.0000000000e+00
0.0000000000e+00,1.0648930000e-06,0.0000000000e+00
0.0000000000e+00,1.0491841000e-06,0.0000000000e+00
0.0000000000e+00,1.0337070000e-06,0.0000000000e+00
0.0000000000e+00,1.0184582000e-06,0.0000000000e+00
0.0000000000e+00,1.0034342000e-06,1.6165001000e-04
0.0000000000e+00,9.8863200000e-07,7.7551539000e-04
0.0000000000e+00,9.7404813000e-07,1.3893815000e-03
0.0000000000e+00,9.5967937000e-07,1.5628021000e-03
0.0000000000e+00,9.4552263000e-07,1.5616972000e-03
0.0000000000e+00,9.3157468000e-07,1.5605931000e-03
0.0000000000e+00,9.1783244000e-07,1.5594898000e-03
0.0000000000e+00,9.0429296000e-07,1.5583872000e-03
0.0000000000e+00,8.9095323000e-07,1.5299057000e-03
0.0000000000e+00,8.7781029000e-07,1.5288431000e-03
0.0000000000e+00,8.6486119000e-07,1.5277812000e-03
0.0000000000e+00,8.5210314000e-07,1.5267201000e-03
0.0000000000e+00,8.3953330000e-07,1.3798177000e-03
0.0000000000e+00,8.2714888000e-07,8.9985901000e-04
0.0000000000e+00,8.1494710000e-07,4.1990075000e-04
0.0000000000e+00,8.0292534000e-07,0.0000000000e+00
0.0000000000e+00,7.9108099000e-07,0.0000000000e+00
0.0000000000e+00,7.7941127000e-07,0.0000000000e+00
0.0000000000e+00,7.6791372000e-07,0.0000000000e+00
0.0000000000e+00,7.5658579000e-07,0.0000000000e+00
0.0000000000e+00,7.4542493000e-07,0.0000000000e+00
0.0000000000e+00,7.3442874000e-07,0.0000000000e+00
0.0000000000e+00,7.2359478000e-07,0.0000000000e+00
0.0000000000e+00,7.1292061000e-07,0.0000000000e+00
0.0000000000e+00,7.0240395000e-07,4.0935213000e-04
0.0000000000e+00,6.9204236000e-07,8.8720047000e-04
0.0000000000e+00,6.8183368000e-07,1.3650494000e-03
0.0000000000e+00,6.7177558000e-07,1.5098420000e-03
0.0000000000e+00,6.6186584000e-07,1.5087932000e-03
0.0000000000e+00,6.5210230000e-07,1.5077454000e-03
0.0000000000e+00,6.4248275000e-07,1.5066982000e-03
0.0000000000e+00,6.3300513000e-07,1.5056516000e-03
0.0000000000e+00,6.2366729000e-07,1.4784866000e-03
0.0000000000e+00,6.1446724000e-07,1.4774776000e-03
0.0000000000e+00,6.0540293000e-07,1.4764692000e-03
0.0000000000e+00,5.9647226000e-07,1.4754615000e-03
0.0000000000e+00,5.8767336000e-07,1.3121117000e-03
0.0000000000e+00,5.7900428000e-07,8.1150571000e-04
0.0000000000e+00,5.7046310000e-07,3.1090039000e-04
0.0000000000e+00,5.6204783000e-07,0.0000000000e+00
0.0000000000e+00,5.5375676000e-07,0.0000000000e+00
0.0000000000e+00,5.4558791000e-07,0.0000000000e+00
0.0000000000e+00,5.3753968000e-07,0.0000000000e+00
0.0000000000e+00,5.2961008000e-07,0.0000000000e+00
0.0000000000e+00,5.2179752000e-07,0.0000000000e+00
0.0000000000e+00,5.1410018000e-07,0.0000000000e+00
0.0000000000e+00,5.0651636000e-07,0.0000000000e+00
0.0000000000e+00,4.9904446000e-07,0.0000000000e+00
0.0000000000e+00,4.9168278000e-07,3.0088192000e-04
0.0000000000e+00,4.8442968000e-07,7.9948350000e-04
0.0000000000e+00,4.7728361000e-07,1.2980858000e-03
0.0000000000e+00,4.7024290000e-07,1.4594318000e-03
0.0000000000e+00,4.6330609000e-07,1.4584358000e-03
0.0000000000e+00,4.5647158000e-07,1.4574404000e-03
0.0000000000e+00,4.4973791000e-07,1.4564458000e-03
0.0000000000e+00,4.4310357000e-07,1.4554517000e-03
0.0000000000e+00,4.3656709000e-07,1.4295343000e-03
0.0000000000e+00,4.3012705000e-07,1.4285754000e-03
0.0000000000e+00,4.2378198000e-07,1.4276170000e-03
0.0000000000e+00,4.1753052000e-07,1.4266594000e-03
0.0000000000e+00,4.1137127000e-07,1.2110828000e-03
0.0000000000e+00,4.0530290000e-07,5.8806688000e-04
0.0000000000e+00,3.9932405000e-07,0.0000000000e+00
0.0000000000e+00,3.9343337000e-07,0.0000000000e+00
0.0000000000e+00,3.8762963000e-07,0.0000000000e+00
0.0000000000e+00,3.8191146000e-07,0.0000000000e+00
0.0000000000e+00,3.7627768000e-07,0.0000000000e+00
0.0000000000e+00,3.7072698000e-07,0.0000000000e+00
0.0000000000e+00,3.6525819000e-07,0.0000000000e+00
0.0000000000e+00,3.5987006000e-07,0.0000000000e+00
0.0000000000e+00,3.5456139000e-07,0.0000000000e+00
0.0000000000e+00,3.4933106000e-07,0.0000000000e+00
0.0000000000e+00,3.4417789000e-07,0.0000000000e+00
0.0000000000e+00,3.3910072000e-07,5.7664013000e-04
0.0000000000e+00,3.3409842000e-07,1.1977516000e-03
0.0000000000e+00,3.2916995000e-07,1.4114237000e-03
0.0000000000e+00,3.2431416000e-07,1.4104769000e-03
0.0000000000e+00,3.1953002000e-07,1.4095308000e-03
0.0000000000e+00,3.1481645000e-07,1.4085852000e-03
0.0000000000e+00,3.1017242000e-07,1.4076404000e-03
0.0000000000e+00,3.0559690000e-07,1.3829061000e-03
0.0000000000e+00,3.0108885000e-07,1.3819942000e-03
0.0000000000e+00,2.9664733000e-07,1.3810828000e-03
0.0000000000e+00,0.0000000000e+00,1.3801720000e-03
0.0000000000e+00,0.0000000000e+00,1.0875959000e-03
0.0000000000e+00,0.0000000000e+00,2.8701487000e-04
0.0000000000e+00,0.0000000000e+00,0.0000000000e+00
0.0000000000e+00,0.0000000000e+00,0.0000000000e+00
0.0000000000e+00,0.0000000000e+00,0.0000000000e+00
0.0000000000e+00,0.0000000000e+00,0.0000000000e+00
0.0000000000e+00,0.0000000000e+00,0.0000000000e+00
0.0000000000e+00,0.0000000000e+00,0.0000000000e+00
0.0000000000e+00,0.0000000000e+00,0.0000000000e+00
0.0000000000e+00,0.0000000000e+00,0.0000000000e+00
0.0000000000e+00,0.0000000000e+00,0.0000000000e+00
0.0000000000e+00,0.0000000000e+00,0.0000000000e+00
0.0000000000e+00,0.0000000000e+00,0.0000000000e+00
0.0000000000e+00,0.0000000000e+00,2.7614692000e-04
0.0000000000e+00,0.0000000000e+00,1.0749165000e-03
0.0000000000e+00,0.0000000000e+00,1.3656812000e-03
0.0000000000e+00,0.0000000000e+00,1.3647806000e-03
0.0000000000e+00,0.0000000000e+00,1.3638806000e-03
0.0000000000e+00,0.0000000000e+00,1.3629812000e-03
0.0000000000e+00,0.0000000000e+00,1.3620822000e-03
0.0000000000e+00,0.0000000000e+00,1.3384703000e-03
0.0000000000e+00,0.0000000000e+00,1.3376023000e-03
0.0000000000e+00,0.0000000000e+00,1.3367350000e-03
0.0000000000e+00,0.0000000000e+00,1.3358680000e-03
0.0000000000e+00,0.0000000000e+00,1.0200831000e-03
0.0000000000e+00,0.0000000000e+00,1.9930501000e-04
0.0000000000e+00,0.0000000000e+00,0.0000000000e+00
0.0000000000e+00,0.0000000000e+00,0.0000000000e+00
0.0000000000e+00,0.0000000000e+00,0.0000000000e+00
0.0000000000e+00,0.0000000000e+00,0.0000000000e+00
0.0000000000e+00,0.0000000000e+00,0.0000000000e+00
0.0000000000e+00,0.0000000000e+00,0.0000000000e+00
0.0000000000e+00,0.0000000000e+00,0.0000000000e+00
0.0000000000e+00,0.0000000000e+00,0.0000000000e+00
0.0000000000e+00,0.0000000000e+00,0.0000000000e+00
0.0000000000e+00,0.0000000000e+00,0.0000000000e+00
0.0000000000e+00,0.0000000000e+00,0.0000000000e+00
0.0000000000e+00,0.0000000000e+00,1.8896034000e-04
0.0000000000e+00,0.0000000000e+00,1.0080144000e-03
0.0000000000e+00,0.0000000000e+00,1.3220754000e-03
0.0000000000e+00,0.0000000000e+00,1.3212181000e-03
0.0000000000e+00,0.0000000000e+00,1.3203613000e-03
0.0000000000e+00,0.0000000000e+00,1.3195050000e-03
0.0000000000e+00,0.0000000000e+00,1.3186495000e-03
0.0000000000e+00,0.0000000000e+00,1.2961023000e-03
0.0000000000e+00,0.0000000000e+00,1.2952758000e-03
0.0000000000e+00,0.0000000000e+00,1.2944497000e-03
0.0000000000e+00,0.0000000000e+00,1.2936241000e-03
0.0000000000e+00,0.0000000000e+00,9.9558197000e-04
0.0000000000e+00,0.0000000000e+00,2.5737972000e-04
0.0000000000e+00,0.0000000000e+00,0.0000000000e+00
0.0000000000e+00,0.0000000000e+00,0.0000000000e+00
0.0000000000e+00,0.0000000000e+00,0.0000000000e+00
0.0000000000e+00,0.0000000000e+00,0.0000000000e+00
0.0000000000e+00,0.0000000000e+00,0.0000000000e+00
0.0000000000e+00,0.0000000000e+00,0.0000000000e+00
0.0000000000e+00,0.0000000000e+00,0.0000000000e+00
0.0000000000e+00,0.0000000000e+00,0.0000000000e+00
0.0000000000e+00,0.0000000000e+00,0.0000000000e+00
0.0000000000e+00,0.0000000000e+00,0.0000000000e+00
0.0000000000e+00,0.0000000000e+00,0.0000000000e+00
0.0000000000e+00,0.0000000000e+00,2.4752656000e-04
0.0000000000e+00,0.0000000000e+00,9.8408666000e-04
0.0000000000e+00,0.0000000000e+00,1.2804865000e-03
0.0000000000e+00,0.0000000000e+00,1.2796697000e-03
0.0000000000e+00,0.0000000000e+00,1.2788536000e-03
0.0000000000e+00,0.0000000000e+00,1.2780380000e-03
0.0000000000e+00,0.0000000000e+00,1.2772230000e-03
0.0000000000e+00,0.0000000000e+00,1.2556869000e-03
0.0000000000e+00,0.0000000000e+00,1.2548990000e-03
0.0000000000e+00,0.0000000000e+00,1.2541115000e-03
0.0000000000e+00,0.0000000000e+00,1.2533247000e-03
0.0000000000e+00,0.0000000000e+00,9.9125702000e-04
0.0000000000e+00,0.0000000000e+00,3.7084409000e-04
0.0000000000e+00,0.0000000000e+00,0.0000000000e+00
0.0000000000e+00,0.0000000000e+00,0.0000000000e+00
0.0000000000e+00,0.0000000000e+00,0.0000000000e+00
0.0000000000e+00,0.0000000000e+00,0.0000000000e+00
0.0000000000e+00,0.0000000000e+00,0.0000000000e+00
0.0000000000e+00,0.0000000000e+00,0.0000000000e+00
0.0000000000e+00,0.0000000000e+00,0.0000000000e+00
0.0000000000e+00,0.0000000000e+00,0.0000000000e+00
0.0000000000e+00,0.0000000000e+00,0.0000000000e+00
0.0000000000e+00,0.0000000000e+00,0.0000000000e+00
0.0000000000e+00,0.0000000000e+00,0.0000000000e+00
0.0000000000e+00,0.0000000000e+00,3.6145205000e-04
0.0000000000e+00,0.0000000000e+00,9.8029966000e-04
0.0000000000e+00,0.0000000000e+00,1.2408019000e-03
0.0000000000e+00,0.0000000000e+00,1.2400234000e-03
0.0000000000e+00,0.0000000000e+00,1.2392454000e-03
0.0000000000e+00,0.0000000000e+00,1.2384678000e-03
0.0000000000e+00,0.0000000000e+00,1.2376908000e-03
0.0000000000e+00,0.0000000000e+00,1.2171147000e-03
0.0000000000e+00,0.0000000000e+00,1.2163633000e-03
0.0000000000e+00,0.0000000000e+00,1.2156123000e-03
0.0000000000e+00,0.0000000000e+00,1.2148618000e-03
0.0000000000e+00,0.0000000000e+00,9.2041155000e-04
0.0000000000e+00,0.0000000000e+00,2.5198632000e-04
0.0000000000e+00,0.0000000000e+00,0.0000000000e+00
0.0000000000e+00,0.0000000000e+00,0.0000000000e+00
0.0000000000e+00,0.0000000000e+00,0.0000000000e+00
0.0000000000e+00,0.0000000000e+00,0.0000000000e+00
0.0000000000e+00,0.0000000000e+00,0.0000000000e+00
0.0000000000e+00,0.0000000000e+00,0.0000000000e+00
0.0000000000e+00,0.0000000000e+00,0.0000000000e+00
0.0000000000e+00,0.0000000000e+00,0.0000000000e+00
0.0000000000e+00,0.0000000000e+00,0.0000000000e+00
0.0000000000e+00,0.0000000000e+00,0.0000000000e+00
0.0000000000e+00,0.0000000000e+00,0.0000000000e+00
0.0000000000e+00,0.0000000000e+00,2.4302746000e-04
0.0000000000e+00,0.0000000000e+00,9.0995943000e-04
0.0000000000e+00,0.0000000000e+00,1.2029166000e-03
0.0000000000e+00,0.0000000000e+00,1.2021740000e-03
0.0000000000e+00,0.0000000000e+00,1.2014317000e-03
0.0000000000e+00,0.0000000000e+00,1.2006901000e-03
0.0000000000e+00,0.0000000000e+00,1.1999487000e-03
0.0000000000e+00,0.0000000000e+00,1.1802850000e-03
0.0000000000e+00,0.0000000000e+00,1.1795678000e-03
0.0000000000e+00,0.0000000000e+00,1.1788511000e-03
0.0000000000e+00,0.0000000000e+00,1.1781347000e-03
0.0000000000e+00,0.0000000000e+00,8.8786858000e-04
0.0000000000e+00,0.0000000000e+00,2.5452080000e-04
0.0000000000e+00,0.0000000000e+00,0.0000000000e+00
0.0000000000e+00,0.0000000000e+00,0.0000000000e+00
0.0000000000e+00,0.0000000000e+00,0.0000000000e+00
0.0000000000e+00,0.0000000000e+00,0.0000000000e+00
0.0000000000e+00,0.0000000000e+00,0.0000000000e+00
0.0000000000e+00,0.0000000000e+00,0.0000000000e+00
0.0000000000e+00,0.0000000000e+00,0.0000000000e+00
0.0000000000e+00,0.0000000000e+00,0.0000000000e+00
0.0000000000e+00,0.0000000000e+00,0.0000000000e+00
0.0000000000e+00,0.0000000000e+00,0.0000000000e+00
0.0000000000e+00,0.0000000000e+00,0.0000000000e+00
0.0000000000e+00,0.0000000000e+00,2.4596928000e-04
0.0000000000e+00,0.0000000000e+00,8.7789178000e-04
0.0000000000e+00,0.0000000000e+00,1.1667327000e-03
0.0000000000e+00,0.0000000000e+00,1.1660238000e-03
0.0000000000e+00,0.0000000000e+00,1.1653153000e-03
0.0000000000e+00,0.0000000000e+00,1.1646072000e-03
0.0000000000e+00,0.0000000000e+00,1.1638995000e-03
0.0000000000e+00,0.0000000000e+00,1.1451030000e-03
0.0000000000e+00,0.0000000000e+00,1.1444180000e-03
0.0000000000e+00,0.0000000000e+00,1.1437334000e-03
0.0000000000e+00,0.0000000000e+00,1.1430492000e-03
0.0000000000e+00,0.0000000000e+00,8.2183519000e-04
0.0000000000e+00,0.0000000000e+00,1.4647085000e-04
0.0000000000e+00,0.0000000000e+00,0.0000000000e+00
0.0000000000e+00,0.0000000000e+00,0.0000000000e+00
0.0000000000e+00,0.0000000000e+00,0.0000000000e+00
0.0000000000e+00,0.0000000000e+00,0.0000000000e+00
0.0000000000e+00,0.0000000000e+00,0.0000000000e+00
0.0000000000e+00,0.0000000000e+00,0.0000000000e+00
0.0000000000e+00,0.0000000000e+00,0.0000000000e+00
0.0000000000e+00,0.0000000000e+00,0.0000000000e+00
0.0000000000e+00,0.0000000000e+00,0.0000000000e+00
0.0000000000e+00,0.0000000000e+00,0.0000000000e+00
0.0000000000e+00,0.0000000000e+00,0.0000000000e+00
0.0000000000e+00,0.0000000000e+00,1.3830245000e-04
0.0000000000e+00,0.0000000000e+00,8.1230531000e-04
0.0000000000e+00,0.0000000000e+00,1.1321580000e-03
0.0000000000e+00,0.0000000000e+00,1.1314808000e-03
0.0000000000e+00,0.0000000000e+00,1.1308038000e-03
0.0000000000e+00,0.0000000000e+00,1.1301275000e-03
0.0000000000e+00,0.0000000000e+00,1.1294514000e-03
0.0000000000e+00,0.0000000000e+00,1.1114792000e-03
0.0000000000e+00,0.0000000000e+00,1.1108245000e-03
0.0000000000e+00,0.0000000000e+00,1.1101703000e-03
0.0000000000e+00,0.0000000000e+00,1.1095162000e-03
0.0000000000e+00,0.0000000000e+00,8.0844812000e-04
0.0000000000e+00,0.0000000000e+00,1.9726221000e-04
0.0000000000e+00,0.0000000000e+00,0.0000000000e+00
0.0000000000e+00,0.0000000000e+00,0.0000000000e+00
0.0000000000e+00,0.0000000000e+00,0.0000000000e+00
0.0000000000e+00,0.0000000000e+00,0.0000000000e+00
0.0000000000e+00,0.0000000000e+00,0.0000000000e+00
0.0000000000e+00,0.0000000000e+00,0.0000000000e+00
0.0000000000e+00,0.0000000000e+00,0.0000000000e+00
0.0000000000e+00,0.0000000000e+00,0.0000000000e+00
0.0000000000e+00,0.0000000000e+00,0.0000000000e+00
0.0000000000e+00,0.0000000000e+00,0.0000000000e+00
0.0000000000e+00,0.0000000000e+00,0.0000000000e+00
0.0000000000e+00,0.0000000000e+00,1.8945447000e-04
0.0000000000e+00,0.0000000000e+00,7.9933897000e-04
0.0000000000e+00,0.0000000000e+00,1.0991059000e-03
0.0000000000e+00,0.0000000000e+00,1.0984585000e-03
0.0000000000e+00,0.0000000000e+00,1.0978115000e-03
0.0000000000e+00,0.0000000000e+00,1.0971648000e-03
0.0000000000e+00,0.0000000000e+00,1.0965186000e-03
0.0000000000e+00,0.0000000000e+00,1.0793307000e-03
0.0000000000e+00,0.0000000000e+00,1.0787045000e-03
0.0000000000e+00,0.0000000000e+00,1.0780788000e-03
0.0000000000e+00,0.0000000000e+00,1.0774533000e-03
0.0000000000e+00,0.0000000000e+00,7.8209280000e-04
0.0000000000e+00,0.0000000000e+00,2.0195130000e-04
0.0000000000e+00,0.0000000000e+00,0.0000000000e+00
0.0000000000e+00,0.0000000000e+00,0.0000000000e+00
0.0000000000e+00,0.0000000000e+00,0.0000000000e+00
0.0000000000e+00,0.0000000000e+00,0.0000000000e+00
0.0000000000e+00,0.0000000000e+00,0.0000000000e+00
0.0000000000e+00,0.0000000000e+00,0.0000000000e+00
0.0000000000e+00,0.0000000000e+00,0.0000000000e+00
0.0000000000e+00,0.0000000000e+00,0.0000000000e+00
0.0000000000e+00,0.0000000000e+00,0.0000000000e+00
0.0000000000e+00,0.0000000000e+00,0.0000000000e+00
0.0000000000e+00,0.0000000000e+00,0.0000000000e+00
0.0000000000e+00,0.0000000000e+00,1.9448315000e-04
0.0000000000e+00,0.0000000000e+00,7.7337993000e-04
0.0000000000e+00,0.0000000000e+00,1.0674957000e-03
0.0000000000e+00,0.0000000000e+00,1.0668763000e-03
0.0000000000e+00,0.0000000000e+00,1.0662575000e-03
0.0000000000e+00,0.0000000000e+00,1.0656388000e-03
0.0000000000e+00,0.0000000000e+00,1.0650207000e-03
0.0000000000e+00,0.0000000000e+00,1.0485790000e-03
0.0000000000e+00,0.0000000000e+00,1.0479797000e-03
0.0000000000e+00,0.0000000000e+00,1.0473807000e-03
0.0000000000e+00,0.0000000000e+00,1.0467822000e-03
0.0000000000e+00,0.0000000000e+00,6.7109929000e-04
0.0000000000e+00,0.0000000000e+00,0.0000000000e+00
0.0000000000e+00,0.0000000000e+00,0.0000000000e+00
0.0000000000e+00,0.0000000000e+00,0.0000000000e+00
0.0000000000e+00,0.0000000000e+00,0.0000000000e+00
0.0000000000e+00,0.0000000000e+00,0.0000000000e+00
0.0000000000e+00,0.0000000000e+00,0.0000000000e+00
0.0000000000e+00,0.0000000000e+00,0.0000000000e+00
0.0000000000e+00,0.0000000000e+00,0.0000000000e+00
0.0000000000e+00,0.0000000000e+00,0.0000000000e+00
0.0000000000e+00,0.0000000000e+00,0.0000000000e+00
0.0000000000e+00,0.0000000000e+00,0.0000000000e+00
0.0000000000e+00,0.0000000000e+00,0.0000000000e+00
0.0000000000e+00,0.0000000000e+00,0.0000000000e+00
0.0000000000e+00,0.0000000000e+00,6.6275964000e-04
0.0000000000e+00,0.0000000000e+00,1.0372512000e-03
0.0000000000e+00,0.0000000000e+00,1.0366584000e-03
0.0000000000e+00,0.0000000000e+00,1.0360660000e-03
0.0000000000e+00,0.0000000000e+00,1.0354739000e-03
0.0000000000e+00,0.0000000000e+00,1.0348822000e-03
0.0000000000e+00,0.0000000000e+00,1.0191507000e-03
0.0000000000e+00,0.0000000000e+00,1.0185768000e-03
0.0000000000e+00,0.0000000000e+00,1.0180032000e-03
0.0000000000e+00,0.0000000000e+00,1.0174299000e-03
0.0000000000e+00,0.0000000000e+00,6.2229612000e-04
0.0000000000e+00,0.0000000000e+00,0.0000000000e+00
0.0000000000e+00,0.0000000000e+00,0.0000000000e+00
0.0000000000e+00,0.0000000000e+00,0.0000000000e+00
0.0000000000e+00,0.0000000000e+00,0.0000000000e+00
0.0000000000e+00,0.0000000000e+00,0.0000000000e+00
0.0000000000e+00,0.0000000000e+00,0.0000000000e+00
0.0000000000e+00,0.0000000000e+00,0.0000000000e+00
0.0000000000e+00,0.0000000000e+00,0.0000000000e+00
0.0000000000e+00,0.0000000000e+00,0.0000000000e+00
0.0000000000e+00,0.0000000000e+00,0.0000000000e+00
0.0000000000e+00,0.0000000000e+00,0.0000000000e+00
0.0000000000e+00,0.0000000000e+00,0.0000000000e+00
0.0000000000e+00,0.0000000000e+00,0.0000000000e+00
0.0000000000e+00,0.0000000000e+00,6.1430864000e-04
0.0000000000e+00,0.0000000000e+00,1.0083012000e-03
0.0000000000e+00,0.0000000000e+00,1.0077334000e-03
0.0000000000e+00,0.0000000000e+00,1.0071659000e-03
0.0000000000e+00,0.0000000000e+00,1.0065987000e-03
0.0000000000e+00,0.0000000000e+00,1.0060319000e-03
0.0000000000e+00,0.0000000000e+00,9.9097670000e-04
0.0000000000e+00,0.0000000000e+00,9.9042675000e-04
0.0000000000e+00,0.0000000000e+00,9.8987704000e-04
0.0000000000e+00,0.0000000000e+00,9.8932756000e-04
0.0000000000e+00,0.0000000000e+00,5.8635749000e-04
0.0000000000e+00,0.0000000000e+00,0.0000000000e+00
0.0000000000e+00,0.0000000000e+00,0.0000000000e+00
0.0000000000e+00,0.0000000000e+00,0.0000000000e+00
0.0000000000e+00,0.0000000000e+00,0.0000000000e+00
0.0000000000e+00,0.0000000000e+00,0.0000000000e+00
0.0000000000e+00,0.0000000000e+00,0.0000000000e+00
0.0000000000e+00,0.0000000000e+00,0.0000000000e+00
0.0000000000e+00,0.0000000000e+00,0.0000000000e+00
0.0000000000e+00,0.0000000000e+00,0.0000000000e+00
0.0000000000e+00,0.0000000000e+00,0.0000000000e+00
0.0000000000e+00,0.0000000000e+00,0.0000000000e+00
0.0000000000e+00,0.0000000000e+00,0.0000000000e+00
0.0000000000e+00,0.0000000000e+00,0.0000000000e+00
0.0000000000e+00,0.0000000000e+00,5.7870202000e-04
0.0000000000e+00,0.0000000000e+00,9.8057848000e-04
0.0000000000e+00,0.0000000000e+00,9.8003424000e-04
0.0000000000e+00,0.0000000000e+00,9.7949035000e-04
0.0000000000e+00,0.0000000000e+00,9.7894657000e-04
0.0000000000e+00,0.0000000000e+00,9.7840326000e-04
0.0000000000e+00,0.0000000000e+00,9.6399232000e-04
0.0000000000e+00,0.0000000000e+00,9.6346484000e-04
0.0000000000e+00,0.0000000000e+00,9.6293772000e-04
0.0000000000e+00,0.0000000000e+00,9.6241082000e-04
0.0000000000e+00,0.0000000000e+00,6.2044500000e-04
0.0000000000e+00,0.0000000000e+00,2.1090498000e-05
0.0000000000e+00,0.0000000000e+00,0.0000000000e+00
0.0000000000e+00,0.0000000000e+00,0.0000000000e+00
0.0000000000e+00,0.0000000000e+00,0.0000000000e+00
0.0000000000e+00,0.0000000000e+00,0.0000000000e+00
0.0000000000e+00,0.0000000000e+00,0.0000000000e+00
0.0000000000e+00,0.0000000000e+00,0.0000000000e+00
0.0000000000e+00,0.0000000000e+00,0.0000000000e+00
0.0000000000e+00,0.0000000000e+00,0.0000000000e+00
0.0000000000e+00,0.0000000000e+00,0.0000000000e+00
0.0000000000e+00,0.0000000000e+00,0.0000000000e+00
0.0000000000e+00,0.0000000000e+00,0.0000000000e+00
0.0000000000e+00,0.0000000000e+00,1.4797319000e-05
0.0000000000e+00,0.0000000000e+00,6.1310292000e-04
0.0000000000e+00,0.0000000000e+00,9.5401995000e-04
0.0000000000e+00,0.0000000000e+00,9.5349795000e-04
0.0000000000e+00,0.0000000000e+00,9.5297623000e-04
0.0000000000e+00,0.0000000000e+00,9.5245481000e-04
0.0000000000e+00,0.0000000000e+00,9.5193362000e-04
0.0000000000e+00,0.0000000000e+00,9.3813642000e-04
0.0000000000e+00,0.0000000000e+00,9.3763031000e-04
0.0000000000e+00,0.0000000000e+00,9.3712442000e-04
0.0000000000e+00,0.0000000000e+00,9.3661883000e-04
0.0000000000e+00,0.0000000000e+00,6.2467880000e-04
0.0000000000e+00,0.0000000000e+00,9.1250346000e-05
0.0000000000e+00,0.0000000000e+00,0.0000000000e+00
0.0000000000e+00,0.0000000000e+00,0.0000000000e+00
0.0000000000e+00,0.0000000000e+00,0.0000000000e+00
0.0000000000e+00,0.0000000000e+00,0.0000000000e+00
0.0000000000e+00,0.0000000000e+00,0.0000000000e+00
0.0000000000e+00,0.0000000000e+00,0.0000000000e+00
0.0000000000e+00,0.0000000000e+00,0.0000000000e+00
0.0000000000e+00,0.0000000000e+00,0.0000000000e+00
0.0000000000e+00,0.0000000000e+00,0.0000000000e+00
0.0000000000e+00,0.0000000000e+00,0.0000000000e+00
0.0000000000e+00,0.0000000000e+00,0.0000000000e+00
0.0000000000e+00,0.0000000000e+00,8.5210952000e-05
0.0000000000e+00,0.0000000000e+00,6.1763288000e-04
0.0000000000e+00,0.0000000000e+00,9.2856627000e-04
0.0000000000e+00,0.0000000000e+00,9.2806533000e-04
0.0000000000e+00,0.0000000000e+00,9.2756463000e-04
0.0000000000e+00,0.0000000000e+00,9.2706416000e-04
0.0000000000e+00,0.0000000000e+00,9.2656398000e-04
0.0000000000e+00,0.0000000000e+00,9.1335172000e-04
0.0000000000e+00,0.0000000000e+00,9.1286568000e-04
0.0000000000e+00,0.0000000000e+00,9.1237994000e-04
0.0000000000e+00,0.0000000000e+00,9.1189443000e-04
0.0000000000e+00,0.0000000000e+00,5.3957663000e-04
0.0000000000e+00,0.0000000000e+00,0.0000000000e+00
0.0000000000e+00,0.0000000000e+00,0.0000000000e+00
0.0000000000e+00,0.0000000000e+00,0.0000000000e+00
0.0000000000e+00,0.0000000000e+00,0.0000000000e+00
0.0000000000e+00,0.0000000000e+00,0.0000000000e+00
0.0000000000e+00,0.0000000000e+00,0.0000000000e+00
0.0000000000e+00,0.0000000000e+00,0.0000000000e+00
0.0000000000e+00,0.0000000000e+00,0.0000000000e+00
0.0000000000e+00,0.0000000000e+00,0.0000000000e+00
0.0000000000e+00,0.0000000000e+00,0.0000000000e+00
0.0000000000e+00,0.0000000000e+00,0.0000000000e+00
0.0000000000e+00,0.0000000000e+00,0.0000000000e+00
0.0000000000e+00,0.0000000000e+00,0.0000000000e+00
0.0000000000e+00,0.0000000000e+00,5.3281052000e-04
0.0000000000e+00,0.0000000000e+00,9.0416166000e-04
0.0000000000e+00,0.0000000000e+00,9.0368051000e-04
0.0000000000e+00,0.0000000000e+00,9.0319960000e-04
0.0000000000e+00,0.0000000000e+00,9.0271898000e-04
0.0000000000e+00,0.0000000000e+00,9.0223859000e-04
0.0000000000e+00,0.0000000000e+00,8.8958401000e-04
0.0000000000e+00,0.0000000000e+00,8.8911707000e-04
0.0000000000e+00,0.0000000000e+00,8.8865036000e-04
0.0000000000e+00,0.0000000000e+00,8.8818389000e-04
0.0000000000e+00,0.0000000000e+00,5.1143486000e-04
0.0000000000e+00,0.0000000000e+00,0.0000000000e+00
0.0000000000e+00,0.0000000000e+00,0.0000000000e+00
0.0000000000e+00,0.0000000000e+00,0.0000000000e+00
0.0000000000e+00,0.0000000000e+00,0.0000000000e+00
0.0000000000e+00,0.0000000000e+00,0.0000000000e+00
0.0000000000e+00,0.0000000000e+00,0.0000000000e+00
0.0000000000e+00,0.0000000000e+00,0.0000000000e+00
0.0000000000e+00,0.0000000000e+00,0.0000000000e+00
0.0000000000e+00,0.0000000000e+00,0.0000000000e+00
0.0000000000e+00,0.0000000000e+00,0.0000000000e+00
0.0000000000e+00,0.0000000000e+00,0.0000000000e+00
0.0000000000e+00,0.0000000000e+00,0.0000000000e+00
0.0000000000e+00,0.0000000000e+00,0.0000000000e+00
0.0000000000e+00,0.0000000000e+00,5.0493318000e-04
0.0000000000e+00,0.0000000000e+00,8.8075333000e-04
0.0000000000e+00,0.0000000000e+00,8.8029105000e-04
0.0000000000e+00,0.0000000000e+00,8.7982899000e-04
0.0000000000e+00,0.0000000000e+00,8.7936711000e-04
0.0000000000e+00,0.0000000000e+00,8.7890547000e-04
0.0000000000e+00,0.0000000000e+00,8.6678274000e-04
0.0000000000e+00,0.0000000000e+00,8.6633378000e-04
0.0000000000e+00,0.0000000000e+00,8.6588511000e-04
0.0000000000e+00,0.0000000000e+00,8.6543657000e-04
0.0000000000e+00,0.0000000000e+00,5.4332800000e-04
0.0000000000e+00,0.0000000000e+00,2.7409231000e-05
0.0000000000e+00,0.0000000000e+00,0.0000000000e+00
0.0000000000e+00,0.0000000000e+00,0.0000000000e+00
0.0000000000e+00,0.0000000000e+00,0.0000000000e+00
0.0000000000e+00,0.0000000000e+00,0.0000000000e+00
0.0000000000e+00,0.0000000000e+00,0.0000000000e+00
0.0000000000e+00,0.0000000000e+00,0.0000000000e+00
0.0000000000e+00,0.0000000000e+00,0.0000000000e+00
0.0000000000e+00,0.0000000000e+00,0.0000000000e+00
0.0000000000e+00,0.0000000000e+00,0.0000000000e+00
0.0000000000e+00,0.0000000000e+00,0.0000000000e+00
0.0000000000e+00,0.0000000000e+00,0.0000000000e+00
0.0000000000e+00,0.0000000000e+00,2.2050866000e-05
0.0000000000e+00,0.0000000000e+00,5.3707662000e-04
0.0000000000e+00,0.0000000000e+00,8.5829210000e-04
0.0000000000e+00,0.0000000000e+00,8.5784751000e-04
0.0000000000e+00,0.0000000000e+00,8.5740321000e-04
0.0000000000e+00,0.0000000000e+00,8.5695914000e-04
0.0000000000e+00,0.0000000000e+00,8.5651525000e-04
0.0000000000e+00,0.0000000000e+00,8.4489986000e-04
0.0000000000e+00,0.0000000000e+00,8.4446796000e-04
0.0000000000e+00,0.0000000000e+00,8.4403623000e-04
0.0000000000e+00,0.0000000000e+00,8.4360479000e-04
0.0000000000e+00,0.0000000000e+00,5.3477695000e-04
0.0000000000e+00,0.0000000000e+00,4.9588096000e-05
0.0000000000e+00,0.0000000000e+00,0.0000000000e+00
0.0000000000e+00,0.0000000000e+00,0.0000000000e+00
0.0000000000e+00,0.0000000000e+00,0.0000000000e+00
0.0000000000e+00,0.0000000000e+00,0.0000000000e+00
0.0000000000e+00,0.0000000000e+00,0.0000000000e+00
0.0000000000e+00,0.0000000000e+00,0.0000000000e+00
0.0000000000e+00,0.0000000000e+00,0.0000000000e+00
0.0000000000e+00,0.0000000000e+00,0.0000000000e+00
0.0000000000e+00,0.0000000000e+00,0.0000000000e+00
0.0000000000e+00,0.0000000000e+00,0.0000000000e+00
0.0000000000e+00,0.0000000000e+00,0.0000000000e+00
0.0000000000e+00,0.0000000000e+00,4.4432876000e-05
0.0000000000e+00,0.0000000000e+00,5.2876252000e-04
0.0000000000e+00,0.0000000000e+00,8.3673111000e-04
0.0000000000e+00,0.0000000000e+00,8.3630340000e-04
0.0000000000e+00,0.0000000000e+00,8.3587586000e-04
0.0000000000e+00,0.0000000000e+00,8.3544856000e-04
0.0000000000e+00,0.0000000000e+00,8.3502149000e-04
0.0000000000e+00,0.0000000000e+00,8.2389021000e-04
0.0000000000e+00,0.0000000000e+00,8.2347449000e-04
0.0000000000e+00,0.0000000000e+00,8.2305889000e-04
0.0000000000e+00,0.0000000000e+00,8.2264357000e-04
0.0000000000e+00,0.0000000000e+00,5.0965254000e-04
0.0000000000e+00,0.0000000000e+00,2.6740483000e-05
0.0000000000e+00,0.0000000000e+00,0.0000000000e+00
0.0000000000e+00,0.0000000000e+00,0.0000000000e+00
0.0000000000e+00,0.0000000000e+00,0.0000000000e+00
0.0000000000e+00,0.0000000000e+00,0.0000000000e+00
0.0000000000e+00,0.0000000000e+00,0.0000000000e+00
0.0000000000e+00,0.0000000000e+00,0.0000000000e+00
0.0000000000e+00,0.0000000000e+00,0.0000000000e+00
0.0000000000e+00,0.0000000000e+00,0.0000000000e+00
0.0000000000e+00,0.0000000000e+00,0.0000000000e+00
0.0000000000e+00,0.0000000000e+00,0.0000000000e+00
0.0000000000e+00,0.0000000000e+00,0.0000000000e+00
0.0000000000e+00,0.0000000000e+00,2.1777581000e-05
0.0000000000e+00,0.0000000000e+00,5.0386251000e-04
0.0000000000e+00,0.0000000000e+00,8.1602641000e-04
0.0000000000e+00,0.0000000000e+00,8.1561459000e-04
0.0000000000e+00,0.0000000000e+00,8.1520301000e-04
0.0000000000e+00,0.0000000000e+00,8.1479165000e-04
0.0000000000e+00,0.0000000000e+00,8.1438047000e-04
0.0000000000e+00,0.0000000000e+00,8.0371124000e-04
0.0000000000e+00,0.0000000000e+00,8.0331072000e-04
0.0000000000e+00,0.0000000000e+00,8.0291042000e-04
0.0000000000e+00,0.0000000000e+00,8.0251036000e-04
0.0000000000e+00,0.0000000000e+00,4.5096956000e-04
0.0000000000e+00,0.0000000000e+00,0.0000000000e+00
0.0000000000e+00,0.0000000000e+00,0.0000000000e+00
0.0000000000e+00,0.0000000000e+00,0.0000000000e+00
0.0000000000e+00,0.0000000000e+00,0.0000000000e+00
0.0000000000e+00,0.0000000000e+00,0.0000000000e+00
0.0000000000e+00,0.0000000000e+00,0.0000000000e+00
0.0000000000e+00,0.0000000000e+00,0.0000000000e+00
0.0000000000e+00,0.0000000000e+00,0.0000000000e+00
0.0000000000e+00,0.0000000000e+00,0.0000000000e+00
0.0000000000e+00,0.0000000000e+00,0.0000000000e+00
0.0000000000e+00,0.0000000000e+00,0.0000000000e+00
0.0000000000e+00,0.0000000000e+00,0.0000000000e+00
0.0000000000e+00,0.0000000000e+00,0.0000000000e+00
0.0000000000e+00,0.0000000000e+00,4.4539222000e-04
0.0000000000e+00,0.0000000000e+00,7.9613621000e-04
0.0000000000e+00,0.0000000000e+00,7.9573953000e-04
0.0000000000e+00,0.0000000000e+00,7.9534302000e-04
0.0000000000e+00,0.0000000000e+00,7.9494668000e-04
0.0000000000e+00,0.0000000000e+00,7.9455064000e-04
0.0000000000e+00,0.0000000000e+00,7.8432256000e-04
0.0000000000e+00,0.0000000000e+00,7.8393659000e-04
0.0000000000e+00,0.0000000000e+00,7.8355079000e-04
0.0000000000e+00,0.0000000000e+00,7.8316522000e-04
0.0000000000e+00,0.0000000000e+00,3.4999746000e-04
0.0000000000e+00,0.0000000000e+00,0.0000000000e+00
0.0000000000e+00,0.0000000000e+00,0.0000000000e+00
0.0000000000e+00,0.0000000000e+00,0.0000000000e+00
0.0000000000e+00,0.0000000000e+00,0.0000000000e+00
0.0000000000e+00,0.0000000000e+00,0.0000000000e+00
0.0000000000e+00,0.0000000000e+00,0.0000000000e+00
0.0000000000e+00,0.0000000000e+00,0.0000000000e+00
0.0000000000e+00,0.0000000000e+00,0.0000000000e+00
0.0000000000e+00,0.0000000000e+00,0.0000000000e+00
0.0000000000e+00,0.0000000000e+00,0.0000000000e+00
0.0000000000e+00,0.0000000000e+00,0.0000000000e+00
0.0000000000e+00,0.0000000000e+00,0.0000000000e+00
0.0000000000e+00,0.0000000000e+00,0.0000000000e+00
0.0000000000e+00,0.0000000000e+00,3.4462157000e-04
0.0000000000e+00,0.0000000000e+00,7.7702134000e-04
0.0000000000e+00,0.0000000000e+00,7.7663898000e-04
0.0000000000e+00,0.0000000000e+00,7.7625678000e-04
0.0000000000e+00,0.0000000000e+00,7.7587477000e-04
0.0000000000e+00,0.0000000000e+00,7.7549292000e-04
0.0000000000e+00,0.0000000000e+00,7.6568610000e-04
0.0000000000e+00,0.0000000000e+00,7.6531386000e-04
0.0000000000e+00,0.0000000000e+00,7.6494180000e-04
0.0000000000e+00,0.0000000000e+00,7.6456991000e-04
0.0000000000e+00,0.0000000000e+00,3.8443983000e-04
0.0000000000e+00,0.0000000000e+00,0.0000000000e+00
0.0000000000e+00,0.0000000000e+00,0.0000000000e+00
0.0000000000e+00,0.0000000000e+00,0.0000000000e+00
0.0000000000e+00,0.0000000000e+00,0.0000000000e+00
0.0000000000e+00,0.0000000000e+00,0.0000000000e+00
0.0000000000e+00,0.0000000000e+00,0.0000000000e+00
0.0000000000e+00,0.0000000000e+00,0.0000000000e+00
0.0000000000e+00,0.0000000000e+00,0.0000000000e+00
0.0000000000e+00,0.0000000000e+00,0.0000000000e+00
0.0000000000e+00,0.0000000000e+00,0.0000000000e+00
0.0000000000e+00,0.0000000000e+00,0.0000000000e+00
0.0000000000e+00,0.0000000000e+00,0.0000000000e+00
0.0000000000e+00,0.0000000000e+00,0.0000000000e+00
0.0000000000e+00,0.0000000000e+00,3.7925522000e-04
0.0000000000e+00,0.0000000000e+00,7.5864466000e-04
0.0000000000e+00,0.0000000000e+00,7.5827586000e-04
0.0000000000e+00,0.0000000000e+00,7.5790723000e-04
0.0000000000e+00,0.0000000000e+00,7.5753877000e-04
0.0000000000e+00,0.0000000000e+00,7.5717049000e-04
0.0000000000e+00,0.0000000000e+00,7.4776600000e-04
0.0000000000e+00,0.0000000000e+00,7.4740686000e-04
0.0000000000e+00,0.0000000000e+00,7.4704783000e-04
0.0000000000e+00,0.0000000000e+00,7.4668898000e-04
0.0000000000e+00,0.0000000000e+00,3.8457455000e-04
0.0000000000e+00,0.0000000000e+00,0.0000000000e+00
0.0000000000e+00,0.0000000000e+00,0.0000000000e+00
0.0000000000e+00,0.0000000000e+00,0.0000000000e+00
0.0000000000e+00,0.0000000000e+00,0.0000000000e+00
0.0000000000e+00,0.0000000000e+00,0.0000000000e+00
0.0000000000e+00,0.0000000000e+00,0.0000000000e+00
0.0000000000e+00,0.0000000000e+00,0.0000000000e+00
0.0000000000e+00,0.0000000000e+00,0.0000000000e+00
0.0000000000e+00,0.0000000000e+00,0.0000000000e+00
0.0000000000e+00,0.0000000000e+00,0.0000000000e+00
0.0000000000e+00,0.0000000000e+00,0.0000000000e+00
0.0000000000e+00,0.0000000000e+00,0.0000000000e+00
0.0000000000e+00,0.0000000000e+00,0.0000000000e+00
0.0000000000e+00,0.0000000000e+00,3.7957114000e-04
0.0000000000e+00,0.0000000000e+00,7.4097083000e-04
0.0000000000e+00,0.0000000000e+00,7.4061489000e-04
0.0000000000e+00,0.0000000000e+00,7.4025913000e-04
0.0000000000e+00,0.0000000000e+00,7.3990354000e-04
0.0000000000e+00,0.0000000000e+00,7.3954812000e-04
0.0000000000e+00,0.0000000000e+00,7.3052809000e-04
0.0000000000e+00,0.0000000000e+00,7.3018135000e-04
0.0000000000e+00,0.0000000000e+00,7.2983472000e-04
0.0000000000e+00,0.0000000000e+00,7.2948833000e-04
0.0000000000e+00,0.0000000000e+00,3.4703303000e-04
0.0000000000e+00,0.0000000000e+00,0.0000000000e+00
0.0000000000e+00,0.0000000000e+00,0.0000000000e+00
0.0000000000e+00,0.0000000000e+00,0.0000000000e+00
0.0000000000e+00,0.0000000000e+00,0.0000000000e+00
0.0000000000e+00,0.0000000000e+00,0.0000000000e+00
0.0000000000e+00,0.0000000000e+00,0.0000000000e+00
0.0000000000e+00,0.0000000000e+00,0.0000000000e+00
0.0000000000e+00,0.0000000000e+00,0.0000000000e+00
0.0000000000e+00,0.0000000000e+00,0.0000000000e+00
0.0000000000e+00,0.0000000000e+00,0.0000000000e+00
0.0000000000e+00,0.0000000000e+00,0.0000000000e+00
0.0000000000e+00,0.0000000000e+00,0.0000000000e+00
0.0000000000e+00,0.0000000000e+00,0.0000000000e+00
0.0000000000e+00,0.0000000000e+00,3.4220220000e-04
0.0000000000e+00,0.0000000000e+00,7.2396739000e-04
0.0000000000e+00,0.0000000000e+00,7.2362373000e-04
0.0000000000e+00,0.0000000000e+00,7.2328025000e-04
0.0000000000e+00,0.0000000000e+00,7.2293688000e-04
0.0000000000e+00,0.0000000000e+00,7.2259374000e-04
0.0000000000e+00,0.0000000000e+00,7.1394112000e-04
0.0000000000e+00,0.0000000000e+00,7.1360607000e-04
0.0000000000e+00,0.0000000000e+00,7.1327126000e-04
0.0000000000e+00,0.0000000000e+00,7.1293657000e-04
0.0000000000e+00,0.0000000000e+00,2.6943733000e-04
0.0000000000e+00,0.0000000000e+00,0.0000000000e+00
0.0000000000e+00,0.0000000000e+00,0.0000000000e+00
0.0000000000e+00,0.0000000000e+00,0.0000000000e+00
0.0000000000e+00,0.0000000000e+00,0.0000000000e+00
0.0000000000e+00,0.0000000000e+00,0.0000000000e+00
0.0000000000e+00,0.0000000000e+00,0.0000000000e+00
0.0000000000e+00,0.0000000000e+00,0.0000000000e+00
0.0000000000e+00,0.0000000000e+00,0.0000000000e+00
0.0000000000e+00,0.0000000000e+00,0.0000000000e+00
0.0000000000e+00,0.0000000000e+00,0.0000000000e+00
0.0000000000e+00,0.0000000000e+00,0.0000000000e+00
0.0000000000e+00,0.0000000000e+00,0.0000000000e+00
0.0000000000e+00,0.0000000000e+00,0.0000000000e+00
0.0000000000e+00,0.0000000000e+00,2.6477023000e-04
0.0000000000e+00,0.0000000000e+00,7.0760277000e-04
0.0000000000e+00,0.0000000000e+00,7.0727069000e-04
0.0000000000e+00,0.0000000000e+00,7.0693879000e-04
0.0000000000e+00,0.0000000000e+00,7.0660713000e-04
0.0000000000e+00,0.0000000000e+00,7.0627558000e-04
0.0000000000e+00,0.0000000000e+00,6.9797412000e-04
0.0000000000e+00,0.0000000000e+00,6.9765031000e-04
0.0000000000e+00,0.0000000000e+00,6.9732667000e-04
0.0000000000e+00,0.0000000000e+00,6.9700310000e-04
0.0000000000e+00,0.0000000000e+00,2.5503396000e-04
0.0000000000e+00,0.0000000000e+00,0.0000000000e+00
0.0000000000e+00,0.0000000000e+00,0.0000000000e+00
0.0000000000e+00,0.0000000000e+00,0.0000000000e+00
0.0000000000e+00,0.0000000000e+00,0.0000000000e+00
0.0000000000e+00,0.0000000000e+00,0.0000000000e+00
0.0000000000e+00,0.0000000000e+00,0.0000000000e+00
0.0000000000e+00,0.0000000000e+00,0.0000000000e+00
0.0000000000e+00,0.0000000000e+00,0.0000000000e+00
0.0000000000e+00,0.0000000000e+00,0.0000000000e+00
0.0000000000e+00,0.0000000000e+00,0.0000000000e+00
0.0000000000e+00,0.0000000000e+00,0.0000000000e+00
0.0000000000e+00,0.0000000000e+00,0.0000000000e+00
0.0000000000e+00,0.0000000000e+00,0.0000000000e+00
0.0000000000e+00,0.0000000000e+00,2.5052257000e-04
0.0000000000e+00,0.0000000000e+00,6.9184724000e-04
0.0000000000e+00,0.0000000000e+00,6.9152622000e-04
0.0000000000e+00,0.0000000000e+00,6.9120544000e-04
0.0000000000e+00,0.0000000000e+00,6.9088477000e-04
0.0000000000e+00,0.0000000000e+00,6.9056422000e-04
0.0000000000e+00,0.0000000000e+00,6.8259850000e-04
0.0000000000e+00,0.0000000000e+00,6.8228535000e-04
0.0000000000e+00,0.0000000000e+00,6.8197231000e-04
0.0000000000e+00,0.0000000000e+00,6.8165944000e-04
0.0000000000e+00,0.0000000000e+00,2.8226644000e-04
0.0000000000e+00,0.0000000000e+00,0.0000000000e+00
0.0000000000e+00,0.0000000000e+00,0.0000000000e+00
0.0000000000e+00,0.0000000000e+00,0.0000000000e+00
0.0000000000e+00,0.0000000000e+00,0.0000000000e+00
0.0000000000e+00,0.0000000000e+00,0.0000000000e+00
0.0000000000e+00,0.0000000000e+00,0.0000000000e+00
0.0000000000e+00,0.0000000000e+00,0.0000000000e+00
0.0000000000e+00,0.0000000000e+00,0.0000000000e+00
0.0000000000e+00,0.0000000000e+00,0.0000000000e+00
0.0000000000e+00,0.0000000000e+00,0.0000000000e+00
0.0000000000e+00,0.0000000000e+00,0.0000000000e+00
0.0000000000e+00,0.0000000000e+00,0.0000000000e+00
3.9000067000e-08,0.0000000000e+00,0.0000000000e+00
4.3510241000e-08,0.0000000000e+00,2.8293705000e-04
8.8738830000e-07,0.0000000000e+00,6.9043302000e-04
0.0000000000e+00,0.0000000000e+00,6.9753476000e-04
0.0000000000e+00,0.0000000000e+00,6.9720991000e-04
0.0000000000e+00,0.0000000000e+00,6.9688517000e-04
0.0000000000e+00,0.0000000000e+00,6.9656066000e-04
0.0000000000e+00,0.0000000000e+00,6.8847445000e-04
0.0000000000e+00,0.0000000000e+00,6.8815745000e-04
0.0000000000e+00,0.0000000000e+00,6.8784051000e-04
0.0000000000e+00,0.0000000000e+00,6.8752375000e-04
0.0000000000e+00,0.0000000000e+00,3.3626554000e-04
0.0000000000e+00,0.0000000000e+00,0.0000000000e+00
0.0000000000e+00,0.0000000000e+00,0.0000000000e+00
0.0000000000e+00,0.0000000000e+00,0.0000000000e+00
0.0000000000e+00,0.0000000000e+00,0.0000000000e+00
0.0000000000e+00,0.0000000000e+00,0.0000000000e+00
0.0000000000e+00,0.0000000000e+00,0.0000000000e+00
0.0000000000e+00,0.0000000000e+00,0.0000000000e+00
0.0000000000e+00,0.0000000000e+00,0.0000000000e+00
0.0000000000e+00,0.0000000000e+00,0.0000000000e+00
0.0000000000e+00,0.0000000000e+00,0.0000000000e+00
0.0000000000e+00,0.0000000000e+00,0.0000000000e+00
0.0000000000e+00,0.0000000000e+00,0.0000000000e+00
0.0000000000e+00,0.0000000000e+00,0.0000000000e+00
0.0000000000e+00,0.0000000000e+00,3.3184816000e-04
0.0000000000e+00,0.0000000000e+00,6.8247534000e-04
0.0000000000e+00,0.0000000000e+00,6.8216101000e-04
0.0000000000e+00,0.0000000000e+00,6.8184693000e-04
0.0000000000e+00,0.0000000000e+00,6.8153290000e-04
0.0000000000e+00,0.0000000000e+00,6.8121904000e-04
0.0000000000e+00,0.0000000000e+00,6.7345920000e-04
8.3658741000e-10,0.0000000000e+00,6.7338964000e-04
0.0000000000e+00,0.0000000000e+00,6.7333272000e-04
0.0000000000e+00,0.0000000000e+00,6.7302596000e-04
0.0000000000e+00,0.0000000000e+00,3.4490900000e-04
0.0000000000e+00,0.0000000000e+00,0.0000000000e+00
0.0000000000e+00,0.0000000000e+00,0.0000000000e+00
0.0000000000e+00,0.0000000000e+00,0.0000000000e+00
0.0000000000e+00,0.0000000000e+00,0.0000000000e+00
0.0000000000e+00,0.0000000000e+00,0.0000000000e+00
0.0000000000e+00,0.0000000000e+00,0.0000000000e+00
0.0000000000e+00,0.0000000000e+00,0.0000000000e+00
0.0000000000e+00,0.0000000000e+00,0.0000000000e+00
0.0000000000e+00,0.0000000000e+00,0.0000000000e+00
0.0000000000e+00,0.0000000000e+00,0.0000000000e+00
0.0000000000e+00,0.0000000000e+00,0.0000000000e+00
5.0610502000e-08,0.0000000000e+00,0.0000000000e+00
2.5774565000e-07,0.0000000000e+00,0.0000000000e+00
3.3587403000e-07,0.0000000000e+00,3.5670013000e-04
4.1101100000e-07,0.0000000000e+00,6.9367839000e-04
0.0000000000e+00,0.0000000000e+00,6.9848879000e-04
1.1772185000e-07,0.0000000000e+00,7.0084207000e-04
0.0000000000e+00,0.0000000000e+00,7.0336828000e-04
1.1828652000e-07,0.0000000000e+00,7.0572633000e-04
0.0000000000e+00,0.0000000000e+00,7.0026319000e-04
0.0000000000e+00,0.0000000000e+00,6.9993833000e-04
0.0000000000e+00,0.0000000000e+00,6.9961359000e-04
0.0000000000e+00,0.0000000000e+00,6.9928897000e-04
0.0000000000e+00,0.0000000000e+00,2.9451505000e-04
0.0000000000e+00,0.0000000000e+00,0.0000000000e+00
0.0000000000e+00,0.0000000000e+00,0.0000000000e+00
0.0000000000e+00,0.0000000000e+00,0.0000000000e+00
0.0000000000e+00,0.0000000000e+00,0.0000000000e+00
0.0000000000e+00,0.0000000000e+00,0.0000000000e+00
0.0000000000e+00,0.0000000000e+00,0.0000000000e+00
0.0000000000e+00,0.0000000000e+00,0.0000000000e+00
0.0000000000e+00,0.0000000000e+00,0.0000000000e+00
0.0000000000e+00,0.0000000000e+00,0.0000000000e+00
0.0000000000e+00,0.0000000000e+00,0.0000000000e+00
0.0000000000e+00,0.0000000000e+00,0.0000000000e+00
0.0000000000e+00,0.0000000000e+00,0.0000000000e+00
0.0000000000e+00,0.0000000000e+00,0.0000000000e+00
0.0000000000e+00,0.0000000000e+00,2.8998876000e-04
0.0000000000e+00,0.0000000000e+00,6.9411605000e-04
0.0000000000e+00,0.0000000000e+00,6.9379399000e-04
0.0000000000e+00,0.0000000000e+00,6.9347210000e-04
0.0000000000e+00,0.0000000000e+00,6.9315039000e-04
0.0000000000e+00,0.0000000000e+00,6.9282879000e-04
0.0000000000e+00,0.0000000000e+00,6.8483653000e-04
0.0000000000e+00,0.0000000000e+00,6.8452227000e-04
0.0000000000e+00,0.0000000000e+00,6.8420824000e-04
0.0000000000e+00,0.0000000000e+00,6.8389426000e-04
0.0000000000e+00,0.0000000000e+00,2.3160371000e-04
0.0000000000e+00,0.0000000000e+00,0.0000000000e+00
0.0000000000e+00,0.0000000000e+00,0.0000000000e+00
0.0000000000e+00,0.0000000000e+00,0.0000000000e+00
0.0000000000e+00,0.0000000000e+00,0.0000000000e+00
0.0000000000e+00,0.0000000000e+00,0.0000000000e+00
0.0000000000e+00,0.0000000000e+00,0.0000000000e+00
0.0000000000e+00,0.0000000000e+00,0.0000000000e+00
0.0000000000e+00,0.0000000000e+00,0.0000000000e+00
0.0000000000e+00,0.0000000000e+00,0.0000000000e+00
0.0000000000e+00,0.0000000000e+00,0.0000000000e+00
0.0000000000e+00,0.0000000000e+00,0.0000000000e+00
0.0000000000e+00,0.0000000000e+00,0.0000000000e+00
0.0000000000e+00,0.0000000000e+00,0.0000000000e+00
0.0000000000e+00,0.0000000000e+00,2.2722586000e-04
0.0000000000e+00,0.0000000000e+00,6.7889103000e-04
0.0000000000e+00,0.0000000000e+00,6.7857956000e-04
0.0000000000e+00,0.0000000000e+00,6.7826820000e-04
0.0000000000e+00,0.0000000000e+00,6.7795697000e-04
0.0000000000e+00,0.0000000000e+00,6.7764596000e-04
0.0000000000e+00,0.0000000000e+00,6.6997582000e-04
0.0000000000e+00,0.0000000000e+00,6.6967180000e-04
0.0000000000e+00,0.0000000000e+00,6.6936784000e-04
0.0000000000e+00,0.0000000000e+00,6.6906406000e-04
0.0000000000e+00,0.0000000000e+00,2.6191803000e-04
0.0000000000e+00,0.0000000000e+00,0.0000000000e+00
0.0000000000e+00,0.0000000000e+00,0.0000000000e+00
0.0000000000e+00,0.0000000000e+00,0.0000000000e+00
0.0000000000e+00,0.0000000000e+00,0.0000000000e+00
0.0000000000e+00,0.0000000000e+00,0.0000000000e+00
0.0000000000e+00,0.0000000000e+00,0.0000000000e+00
0.0000000000e+00,0.0000000000e+00,0.0000000000e+00
0.0000000000e+00,0.0000000000e+00,0.0000000000e+00
0.0000000000e+00,0.0000000000e+00,0.0000000000e+00
0.0000000000e+00,0.0000000000e+00,0.0000000000e+00
0.0000000000e+00,0.0000000000e+00,0.0000000000e+00
0.0000000000e+00,0.0000000000e+00,0.0000000000e+00
0.0000000000e+00,0.0000000000e+00,0.0000000000e+00
0.0000000000e+00,0.0000000000e+00,2.5768150000e-04
0.0000000000e+00,0.0000000000e+00,6.6422235000e-04
0.0000000000e+00,0.0000000000e+00,6.6392089000e-04
0.0000000000e+00,0.0000000000e+00,6.6361960000e-04
0.0000000000e+00,0.0000000000e+00,6.6331844000e-04
0.0000000000e+00,0.0000000000e+00,6.6301739000e-04
0.0000000000e+00,0.0000000000e+00,6.5565540000e-04
0.0000000000e+00,0.0000000000e+00,6.5536104000e-04
0.0000000000e+00,0.0000000000e+00,6.5506675000e-04
0.0000000000e+00,0.0000000000e+00,6.5477268000e-04
0.0000000000e+00,0.0000000000e+00,2.2900201000e-04
0.0000000000e+00,0.0000000000e+00,0.0000000000e+00
0.0000000000e+00,0.0000000000e+00,0.0000000000e+00
0.0000000000e+00,0.0000000000e+00,0.0000000000e+00
0.0000000000e+00,0.0000000000e+00,0.0000000000e+00
0.0000000000e+00,0.0000000000e+00,0.0000000000e+00
0.0000000000e+00,0.0000000000e+00,0.0000000000e+00
0.0000000000e+00,0.0000000000e+00,0.0000000000e+00
0.0000000000e+00,0.0000000000e+00,0.0000000000e+00
0.0000000000e+00,0.0000000000e+00,0.0000000000e+00
0.0000000000e+00,0.0000000000e+00,0.0000000000e+00
0.0000000000e+00,0.0000000000e+00,0.0000000000e+00
0.0000000000e+00,0.0000000000e+00,0.0000000000e+00
0.0000000000e+00,0.0000000000e+00,0.0000000000e+00
0.0000000000e+00,0.0000000000e+00,2.2490000000e-04
0.0000000000e+00,0.0000000000e+00,6.5008464000e-04
0.0000000000e+00,0.0000000000e+00,6.4979278000e-04
0.0000000000e+00,0.0000000000e+00,6.4950099000e-04
0.0000000000e+00,0.0000000000e+00,6.4920943000e-04
0.0000000000e+00,0.0000000000e+00,6.4891792000e-04
0.0000000000e+00,0.0000000000e+00,6.4185075000e-04
0.0000000000e+00,0.0000000000e+00,6.4156560000e-04
0.0000000000e+00,0.0000000000e+00,6.4128049000e-04
0.0000000000e+00,0.0000000000e+00,6.4099563000e-04
0.0000000000e+00,0.0000000000e+00,1.9106822000e-04
0.0000000000e+00,0.0000000000e+00,0.0000000000e+00
0.0000000000e+00,0.0000000000e+00,0.0000000000e+00
0.0000000000e+00,0.0000000000e+00,0.0000000000e+00
0.0000000000e+00,0.0000000000e+00,0.0000000000e+00
0.0000000000e+00,0.0000000000e+00,0.0000000000e+00
0.0000000000e+00,0.0000000000e+00,0.0000000000e+00
0.0000000000e+00,0.0000000000e+00,0.0000000000e+00
0.0000000000e+00,0.0000000000e+00,0.0000000000e+00
0.0000000000e+00,0.0000000000e+00,0.0000000000e+00
0.0000000000e+00,0.0000000000e+00,0.0000000000e+00
0.0000000000e+00,0.0000000000e+00,0.0000000000e+00
0.0000000000e+00,0.0000000000e+00,0.0000000000e+00
0.0000000000e+00,0.0000000000e+00,0.0000000000e+00
0.0000000000e+00,0.0000000000e+00,1.8709432000e-04
0.0000000000e+00,0.0000000000e+00,6.3645403000e-04
0.0000000000e+00,0.0000000000e+00,6.3617126000e-04
0.0000000000e+00,0.0000000000e+00,6.3588854000e-04
0.0000000000e+00,0.0000000000e+00,6.3560606000e-04
0.0000000000e+00,0.0000000000e+00,6.3532364000e-04
0.0000000000e+00,0.0000000000e+00,6.2853855000e-04
0.0000000000e+00,0.0000000000e+00,6.2826218000e-04
0.0000000000e+00,0.0000000000e+00,6.2798586000e-04
0.0000000000e+00,0.0000000000e+00,6.2770973000e-04
0.0000000000e+00,0.0000000000e+00,1.6356440000e-04
0.0000000000e+00,0.0000000000e+00,0.0000000000e+00
0.0000000000e+00,0.0000000000e+00,0.0000000000e+00
0.0000000000e+00,0.0000000000e+00,0.0000000000e+00
0.0000000000e+00,0.0000000000e+00,0.0000000000e+00
0.0000000000e+00,0.0000000000e+00,0.0000000000e+00
0.0000000000e+00,0.0000000000e+00,0.0000000000e+00
0.0000000000e+00,0.0000000000e+00,0.0000000000e+00
0.0000000000e+00,0.0000000000e+00,0.0000000000e+00
0.0000000000e+00,0.0000000000e+00,0.0000000000e+00
0.0000000000e+00,0.0000000000e+00,0.0000000000e+00
0.0000000000e+00,0.0000000000e+00,0.0000000000e+00
0.0000000000e+00,0.0000000000e+00,0.0000000000e+00
0.0000000000e+00,0.0000000000e+00,0.0000000000e+00
0.0000000000e+00,0.0000000000e+00,1.5971262000e-04
0.0000000000e+00,0.0000000000e+00,6.2330760000e-04
0.0000000000e+00,0.0000000000e+00,6.2303350000e-04
0.0000000000e+00,0.0000000000e+00,6.2275957000e-04
0.0000000000e+00,0.0000000000e+00,6.2248571000e-04
0.0000000000e+00,0.0000000000e+00,6.2221196000e-04
0.0000000000e+00,0.0000000000e+00,6.1569689000e-04
0.0000000000e+00,0.0000000000e+00,6.1542884000e-04
0.0000000000e+00,0.0000000000e+00,6.1516085000e-04
0.0000000000e+00,0.0000000000e+00,6.1489310000e-04
0.0000000000e+00,0.0000000000e+00,0.0000000000e+00
0.0000000000e+00,0.0000000000e+00,0.0000000000e+00
0.0000000000e+00,0.0000000000e+00,0.0000000000e+00
0.0000000000e+00,0.0000000000e+00,0.0000000000e+00
0.0000000000e+00,0.0000000000e+00,0.0000000000e+00
0.0000000000e+00,0.0000000000e+00,0.0000000000e+00
0.0000000000e+00,0.0000000000e+00,0.0000000000e+00
0.0000000000e+00,0.0000000000e+00,0.0000000000e+00
0.0000000000e+00,0.0000000000e+00,0.0000000000e+00
0.0000000000e+00,0.0000000000e+00,0.0000000000e+00
0.0000000000e+00,0.0000000000e+00,0.0000000000e+00
0.0000000000e+00,0.0000000000e+00,0.0000000000e+00
0.0000000000e+00,0.0000000000e+00,0.0000000000e+00
0.0000000000e+00,0.0000000000e+00,0.0000000000e+00
0.0000000000e+00,0.0000000000e+00,0.0000000000e+00
0.0000000000e+00,0.0000000000e+00,6.1062403000e-04
0.0000000000e+00,0.0000000000e+00,6.1035820000e-04
0.0000000000e+00,0.0000000000e+00,6.1009248000e-04
0.0000000000e+00,0.0000000000e+00,6.0982688000e-04
0.0000000000e+00,0.0000000000e+00,6.0956139000e-04
0.0000000000e+00,0.0000000000e+00,6.0330471000e-04
0.0000000000e+00,0.0000000000e+00,6.0304470000e-04
0.0000000000e+00,0.0000000000e+00,6.0278468000e-04
0.0000000000e+00,0.0000000000e+00,6.0252484000e-04
0.0000000000e+00,0.0000000000e+00,0.0000000000e+00
0.0000000000e+00,0.0000000000e+00,0.0000000000e+00
0.0000000000e+00,0.0000000000e+00,0.0000000000e+00
0.0000000000e+00,0.0000000000e+00,0.0000000000e+00
0.0000000000e+00,0.0000000000e+00,0.0000000000e+00
0.0000000000e+00,0.0000000000e+00,0.0000000000e+00
0.0000000000e+00,0.0000000000e+00,0.0000000000e+00
0.0000000000e+00,0.0000000000e+00,0.0000000000e+00
0.0000000000e+00,0.0000000000e+00,0.0000000000e+00
0.0000000000e+00,0.0000000000e+00,0.0000000000e+00
0.0000000000e+00,0.0000000000e+00,0.0000000000e+00
0.0000000000e+00,0.0000000000e+00,0.0000000000e+00
0.0000000000e+00,0.0000000000e+00,0.0000000000e+00
0.0000000000e+00,0.0000000000e+00,0.0000000000e+00
0.0000000000e+00,0.0000000000e+00,0.0000000000e+00
0.0000000000e+00,0.0000000000e+00,5.9838267000e-04
0.0000000000e+00,0.0000000000e+00,5.9812475000e-04
0.0000000000e+00,0.0000000000e+00,5.9786695000e-04
0.0000000000e+00,0.0000000000e+00,5.9760921000e-04
0.0000000000e+00,0.0000000000e+00,5.9735164000e-04
0.0000000000e+00,0.0000000000e+00,5.9134240000e-04
0.0000000000e+00,0.0000000000e+00,5.9108995000e-04
0.0000000000e+00,0.0000000000e+00,5.9083762000e-04
0.0000000000e+00,0.0000000000e+00,5.9058541000e-04
0.0000000000e+00,0.0000000000e+00,0.0000000000e+00
0.0000000000e+00,0.0000000000e+00,0.0000000000e+00
0.0000000000e+00,0.0000000000e+00,0.0000000000e+00
0.0000000000e+00,0.0000000000e+00,0.0000000000e+00
0.0000000000e+00,0.0000000000e+00,0.0000000000e+00
0.0000000000e+00,0.0000000000e+00,0.0000000000e+00
0.0000000000e+00,0.0000000000e+00,0.0000000000e+00
0.0000000000e+00,0.0000000000e+00,0.0000000000e+00
0.0000000000e+00,0.0000000000e+00,0.0000000000e+00
0.0000000000e+00,0.0000000000e+00,0.0000000000e+00
0.0000000000e+00,0.0000000000e+00,0.0000000000e+00
0.0000000000e+00,0.0000000000e+00,0.0000000000e+00
0.0000000000e+00,0.0000000000e+00,0.0000000000e+00
0.0000000000e+00,0.0000000000e+00,0.0000000000e+00
0.0000000000e+00,0.0000000000e+00,0.0000000000e+00
0.0000000000e+00,0.0000000000e+00,5.8656419000e-04
0.0000000000e+00,0.0000000000e+00,5.8631384000e-04
0.0000000000e+00,0.0000000000e+00,5.8606354000e-04
0.0000000000e+00,0.0000000000e+00,5.8581337000e-04
0.0000000000e+00,0.0000000000e+00,5.8556331000e-04
0.0000000000e+00,0.0000000000e+00,5.7979103000e-04
0.0000000000e+00,0.0000000000e+00,5.7954580000e-04
0.0000000000e+00,0.0000000000e+00,5.7930069000e-04
0.0000000000e+00,0.0000000000e+00,5.7905569000e-04
0.0000000000e+00,0.0000000000e+00,0.0000000000e+00
0.0000000000e+00,0.0000000000e+00,0.0000000000e+00
0.0000000000e+00,0.0000000000e+00,0.0000000000e+00
0.0000000000e+00,0.0000000000e+00,0.0000000000e+00
0.0000000000e+00,0.0000000000e+00,0.0000000000e+00
0.0000000000e+00,0.0000000000e+00,0.0000000000e+00
0.0000000000e+00,0.0000000000e+00,0.0000000000e+00
0.0000000000e+00,0.0000000000e+00,0.0000000000e+00
0.0000000000e+00,0.0000000000e+00,0.0000000000e+00
0.0000000000e+00,0.0000000000e+00,0.0000000000e+00
0.0000000000e+00,0.0000000000e+00,0.0000000000e+00
0.0000000000e+00,0.0000000000e+00,0.0000000000e+00
0.0000000000e+00,0.0000000000e+00,0.0000000000e+00
0.0000000000e+00,0.0000000000e+00,0.0000000000e+00
0.0000000000e+00,0.0000000000e+00,0.0000000000e+00
0.0000000000e+00,0.0000000000e+00,5.7515025000e-04
0.0000000000e+00,0.0000000000e+00,5.7490700000e-04
0.0000000000e+00,0.0000000000e+00,5.7466386000e-04
0.0000000000e+00,0.0000000000e+00,5.7442085000e-04
0.0000000000e+00,0.0000000000e+00,5.7417795000e-04
0.0000000000e+00,0.0000000000e+00,5.6863256000e-04
0.0000000000e+00,0.0000000000e+00,5.6839432000e-04
0.0000000000e+00,0.0000000000e+00,5.6815619000e-04
0.0000000000e+00,0.0000000000e+00,5.6791812000e-04
0.0000000000e+00,0.0000000000e+00,0.0000000000e+00
0.0000000000e+00,0.0000000000e+00,0.0000000000e+00
0.0000000000e+00,0.0000000000e+00,0.0000000000e+00
0.0000000000e+00,0.0000000000e+00,0.0000000000e+00
0.0000000000e+00,0.0000000000e+00,0.0000000000e+00
0.0000000000e+00,0.0000000000e+00,0.0000000000e+00
0.0000000000e+00,0.0000000000e+00,0.0000000000e+00
0.0000000000e+00,0.0000000000e+00,0.0000000000e+00
0.0000000000e+00,0.0000000000e+00,0.0000000000e+00
0.0000000000e+00,0.0000000000e+00,0.0000000000e+00
0.0000000000e+00,0.0000000000e+00,0.0000000000e+00
0.0000000000e+00,0.0000000000e+00,0.0000000000e+00
0.0000000000e+00,0.0000000000e+00,0.0000000000e+00
0.0000000000e+00,0.0000000000e+00,0.0000000000e+00
0.0000000000e+00,0.0000000000e+00,0.0000000000e+00
0.0000000000e+00,0.0000000000e+00,5.6412310000e-04
0.0000000000e+00,0.0000000000e+00,5.6388677000e-04
0.0000000000e+00,0.0000000000e+00,5.6365051000e-04
0.0000000000e+00,0.0000000000e+00,5.6341436000e-04
0.0000000000e+00,0.0000000000e+00,5.6317833000e-04
0.0000000000e+00,0.0000000000e+00,5.5785041000e-04
0.0000000000e+00,0.0000000000e+00,5.5761880000e-04
0.0000000000e+00,0.0000000000e+00,5.5738725000e-04
0.0000000000e+00,0.0000000000e+00,5.5715581000e-04
0.0000000000e+00,0.0000000000e+00,3.4297409000e-05
0.0000000000e+00,0.0000000000e+00,0.0000000000e+00
0.0000000000e+00,0.0000000000e+00,0.0000000000e+00
0.0000000000e+00,0.0000000000e+00,0.0000000000e+00
0.0000000000e+00,0.0000000000e+00,0.0000000000e+00
0.0000000000e+00,0.0000000000e+00,0.0000000000e+00
0.0000000000e+00,0.0000000000e+00,0.0000000000e+00
0.0000000000e+00,0.0000000000e+00,0.0000000000e+00
0.0000000000e+00,0.0000000000e+00,0.0000000000e+00
0.0000000000e+00,0.0000000000e+00,0.0000000000e+00
0.0000000000e+00,0.0000000000e+00,0.0000000000e+00
0.0000000000e+00,0.0000000000e+00,0.0000000000e+00
0.0000000000e+00,0.0000000000e+00,0.0000000000e+00
0.0000000000e+00,0.0000000000e+00,0.0000000000e+00
0.0000000000e+00,0.0000000000e+00,3.1068979000e-05
0.0000000000e+00,0.0000000000e+00,5.5346615000e-04
0.0000000000e+00,0.0000000000e+00,5.5323634000e-04
0.0000000000e+00,0.0000000000e+00,5.5300666000e-04
0.0000000000e+00,0.0000000000e+00,5.5277703000e-04
0.0000000000e+00,0.0000000000e+00,5.5254757000e-04
0.0000000000e+00,0.0000000000e+00,5.4742792000e-04
0.0000000000e+00,0.0000000000e+00,5.4720265000e-04
0.0000000000e+00,0.0000000000e+00,5.4697751000e-04
0.0000000000e+00,0.0000000000e+00,5.4675242000e-04
0.0000000000e+00,0.0000000000e+00,3.1365431000e-05
0.0000000000e+00,0.0000000000e+00,0.0000000000e+00
0.0000000000e+00,0.0000000000e+00,0.0000000000e+00
0.0000000000e+00,0.0000000000e+00,0.0000000000e+00
0.0000000000e+00,0.0000000000e+00,0.0000000000e+00
0.0000000000e+00,0.0000000000e+00,0.0000000000e+00
0.0000000000e+00,0.0000000000e+00,0.0000000000e+00
0.0000000000e+00,0.0000000000e+00,0.0000000000e+00
0.0000000000e+00,0.0000000000e+00,0.0000000000e+00
0.0000000000e+00,0.0000000000e+00,0.0000000000e+00
0.0000000000e+00,0.0000000000e+00,0.0000000000e+00
0.0000000000e+00,0.0000000000e+00,0.0000000000e+00
0.0000000000e+00,0.0000000000e+00,0.0000000000e+00
0.0000000000e+00,0.0000000000e+00,0.0000000000e+00
0.0000000000e+00,0.0000000000e+00,2.8225186000e-05
0.0000000000e+00,0.0000000000e+00,5.4316362000e-04
0.0000000000e+00,0.0000000000e+00,5.4294011000e-04
0.0000000000e+00,0.0000000000e+00,5.4271665000e-04
0.0000000000e+00,0.0000000000e+00,5.4249330000e-04
0.0000000000e+00,0.0000000000e+00,5.4227008000e-04
0.0000000000e+00,0.0000000000e+00,5.3735002000e-04
0.0000000000e+00,0.0000000000e+00,5.3713081000e-04
0.0000000000e+00,0.0000000000e+00,5.3691166000e-04
0.0000000000e+00,0.0000000000e+00,5.3669262000e-04
0.0000000000e+00,0.0000000000e+00,0.0000000000e+00
0.0000000000e+00,0.0000000000e+00,0.0000000000e+00
0.0000000000e+00,0.0000000000e+00,0.0000000000e+00
0.0000000000e+00,0.0000000000e+00,0.0000000000e+00
0.0000000000e+00,0.0000000000e+00,0.0000000000e+00
0.0000000000e+00,0.0000000000e+00,0.0000000000e+00
0.0000000000e+00,0.0000000000e+00,0.0000000000e+00
0.0000000000e+00,0.0000000000e+00,0.0000000000e+00
0.0000000000e+00,0.0000000000e+00,0.0000000000e+00
0.0000000000e+00,0.0000000000e+00,0.0000000000e+00
0.0000000000e+00,0.0000000000e+00,0.0000000000e+00
0.0000000000e+00,0.0000000000e+00,0.0000000000e+00
0.0000000000e+00,0.0000000000e+00,0.0000000000e+00
0.0000000000e+00,0.0000000000e+00,0.0000000000e+00
0.0000000000e+00,0.0000000000e+00,0.0000000000e+00
0.0000000000e+00,0.0000000000e+00,5.3320033000e-04
0.0000000000e+00,0.0000000000e+00,5.3298281000e-04
0.0000000000e+00,0.0000000000e+00,5.3276541000e-04
0.0000000000e+00,0.0000000000e+00,5.3254806000e-04
0.0000000000e+00,0.0000000000e+00,5.3233083000e-04
0.0000000000e+00,0.0000000000e+00,5.2760204000e-04
0.0000000000e+00,0.0000000000e+00,5.2738865000e-04
0.0000000000e+00,0.0000000000e+00,5.2717532000e-04
0.0000000000e+00,0.0000000000e+00,5.2696210000e-04
0.0000000000e+00,0.0000000000e+00,7.2016497000e-05
0.0000000000e+00,0.0000000000e+00,0.0000000000e+00
0.0000000000e+00,0.0000000000e+00,0.0000000000e+00
0.0000000000e+00,0.0000000000e+00,0.0000000000e+00
0.0000000000e+00,0.0000000000e+00,0.0000000000e+00
0.0000000000e+00,0.0000000000e+00,0.0000000000e+00
0.0000000000e+00,0.0000000000e+00,0.0000000000e+00
0.0000000000e+00,0.0000000000e+00,0.0000000000e+00
0.0000000000e+00,0.0000000000e+00,0.0000000000e+00
0.0000000000e+00,0.0000000000e+00,0.0000000000e+00
0.0000000000e+00,0.0000000000e+00,0.0000000000e+00
0.0000000000e+00,0.0000000000e+00,0.0000000000e+00
0.0000000000e+00,0.0000000000e+00,0.0000000000e+00
0.0000000000e+00,0.0000000000e+00,0.0000000000e+00
0.0000000000e+00,0.0000000000e+00,6.9041387000e-05
0.0000000000e+00,0.0000000000e+00,5.2356208000e-04
0.0000000000e+00,0.0000000000e+00,5.2335026000e-04
0.0000000000e+00,0.0000000000e+00,5.2313862000e-04
0.0000000000e+00,0.0000000000e+00,5.2292703000e-04
0.0000000000e+00,0.0000000000e+00,5.2271551000e-04
0.0000000000e+00,0.0000000000e+00,5.1817007000e-04
0.0000000000e+00,0.0000000000e+00,5.1796221000e-04
0.0000000000e+00,0.0000000000e+00,5.1775447000e-04
0.0000000000e+00,0.0000000000e+00,5.1754678000e-04
0.0000000000e+00,0.0000000000e+00,7.4642536000e-05
0.0000000000e+00,0.0000000000e+00,0.0000000000e+00
0.0000000000e+00,0.0000000000e+00,0.0000000000e+00
0.0000000000e+00,0.0000000000e+00,0.0000000000e+00
0.0000000000e+00,0.0000000000e+00,0.0000000000e+00
0.0000000000e+00,0.0000000000e+00,0.0000000000e+00
0.0000000000e+00,0.0000000000e+00,0.0000000000e+00
0.0000000000e+00,0.0000000000e+00,0.0000000000e+00
0.0000000000e+00,0.0000000000e+00,0.0000000000e+00
0.0000000000e+00,0.0000000000e+00,0.0000000000e+00
0.0000000000e+00,0.0000000000e+00,0.0000000000e+00
0.0000000000e+00,0.0000000000e+00,0.0000000000e+00
0.0000000000e+00,0.0000000000e+00,0.0000000000e+00
0.0000000000e+00,0.0000000000e+00,0.0000000000e+00
0.0000000000e+00,0.0000000000e+00,7.1744784000e-05
0.0000000000e+00,0.0000000000e+00,5.1423511000e-04
0.0000000000e+00,0.0000000000e+00,5.1402883000e-04
0.0000000000e+00,0.0000000000e+00,5.1382266000e-04
0.0000000000e+00,0.0000000000e+00,5.1361654000e-04
0.0000000000e+00,0.0000000000e+00,5.1341049000e-04
0.0000000000e+00,0.0000000000e+00,5.0904090000e-04
0.0000000000e+00,0.0000000000e+00,5.0883839000e-04
0.0000000000e+00,0.0000000000e+00,5.0863595000e-04
0.0000000000e+00,0.0000000000e+00,5.0843356000e-04
0.0000000000e+00,0.0000000000e+00,6.6261331000e-05
0.0000000000e+00,0.0000000000e+00,0.0000000000e+00
0.0000000000e+00,0.0000000000e+00,0.0000000000e+00
0.0000000000e+00,0.0000000000e+00,0.0000000000e+00
0.0000000000e+00,0.0000000000e+00,0.0000000000e+00
0.0000000000e+00,0.0000000000e+00,0.0000000000e+00
0.0000000000e+00,0.0000000000e+00,0.0000000000e+00
0.0000000000e+00,0.0000000000e+00,0.0000000000e+00
0.0000000000e+00,0.0000000000e+00,0.0000000000e+00
0.0000000000e+00,0.0000000000e+00,0.0000000000e+00
0.0000000000e+00,0.0000000000e+00,0.0000000000e+00
0.0000000000e+00,0.0000000000e+00,0.0000000000e+00
0.0000000000e+00,0.0000000000e+00,0.0000000000e+00
0.0000000000e+00,0.0000000000e+00,0.0000000000e+00
0.0000000000e+00,0.0000000000e+00,6.3437677000e-05
0.0000000000e+00,0.0000000000e+00,5.0520652000e-04
0.0000000000e+00,0.0000000000e+00,5.0500553000e-04
0.0000000000e+00,0.0000000000e+00,5.0480460000e-04
0.0000000000e+00,0.0000000000e+00,5.0460378000e-04
0.0000000000e+00,0.0000000000e+00,5.0440297000e-04
0.0000000000e+00,0.0000000000e+00,5.0020195000e-04
0.0000000000e+00,0.0000000000e+00,5.0000451000e-04
0.0000000000e+00,0.0000000000e+00,4.9980718000e-04
0.0000000000e+00,0.0000000000e+00,4.9960986000e-04
0.0000000000e+00,0.0000000000e+00,1.0319159000e-04
0.0000000000e+00,0.0000000000e+00,0.0000000000e+00
0.0000000000e+00,0.0000000000e+00,0.0000000000e+00
0.0000000000e+00,0.0000000000e+00,0.0000000000e+00
0.0000000000e+00,0.0000000000e+00,0.0000000000e+00
0.0000000000e+00,0.0000000000e+00,0.0000000000e+00
0.0000000000e+00,0.0000000000e+00,0.0000000000e+00
0.0000000000e+00,0.0000000000e+00,0.0000000000e+00
0.0000000000e+00,0.0000000000e+00,0.0000000000e+00
0.0000000000e+00,0.0000000000e+00,0.0000000000e+00
0.0000000000e+00,0.0000000000e+00,0.0000000000e+00
0.0000000000e+00,0.0000000000e+00,0.0000000000e+00
0.0000000000e+00,0.0000000000e+00,0.0000000000e+00
0.0000000000e+00,0.0000000000e+00,0.0000000000e+00
0.0000000000e+00,0.0000000000e+00,1.0043889000e-04
0.0000000000e+00,0.0000000000e+00,4.9646397000e-04
0.0000000000e+00,0.0000000000e+00,4.9626798000e-04
0.0000000000e+00,0.0000000000e+00,4.9607211000e-04
0.0000000000e+00,0.0000000000e+00,4.9587630000e-04
0.0000000000e+00,0.0000000000e+00,4.9568055000e-04
0.0000000000e+00,0.0000000000e+00,4.9164117000e-04
0.0000000000e+00,0.0000000000e+00,4.9144862000e-04
0.0000000000e+00,0.0000000000e+00,4.9125613000e-04
0.0000000000e+00,0.0000000000e+00,4.9106369000e-04
0.0000000000e+00,0.0000000000e+00,0.0000000000e+00
0.0000000000e+00,0.0000000000e+00,0.0000000000e+00
0.0000000000e+00,0.0000000000e+00,0.0000000000e+00
0.0000000000e+00,0.0000000000e+00,0.0000000000e+00
0.0000000000e+00,0.0000000000e+00,0.0000000000e+00
0.0000000000e+00,0.0000000000e+00,0.0000000000e+00
0.0000000000e+00,0.0000000000e+00,0.0000000000e+00
0.0000000000e+00,0.0000000000e+00,0.0000000000e+00
0.0000000000e+00,0.0000000000e+00,0.0000000000e+00
0.0000000000e+00,0.0000000000e+00,0.0000000000e+00
0.0000000000e+00,0.0000000000e+00,0.0000000000e+00
0.0000000000e+00,0.0000000000e+00,0.0000000000e+00
0.0000000000e+00,0.0000000000e+00,0.0000000000e+00
0.0000000000e+00,0.0000000000e+00,0.0000000000e+00
0.0000000000e+00,0.0000000000e+00,0.0000000000e+00
0.0000000000e+00,0.0000000000e+00,4.8799548000e-04
0.0000000000e+00,0.0000000000e+00,4.8780435000e-04
0.0000000000e+00,0.0000000000e+00,4.8761329000e-04
0.0000000000e+00,0.0000000000e+00,4.8742234000e-04
0.0000000000e+00,0.0000000000e+00,4.8723142000e-04
0.0000000000e+00,0.0000000000e+00,4.8334707000e-04
0.0000000000e+00,0.0000000000e+00,4.8315918000e-04
0.0000000000e+00,0.0000000000e+00,4.8297137000e-04
0.0000000000e+00,0.0000000000e+00,4.8278368000e-04
0.0000000000e+00,0.0000000000e+00,0.0000000000e+00
0.0000000000e+00,0.0000000000e+00,0.0000000000e+00
0.0000000000e+00,0.0000000000e+00,0.0000000000e+00
0.0000000000e+00,0.0000000000e+00,0.0000000000e+00
0.0000000000e+00,0.0000000000e+00,0.0000000000e+00
0.0000000000e+00,0.0000000000e+00,0.0000000000e+00
0.0000000000e+00,0.0000000000e+00,0.0000000000e+00
0.0000000000e+00,0.0000000000e+00,0.0000000000e+00
0.0000000000e+00,0.0000000000e+00,0.0000000000e+00
0.0000000000e+00,0.0000000000e+00,0.0000000000e+00
0.0000000000e+00,0.0000000000e+00,0.0000000000e+00
0.0000000000e+00,0.0000000000e+00,0.0000000000e+00
0.0000000000e+00,0.0000000000e+00,0.0000000000e+00
0.0000000000e+00,0.0000000000e+00,0.0000000000e+00
0.0000000000e+00,0.0000000000e+00,0.0000000000e+00
0.0000000000e+00,0.0000000000e+00,4.7979003000e-04
0.0000000000e+00,0.0000000000e+00,4.7960354000e-04
0.0000000000e+00,0.0000000000e+00,4.7941713000e-04
0.0000000000e+00,0.0000000000e+00,4.7923077000e-04
0.0000000000e+00,0.0000000000e+00,4.7904451000e-04
0.0000000000e+00,0.0000000000e+00,4.7530880000e-04
0.0000000000e+00,0.0000000000e+00,4.7512545000e-04
0.0000000000e+00,0.0000000000e+00,4.7494212000e-04
0.0000000000e+00,0.0000000000e+00,4.7475888000e-04
0.0000000000e+00,0.0000000000e+00,0.0000000000e+00
0.0000000000e+00,0.0000000000e+00,0.0000000000e+00
0.0000000000e+00,0.0000000000e+00,0.0000000000e+00
0.0000000000e+00,0.0000000000e+00,0.0000000000e+00
0.0000000000e+00,0.0000000000e+00,0.0000000000e+00
0.0000000000e+00,0.0000000000e+00,0.0000000000e+00
0.0000000000e+00,0.0000000000e+00,0.0000000000e+00
0.0000000000e+00,0.0000000000e+00,0.0000000000e+00
0.0000000000e+00,0.0000000000e+00,0.0000000000e+00
0.0000000000e+00,0.0000000000e+00,0.0000000000e+00
0.0000000000e+00,0.0000000000e+00,0.0000000000e+00
0.0000000000e+00,0.0000000000e+00,0.0000000000e+00
0.0000000000e+00,0.0000000000e+00,0.0000000000e+00
0.0000000000e+00,0.0000000000e+00,0.0000000000e+00
0.0000000000e+00,0.0000000000e+00,0.0000000000e+00
0.0000000000e+00,0.0000000000e+00,4.7183674000e-04
0.0000000000e+00,0.0000000000e+00,4.7165470000e-04
0.0000000000e+00,0.0000000000e+00,4.7147271000e-04
0.0000000000e+00,0.0000000000e+00,4.7129081000e-04
0.0000000000e+00,0.0000000000e+00,4.7110903000e-04
0.0000000000e+00,0.0000000000e+00,4.6751602000e-04
0.0000000000e+00,0.0000000000e+00,4.6733694000e-04
0.0000000000e+00,0.0000000000e+00,4.6715795000e-04
0.0000000000e+00,0.0000000000e+00,4.6697902000e-04
0.0000000000e+00,0.0000000000e+00,5.8501319000e-05
0.0000000000e+00,0.0000000000e+00,0.0000000000e+00
0.0000000000e+00,0.0000000000e+00,0.0000000000e+00
0.0000000000e+00,0.0000000000e+00,0.0000000000e+00
0.0000000000e+00,0.0000000000e+00,0.0000000000e+00
0.0000000000e+00,0.0000000000e+00,0.0000000000e+00
0.0000000000e+00,0.0000000000e+00,0.0000000000e+00
0.0000000000e+00,0.0000000000e+00,0.0000000000e+00
0.0000000000e+00,0.0000000000e+00,0.0000000000e+00
0.0000000000e+00,0.0000000000e+00,0.0000000000e+00
0.0000000000e+00,0.0000000000e+00,0.0000000000e+00
0.0000000000e+00,0.0000000000e+00,0.0000000000e+00
0.0000000000e+00,0.0000000000e+00,0.0000000000e+00
0.0000000000e+00,0.0000000000e+00,0.0000000000e+00
0.0000000000e+00,0.0000000000e+00,5.6004559000e-05
0.0000000000e+00,0.0000000000e+00,4.6412557000e-04
0.0000000000e+00,0.0000000000e+00,4.6394783000e-04
0.0000000000e+00,0.0000000000e+00,4.6377012000e-04
0.0000000000e+00,0.0000000000e+00,4.6359250000e-04
0.0000000000e+00,0.0000000000e+00,4.6341494000e-04
0.0000000000e+00,0.0000000000e+00,4.5995883000e-04
0.0000000000e+00,0.0000000000e+00,4.5978394000e-04
0.0000000000e+00,0.0000000000e+00,4.5960909000e-04
0.0000000000e+00,0.0000000000e+00,4.5943432000e-04
0.0000000000e+00,0.0000000000e+00,5.1555980000e-05
0.0000000000e+00,0.0000000000e+00,0.0000000000e+00
0.0000000000e+00,0.0000000000e+00,0.0000000000e+00
0.0000000000e+00,0.0000000000e+00,0.0000000000e+00
0.0000000000e+00,0.0000000000e+00,0.0000000000e+00
0.0000000000e+00,0.0000000000e+00,0.0000000000e+00
0.0000000000e+00,0.0000000000e+00,0.0000000000e+00
0.0000000000e+00,0.0000000000e+00,0.0000000000e+00
0.0000000000e+00,0.0000000000e+00,0.0000000000e+00
0.0000000000e+00,0.0000000000e+00,0.0000000000e+00
0.0000000000e+00,0.0000000000e+00,0.0000000000e+00
0.0000000000e+00,0.0000000000e+00,0.0000000000e+00
0.0000000000e+00,0.0000000000e+00,0.0000000000e+00
0.0000000000e+00,0.0000000000e+00,0.0000000000e+00
0.0000000000e+00,0.0000000000e+00,4.9116818000e-05
0.0000000000e+00,0.0000000000e+00,4.5664670000e-04
0.0000000000e+00,0.0000000000e+00,4.5647303000e-04
0.0000000000e+00,0.0000000000e+00,4.5629943000e-04
0.0000000000e+00,0.0000000000e+00,4.5612588000e-04
0.0000000000e+00,0.0000000000e+00,4.5595245000e-04
0.0000000000e+00,0.0000000000e+00,4.5262766000e-04
0.0000000000e+00,0.0000000000e+00,4.5245670000e-04
0.0000000000e+00,0.0000000000e+00,4.5228587000e-04
0.0000000000e+00,0.0000000000e+00,4.5211505000e-04
0.0000000000e+00,0.0000000000e+00,0.0000000000e+00
0.0000000000e+00,0.0000000000e+00,0.0000000000e+00
0.0000000000e+00,0.0000000000e+00,0.0000000000e+00
0.0000000000e+00,0.0000000000e+00,0.0000000000e+00
0.0000000000e+00,0.0000000000e+00,0.0000000000e+00
0.0000000000e+00,0.0000000000e+00,0.0000000000e+00
0.0000000000e+00,0.0000000000e+00,0.0000000000e+00
0.0000000000e+00,0.0000000000e+00,0.0000000000e+00
0.0000000000e+00,0.0000000000e+00,0.0000000000e+00
0.0000000000e+00,0.0000000000e+00,0.0000000000e+00
0.0000000000e+00,0.0000000000e+00,0.0000000000e+00
0.0000000000e+00,0.0000000000e+00,0.0000000000e+00
0.0000000000e+00,0.0000000000e+00,0.0000000000e+00
0.0000000000e+00,0.0000000000e+00,0.0000000000e+00
0.0000000000e+00,0.0000000000e+00,0.0000000000e+00
0.0000000000e+00,0.0000000000e+00,4.4939079000e-04
0.0000000000e+00,0.0000000000e+00,4.4922106000e-04
0.0000000000e+00,0.0000000000e+00,4.4905141000e-04
0.0000000000e+00,0.0000000000e+00,4.4888182000e-04
0.0000000000e+00,0.0000000000e+00,4.4871232000e-04
0.0000000000e+00,0.0000000000e+00,4.4551361000e-04
0.0000000000e+00,0.0000000000e+00,4.4534649000e-04
0.0000000000e+00,0.0000000000e+00,4.4517944000e-04
0.0000000000e+00,0.0000000000e+00,4.4501247000e-04
0.0000000000e+00,0.0000000000e+00,0.0000000000e+00
0.0000000000e+00,0.0000000000e+00,0.0000000000e+00
0.0000000000e+00,0.0000000000e+00,0.0000000000e+00
0.0000000000e+00,0.0000000000e+00,0.0000000000e+00
0.0000000000e+00,0.0000000000e+00,0.0000000000e+00
0.0000000000e+00,0.0000000000e+00,0.0000000000e+00
0.0000000000e+00,0.0000000000e+00,0.0000000000e+00
0.0000000000e+00,0.0000000000e+00,0.0000000000e+00
0.0000000000e+00,0.0000000000e+00,0.0000000000e+00
0.0000000000e+00,0.0000000000e+00,0.0000000000e+00
0.0000000000e+00,0.0000000000e+00,0.0000000000e+00
0.0000000000e+00,0.0000000000e+00,0.0000000000e+00
0.0000000000e+00,0.0000000000e+00,0.0000000000e+00
0.0000000000e+00,0.0000000000e+00,0.0000000000e+00
0.0000000000e+00,0.0000000000e+00,0.0000000000e+00
0.0000000000e+00,0.0000000000e+00,4.4234909000e-04
0.0000000000e+00,0.0000000000e+00,4.4218314000e-04
0.0000000000e+00,0.0000000000e+00,4.4201728000e-04
0.0000000000e+00,0.0000000000e+00,4.4185147000e-04
0.0000000000e+00,0.0000000000e+00,4.4168570000e-04
0.0000000000e+00,0.0000000000e+00,4.3860800000e-04
0.0000000000e+00,0.0000000000e+00,4.3844458000e-04
0.0000000000e+00,0.0000000000e+00,4.3828119000e-04
0.0000000000e+00,0.0000000000e+00,4.3811783000e-04
0.0000000000e+00,0.0000000000e+00,0.0000000000e+00
0.0000000000e+00,0.0000000000e+00,0.0000000000e+00
0.0000000000e+00,0.0000000000e+00,0.0000000000e+00
0.0000000000e+00,0.0000000000e+00,0.0000000000e+00
0.0000000000e+00,0.0000000000e+00,0.0000000000e+00
0.0000000000e+00,0.0000000000e+00,0.0000000000e+00
0.0000000000e+00,0.0000000000e+00,0.0000000000e+00
0.0000000000e+00,0.0000000000e+00,0.0000000000e+00
0.0000000000e+00,0.0000000000e+00,0.0000000000e+00
0.0000000000e+00,0.0000000000e+00,0.0000000000e+00
0.0000000000e+00,0.0000000000e+00,0.0000000000e+00
0.0000000000e+00,0.0000000000e+00,0.0000000000e+00
0.0000000000e+00,0.0000000000e+00,0.0000000000e+00
0.0000000000e+00,0.0000000000e+00,0.0000000000e+00
0.0000000000e+00,0.0000000000e+00,0.0000000000e+00
0.0000000000e+00,0.0000000000e+00,4.3551295000e-04
0.0000000000e+00,0.0000000000e+00,4.3535067000e-04
0.0000000000e+00,0.0000000000e+00,4.3518844000e-04
0.0000000000e+00,0.0000000000e+00,4.3502625000e-04
0.0000000000e+00,0.0000000000e+00,4.3486417000e-04
0.0000000000e+00,0.0000000000e+00,4.3190259000e-04
0.0000000000e+00,0.0000000000e+00,4.3174269000e-04
0.0000000000e+00,0.0000000000e+00,4.3158283000e-04
0.0000000000e+00,0.0000000000e+00,4.3142305000e-04
0.0000000000e+00,0.0000000000e+00,0.0000000000e+00
0.0000000000e+00,0.0000000000e+00,0.0000000000e+00
0.0000000000e+00,0.0000000000e+00,0.0000000000e+00
0.0000000000e+00,0.0000000000e+00,0.0000000000e+00
0.0000000000e+00,0.0000000000e+00,0.0000000000e+00
0.0000000000e+00,0.0000000000e+00,0.0000000000e+00
0.0000000000e+00,0.0000000000e+00,0.0000000000e+00
0.0000000000e+00,0.0000000000e+00,0.0000000000e+00
0.0000000000e+00,0.0000000000e+00,0.0000000000e+00
0.0000000000e+00,0.0000000000e+00,0.0000000000e+00
0.0000000000e+00,0.0000000000e+00,0.0000000000e+00
0.0000000000e+00,0.0000000000e+00,0.0000000000e+00
0.0000000000e+00,0.0000000000e+00,0.0000000000e+00
0.0000000000e+00,0.0000000000e+00,0.0000000000e+00
0.0000000000e+00,0.0000000000e+00,0.0000000000e+00
0.0000000000e+00,0.0000000000e+00,4.2887442000e-04
0.0000000000e+00,0.0000000000e+00,4.2871563000e-04
0.0000000000e+00,0.0000000000e+00,4.2855690000e-04
0.0000000000e+00,0.0000000000e+00,4.2839823000e-04
0.0000000000e+00,0.0000000000e+00,4.2823961000e-04
0.0000000000e+00,0.0000000000e+00,4.2538956000e-04
0.0000000000e+00,0.0000000000e+00,4.2523310000e-04
0.0000000000e+00,0.0000000000e+00,4.2507664000e-04
0.0000000000e+00,0.0000000000e+00,4.2492023000e-04
0.0000000000e+00,0.0000000000e+00,0.0000000000e+00
0.0000000000e+00,0.0000000000e+00,0.0000000000e+00
0.0000000000e+00,0.0000000000e+00,0.0000000000e+00
0.0000000000e+00,0.0000000000e+00,0.0000000000e+00
0.0000000000e+00,0.0000000000e+00,0.0000000000e+00
0.0000000000e+00,0.0000000000e+00,0.0000000000e+00
0.0000000000e+00,0.0000000000e+00,0.0000000000e+00
0.0000000000e+00,0.0000000000e+00,0.0000000000e+00
0.0000000000e+00,0.0000000000e+00,0.0000000000e+00
0.0000000000e+00,0.0000000000e+00,0.0000000000e+00
0.0000000000e+00,0.0000000000e+00,0.0000000000e+00
0.0000000000e+00,0.0000000000e+00,0.0000000000e+00
0.0000000000e+00,0.0000000000e+00,0.0000000000e+00
0.0000000000e+00,0.0000000000e+00,0.0000000000e+00
0.0000000000e+00,0.0000000000e+00,0.0000000000e+00
0.0000000000e+00,0.0000000000e+00,4.2242580000e-04
0.0000000000e+00,0.0000000000e+00,4.2227036000e-04
0.0000000000e+00,0.0000000000e+00,4.2211503000e-04
0.0000000000e+00,0.0000000000e+00,4.2195970000e-04
0.0000000000e+00,0.0000000000e+00,4.2180446000e-04
0.0000000000e+00,0.0000000000e+00,4.1906149000e-04
0.0000000000e+00,0.0000000000e+00,4.1890825000e-04
0.0000000000e+00,0.0000000000e+00,4.1875508000e-04
0.0000000000e+00,0.0000000000e+00,4.1860197000e-04
0.0000000000e+00,0.0000000000e+00,0.0000000000e+00
0.0000000000e+00,0.0000000000e+00,0.0000000000e+00
0.0000000000e+00,0.0000000000e+00,0.0000000000e+00
0.0000000000e+00,0.0000000000e+00,0.0000000000e+00
0.0000000000e+00,0.0000000000e+00,0.0000000000e+00
0.0000000000e+00,0.0000000000e+00,0.0000000000e+00
0.0000000000e+00,0.0000000000e+00,0.0000000000e+00
0.0000000000e+00,0.0000000000e+00,0.0000000000e+00
0.0000000000e+00,0.0000000000e+00,0.0000000000e+00
0.0000000000e+00,0.0000000000e+00,0.0000000000e+00
0.0000000000e+00,0.0000000000e+00,0.0000000000e+00
0.0000000000e+00,0.0000000000e+00,0.0000000000e+00
0.0000000000e+00,0.0000000000e+00,0.0000000000e+00
0.0000000000e+00,0.0000000000e+00,0.0000000000e+00
0.0000000000e+00,0.0000000000e+00,0.0000000000e+00
0.0000000000e+00,0.0000000000e+00,4.1615963000e-04
0.0000000000e+00,0.0000000000e+00,4.1600745000e-04
0.0000000000e+00,0.0000000000e+00,4.1585532000e-04
0.0000000000e+00,0.0000000000e+00,4.1570328000e-04
0.0000000000e+00,0.0000000000e+00,4.1555127000e-04
0.0000000000e+00,0.0000000000e+00,4.1291109000e-04
0.0000000000e+00,0.0000000000e+00,4.1276100000e-04
0.0000000000e+00,0.0000000000e+00,4.1261100000e-04
0.0000000000e+00,0.0000000000e+00,4.1246103000e-04
0.0000000000e+00,0.0000000000e+00,0.0000000000e+00
0.0000000000e+00,0.0000000000e+00,0.0000000000e+00
0.0000000000e+00,0.0000000000e+00,0.0000000000e+00
0.0000000000e+00,0.0000000000e+00,0.0000000000e+00
0.0000000000e+00,0.0000000000e+00,0.0000000000e+00
0.0000000000e+00,0.0000000000e+00,0.0000000000e+00
0.0000000000e+00,0.0000000000e+00,0.0000000000e+00
0.0000000000e+00,0.0000000000e+00,0.0000000000e+00
0.0000000000e+00,0.0000000000e+00,0.0000000000e+00
0.0000000000e+00,0.0000000000e+00,0.0000000000e+00
0.0000000000e+00,0.0000000000e+00,0.0000000000e+00
0.0000000000e+00,0.0000000000e+00,0.0000000000e+00
0.0000000000e+00,0.0000000000e+00,0.0000000000e+00
0.0000000000e+00,0.0000000000e+00,0.0000000000e+00
0.0000000000e+00,0.0000000000e+00,0.0000000000e+00
0.0000000000e+00,0.0000000000e+00,4.1006895000e-04
0.0000000000e+00,0.0000000000e+00,4.0991988000e-04
0.0000000000e+00,0.0000000000e+00,4.0977090000e-04
0.0000000000e+00,0.0000000000e+00,4.0962198000e-04
0.0000000000e+00,0.0000000000e+00,4.0947308000e-04
0.0000000000e+00,0.0000000000e+00,4.0693165000e-04
0.0000000000e+00,0.0000000000e+00,4.0678459000e-04
0.0000000000e+00,0.0000000000e+00,4.0663761000e-04
0.0000000000e+00,0.0000000000e+00,4.0649067000e-04
0.0000000000e+00,0.0000000000e+00,0.0000000000e+00
0.0000000000e+00,0.0000000000e+00,0.0000000000e+00
0.0000000000e+00,0.0000000000e+00,0.0000000000e+00
0.0000000000e+00,0.0000000000e+00,0.0000000000e+00
0.0000000000e+00,0.0000000000e+00,0.0000000000e+00
0.0000000000e+00,0.0000000000e+00,0.0000000000e+00
0.0000000000e+00,0.0000000000e+00,0.0000000000e+00
0.0000000000e+00,0.0000000000e+00,0.0000000000e+00
0.0000000000e+00,0.0000000000e+00,0.0000000000e+00
0.0000000000e+00,0.0000000000e+00,0.0000000000e+00
0.0000000000e+00,0.0000000000e+00,0.0000000000e+00
0.0000000000e+00,0.0000000000e+00,0.0000000000e+00
0.0000000000e+00,0.0000000000e+00,0.0000000000e+00
0.0000000000e+00,0.0000000000e+00,0.0000000000e+00
0.0000000000e+00,0.0000000000e+00,0.0000000000e+00
0.0000000000e+00,0.0000000000e+00,4.0414691000e-04
0.0000000000e+00,0.0000000000e+00,4.0400086000e-04
0.0000000000e+00,0.0000000000e+00,4.0385488000e-04
0.0000000000e+00,0.0000000000e+00,4.0370895000e-04
0.0000000000e+00,0.0000000000e+00,4.0356306000e-04
0.0000000000e+00,0.0000000000e+00,4.0111644000e-04
0.0000000000e+00,0.0000000000e+00,4.0097232000e-04
0.0000000000e+00,0.0000000000e+00,4.0082826000e-04
0.0000000000e+00,0.0000000000e+00,4.0068425000e-04
0.0000000000e+00,0.0000000000e+00,0.0000000000e+00
0.0000000000e+00,0.0000000000e+00,0.0000000000e+00
0.0000000000e+00,0.0000000000e+00,0.0000000000e+00
0.0000000000e+00,0.0000000000e+00,0.0000000000e+00
0.0000000000e+00,0.0000000000e+00,0.0000000000e+00
0.0000000000e+00,0.0000000000e+00,0.0000000000e+00
0.0000000000e+00,0.0000000000e+00,0.0000000000e+00
0.0000000000e+00,0.0000000000e+00,0.0000000000e+00
0.0000000000e+00,0.0000000000e+00,0.0000000000e+00
0.0000000000e+00,0.0000000000e+00,0.0000000000e+00
0.0000000000e+00,0.0000000000e+00,0.0000000000e+00
0.0000000000e+00,0.0000000000e+00,0.0000000000e+00
0.0000000000e+00,0.0000000000e+00,0.0000000000e+00
0.0000000000e+00,0.0000000000e+00,0.0000000000e+00
0.0000000000e+00,0.0000000000e+00,0.0000000000e+00
0.0000000000e+00,0.0000000000e+00,3.9838708000e-04
0.0000000000e+00,0.0000000000e+00,3.9824395000e-04
0.0000000000e+00,0.0000000000e+00,3.9810085000e-04
0.0000000000e+00,0.0000000000e+00,3.9795780000e-04
0.0000000000e+00,0.0000000000e+00,3.9781485000e-04
0.0000000000e+00,0.0000000000e+00,3.9545930000e-04
0.0000000000e+00,0.0000000000e+00,3.9531803000e-04
0.0000000000e+00,0.0000000000e+00,3.9517679000e-04
0.0000000000e+00,0.0000000000e+00,3.9503560000e-04
0.0000000000e+00,0.0000000000e+00,0.0000000000e+00
0.0000000000e+00,0.0000000000e+00,0.0000000000e+00
0.0000000000e+00,0.0000000000e+00,0.0000000000e+00
0.0000000000e+00,0.0000000000e+00,0.0000000000e+00
0.0000000000e+00,0.0000000000e+00,0.0000000000e+00
0.0000000000e+00,0.0000000000e+00,0.0000000000e+00
0.0000000000e+00,0.0000000000e+00,0.0000000000e+00
0.0000000000e+00,0.0000000000e+00,0.0000000000e+00
0.0000000000e+00,0.0000000000e+00,0.0000000000e+00
0.0000000000e+00,0.0000000000e+00,0.0000000000e+00
0.0000000000e+00,0.0000000000e+00,0.0000000000e+00
0.0000000000e+00,0.0000000000e+00,0.0000000000e+00
0.0000000000e+00,0.0000000000e+00,0.0000000000e+00
0.0000000000e+00,0.0000000000e+00,0.0000000000e+00
0.0000000000e+00,0.0000000000e+00,0.0000000000e+00
0.0000000000e+00,0.0000000000e+00,3.9278340000e-04
0.0000000000e+00,0.0000000000e+00,3.9264307000e-04
0.0000000000e+00,0.0000000000e+00,3.9250278000e-04
0.0000000000e+00,0.0000000000e+00,3.9236253000e-04
0.0000000000e+00,0.0000000000e+00,3.9222234000e-04
0.0000000000e+00,0.0000000000e+00,3.8995431000e-04
0.0000000000e+00,0.0000000000e+00,3.8981577000e-04
0.0000000000e+00,0.0000000000e+00,3.8967724000e-04
0.0000000000e+00,0.0000000000e+00,3.8953876000e-04
0.0000000000e+00,0.0000000000e+00,0.0000000000e+00
0.0000000000e+00,0.0000000000e+00,0.0000000000e+00
0.0000000000e+00,0.0000000000e+00,0.0000000000e+00
0.0000000000e+00,0.0000000000e+00,0.0000000000e+00
0.0000000000e+00,0.0000000000e+00,0.0000000000e+00
0.0000000000e+00,0.0000000000e+00,0.0000000000e+00
0.0000000000e+00,0.0000000000e+00,0.0000000000e+00
0.0000000000e+00,0.0000000000e+00,0.0000000000e+00
0.0000000000e+00,0.0000000000e+00,0.0000000000e+00
0.0000000000e+00,0.0000000000e+00,0.0000000000e+00
0.0000000000e+00,0.0000000000e+00,0.0000000000e+00
0.0000000000e+00,0.0000000000e+00,0.0000000000e+00
0.0000000000e+00,0.0000000000e+00,0.0000000000e+00
0.0000000000e+00,0.0000000000e+00,0.0000000000e+00
0.0000000000e+00,0.0000000000e+00,0.0000000000e+00
0.0000000000e+00,0.0000000000e+00,3.8732993000e-04
0.0000000000e+00,0.0000000000e+00,3.8719230000e-04
0.0000000000e+00,0.0000000000e+00,3.8705472000e-04
0.0000000000e+00,0.0000000000e+00,3.8691718000e-04
0.0000000000e+00,0.0000000000e+00,3.8677966000e-04
0.0000000000e+00,0.0000000000e+00,3.8459568000e-04
0.0000000000e+00,0.0000000000e+00,3.8445974000e-04
0.0000000000e+00,0.0000000000e+00,3.8432385000e-04
0.0000000000e+00,0.0000000000e+00,3.8418802000e-04
0.0000000000e+00,0.0000000000e+00,0.0000000000e+00
0.0000000000e+00,0.0000000000e+00,0.0000000000e+00
0.0000000000e+00,0.0000000000e+00,0.0000000000e+00
0.0000000000e+00,0.0000000000e+00,0.0000000000e+00
0.0000000000e+00,0.0000000000e+00,0.0000000000e+00
0.0000000000e+00,0.0000000000e+00,0.0000000000e+00
0.0000000000e+00,0.0000000000e+00,0.0000000000e+00
0.0000000000e+00,0.0000000000e+00,0.0000000000e+00
0.0000000000e+00,0.0000000000e+00,0.0000000000e+00
0.0000000000e+00,0.0000000000e+00,0.0000000000e+00
0.0000000000e+00,0.0000000000e+00,0.0000000000e+00
0.0000000000e+00,0.0000000000e+00,0.0000000000e+00
0.0000000000e+00,0.0000000000e+00,0.0000000000e+00
0.0000000000e+00,0.0000000000e+00,0.0000000000e+00
0.0000000000e+00,0.0000000000e+00,0.0000000000e+00
0.0000000000e+00,0.0000000000e+00,3.8202098000e-04
0.0000000000e+00,0.0000000000e+00,3.8188594000e-04
0.0000000000e+00,0.0000000000e+00,3.8175099000e-04
0.0000000000e+00,0.0000000000e+00,3.8161606000e-04
0.0000000000e+00,0.0000000000e+00,3.8148119000e-04
0.0000000000e+00,0.0000000000e+00,3.7937798000e-04
0.0000000000e+00,0.0000000000e+00,3.7924459000e-04
0.0000000000e+00,0.0000000000e+00,3.7911127000e-04
0.0000000000e+00,0.0000000000e+00,3.7897794000e-04
0.0000000000e+00,0.0000000000e+00,0.0000000000e+00
0.0000000000e+00,0.0000000000e+00,0.0000000000e+00
0.0000000000e+00,0.0000000000e+00,0.0000000000e+00
0.0000000000e+00,0.0000000000e+00,0.0000000000e+00
0.0000000000e+00,0.0000000000e+00,0.0000000000e+00
0.0000000000e+00,0.0000000000e+00,0.0000000000e+00
0.0000000000e+00,0.0000000000e+00,0.0000000000e+00
0.0000000000e+00,0.0000000000e+00,0.0000000000e+00
0.0000000000e+00,0.0000000000e+00,0.0000000000e+00
0.0000000000e+00,0.0000000000e+00,0.0000000000e+00
0.0000000000e+00,0.0000000000e+00,0.0000000000e+00
0.0000000000e+00,0.0000000000e+00,0.0000000000e+00
0.0000000000e+00,0.0000000000e+00,0.0000000000e+00
0.0000000000e+00,0.0000000000e+00,0.0000000000e+00
0.0000000000e+00,0.0000000000e+00,0.0000000000e+00
0.0000000000e+00,0.0000000000e+00,3.7685136000e-04
0.0000000000e+00,0.0000000000e+00,3.7671885000e-04
0.0000000000e+00,0.0000000000e+00,3.7658637000e-04
0.0000000000e+00,0.0000000000e+00,3.7645394000e-04
0.0000000000e+00,0.0000000000e+00,3.7632158000e-04
0.0000000000e+00,0.0000000000e+00,3.7429598000e-04
0.0000000000e+00,0.0000000000e+00,3.7416501000e-04
0.0000000000e+00,0.0000000000e+00,3.7403408000e-04
0.0000000000e+00,0.0000000000e+00,3.7390320000e-04
0.0000000000e+00,0.0000000000e+00,0.0000000000e+00
0.0000000000e+00,0.0000000000e+00,0.0000000000e+00
0.0000000000e+00,0.0000000000e+00,0.0000000000e+00
0.0000000000e+00,0.0000000000e+00,0.0000000000e+00
0.0000000000e+00,0.0000000000e+00,0.0000000000e+00
0.0000000000e+00,0.0000000000e+00,0.0000000000e+00
0.0000000000e+00,0.0000000000e+00,0.0000000000e+00
0.0000000000e+00,0.0000000000e+00,0.0000000000e+00
0.0000000000e+00,0.0000000000e+00,0.0000000000e+00
0.0000000000e+00,0.0000000000e+00,0.0000000000e+00
0.0000000000e+00,0.0000000000e+00,0.0000000000e+00
0.0000000000e+00,0.0000000000e+00,0.0000000000e+00
0.0000000000e+00,0.0000000000e+00,0.0000000000e+00
0.0000000000e+00,0.0000000000e+00,0.0000000000e+00
0.0000000000e+00,0.0000000000e+00,0.0000000000e+00
0.0000000000e+00,0.0000000000e+00,3.7181567000e-04
0.0000000000e+00,0.0000000000e+00,3.7168557000e-04
0.0000000000e+00,0.0000000000e+00,3.7155554000e-04
0.0000000000e+00,0.0000000000e+00,3.7142553000e-04
0.0000000000e+00,0.0000000000e+00,3.7129558000e-04
0.0000000000e+00,0.0000000000e+00,3.6934455000e-04
0.0000000000e+00,0.0000000000e+00,3.6921597000e-04
0.0000000000e+00,0.0000000000e+00,3.6908741000e-04
0.0000000000e+00,0.0000000000e+00,3.6895892000e-04
0.0000000000e+00,0.0000000000e+00,0.0000000000e+00
0.0000000000e+00,0.0000000000e+00,0.0000000000e+00
0.0000000000e+00,0.0000000000e+00,0.0000000000e+00
0.0000000000e+00,0.0000000000e+00,0.0000000000e+00
0.0000000000e+00,0.0000000000e+00,0.0000000000e+00
0.0000000000e+00,0.0000000000e+00,0.0000000000e+00
0.0000000000e+00,0.0000000000e+00,0.0000000000e+00
0.0000000000e+00,0.0000000000e+00,0.0000000000e+00
0.0000000000e+00,0.0000000000e+00,0.0000000000e+00
0.0000000000e+00,0.0000000000e+00,0.0000000000e+00
0.0000000000e+00,0.0000000000e+00,0.0000000000e+00
0.0000000000e+00,0.0000000000e+00,0.0000000000e+00
0.0000000000e+00,0.0000000000e+00,0.0000000000e+00
0.0000000000e+00,0.0000000000e+00,0.0000000000e+00
0.0000000000e+00,0.0000000000e+00,0.0000000000e+00
0.0000000000e+00,0.0000000000e+00,3.6690902000e-04
0.0000000000e+00,0.0000000000e+00,3.6678126000e-04
0.0000000000e+00,0.0000000000e+00,3.6665358000e-04
0.0000000000e+00,0.0000000000e+00,3.6652590000e-04
0.0000000000e+00,0.0000000000e+00,3.6639828000e-04
0.0000000000e+00,0.0000000000e+00,3.6451893000e-04
0.0000000000e+00,0.0000000000e+00,3.6439262000e-04
0.0000000000e+00,0.0000000000e+00,3.6426634000e-04
0.0000000000e+00,0.0000000000e+00,3.6414011000e-04
0.0000000000e+00,0.0000000000e+00,3.2133830000e-05
0.0000000000e+00,0.0000000000e+00,0.0000000000e+00
0.0000000000e+00,0.0000000000e+00,0.0000000000e+00
0.0000000000e+00,0.0000000000e+00,0.0000000000e+00
0.0000000000e+00,0.0000000000e+00,0.0000000000e+00
0.0000000000e+00,0.0000000000e+00,0.0000000000e+00
0.0000000000e+00,0.0000000000e+00,0.0000000000e+00
0.0000000000e+00,0.0000000000e+00,0.0000000000e+00
0.0000000000e+00,0.0000000000e+00,0.0000000000e+00
0.0000000000e+00,0.0000000000e+00,0.0000000000e+00
0.0000000000e+00,0.0000000000e+00,0.0000000000e+00
0.0000000000e+00,0.0000000000e+00,0.0000000000e+00
0.0000000000e+00,0.0000000000e+00,0.0000000000e+00
0.0000000000e+00,0.0000000000e+00,0.0000000000e+00
0.0000000000e+00,0.0000000000e+00,3.0372059000e-05
0.0000000000e+00,0.0000000000e+00,3.6212665000e-04
0.0000000000e+00,0.0000000000e+00,3.6200118000e-04
0.0000000000e+00,0.0000000000e+00,3.6187572000e-04
0.0000000000e+00,0.0000000000e+00,3.6175034000e-04
0.0000000000e+00,0.0000000000e+00,3.6162496000e-04
0.0000000000e+00,0.0000000000e+00,3.5981450000e-04
0.0000000000e+00,0.0000000000e+00,3.5969043000e-04
0.0000000000e+00,0.0000000000e+00,3.5956639000e-04
0.0000000000e+00,0.0000000000e+00,3.5944241000e-04
0.0000000000e+00,0.0000000000e+00,4.7379144000e-05
0.0000000000e+00,0.0000000000e+00,0.0000000000e+00
0.0000000000e+00,0.0000000000e+00,0.0000000000e+00
0.0000000000e+00,0.0000000000e+00,0.0000000000e+00
0.0000000000e+00,0.0000000000e+00,0.0000000000e+00
0.0000000000e+00,0.0000000000e+00,0.0000000000e+00
0.0000000000e+00,0.0000000000e+00,0.0000000000e+00
0.0000000000e+00,0.0000000000e+00,0.0000000000e+00
0.0000000000e+00,0.0000000000e+00,0.0000000000e+00
0.0000000000e+00,0.0000000000e+00,0.0000000000e+00
0.0000000000e+00,0.0000000000e+00,0.0000000000e+00
0.0000000000e+00,0.0000000000e+00,0.0000000000e+00
0.0000000000e+00,0.0000000000e+00,0.0000000000e+00
0.0000000000e+00,0.0000000000e+00,0.0000000000e+00
0.0000000000e+00,0.0000000000e+00,4.5648136000e-05
0.0000000000e+00,0.0000000000e+00,3.5746410000e-04
0.0000000000e+00,0.0000000000e+00,3.5734079000e-04
0.0000000000e+00,0.0000000000e+00,3.5721753000e-04
0.0000000000e+00,0.0000000000e+00,3.5709434000e-04
0.0000000000e+00,0.0000000000e+00,3.5697117000e-04
0.0000000000e+00,0.0000000000e+00,3.5522695000e-04
0.0000000000e+00,0.0000000000e+00,3.5510500000e-04
0.0000000000e+00,0.0000000000e+00,3.5498309000e-04
0.0000000000e+00,0.0000000000e+00,3.5486120000e-04
0.0000000000e+00,0.0000000000e+00,4.5022462000e-05
0.0000000000e+00,0.0000000000e+00,0.0000000000e+00
0.0000000000e+00,0.0000000000e+00,0.0000000000e+00
0.0000000000e+00,0.0000000000e+00,0.0000000000e+00
0.0000000000e+00,0.0000000000e+00,0.0000000000e+00
0.0000000000e+00,0.0000000000e+00,0.0000000000e+00
0.0000000000e+00,0.0000000000e+00,0.0000000000e+00
0.0000000000e+00,0.0000000000e+00,0.0000000000e+00
0.0000000000e+00,0.0000000000e+00,0.0000000000e+00
0.0000000000e+00,0.0000000000e+00,0.0000000000e+00
0.0000000000e+00,0.0000000000e+00,0.0000000000e+00
0.0000000000e+00,0.0000000000e+00,0.0000000000e+00
0.0000000000e+00,0.0000000000e+00,0.0000000000e+00
0.0000000000e+00,0.0000000000e+00,0.0000000000e+00
0.0000000000e+00,0.0000000000e+00,4.3321081000e-05
0.0000000000e+00,0.0000000000e+00,3.5291680000e-04
0.0000000000e+00,0.0000000000e+00,3.5279567000e-04
0.0000000000e+00,0.0000000000e+00,3.5267457000e-04
0.0000000000e+00,0.0000000000e+00,3.5255353000e-04
0.0000000000e+00,0.0000000000e+00,3.5243251000e-04
0.0000000000e+00,0.0000000000e+00,3.5075194000e-04
0.0000000000e+00,0.0000000000e+00,3.5063206000e-04
0.0000000000e+00,0.0000000000e+00,3.5051224000e-04
0.0000000000e+00,0.0000000000e+00,3.5039245000e-04
0.0000000000e+00,0.0000000000e+00,0.0000000000e+00
0.0000000000e+00,0.0000000000e+00,0.0000000000e+00
0.0000000000e+00,0.0000000000e+00,0.0000000000e+00
0.0000000000e+00,0.0000000000e+00,0.0000000000e+00
0.0000000000e+00,0.0000000000e+00,0.0000000000e+00
0.0000000000e+00,0.0000000000e+00,0.0000000000e+00
0.0000000000e+00,0.0000000000e+00,0.0000000000e+00
0.0000000000e+00,0.0000000000e+00,0.0000000000e+00
0.0000000000e+00,0.0000000000e+00,0.0000000000e+00
0.0000000000e+00,0.0000000000e+00,0.0000000000e+00
0.0000000000e+00,0.0000000000e+00,0.0000000000e+00
0.0000000000e+00,0.0000000000e+00,0.0000000000e+00
0.0000000000e+00,0.0000000000e+00,0.0000000000e+00
0.0000000000e+00,0.0000000000e+00,0.0000000000e+00
0.0000000000e+00,0.0000000000e+00,0.0000000000e+00
0.0000000000e+00,0.0000000000e+00,3.4848141000e-04
0.0000000000e+00,0.0000000000e+00,3.4836231000e-04
0.0000000000e+00,0.0000000000e+00,3.4824325000e-04
0.0000000000e+00,0.0000000000e+00,3.4812425000e-04
0.0000000000e+00,0.0000000000e+00,3.4800527000e-04
0.0000000000e+00,0.0000000000e+00,3.4638590000e-04
0.0000000000e+00,0.0000000000e+00,3.4626800000e-04
0.0000000000e+00,0.0000000000e+00,3.4615016000e-04
0.0000000000e+00,0.0000000000e+00,3.4603235000e-04
0.0000000000e+00,0.0000000000e+00,0.0000000000e+00
0.0000000000e+00,0.0000000000e+00,0.0000000000e+00
0.0000000000e+00,0.0000000000e+00,0.0000000000e+00
0.0000000000e+00,0.0000000000e+00,0.0000000000e+00
0.0000000000e+00,0.0000000000e+00,0.0000000000e+00
0.0000000000e+00,0.0000000000e+00,0.0000000000e+00
0.0000000000e+00,0.0000000000e+00,0.0000000000e+00
0.0000000000e+00,0.0000000000e+00,0.0000000000e+00
0.0000000000e+00,0.0000000000e+00,0.0000000000e+00
0.0000000000e+00,0.0000000000e+00,0.0000000000e+00
0.0000000000e+00,0.0000000000e+00,0.0000000000e+00
0.0000000000e+00,0.0000000000e+00,0.0000000000e+00
0.0000000000e+00,0.0000000000e+00,0.0000000000e+00
0.0000000000e+00,0.0000000000e+00,0.0000000000e+00
0.0000000000e+00,0.0000000000e+00,0.0000000000e+00
0.0000000000e+00,0.0000000000e+00,3.4415291000e-04
0.0000000000e+00,0.0000000000e+00,3.4403580000e-04
0.0000000000e+00,0.0000000000e+00,3.4391871000e-04
0.0000000000e+00,0.0000000000e+00,3.4380166000e-04
0.0000000000e+00,0.0000000000e+00,3.4368466000e-04
0.0000000000e+00,0.0000000000e+00,3.4212414000e-04
0.0000000000e+00,0.0000000000e+00,3.4200819000e-04
0.0000000000e+00,0.0000000000e+00,3.4189230000e-04
0.0000000000e+00,0.0000000000e+00,3.4177644000e-04
0.0000000000e+00,0.0000000000e+00,0.0000000000e+00
0.0000000000e+00,0.0000000000e+00,0.0000000000e+00
0.0000000000e+00,0.0000000000e+00,0.0000000000e+00
0.0000000000e+00,0.0000000000e+00,0.0000000000e+00
0.0000000000e+00,0.0000000000e+00,0.0000000000e+00
0.0000000000e+00,0.0000000000e+00,0.0000000000e+00
0.0000000000e+00,0.0000000000e+00,0.0000000000e+00
0.0000000000e+00,0.0000000000e+00,0.0000000000e+00
0.0000000000e+00,0.0000000000e+00,0.0000000000e+00
0.0000000000e+00,0.0000000000e+00,0.0000000000e+00
0.0000000000e+00,0.0000000000e+00,0.0000000000e+00
0.0000000000e+00,0.0000000000e+00,0.0000000000e+00
0.0000000000e+00,0.0000000000e+00,0.0000000000e+00
0.0000000000e+00,0.0000000000e+00,0.0000000000e+00
0.0000000000e+00,0.0000000000e+00,0.0000000000e+00
0.0000000000e+00,0.0000000000e+00,3.3992814000e-04
0.0000000000e+00,0.0000000000e+00,3.3981292000e-04
0.0000000000e+00,0.0000000000e+00,3.3969776000e-04
0.0000000000e+00,0.0000000000e+00,3.3958262000e-04
0.0000000000e+00,0.0000000000e+00,3.3946752000e-04
0.0000000000e+00,0.0000000000e+00,3.3796355000e-04
0.0000000000e+00,0.0000000000e+00,3.3784949000e-04
0.0000000000e+00,0.0000000000e+00,3.3773546000e-04
0.0000000000e+00,0.0000000000e+00,3.3762149000e-04
0.0000000000e+00,0.0000000000e+00,0.0000000000e+00
0.0000000000e+00,0.0000000000e+00,0.0000000000e+00
0.0000000000e+00,0.0000000000e+00,0.0000000000e+00
0.0000000000e+00,0.0000000000e+00,0.0000000000e+00
0.0000000000e+00,0.0000000000e+00,0.0000000000e+00
0.0000000000e+00,0.0000000000e+00,0.0000000000e+00
0.0000000000e+00,0.0000000000e+00,0.0000000000e+00
0.0000000000e+00,0.0000000000e+00,0.0000000000e+00
0.0000000000e+00,0.0000000000e+00,0.0000000000e+00
0.0000000000e+00,0.0000000000e+00,0.0000000000e+00
0.0000000000e+00,0.0000000000e+00,0.0000000000e+00
0.0000000000e+00,0.0000000000e+00,0.0000000000e+00
0.0000000000e+00,0.0000000000e+00,0.0000000000e+00
0.0000000000e+00,0.0000000000e+00,0.0000000000e+00
0.0000000000e+00,0.0000000000e+00,0.0000000000e+00
0.0000000000e+00,0.0000000000e+00,3.3580296000e-04
0.0000000000e+00,0.0000000000e+00,3.3568963000e-04
0.0000000000e+00,0.0000000000e+00,3.3557633000e-04
0.0000000000e+00,0.0000000000e+00,3.3546309000e-04
0.0000000000e+00,0.0000000000e+00,3.3534988000e-04
0.0000000000e+00,0.0000000000e+00,3.3390030000e-04
0.0000000000e+00,0.0000000000e+00,3.3378805000e-04
0.0000000000e+00,0.0000000000e+00,3.3367585000e-04
0.0000000000e+00,0.0000000000e+00,3.3356369000e-04
0.0000000000e+00,0.0000000000e+00,0.0000000000e+00
0.0000000000e+00,0.0000000000e+00,0.0000000000e+00
0.0000000000e+00,0.0000000000e+00,0.0000000000e+00
0.0000000000e+00,0.0000000000e+00,0.0000000000e+00
0.0000000000e+00,0.0000000000e+00,0.0000000000e+00
0.0000000000e+00,0.0000000000e+00,0.0000000000e+00
0.0000000000e+00,0.0000000000e+00,0.0000000000e+00
0.0000000000e+00,0.0000000000e+00,0.0000000000e+00
0.0000000000e+00,0.0000000000e+00,0.0000000000e+00
0.0000000000e+00,0.0000000000e+00,0.0000000000e+00
0.0000000000e+00,0.0000000000e+00,0.0000000000e+00
0.0000000000e+00,0.0000000000e+00,0.0000000000e+00
0.0000000000e+00,0.0000000000e+00,0.0000000000e+00
0.0000000000e+00,0.0000000000e+00,0.0000000000e+00
0.0000000000e+00,0.0000000000e+00,0.0000000000e+00
0.0000000000e+00,0.0000000000e+00,3.3177418000e-04
0.0000000000e+00,0.0000000000e+00,3.3166265000e-04
0.0000000000e+00,0.0000000000e+00,3.3155119000e-04
0.0000000000e+00,0.0000000000e+00,3.3143972000e-04
0.0000000000e+00,0.0000000000e+00,3.3132831000e-04
0.0000000000e+00,0.0000000000e+00,3.2993103000e-04
0.0000000000e+00,0.0000000000e+00,3.2982056000e-04
0.0000000000e+00,0.0000000000e+00,3.2971014000e-04
0.0000000000e+00,0.0000000000e+00,3.2959974000e-04
0.0000000000e+00,0.0000000000e+00,1.6412203000e-05
0.0000000000e+00,0.0000000000e+00,0.0000000000e+00
0.0000000000e+00,0.0000000000e+00,0.0000000000e+00
0.0000000000e+00,0.0000000000e+00,0.0000000000e+00
0.0000000000e+00,0.0000000000e+00,0.0000000000e+00
0.0000000000e+00,0.0000000000e+00,0.0000000000e+00
0.0000000000e+00,0.0000000000e+00,0.0000000000e+00
0.0000000000e+00,0.0000000000e+00,0.0000000000e+00
0.0000000000e+00,0.0000000000e+00,0.0000000000e+00
0.0000000000e+00,0.0000000000e+00,0.0000000000e+00
0.0000000000e+00,0.0000000000e+00,0.0000000000e+00
0.0000000000e+00,0.0000000000e+00,0.0000000000e+00
0.0000000000e+00,0.0000000000e+00,0.0000000000e+00
0.0000000000e+00,0.0000000000e+00,0.0000000000e+00
0.0000000000e+00,0.0000000000e+00,1.4870981000e-05
0.0000000000e+00,0.0000000000e+00,3.2783832000e-04
0.0000000000e+00,0.0000000000e+00,3.2772854000e-04
0.0000000000e+00,0.0000000000e+00,3.2761882000e-04
0.0000000000e+00,0.0000000000e+00,3.2750910000e-04
0.0000000000e+00,0.0000000000e+00,3.2739944000e-04
0.0000000000e+00,0.0000000000e+00,3.2605248000e-04
0.0000000000e+00,0.0000000000e+00,3.2594372000e-04
0.0000000000e+00,0.0000000000e+00,3.2583499000e-04
0.0000000000e+00,0.0000000000e+00,3.2572632000e-04
0.0000000000e+00,0.0000000000e+00,2.8890499000e-05
0.0000000000e+00,0.0000000000e+00,0.0000000000e+00
0.0000000000e+00,0.0000000000e+00,0.0000000000e+00
0.0000000000e+00,0.0000000000e+00,0.0000000000e+00
0.0000000000e+00,0.0000000000e+00,0.0000000000e+00
0.0000000000e+00,0.0000000000e+00,0.0000000000e+00
0.0000000000e+00,0.0000000000e+00,0.0000000000e+00
0.0000000000e+00,0.0000000000e+00,0.0000000000e+00
0.0000000000e+00,0.0000000000e+00,0.0000000000e+00
0.0000000000e+00,0.0000000000e+00,0.0000000000e+00
0.0000000000e+00,0.0000000000e+00,0.0000000000e+00
0.0000000000e+00,0.0000000000e+00,0.0000000000e+00
0.0000000000e+00,0.0000000000e+00,0.0000000000e+00
0.0000000000e+00,0.0000000000e+00,0.0000000000e+00
0.0000000000e+00,0.0000000000e+00,2.7373142000e-05
0.0000000000e+00,0.0000000000e+00,3.2399216000e-04
0.0000000000e+00,0.0000000000e+00,3.2388407000e-04
0.0000000000e+00,0.0000000000e+00,3.2377604000e-04
0.0000000000e+00,0.0000000000e+00,3.2366803000e-04
0.0000000000e+00,0.0000000000e+00,3.2356006000e-04
0.0000000000e+00,0.0000000000e+00,3.2226153000e-04
0.0000000000e+00,0.0000000000e+00,3.2215440000e-04
0.0000000000e+00,0.0000000000e+00,3.2204733000e-04
0.0000000000e+00,0.0000000000e+00,3.2194032000e-04
0.0000000000e+00,0.0000000000e+00,2.3501110000e-05
0.0000000000e+00,0.0000000000e+00,0.0000000000e+00
0.0000000000e+00,0.0000000000e+00,0.0000000000e+00
0.0000000000e+00,0.0000000000e+00,0.0000000000e+00
0.0000000000e+00,0.0000000000e+00,0.0000000000e+00
0.0000000000e+00,0.0000000000e+00,0.0000000000e+00
0.0000000000e+00,0.0000000000e+00,0.0000000000e+00
0.0000000000e+00,0.0000000000e+00,0.0000000000e+00
0.0000000000e+00,0.0000000000e+00,0.0000000000e+00
0.0000000000e+00,0.0000000000e+00,0.0000000000e+00
0.0000000000e+00,0.0000000000e+00,0.0000000000e+00
0.0000000000e+00,0.0000000000e+00,0.0000000000e+00
0.0000000000e+00,0.0000000000e+00,0.0000000000e+00
0.0000000000e+00,0.0000000000e+00,0.0000000000e+00
0.0000000000e+00,0.0000000000e+00,2.2006861000e-05
0.0000000000e+00,0.0000000000e+00,3.2023262000e-04
0.0000000000e+00,0.0000000000e+00,3.2012619000e-04
0.0000000000e+00,0.0000000000e+00,3.2001978000e-04
0.0000000000e+00,0.0000000000e+00,3.1991344000e-04
0.0000000000e+00,0.0000000000e+00,3.1980712000e-04
0.0000000000e+00,0.0000000000e+00,3.1855510000e-04
0.0000000000e+00,0.0000000000e+00,3.1844960000e-04
0.0000000000e+00,0.0000000000e+00,3.1834416000e-04
0.0000000000e+00,0.0000000000e+00,3.1823872000e-04
0.0000000000e+00,0.0000000000e+00,2.9399671000e-05
0.0000000000e+00,0.0000000000e+00,0.0000000000e+00
0.0000000000e+00,0.0000000000e+00,0.0000000000e+00
0.0000000000e+00,0.0000000000e+00,0.0000000000e+00
0.0000000000e+00,0.0000000000e+00,0.0000000000e+00
0.0000000000e+00,0.0000000000e+00,0.0000000000e+00
0.0000000000e+00,0.0000000000e+00,0.0000000000e+00
0.0000000000e+00,0.0000000000e+00,0.0000000000e+00
0.0000000000e+00,0.0000000000e+00,0.0000000000e+00
0.0000000000e+00,0.0000000000e+00,0.0000000000e+00
0.0000000000e+00,0.0000000000e+00,0.0000000000e+00
0.0000000000e+00,0.0000000000e+00,0.0000000000e+00
0.0000000000e+00,0.0000000000e+00,0.0000000000e+00
0.0000000000e+00,0.0000000000e+00,0.0000000000e+00
0.0000000000e+00,0.0000000000e+00,2.7927919000e-05
0.0000000000e+00,0.0000000000e+00,3.1655669000e-04
0.0000000000e+00,0.0000000000e+00,3.1645186000e-04
0.0000000000e+00,0.0000000000e+00,3.1634708000e-04
0.0000000000e+00,0.0000000000e+00,3.1624231000e-04
0.0000000000e+00,0.0000000000e+00,3.1613759000e-04
0.0000000000e+00,0.0000000000e+00,3.1493034000e-04
0.0000000000e+00,0.0000000000e+00,3.1482641000e-04
0.0000000000e+00,0.0000000000e+00,3.1472251000e-04
0.0000000000e+00,0.0000000000e+00,3.1461864000e-04
0.0000000000e+00,0.0000000000e+00,5.9960963000e-05
0.0000000000e+00,0.0000000000e+00,0.0000000000e+00
0.0000000000e+00,0.0000000000e+00,0.0000000000e+00
0.0000000000e+00,0.0000000000e+00,0.0000000000e+00
0.0000000000e+00,0.0000000000e+00,0.0000000000e+00
0.0000000000e+00,0.0000000000e+00,0.0000000000e+00
0.0000000000e+00,0.0000000000e+00,0.0000000000e+00
0.0000000000e+00,0.0000000000e+00,0.0000000000e+00
0.0000000000e+00,0.0000000000e+00,0.0000000000e+00
0.0000000000e+00,0.0000000000e+00,0.0000000000e+00
0.0000000000e+00,0.0000000000e+00,0.0000000000e+00
0.0000000000e+00,0.0000000000e+00,0.0000000000e+00
0.0000000000e+00,0.0000000000e+00,0.0000000000e+00
0.0000000000e+00,0.0000000000e+00,0.0000000000e+00
0.0000000000e+00,0.0000000000e+00,5.8511010000e-05
0.0000000000e+00,0.0000000000e+00,3.1296155000e-04
0.0000000000e+00,0.0000000000e+00,3.1285826000e-04
0.0000000000e+00,0.0000000000e+00,3.1275503000e-04
0.0000000000e+00,0.0000000000e+00,3.1265180000e-04
0.0000000000e+00,0.0000000000e+00,3.1254865000e-04
0.0000000000e+00,0.0000000000e+00,3.1138444000e-04
0.0000000000e+00,0.0000000000e+00,3.1128206000e-04
0.0000000000e+00,0.0000000000e+00,3.1117967000e-04
0.0000000000e+00,0.0000000000e+00,3.1107734000e-04
0.0000000000e+00,0.0000000000e+00,9.3496157000e-05
0.0000000000e+00,0.0000000000e+00,0.0000000000e+00
0.0000000000e+00,0.0000000000e+00,0.0000000000e+00
0.0000000000e+00,0.0000000000e+00,0.0000000000e+00
0.0000000000e+00,0.0000000000e+00,0.0000000000e+00
0.0000000000e+00,0.0000000000e+00,0.0000000000e+00
0.0000000000e+00,0.0000000000e+00,0.0000000000e+00
0.0000000000e+00,0.0000000000e+00,0.0000000000e+00
0.0000000000e+00,0.0000000000e+00,0.0000000000e+00
0.0000000000e+00,0.0000000000e+00,0.0000000000e+00
0.0000000000e+00,0.0000000000e+00,0.0000000000e+00
0.0000000000e+00,0.0000000000e+00,0.0000000000e+00
0.0000000000e+00,0.0000000000e+00,0.0000000000e+00
0.0000000000e+00,0.0000000000e+00,0.0000000000e+00
0.0000000000e+00,0.0000000000e+00,9.2067392000e-05
0.0000000000e+00,0.0000000000e+00,3.0944444000e-04
0.0000000000e+00,0.0000000000e+00,3.0934266000e-04
0.0000000000e+00,0.0000000000e+00,3.0924092000e-04
0.0000000000e+00,0.0000000000e+00,3.0913923000e-04
0.0000000000e+00,0.0000000000e+00,3.0903757000e-04
0.0000000000e+00,0.0000000000e+00,3.0791480000e-04
0.0000000000e+00,0.0000000000e+00,3.0781387000e-04
0.0000000000e+00,0.0000000000e+00,3.0771297000e-04
0.0000000000e+00,0.0000000000e+00,3.0761209000e-04
0.0000000000e+00,0.0000000000e+00,1.2319080000e-04
0.0000000000e+00,0.0000000000e+00,0.0000000000e+00
0.0000000000e+00,0.0000000000e+00,0.0000000000e+00
0.0000000000e+00,0.0000000000e+00,0.0000000000e+00
0.0000000000e+00,0.0000000000e+00,0.0000000000e+00
0.0000000000e+00,0.0000000000e+00,0.0000000000e+00
0.0000000000e+00,0.0000000000e+00,0.0000000000e+00
0.0000000000e+00,0.0000000000e+00,0.0000000000e+00
0.0000000000e+00,0.0000000000e+00,0.0000000000e+00
0.0000000000e+00,0.0000000000e+00,0.0000000000e+00
0.0000000000e+00,0.0000000000e+00,0.0000000000e+00
0.0000000000e+00,0.0000000000e+00,0.0000000000e+00
0.0000000000e+00,0.0000000000e+00,0.0000000000e+00
0.0000000000e+00,0.0000000000e+00,0.0000000000e+00
0.0000000000e+00,0.0000000000e+00,1.2178261000e-04
0.0000000000e+00,0.0000000000e+00,3.0600271000e-04
0.0000000000e+00,0.0000000000e+00,3.0590242000e-04
0.0000000000e+00,0.0000000000e+00,3.0580215000e-04
0.0000000000e+00,0.0000000000e+00,3.0570189000e-04
0.0000000000e+00,0.0000000000e+00,3.0560169000e-04
0.0000000000e+00,0.0000000000e+00,3.0451879000e-04
0.0000000000e+00,0.0000000000e+00,3.0441929000e-04
0.0000000000e+00,0.0000000000e+00,3.0431984000e-04
0.0000000000e+00,0.0000000000e+00,3.0422039000e-04
0.0000000000e+00,0.0000000000e+00,1.4505067000e-04
0.0000000000e+00,0.0000000000e+00,0.0000000000e+00
0.0000000000e+00,0.0000000000e+00,0.0000000000e+00
0.0000000000e+00,0.0000000000e+00,0.0000000000e+00
0.0000000000e+00,0.0000000000e+00,0.0000000000e+00
0.0000000000e+00,0.0000000000e+00,0.0000000000e+00
0.0000000000e+00,0.0000000000e+00,0.0000000000e+00
0.0000000000e+00,0.0000000000e+00,0.0000000000e+00
0.0000000000e+00,0.0000000000e+00,0.0000000000e+00
0.0000000000e+00,0.0000000000e+00,0.0000000000e+00
0.0000000000e+00,0.0000000000e+00,0.0000000000e+00
0.0000000000e+00,0.0000000000e+00,0.0000000000e+00
0.0000000000e+00,0.0000000000e+00,0.0000000000e+00
0.0000000000e+00,0.0000000000e+00,0.0000000000e+00
0.0000000000e+00,0.0000000000e+00,1.4366244000e-04
0.0000000000e+00,0.0000000000e+00,3.0263385000e-04
0.0000000000e+00,0.0000000000e+00,3.0253496000e-04
0.0000000000e+00,0.0000000000e+00,3.0243612000e-04
0.0000000000e+00,0.0000000000e+00,3.0233728000e-04
0.0000000000e+00,0.0000000000e+00,3.0223851000e-04
0.0000000000e+00,0.0000000000e+00,3.0119397000e-04
0.0000000000e+00,0.0000000000e+00,3.0109586000e-04
0.0000000000e+00,0.0000000000e+00,3.0099778000e-04
0.0000000000e+00,0.0000000000e+00,3.0089973000e-04
0.0000000000e+00,0.0000000000e+00,1.5559116000e-04
0.0000000000e+00,0.0000000000e+00,0.0000000000e+00
0.0000000000e+00,0.0000000000e+00,0.0000000000e+00
0.0000000000e+00,0.0000000000e+00,0.0000000000e+00
0.0000000000e+00,0.0000000000e+00,0.0000000000e+00
0.0000000000e+00,0.0000000000e+00,0.0000000000e+00
0.0000000000e+00,0.0000000000e+00,0.0000000000e+00
0.0000000000e+00,0.0000000000e+00,0.0000000000e+00
0.0000000000e+00,0.0000000000e+00,0.0000000000e+00
0.0000000000e+00,0.0000000000e+00,0.0000000000e+00
0.0000000000e+00,0.0000000000e+00,0.0000000000e+00
0.0000000000e+00,0.0000000000e+00,0.0000000000e+00
0.0000000000e+00,0.0000000000e+00,0.0000000000e+00
0.0000000000e+00,0.0000000000e+00,0.0000000000e+00
0.0000000000e+00,0.0000000000e+00,1.5422238000e-04
0.0000000000e+00,0.0000000000e+00,2.9933543000e-04
0.0000000000e+00,0.0000000000e+00,2.9923793000e-04
0.0000000000e+00,0.0000000000e+00,2.9914046000e-04
0.0000000000e+00,0.0000000000e+00,2.9904302000e-04
0.0000000000e+00,0.0000000000e+00,2.9894561000e-04
0.0000000000e+00,0.0000000000e+00,2.9793798000e-04
0.0000000000e+00,0.0000000000e+00,2.9784124000e-04
0.0000000000e+00,0.0000000000e+00,2.9774450000e-04
0.0000000000e+00,0.0000000000e+00,2.9764784000e-04
0.0000000000e+00,0.0000000000e+00,1.5904188000e-04
0.0000000000e+00,0.0000000000e+00,0.0000000000e+00
0.0000000000e+00,0.0000000000e+00,0.0000000000e+00
0.0000000000e+00,0.0000000000e+00,0.0000000000e+00
0.0000000000e+00,0.0000000000e+00,0.0000000000e+00
0.0000000000e+00,0.0000000000e+00,0.0000000000e+00
0.0000000000e+00,0.0000000000e+00,0.0000000000e+00
0.0000000000e+00,0.0000000000e+00,0.0000000000e+00
0.0000000000e+00,0.0000000000e+00,0.0000000000e+00
0.0000000000e+00,0.0000000000e+00,0.0000000000e+00
0.0000000000e+00,0.0000000000e+00,0.0000000000e+00
0.0000000000e+00,0.0000000000e+00,0.0000000000e+00
0.0000000000e+00,0.0000000000e+00,0.0000000000e+00
0.0000000000e+00,0.0000000000e+00,0.0000000000e+00
0.0000000000e+00,0.0000000000e+00,1.5769202000e-04
0.0000000000e+00,0.0000000000e+00,2.9610514000e-04
0.0000000000e+00,0.0000000000e+00,2.9600898000e-04
0.0000000000e+00,0.0000000000e+00,2.9591285000e-04
0.0000000000e+00,0.0000000000e+00,2.9581675000e-04
0.0000000000e+00,0.0000000000e+00,2.9572067000e-04
0.0000000000e+00,0.0000000000e+00,2.9474855000e-04
0.0000000000e+00,0.0000000000e+00,2.9465312000e-04
0.0000000000e+00,0.0000000000e+00,2.9455774000e-04
0.0000000000e+00,0.0000000000e+00,2.9446237000e-04
0.0000000000e+00,0.0000000000e+00,1.7128719000e-04
0.0000000000e+00,0.0000000000e+00,0.0000000000e+00
0.0000000000e+00,0.0000000000e+00,0.0000000000e+00
0.0000000000e+00,0.0000000000e+00,0.0000000000e+00
0.0000000000e+00,0.0000000000e+00,0.0000000000e+00
0.0000000000e+00,0.0000000000e+00,0.0000000000e+00
0.0000000000e+00,0.0000000000e+00,0.0000000000e+00
0.0000000000e+00,0.0000000000e+00,0.0000000000e+00
0.0000000000e+00,0.0000000000e+00,0.0000000000e+00
0.0000000000e+00,0.0000000000e+00,0.0000000000e+00
0.0000000000e+00,0.0000000000e+00,0.0000000000e+00
0.0000000000e+00,0.0000000000e+00,0.0000000000e+00
0.0000000000e+00,0.0000000000e+00,0.0000000000e+00
0.0000000000e+00,0.0000000000e+00,0.0000000000e+00
0.0000000000e+00,0.0000000000e+00,1.6995572000e-04
0.0000000000e+00,0.0000000000e+00,2.9294071000e-04
0.0000000000e+00,0.0000000000e+00,2.9284586000e-04
0.0000000000e+00,0.0000000000e+00,2.9275104000e-04
0.0000000000e+00,0.0000000000e+00,2.9265624000e-04
0.0000000000e+00,0.0000000000e+00,2.9256148000e-04
0.0000000000e+00,0.0000000000e+00,2.9162352000e-04
0.0000000000e+00,0.0000000000e+00,2.9152937000e-04
0.0000000000e+00,0.0000000000e+00,2.9143525000e-04
0.0000000000e+00,0.0000000000e+00,2.9134119000e-04
0.0000000000e+00,0.0000000000e+00,1.8323398000e-04
0.0000000000e+00,0.0000000000e+00,0.0000000000e+00
0.0000000000e+00,0.0000000000e+00,0.0000000000e+00
0.0000000000e+00,0.0000000000e+00,0.0000000000e+00
0.0000000000e+00,0.0000000000e+00,0.0000000000e+00
0.0000000000e+00,0.0000000000e+00,0.0000000000e+00
0.0000000000e+00,0.0000000000e+00,0.0000000000e+00
0.0000000000e+00,0.0000000000e+00,0.0000000000e+00
0.0000000000e+00,0.0000000000e+00,0.0000000000e+00
0.0000000000e+00,0.0000000000e+00,0.0000000000e+00
0.0000000000e+00,0.0000000000e+00,0.0000000000e+00
0.0000000000e+00,0.0000000000e+00,0.0000000000e+00
0.0000000000e+00,0.0000000000e+00,0.0000000000e+00
0.0000000000e+00,0.0000000000e+00,0.0000000000e+00
0.0000000000e+00,0.0000000000e+00,1.8192040000e-04
0.0000000000e+00,0.0000000000e+00,2.8983995000e-04
0.0000000000e+00,0.0000000000e+00,2.8974639000e-04
0.0000000000e+00,0.0000000000e+00,2.8965285000e-04
0.0000000000e+00,0.0000000000e+00,2.8955934000e-04
0.0000000000e+00,0.0000000000e+00,2.8946585000e-04
0.0000000000e+00,0.0000000000e+00,2.8856078000e-04
0.0000000000e+00,0.0000000000e+00,2.8846788000e-04
0.0000000000e+00,0.0000000000e+00,2.8837501000e-04
0.0000000000e+00,0.0000000000e+00,2.8828217000e-04
0.0000000000e+00,0.0000000000e+00,1.9393847000e-04
0.0000000000e+00,0.0000000000e+00,0.0000000000e+00
0.0000000000e+00,0.0000000000e+00,0.0000000000e+00
0.0000000000e+00,0.0000000000e+00,0.0000000000e+00
0.0000000000e+00,0.0000000000e+00,0.0000000000e+00
0.0000000000e+00,0.0000000000e+00,0.0000000000e+00
0.0000000000e+00,0.0000000000e+00,0.0000000000e+00
0.0000000000e+00,0.0000000000e+00,0.0000000000e+00
0.0000000000e+00,0.0000000000e+00,0.0000000000e+00
0.0000000000e+00,0.0000000000e+00,0.0000000000e+00
0.0000000000e+00,0.0000000000e+00,0.0000000000e+00
0.0000000000e+00,0.0000000000e+00,0.0000000000e+00
0.0000000000e+00,0.0000000000e+00,0.0000000000e+00
0.0000000000e+00,0.0000000000e+00,0.0000000000e+00
0.0000000000e+00,0.0000000000e+00,1.9264236000e-04
0.0000000000e+00,0.0000000000e+00,2.8680090000e-04
0.0000000000e+00,0.0000000000e+00,2.8670856000e-04
0.0000000000e+00,0.0000000000e+00,2.8661627000e-04
0.0000000000e+00,0.0000000000e+00,2.8652398000e-04
0.0000000000e+00,0.0000000000e+00,2.8643175000e-04
0.0000000000e+00,0.0000000000e+00,2.8555829000e-04
0.0000000000e+00,0.0000000000e+00,2.8546661000e-04
0.0000000000e+00,0.0000000000e+00,2.8537499000e-04
0.0000000000e+00,0.0000000000e+00,2.8528334000e-04
0.0000000000e+00,0.0000000000e+00,2.1348134000e-04
0.0000000000e+00,0.0000000000e+00,0.0000000000e+00
0.0000000000e+00,0.0000000000e+00,0.0000000000e+00
0.0000000000e+00,0.0000000000e+00,0.0000000000e+00
0.0000000000e+00,0.0000000000e+00,0.0000000000e+00
0.0000000000e+00,0.0000000000e+00,0.0000000000e+00
0.0000000000e+00,0.0000000000e+00,0.0000000000e+00
0.0000000000e+00,0.0000000000e+00,0.0000000000e+00
0.0000000000e+00,0.0000000000e+00,0.0000000000e+00
0.0000000000e+00,0.0000000000e+00,0.0000000000e+00
0.0000000000e+00,0.0000000000e+00,0.0000000000e+00
0.0000000000e+00,0.0000000000e+00,0.0000000000e+00
0.0000000000e+00,0.0000000000e+00,0.0000000000e+00
0.0000000000e+00,0.0000000000e+00,0.0000000000e+00
0.0000000000e+00,0.0000000000e+00,2.1220214000e-04
0.0000000000e+00,0.0000000000e+00,2.8382146000e-04
0.0000000000e+00,0.0000000000e+00,2.8373033000e-04
0.0000000000e+00,0.0000000000e+00,2.8363924000e-04
0.0000000000e+00,0.0000000000e+00,2.8354817000e-04
0.0000000000e+00,0.0000000000e+00,2.8345714000e-04
0.0000000000e+00,0.0000000000e+00,2.8261414000e-04
0.0000000000e+00,0.0000000000e+00,2.8252366000e-04
0.0000000000e+00,0.0000000000e+00,2.8243320000e-04
0.0000000000e+00,0.0000000000e+00,2.8234278000e-04
0.0000000000e+00,0.0000000000e+00,2.3847914000e-04
0.0000000000e+00,0.0000000000e+00,0.0000000000e+00
0.0000000000e+00,0.0000000000e+00,0.0000000000e+00
0.0000000000e+00,0.0000000000e+00,0.0000000000e+00
0.0000000000e+00,0.0000000000e+00,0.0000000000e+00
0.0000000000e+00,0.0000000000e+00,0.0000000000e+00
0.0000000000e+00,0.0000000000e+00,0.0000000000e+00
0.0000000000e+00,0.0000000000e+00,0.0000000000e+00
0.0000000000e+00,0.0000000000e+00,0.0000000000e+00
0.0000000000e+00,0.0000000000e+00,0.0000000000e+00
0.0000000000e+00,0.0000000000e+00,0.0000000000e+00
0.0000000000e+00,0.0000000000e+00,0.0000000000e+00
0.0000000000e+00,0.0000000000e+00,0.0000000000e+00
0.0000000000e+00,0.0000000000e+00,0.0000000000e+00
0.0000000000e+00,0.0000000000e+00,2.3721653000e-04
0.0000000000e+00,0.0000000000e+00,2.8089978000e-04
0.0000000000e+00,0.0000000000e+00,2.8080985000e-04
0.0000000000e+00,0.0000000000e+00,2.8071995000e-04
0.0000000000e+00,0.0000000000e+00,2.8063005000e-04
0.0000000000e+00,0.0000000000e+00,2.8054020000e-04
0.0000000000e+00,0.0000000000e+00,2.7972652000e-04
0.0000000000e+00,0.0000000000e+00,2.7963720000e-04
0.0000000000e+00,0.0000000000e+00,2.7954788000e-04
0.0000000000e+00,0.0000000000e+00,2.7945859000e-04
0.0000000000e+00,0.0000000000e+00,2.6060382000e-04
0.0000000000e+00,0.0000000000e+00,0.0000000000e+00
0.0000000000e+00,0.0000000000e+00,0.0000000000e+00
0.0000000000e+00,0.0000000000e+00,0.0000000000e+00
0.0000000000e+00,0.0000000000e+00,0.0000000000e+00
0.0000000000e+00,0.0000000000e+00,0.0000000000e+00
0.0000000000e+00,0.0000000000e+00,0.0000000000e+00
0.0000000000e+00,0.0000000000e+00,0.0000000000e+00
0.0000000000e+00,0.0000000000e+00,0.0000000000e+00
0.0000000000e+00,0.0000000000e+00,0.0000000000e+00
0.0000000000e+00,0.0000000000e+00,0.0000000000e+00
0.0000000000e+00,0.0000000000e+00,0.0000000000e+00
0.0000000000e+00,0.0000000000e+00,0.0000000000e+00
0.0000000000e+00,0.0000000000e+00,0.0000000000e+00
0.0000000000e+00,0.0000000000e+00,2.5935727000e-04
0.0000000000e+00,0.0000000000e+00,2.7803396000e-04
0.0000000000e+00,0.0000000000e+00,2.7794516000e-04
0.0000000000e+00,0.0000000000e+00,2.7785639000e-04
0.0000000000e+00,0.0000000000e+00,2.7776766000e-04
0.0000000000e+00,0.0000000000e+00,2.7767895000e-04
0.0000000000e+00,0.0000000000e+00,2.7689349000e-04
0.0000000000e+00,0.0000000000e+00,2.7680528000e-04
0.0000000000e+00,0.0000000000e+00,2.7671710000e-04
0.0000000000e+00,0.0000000000e+00,2.7662894000e-04
0.0000000000e+00,0.0000000000e+00,2.7605711000e-04
0.0000000000e+00,0.0000000000e+00,0.0000000000e+00
0.0000000000e+00,0.0000000000e+00,0.0000000000e+00
0.0000000000e+00,0.0000000000e+00,0.0000000000e+00
0.0000000000e+00,0.0000000000e+00,0.0000000000e+00
0.0000000000e+00,0.0000000000e+00,0.0000000000e+00
0.0000000000e+00,0.0000000000e+00,0.0000000000e+00
0.0000000000e+00,0.0000000000e+00,0.0000000000e+00
0.0000000000e+00,0.0000000000e+00,0.0000000000e+00
0.0000000000e+00,0.0000000000e+00,0.0000000000e+00
0.0000000000e+00,0.0000000000e+00,0.0000000000e+00
0.0000000000e+00,0.0000000000e+00,0.0000000000e+00
0.0000000000e+00,0.0000000000e+00,0.0000000000e+00
0.0000000000e+00,0.0000000000e+00,0.0000000000e+00
0.0000000000e+00,0.0000000000e+00,2.7482631000e-04
0.0000000000e+00,0.0000000000e+00,2.7522229000e-04
0.0000000000e+00,0.0000000000e+00,2.7513463000e-04
0.0000000000e+00,0.0000000000e+00,2.7504697000e-04
0.0000000000e+00,0.0000000000e+00,2.7495934000e-04
0.0000000000e+00,0.0000000000e+00,2.7487177000e-04
0.0000000000e+00,0.0000000000e+00,2.7411350000e-04
0.0000000000e+00,0.0000000000e+00,2.7402636000e-04
0.0000000000e+00,0.0000000000e+00,2.7393928000e-04
0.0000000000e+00,0.0000000000e+00,2.7385223000e-04
0.0000000000e+00,0.0000000000e+00,2.7376521000e-04
0.0000000000e+00,0.0000000000e+00,0.0000000000e+00
0.0000000000e+00,0.0000000000e+00,0.0000000000e+00
0.0000000000e+00,0.0000000000e+00,0.0000000000e+00
0.0000000000e+00,0.0000000000e+00,0.0000000000e+00
0.0000000000e+00,0.0000000000e+00,0.0000000000e+00
0.0000000000e+00,0.0000000000e+00,0.0000000000e+00
0.0000000000e+00,0.0000000000e+00,0.0000000000e+00
0.0000000000e+00,0.0000000000e+00,0.0000000000e+00
0.0000000000e+00,0.0000000000e+00,0.0000000000e+00
0.0000000000e+00,0.0000000000e+00,0.0000000000e+00
0.0000000000e+00,0.0000000000e+00,0.0000000000e+00
0.0000000000e+00,0.0000000000e+00,0.0000000000e+00
0.0000000000e+00,0.0000000000e+00,0.0000000000e+00
0.0000000000e+00,0.0000000000e+00,2.7254972000e-04
0.0000000000e+00,0.0000000000e+00,2.7246310000e-04
0.0000000000e+00,0.0000000000e+00,2.7237652000e-04
0.0000000000e+00,0.0000000000e+00,2.7228997000e-04
0.0000000000e+00,0.0000000000e+00,2.7220344000e-04
0.0000000000e+00,0.0000000000e+00,2.7211691000e-04
0.0000000000e+00,0.0000000000e+00,2.7138481000e-04
0.0000000000e+00,0.0000000000e+00,2.7129878000e-04
0.0000000000e+00,0.0000000000e+00,2.7121278000e-04
0.0000000000e+00,0.0000000000e+00,2.7112677000e-04
0.0000000000e+00,0.0000000000e+00,2.7104083000e-04
0.0000000000e+00,0.0000000000e+00,0.0000000000e+00
0.0000000000e+00,0.0000000000e+00,0.0000000000e+00
0.0000000000e+00,0.0000000000e+00,0.0000000000e+00
0.0000000000e+00,0.0000000000e+00,0.0000000000e+00
0.0000000000e+00,0.0000000000e+00,0.0000000000e+00
0.0000000000e+00,0.0000000000e+00,0.0000000000e+00
0.0000000000e+00,0.0000000000e+00,0.0000000000e+00
0.0000000000e+00,0.0000000000e+00,0.0000000000e+00
0.0000000000e+00,0.0000000000e+00,0.0000000000e+00
0.0000000000e+00,0.0000000000e+00,0.0000000000e+00
0.0000000000e+00,0.0000000000e+00,0.0000000000e+00
0.0000000000e+00,0.0000000000e+00,0.0000000000e+00
0.0000000000e+00,0.0000000000e+00,0.0000000000e+00
0.0000000000e+00,0.0000000000e+00,2.6984030000e-04
0.0000000000e+00,0.0000000000e+00,2.6975476000e-04
0.0000000000e+00,0.0000000000e+00,2.6966922000e-04
0.0000000000e+00,0.0000000000e+00,2.6958372000e-04
0.0000000000e+00,0.0000000000e+00,2.6949827000e-04
0.0000000000e+00,0.0000000000e+00,2.6941282000e-04
0.0000000000e+00,0.0000000000e+00,2.6870589000e-04
0.0000000000e+00,0.0000000000e+00,2.6862090000e-04
0.0000000000e+00,0.0000000000e+00,2.6853592000e-04
0.0000000000e+00,0.0000000000e+00,2.6845100000e-04
0.0000000000e+00,0.0000000000e+00,2.6836607000e-04
0.0000000000e+00,0.0000000000e+00,0.0000000000e+00
0.0000000000e+00,0.0000000000e+00,0.0000000000e+00
0.0000000000e+00,0.0000000000e+00,0.0000000000e+00
0.0000000000e+00,0.0000000000e+00,0.0000000000e+00
0.0000000000e+00,0.0000000000e+00,0.0000000000e+00
0.0000000000e+00,0.0000000000e+00,0.0000000000e+00
0.0000000000e+00,0.0000000000e+00,0.0000000000e+00
0.0000000000e+00,0.0000000000e+00,0.0000000000e+00
0.0000000000e+00,0.0000000000e+00,0.0000000000e+00
0.0000000000e+00,0.0000000000e+00,0.0000000000e+00
0.0000000000e+00,0.0000000000e+00,0.0000000000e+00
0.0000000000e+00,0.0000000000e+00,0.0000000000e+00
0.0000000000e+00,0.0000000000e+00,0.0000000000e+00
0.0000000000e+00,0.0000000000e+00,2.6718015000e-04
0.0000000000e+00,0.0000000000e+00,2.6709563000e-04
0.0000000000e+00,0.0000000000e+00,2.6701114000e-04
0.0000000000e+00,0.0000000000e+00,2.6692668000e-04
0.0000000000e+00,0.0000000000e+00,2.6684225000e-04
0.0000000000e+00,0.0000000000e+00,2.6675785000e-04
0.0000000000e+00,0.0000000000e+00,2.6607516000e-04
0.0000000000e+00,0.0000000000e+00,2.6599120000e-04
0.0000000000e+00,0.0000000000e+00,2.6590723000e-04
0.0000000000e+00,0.0000000000e+00,2.6582333000e-04
0.0000000000e+00,0.0000000000e+00,2.6573942000e-04
0.0000000000e+00,0.0000000000e+00,0.0000000000e+00
0.0000000000e+00,0.0000000000e+00,0.0000000000e+00
0.0000000000e+00,0.0000000000e+00,0.0000000000e+00
0.0000000000e+00,0.0000000000e+00,0.0000000000e+00
0.0000000000e+00,0.0000000000e+00,0.0000000000e+00
0.0000000000e+00,0.0000000000e+00,0.0000000000e+00
0.0000000000e+00,0.0000000000e+00,0.0000000000e+00
0.0000000000e+00,0.0000000000e+00,0.0000000000e+00
0.0000000000e+00,0.0000000000e+00,0.0000000000e+00
0.0000000000e+00,0.0000000000e+00,0.0000000000e+00
0.0000000000e+00,0.0000000000e+00,0.0000000000e+00
0.0000000000e+00,0.0000000000e+00,0.0000000000e+00
0.0000000000e+00,0.0000000000e+00,0.0000000000e+00
0.0000000000e+00,0.0000000000e+00,2.6456770000e-04
0.0000000000e+00,0.0000000000e+00,2.6448420000e-04
0.0000000000e+00,0.0000000000e+00,2.6440073000e-04
0.0000000000e+00,0.0000000000e+00,2.6431729000e-04
0.0000000000e+00,0.0000000000e+00,2.6423388000e-04
0.0000000000e+00,0.0000000000e+00,2.6415047000e-04
0.0000000000e+00,0.0000000000e+00,2.6349112000e-04
0.0000000000e+00,0.0000000000e+00,2.6340815000e-04
0.0000000000e+00,0.0000000000e+00,2.6332520000e-04
0.0000000000e+00,0.0000000000e+00,2.6324228000e-04
0.0000000000e+00,0.0000000000e+00,2.6315940000e-04
0.0000000000e+00,0.0000000000e+00,0.0000000000e+00
0.0000000000e+00,0.0000000000e+00,0.0000000000e+00
0.0000000000e+00,0.0000000000e+00,0.0000000000e+00
0.0000000000e+00,0.0000000000e+00,0.0000000000e+00
0.0000000000e+00,0.0000000000e+00,0.0000000000e+00
0.0000000000e+00,0.0000000000e+00,0.0000000000e+00
0.0000000000e+00,0.0000000000e+00,0.0000000000e+00
0.0000000000e+00,0.0000000000e+00,0.0000000000e+00
0.0000000000e+00,0.0000000000e+00,0.0000000000e+00
0.0000000000e+00,0.0000000000e+00,0.0000000000e+00
0.0000000000e+00,0.0000000000e+00,0.0000000000e+00
0.0000000000e+00,0.0000000000e+00,0.0000000000e+00
0.0000000000e+00,0.0000000000e+00,0.0000000000e+00
0.0000000000e+00,0.0000000000e+00,2.6200156000e-04
0.0000000000e+00,0.0000000000e+00,2.6191905000e-04
0.0000000000e+00,0.0000000000e+00,2.6183657000e-04
0.0000000000e+00,0.0000000000e+00,2.6175412000e-04
0.0000000000e+00,0.0000000000e+00,2.6167170000e-04
0.0000000000e+00,0.0000000000e+00,2.6158927000e-04
0.0000000000e+00,0.0000000000e+00,2.6095239000e-04
0.0000000000e+00,0.0000000000e+00,2.6087041000e-04
0.0000000000e+00,0.0000000000e+00,2.6078842000e-04
0.0000000000e+00,0.0000000000e+00,2.6070650000e-04
0.0000000000e+00,0.0000000000e+00,2.6062457000e-04
0.0000000000e+00,0.0000000000e+00,0.0000000000e+00
0.0000000000e+00,0.0000000000e+00,0.0000000000e+00
0.0000000000e+00,0.0000000000e+00,0.0000000000e+00
0.0000000000e+00,0.0000000000e+00,0.0000000000e+00
0.0000000000e+00,0.0000000000e+00,0.0000000000e+00
0.0000000000e+00,0.0000000000e+00,0.0000000000e+00
0.0000000000e+00,0.0000000000e+00,0.0000000000e+00
0.0000000000e+00,0.0000000000e+00,0.0000000000e+00
0.0000000000e+00,0.0000000000e+00,0.0000000000e+00
0.0000000000e+00,0.0000000000e+00,0.0000000000e+00
0.0000000000e+00,0.0000000000e+00,0.0000000000e+00
0.0000000000e+00,0.0000000000e+00,0.0000000000e+00
0.0000000000e+00,0.0000000000e+00,0.0000000000e+00
0.0000000000e+00,0.0000000000e+00,2.5948032000e-04
0.0000000000e+00,0.0000000000e+00,2.5939877000e-04
0.0000000000e+00,0.0000000000e+00,2.5931728000e-04
0.0000000000e+00,0.0000000000e+00,2.5923579000e-04
0.0000000000e+00,0.0000000000e+00,2.5915433000e-04
0.0000000000e+00,0.0000000000e+00,2.5907290000e-04
0.0000000000e+00,0.0000000000e+00,2.5845764000e-04
0.0000000000e+00,0.0000000000e+00,2.5837659000e-04
0.0000000000e+00,0.0000000000e+00,2.5829556000e-04
0.0000000000e+00,0.0000000000e+00,2.5821457000e-04
0.0000000000e+00,0.0000000000e+00,2.5813360000e-04
0.0000000000e+00,0.0000000000e+00,0.0000000000e+00
0.0000000000e+00,0.0000000000e+00,0.0000000000e+00
0.0000000000e+00,0.0000000000e+00,0.0000000000e+00
0.0000000000e+00,0.0000000000e+00,0.0000000000e+00
0.0000000000e+00,0.0000000000e+00,0.0000000000e+00
0.0000000000e+00,0.0000000000e+00,0.0000000000e+00
0.0000000000e+00,0.0000000000e+00,0.0000000000e+00
0.0000000000e+00,0.0000000000e+00,0.0000000000e+00
0.0000000000e+00,0.0000000000e+00,0.0000000000e+00
0.0000000000e+00,0.0000000000e+00,0.0000000000e+00
0.0000000000e+00,0.0000000000e+00,0.0000000000e+00
0.0000000000e+00,0.0000000000e+00,0.0000000000e+00
0.0000000000e+00,0.0000000000e+00,0.0000000000e+00
0.0000000000e+00,0.0000000000e+00,2.5700266000e-04
0.0000000000e+00,0.0000000000e+00,2.5692204000e-04
0.0000000000e+00,0.0000000000e+00,2.5684148000e-04
0.0000000000e+00,0.0000000000e+00,2.5676095000e-04
0.0000000000e+00,0.0000000000e+00,2.5668042000e-04
0.0000000000e+00,0.0000000000e+00,2.5659995000e-04
0.0000000000e+00,0.0000000000e+00,2.5600556000e-04
0.0000000000e+00,0.0000000000e+00,2.5592544000e-04
0.0000000000e+00,0.0000000000e+00,2.5584534000e-04
0.0000000000e+00,0.0000000000e+00,2.5576528000e-04
0.0000000000e+00,0.0000000000e+00,2.5568521000e-04
0.0000000000e+00,0.0000000000e+00,0.0000000000e+00
0.0000000000e+00,0.0000000000e+00,0.0000000000e+00
0.0000000000e+00,0.0000000000e+00,0.0000000000e+00
0.0000000000e+00,0.0000000000e+00,0.0000000000e+00
0.0000000000e+00,0.0000000000e+00,0.0000000000e+00
0.0000000000e+00,0.0000000000e+00,0.0000000000e+00
0.0000000000e+00,0.0000000000e+00,0.0000000000e+00
0.0000000000e+00,0.0000000000e+00,0.0000000000e+00
0.0000000000e+00,0.0000000000e+00,0.0000000000e+00
0.0000000000e+00,0.0000000000e+00,0.0000000000e+00
0.0000000000e+00,0.0000000000e+00,0.0000000000e+00
0.0000000000e+00,0.0000000000e+00,0.0000000000e+00
0.0000000000e+00,0.0000000000e+00,0.0000000000e+00
0.0000000000e+00,0.0000000000e+00,2.5456722000e-04
0.0000000000e+00,0.0000000000e+00,2.5448753000e-04
0.0000000000e+00,0.0000000000e+00,2.5440790000e-04
0.0000000000e+00,0.0000000000e+00,2.5432828000e-04
0.0000000000e+00,0.0000000000e+00,2.5424868000e-04
0.0000000000e+00,0.0000000000e+00,2.5416911000e-04
0.0000000000e+00,0.0000000000e+00,2.5359477000e-04
0.0000000000e+00,0.0000000000e+00,2.5351558000e-04
0.0000000000e+00,0.0000000000e+00,2.5343639000e-04
0.0000000000e+00,0.0000000000e+00,2.5335723000e-04
0.0000000000e+00,0.0000000000e+00,2.5327809000e-04
0.0000000000e+00,0.0000000000e+00,0.0000000000e+00
0.0000000000e+00,0.0000000000e+00,0.0000000000e+00
0.0000000000e+00,0.0000000000e+00,0.0000000000e+00
0.0000000000e+00,0.0000000000e+00,0.0000000000e+00
0.0000000000e+00,0.0000000000e+00,0.0000000000e+00
0.0000000000e+00,0.0000000000e+00,0.0000000000e+00
0.0000000000e+00,0.0000000000e+00,0.0000000000e+00
0.0000000000e+00,0.0000000000e+00,0.0000000000e+00
0.0000000000e+00,0.0000000000e+00,0.0000000000e+00
0.0000000000e+00,0.0000000000e+00,0.0000000000e+00
0.0000000000e+00,0.0000000000e+00,0.0000000000e+00
0.0000000000e+00,0.0000000000e+00,0.0000000000e+00
0.0000000000e+00,0.0000000000e+00,0.0000000000e+00
0.0000000000e+00,0.0000000000e+00,2.5217276000e-04
0.0000000000e+00,0.0000000000e+00,2.5209400000e-04
0.0000000000e+00,0.0000000000e+00,2.5201525000e-04
0.0000000000e+00,0.0000000000e+00,2.5193655000e-04
0.0000000000e+00,0.0000000000e+00,2.5185785000e-04
0.0000000000e+00,0.0000000000e+00,2.5177919000e-04
0.0000000000e+00,0.0000000000e+00,2.5122421000e-04
0.0000000000e+00,0.0000000000e+00,2.5114589000e-04
0.0000000000e+00,0.0000000000e+00,2.5106757000e-04
0.0000000000e+00,0.0000000000e+00,2.5098931000e-04
0.0000000000e+00,0.0000000000e+00,2.5091105000e-04
0.0000000000e+00,0.0000000000e+00,0.0000000000e+00
0.0000000000e+00,0.0000000000e+00,0.0000000000e+00
0.0000000000e+00,0.0000000000e+00,0.0000000000e+00
0.0000000000e+00,0.0000000000e+00,0.0000000000e+00
0.0000000000e+00,0.0000000000e+00,0.0000000000e+00
0.0000000000e+00,0.0000000000e+00,0.0000000000e+00
0.0000000000e+00,0.0000000000e+00,0.0000000000e+00
0.0000000000e+00,0.0000000000e+00,0.0000000000e+00
0.0000000000e+00,0.0000000000e+00,0.0000000000e+00
0.0000000000e+00,0.0000000000e+00,0.0000000000e+00
0.0000000000e+00,0.0000000000e+00,0.0000000000e+00
0.0000000000e+00,0.0000000000e+00,0.0000000000e+00
0.0000000000e+00,0.0000000000e+00,0.0000000000e+00
0.0000000000e+00,0.0000000000e+00,2.4981811000e-04
0.0000000000e+00,0.0000000000e+00,2.4974023000e-04
0.0000000000e+00,0.0000000000e+00,2.4966238000e-04
0.0000000000e+00,0.0000000000e+00,2.4958455000e-04
0.0000000000e+00,0.0000000000e+00,2.4950673000e-04
0.0000000000e+00,0.0000000000e+00,2.4942897000e-04
0.0000000000e+00,0.0000000000e+00,2.4889258000e-04
0.0000000000e+00,0.0000000000e+00,2.4881511000e-04
0.0000000000e+00,0.0000000000e+00,2.4873769000e-04
0.0000000000e+00,0.0000000000e+00,2.4866030000e-04
0.0000000000e+00,0.0000000000e+00,2.4858292000e-04
0.0000000000e+00,0.0000000000e+00,0.0000000000e+00
0.0000000000e+00,0.0000000000e+00,0.0000000000e+00
0.0000000000e+00,0.0000000000e+00,0.0000000000e+00
0.0000000000e+00,0.0000000000e+00,0.0000000000e+00
0.0000000000e+00,0.0000000000e+00,0.0000000000e+00
0.0000000000e+00,0.0000000000e+00,0.0000000000e+00
0.0000000000e+00,0.0000000000e+00,0.0000000000e+00
0.0000000000e+00,0.0000000000e+00,0.0000000000e+00
0.0000000000e+00,0.0000000000e+00,0.0000000000e+00
0.0000000000e+00,0.0000000000e+00,0.0000000000e+00
0.0000000000e+00,0.0000000000e+00,0.0000000000e+00
0.0000000000e+00,0.0000000000e+00,0.0000000000e+00
0.0000000000e+00,0.0000000000e+00,0.0000000000e+00
0.0000000000e+00,0.0000000000e+00,2.4750209000e-04
0.0000000000e+00,0.0000000000e+00,2.4742508000e-04
0.0000000000e+00,0.0000000000e+00,2.4734810000e-04
0.0000000000e+00,0.0000000000e+00,2.4727112000e-04
0.0000000000e+00,0.0000000000e+00,2.4719417000e-04
0.0000000000e+00,0.0000000000e+00,2.4711725000e-04
0.0000000000e+00,0.0000000000e+00,2.4659879000e-04
0.0000000000e+00,0.0000000000e+00,2.4652219000e-04
0.0000000000e+00,0.0000000000e+00,2.4644562000e-04
0.0000000000e+00,0.0000000000e+00,2.4636908000e-04
0.0000000000e+00,0.0000000000e+00,2.4629253000e-04
0.0000000000e+00,0.0000000000e+00,0.0000000000e+00
0.0000000000e+00,0.0000000000e+00,0.0000000000e+00
0.0000000000e+00,0.0000000000e+00,0.0000000000e+00
0.0000000000e+00,0.0000000000e+00,0.0000000000e+00
0.0000000000e+00,0.0000000000e+00,0.0000000000e+00
0.0000000000e+00,0.0000000000e+00,0.0000000000e+00
0.0000000000e+00,0.0000000000e+00,0.0000000000e+00
0.0000000000e+00,0.0000000000e+00,0.0000000000e+00
0.0000000000e+00,0.0000000000e+00,0.0000000000e+00
0.0000000000e+00,0.0000000000e+00,0.0000000000e+00
0.0000000000e+00,0.0000000000e+00,0.0000000000e+00
0.0000000000e+00,0.0000000000e+00,0.0000000000e+00
0.0000000000e+00,0.0000000000e+00,0.0000000000e+00
0.0000000000e+00,0.0000000000e+00,2.4522361000e-04
0.0000000000e+00,0.0000000000e+00,2.4514744000e-04
0.0000000000e+00,0.0000000000e+00,2.4507128000e-04
0.0000000000e+00,0.0000000000e+00,2.4499514000e-04
0.0000000000e+00,0.0000000000e+00,2.4491907000e-04
0.0000000000e+00,0.0000000000e+00,2.4484299000e-04
0.0000000000e+00,0.0000000000e+00,2.4434179000e-04
0.0000000000e+00,0.0000000000e+00,2.4426603000e-04
0.0000000000e+00,0.0000000000e+00,2.4419031000e-04
0.0000000000e+00,0.0000000000e+00,2.4411458000e-04
0.0000000000e+00,0.0000000000e+00,2.4403886000e-04
0.0000000000e+00,0.0000000000e+00,0.0000000000e+00
0.0000000000e+00,0.0000000000e+00,0.0000000000e+00
0.0000000000e+00,0.0000000000e+00,0.0000000000e+00
0.0000000000e+00,0.0000000000e+00,0.0000000000e+00
0.0000000000e+00,0.0000000000e+00,0.0000000000e+00
0.0000000000e+00,0.0000000000e+00,0.0000000000e+00
0.0000000000e+00,0.0000000000e+00,0.0000000000e+00
0.0000000000e+00,0.0000000000e+00,0.0000000000e+00
0.0000000000e+00,0.0000000000e+00,0.0000000000e+00
0.0000000000e+00,0.0000000000e+00,0.0000000000e+00
0.0000000000e+00,0.0000000000e+00,0.0000000000e+00
0.0000000000e+00,0.0000000000e+00,0.0000000000e+00
0.0000000000e+00,0.0000000000e+00,0.0000000000e+00
0.0000000000e+00,0.0000000000e+00,2.4298156000e-04
0.0000000000e+00,0.0000000000e+00,2.4290622000e-04
0.0000000000e+00,0.0000000000e+00,2.4283089000e-04
0.0000000000e+00,0.0000000000e+00,2.4275559000e-04
0.0000000000e+00,0.0000000000e+00,2.4268031000e-04
0.0000000000e+00,0.0000000000e+00,2.4260505000e-04
0.0000000000e+00,0.0000000000e+00,2.4212051000e-04
0.0000000000e+00,0.0000000000e+00,2.4204557000e-04
0.0000000000e+00,0.0000000000e+00,2.4197064000e-04
0.0000000000e+00,0.0000000000e+00,2.4189572000e-04
0.0000000000e+00,0.0000000000e+00,2.4182085000e-04
0.0000000000e+00,0.0000000000e+00,0.0000000000e+00
0.0000000000e+00,0.0000000000e+00,0.0000000000e+00
0.0000000000e+00,0.0000000000e+00,0.0000000000e+00
0.0000000000e+00,0.0000000000e+00,0.0000000000e+00
0.0000000000e+00,0.0000000000e+00,0.0000000000e+00
0.0000000000e+00,0.0000000000e+00,0.0000000000e+00
0.0000000000e+00,0.0000000000e+00,0.0000000000e+00
0.0000000000e+00,0.0000000000e+00,0.0000000000e+00
0.0000000000e+00,0.0000000000e+00,0.0000000000e+00
0.0000000000e+00,0.0000000000e+00,0.0000000000e+00
0.0000000000e+00,0.0000000000e+00,0.0000000000e+00
0.0000000000e+00,0.0000000000e+00,0.0000000000e+00
0.0000000000e+00,0.0000000000e+00,0.0000000000e+00
0.0000000000e+00,0.0000000000e+00,2.4077488000e-04
0.0000000000e+00,0.0000000000e+00,2.4070035000e-04
0.0000000000e+00,0.0000000000e+00,2.4062584000e-04
0.0000000000e+00,0.0000000000e+00,2.4055135000e-04
0.0000000000e+00,0.0000000000e+00,2.4047687000e-04
0.0000000000e+00,0.0000000000e+00,2.4040243000e-04
0.0000000000e+00,0.0000000000e+00,2.3993391000e-04
0.0000000000e+00,0.0000000000e+00,2.3985977000e-04
0.0000000000e+00,0.0000000000e+00,2.3978564000e-04
0.0000000000e+00,0.0000000000e+00,2.3971153000e-04
0.0000000000e+00,0.0000000000e+00,2.3963745000e-04
0.0000000000e+00,0.0000000000e+00,0.0000000000e+00
0.0000000000e+00,0.0000000000e+00,0.0000000000e+00
0.0000000000e+00,0.0000000000e+00,0.0000000000e+00
0.0000000000e+00,0.0000000000e+00,0.0000000000e+00
0.0000000000e+00,0.0000000000e+00,0.0000000000e+00
0.0000000000e+00,0.0000000000e+00,0.0000000000e+00
0.0000000000e+00,0.0000000000e+00,0.0000000000e+00
0.0000000000e+00,0.0000000000e+00,0.0000000000e+00
0.0000000000e+00,0.0000000000e+00,0.0000000000e+00
0.0000000000e+00,0.0000000000e+00,0.0000000000e+00
0.0000000000e+00,0.0000000000e+00,0.0000000000e+00
0.0000000000e+00,0.0000000000e+00,0.0000000000e+00
0.0000000000e+00,0.0000000000e+00,0.0000000000e+00
0.0000000000e+00,0.0000000000e+00,2.3860266000e-04
0.0000000000e+00,0.0000000000e+00,2.3852891000e-04
0.0000000000e+00,0.0000000000e+00,2.3845519000e-04
0.0000000000e+00,0.0000000000e+00,2.3838149000e-04
0.0000000000e+00,0.0000000000e+00,2.3830782000e-04
0.0000000000e+00,0.0000000000e+00,2.3823416000e-04
0.0000000000e+00,0.0000000000e+00,2.3778110000e-04
0.0000000000e+00,0.0000000000e+00,2.3770773000e-04
0.0000000000e+00,0.0000000000e+00,2.3763439000e-04
0.0000000000e+00,0.0000000000e+00,2.3756105000e-04
0.0000000000e+00,0.0000000000e+00,2.3748775000e-04
0.0000000000e+00,0.0000000000e+00,0.0000000000e+00
0.0000000000e+00,0.0000000000e+00,0.0000000000e+00
0.0000000000e+00,0.0000000000e+00,0.0000000000e+00
0.0000000000e+00,0.0000000000e+00,0.0000000000e+00
0.0000000000e+00,0.0000000000e+00,0.0000000000e+00
0.0000000000e+00,0.0000000000e+00,0.0000000000e+00
0.0000000000e+00,0.0000000000e+00,0.0000000000e+00
0.0000000000e+00,0.0000000000e+00,0.0000000000e+00
0.0000000000e+00,0.0000000000e+00,0.0000000000e+00
0.0000000000e+00,0.0000000000e+00,0.0000000000e+00
0.0000000000e+00,0.0000000000e+00,0.0000000000e+00
0.0000000000e+00,0.0000000000e+00,0.0000000000e+00
0.0000000000e+00,0.0000000000e+00,0.0000000000e+00
0.0000000000e+00,0.0000000000e+00,2.3646388000e-04
0.0000000000e+00,0.0000000000e+00,2.3639092000e-04
0.0000000000e+00,0.0000000000e+00,2.3631797000e-04
0.0000000000e+00,0.0000000000e+00,2.3624505000e-04
0.0000000000e+00,0.0000000000e+00,2.3617214000e-04
0.0000000000e+00,0.0000000000e+00,2.3609927000e-04
0.0000000000e+00,0.0000000000e+00,2.3566108000e-04
0.0000000000e+00,0.0000000000e+00,2.3558846000e-04
0.0000000000e+00,0.0000000000e+00,2.3551588000e-04
0.0000000000e+00,0.0000000000e+00,2.3544332000e-04
0.0000000000e+00,0.0000000000e+00,2.3537078000e-04
0.0000000000e+00,0.0000000000e+00,0.0000000000e+00
0.0000000000e+00,0.0000000000e+00,0.0000000000e+00
0.0000000000e+00,0.0000000000e+00,0.0000000000e+00
0.0000000000e+00,0.0000000000e+00,0.0000000000e+00
0.0000000000e+00,0.0000000000e+00,0.0000000000e+00
0.0000000000e+00,0.0000000000e+00,0.0000000000e+00
0.0000000000e+00,0.0000000000e+00,0.0000000000e+00
0.0000000000e+00,0.0000000000e+00,0.0000000000e+00
0.0000000000e+00,0.0000000000e+00,0.0000000000e+00
0.0000000000e+00,0.0000000000e+00,0.0000000000e+00
0.0000000000e+00,0.0000000000e+00,0.0000000000e+00
0.0000000000e+00,0.0000000000e+00,0.0000000000e+00
0.0000000000e+00,0.0000000000e+00,0.0000000000e+00
0.0000000000e+00,0.0000000000e+00,2.3435759000e-04
0.0000000000e+00,0.0000000000e+00,2.3428538000e-04
0.0000000000e+00,0.0000000000e+00,2.3421319000e-04
0.0000000000e+00,0.0000000000e+00,2.3414104000e-04
0.0000000000e+00,0.0000000000e+00,2.3406891000e-04
0.0000000000e+00,0.0000000000e+00,2.3399679000e-04
0.0000000000e+00,0.0000000000e+00,2.3357294000e-04
0.0000000000e+00,0.0000000000e+00,2.3350108000e-04
0.0000000000e+00,0.0000000000e+00,2.3342925000e-04
0.0000000000e+00,0.0000000000e+00,2.3335745000e-04
0.0000000000e+00,0.0000000000e+00,2.3328567000e-04
0.0000000000e+00,0.0000000000e+00,0.0000000000e+00
0.0000000000e+00,0.0000000000e+00,0.0000000000e+00
0.0000000000e+00,0.0000000000e+00,0.0000000000e+00
0.0000000000e+00,0.0000000000e+00,0.0000000000e+00
0.0000000000e+00,0.0000000000e+00,0.0000000000e+00
0.0000000000e+00,0.0000000000e+00,0.0000000000e+00
0.0000000000e+00,0.0000000000e+00,0.0000000000e+00
0.0000000000e+00,0.0000000000e+00,0.0000000000e+00
0.0000000000e+00,0.0000000000e+00,0.0000000000e+00
0.0000000000e+00,0.0000000000e+00,0.0000000000e+00
0.0000000000e+00,0.0000000000e+00,0.0000000000e+00
0.0000000000e+00,0.0000000000e+00,0.0000000000e+00
0.0000000000e+00,0.0000000000e+00,0.0000000000e+00
0.0000000000e+00,0.0000000000e+00,2.3228297000e-04
0.0000000000e+00,0.0000000000e+00,2.3221152000e-04
0.0000000000e+00,0.0000000000e+00,2.3214008000e-04
0.0000000000e+00,0.0000000000e+00,2.3206866000e-04
0.0000000000e+00,0.0000000000e+00,2.3199728000e-04
0.0000000000e+00,0.0000000000e+00,2.3192591000e-04
0.0000000000e+00,0.0000000000e+00,2.3151586000e-04
0.0000000000e+00,0.0000000000e+00,2.3144475000e-04
0.0000000000e+00,0.0000000000e+00,2.3137366000e-04
0.0000000000e+00,0.0000000000e+00,2.3130258000e-04
0.0000000000e+00,0.0000000000e+00,2.3123152000e-04
0.0000000000e+00,0.0000000000e+00,0.0000000000e+00
0.0000000000e+00,0.0000000000e+00,0.0000000000e+00
0.0000000000e+00,0.0000000000e+00,0.0000000000e+00
0.0000000000e+00,0.0000000000e+00,0.0000000000e+00
0.0000000000e+00,0.0000000000e+00,0.0000000000e+00
0.0000000000e+00,0.0000000000e+00,0.0000000000e+00
0.0000000000e+00,0.0000000000e+00,0.0000000000e+00
0.0000000000e+00,0.0000000000e+00,0.0000000000e+00
0.0000000000e+00,0.0000000000e+00,0.0000000000e+00
0.0000000000e+00,0.0000000000e+00,0.0000000000e+00
0.0000000000e+00,0.0000000000e+00,0.0000000000e+00
0.0000000000e+00,0.0000000000e+00,0.0000000000e+00
0.0000000000e+00,0.0000000000e+00,0.0000000000e+00
0.0000000000e+00,0.0000000000e+00,2.3023911000e-04
0.0000000000e+00,0.0000000000e+00,2.3016837000e-04
0.0000000000e+00,0.0000000000e+00,2.3009766000e-04
0.0000000000e+00,0.0000000000e+00,2.3002698000e-04
0.0000000000e+00,0.0000000000e+00,2.2995633000e-04
0.0000000000e+00,0.0000000000e+00,2.2988570000e-04
0.0000000000e+00,0.0000000000e+00,2.2948896000e-04
0.0000000000e+00,0.0000000000e+00,2.2941855000e-04
0.0000000000e+00,0.0000000000e+00,2.2934818000e-04
0.0000000000e+00,0.0000000000e+00,2.2927784000e-04
0.0000000000e+00,0.0000000000e+00,2.2920749000e-04
0.0000000000e+00,0.0000000000e+00,0.0000000000e+00
0.0000000000e+00,0.0000000000e+00,0.0000000000e+00
0.0000000000e+00,0.0000000000e+00,0.0000000000e+00
0.0000000000e+00,0.0000000000e+00,0.0000000000e+00
0.0000000000e+00,0.0000000000e+00,0.0000000000e+00
0.0000000000e+00,0.0000000000e+00,0.0000000000e+00
0.0000000000e+00,0.0000000000e+00,0.0000000000e+00
0.0000000000e+00,0.0000000000e+00,0.0000000000e+00
0.0000000000e+00,0.0000000000e+00,0.0000000000e+00
0.0000000000e+00,0.0000000000e+00,0.0000000000e+00
0.0000000000e+00,0.0000000000e+00,0.0000000000e+00
0.0000000000e+00,0.0000000000e+00,0.0000000000e+00
0.0000000000e+00,0.0000000000e+00,0.0000000000e+00
0.0000000000e+00,0.0000000000e+00,2.2822515000e-04
0.0000000000e+00,0.0000000000e+00,2.2815514000e-04
0.0000000000e+00,0.0000000000e+00,2.2808516000e-04
0.0000000000e+00,0.0000000000e+00,2.2801518000e-04
0.0000000000e+00,0.0000000000e+00,2.2794526000e-04
0.0000000000e+00,0.0000000000e+00,2.2787534000e-04
0.0000000000e+00,0.0000000000e+00,2.2749141000e-04
0.0000000000e+00,0.0000000000e+00,2.2742173000e-04
0.0000000000e+00,0.0000000000e+00,2.2735205000e-04
0.0000000000e+00,0.0000000000e+00,2.2728242000e-04
0.0000000000e+00,0.0000000000e+00,2.2721280000e-04
0.0000000000e+00,0.0000000000e+00,0.0000000000e+00
0.0000000000e+00,0.0000000000e+00,0.0000000000e+00
0.0000000000e+00,0.0000000000e+00,0.0000000000e+00
0.0000000000e+00,0.0000000000e+00,0.0000000000e+00
0.0000000000e+00,0.0000000000e+00,0.0000000000e+00
0.0000000000e+00,0.0000000000e+00,0.0000000000e+00
0.0000000000e+00,0.0000000000e+00,0.0000000000e+00
0.0000000000e+00,0.0000000000e+00,0.0000000000e+00
0.0000000000e+00,0.0000000000e+00,0.0000000000e+00
0.0000000000e+00,0.0000000000e+00,0.0000000000e+00
0.0000000000e+00,0.0000000000e+00,0.0000000000e+00
0.0000000000e+00,0.0000000000e+00,0.0000000000e+00
0.0000000000e+00,0.0000000000e+00,0.0000000000e+00
0.0000000000e+00,0.0000000000e+00,2.2624033000e-04
0.0000000000e+00,0.0000000000e+00,2.2617103000e-04
0.0000000000e+00,0.0000000000e+00,2.2610174000e-04
0.0000000000e+00,0.0000000000e+00,2.2603248000e-04
0.0000000000e+00,0.0000000000e+00,2.2596325000e-04
0.0000000000e+00,0.0000000000e+00,2.2589404000e-04
0.0000000000e+00,0.0000000000e+00,2.2552247000e-04
0.0000000000e+00,0.0000000000e+00,2.2545346000e-04
0.0000000000e+00,0.0000000000e+00,2.2538450000e-04
0.0000000000e+00,0.0000000000e+00,2.2531557000e-04
0.0000000000e+00,0.0000000000e+00,2.2524664000e-04
0.0000000000e+00,0.0000000000e+00,0.0000000000e+00
0.0000000000e+00,0.0000000000e+00,0.0000000000e+00
0.0000000000e+00,0.0000000000e+00,0.0000000000e+00
0.0000000000e+00,0.0000000000e+00,0.0000000000e+00
0.0000000000e+00,0.0000000000e+00,0.0000000000e+00
0.0000000000e+00,0.0000000000e+00,0.0000000000e+00
0.0000000000e+00,0.0000000000e+00,0.0000000000e+00
0.0000000000e+00,0.0000000000e+00,0.0000000000e+00
0.0000000000e+00,0.0000000000e+00,0.0000000000e+00
0.0000000000e+00,0.0000000000e+00,0.0000000000e+00
0.0000000000e+00,0.0000000000e+00,0.0000000000e+00
0.0000000000e+00,0.0000000000e+00,0.0000000000e+00
0.0000000000e+00,0.0000000000e+00,0.0000000000e+00
0.0000000000e+00,0.0000000000e+00,2.2428388000e-04
0.0000000000e+00,0.0000000000e+00,2.2421527000e-04
0.0000000000e+00,0.0000000000e+00,2.2414669000e-04
0.0000000000e+00,0.0000000000e+00,2.2407810000e-04
0.0000000000e+00,0.0000000000e+00,2.2400956000e-04
0.0000000000e+00,0.0000000000e+00,2.2394104000e-04
0.0000000000e+00,0.0000000000e+00,2.2358139000e-04
0.0000000000e+00,0.0000000000e+00,2.2351308000e-04
0.0000000000e+00,0.0000000000e+00,2.2344479000e-04
0.0000000000e+00,0.0000000000e+00,2.2337653000e-04
0.0000000000e+00,0.0000000000e+00,2.2330826000e-04
0.0000000000e+00,0.0000000000e+00,0.0000000000e+00
0.0000000000e+00,0.0000000000e+00,0.0000000000e+00
0.0000000000e+00,0.0000000000e+00,0.0000000000e+00
0.0000000000e+00,0.0000000000e+00,0.0000000000e+00
0.0000000000e+00,0.0000000000e+00,0.0000000000e+00
0.0000000000e+00,0.0000000000e+00,0.0000000000e+00
0.0000000000e+00,0.0000000000e+00,0.0000000000e+00
0.0000000000e+00,0.0000000000e+00,0.0000000000e+00
0.0000000000e+00,0.0000000000e+00,0.0000000000e+00
0.0000000000e+00,0.0000000000e+00,0.0000000000e+00
0.0000000000e+00,0.0000000000e+00,0.0000000000e+00
0.0000000000e+00,0.0000000000e+00,0.0000000000e+00
0.0000000000e+00,0.0000000000e+00,0.0000000000e+00
0.0000000000e+00,0.0000000000e+00,2.2235505000e-04
0.0000000000e+00,0.0000000000e+00,2.2228713000e-04
0.0000000000e+00,0.0000000000e+00,2.2221923000e-04
0.0000000000e+00,0.0000000000e+00,2.2215134000e-04
0.0000000000e+00,0.0000000000e+00,2.2208347000e-04
0.0000000000e+00,0.0000000000e+00,2.2201562000e-04
0.0000000000e+00,0.0000000000e+00,2.2166743000e-04
0.0000000000e+00,0.0000000000e+00,2.2159980000e-04
0.0000000000e+00,0.0000000000e+00,2.2153217000e-04
0.0000000000e+00,0.0000000000e+00,2.2146458000e-04
0.0000000000e+00,0.0000000000e+00,2.2139699000e-04
0.0000000000e+00,0.0000000000e+00,0.0000000000e+00
0.0000000000e+00,0.0000000000e+00,0.0000000000e+00
0.0000000000e+00,0.0000000000e+00,0.0000000000e+00
0.0000000000e+00,0.0000000000e+00,0.0000000000e+00
0.0000000000e+00,0.0000000000e+00,0.0000000000e+00
0.0000000000e+00,0.0000000000e+00,0.0000000000e+00
0.0000000000e+00,0.0000000000e+00,0.0000000000e+00
0.0000000000e+00,0.0000000000e+00,0.0000000000e+00
0.0000000000e+00,0.0000000000e+00,0.0000000000e+00
0.0000000000e+00,0.0000000000e+00,0.0000000000e+00
0.0000000000e+00,0.0000000000e+00,0.0000000000e+00
0.0000000000e+00,0.0000000000e+00,0.0000000000e+00
0.0000000000e+00,0.0000000000e+00,0.0000000000e+00
0.0000000000e+00,0.0000000000e+00,2.2045312000e-04
0.0000000000e+00,0.0000000000e+00,2.2038585000e-04
0.0000000000e+00,0.0000000000e+00,2.2031862000e-04
0.0000000000e+00,0.0000000000e+00,2.2025140000e-04
0.0000000000e+00,0.0000000000e+00,2.2018420000e-04
0.0000000000e+00,0.0000000000e+00,2.2011701000e-04
0.0000000000e+00,0.0000000000e+00,2.1977989000e-04
0.0000000000e+00,0.0000000000e+00,2.1971291000e-04
0.0000000000e+00,0.0000000000e+00,2.1964595000e-04
0.0000000000e+00,0.0000000000e+00,2.1957901000e-04
0.0000000000e+00,0.0000000000e+00,2.1951211000e-04
0.0000000000e+00,0.0000000000e+00,0.0000000000e+00
0.0000000000e+00,0.0000000000e+00,0.0000000000e+00
0.0000000000e+00,0.0000000000e+00,0.0000000000e+00
0.0000000000e+00,0.0000000000e+00,0.0000000000e+00
0.0000000000e+00,0.0000000000e+00,0.0000000000e+00
0.0000000000e+00,0.0000000000e+00,0.0000000000e+00
0.0000000000e+00,0.0000000000e+00,0.0000000000e+00
0.0000000000e+00,0.0000000000e+00,0.0000000000e+00
0.0000000000e+00,0.0000000000e+00,0.0000000000e+00
0.0000000000e+00,0.0000000000e+00,0.0000000000e+00
0.0000000000e+00,0.0000000000e+00,0.0000000000e+00
0.0000000000e+00,0.0000000000e+00,0.0000000000e+00
0.0000000000e+00,0.0000000000e+00,0.0000000000e+00
0.0000000000e+00,0.0000000000e+00,2.1857741000e-04
0.0000000000e+00,0.0000000000e+00,2.1851080000e-04
0.0000000000e+00,0.0000000000e+00,2.1844420000e-04
0.0000000000e+00,0.0000000000e+00,2.1837764000e-04
0.0000000000e+00,0.0000000000e+00,2.1831108000e-04
0.0000000000e+00,0.0000000000e+00,2.1824455000e-04
0.0000000000e+00,0.0000000000e+00,2.1791807000e-04
0.0000000000e+00,0.0000000000e+00,2.1785173000e-04
0.0000000000e+00,0.0000000000e+00,2.1778542000e-04
0.0000000000e+00,0.0000000000e+00,2.1771913000e-04
0.0000000000e+00,0.0000000000e+00,2.1765285000e-04
0.0000000000e+00,0.0000000000e+00,0.0000000000e+00
0.0000000000e+00,0.0000000000e+00,0.0000000000e+00
0.0000000000e+00,0.0000000000e+00,0.0000000000e+00
0.0000000000e+00,0.0000000000e+00,0.0000000000e+00
0.0000000000e+00,0.0000000000e+00,0.0000000000e+00
0.0000000000e+00,0.0000000000e+00,0.0000000000e+00
0.0000000000e+00,0.0000000000e+00,0.0000000000e+00
0.0000000000e+00,0.0000000000e+00,0.0000000000e+00
0.0000000000e+00,0.0000000000e+00,0.0000000000e+00
0.0000000000e+00,0.0000000000e+00,0.0000000000e+00
0.0000000000e+00,0.0000000000e+00,0.0000000000e+00
0.0000000000e+00,0.0000000000e+00,0.0000000000e+00
0.0000000000e+00,0.0000000000e+00,0.0000000000e+00
0.0000000000e+00,0.0000000000e+00,2.1672717000e-04
0.0000000000e+00,0.0000000000e+00,2.1666121000e-04
0.0000000000e+00,0.0000000000e+00,2.1659526000e-04
0.0000000000e+00,0.0000000000e+00,2.1652933000e-04
0.0000000000e+00,0.0000000000e+00,2.1646342000e-04
0.0000000000e+00,0.0000000000e+00,2.1639752000e-04
0.0000000000e+00,0.0000000000e+00,2.1608133000e-04
0.0000000000e+00,0.0000000000e+00,2.1601563000e-04
0.0000000000e+00,0.0000000000e+00,2.1594996000e-04
0.0000000000e+00,0.0000000000e+00,2.1588430000e-04
0.0000000000e+00,0.0000000000e+00,2.1581867000e-04
0.0000000000e+00,0.0000000000e+00,0.0000000000e+00
0.0000000000e+00,0.0000000000e+00,0.0000000000e+00
0.0000000000e+00,0.0000000000e+00,0.0000000000e+00
0.0000000000e+00,0.0000000000e+00,0.0000000000e+00
0.0000000000e+00,0.0000000000e+00,0.0000000000e+00
0.0000000000e+00,0.0000000000e+00,0.0000000000e+00
0.0000000000e+00,0.0000000000e+00,0.0000000000e+00
0.0000000000e+00,0.0000000000e+00,0.0000000000e+00
0.0000000000e+00,0.0000000000e+00,0.0000000000e+00
0.0000000000e+00,0.0000000000e+00,0.0000000000e+00
0.0000000000e+00,0.0000000000e+00,0.0000000000e+00
0.0000000000e+00,0.0000000000e+00,0.0000000000e+00
0.0000000000e+00,0.0000000000e+00,0.0000000000e+00
0.0000000000e+00,0.0000000000e+00,2.1490183000e-04
0.0000000000e+00,0.0000000000e+00,2.1483649000e-04
0.0000000000e+00,0.0000000000e+00,2.1477118000e-04
0.0000000000e+00,0.0000000000e+00,2.1470588000e-04
0.0000000000e+00,0.0000000000e+00,2.1464060000e-04
0.0000000000e+00,0.0000000000e+00,2.1457535000e-04
0.0000000000e+00,0.0000000000e+00,2.1426906000e-04
0.0000000000e+00,0.0000000000e+00,2.1420399000e-04
0.0000000000e+00,0.0000000000e+00,2.1413894000e-04
0.0000000000e+00,0.0000000000e+00,2.1407389000e-04
0.0000000000e+00,0.0000000000e+00,2.1400888000e-04
0.0000000000e+00,0.0000000000e+00,8.8101660000e-07
0.0000000000e+00,0.0000000000e+00,0.0000000000e+00
0.0000000000e+00,0.0000000000e+00,0.0000000000e+00
0.0000000000e+00,0.0000000000e+00,0.0000000000e+00
0.0000000000e+00,0.0000000000e+00,0.0000000000e+00
0.0000000000e+00,0.0000000000e+00,0.0000000000e+00
0.0000000000e+00,0.0000000000e+00,0.0000000000e+00
0.0000000000e+00,0.0000000000e+00,0.0000000000e+00
0.0000000000e+00,0.0000000000e+00,0.0000000000e+00
0.0000000000e+00,0.0000000000e+00,0.0000000000e+00
0.0000000000e+00,0.0000000000e+00,0.0000000000e+00
0.0000000000e+00,0.0000000000e+00,0.0000000000e+00
0.0000000000e+00,0.0000000000e+00,1.0264921000e-07
0.0000000000e+00,0.0000000000e+00,2.1310079000e-04
0.0000000000e+00,0.0000000000e+00,2.1303608000e-04
0.0000000000e+00,0.0000000000e+00,2.1297138000e-04
0.0000000000e+00,0.0000000000e+00,2.1290670000e-04
0.0000000000e+00,0.0000000000e+00,2.1284205000e-04
0.0000000000e+00,0.0000000000e+00,2.1277741000e-04
0.0000000000e+00,0.0000000000e+00,2.1248066000e-04
0.0000000000e+00,0.0000000000e+00,2.1241620000e-04
0.0000000000e+00,0.0000000000e+00,2.1235176000e-04
0.0000000000e+00,0.0000000000e+00,2.1228733000e-04
0.0000000000e+00,0.0000000000e+00,2.1222292000e-04
0.0000000000e+00,0.0000000000e+00,4.5190303000e-05
0.0000000000e+00,0.0000000000e+00,0.0000000000e+00
0.0000000000e+00,0.0000000000e+00,0.0000000000e+00
0.0000000000e+00,0.0000000000e+00,0.0000000000e+00
0.0000000000e+00,0.0000000000e+00,0.0000000000e+00
0.0000000000e+00,0.0000000000e+00,0.0000000000e+00
0.0000000000e+00,0.0000000000e+00,0.0000000000e+00
0.0000000000e+00,0.0000000000e+00,0.0000000000e+00
0.0000000000e+00,0.0000000000e+00,0.0000000000e+00
0.0000000000e+00,0.0000000000e+00,0.0000000000e+00
0.0000000000e+00,0.0000000000e+00,0.0000000000e+00
0.0000000000e+00,0.0000000000e+00,0.0000000000e+00
0.0000000000e+00,0.0000000000e+00,4.4419256000e-05
0.0000000000e+00,0.0000000000e+00,2.1132338000e-04
0.0000000000e+00,0.0000000000e+00,2.1125928000e-04
0.0000000000e+00,0.0000000000e+00,2.1119519000e-04
0.0000000000e+00,0.0000000000e+00,2.1113112000e-04
0.0000000000e+00,0.0000000000e+00,2.1106708000e-04
0.0000000000e+00,0.0000000000e+00,2.1100305000e-04
0.0000000000e+00,0.0000000000e+00,2.1071552000e-04
0.0000000000e+00,0.0000000000e+00,2.1065168000e-04
0.0000000000e+00,0.0000000000e+00,2.1058784000e-04
0.0000000000e+00,0.0000000000e+00,2.1052403000e-04
0.0000000000e+00,0.0000000000e+00,2.1046022000e-04
0.0000000000e+00,0.0000000000e+00,8.1915685000e-05
0.0000000000e+00,0.0000000000e+00,0.0000000000e+00
0.0000000000e+00,0.0000000000e+00,0.0000000000e+00
0.0000000000e+00,0.0000000000e+00,0.0000000000e+00
0.0000000000e+00,0.0000000000e+00,0.0000000000e+00
0.0000000000e+00,0.0000000000e+00,0.0000000000e+00
0.0000000000e+00,0.0000000000e+00,0.0000000000e+00
0.0000000000e+00,0.0000000000e+00,0.0000000000e+00
0.0000000000e+00,0.0000000000e+00,0.0000000000e+00
0.0000000000e+00,0.0000000000e+00,0.0000000000e+00
0.0000000000e+00,0.0000000000e+00,0.0000000000e+00
0.0000000000e+00,0.0000000000e+00,0.0000000000e+00
0.0000000000e+00,0.0000000000e+00,8.1151840000e-05
0.0000000000e+00,0.0000000000e+00,2.0956909000e-04
0.0000000000e+00,0.0000000000e+00,2.0950557000e-04
0.0000000000e+00,0.0000000000e+00,2.0944208000e-04
0.0000000000e+00,0.0000000000e+00,2.0937862000e-04
0.0000000000e+00,0.0000000000e+00,2.0931516000e-04
0.0000000000e+00,0.0000000000e+00,2.0925172000e-04
0.0000000000e+00,0.0000000000e+00,2.0897306000e-04
0.0000000000e+00,0.0000000000e+00,2.0890980000e-04
0.0000000000e+00,0.0000000000e+00,2.0884656000e-04
0.0000000000e+00,0.0000000000e+00,2.0878333000e-04
0.0000000000e+00,0.0000000000e+00,2.0872011000e-04
0.0000000000e+00,0.0000000000e+00,1.0084185000e-04
0.0000000000e+00,0.0000000000e+00,0.0000000000e+00
0.0000000000e+00,0.0000000000e+00,0.0000000000e+00
0.0000000000e+00,0.0000000000e+00,0.0000000000e+00
0.0000000000e+00,0.0000000000e+00,0.0000000000e+00
0.0000000000e+00,0.0000000000e+00,0.0000000000e+00
0.0000000000e+00,0.0000000000e+00,0.0000000000e+00
0.0000000000e+00,0.0000000000e+00,0.0000000000e+00
0.0000000000e+00,0.0000000000e+00,0.0000000000e+00
0.0000000000e+00,0.0000000000e+00,0.0000000000e+00
0.0000000000e+00,0.0000000000e+00,0.0000000000e+00
7.1890216000e-10,0.0000000000e+00,0.0000000000e+00
0.0000000000e+00,0.0000000000e+00,1.0036235000e-04
0.0000000000e+00,0.0000000000e+00,2.0811436000e-04
0.0000000000e+00,0.0000000000e+00,2.0805132000e-04
0.0000000000e+00,0.0000000000e+00,2.0799888000e-04
0.0000000000e+00,0.0000000000e+00,2.0795182000e-04
0.0000000000e+00,0.0000000000e+00,2.0788884000e-04
0.0000000000e+00,0.0000000000e+00,2.0782585000e-04
0.0000000000e+00,0.0000000000e+00,2.0755280000e-04
0.0000000000e+00,0.0000000000e+00,2.0749154000e-04
0.0000000000e+00,0.0000000000e+00,2.0742875000e-04
0.0000000000e+00,0.0000000000e+00,2.0736599000e-04
0.0000000000e+00,0.0000000000e+00,2.0730324000e-04
0.0000000000e+00,0.0000000000e+00,1.0876246000e-04
0.0000000000e+00,0.0000000000e+00,0.0000000000e+00
0.0000000000e+00,0.0000000000e+00,0.0000000000e+00
0.0000000000e+00,0.0000000000e+00,0.0000000000e+00
0.0000000000e+00,0.0000000000e+00,0.0000000000e+00
0.0000000000e+00,0.0000000000e+00,0.0000000000e+00
0.0000000000e+00,0.0000000000e+00,0.0000000000e+00
0.0000000000e+00,0.0000000000e+00,0.0000000000e+00
0.0000000000e+00,0.0000000000e+00,0.0000000000e+00
0.0000000000e+00,0.0000000000e+00,0.0000000000e+00
0.0000000000e+00,0.0000000000e+00,0.0000000000e+00
0.0000000000e+00,0.0000000000e+00,0.0000000000e+00
0.0000000000e+00,0.0000000000e+00,1.0804820000e-04
0.0000000000e+00,0.0000000000e+00,2.0646374000e-04
0.0000000000e+00,0.0000000000e+00,2.0640125000e-04
0.0000000000e+00,0.0000000000e+00,2.0633879000e-04
0.0000000000e+00,0.0000000000e+00,2.0627635000e-04
0.0000000000e+00,0.0000000000e+00,2.0621392000e-04
0.0000000000e+00,0.0000000000e+00,2.0615151000e-04
0.0000000000e+00,0.0000000000e+00,2.0588536000e-04
0.0000000000e+00,0.0000000000e+00,2.0582310000e-04
0.0000000000e+00,0.0000000000e+00,2.0576089000e-04
0.0000000000e+00,0.0000000000e+00,2.0569869000e-04
0.0000000000e+00,0.0000000000e+00,2.0563649000e-04
0.0000000000e+00,0.0000000000e+00,1.1408322000e-04
0.0000000000e+00,0.0000000000e+00,0.0000000000e+00
0.0000000000e+00,0.0000000000e+00,0.0000000000e+00
0.0000000000e+00,0.0000000000e+00,0.0000000000e+00
0.0000000000e+00,0.0000000000e+00,0.0000000000e+00
0.0000000000e+00,0.0000000000e+00,0.0000000000e+00
0.0000000000e+00,0.0000000000e+00,0.0000000000e+00
0.0000000000e+00,0.0000000000e+00,0.0000000000e+00
0.0000000000e+00,0.0000000000e+00,0.0000000000e+00
0.0000000000e+00,0.0000000000e+00,0.0000000000e+00
0.0000000000e+00,0.0000000000e+00,0.0000000000e+00
0.0000000000e+00,0.0000000000e+00,0.0000000000e+00
0.0000000000e+00,0.0000000000e+00,1.1333861000e-04
0.0000000000e+00,0.0000000000e+00,2.0476780000e-04
0.0000000000e+00,0.0000000000e+00,2.0470590000e-04
0.0000000000e+00,0.0000000000e+00,2.0464402000e-04
0.0000000000e+00,0.0000000000e+00,2.0458216000e-04
0.0000000000e+00,0.0000000000e+00,2.0452031000e-04
0.0000000000e+00,0.0000000000e+00,2.0445848000e-04
0.0000000000e+00,0.0000000000e+00,2.0420045000e-04
0.0000000000e+00,0.0000000000e+00,2.0413878000e-04
0.0000000000e+00,0.0000000000e+00,2.0407712000e-04
0.0000000000e+00,0.0000000000e+00,2.0401548000e-04
0.0000000000e+00,0.0000000000e+00,2.0395385000e-04
0.0000000000e+00,0.0000000000e+00,1.3036584000e-04
0.0000000000e+00,0.0000000000e+00,0.0000000000e+00
0.0000000000e+00,0.0000000000e+00,0.0000000000e+00
0.0000000000e+00,0.0000000000e+00,0.0000000000e+00
0.0000000000e+00,0.0000000000e+00,0.0000000000e+00
0.0000000000e+00,0.0000000000e+00,0.0000000000e+00
0.0000000000e+00,0.0000000000e+00,0.0000000000e+00
0.0000000000e+00,0.0000000000e+00,0.0000000000e+00
0.0000000000e+00,0.0000000000e+00,0.0000000000e+00
0.0000000000e+00,0.0000000000e+00,0.0000000000e+00
0.0000000000e+00,0.0000000000e+00,0.0000000000e+00
0.0000000000e+00,0.0000000000e+00,0.0000000000e+00
0.0000000000e+00,0.0000000000e+00,1.2962805000e-04
0.0000000000e+00,0.0000000000e+00,2.0309312000e-04
0.0000000000e+00,0.0000000000e+00,2.0303178000e-04
0.0000000000e+00,0.0000000000e+00,2.0297046000e-04
0.0000000000e+00,0.0000000000e+00,2.0290917000e-04
0.0000000000e+00,0.0000000000e+00,2.0284789000e-04
0.0000000000e+00,0.0000000000e+00,2.0278663000e-04
0.0000000000e+00,0.0000000000e+00,2.0253642000e-04
0.0000000000e+00,0.0000000000e+00,2.0247530000e-04
0.0000000000e+00,0.0000000000e+00,2.0241420000e-04
0.0000000000e+00,0.0000000000e+00,2.0235313000e-04
1.4486436000e-09,0.0000000000e+00,2.0241663000e-04
6.3046435000e-09,0.0000000000e+00,1.5509533000e-04
0.0000000000e+00,0.0000000000e+00,0.0000000000e+00
0.0000000000e+00,0.0000000000e+00,0.0000000000e+00
0.0000000000e+00,0.0000000000e+00,0.0000000000e+00
0.0000000000e+00,0.0000000000e+00,0.0000000000e+00
0.0000000000e+00,0.0000000000e+00,0.0000000000e+00
8.0259134000e-08,0.0000000000e+00,0.0000000000e+00
0.0000000000e+00,0.0000000000e+00,0.0000000000e+00
0.0000000000e+00,0.0000000000e+00,0.0000000000e+00
0.0000000000e+00,0.0000000000e+00,0.0000000000e+00
0.0000000000e+00,0.0000000000e+00,0.0000000000e+00
0.0000000000e+00,0.0000000000e+00,0.0000000000e+00
0.0000000000e+00,0.0000000000e+00,1.5631953000e-04
0.0000000000e+00,0.0000000000e+00,2.0397348000e-04
0.0000000000e+00,0.0000000000e+00,2.0391162000e-04
0.0000000000e+00,0.0000000000e+00,2.0384979000e-04
0.0000000000e+00,0.0000000000e+00,2.0378797000e-04
0.0000000000e+00,0.0000000000e+00,2.0372619000e-04
0.0000000000e+00,0.0000000000e+00,2.0366440000e-04
0.0000000000e+00,0.0000000000e+00,2.0338925000e-04
0.0000000000e+00,0.0000000000e+00,2.0332764000e-04
0.0000000000e+00,0.0000000000e+00,2.0326606000e-04
0.0000000000e+00,0.0000000000e+00,2.0320449000e-04
0.0000000000e+00,0.0000000000e+00,2.0314293000e-04
0.0000000000e+00,0.0000000000e+00,1.6713238000e-04
0.0000000000e+00,0.0000000000e+00,0.0000000000e+00
0.0000000000e+00,0.0000000000e+00,0.0000000000e+00
0.0000000000e+00,0.0000000000e+00,0.0000000000e+00
0.0000000000e+00,0.0000000000e+00,0.0000000000e+00
0.0000000000e+00,0.0000000000e+00,0.0000000000e+00
0.0000000000e+00,0.0000000000e+00,0.0000000000e+00
0.0000000000e+00,0.0000000000e+00,0.0000000000e+00
0.0000000000e+00,0.0000000000e+00,0.0000000000e+00
0.0000000000e+00,0.0000000000e+00,0.0000000000e+00
0.0000000000e+00,0.0000000000e+00,0.0000000000e+00
0.0000000000e+00,0.0000000000e+00,0.0000000000e+00
0.0000000000e+00,0.0000000000e+00,1.6639539000e-04
0.0000000000e+00,0.0000000000e+00,2.0228310000e-04
0.0000000000e+00,0.0000000000e+00,2.0222183000e-04
0.0000000000e+00,0.0000000000e+00,2.0216056000e-04
0.0000000000e+00,0.0000000000e+00,2.0209931000e-04
0.0000000000e+00,0.0000000000e+00,2.0203809000e-04
0.0000000000e+00,0.0000000000e+00,2.0197687000e-04
0.0000000000e+00,0.0000000000e+00,2.0171019000e-04
0.0000000000e+00,0.0000000000e+00,2.0164916000e-04
0.0000000000e+00,0.0000000000e+00,2.0158813000e-04
0.0000000000e+00,0.0000000000e+00,2.0152713000e-04
0.0000000000e+00,0.0000000000e+00,2.0146614000e-04
0.0000000000e+00,0.0000000000e+00,1.8238940000e-04
0.0000000000e+00,0.0000000000e+00,0.0000000000e+00
0.0000000000e+00,0.0000000000e+00,0.0000000000e+00
0.0000000000e+00,0.0000000000e+00,0.0000000000e+00
0.0000000000e+00,0.0000000000e+00,0.0000000000e+00
0.0000000000e+00,0.0000000000e+00,0.0000000000e+00
0.0000000000e+00,0.0000000000e+00,0.0000000000e+00
0.0000000000e+00,0.0000000000e+00,0.0000000000e+00
0.0000000000e+00,0.0000000000e+00,0.0000000000e+00
0.0000000000e+00,0.0000000000e+00,0.0000000000e+00
0.0000000000e+00,0.0000000000e+00,0.0000000000e+00
0.0000000000e+00,0.0000000000e+00,0.0000000000e+00
0.0000000000e+00,0.0000000000e+00,1.8165921000e-04
0.0000000000e+00,0.0000000000e+00,2.0061426000e-04
0.0000000000e+00,0.0000000000e+00,2.0055355000e-04
0.0000000000e+00,0.0000000000e+00,2.0049285000e-04
0.0000000000e+00,0.0000000000e+00,2.0043217000e-04
0.0000000000e+00,0.0000000000e+00,2.0037152000e-04
0.0000000000e+00,0.0000000000e+00,2.0031088000e-04
0.0000000000e+00,0.0000000000e+00,2.0005237000e-04
0.0000000000e+00,0.0000000000e+00,1.9999190000e-04
0.0000000000e+00,0.0000000000e+00,1.9993144000e-04
0.0000000000e+00,0.0000000000e+00,1.9987101000e-04
0.0000000000e+00,0.0000000000e+00,1.9981059000e-04
0.0000000000e+00,0.0000000000e+00,1.9557562000e-04
0.0000000000e+00,0.0000000000e+00,0.0000000000e+00
0.0000000000e+00,0.0000000000e+00,0.0000000000e+00
0.0000000000e+00,0.0000000000e+00,0.0000000000e+00
0.0000000000e+00,0.0000000000e+00,0.0000000000e+00
0.0000000000e+00,0.0000000000e+00,0.0000000000e+00
0.0000000000e+00,0.0000000000e+00,0.0000000000e+00
0.0000000000e+00,0.0000000000e+00,0.0000000000e+00
0.0000000000e+00,0.0000000000e+00,0.0000000000e+00
0.0000000000e+00,0.0000000000e+00,0.0000000000e+00
0.0000000000e+00,0.0000000000e+00,0.0000000000e+00
0.0000000000e+00,0.0000000000e+00,0.0000000000e+00
0.0000000000e+00,0.0000000000e+00,1.9485221000e-04
0.0000000000e+00,0.0000000000e+00,1.9896661000e-04
0.0000000000e+00,0.0000000000e+00,1.9890646000e-04
0.0000000000e+00,0.0000000000e+00,1.9884632000e-04
0.0000000000e+00,0.0000000000e+00,1.9878621000e-04
0.0000000000e+00,0.0000000000e+00,1.9872612000e-04
0.0000000000e+00,0.0000000000e+00,1.9866604000e-04
0.0000000000e+00,0.0000000000e+00,1.9841542000e-04
0.0000000000e+00,0.0000000000e+00,1.9835550000e-04
0.0000000000e+00,0.0000000000e+00,1.9829557000e-04
0.0000000000e+00,0.0000000000e+00,1.9823569000e-04
0.0000000000e+00,0.0000000000e+00,1.9817581000e-04
0.0000000000e+00,0.0000000000e+00,1.9811596000e-04
0.0000000000e+00,0.0000000000e+00,0.0000000000e+00
0.0000000000e+00,0.0000000000e+00,0.0000000000e+00
0.0000000000e+00,0.0000000000e+00,0.0000000000e+00
0.0000000000e+00,0.0000000000e+00,0.0000000000e+00
0.0000000000e+00,0.0000000000e+00,0.0000000000e+00
0.0000000000e+00,0.0000000000e+00,0.0000000000e+00
0.0000000000e+00,0.0000000000e+00,0.0000000000e+00
0.0000000000e+00,0.0000000000e+00,0.0000000000e+00
0.0000000000e+00,0.0000000000e+00,0.0000000000e+00
0.0000000000e+00,0.0000000000e+00,0.0000000000e+00
0.0000000000e+00,0.0000000000e+00,0.0000000000e+00
0.0000000000e+00,0.0000000000e+00,1.9739907000e-04
0.0000000000e+00,0.0000000000e+00,1.9733944000e-04
0.0000000000e+00,0.0000000000e+00,1.9727983000e-04
0.0000000000e+00,0.0000000000e+00,1.9722026000e-04
0.0000000000e+00,0.0000000000e+00,1.9716068000e-04
0.0000000000e+00,0.0000000000e+00,1.9710114000e-04
0.0000000000e+00,0.0000000000e+00,1.9704161000e-04
0.0000000000e+00,0.0000000000e+00,1.9679857000e-04
0.0000000000e+00,0.0000000000e+00,1.9673919000e-04
0.0000000000e+00,0.0000000000e+00,1.9667982000e-04
0.0000000000e+00,0.0000000000e+00,1.9662047000e-04
0.0000000000e+00,0.0000000000e+00,1.9656113000e-04
0.0000000000e+00,0.0000000000e+00,1.9650182000e-04
0.0000000000e+00,0.0000000000e+00,0.0000000000e+00
0.0000000000e+00,0.0000000000e+00,0.0000000000e+00
0.0000000000e+00,0.0000000000e+00,0.0000000000e+00
0.0000000000e+00,0.0000000000e+00,0.0000000000e+00
0.0000000000e+00,0.0000000000e+00,0.0000000000e+00
0.0000000000e+00,0.0000000000e+00,0.0000000000e+00
0.0000000000e+00,0.0000000000e+00,0.0000000000e+00
0.0000000000e+00,0.0000000000e+00,0.0000000000e+00
0.0000000000e+00,0.0000000000e+00,0.0000000000e+00
0.0000000000e+00,0.0000000000e+00,0.0000000000e+00
0.0000000000e+00,0.0000000000e+00,0.0000000000e+00
0.0000000000e+00,0.0000000000e+00,1.9579142000e-04
0.0000000000e+00,0.0000000000e+00,1.9573234000e-04
0.0000000000e+00,0.0000000000e+00,1.9567327000e-04
0.0000000000e+00,0.0000000000e+00,1.9561424000e-04
0.0000000000e+00,0.0000000000e+00,1.9555520000e-04
0.0000000000e+00,0.0000000000e+00,1.9549619000e-04
0.0000000000e+00,0.0000000000e+00,1.9543720000e-04
0.0000000000e+00,0.0000000000e+00,1.9520152000e-04
0.0000000000e+00,0.0000000000e+00,1.9514267000e-04
0.0000000000e+00,0.0000000000e+00,1.9508383000e-04
0.0000000000e+00,0.0000000000e+00,1.9502502000e-04
0.0000000000e+00,0.0000000000e+00,1.9496623000e-04
0.0000000000e+00,0.0000000000e+00,1.9490745000e-04
0.0000000000e+00,0.0000000000e+00,0.0000000000e+00
0.0000000000e+00,0.0000000000e+00,0.0000000000e+00
0.0000000000e+00,0.0000000000e+00,0.0000000000e+00
0.0000000000e+00,0.0000000000e+00,0.0000000000e+00
0.0000000000e+00,0.0000000000e+00,0.0000000000e+00
0.0000000000e+00,0.0000000000e+00,0.0000000000e+00
0.0000000000e+00,0.0000000000e+00,0.0000000000e+00
0.0000000000e+00,0.0000000000e+00,0.0000000000e+00
0.0000000000e+00,0.0000000000e+00,0.0000000000e+00
0.0000000000e+00,0.0000000000e+00,0.0000000000e+00
0.0000000000e+00,0.0000000000e+00,0.0000000000e+00
0.0000000000e+00,0.0000000000e+00,1.9420352000e-04
0.0000000000e+00,0.0000000000e+00,1.9414497000e-04
0.0000000000e+00,0.0000000000e+00,1.9408645000e-04
0.0000000000e+00,0.0000000000e+00,1.9402795000e-04
0.0000000000e+00,0.0000000000e+00,1.9396945000e-04
0.0000000000e+00,0.0000000000e+00,1.9391098000e-04
0.0000000000e+00,0.0000000000e+00,1.9385252000e-04
0.0000000000e+00,0.0000000000e+00,1.9362391000e-04
0.0000000000e+00,0.0000000000e+00,1.9356560000e-04
0.0000000000e+00,0.0000000000e+00,1.9350731000e-04
0.0000000000e+00,0.0000000000e+00,1.9344901000e-04
0.0000000000e+00,0.0000000000e+00,1.9339073000e-04
0.0000000000e+00,0.0000000000e+00,1.9333248000e-04
0.0000000000e+00,0.0000000000e+00,0.0000000000e+00
0.0000000000e+00,0.0000000000e+00,0.0000000000e+00
0.0000000000e+00,0.0000000000e+00,0.0000000000e+00
0.0000000000e+00,0.0000000000e+00,0.0000000000e+00
0.0000000000e+00,0.0000000000e+00,0.0000000000e+00
0.0000000000e+00,0.0000000000e+00,0.0000000000e+00
0.0000000000e+00,0.0000000000e+00,0.0000000000e+00
0.0000000000e+00,0.0000000000e+00,0.0000000000e+00
0.0000000000e+00,0.0000000000e+00,0.0000000000e+00
0.0000000000e+00,0.0000000000e+00,0.0000000000e+00
0.0000000000e+00,0.0000000000e+00,0.0000000000e+00
0.0000000000e+00,0.0000000000e+00,1.9263478000e-04
0.0000000000e+00,0.0000000000e+00,1.9257674000e-04
0.0000000000e+00,0.0000000000e+00,1.9251874000e-04
0.0000000000e+00,0.0000000000e+00,1.9246075000e-04
0.0000000000e+00,0.0000000000e+00,1.9240277000e-04
0.0000000000e+00,0.0000000000e+00,1.9234483000e-04
0.0000000000e+00,0.0000000000e+00,1.9228688000e-04
0.0000000000e+00,0.0000000000e+00,1.9206508000e-04
0.0000000000e+00,0.0000000000e+00,1.9200728000e-04
0.0000000000e+00,0.0000000000e+00,1.9194951000e-04
0.0000000000e+00,0.0000000000e+00,1.9189176000e-04
0.0000000000e+00,0.0000000000e+00,1.9183401000e-04
0.0000000000e+00,0.0000000000e+00,1.9177629000e-04
0.0000000000e+00,0.0000000000e+00,0.0000000000e+00
0.0000000000e+00,0.0000000000e+00,0.0000000000e+00
0.0000000000e+00,0.0000000000e+00,0.0000000000e+00
0.0000000000e+00,0.0000000000e+00,0.0000000000e+00
0.0000000000e+00,0.0000000000e+00,0.0000000000e+00
0.0000000000e+00,0.0000000000e+00,0.0000000000e+00
0.0000000000e+00,0.0000000000e+00,0.0000000000e+00
0.0000000000e+00,0.0000000000e+00,0.0000000000e+00
0.0000000000e+00,0.0000000000e+00,0.0000000000e+00
0.0000000000e+00,0.0000000000e+00,0.0000000000e+00
0.0000000000e+00,0.0000000000e+00,0.0000000000e+00
0.0000000000e+00,0.0000000000e+00,1.9108479000e-04
0.0000000000e+00,0.0000000000e+00,1.9102728000e-04
0.0000000000e+00,0.0000000000e+00,1.9096979000e-04
0.0000000000e+00,0.0000000000e+00,1.9091231000e-04
0.0000000000e+00,0.0000000000e+00,1.9085486000e-04
0.0000000000e+00,0.0000000000e+00,1.9079742000e-04
0.0000000000e+00,0.0000000000e+00,1.9074000000e-04
0.0000000000e+00,0.0000000000e+00,1.9052478000e-04
0.0000000000e+00,0.0000000000e+00,1.9046749000e-04
0.0000000000e+00,0.0000000000e+00,1.9041021000e-04
0.0000000000e+00,0.0000000000e+00,1.9035295000e-04
0.0000000000e+00,0.0000000000e+00,1.9029570000e-04
0.0000000000e+00,0.0000000000e+00,1.9023847000e-04
0.0000000000e+00,0.0000000000e+00,0.0000000000e+00
0.0000000000e+00,0.0000000000e+00,0.0000000000e+00
0.0000000000e+00,0.0000000000e+00,0.0000000000e+00
0.0000000000e+00,0.0000000000e+00,0.0000000000e+00
0.0000000000e+00,0.0000000000e+00,0.0000000000e+00
0.0000000000e+00,0.0000000000e+00,0.0000000000e+00
0.0000000000e+00,0.0000000000e+00,0.0000000000e+00
0.0000000000e+00,0.0000000000e+00,0.0000000000e+00
0.0000000000e+00,0.0000000000e+00,0.0000000000e+00
0.0000000000e+00,0.0000000000e+00,0.0000000000e+00
0.0000000000e+00,0.0000000000e+00,0.0000000000e+00
0.0000000000e+00,0.0000000000e+00,1.8955312000e-04
0.0000000000e+00,0.0000000000e+00,1.8949612000e-04
0.0000000000e+00,0.0000000000e+00,1.8943915000e-04
0.0000000000e+00,0.0000000000e+00,1.8938218000e-04
0.0000000000e+00,0.0000000000e+00,1.8932523000e-04
0.0000000000e+00,0.0000000000e+00,1.8926832000e-04
0.0000000000e+00,0.0000000000e+00,1.8921141000e-04
0.0000000000e+00,0.0000000000e+00,1.8900253000e-04
0.0000000000e+00,0.0000000000e+00,1.8894575000e-04
0.0000000000e+00,0.0000000000e+00,1.8888897000e-04
0.0000000000e+00,0.0000000000e+00,1.8883221000e-04
0.0000000000e+00,0.0000000000e+00,1.8877549000e-04
0.0000000000e+00,0.0000000000e+00,1.8871877000e-04
0.0000000000e+00,0.0000000000e+00,0.0000000000e+00
0.0000000000e+00,0.0000000000e+00,0.0000000000e+00
0.0000000000e+00,0.0000000000e+00,0.0000000000e+00
0.0000000000e+00,0.0000000000e+00,0.0000000000e+00
0.0000000000e+00,0.0000000000e+00,0.0000000000e+00
0.0000000000e+00,0.0000000000e+00,0.0000000000e+00
0.0000000000e+00,0.0000000000e+00,0.0000000000e+00
0.0000000000e+00,0.0000000000e+00,0.0000000000e+00
0.0000000000e+00,0.0000000000e+00,0.0000000000e+00
0.0000000000e+00,0.0000000000e+00,0.0000000000e+00
0.0000000000e+00,0.0000000000e+00,0.0000000000e+00
0.0000000000e+00,0.0000000000e+00,1.8803947000e-04
0.0000000000e+00,0.0000000000e+00,1.8798297000e-04
0.0000000000e+00,0.0000000000e+00,1.8792647000e-04
0.0000000000e+00,0.0000000000e+00,1.8787001000e-04
0.0000000000e+00,0.0000000000e+00,1.8781357000e-04
0.0000000000e+00,0.0000000000e+00,1.8775713000e-04
0.0000000000e+00,0.0000000000e+00,1.8770072000e-04
0.0000000000e+00,0.0000000000e+00,1.8749795000e-04
0.0000000000e+00,0.0000000000e+00,1.8744166000e-04
0.0000000000e+00,0.0000000000e+00,1.8738538000e-04
0.0000000000e+00,0.0000000000e+00,1.8732912000e-04
0.0000000000e+00,0.0000000000e+00,1.8727288000e-04
0.0000000000e+00,0.0000000000e+00,1.8721665000e-04
0.0000000000e+00,0.0000000000e+00,0.0000000000e+00
0.0000000000e+00,0.0000000000e+00,0.0000000000e+00
0.0000000000e+00,0.0000000000e+00,0.0000000000e+00
0.0000000000e+00,0.0000000000e+00,0.0000000000e+00
0.0000000000e+00,0.0000000000e+00,0.0000000000e+00
0.0000000000e+00,0.0000000000e+00,0.0000000000e+00
0.0000000000e+00,0.0000000000e+00,0.0000000000e+00
0.0000000000e+00,0.0000000000e+00,0.0000000000e+00
0.0000000000e+00,0.0000000000e+00,0.0000000000e+00
0.0000000000e+00,0.0000000000e+00,0.0000000000e+00
0.0000000000e+00,0.0000000000e+00,0.0000000000e+00
0.0000000000e+00,0.0000000000e+00,1.8654330000e-04
0.0000000000e+00,0.0000000000e+00,1.8648729000e-04
0.0000000000e+00,0.0000000000e+00,1.8643129000e-04
0.0000000000e+00,0.0000000000e+00,1.8637533000e-04
0.0000000000e+00,0.0000000000e+00,1.8631936000e-04
0.0000000000e+00,0.0000000000e+00,1.8626342000e-04
0.0000000000e+00,0.0000000000e+00,1.8620750000e-04
0.0000000000e+00,0.0000000000e+00,1.8601064000e-04
0.0000000000e+00,0.0000000000e+00,1.8595484000e-04
0.0000000000e+00,0.0000000000e+00,1.8589904000e-04
0.0000000000e+00,0.0000000000e+00,1.8584327000e-04
0.0000000000e+00,0.0000000000e+00,1.8578752000e-04
0.0000000000e+00,0.0000000000e+00,1.8573178000e-04
0.0000000000e+00,0.0000000000e+00,0.0000000000e+00
0.0000000000e+00,0.0000000000e+00,0.0000000000e+00
0.0000000000e+00,0.0000000000e+00,0.0000000000e+00
0.0000000000e+00,0.0000000000e+00,0.0000000000e+00
0.0000000000e+00,0.0000000000e+00,0.0000000000e+00
0.0000000000e+00,0.0000000000e+00,0.0000000000e+00
0.0000000000e+00,0.0000000000e+00,0.0000000000e+00
0.0000000000e+00,0.0000000000e+00,0.0000000000e+00
0.0000000000e+00,0.0000000000e+00,0.0000000000e+00
0.0000000000e+00,0.0000000000e+00,0.0000000000e+00
0.0000000000e+00,0.0000000000e+00,0.0000000000e+00
0.0000000000e+00,0.0000000000e+00,1.8506426000e-04
0.0000000000e+00,0.0000000000e+00,1.8500873000e-04
0.0000000000e+00,0.0000000000e+00,1.8495323000e-04
0.0000000000e+00,0.0000000000e+00,1.8489774000e-04
0.0000000000e+00,0.0000000000e+00,1.8484227000e-04
0.0000000000e+00,0.0000000000e+00,1.8478683000e-04
0.0000000000e+00,0.0000000000e+00,1.8473140000e-04
0.0000000000e+00,0.0000000000e+00,1.8454023000e-04
0.0000000000e+00,0.0000000000e+00,1.8448490000e-04
0.0000000000e+00,0.0000000000e+00,1.8442961000e-04
0.0000000000e+00,0.0000000000e+00,1.8437432000e-04
0.0000000000e+00,0.0000000000e+00,1.8431905000e-04
0.0000000000e+00,0.0000000000e+00,1.8426380000e-04
0.0000000000e+00,0.0000000000e+00,0.0000000000e+00
0.0000000000e+00,0.0000000000e+00,0.0000000000e+00
0.0000000000e+00,0.0000000000e+00,0.0000000000e+00
0.0000000000e+00,0.0000000000e+00,0.0000000000e+00
0.0000000000e+00,0.0000000000e+00,0.0000000000e+00
0.0000000000e+00,0.0000000000e+00,0.0000000000e+00
0.0000000000e+00,0.0000000000e+00,0.0000000000e+00
0.0000000000e+00,0.0000000000e+00,0.0000000000e+00
0.0000000000e+00,0.0000000000e+00,0.0000000000e+00
0.0000000000e+00,0.0000000000e+00,0.0000000000e+00
0.0000000000e+00,0.0000000000e+00,0.0000000000e+00
0.0000000000e+00,0.0000000000e+00,1.8360202000e-04
0.0000000000e+00,0.0000000000e+00,1.8354699000e-04
0.0000000000e+00,0.0000000000e+00,1.8349197000e-04
0.0000000000e+00,0.0000000000e+00,1.8343698000e-04
0.0000000000e+00,0.0000000000e+00,1.8338198000e-04
0.0000000000e+00,0.0000000000e+00,1.8332699000e-04
0.0000000000e+00,0.0000000000e+00,1.8327203000e-04
0.0000000000e+00,0.0000000000e+00,1.8308636000e-04
0.0000000000e+00,0.0000000000e+00,1.8303150000e-04
0.0000000000e+00,0.0000000000e+00,1.8297667000e-04
0.0000000000e+00,0.0000000000e+00,1.8292185000e-04
0.0000000000e+00,0.0000000000e+00,1.8286705000e-04
0.0000000000e+00,0.0000000000e+00,1.8281228000e-04
0.0000000000e+00,0.0000000000e+00,0.0000000000e+00
0.0000000000e+00,0.0000000000e+00,0.0000000000e+00
0.0000000000e+00,0.0000000000e+00,0.0000000000e+00
0.0000000000e+00,0.0000000000e+00,0.0000000000e+00
0.0000000000e+00,0.0000000000e+00,0.0000000000e+00
0.0000000000e+00,0.0000000000e+00,0.0000000000e+00
0.0000000000e+00,0.0000000000e+00,0.0000000000e+00
0.0000000000e+00,0.0000000000e+00,0.0000000000e+00
0.0000000000e+00,0.0000000000e+00,0.0000000000e+00
0.0000000000e+00,0.0000000000e+00,0.0000000000e+00
0.0000000000e+00,0.0000000000e+00,0.0000000000e+00
0.0000000000e+00,0.0000000000e+00,1.8215619000e-04
0.0000000000e+00,0.0000000000e+00,1.8210163000e-04
0.0000000000e+00,0.0000000000e+00,1.8204708000e-04
0.0000000000e+00,0.0000000000e+00,1.8199255000e-04
0.0000000000e+00,0.0000000000e+00,1.8193804000e-04
0.0000000000e+00,0.0000000000e+00,1.8188354000e-04
0.0000000000e+00,0.0000000000e+00,1.8182906000e-04
0.0000000000e+00,0.0000000000e+00,1.8164869000e-04
0.0000000000e+00,0.0000000000e+00,1.8159430000e-04
0.0000000000e+00,0.0000000000e+00,1.8153993000e-04
0.0000000000e+00,0.0000000000e+00,1.8148558000e-04
0.0000000000e+00,0.0000000000e+00,1.8143126000e-04
0.0000000000e+00,0.0000000000e+00,1.8137693000e-04
0.0000000000e+00,0.0000000000e+00,0.0000000000e+00
0.0000000000e+00,0.0000000000e+00,0.0000000000e+00
0.0000000000e+00,0.0000000000e+00,0.0000000000e+00
0.0000000000e+00,0.0000000000e+00,0.0000000000e+00
0.0000000000e+00,0.0000000000e+00,0.0000000000e+00
0.0000000000e+00,0.0000000000e+00,0.0000000000e+00
0.0000000000e+00,0.0000000000e+00,0.0000000000e+00
0.0000000000e+00,0.0000000000e+00,0.0000000000e+00
0.0000000000e+00,0.0000000000e+00,0.0000000000e+00
0.0000000000e+00,0.0000000000e+00,0.0000000000e+00
0.0000000000e+00,0.0000000000e+00,0.0000000000e+00
0.0000000000e+00,0.0000000000e+00,1.8072645000e-04
0.0000000000e+00,0.0000000000e+00,1.8067234000e-04
0.0000000000e+00,0.0000000000e+00,1.8061827000e-04
0.0000000000e+00,0.0000000000e+00,1.8056421000e-04
0.0000000000e+00,0.0000000000e+00,1.8051016000e-04
0.0000000000e+00,0.0000000000e+00,1.8045613000e-04
0.0000000000e+00,0.0000000000e+00,1.8040210000e-04
0.0000000000e+00,0.0000000000e+00,1.8022684000e-04
0.0000000000e+00,0.0000000000e+00,1.8017292000e-04
0.0000000000e+00,0.0000000000e+00,1.8011901000e-04
0.0000000000e+00,0.0000000000e+00,1.8006512000e-04
0.0000000000e+00,0.0000000000e+00,1.8001127000e-04
0.0000000000e+00,0.0000000000e+00,1.7995741000e-04
0.0000000000e+00,0.0000000000e+00,0.0000000000e+00
0.0000000000e+00,0.0000000000e+00,0.0000000000e+00
0.0000000000e+00,0.0000000000e+00,0.0000000000e+00
0.0000000000e+00,0.0000000000e+00,0.0000000000e+00
0.0000000000e+00,0.0000000000e+00,0.0000000000e+00
0.0000000000e+00,0.0000000000e+00,0.0000000000e+00
0.0000000000e+00,0.0000000000e+00,0.0000000000e+00
0.0000000000e+00,0.0000000000e+00,0.0000000000e+00
0.0000000000e+00,0.0000000000e+00,0.0000000000e+00
0.0000000000e+00,0.0000000000e+00,0.0000000000e+00
0.0000000000e+00,0.0000000000e+00,0.0000000000e+00
0.0000000000e+00,0.0000000000e+00,1.7931245000e-04
0.0000000000e+00,0.0000000000e+00,1.7925883000e-04
0.0000000000e+00,0.0000000000e+00,1.7920521000e-04
0.0000000000e+00,0.0000000000e+00,1.7915158000e-04
0.0000000000e+00,0.0000000000e+00,1.7909799000e-04
0.0000000000e+00,0.0000000000e+00,1.7904441000e-04
0.0000000000e+00,0.0000000000e+00,1.7899084000e-04
0.0000000000e+00,0.0000000000e+00,1.7882053000e-04
0.0000000000e+00,0.0000000000e+00,1.7876706000e-04
0.0000000000e+00,0.0000000000e+00,1.7871363000e-04
0.0000000000e+00,0.0000000000e+00,1.7866021000e-04
0.0000000000e+00,0.0000000000e+00,1.7860680000e-04
0.0000000000e+00,0.0000000000e+00,1.7855340000e-04
0.0000000000e+00,0.0000000000e+00,0.0000000000e+00
0.0000000000e+00,0.0000000000e+00,0.0000000000e+00
0.0000000000e+00,0.0000000000e+00,0.0000000000e+00
0.0000000000e+00,0.0000000000e+00,0.0000000000e+00
0.0000000000e+00,0.0000000000e+00,0.0000000000e+00
0.0000000000e+00,0.0000000000e+00,0.0000000000e+00
0.0000000000e+00,0.0000000000e+00,0.0000000000e+00
0.0000000000e+00,0.0000000000e+00,0.0000000000e+00
0.0000000000e+00,0.0000000000e+00,0.0000000000e+00
0.0000000000e+00,0.0000000000e+00,0.0000000000e+00
0.0000000000e+00,0.0000000000e+00,0.0000000000e+00
0.0000000000e+00,0.0000000000e+00,1.7791387000e-04
0.0000000000e+00,0.0000000000e+00,1.7786068000e-04
0.0000000000e+00,0.0000000000e+00,1.7780751000e-04
0.0000000000e+00,0.0000000000e+00,1.7775435000e-04
0.0000000000e+00,0.0000000000e+00,1.7770121000e-04
0.0000000000e+00,0.0000000000e+00,1.7764809000e-04
0.0000000000e+00,0.0000000000e+00,1.7759499000e-04
0.0000000000e+00,0.0000000000e+00,1.7742944000e-04
0.0000000000e+00,0.0000000000e+00,1.7737642000e-04
0.0000000000e+00,0.0000000000e+00,1.7732343000e-04
0.0000000000e+00,0.0000000000e+00,1.7727044000e-04
0.0000000000e+00,0.0000000000e+00,1.7721747000e-04
0.0000000000e+00,0.0000000000e+00,1.7716453000e-04
0.0000000000e+00,0.0000000000e+00,0.0000000000e+00
0.0000000000e+00,0.0000000000e+00,0.0000000000e+00
0.0000000000e+00,0.0000000000e+00,0.0000000000e+00
0.0000000000e+00,0.0000000000e+00,0.0000000000e+00
0.0000000000e+00,0.0000000000e+00,0.0000000000e+00
0.0000000000e+00,0.0000000000e+00,0.0000000000e+00
0.0000000000e+00,0.0000000000e+00,0.0000000000e+00
0.0000000000e+00,0.0000000000e+00,0.0000000000e+00
0.0000000000e+00,0.0000000000e+00,0.0000000000e+00
0.0000000000e+00,0.0000000000e+00,0.0000000000e+00
0.0000000000e+00,0.0000000000e+00,0.0000000000e+00
0.0000000000e+00,0.0000000000e+00,1.7653040000e-04
0.0000000000e+00,0.0000000000e+00,1.7647765000e-04
0.0000000000e+00,0.0000000000e+00,1.7642493000e-04
0.0000000000e+00,0.0000000000e+00,1.7637221000e-04
0.0000000000e+00,0.0000000000e+00,1.7631952000e-04
0.0000000000e+00,0.0000000000e+00,1.7626684000e-04
0.0000000000e+00,0.0000000000e+00,1.7621419000e-04
0.0000000000e+00,0.0000000000e+00,1.7605323000e-04
0.0000000000e+00,0.0000000000e+00,1.7600067000e-04
0.0000000000e+00,0.0000000000e+00,1.7594811000e-04
0.0000000000e+00,0.0000000000e+00,1.7589558000e-04
0.0000000000e+00,0.0000000000e+00,1.7584306000e-04
0.0000000000e+00,0.0000000000e+00,1.7579056000e-04
0.0000000000e+00,0.0000000000e+00,0.0000000000e+00
0.0000000000e+00,0.0000000000e+00,0.0000000000e+00
0.0000000000e+00,0.0000000000e+00,0.0000000000e+00
0.0000000000e+00,0.0000000000e+00,0.0000000000e+00
0.0000000000e+00,0.0000000000e+00,0.0000000000e+00
0.0000000000e+00,0.0000000000e+00,0.0000000000e+00
4.6811817000e-09,0.0000000000e+00,0.0000000000e+00
1.7567202000e-09,0.0000000000e+00,0.0000000000e+00
0.0000000000e+00,0.0000000000e+00,0.0000000000e+00
3.6639000000e-10,0.0000000000e+00,0.0000000000e+00
0.0000000000e+00,0.0000000000e+00,0.0000000000e+00
0.0000000000e+00,0.0000000000e+00,1.7569037000e-04
0.0000000000e+00,0.0000000000e+00,1.7564843000e-04
0.0000000000e+00,0.0000000000e+00,1.7561432000e-04
2.5912188000e-09,0.0000000000e+00,1.7562829000e-04
2.5283196000e-08,0.0000000000e+00,1.7588939000e-04
2.4536254000e-10,0.0000000000e+00,1.7620400000e-04
9.9656172000e-10,0.0000000000e+00,1.7623529000e-04
3.0934080000e-10,0.0000000000e+00,1.7616365000e-04
1.0447166000e-09,0.0000000000e+00,1.7619875000e-04
2.7000135000e-10,0.0000000000e+00,1.7624663000e-04
0.0000000000e+00,0.0000000000e+00,1.7623298000e-04
0.0000000000e+00,0.0000000000e+00,1.7618020000e-04
0.0000000000e+00,0.0000000000e+00,1.7612743000e-04
0.0000000000e+00,0.0000000000e+00,0.0000000000e+00
2.1667726000e-10,0.0000000000e+00,0.0000000000e+00
0.0000000000e+00,0.0000000000e+00,0.0000000000e+00
0.0000000000e+00,0.0000000000e+00,0.0000000000e+00
0.0000000000e+00,0.0000000000e+00,0.0000000000e+00
0.0000000000e+00,0.0000000000e+00,0.0000000000e+00
0.0000000000e+00,0.0000000000e+00,0.0000000000e+00
0.0000000000e+00,0.0000000000e+00,0.0000000000e+00
0.0000000000e+00,0.0000000000e+00,0.0000000000e+00
0.0000000000e+00,0.0000000000e+00,0.0000000000e+00
0.0000000000e+00,0.0000000000e+00,0.0000000000e+00
0.0000000000e+00,0.0000000000e+00,1.7555016000e-04
0.0000000000e+00,0.0000000000e+00,1.7549758000e-04
0.0000000000e+00,0.0000000000e+00,1.7544503000e-04
0.0000000000e+00,0.0000000000e+00,1.7539250000e-04
0.0000000000e+00,0.0000000000e+00,1.7533997000e-04
0.0000000000e+00,0.0000000000e+00,1.7528745000e-04
0.0000000000e+00,0.0000000000e+00,1.7523495000e-04
0.0000000000e+00,0.0000000000e+00,1.7506252000e-04
0.0000000000e+00,0.0000000000e+00,1.7501014000e-04
0.0000000000e+00,0.0000000000e+00,1.7495776000e-04
0.0000000000e+00,0.0000000000e+00,1.7490541000e-04
0.0000000000e+00,0.0000000000e+00,1.7485308000e-04
0.0000000000e+00,0.0000000000e+00,1.7480073000e-04
0.0000000000e+00,0.0000000000e+00,0.0000000000e+00
0.0000000000e+00,0.0000000000e+00,0.0000000000e+00
0.0000000000e+00,0.0000000000e+00,0.0000000000e+00
0.0000000000e+00,0.0000000000e+00,0.0000000000e+00
0.0000000000e+00,0.0000000000e+00,0.0000000000e+00
2.4192040000e-10,0.0000000000e+00,0.0000000000e+00
0.0000000000e+00,0.0000000000e+00,0.0000000000e+00
0.0000000000e+00,0.0000000000e+00,0.0000000000e+00
0.0000000000e+00,0.0000000000e+00,0.0000000000e+00
0.0000000000e+00,0.0000000000e+00,0.0000000000e+00
0.0000000000e+00,0.0000000000e+00,0.0000000000e+00
0.0000000000e+00,0.0000000000e+00,1.7426017000e-04
0.0000000000e+00,0.0000000000e+00,1.7421035000e-04
2.8328467000e-10,0.0000000000e+00,1.7418456000e-04
1.1502896000e-09,0.0000000000e+00,1.7421594000e-04
1.1858458000e-09,0.0000000000e+00,1.7428634000e-04
0.0000000000e+00,0.0000000000e+00,1.7431227000e-04
3.0572581000e-10,0.0000000000e+00,1.7428231000e-04
3.7314604000e-10,0.0000000000e+00,1.7417644000e-04
3.1462269000e-10,0.0000000000e+00,1.7420117000e-04
3.1892958000e-10,0.0000000000e+00,1.7422142000e-04
3.2349942000e-10,0.0000000000e+00,1.7424168000e-04
3.2787056000e-10,0.0000000000e+00,1.7426192000e-04
3.3227252000e-10,0.0000000000e+00,1.7428216000e-04
0.0000000000e+00,0.0000000000e+00,0.0000000000e+00
0.0000000000e+00,0.0000000000e+00,0.0000000000e+00
1.1564933000e-10,0.0000000000e+00,0.0000000000e+00
0.0000000000e+00,0.0000000000e+00,0.0000000000e+00
0.0000000000e+00,0.0000000000e+00,0.0000000000e+00
0.0000000000e+00,0.0000000000e+00,0.0000000000e+00
0.0000000000e+00,0.0000000000e+00,0.0000000000e+00
0.0000000000e+00,0.0000000000e+00,0.0000000000e+00
0.0000000000e+00,0.0000000000e+00,0.0000000000e+00
0.0000000000e+00,0.0000000000e+00,0.0000000000e+00
0.0000000000e+00,0.0000000000e+00,0.0000000000e+00
0.0000000000e+00,0.0000000000e+00,1.7374493000e-04
0.0000000000e+00,0.0000000000e+00,1.7369287000e-04
0.0000000000e+00,0.0000000000e+00,1.7364082000e-04
0.0000000000e+00,0.0000000000e+00,1.7358879000e-04
0.0000000000e+00,0.0000000000e+00,1.7353678000e-04
0.0000000000e+00,0.0000000000e+00,1.7348479000e-04
0.0000000000e+00,0.0000000000e+00,1.7343280000e-04
0.0000000000e+00,0.0000000000e+00,1.7325915000e-04
0.0000000000e+00,0.0000000000e+00,1.7320727000e-04
0.0000000000e+00,0.0000000000e+00,1.7315539000e-04
0.0000000000e+00,0.0000000000e+00,1.7310354000e-04
0.0000000000e+00,0.0000000000e+00,1.7305171000e-04
0.0000000000e+00,0.0000000000e+00,1.7299991000e-04
0.0000000000e+00,0.0000000000e+00,0.0000000000e+00
0.0000000000e+00,0.0000000000e+00,0.0000000000e+00
0.0000000000e+00,0.0000000000e+00,0.0000000000e+00
0.0000000000e+00,0.0000000000e+00,0.0000000000e+00
0.0000000000e+00,0.0000000000e+00,0.0000000000e+00
0.0000000000e+00,0.0000000000e+00,0.0000000000e+00
0.0000000000e+00,0.0000000000e+00,0.0000000000e+00
0.0000000000e+00,0.0000000000e+00,0.0000000000e+00
0.0000000000e+00,0.0000000000e+00,0.0000000000e+00
0.0000000000e+00,0.0000000000e+00,0.0000000000e+00
0.0000000000e+00,0.0000000000e+00,0.0000000000e+00
0.0000000000e+00,0.0000000000e+00,1.7237925000e-04
0.0000000000e+00,0.0000000000e+00,1.7232764000e-04
0.0000000000e+00,0.0000000000e+00,1.7227604000e-04
0.0000000000e+00,0.0000000000e+00,1.7222446000e-04
0.0000000000e+00,0.0000000000e+00,1.7217289000e-04
0.0000000000e+00,0.0000000000e+00,1.7212133000e-04
0.0000000000e+00,0.0000000000e+00,1.7206979000e-04
0.0000000000e+00,0.0000000000e+00,1.7190108000e-04
0.0000000000e+00,0.0000000000e+00,1.7184965000e-04
0.0000000000e+00,0.0000000000e+00,1.7179822000e-04
0.0000000000e+00,0.0000000000e+00,1.7174681000e-04
0.0000000000e+00,0.0000000000e+00,1.7169543000e-04
0.0000000000e+00,0.0000000000e+00,1.7164405000e-04
0.0000000000e+00,0.0000000000e+00,0.0000000000e+00
0.0000000000e+00,0.0000000000e+00,0.0000000000e+00
0.0000000000e+00,0.0000000000e+00,0.0000000000e+00
0.0000000000e+00,0.0000000000e+00,0.0000000000e+00
0.0000000000e+00,0.0000000000e+00,0.0000000000e+00
0.0000000000e+00,0.0000000000e+00,0.0000000000e+00
0.0000000000e+00,0.0000000000e+00,0.0000000000e+00
0.0000000000e+00,0.0000000000e+00,0.0000000000e+00
0.0000000000e+00,0.0000000000e+00,0.0000000000e+00
0.0000000000e+00,0.0000000000e+00,0.0000000000e+00
0.0000000000e+00,0.0000000000e+00,0.0000000000e+00
0.0000000000e+00,0.0000000000e+00,1.7102869000e-04
0.0000000000e+00,0.0000000000e+00,1.7097752000e-04
0.0000000000e+00,0.0000000000e+00,1.7092635000e-04
0.0000000000e+00,0.0000000000e+00,1.7087520000e-04
0.0000000000e+00,0.0000000000e+00,1.7082406000e-04
0.0000000000e+00,0.0000000000e+00,1.7077294000e-04
0.0000000000e+00,0.0000000000e+00,1.7072183000e-04
0.0000000000e+00,0.0000000000e+00,1.7055791000e-04
0.0000000000e+00,0.0000000000e+00,1.7050692000e-04
0.0000000000e+00,0.0000000000e+00,1.7045591000e-04
0.0000000000e+00,0.0000000000e+00,1.7040494000e-04
0.0000000000e+00,0.0000000000e+00,1.7035397000e-04
0.0000000000e+00,0.0000000000e+00,1.7030304000e-04
0.0000000000e+00,0.0000000000e+00,0.0000000000e+00
0.0000000000e+00,0.0000000000e+00,0.0000000000e+00
0.0000000000e+00,0.0000000000e+00,0.0000000000e+00
0.0000000000e+00,0.0000000000e+00,0.0000000000e+00
0.0000000000e+00,0.0000000000e+00,0.0000000000e+00
0.0000000000e+00,0.0000000000e+00,0.0000000000e+00
0.0000000000e+00,0.0000000000e+00,0.0000000000e+00
0.0000000000e+00,0.0000000000e+00,0.0000000000e+00
0.0000000000e+00,0.0000000000e+00,0.0000000000e+00
0.0000000000e+00,0.0000000000e+00,0.0000000000e+00
0.0000000000e+00,0.0000000000e+00,0.0000000000e+00
0.0000000000e+00,0.0000000000e+00,1.6969288000e-04
0.0000000000e+00,0.0000000000e+00,1.6964214000e-04
0.0000000000e+00,0.0000000000e+00,1.6959141000e-04
0.0000000000e+00,0.0000000000e+00,1.6954070000e-04
0.0000000000e+00,0.0000000000e+00,1.6949001000e-04
0.0000000000e+00,0.0000000000e+00,1.6943931000e-04
0.0000000000e+00,0.0000000000e+00,1.6938864000e-04
0.0000000000e+00,0.0000000000e+00,1.6922930000e-04
0.0000000000e+00,0.0000000000e+00,1.6917873000e-04
0.0000000000e+00,0.0000000000e+00,1.6912818000e-04
0.0000000000e+00,0.0000000000e+00,1.6907763000e-04
0.0000000000e+00,0.0000000000e+00,1.6902709000e-04
0.0000000000e+00,0.0000000000e+00,1.6897658000e-04
0.0000000000e+00,0.0000000000e+00,0.0000000000e+00
0.0000000000e+00,0.0000000000e+00,0.0000000000e+00
0.0000000000e+00,0.0000000000e+00,0.0000000000e+00
0.0000000000e+00,0.0000000000e+00,0.0000000000e+00
0.0000000000e+00,0.0000000000e+00,0.0000000000e+00
0.0000000000e+00,0.0000000000e+00,0.0000000000e+00
0.0000000000e+00,0.0000000000e+00,0.0000000000e+00
0.0000000000e+00,0.0000000000e+00,0.0000000000e+00
0.0000000000e+00,0.0000000000e+00,0.0000000000e+00
0.0000000000e+00,0.0000000000e+00,0.0000000000e+00
0.0000000000e+00,0.0000000000e+00,0.0000000000e+00
0.0000000000e+00,0.0000000000e+00,1.6837160000e-04
0.0000000000e+00,0.0000000000e+00,1.6832128000e-04
0.0000000000e+00,0.0000000000e+00,1.6827097000e-04
0.0000000000e+00,0.0000000000e+00,1.6822068000e-04
0.0000000000e+00,0.0000000000e+00,1.6817042000e-04
0.0000000000e+00,0.0000000000e+00,1.6812015000e-04
0.0000000000e+00,0.0000000000e+00,1.6806991000e-04
0.0000000000e+00,0.0000000000e+00,1.6791502000e-04
0.0000000000e+00,0.0000000000e+00,1.6786487000e-04
0.0000000000e+00,0.0000000000e+00,1.6781474000e-04
0.0000000000e+00,0.0000000000e+00,1.6776462000e-04
0.0000000000e+00,0.0000000000e+00,1.6771450000e-04
0.0000000000e+00,0.0000000000e+00,1.6766442000e-04
0.0000000000e+00,0.0000000000e+00,0.0000000000e+00
0.0000000000e+00,0.0000000000e+00,0.0000000000e+00
0.0000000000e+00,0.0000000000e+00,0.0000000000e+00
0.0000000000e+00,0.0000000000e+00,0.0000000000e+00
0.0000000000e+00,0.0000000000e+00,0.0000000000e+00
0.0000000000e+00,0.0000000000e+00,0.0000000000e+00
0.0000000000e+00,0.0000000000e+00,0.0000000000e+00
0.0000000000e+00,0.0000000000e+00,0.0000000000e+00
0.0000000000e+00,0.0000000000e+00,0.0000000000e+00
0.0000000000e+00,0.0000000000e+00,0.0000000000e+00
0.0000000000e+00,0.0000000000e+00,0.0000000000e+00
0.0000000000e+00,0.0000000000e+00,1.6706449000e-04
0.0000000000e+00,0.0000000000e+00,1.6701459000e-04
0.0000000000e+00,0.0000000000e+00,1.6696472000e-04
0.0000000000e+00,0.0000000000e+00,1.6691485000e-04
0.0000000000e+00,0.0000000000e+00,1.6686501000e-04
0.0000000000e+00,0.0000000000e+00,1.6681515000e-04
0.0000000000e+00,0.0000000000e+00,1.6676533000e-04
0.0000000000e+00,0.0000000000e+00,1.6661471000e-04
0.0000000000e+00,0.0000000000e+00,1.6656499000e-04
0.0000000000e+00,0.0000000000e+00,1.6651528000e-04
0.0000000000e+00,0.0000000000e+00,1.6646557000e-04
0.0000000000e+00,0.0000000000e+00,1.6641589000e-04
0.0000000000e+00,0.0000000000e+00,1.6636621000e-04
0.0000000000e+00,0.0000000000e+00,6.9874513000e-06
0.0000000000e+00,0.0000000000e+00,0.0000000000e+00
0.0000000000e+00,0.0000000000e+00,0.0000000000e+00
0.0000000000e+00,0.0000000000e+00,0.0000000000e+00
0.0000000000e+00,0.0000000000e+00,0.0000000000e+00
0.0000000000e+00,0.0000000000e+00,0.0000000000e+00
0.0000000000e+00,0.0000000000e+00,0.0000000000e+00
0.0000000000e+00,0.0000000000e+00,0.0000000000e+00
0.0000000000e+00,0.0000000000e+00,0.0000000000e+00
0.0000000000e+00,0.0000000000e+00,0.0000000000e+00
0.0000000000e+00,0.0000000000e+00,6.4916821000e-06
0.0000000000e+00,0.0000000000e+00,1.6577130000e-04
0.0000000000e+00,0.0000000000e+00,1.6572182000e-04
0.0000000000e+00,0.0000000000e+00,1.6567236000e-04
0.0000000000e+00,0.0000000000e+00,1.6562290000e-04
0.0000000000e+00,0.0000000000e+00,1.6557345000e-04
0.0000000000e+00,0.0000000000e+00,1.6552403000e-04
0.0000000000e+00,0.0000000000e+00,1.6547463000e-04
0.0000000000e+00,0.0000000000e+00,1.6532817000e-04
0.0000000000e+00,0.0000000000e+00,1.6527883000e-04
0.0000000000e+00,0.0000000000e+00,1.6522953000e-04
0.0000000000e+00,0.0000000000e+00,1.6518024000e-04
0.0000000000e+00,0.0000000000e+00,1.6513097000e-04
0.0000000000e+00,0.0000000000e+00,1.6508173000e-04
0.0000000000e+00,0.0000000000e+00,0.0000000000e+00
0.0000000000e+00,0.0000000000e+00,0.0000000000e+00
0.0000000000e+00,0.0000000000e+00,0.0000000000e+00
0.0000000000e+00,0.0000000000e+00,0.0000000000e+00
0.0000000000e+00,0.0000000000e+00,0.0000000000e+00
0.0000000000e+00,0.0000000000e+00,0.0000000000e+00
0.0000000000e+00,0.0000000000e+00,0.0000000000e+00
0.0000000000e+00,0.0000000000e+00,0.0000000000e+00
0.0000000000e+00,0.0000000000e+00,0.0000000000e+00
0.0000000000e+00,0.0000000000e+00,0.0000000000e+00
0.0000000000e+00,0.0000000000e+00,0.0000000000e+00
0.0000000000e+00,0.0000000000e+00,1.6449174000e-04
0.0000000000e+00,0.0000000000e+00,1.6444267000e-04
0.0000000000e+00,0.0000000000e+00,1.6439361000e-04
0.0000000000e+00,0.0000000000e+00,1.6434457000e-04
0.0000000000e+00,0.0000000000e+00,1.6429555000e-04
0.0000000000e+00,0.0000000000e+00,1.6424654000e-04
0.0000000000e+00,0.0000000000e+00,1.6419754000e-04
0.0000000000e+00,0.0000000000e+00,1.6405506000e-04
0.0000000000e+00,0.0000000000e+00,1.6400615000e-04
0.0000000000e+00,0.0000000000e+00,1.6395726000e-04
0.0000000000e+00,0.0000000000e+00,1.6390836000e-04
0.0000000000e+00,0.0000000000e+00,1.6385950000e-04
0.0000000000e+00,0.0000000000e+00,1.6381065000e-04
0.0000000000e+00,0.0000000000e+00,0.0000000000e+00
0.0000000000e+00,0.0000000000e+00,0.0000000000e+00
0.0000000000e+00,0.0000000000e+00,0.0000000000e+00
0.0000000000e+00,0.0000000000e+00,0.0000000000e+00
0.0000000000e+00,0.0000000000e+00,0.0000000000e+00
0.0000000000e+00,0.0000000000e+00,0.0000000000e+00
0.0000000000e+00,0.0000000000e+00,0.0000000000e+00
0.0000000000e+00,0.0000000000e+00,0.0000000000e+00
0.0000000000e+00,0.0000000000e+00,0.0000000000e+00
0.0000000000e+00,0.0000000000e+00,0.0000000000e+00
0.0000000000e+00,0.0000000000e+00,0.0000000000e+00
0.0000000000e+00,0.0000000000e+00,1.6322554000e-04
0.0000000000e+00,0.0000000000e+00,1.6317688000e-04
0.0000000000e+00,0.0000000000e+00,1.6312824000e-04
0.0000000000e+00,0.0000000000e+00,1.6307959000e-04
0.0000000000e+00,0.0000000000e+00,1.6303097000e-04
0.0000000000e+00,0.0000000000e+00,1.6298237000e-04
0.0000000000e+00,0.0000000000e+00,1.6293379000e-04
0.0000000000e+00,0.0000000000e+00,1.6279516000e-04
0.0000000000e+00,0.0000000000e+00,1.6274666000e-04
0.0000000000e+00,0.0000000000e+00,1.6269817000e-04
0.0000000000e+00,0.0000000000e+00,1.6264968000e-04
0.0000000000e+00,0.0000000000e+00,1.6260121000e-04
0.0000000000e+00,0.0000000000e+00,1.6255277000e-04
0.0000000000e+00,0.0000000000e+00,4.7258800000e-06
0.0000000000e+00,0.0000000000e+00,0.0000000000e+00
0.0000000000e+00,0.0000000000e+00,0.0000000000e+00
0.0000000000e+00,0.0000000000e+00,0.0000000000e+00
0.0000000000e+00,0.0000000000e+00,0.0000000000e+00
0.0000000000e+00,0.0000000000e+00,0.0000000000e+00
0.0000000000e+00,0.0000000000e+00,0.0000000000e+00
0.0000000000e+00,0.0000000000e+00,0.0000000000e+00
0.0000000000e+00,0.0000000000e+00,0.0000000000e+00
0.0000000000e+00,0.0000000000e+00,0.0000000000e+00
0.0000000000e+00,0.0000000000e+00,4.2423053000e-06
0.0000000000e+00,0.0000000000e+00,1.6197248000e-04
0.0000000000e+00,0.0000000000e+00,1.6192422000e-04
0.0000000000e+00,0.0000000000e+00,1.6187597000e-04
0.0000000000e+00,0.0000000000e+00,1.6182773000e-04
0.0000000000e+00,0.0000000000e+00,1.6177951000e-04
0.0000000000e+00,0.0000000000e+00,1.6173131000e-04
0.0000000000e+00,0.0000000000e+00,1.6168313000e-04
0.0000000000e+00,0.0000000000e+00,1.6154822000e-04
0.0000000000e+00,0.0000000000e+00,1.6150012000e-04
0.0000000000e+00,0.0000000000e+00,1.6145202000e-04
0.0000000000e+00,0.0000000000e+00,1.6140392000e-04
0.0000000000e+00,0.0000000000e+00,1.6135586000e-04
0.0000000000e+00,0.0000000000e+00,1.6130781000e-04
0.0000000000e+00,0.0000000000e+00,3.4640223000e-05
0.0000000000e+00,0.0000000000e+00,0.0000000000e+00
0.0000000000e+00,0.0000000000e+00,0.0000000000e+00
0.0000000000e+00,0.0000000000e+00,0.0000000000e+00
0.0000000000e+00,0.0000000000e+00,0.0000000000e+00
0.0000000000e+00,0.0000000000e+00,0.0000000000e+00
0.0000000000e+00,0.0000000000e+00,0.0000000000e+00
0.0000000000e+00,0.0000000000e+00,0.0000000000e+00
0.0000000000e+00,0.0000000000e+00,0.0000000000e+00
0.0000000000e+00,0.0000000000e+00,0.0000000000e+00
0.0000000000e+00,0.0000000000e+00,3.4160606000e-05
0.0000000000e+00,0.0000000000e+00,1.6073229000e-04
0.0000000000e+00,0.0000000000e+00,1.6068442000e-04
0.0000000000e+00,0.0000000000e+00,1.6063655000e-04
0.0000000000e+00,0.0000000000e+00,1.6058871000e-04
0.0000000000e+00,0.0000000000e+00,1.6054089000e-04
0.0000000000e+00,0.0000000000e+00,1.6049309000e-04
0.0000000000e+00,0.0000000000e+00,1.6044528000e-04
0.0000000000e+00,0.0000000000e+00,1.6031398000e-04
0.0000000000e+00,0.0000000000e+00,1.6026625000e-04
0.0000000000e+00,0.0000000000e+00,1.6021855000e-04
0.0000000000e+00,0.0000000000e+00,1.6017085000e-04
0.0000000000e+00,0.0000000000e+00,1.6012318000e-04
0.0000000000e+00,0.0000000000e+00,1.6007553000e-04
0.0000000000e+00,0.0000000000e+00,4.7601054000e-05
0.0000000000e+00,0.0000000000e+00,0.0000000000e+00
0.0000000000e+00,0.0000000000e+00,0.0000000000e+00
0.0000000000e+00,0.0000000000e+00,0.0000000000e+00
0.0000000000e+00,0.0000000000e+00,0.0000000000e+00
0.0000000000e+00,0.0000000000e+00,0.0000000000e+00
0.0000000000e+00,0.0000000000e+00,0.0000000000e+00
0.0000000000e+00,0.0000000000e+00,0.0000000000e+00
0.0000000000e+00,0.0000000000e+00,0.0000000000e+00
0.0000000000e+00,0.0000000000e+00,0.0000000000e+00
0.0000000000e+00,0.0000000000e+00,4.7125352000e-05
0.0000000000e+00,0.0000000000e+00,1.5950468000e-04
0.0000000000e+00,0.0000000000e+00,1.5945719000e-04
0.0000000000e+00,0.0000000000e+00,1.5940974000e-04
0.0000000000e+00,0.0000000000e+00,1.5936230000e-04
0.0000000000e+00,0.0000000000e+00,1.5931486000e-04
0.0000000000e+00,0.0000000000e+00,1.5926744000e-04
0.0000000000e+00,0.0000000000e+00,1.5922003000e-04
0.0000000000e+00,0.0000000000e+00,1.5909220000e-04
0.0000000000e+00,0.0000000000e+00,1.5904487000e-04
0.0000000000e+00,0.0000000000e+00,1.5899756000e-04
0.0000000000e+00,0.0000000000e+00,1.5895025000e-04
0.0000000000e+00,0.0000000000e+00,1.5890296000e-04
0.0000000000e+00,0.0000000000e+00,1.5885568000e-04
0.0000000000e+00,0.0000000000e+00,6.1401493000e-05
0.0000000000e+00,0.0000000000e+00,0.0000000000e+00
0.0000000000e+00,0.0000000000e+00,0.0000000000e+00
0.0000000000e+00,0.0000000000e+00,0.0000000000e+00
0.0000000000e+00,0.0000000000e+00,0.0000000000e+00
0.0000000000e+00,0.0000000000e+00,0.0000000000e+00
0.0000000000e+00,0.0000000000e+00,0.0000000000e+00
0.0000000000e+00,0.0000000000e+00,0.0000000000e+00
0.0000000000e+00,0.0000000000e+00,0.0000000000e+00
0.0000000000e+00,0.0000000000e+00,0.0000000000e+00
0.0000000000e+00,0.0000000000e+00,6.0929648000e-05
0.0000000000e+00,0.0000000000e+00,1.5828948000e-04
0.0000000000e+00,0.0000000000e+00,1.5824239000e-04
0.0000000000e+00,0.0000000000e+00,1.5819530000e-04
0.0000000000e+00,0.0000000000e+00,1.5814824000e-04
0.0000000000e+00,0.0000000000e+00,1.5810119000e-04
0.0000000000e+00,0.0000000000e+00,1.5805416000e-04
0.0000000000e+00,0.0000000000e+00,1.5800714000e-04
0.0000000000e+00,0.0000000000e+00,1.5788266000e-04
0.0000000000e+00,0.0000000000e+00,1.5783570000e-04
0.0000000000e+00,0.0000000000e+00,1.5778877000e-04
0.0000000000e+00,0.0000000000e+00,1.5774186000e-04
0.0000000000e+00,0.0000000000e+00,1.5769496000e-04
0.0000000000e+00,0.0000000000e+00,1.5764806000e-04
0.0000000000e+00,0.0000000000e+00,7.4929900000e-05
0.0000000000e+00,0.0000000000e+00,0.0000000000e+00
0.0000000000e+00,0.0000000000e+00,0.0000000000e+00
0.0000000000e+00,0.0000000000e+00,0.0000000000e+00
0.0000000000e+00,0.0000000000e+00,0.0000000000e+00
0.0000000000e+00,0.0000000000e+00,0.0000000000e+00
0.0000000000e+00,0.0000000000e+00,0.0000000000e+00
0.0000000000e+00,0.0000000000e+00,0.0000000000e+00
0.0000000000e+00,0.0000000000e+00,0.0000000000e+00
0.0000000000e+00,0.0000000000e+00,0.0000000000e+00
0.0000000000e+00,0.0000000000e+00,7.4461881000e-05
0.0000000000e+00,0.0000000000e+00,1.5708643000e-04
0.0000000000e+00,0.0000000000e+00,1.5703973000e-04
0.0000000000e+00,0.0000000000e+00,1.5699302000e-04
0.0000000000e+00,0.0000000000e+00,1.5694633000e-04
0.0000000000e+00,0.0000000000e+00,1.5689967000e-04
0.0000000000e+00,0.0000000000e+00,1.5685301000e-04
0.0000000000e+00,0.0000000000e+00,1.5680636000e-04
0.0000000000e+00,0.0000000000e+00,1.5668513000e-04
0.0000000000e+00,0.0000000000e+00,1.5663855000e-04
0.0000000000e+00,0.0000000000e+00,1.5659200000e-04
0.0000000000e+00,0.0000000000e+00,1.5654546000e-04
0.0000000000e+00,0.0000000000e+00,1.5649894000e-04
0.0000000000e+00,0.0000000000e+00,1.5645241000e-04
0.0000000000e+00,0.0000000000e+00,9.2750837000e-05
0.0000000000e+00,0.0000000000e+00,0.0000000000e+00
0.0000000000e+00,0.0000000000e+00,0.0000000000e+00
0.0000000000e+00,0.0000000000e+00,0.0000000000e+00
0.0000000000e+00,0.0000000000e+00,0.0000000000e+00
0.0000000000e+00,0.0000000000e+00,0.0000000000e+00
0.0000000000e+00,0.0000000000e+00,0.0000000000e+00
0.0000000000e+00,0.0000000000e+00,0.0000000000e+00
0.0000000000e+00,0.0000000000e+00,0.0000000000e+00
0.0000000000e+00,0.0000000000e+00,0.0000000000e+00
0.0000000000e+00,0.0000000000e+00,9.2286587000e-05
0.0000000000e+00,0.0000000000e+00,1.5589531000e-04
0.0000000000e+00,0.0000000000e+00,1.5584899000e-04
0.0000000000e+00,0.0000000000e+00,1.5580266000e-04
0.0000000000e+00,0.0000000000e+00,1.5575635000e-04
0.0000000000e+00,0.0000000000e+00,1.5571006000e-04
0.0000000000e+00,0.0000000000e+00,1.5566379000e-04
0.0000000000e+00,0.0000000000e+00,1.5561751000e-04
0.0000000000e+00,0.0000000000e+00,1.5549939000e-04
0.0000000000e+00,0.0000000000e+00,1.5545319000e-04
0.0000000000e+00,0.0000000000e+00,1.5540702000e-04
0.0000000000e+00,0.0000000000e+00,1.5536086000e-04
0.0000000000e+00,0.0000000000e+00,1.5531469000e-04
0.0000000000e+00,0.0000000000e+00,1.5526854000e-04
0.0000000000e+00,0.0000000000e+00,1.1144701000e-04
0.0000000000e+00,0.0000000000e+00,0.0000000000e+00
0.0000000000e+00,0.0000000000e+00,0.0000000000e+00
0.0000000000e+00,0.0000000000e+00,0.0000000000e+00
0.0000000000e+00,0.0000000000e+00,0.0000000000e+00
0.0000000000e+00,0.0000000000e+00,0.0000000000e+00
0.0000000000e+00,0.0000000000e+00,0.0000000000e+00
0.0000000000e+00,0.0000000000e+00,0.0000000000e+00
0.0000000000e+00,0.0000000000e+00,0.0000000000e+00
0.0000000000e+00,0.0000000000e+00,0.0000000000e+00
0.0000000000e+00,0.0000000000e+00,1.1098648000e-04
0.0000000000e+00,0.0000000000e+00,1.5471592000e-04
0.0000000000e+00,0.0000000000e+00,1.5466995000e-04
0.0000000000e+00,0.0000000000e+00,1.5462399000e-04
0.0000000000e+00,0.0000000000e+00,1.5457807000e-04
0.0000000000e+00,0.0000000000e+00,1.5453214000e-04
0.0000000000e+00,0.0000000000e+00,1.5448623000e-04
0.0000000000e+00,0.0000000000e+00,1.5444033000e-04
0.0000000000e+00,0.0000000000e+00,1.5432524000e-04
0.0000000000e+00,0.0000000000e+00,1.5427942000e-04
0.0000000000e+00,0.0000000000e+00,1.5423361000e-04
0.0000000000e+00,0.0000000000e+00,1.5418782000e-04
0.0000000000e+00,0.0000000000e+00,1.5414202000e-04
0.0000000000e+00,0.0000000000e+00,1.5409625000e-04
0.0000000000e+00,0.0000000000e+00,1.2299963000e-04
0.0000000000e+00,0.0000000000e+00,0.0000000000e+00
0.0000000000e+00,0.0000000000e+00,0.0000000000e+00
0.0000000000e+00,0.0000000000e+00,0.0000000000e+00
0.0000000000e+00,0.0000000000e+00,0.0000000000e+00
0.0000000000e+00,0.0000000000e+00,0.0000000000e+00
0.0000000000e+00,0.0000000000e+00,0.0000000000e+00
0.0000000000e+00,0.0000000000e+00,0.0000000000e+00
0.0000000000e+00,0.0000000000e+00,0.0000000000e+00
0.0000000000e+00,0.0000000000e+00,0.0000000000e+00
0.0000000000e+00,0.0000000000e+00,1.2254278000e-04
0.0000000000e+00,0.0000000000e+00,1.5354803000e-04
0.0000000000e+00,0.0000000000e+00,1.5350243000e-04
0.0000000000e+00,0.0000000000e+00,1.5345686000e-04
0.0000000000e+00,0.0000000000e+00,1.5341128000e-04
0.0000000000e+00,0.0000000000e+00,1.5336572000e-04
0.0000000000e+00,0.0000000000e+00,1.5332019000e-04
0.0000000000e+00,0.0000000000e+00,1.5327465000e-04
0.0000000000e+00,0.0000000000e+00,1.5316249000e-04
0.0000000000e+00,0.0000000000e+00,1.5311701000e-04
0.0000000000e+00,0.0000000000e+00,1.5307157000e-04
0.0000000000e+00,0.0000000000e+00,1.5302614000e-04
0.0000000000e+00,0.0000000000e+00,1.5298072000e-04
0.0000000000e+00,0.0000000000e+00,1.5293530000e-04
0.0000000000e+00,0.0000000000e+00,1.3519326000e-04
0.0000000000e+00,0.0000000000e+00,0.0000000000e+00
0.0000000000e+00,0.0000000000e+00,0.0000000000e+00
0.0000000000e+00,0.0000000000e+00,0.0000000000e+00
0.0000000000e+00,0.0000000000e+00,0.0000000000e+00
0.0000000000e+00,0.0000000000e+00,0.0000000000e+00
0.0000000000e+00,0.0000000000e+00,0.0000000000e+00
7.5389373000e-10,0.0000000000e+00,0.0000000000e+00
2.7699851000e-10,0.0000000000e+00,0.0000000000e+00
3.2790312000e-10,0.0000000000e+00,0.0000000000e+00
1.0740572000e-09,0.0000000000e+00,1.3506785000e-04
5.2599334000e-09,0.0000000000e+00,1.5289786000e-04
6.7454248000e-10,0.0000000000e+00,1.5307365000e-04
0.0000000000e+00,0.0000000000e+00,1.5310170000e-04
0.0000000000e+00,0.0000000000e+00,1.5305619000e-04
0.0000000000e+00,0.0000000000e+00,1.5301067000e-04
0.0000000000e+00,0.0000000000e+00,1.5296516000e-04
0.0000000000e+00,0.0000000000e+00,1.5291969000e-04
1.1444418000e-08,0.0000000000e+00,1.5294700000e-04
2.1554049000e-10,0.0000000000e+00,1.5321633000e-04
0.0000000000e+00,0.0000000000e+00,1.5320758000e-04
2.1881241000e-10,0.0000000000e+00,1.5318066000e-04
0.0000000000e+00,0.0000000000e+00,1.5317192000e-04
0.0000000000e+00,0.0000000000e+00,1.5312633000e-04
0.0000000000e+00,0.0000000000e+00,1.4691793000e-04
0.0000000000e+00,0.0000000000e+00,0.0000000000e+00
1.3068610000e-10,0.0000000000e+00,0.0000000000e+00
0.0000000000e+00,0.0000000000e+00,0.0000000000e+00
0.0000000000e+00,0.0000000000e+00,0.0000000000e+00
0.0000000000e+00,0.0000000000e+00,0.0000000000e+00
0.0000000000e+00,0.0000000000e+00,0.0000000000e+00
0.0000000000e+00,0.0000000000e+00,0.0000000000e+00
0.0000000000e+00,0.0000000000e+00,0.0000000000e+00
0.0000000000e+00,0.0000000000e+00,0.0000000000e+00
1.6452474000e-10,0.0000000000e+00,1.4652140000e-04
3.6323107000e-09,0.0000000000e+00,1.5274438000e-04
9.8242725000e-10,0.0000000000e+00,1.5289082000e-04
2.2820661000e-09,0.0000000000e+00,1.5300210000e-04
2.6715247000e-10,0.0000000000e+00,1.5311294000e-04
0.0000000000e+00,0.0000000000e+00,1.5311205000e-04
0.0000000000e+00,0.0000000000e+00,1.5306642000e-04
0.0000000000e+00,0.0000000000e+00,1.5302080000e-04
0.0000000000e+00,0.0000000000e+00,1.5289446000e-04
0.0000000000e+00,0.0000000000e+00,1.5285324000e-04
0.0000000000e+00,0.0000000000e+00,1.5280773000e-04
0.0000000000e+00,0.0000000000e+00,1.5276221000e-04
0.0000000000e+00,0.0000000000e+00,1.5271670000e-04
0.0000000000e+00,0.0000000000e+00,1.5267121000e-04
0.0000000000e+00,0.0000000000e+00,1.5262574000e-04
0.0000000000e+00,0.0000000000e+00,0.0000000000e+00
0.0000000000e+00,0.0000000000e+00,0.0000000000e+00
0.0000000000e+00,0.0000000000e+00,0.0000000000e+00
0.0000000000e+00,0.0000000000e+00,0.0000000000e+00
0.0000000000e+00,0.0000000000e+00,0.0000000000e+00
0.0000000000e+00,0.0000000000e+00,0.0000000000e+00
3.3318276000e-08,0.0000000000e+00,0.0000000000e+00
7.8850540000e-08,0.0000000000e+00,0.0000000000e+00
9.4847813000e-08,0.0000000000e+00,0.0000000000e+00
1.9343101000e-08,0.0000000000e+00,1.5518497000e-04
4.4650928000e-08,0.0000000000e+00,1.5570017000e-04
9.3483470000e-09,0.0000000000e+00,1.5622823000e-04
2.4310381000e-07,0.0000000000e+00,1.5688629000e-04
9.4052962000e-07,0.0000000000e+00,1.5882996000e-04
1.8234141000e-06,0.0000000000e+00,1.6189941000e-04
6.0880052000e-09,0.0000000000e+00,1.6416069000e-04
5.5196466000e-08,0.0000000000e+00,1.6442226000e-04
0.0000000000e+00,0.0000000000e+00,1.6452654000e-04
0.0000000000e+00,0.0000000000e+00,1.6448820000e-04
0.0000000000e+00,0.0000000000e+00,1.6443789000e-04
0.0000000000e+00,0.0000000000e+00,1.6438760000e-04
0.0000000000e+00,0.0000000000e+00,1.6433733000e-04
0.0000000000e+00,0.0000000000e+00,1.6428708000e-04
0.0000000000e+00,0.0000000000e+00,1.6423684000e-04
0.0000000000e+00,0.0000000000e+00,0.0000000000e+00
0.0000000000e+00,0.0000000000e+00,0.0000000000e+00
0.0000000000e+00,0.0000000000e+00,0.0000000000e+00
1.3743941000e-06,0.0000000000e+00,0.0000000000e+00
1.0608890000e-06,0.0000000000e+00,0.0000000000e+00
0.0000000000e+00,0.0000000000e+00,0.0000000000e+00
0.0000000000e+00,0.0000000000e+00,0.0000000000e+00
0.0000000000e+00,0.0000000000e+00,0.0000000000e+00
9.2712008000e-07,0.0000000000e+00,0.0000000000e+00
0.0000000000e+00,0.0000000000e+00,1.7068078000e-04
0.0000000000e+00,0.0000000000e+00,1.7062783000e-04
0.0000000000e+00,0.0000000000e+00,1.7057490000e-04
0.0000000000e+00,0.0000000000e+00,1.7052199000e-04
0.0000000000e+00,0.0000000000e+00,1.7046911000e-04
0.0000000000e+00,0.0000000000e+00,1.7041623000e-04
0.0000000000e+00,0.0000000000e+00,1.7036338000e-04
6.6002946000e-07,0.0000000000e+00,1.7094165000e-04
5.2256532000e-08,0.0000000000e+00,1.7197247000e-04
4.8245035000e-08,0.0000000000e+00,1.7242602000e-04
0.0000000000e+00,0.0000000000e+00,1.7269583000e-04
0.0000000000e+00,0.0000000000e+00,1.7264206000e-04
1.2228463000e-08,0.0000000000e+00,1.7267304000e-04
0.0000000000e+00,0.0000000000e+00,1.7278196000e-04
0.0000000000e+00,0.0000000000e+00,1.7272813000e-04
0.0000000000e+00,0.0000000000e+00,0.0000000000e+00
0.0000000000e+00,0.0000000000e+00,0.0000000000e+00
0.0000000000e+00,0.0000000000e+00,0.0000000000e+00
0.0000000000e+00,0.0000000000e+00,0.0000000000e+00
0.0000000000e+00,0.0000000000e+00,0.0000000000e+00
0.0000000000e+00,0.0000000000e+00,0.0000000000e+00
2.3304327000e-09,0.0000000000e+00,0.0000000000e+00
0.0000000000e+00,0.0000000000e+00,0.0000000000e+00
0.0000000000e+00,0.0000000000e+00,0.0000000000e+00
0.0000000000e+00,0.0000000000e+00,1.7229869000e-04
0.0000000000e+00,0.0000000000e+00,1.7224500000e-04
0.0000000000e+00,0.0000000000e+00,1.7219133000e-04
0.0000000000e+00,0.0000000000e+00,1.7213768000e-04
0.0000000000e+00,0.0000000000e+00,1.7208404000e-04
0.0000000000e+00,0.0000000000e+00,1.7203043000e-04
0.0000000000e+00,0.0000000000e+00,1.7197683000e-04
0.0000000000e+00,0.0000000000e+00,1.7192325000e-04
0.0000000000e+00,0.0000000000e+00,1.7155886000e-04
0.0000000000e+00,0.0000000000e+00,1.7151037000e-04
0.0000000000e+00,0.0000000000e+00,1.7145704000e-04
0.0000000000e+00,0.0000000000e+00,1.7140371000e-04
0.0000000000e+00,0.0000000000e+00,1.7135039000e-04
0.0000000000e+00,0.0000000000e+00,1.7129708000e-04
0.0000000000e+00,0.0000000000e+00,1.7124381000e-04
0.0000000000e+00,0.0000000000e+00,0.0000000000e+00
0.0000000000e+00,0.0000000000e+00,0.0000000000e+00
0.0000000000e+00,0.0000000000e+00,0.0000000000e+00
0.0000000000e+00,0.0000000000e+00,0.0000000000e+00
0.0000000000e+00,0.0000000000e+00,0.0000000000e+00
0.0000000000e+00,0.0000000000e+00,0.0000000000e+00
0.0000000000e+00,0.0000000000e+00,0.0000000000e+00
0.0000000000e+00,0.0000000000e+00,0.0000000000e+00
0.0000000000e+00,0.0000000000e+00,0.0000000000e+00
0.0000000000e+00,0.0000000000e+00,1.7071195000e-04
0.0000000000e+00,0.0000000000e+00,1.7065887000e-04
0.0000000000e+00,0.0000000000e+00,1.7060580000e-04
0.0000000000e+00,0.0000000000e+00,1.7055274000e-04
0.0000000000e+00,0.0000000000e+00,1.7049970000e-04
0.0000000000e+00,0.0000000000e+00,1.7044666000e-04
0.0000000000e+00,0.0000000000e+00,1.7039364000e-04
1.2679575000e-07,0.0000000000e+00,1.7060572000e-04
5.5602548000e-08,0.0000000000e+00,1.7094532000e-04
1.2830900000e-08,0.0000000000e+00,1.7136107000e-04
0.0000000000e+00,0.0000000000e+00,1.7148808000e-04
0.0000000000e+00,0.0000000000e+00,1.7143467000e-04
0.0000000000e+00,0.0000000000e+00,1.7138128000e-04
0.0000000000e+00,0.0000000000e+00,1.7132792000e-04
0.0000000000e+00,0.0000000000e+00,1.7127456000e-04
0.0000000000e+00,0.0000000000e+00,0.0000000000e+00
0.0000000000e+00,0.0000000000e+00,0.0000000000e+00
0.0000000000e+00,0.0000000000e+00,0.0000000000e+00
0.0000000000e+00,0.0000000000e+00,0.0000000000e+00
0.0000000000e+00,0.0000000000e+00,0.0000000000e+00
0.0000000000e+00,0.0000000000e+00,0.0000000000e+00
0.0000000000e+00,0.0000000000e+00,0.0000000000e+00
0.0000000000e+00,0.0000000000e+00,0.0000000000e+00
0.0000000000e+00,0.0000000000e+00,0.0000000000e+00
0.0000000000e+00,0.0000000000e+00,1.7074189000e-04
0.0000000000e+00,0.0000000000e+00,1.7068870000e-04
0.0000000000e+00,0.0000000000e+00,1.7063553000e-04
0.0000000000e+00,0.0000000000e+00,1.7058238000e-04
0.0000000000e+00,0.0000000000e+00,1.7052925000e-04
0.0000000000e+00,0.0000000000e+00,1.7047614000e-04
0.0000000000e+00,0.0000000000e+00,1.7042305000e-04
0.0000000000e+00,0.0000000000e+00,1.7036998000e-04
0.0000000000e+00,0.0000000000e+00,1.7000853000e-04
0.0000000000e+00,0.0000000000e+00,1.6995567000e-04
0.0000000000e+00,0.0000000000e+00,1.6990285000e-04
0.0000000000e+00,0.0000000000e+00,1.6985004000e-04
0.0000000000e+00,0.0000000000e+00,1.6979722000e-04
0.0000000000e+00,0.0000000000e+00,1.6974444000e-04
0.0000000000e+00,0.0000000000e+00,1.6969166000e-04
0.0000000000e+00,0.0000000000e+00,0.0000000000e+00
0.0000000000e+00,0.0000000000e+00,0.0000000000e+00
0.0000000000e+00,0.0000000000e+00,0.0000000000e+00
0.0000000000e+00,0.0000000000e+00,0.0000000000e+00
0.0000000000e+00,0.0000000000e+00,0.0000000000e+00
0.0000000000e+00,0.0000000000e+00,0.0000000000e+00
0.0000000000e+00,0.0000000000e+00,0.0000000000e+00
0.0000000000e+00,0.0000000000e+00,0.0000000000e+00
0.0000000000e+00,0.0000000000e+00,0.0000000000e+00
0.0000000000e+00,0.0000000000e+00,1.6916485000e-04
0.0000000000e+00,0.0000000000e+00,1.6911226000e-04
0.0000000000e+00,0.0000000000e+00,1.6905970000e-04
0.0000000000e+00,0.0000000000e+00,1.6900714000e-04
0.0000000000e+00,0.0000000000e+00,1.6895460000e-04
0.0000000000e+00,0.0000000000e+00,1.6890207000e-04
0.0000000000e+00,0.0000000000e+00,1.6884957000e-04
0.0000000000e+00,0.0000000000e+00,1.6879707000e-04
0.0000000000e+00,0.0000000000e+00,1.6844767000e-04
0.0000000000e+00,0.0000000000e+00,1.6839539000e-04
0.0000000000e+00,0.0000000000e+00,1.6834313000e-04
0.0000000000e+00,0.0000000000e+00,1.6829091000e-04
7.9019863000e-08,0.0000000000e+00,1.6846410000e-04
0.0000000000e+00,0.0000000000e+00,1.6885326000e-04
0.0000000000e+00,0.0000000000e+00,1.6880079000e-04
0.0000000000e+00,0.0000000000e+00,0.0000000000e+00
0.0000000000e+00,0.0000000000e+00,0.0000000000e+00
0.0000000000e+00,0.0000000000e+00,0.0000000000e+00
0.0000000000e+00,0.0000000000e+00,0.0000000000e+00
0.0000000000e+00,0.0000000000e+00,0.0000000000e+00
0.0000000000e+00,0.0000000000e+00,0.0000000000e+00
0.0000000000e+00,0.0000000000e+00,0.0000000000e+00
0.0000000000e+00,0.0000000000e+00,0.0000000000e+00
0.0000000000e+00,0.0000000000e+00,0.0000000000e+00
0.0000000000e+00,0.0000000000e+00,1.6827699000e-04
0.0000000000e+00,0.0000000000e+00,1.6822469000e-04
0.0000000000e+00,0.0000000000e+00,1.6817242000e-04
0.0000000000e+00,0.0000000000e+00,1.6812018000e-04
0.0000000000e+00,0.0000000000e+00,1.6806793000e-04
0.0000000000e+00,0.0000000000e+00,1.6801570000e-04
0.0000000000e+00,0.0000000000e+00,1.6796349000e-04
0.0000000000e+00,0.0000000000e+00,1.6791129000e-04
0.0000000000e+00,0.0000000000e+00,1.6756575000e-04
0.0000000000e+00,0.0000000000e+00,1.6751378000e-04
0.0000000000e+00,0.0000000000e+00,1.6746181000e-04
0.0000000000e+00,0.0000000000e+00,1.6740986000e-04
0.0000000000e+00,0.0000000000e+00,1.6735792000e-04
0.0000000000e+00,0.0000000000e+00,1.6730600000e-04
0.0000000000e+00,0.0000000000e+00,1.6725410000e-04
0.0000000000e+00,0.0000000000e+00,0.0000000000e+00
0.0000000000e+00,0.0000000000e+00,0.0000000000e+00
0.0000000000e+00,0.0000000000e+00,0.0000000000e+00
0.0000000000e+00,0.0000000000e+00,0.0000000000e+00
0.0000000000e+00,0.0000000000e+00,0.0000000000e+00
0.0000000000e+00,0.0000000000e+00,0.0000000000e+00
0.0000000000e+00,0.0000000000e+00,0.0000000000e+00
0.0000000000e+00,0.0000000000e+00,0.0000000000e+00
0.0000000000e+00,0.0000000000e+00,0.0000000000e+00
0.0000000000e+00,0.0000000000e+00,1.6673600000e-04
0.0000000000e+00,0.0000000000e+00,1.6668429000e-04
0.0000000000e+00,0.0000000000e+00,1.6663258000e-04
0.0000000000e+00,0.0000000000e+00,1.6658088000e-04
0.0000000000e+00,0.0000000000e+00,1.6652921000e-04
0.0000000000e+00,0.0000000000e+00,1.6647755000e-04
0.0000000000e+00,0.0000000000e+00,1.6642590000e-04
0.0000000000e+00,0.0000000000e+00,1.6637429000e-04
0.0000000000e+00,0.0000000000e+00,1.6604022000e-04
0.0000000000e+00,0.0000000000e+00,1.6598881000e-04
0.0000000000e+00,0.0000000000e+00,1.6593740000e-04
1.1158311000e-07,0.0000000000e+00,1.6614760000e-04
5.3706163000e-08,0.0000000000e+00,1.6679465000e-04
1.3607454000e-08,0.0000000000e+00,1.6719151000e-04
0.0000000000e+00,0.0000000000e+00,1.6731946000e-04
0.0000000000e+00,0.0000000000e+00,0.0000000000e+00
0.0000000000e+00,0.0000000000e+00,0.0000000000e+00
0.0000000000e+00,0.0000000000e+00,0.0000000000e+00
0.0000000000e+00,0.0000000000e+00,0.0000000000e+00
0.0000000000e+00,0.0000000000e+00,0.0000000000e+00
0.0000000000e+00,0.0000000000e+00,0.0000000000e+00
0.0000000000e+00,0.0000000000e+00,0.0000000000e+00
0.0000000000e+00,0.0000000000e+00,0.0000000000e+00
0.0000000000e+00,0.0000000000e+00,0.0000000000e+00
0.0000000000e+00,0.0000000000e+00,1.6680038000e-04
0.0000000000e+00,0.0000000000e+00,1.6674856000e-04
0.0000000000e+00,0.0000000000e+00,1.6669676000e-04
0.0000000000e+00,0.0000000000e+00,1.6664497000e-04
0.0000000000e+00,0.0000000000e+00,1.6659319000e-04
0.0000000000e+00,0.0000000000e+00,1.6654143000e-04
0.0000000000e+00,0.0000000000e+00,1.6648968000e-04
0.0000000000e+00,0.0000000000e+00,1.6643797000e-04
0.0000000000e+00,0.0000000000e+00,1.6609662000e-04
0.0000000000e+00,0.0000000000e+00,1.6604509000e-04
0.0000000000e+00,0.0000000000e+00,1.6599360000e-04
0.0000000000e+00,0.0000000000e+00,1.6594211000e-04
0.0000000000e+00,0.0000000000e+00,1.6589065000e-04
0.0000000000e+00,0.0000000000e+00,1.6583921000e-04
0.0000000000e+00,0.0000000000e+00,1.6578779000e-04
0.0000000000e+00,0.0000000000e+00,0.0000000000e+00
0.0000000000e+00,0.0000000000e+00,0.0000000000e+00
0.0000000000e+00,0.0000000000e+00,0.0000000000e+00
0.0000000000e+00,0.0000000000e+00,0.0000000000e+00
0.0000000000e+00,0.0000000000e+00,0.0000000000e+00
0.0000000000e+00,0.0000000000e+00,0.0000000000e+00
0.0000000000e+00,0.0000000000e+00,0.0000000000e+00
0.0000000000e+00,0.0000000000e+00,0.0000000000e+00
0.0000000000e+00,0.0000000000e+00,0.0000000000e+00
0.0000000000e+00,0.0000000000e+00,1.6527432000e-04
0.0000000000e+00,0.0000000000e+00,1.6522307000e-04
0.0000000000e+00,0.0000000000e+00,1.6517182000e-04
0.0000000000e+00,0.0000000000e+00,1.6512060000e-04
0.0000000000e+00,0.0000000000e+00,1.6506940000e-04
0.0000000000e+00,0.0000000000e+00,1.6501821000e-04
0.0000000000e+00,0.0000000000e+00,1.6496703000e-04
0.0000000000e+00,0.0000000000e+00,1.6491585000e-04
0.0000000000e+00,0.0000000000e+00,1.6458583000e-04
0.0000000000e+00,0.0000000000e+00,1.6453488000e-04
0.0000000000e+00,0.0000000000e+00,1.6448395000e-04
0.0000000000e+00,0.0000000000e+00,1.6443302000e-04
0.0000000000e+00,0.0000000000e+00,1.6438210000e-04
0.0000000000e+00,0.0000000000e+00,1.6433120000e-04
0.0000000000e+00,0.0000000000e+00,1.6428033000e-04
0.0000000000e+00,0.0000000000e+00,0.0000000000e+00
0.0000000000e+00,0.0000000000e+00,0.0000000000e+00
0.0000000000e+00,0.0000000000e+00,0.0000000000e+00
0.0000000000e+00,0.0000000000e+00,0.0000000000e+00
0.0000000000e+00,0.0000000000e+00,0.0000000000e+00
0.0000000000e+00,0.0000000000e+00,0.0000000000e+00
0.0000000000e+00,0.0000000000e+00,0.0000000000e+00
0.0000000000e+00,0.0000000000e+00,0.0000000000e+00
0.0000000000e+00,0.0000000000e+00,0.0000000000e+00
0.0000000000e+00,0.0000000000e+00,1.6377242000e-04
0.0000000000e+00,0.0000000000e+00,1.6372171000e-04
0.0000000000e+00,0.0000000000e+00,1.6367102000e-04
0.0000000000e+00,0.0000000000e+00,1.6362034000e-04
0.0000000000e+00,0.0000000000e+00,1.6356968000e-04
0.0000000000e+00,0.0000000000e+00,1.6351904000e-04
0.0000000000e+00,0.0000000000e+00,1.6346843000e-04
0.0000000000e+00,0.0000000000e+00,1.6341780000e-04
0.0000000000e+00,0.0000000000e+00,1.6309870000e-04
0.0000000000e+00,0.0000000000e+00,1.6304829000e-04
0.0000000000e+00,0.0000000000e+00,1.6299791000e-04
0.0000000000e+00,0.0000000000e+00,1.6294752000e-04
0.0000000000e+00,0.0000000000e+00,1.6289714000e-04
0.0000000000e+00,0.0000000000e+00,1.6284679000e-04
0.0000000000e+00,0.0000000000e+00,1.6279645000e-04
0.0000000000e+00,0.0000000000e+00,0.0000000000e+00
0.0000000000e+00,0.0000000000e+00,0.0000000000e+00
0.0000000000e+00,0.0000000000e+00,0.0000000000e+00
0.0000000000e+00,0.0000000000e+00,0.0000000000e+00
0.0000000000e+00,0.0000000000e+00,0.0000000000e+00
0.0000000000e+00,0.0000000000e+00,0.0000000000e+00
0.0000000000e+00,0.0000000000e+00,0.0000000000e+00
0.0000000000e+00,0.0000000000e+00,0.0000000000e+00
0.0000000000e+00,0.0000000000e+00,0.0000000000e+00
0.0000000000e+00,0.0000000000e+00,1.6229395000e-04
0.0000000000e+00,0.0000000000e+00,1.6224377000e-04
0.0000000000e+00,0.0000000000e+00,1.6219362000e-04
0.0000000000e+00,0.0000000000e+00,1.6214349000e-04
0.0000000000e+00,0.0000000000e+00,1.6209338000e-04
0.0000000000e+00,0.0000000000e+00,1.6204329000e-04
0.0000000000e+00,0.0000000000e+00,1.6199319000e-04
0.0000000000e+00,0.0000000000e+00,1.6194311000e-04
0.0000000000e+00,0.0000000000e+00,1.6163454000e-04
0.0000000000e+00,0.0000000000e+00,1.6158464000e-04
0.0000000000e+00,0.0000000000e+00,1.6153479000e-04
0.0000000000e+00,0.0000000000e+00,1.6148493000e-04
0.0000000000e+00,0.0000000000e+00,1.6143511000e-04
0.0000000000e+00,0.0000000000e+00,1.6138529000e-04
0.0000000000e+00,0.0000000000e+00,1.6133547000e-04
0.0000000000e+00,0.0000000000e+00,0.0000000000e+00
0.0000000000e+00,0.0000000000e+00,0.0000000000e+00
0.0000000000e+00,0.0000000000e+00,0.0000000000e+00
0.0000000000e+00,0.0000000000e+00,0.0000000000e+00
0.0000000000e+00,0.0000000000e+00,0.0000000000e+00
0.0000000000e+00,0.0000000000e+00,0.0000000000e+00
0.0000000000e+00,0.0000000000e+00,0.0000000000e+00
0.0000000000e+00,0.0000000000e+00,0.0000000000e+00
0.0000000000e+00,0.0000000000e+00,0.0000000000e+00
0.0000000000e+00,0.0000000000e+00,1.6083827000e-04
0.0000000000e+00,0.0000000000e+00,1.6078865000e-04
0.0000000000e+00,0.0000000000e+00,1.6073901000e-04
0.0000000000e+00,0.0000000000e+00,1.6068941000e-04
0.0000000000e+00,0.0000000000e+00,1.6063981000e-04
0.0000000000e+00,0.0000000000e+00,1.6059024000e-04
0.0000000000e+00,0.0000000000e+00,1.6054069000e-04
0.0000000000e+00,0.0000000000e+00,1.6049115000e-04
0.0000000000e+00,0.0000000000e+00,1.6019269000e-04
0.0000000000e+00,0.0000000000e+00,1.6014333000e-04
0.0000000000e+00,0.0000000000e+00,1.6009397000e-04
0.0000000000e+00,0.0000000000e+00,1.6004464000e-04
0.0000000000e+00,0.0000000000e+00,1.5999534000e-04
0.0000000000e+00,0.0000000000e+00,1.5994604000e-04
0.0000000000e+00,0.0000000000e+00,1.5989676000e-04
0.0000000000e+00,0.0000000000e+00,0.0000000000e+00
0.0000000000e+00,0.0000000000e+00,0.0000000000e+00
0.0000000000e+00,0.0000000000e+00,0.0000000000e+00
0.0000000000e+00,0.0000000000e+00,0.0000000000e+00
0.0000000000e+00,0.0000000000e+00,0.0000000000e+00
0.0000000000e+00,0.0000000000e+00,0.0000000000e+00
0.0000000000e+00,0.0000000000e+00,0.0000000000e+00
0.0000000000e+00,0.0000000000e+00,0.0000000000e+00
0.0000000000e+00,0.0000000000e+00,0.0000000000e+00
0.0000000000e+00,0.0000000000e+00,1.5940476000e-04
0.0000000000e+00,0.0000000000e+00,1.5935565000e-04
0.0000000000e+00,0.0000000000e+00,1.5930654000e-04
0.0000000000e+00,0.0000000000e+00,1.5925744000e-04
0.0000000000e+00,0.0000000000e+00,1.5920837000e-04
0.0000000000e+00,0.0000000000e+00,1.5915932000e-04
0.0000000000e+00,0.0000000000e+00,1.5911028000e-04
0.0000000000e+00,0.0000000000e+00,1.5906127000e-04
0.0000000000e+00,0.0000000000e+00,1.5877257000e-04
0.0000000000e+00,0.0000000000e+00,1.5872372000e-04
0.0000000000e+00,0.0000000000e+00,1.5867488000e-04
0.0000000000e+00,0.0000000000e+00,1.5862606000e-04
0.0000000000e+00,0.0000000000e+00,1.5857727000e-04
0.0000000000e+00,0.0000000000e+00,1.5852849000e-04
0.0000000000e+00,0.0000000000e+00,1.5847971000e-04
0.0000000000e+00,0.0000000000e+00,0.0000000000e+00
0.0000000000e+00,0.0000000000e+00,0.0000000000e+00
0.0000000000e+00,0.0000000000e+00,0.0000000000e+00
0.0000000000e+00,0.0000000000e+00,0.0000000000e+00
0.0000000000e+00,0.0000000000e+00,0.0000000000e+00
0.0000000000e+00,0.0000000000e+00,0.0000000000e+00
0.0000000000e+00,0.0000000000e+00,0.0000000000e+00
0.0000000000e+00,0.0000000000e+00,0.0000000000e+00
0.0000000000e+00,0.0000000000e+00,0.0000000000e+00
0.0000000000e+00,0.0000000000e+00,1.5799281000e-04
0.0000000000e+00,0.0000000000e+00,1.5794419000e-04
0.0000000000e+00,0.0000000000e+00,1.5789560000e-04
0.0000000000e+00,0.0000000000e+00,1.5784703000e-04
0.0000000000e+00,0.0000000000e+00,1.5779847000e-04
0.0000000000e+00,0.0000000000e+00,1.5774992000e-04
0.0000000000e+00,0.0000000000e+00,1.5770138000e-04
0.0000000000e+00,0.0000000000e+00,1.5765286000e-04
0.0000000000e+00,0.0000000000e+00,1.5737358000e-04
0.0000000000e+00,0.0000000000e+00,1.5732524000e-04
0.0000000000e+00,0.0000000000e+00,1.5727691000e-04
0.0000000000e+00,0.0000000000e+00,1.5722858000e-04
0.0000000000e+00,0.0000000000e+00,1.5718029000e-04
0.0000000000e+00,0.0000000000e+00,1.5713199000e-04
0.0000000000e+00,0.0000000000e+00,1.5708372000e-04
0.0000000000e+00,0.0000000000e+00,0.0000000000e+00
0.0000000000e+00,0.0000000000e+00,0.0000000000e+00
0.0000000000e+00,0.0000000000e+00,0.0000000000e+00
0.0000000000e+00,0.0000000000e+00,0.0000000000e+00
0.0000000000e+00,0.0000000000e+00,0.0000000000e+00
0.0000000000e+00,0.0000000000e+00,0.0000000000e+00
0.0000000000e+00,0.0000000000e+00,0.0000000000e+00
0.0000000000e+00,0.0000000000e+00,0.0000000000e+00
0.0000000000e+00,0.0000000000e+00,0.0000000000e+00
0.0000000000e+00,0.0000000000e+00,1.5660180000e-04
0.0000000000e+00,0.0000000000e+00,1.5655371000e-04
0.0000000000e+00,0.0000000000e+00,1.5650560000e-04
0.0000000000e+00,0.0000000000e+00,1.5645751000e-04
0.0000000000e+00,0.0000000000e+00,1.5640944000e-04
0.0000000000e+00,0.0000000000e+00,1.5636139000e-04
0.0000000000e+00,0.0000000000e+00,1.5631337000e-04
0.0000000000e+00,0.0000000000e+00,1.5626533000e-04
0.0000000000e+00,0.0000000000e+00,1.5599512000e-04
0.0000000000e+00,0.0000000000e+00,1.5594726000e-04
0.0000000000e+00,0.0000000000e+00,1.5589943000e-04
0.0000000000e+00,0.0000000000e+00,1.5585159000e-04
0.0000000000e+00,0.0000000000e+00,1.5580378000e-04
0.0000000000e+00,0.0000000000e+00,1.5575599000e-04
0.0000000000e+00,0.0000000000e+00,1.5570820000e-04
0.0000000000e+00,0.0000000000e+00,0.0000000000e+00
0.0000000000e+00,0.0000000000e+00,0.0000000000e+00
0.0000000000e+00,0.0000000000e+00,0.0000000000e+00
0.0000000000e+00,0.0000000000e+00,0.0000000000e+00
0.0000000000e+00,0.0000000000e+00,0.0000000000e+00
0.0000000000e+00,0.0000000000e+00,0.0000000000e+00
0.0000000000e+00,0.0000000000e+00,0.0000000000e+00
0.0000000000e+00,0.0000000000e+00,0.0000000000e+00
0.0000000000e+00,0.0000000000e+00,0.0000000000e+00
0.0000000000e+00,0.0000000000e+00,1.5523117000e-04
0.0000000000e+00,0.0000000000e+00,1.5518356000e-04
0.0000000000e+00,0.0000000000e+00,1.5513595000e-04
0.0000000000e+00,0.0000000000e+00,1.5508835000e-04
0.0000000000e+00,0.0000000000e+00,1.5504076000e-04
0.0000000000e+00,0.0000000000e+00,1.5499321000e-04
0.0000000000e+00,0.0000000000e+00,1.5494566000e-04
0.0000000000e+00,0.0000000000e+00,1.5489812000e-04
0.0000000000e+00,0.0000000000e+00,1.5463664000e-04
0.0000000000e+00,0.0000000000e+00,1.5458927000e-04
0.0000000000e+00,0.0000000000e+00,1.5454191000e-04
0.0000000000e+00,0.0000000000e+00,1.5449456000e-04
0.0000000000e+00,0.0000000000e+00,1.5444723000e-04
0.0000000000e+00,0.0000000000e+00,1.5439992000e-04
0.0000000000e+00,0.0000000000e+00,1.5435263000e-04
0.0000000000e+00,0.0000000000e+00,0.0000000000e+00
0.0000000000e+00,0.0000000000e+00,0.0000000000e+00
0.0000000000e+00,0.0000000000e+00,0.0000000000e+00
0.0000000000e+00,0.0000000000e+00,0.0000000000e+00
0.0000000000e+00,0.0000000000e+00,0.0000000000e+00
0.0000000000e+00,0.0000000000e+00,0.0000000000e+00
0.0000000000e+00,0.0000000000e+00,0.0000000000e+00
0.0000000000e+00,0.0000000000e+00,0.0000000000e+00
0.0000000000e+00,0.0000000000e+00,0.0000000000e+00
0.0000000000e+00,0.0000000000e+00,1.5388042000e-04
0.0000000000e+00,0.0000000000e+00,1.5383327000e-04
0.0000000000e+00,0.0000000000e+00,1.5378614000e-04
0.0000000000e+00,0.0000000000e+00,1.5373903000e-04
0.0000000000e+00,0.0000000000e+00,1.5369194000e-04
0.0000000000e+00,0.0000000000e+00,1.5364484000e-04
0.0000000000e+00,0.0000000000e+00,1.5359778000e-04
0.0000000000e+00,0.0000000000e+00,1.5355072000e-04
0.0000000000e+00,0.0000000000e+00,1.5329766000e-04
0.0000000000e+00,0.0000000000e+00,1.5325076000e-04
0.0000000000e+00,0.0000000000e+00,1.5320387000e-04
0.0000000000e+00,0.0000000000e+00,1.5315702000e-04
0.0000000000e+00,0.0000000000e+00,1.5311014000e-04
0.0000000000e+00,0.0000000000e+00,1.5306330000e-04
0.0000000000e+00,0.0000000000e+00,1.5301647000e-04
0.0000000000e+00,0.0000000000e+00,0.0000000000e+00
0.0000000000e+00,0.0000000000e+00,0.0000000000e+00
0.0000000000e+00,0.0000000000e+00,0.0000000000e+00
0.0000000000e+00,0.0000000000e+00,0.0000000000e+00
0.0000000000e+00,0.0000000000e+00,0.0000000000e+00
0.0000000000e+00,0.0000000000e+00,0.0000000000e+00
0.0000000000e+00,0.0000000000e+00,0.0000000000e+00
0.0000000000e+00,0.0000000000e+00,0.0000000000e+00
0.0000000000e+00,0.0000000000e+00,0.0000000000e+00
0.0000000000e+00,0.0000000000e+00,1.5254896000e-04
0.0000000000e+00,0.0000000000e+00,1.5250230000e-04
0.0000000000e+00,0.0000000000e+00,1.5245564000e-04
0.0000000000e+00,0.0000000000e+00,1.5240899000e-04
0.0000000000e+00,0.0000000000e+00,1.5236237000e-04
0.0000000000e+00,0.0000000000e+00,1.5231576000e-04
0.0000000000e+00,0.0000000000e+00,1.5226916000e-04
0.0000000000e+00,0.0000000000e+00,1.5222258000e-04
0.0000000000e+00,0.0000000000e+00,1.5197763000e-04
0.0000000000e+00,0.0000000000e+00,1.5193118000e-04
0.0000000000e+00,0.0000000000e+00,1.5188476000e-04
0.0000000000e+00,0.0000000000e+00,1.5183837000e-04
0.0000000000e+00,0.0000000000e+00,1.5179196000e-04
0.0000000000e+00,0.0000000000e+00,1.5174558000e-04
0.0000000000e+00,0.0000000000e+00,1.5169922000e-04
0.0000000000e+00,0.0000000000e+00,0.0000000000e+00
0.0000000000e+00,0.0000000000e+00,0.0000000000e+00
0.0000000000e+00,0.0000000000e+00,0.0000000000e+00
0.0000000000e+00,0.0000000000e+00,0.0000000000e+00
0.0000000000e+00,0.0000000000e+00,0.0000000000e+00
0.0000000000e+00,0.0000000000e+00,0.0000000000e+00
0.0000000000e+00,0.0000000000e+00,0.0000000000e+00
0.0000000000e+00,0.0000000000e+00,0.0000000000e+00
0.0000000000e+00,0.0000000000e+00,0.0000000000e+00
0.0000000000e+00,0.0000000000e+00,1.5123635000e-04
0.0000000000e+00,0.0000000000e+00,1.5119014000e-04
0.0000000000e+00,0.0000000000e+00,1.5114395000e-04
0.0000000000e+00,0.0000000000e+00,1.5109776000e-04
0.0000000000e+00,0.0000000000e+00,1.5105159000e-04
0.0000000000e+00,0.0000000000e+00,1.5100544000e-04
0.0000000000e+00,0.0000000000e+00,1.5095930000e-04
0.0000000000e+00,0.0000000000e+00,1.5091318000e-04
0.0000000000e+00,0.0000000000e+00,1.5067605000e-04
0.0000000000e+00,0.0000000000e+00,1.5063008000e-04
0.0000000000e+00,0.0000000000e+00,1.5058411000e-04
0.0000000000e+00,0.0000000000e+00,1.5053815000e-04
0.0000000000e+00,0.0000000000e+00,1.5049221000e-04
0.0000000000e+00,0.0000000000e+00,1.5044629000e-04
0.0000000000e+00,0.0000000000e+00,1.5040039000e-04
0.0000000000e+00,0.0000000000e+00,0.0000000000e+00
0.0000000000e+00,0.0000000000e+00,0.0000000000e+00
0.0000000000e+00,0.0000000000e+00,0.0000000000e+00
0.0000000000e+00,0.0000000000e+00,0.0000000000e+00
0.0000000000e+00,0.0000000000e+00,0.0000000000e+00
0.0000000000e+00,0.0000000000e+00,0.0000000000e+00
0.0000000000e+00,0.0000000000e+00,0.0000000000e+00
0.0000000000e+00,0.0000000000e+00,0.0000000000e+00
0.0000000000e+00,0.0000000000e+00,0.0000000000e+00
0.0000000000e+00,0.0000000000e+00,1.4994205000e-04
0.0000000000e+00,0.0000000000e+00,1.4989630000e-04
0.0000000000e+00,0.0000000000e+00,1.4985056000e-04
0.0000000000e+00,0.0000000000e+00,1.4980482000e-04
0.0000000000e+00,0.0000000000e+00,1.4975911000e-04
0.0000000000e+00,0.0000000000e+00,1.4971341000e-04
0.0000000000e+00,0.0000000000e+00,1.4966771000e-04
0.0000000000e+00,0.0000000000e+00,1.4962205000e-04
0.0000000000e+00,0.0000000000e+00,1.4939246000e-04
0.0000000000e+00,0.0000000000e+00,1.4934693000e-04
0.0000000000e+00,0.0000000000e+00,1.4930141000e-04
0.0000000000e+00,0.0000000000e+00,1.4925591000e-04
0.0000000000e+00,0.0000000000e+00,1.4921042000e-04
0.0000000000e+00,0.0000000000e+00,1.4916493000e-04
0.0000000000e+00,0.0000000000e+00,1.4911947000e-04
0.0000000000e+00,0.0000000000e+00,0.0000000000e+00
0.0000000000e+00,0.0000000000e+00,0.0000000000e+00
0.0000000000e+00,0.0000000000e+00,0.0000000000e+00
0.0000000000e+00,0.0000000000e+00,0.0000000000e+00
0.0000000000e+00,0.0000000000e+00,0.0000000000e+00
0.0000000000e+00,0.0000000000e+00,0.0000000000e+00
0.0000000000e+00,0.0000000000e+00,0.0000000000e+00
0.0000000000e+00,0.0000000000e+00,0.0000000000e+00
0.0000000000e+00,0.0000000000e+00,0.0000000000e+00
0.0000000000e+00,0.0000000000e+00,1.4866561000e-04
0.0000000000e+00,0.0000000000e+00,1.4862030000e-04
0.0000000000e+00,0.0000000000e+00,1.4857500000e-04
0.0000000000e+00,0.0000000000e+00,1.4852973000e-04
0.0000000000e+00,0.0000000000e+00,1.4848445000e-04
0.0000000000e+00,0.0000000000e+00,1.4843920000e-04
0.0000000000e+00,0.0000000000e+00,1.4839396000e-04
0.0000000000e+00,0.0000000000e+00,1.4834873000e-04
0.0000000000e+00,0.0000000000e+00,1.4812639000e-04
0.0000000000e+00,0.0000000000e+00,1.4808131000e-04
0.0000000000e+00,0.0000000000e+00,1.4803623000e-04
0.0000000000e+00,0.0000000000e+00,1.4799116000e-04
0.0000000000e+00,0.0000000000e+00,1.4794611000e-04
0.0000000000e+00,0.0000000000e+00,1.4790107000e-04
0.0000000000e+00,0.0000000000e+00,1.4785604000e-04
0.0000000000e+00,0.0000000000e+00,0.0000000000e+00
0.0000000000e+00,0.0000000000e+00,0.0000000000e+00
0.0000000000e+00,0.0000000000e+00,0.0000000000e+00
0.0000000000e+00,0.0000000000e+00,0.0000000000e+00
0.0000000000e+00,0.0000000000e+00,0.0000000000e+00
0.0000000000e+00,0.0000000000e+00,0.0000000000e+00
0.0000000000e+00,0.0000000000e+00,0.0000000000e+00
0.0000000000e+00,0.0000000000e+00,0.0000000000e+00
0.0000000000e+00,0.0000000000e+00,0.0000000000e+00
0.0000000000e+00,0.0000000000e+00,1.4740656000e-04
0.0000000000e+00,0.0000000000e+00,1.4736169000e-04
0.0000000000e+00,0.0000000000e+00,1.4731682000e-04
0.0000000000e+00,0.0000000000e+00,1.4727197000e-04
0.0000000000e+00,0.0000000000e+00,1.4722714000e-04
0.0000000000e+00,0.0000000000e+00,1.4718232000e-04
0.0000000000e+00,0.0000000000e+00,1.4713751000e-04
0.0000000000e+00,0.0000000000e+00,1.4709272000e-04
0.0000000000e+00,0.0000000000e+00,1.4687740000e-04
0.0000000000e+00,0.0000000000e+00,1.4683274000e-04
0.0000000000e+00,0.0000000000e+00,1.4678809000e-04
0.0000000000e+00,0.0000000000e+00,1.4674346000e-04
0.0000000000e+00,0.0000000000e+00,1.4669885000e-04
0.0000000000e+00,0.0000000000e+00,1.4665425000e-04
0.0000000000e+00,0.0000000000e+00,1.4660964000e-04
0.0000000000e+00,0.0000000000e+00,0.0000000000e+00
0.0000000000e+00,0.0000000000e+00,0.0000000000e+00
0.0000000000e+00,0.0000000000e+00,0.0000000000e+00
0.0000000000e+00,0.0000000000e+00,0.0000000000e+00
0.0000000000e+00,0.0000000000e+00,0.0000000000e+00
0.0000000000e+00,0.0000000000e+00,0.0000000000e+00
0.0000000000e+00,0.0000000000e+00,0.0000000000e+00
0.0000000000e+00,0.0000000000e+00,0.0000000000e+00
0.0000000000e+00,0.0000000000e+00,0.0000000000e+00
0.0000000000e+00,0.0000000000e+00,1.4616449000e-04
0.0000000000e+00,0.0000000000e+00,1.4612004000e-04
0.0000000000e+00,0.0000000000e+00,1.4607562000e-04
0.0000000000e+00,0.0000000000e+00,1.4603121000e-04
0.0000000000e+00,0.0000000000e+00,1.4598679000e-04
0.0000000000e+00,0.0000000000e+00,1.4594241000e-04
0.0000000000e+00,0.0000000000e+00,1.4589803000e-04
0.0000000000e+00,0.0000000000e+00,1.4585366000e-04
0.0000000000e+00,0.0000000000e+00,1.4564508000e-04
0.0000000000e+00,0.0000000000e+00,1.4560085000e-04
0.0000000000e+00,0.0000000000e+00,1.4555662000e-04
0.0000000000e+00,0.0000000000e+00,1.4551241000e-04
0.0000000000e+00,0.0000000000e+00,1.4546822000e-04
0.0000000000e+00,0.0000000000e+00,1.4542403000e-04
0.0000000000e+00,0.0000000000e+00,1.4537986000e-04
0.0000000000e+00,0.0000000000e+00,0.0000000000e+00
0.0000000000e+00,0.0000000000e+00,0.0000000000e+00
0.0000000000e+00,0.0000000000e+00,0.0000000000e+00
0.0000000000e+00,0.0000000000e+00,0.0000000000e+00
0.0000000000e+00,0.0000000000e+00,0.0000000000e+00
0.0000000000e+00,0.0000000000e+00,0.0000000000e+00
0.0000000000e+00,0.0000000000e+00,0.0000000000e+00
0.0000000000e+00,0.0000000000e+00,0.0000000000e+00
0.0000000000e+00,0.0000000000e+00,0.0000000000e+00
0.0000000000e+00,0.0000000000e+00,1.4493891000e-04
0.0000000000e+00,0.0000000000e+00,1.4489489000e-04
0.0000000000e+00,0.0000000000e+00,1.4485088000e-04
0.0000000000e+00,0.0000000000e+00,1.4480689000e-04
0.0000000000e+00,0.0000000000e+00,1.4476292000e-04
0.0000000000e+00,0.0000000000e+00,1.4471894000e-04
0.0000000000e+00,0.0000000000e+00,1.4467500000e-04
0.0000000000e+00,0.0000000000e+00,1.4463106000e-04
0.0000000000e+00,0.0000000000e+00,1.4442898000e-04
0.0000000000e+00,0.0000000000e+00,1.4438517000e-04
0.0000000000e+00,0.0000000000e+00,1.4434136000e-04
0.0000000000e+00,0.0000000000e+00,1.4429756000e-04
0.0000000000e+00,0.0000000000e+00,1.4425379000e-04
0.0000000000e+00,0.0000000000e+00,1.4421003000e-04
0.0000000000e+00,0.0000000000e+00,1.4416628000e-04
0.0000000000e+00,0.0000000000e+00,0.0000000000e+00
0.0000000000e+00,0.0000000000e+00,0.0000000000e+00
0.0000000000e+00,0.0000000000e+00,0.0000000000e+00
0.0000000000e+00,0.0000000000e+00,0.0000000000e+00
0.0000000000e+00,0.0000000000e+00,0.0000000000e+00
0.0000000000e+00,0.0000000000e+00,0.0000000000e+00
0.0000000000e+00,0.0000000000e+00,0.0000000000e+00
0.0000000000e+00,0.0000000000e+00,0.0000000000e+00
0.0000000000e+00,0.0000000000e+00,0.0000000000e+00
0.0000000000e+00,0.0000000000e+00,1.4372948000e-04
0.0000000000e+00,0.0000000000e+00,1.4368587000e-04
0.0000000000e+00,0.0000000000e+00,1.4364229000e-04
0.0000000000e+00,0.0000000000e+00,1.4359871000e-04
0.0000000000e+00,0.0000000000e+00,1.4355514000e-04
0.0000000000e+00,0.0000000000e+00,1.4351158000e-04
0.0000000000e+00,0.0000000000e+00,1.4346806000e-04
0.0000000000e+00,0.0000000000e+00,1.4342843000e-04
3.6001123000e-07,0.0000000000e+00,1.4370031000e-04
9.3824390000e-08,0.0000000000e+00,1.4493689000e-04
0.0000000000e+00,0.0000000000e+00,1.4541642000e-04
0.0000000000e+00,0.0000000000e+00,1.4537213000e-04
0.0000000000e+00,0.0000000000e+00,1.4532785000e-04
0.0000000000e+00,0.0000000000e+00,1.4528360000e-04
0.0000000000e+00,0.0000000000e+00,1.4523935000e-04
0.0000000000e+00,0.0000000000e+00,0.0000000000e+00
0.0000000000e+00,0.0000000000e+00,0.0000000000e+00
0.0000000000e+00,0.0000000000e+00,0.0000000000e+00
1.9686323000e-07,0.0000000000e+00,0.0000000000e+00
3.4413561000e-06,0.0000000000e+00,0.0000000000e+00
2.4782207000e-06,0.0000000000e+00,0.0000000000e+00
3.9869758000e-07,0.0000000000e+00,0.0000000000e+00
5.0696897000e-08,0.0000000000e+00,0.0000000000e+00
6.0288194000e-08,0.0000000000e+00,0.0000000000e+00
1.7226615000e-08,0.0000000000e+00,1.5560084000e-04
1.9949676000e-08,0.0000000000e+00,1.5584857000e-04
8.0226464000e-08,0.0000000000e+00,1.5620868000e-04
0.0000000000e+00,0.0000000000e+00,1.5658056000e-04
2.0305267000e-08,0.0000000000e+00,1.5663114000e-04
3.2662649000e-07,0.0000000000e+00,1.5718394000e-04
0.0000000000e+00,0.0000000000e+00,1.5796635000e-04
0.0000000000e+00,0.0000000000e+00,1.5791687000e-04
0.0000000000e+00,0.0000000000e+00,1.5756288000e-04
0.0000000000e+00,0.0000000000e+00,1.5752930000e-04
8.4263739000e-08,0.0000000000e+00,1.5769881000e-04
8.5297117000e-08,0.0000000000e+00,1.5833348000e-04
0.0000000000e+00,0.0000000000e+00,1.5874911000e-04
3.4534955000e-07,0.0000000000e+00,1.5913237000e-04
0.0000000000e+00,0.0000000000e+00,1.6000133000e-04
2.2261696000e-08,0.0000000000e+00,0.0000000000e+00
3.4784597000e-07,0.0000000000e+00,0.0000000000e+00
3.7673485000e-06,0.0000000000e+00,0.0000000000e+00
1.2364937000e-06,0.0000000000e+00,0.0000000000e+00
6.4507333000e-07,0.0000000000e+00,0.0000000000e+00
4.1262805000e-07,0.0000000000e+00,0.0000000000e+00
0.0000000000e+00,0.0000000000e+00,0.0000000000e+00
0.0000000000e+00,0.0000000000e+00,0.0000000000e+00
0.0000000000e+00,0.0000000000e+00,9.4658753000e-06
0.0000000000e+00,0.0000000000e+00,1.7107060000e-04
0.0000000000e+00,0.0000000000e+00,1.7102018000e-04
0.0000000000e+00,0.0000000000e+00,1.7097467000e-04
0.0000000000e+00,0.0000000000e+00,1.7091969000e-04
0.0000000000e+00,0.0000000000e+00,1.7086472000e-04
0.0000000000e+00,0.0000000000e+00,1.7080976000e-04
0.0000000000e+00,0.0000000000e+00,1.7075482000e-04
0.0000000000e+00,0.0000000000e+00,1.7069990000e-04
1.4089217000e-10,0.0000000000e+00,1.7019262000e-04
0.0000000000e+00,0.0000000000e+00,1.7015649000e-04
0.0000000000e+00,0.0000000000e+00,1.7010191000e-04
0.0000000000e+00,0.0000000000e+00,1.7004734000e-04
0.0000000000e+00,0.0000000000e+00,1.6999280000e-04
0.0000000000e+00,0.0000000000e+00,1.6993827000e-04
0.0000000000e+00,0.0000000000e+00,1.6988376000e-04
0.0000000000e+00,0.0000000000e+00,5.6397694000e-06
2.8125259000e-08,0.0000000000e+00,0.0000000000e+00
0.0000000000e+00,0.0000000000e+00,0.0000000000e+00
0.0000000000e+00,0.0000000000e+00,0.0000000000e+00
0.0000000000e+00,0.0000000000e+00,0.0000000000e+00
0.0000000000e+00,0.0000000000e+00,0.0000000000e+00
0.0000000000e+00,0.0000000000e+00,0.0000000000e+00
0.0000000000e+00,0.0000000000e+00,0.0000000000e+00
0.0000000000e+00,0.0000000000e+00,5.5873534000e-06
0.0000000000e+00,0.0000000000e+00,1.6972238000e-04
0.0000000000e+00,0.0000000000e+00,1.6966791000e-04
0.0000000000e+00,0.0000000000e+00,1.6961343000e-04
0.0000000000e+00,0.0000000000e+00,1.6955899000e-04
0.0000000000e+00,0.0000000000e+00,1.6950455000e-04
0.0000000000e+00,0.0000000000e+00,1.6945014000e-04
0.0000000000e+00,0.0000000000e+00,1.6939575000e-04
0.0000000000e+00,0.0000000000e+00,1.6934137000e-04
0.0000000000e+00,0.0000000000e+00,1.6883851000e-04
0.0000000000e+00,0.0000000000e+00,1.6878445000e-04
0.0000000000e+00,0.0000000000e+00,1.6873042000e-04
0.0000000000e+00,0.0000000000e+00,1.6867640000e-04
0.0000000000e+00,0.0000000000e+00,1.6862238000e-04
0.0000000000e+00,0.0000000000e+00,1.6856841000e-04
0.0000000000e+00,0.0000000000e+00,1.6851444000e-04
0.0000000000e+00,0.0000000000e+00,1.4694306000e-05
0.0000000000e+00,0.0000000000e+00,0.0000000000e+00
0.0000000000e+00,0.0000000000e+00,0.0000000000e+00
0.0000000000e+00,0.0000000000e+00,0.0000000000e+00
0.0000000000e+00,0.0000000000e+00,0.0000000000e+00
0.0000000000e+00,0.0000000000e+00,0.0000000000e+00
0.0000000000e+00,0.0000000000e+00,0.0000000000e+00
0.0000000000e+00,0.0000000000e+00,0.0000000000e+00
0.0000000000e+00,0.0000000000e+00,1.4263336000e-05
0.0000000000e+00,0.0000000000e+00,1.6797574000e-04
0.0000000000e+00,0.0000000000e+00,1.6792196000e-04
0.0000000000e+00,0.0000000000e+00,1.6786820000e-04
0.0000000000e+00,0.0000000000e+00,1.6781448000e-04
0.0000000000e+00,0.0000000000e+00,1.6776075000e-04
0.0000000000e+00,0.0000000000e+00,1.6770704000e-04
0.0000000000e+00,0.0000000000e+00,1.6765334000e-04
0.0000000000e+00,0.0000000000e+00,1.6759966000e-04
0.0000000000e+00,0.0000000000e+00,1.6711430000e-04
0.0000000000e+00,0.0000000000e+00,1.6706093000e-04
0.0000000000e+00,0.0000000000e+00,1.6700759000e-04
0.0000000000e+00,0.0000000000e+00,1.6695425000e-04
0.0000000000e+00,0.0000000000e+00,1.6690094000e-04
0.0000000000e+00,0.0000000000e+00,1.6684765000e-04
0.0000000000e+00,0.0000000000e+00,1.6679437000e-04
0.0000000000e+00,0.0000000000e+00,0.0000000000e+00
0.0000000000e+00,0.0000000000e+00,0.0000000000e+00
0.0000000000e+00,0.0000000000e+00,0.0000000000e+00
0.0000000000e+00,0.0000000000e+00,0.0000000000e+00
0.0000000000e+00,0.0000000000e+00,0.0000000000e+00
0.0000000000e+00,0.0000000000e+00,0.0000000000e+00
0.0000000000e+00,0.0000000000e+00,0.0000000000e+00
0.0000000000e+00,0.0000000000e+00,0.0000000000e+00
0.0000000000e+00,0.0000000000e+00,0.0000000000e+00
0.0000000000e+00,0.0000000000e+00,1.6626253000e-04
0.0000000000e+00,0.0000000000e+00,1.6620946000e-04
0.0000000000e+00,0.0000000000e+00,1.6615637000e-04
1.5334757000e-08,0.0000000000e+00,1.6619399000e-04
1.2778949000e-07,0.0000000000e+00,1.6658979000e-04
8.0768706000e-07,0.0000000000e+00,1.6777488000e-04
3.0292907000e-07,0.0000000000e+00,1.6961148000e-04
3.4312976000e-08,0.0000000000e+00,1.7059836000e-04
3.4932873000e-06,0.0000000000e+00,1.7168239000e-04
5.6344506000e-06,0.0000000000e+00,1.7619258000e-04
4.6247120000e-08,0.0000000000e+00,1.7993308000e-04
2.2758068000e-06,0.0000000000e+00,1.8130837000e-04
9.7299890000e-06,2.4935235000e-07,1.8572368000e-04
5.5201167000e-07,5.0812162000e-07,1.9078926000e-04
0.0000000000e+00,5.1488405000e-07,1.9183820000e-04
0.0000000000e+00,5.0728875000e-07,1.9467290000e-05
0.0000000000e+00,4.9980542000e-07,0.0000000000e+00
0.0000000000e+00,4.9243255000e-07,0.0000000000e+00
0.0000000000e+00,4.8516841000e-07,0.0000000000e+00
0.0000000000e+00,4.7801143000e-07,0.0000000000e+00
0.0000000000e+00,4.7095998000e-07,0.0000000000e+00
0.0000000000e+00,4.6401260000e-07,0.0000000000e+00
0.0000000000e+00,4.5716769000e-07,0.0000000000e+00
0.0000000000e+00,4.5042376000e-07,1.8954714000e-05
0.0000000000e+00,4.4377930000e-07,1.9119745000e-04
0.0000000000e+00,4.3723287000e-07,1.9113350000e-04
0.0000000000e+00,4.3078299000e-07,1.9106956000e-04
0.0000000000e+00,4.2442829000e-07,1.9100563000e-04
0.0000000000e+00,4.1816730000e-07,1.9094172000e-04
0.0000000000e+00,4.1199866000e-07,1.9087786000e-04
0.0000000000e+00,4.0592104000e-07,1.9081401000e-04
0.0000000000e+00,3.9993307000e-07,1.9075020000e-04
0.0000000000e+00,3.9403341000e-07,1.8997044000e-04
0.0000000000e+00,3.8822083000e-07,1.8990712000e-04
0.0000000000e+00,3.8249394000e-07,1.8984383000e-04
0.0000000000e+00,3.7685155000e-07,1.8978058000e-04
0.0000000000e+00,3.7129240000e-07,1.8971734000e-04
0.0000000000e+00,3.6581528000e-07,1.8965411000e-04
0.0000000000e+00,3.6041894000e-07,1.8959089000e-04
1.1797897000e-06,3.8582189000e-07,4.3268941000e-05
3.1043498000e-06,4.9188839000e-07,0.0000000000e+00
9.7725251000e-07,5.9115268000e-07,0.0000000000e+00
0.0000000000e+00,6.0803671000e-07,0.0000000000e+00
5.2352855000e-09,5.9920558000e-07,0.0000000000e+00
3.0922636000e-06,6.7225920000e-07,0.0000000000e+00
1.6000932000e-06,7.8627028000e-07,0.0000000000e+00
0.0000000000e+00,8.1703814000e-07,0.0000000000e+00
1.5416674000e-07,8.0910672000e-07,5.7997458000e-05
0.0000000000e+00,8.0127188000e-07,2.0563800000e-04
0.0000000000e+00,7.8945186000e-07,2.0556750000e-04
0.0000000000e+00,7.7780618000e-07,2.0549701000e-04
0.0000000000e+00,7.6633233000e-07,2.0542655000e-04
0.0000000000e+00,7.5502771000e-07,2.0535612000e-04
0.0000000000e+00,7.4388987000e-07,2.0528572000e-04
0.0000000000e+00,7.3291631000e-07,2.0521534000e-04
0.0000000000e+00,7.2210463000e-07,2.0514497000e-04
0.0000000000e+00,7.1145286000e-07,2.0417695000e-04
0.0000000000e+00,7.0095825000e-07,2.0411413000e-04
0.0000000000e+00,6.9061798000e-07,2.0404447000e-04
0.0000000000e+00,6.8043028000e-07,2.0397482000e-04
0.0000000000e+00,6.7039286000e-07,2.0390519000e-04
0.0000000000e+00,6.6050353000e-07,2.0383559000e-04
0.0000000000e+00,6.5076006000e-07,2.0376600000e-04
0.0000000000e+00,6.4116028000e-07,5.6846315000e-05
0.0000000000e+00,6.3170216000e-07,0.0000000000e+00
0.0000000000e+00,6.2238360000e-07,0.0000000000e+00
0.0000000000e+00,6.1320247000e-07,0.0000000000e+00
0.0000000000e+00,6.0415675000e-07,0.0000000000e+00
0.0000000000e+00,5.9524450000e-07,0.0000000000e+00
0.0000000000e+00,5.8646367000e-07,0.0000000000e+00
0.0000000000e+00,5.7781244000e-07,0.0000000000e+00
0.0000000000e+00,5.6928877000e-07,5.6290723000e-05
0.0000000000e+00,5.6089090000e-07,2.0307150000e-04
0.0000000000e+00,5.5261683000e-07,2.0300217000e-04
0.0000000000e+00,5.4446485000e-07,2.0293286000e-04
0.0000000000e+00,5.3643316000e-07,2.0286358000e-04
0.0000000000e+00,5.2851993000e-07,2.0279434000e-04
0.0000000000e+00,5.2072346000e-07,2.0272512000e-04
0.0000000000e+00,5.1304198000e-07,2.0265592000e-04
0.0000000000e+00,5.0547379000e-07,2.0258674000e-04
0.0000000000e+00,4.9801724000e-07,2.0165050000e-04
0.0000000000e+00,4.9067069000e-07,2.0158196000e-04
0.0000000000e+00,4.8343253000e-07,2.0151345000e-04
0.0000000000e+00,4.7630112000e-07,2.0144494000e-04
0.0000000000e+00,4.6927491000e-07,2.0137648000e-04
0.0000000000e+00,4.6235240000e-07,2.0130801000e-04
0.0000000000e+00,4.5553199000e-07,2.0123959000e-04
0.0000000000e+00,4.4881219000e-07,6.7159926000e-05
1.9584130000e-07,4.4743430000e-07,0.0000000000e+00
6.0593766000e-07,4.6229832000e-07,0.0000000000e+00
0.0000000000e+00,4.7164576000e-07,0.0000000000e+00
0.0000000000e+00,4.6468824000e-07,0.0000000000e+00
0.0000000000e+00,4.5783335000e-07,0.0000000000e+00
0.0000000000e+00,4.5107959000e-07,0.0000000000e+00
2.3524990000e-05,1.0769770000e-06,0.0000000000e+00
2.0313373000e-05,2.2443787000e-06,8.2524683000e-05
1.1739441000e-07,2.7656349000e-06,2.2274954000e-04
1.2983118000e-07,2.7316432000e-06,2.2345004000e-04
0.0000000000e+00,2.6949137000e-06,2.2389868000e-04
1.1726030000e-06,2.6875625000e-06,2.2462833000e-04
1.3231355000e-07,2.6838263000e-06,2.2637175000e-04
2.1243914000e-06,2.7068181000e-06,2.2789241000e-04
1.3598209000e-07,2.7293172000e-06,2.3015971000e-04
2.1831606000e-06,2.7536782000e-06,2.3184680000e-04
5.9676796000e-07,2.7903079000e-06,2.3333487000e-04
0.0000000000e+00,2.7657607000e-06,2.3444228000e-04
0.0000000000e+00,2.7249612000e-06,2.3435843000e-04
0.0000000000e+00,2.6847638000e-06,2.3427462000e-04
0.0000000000e+00,2.6451592000e-06,2.3419084000e-04
0.0000000000e+00,2.6061389000e-06,2.3410708000e-04
0.0000000000e+00,2.5676943000e-06,2.3402333000e-04
0.0000000000e+00,2.5298168000e-06,1.1256129000e-04
0.0000000000e+00,2.4924980000e-06,0.0000000000e+00
0.0000000000e+00,2.4557296000e-06,0.0000000000e+00
0.0000000000e+00,2.4195040000e-06,0.0000000000e+00
0.0000000000e+00,2.3838124000e-06,0.0000000000e+00
0.0000000000e+00,2.3486475000e-06,0.0000000000e+00
0.0000000000e+00,2.3140012000e-06,0.0000000000e+00
0.0000000000e+00,2.2798661000e-06,0.0000000000e+00
0.0000000000e+00,2.2462345000e-06,1.1189278000e-04
0.0000000000e+00,2.2130992000e-06,2.3318769000e-04
0.0000000000e+00,2.1804524000e-06,2.3310429000e-04
0.0000000000e+00,2.1482872000e-06,2.3302092000e-04
0.0000000000e+00,2.1165965000e-06,2.3293759000e-04
0.0000000000e+00,2.0853736000e-06,2.3285428000e-04
0.0000000000e+00,2.0546111000e-06,2.3277098000e-04
0.0000000000e+00,2.0243021000e-06,2.3268774000e-04
3.3681099000e-06,2.0888642000e-06,2.3404008000e-04
1.5519706000e-07,2.1563771000e-06,2.3565917000e-04
0.0000000000e+00,2.1289161000e-06,2.3617956000e-04
0.0000000000e+00,2.0975112000e-06,2.3609494000e-04
0.0000000000e+00,2.0665698000e-06,2.3601034000e-04
0.0000000000e+00,2.0360844000e-06,2.3592576000e-04
1.4616667000e-07,2.0101693000e-06,2.3615632000e-04
0.0000000000e+00,1.9846161000e-06,2.3665857000e-04
0.0000000000e+00,1.9553397000e-06,1.2999590000e-04
0.0000000000e+00,1.9264955000e-06,0.0000000000e+00
0.0000000000e+00,1.8980766000e-06,0.0000000000e+00
0.0000000000e+00,1.8700770000e-06,0.0000000000e+00
0.0000000000e+00,1.8424903000e-06,0.0000000000e+00
0.0000000000e+00,1.8153107000e-06,0.0000000000e+00
0.0000000000e+00,1.7885320000e-06,0.0000000000e+00
0.0000000000e+00,1.7621484000e-06,0.0000000000e+00
0.0000000000e+00,1.7361539000e-06,1.2931766000e-04
0.0000000000e+00,1.7105430000e-06,2.3581077000e-04
0.0000000000e+00,1.6853097000e-06,2.3572617000e-04
0.0000000000e+00,1.6604488000e-06,2.3564159000e-04
0.0000000000e+00,1.6359546000e-06,2.3555705000e-04
0.0000000000e+00,1.6118217000e-06,2.3547253000e-04
0.0000000000e+00,1.5880448000e-06,2.3538803000e-04
0.0000000000e+00,1.5646187000e-06,2.3530357000e-04
0.0000000000e+00,1.5415380000e-06,2.3521914000e-04
0.0000000000e+00,1.5187979000e-06,2.3383407000e-04
0.0000000000e+00,1.4963933000e-06,2.3375064000e-04
0.0000000000e+00,1.4743191000e-06,2.3366723000e-04
0.0000000000e+00,1.4525706000e-06,2.3358385000e-04
0.0000000000e+00,1.4311429000e-06,2.3350051000e-04
0.0000000000e+00,1.4100312000e-06,2.3341720000e-04
0.0000000000e+00,1.3892311000e-06,2.3333391000e-04
0.0000000000e+00,1.3687378000e-06,1.2721791000e-04
0.0000000000e+00,1.3485468000e-06,0.0000000000e+00
0.0000000000e+00,1.3286536000e-06,0.0000000000e+00
0.0000000000e+00,1.3090538000e-06,0.0000000000e+00
0.0000000000e+00,1.2897433000e-06,0.0000000000e+00
0.0000000000e+00,1.2707175000e-06,0.0000000000e+00
0.0000000000e+00,1.2519724000e-06,0.0000000000e+00
0.0000000000e+00,1.2335039000e-06,0.0000000000e+00
0.0000000000e+00,1.2153077000e-06,1.2655288000e-04
0.0000000000e+00,1.1973800000e-06,2.3250264000e-04
0.0000000000e+00,1.1797167000e-06,2.3241967000e-04
0.0000000000e+00,1.1623141000e-06,2.3233675000e-04
0.0000000000e+00,1.1451682000e-06,2.3225385000e-04
0.0000000000e+00,1.1282751000e-06,2.3217096000e-04
0.0000000000e+00,1.1116313000e-06,2.3208812000e-04
0.0000000000e+00,1.0952330000e-06,2.3200530000e-04
0.0000000000e+00,1.0790766000e-06,2.3192253000e-04
0.0000000000e+00,1.0631585000e-06,2.3058888000e-04
0.0000000000e+00,1.0474753000e-06,2.3050704000e-04
0.0000000000e+00,1.0320234000e-06,2.3042524000e-04
0.0000000000e+00,1.0167994000e-06,2.3034346000e-04
0.0000000000e+00,1.0018000000e-06,2.3026169000e-04
0.0000000000e+00,9.8702196000e-07,2.3017998000e-04
0.0000000000e+00,9.7246186000e-07,2.3009829000e-04
0.0000000000e+00,9.5811652000e-07,1.3330550000e-04
0.0000000000e+00,9.4398274000e-07,0.0000000000e+00
0.0000000000e+00,9.3005752000e-07,0.0000000000e+00
0.0000000000e+00,9.1633774000e-07,0.0000000000e+00
0.0000000000e+00,9.0282037000e-07,0.0000000000e+00
0.0000000000e+00,8.8950236000e-07,0.0000000000e+00
0.0000000000e+00,8.7638080000e-07,0.0000000000e+00
0.0000000000e+00,8.6345278000e-07,0.0000000000e+00
0.0000000000e+00,8.5071548000e-07,1.3265325000e-04
0.0000000000e+00,8.3816610000e-07,2.2928299000e-04
0.0000000000e+00,8.2580186000e-07,2.2920161000e-04
0.0000000000e+00,8.1361998000e-07,2.2912027000e-04
0.0000000000e+00,8.0161777000e-07,2.2903897000e-04
0.0000000000e+00,7.8979269000e-07,2.2895767000e-04
0.0000000000e+00,7.7814195000e-07,2.2887642000e-04
0.0000000000e+00,7.6666316000e-07,2.2879519000e-04
0.0000000000e+00,7.5535365000e-07,2.2871398000e-04
0.0000000000e+00,7.4421104000e-07,2.2742974000e-04
0.0000000000e+00,7.3323275000e-07,2.2734945000e-04
0.0000000000e+00,7.2241642000e-07,2.2726919000e-04
0.0000000000e+00,7.1175970000e-07,2.2718895000e-04
0.0000000000e+00,7.0126009000e-07,2.2710874000e-04
0.0000000000e+00,6.9091539000e-07,2.2702858000e-04
0.0000000000e+00,6.8072336000e-07,2.2694842000e-04
0.0000000000e+00,6.7068157000e-07,1.3737634000e-04
0.0000000000e+00,6.6078798000e-07,0.0000000000e+00
0.0000000000e+00,6.5104030000e-07,0.0000000000e+00
0.0000000000e+00,6.4143643000e-07,0.0000000000e+00
0.0000000000e+00,6.3197422000e-07,0.0000000000e+00
0.0000000000e+00,6.2265156000e-07,0.0000000000e+00
0.0000000000e+00,6.1346651000e-07,0.0000000000e+00
0.0000000000e+00,6.0441693000e-07,0.0000000000e+00
0.0000000000e+00,5.9550081000e-07,1.3673639000e-04
0.0000000000e+00,5.8671623000e-07,2.2614848000e-04
0.0000000000e+00,5.7806130000e-07,2.2606865000e-04
0.0000000000e+00,5.6953400000e-07,2.2598883000e-04
0.0000000000e+00,5.6113248000e-07,2.2590907000e-04
0.0000000000e+00,5.5285489000e-07,2.2582931000e-04
0.0000000000e+00,5.4469939000e-07,2.2574958000e-04
0.0000000000e+00,5.3666423000e-07,2.2566989000e-04
0.0000000000e+00,5.2874759000e-07,2.2559024000e-04
0.0000000000e+00,5.2094771000e-07,2.2435345000e-04
0.0000000000e+00,5.1326293000e-07,2.2427466000e-04
0.0000000000e+00,5.0569145000e-07,2.2419589000e-04
0.0000000000e+00,4.9823177000e-07,2.2411715000e-04
0.0000000000e+00,4.9088203000e-07,2.2403843000e-04
0.0000000000e+00,4.8364075000e-07,2.2395975000e-04
0.0000000000e+00,4.7650630000e-07,2.2388110000e-04
0.0000000000e+00,4.6947707000e-07,1.4136631000e-04
0.0000000000e+00,4.6255155000e-07,0.0000000000e+00
0.0000000000e+00,4.5572818000e-07,0.0000000000e+00
0.0000000000e+00,4.4900548000e-07,0.0000000000e+00
0.0000000000e+00,4.4238197000e-07,0.0000000000e+00
0.0000000000e+00,4.3585615000e-07,0.0000000000e+00
0.0000000000e+00,4.2942659000e-07,0.0000000000e+00
0.0000000000e+00,4.2309188000e-07,0.0000000000e+00
0.0000000000e+00,4.1685061000e-07,1.4073825000e-04
0.0000000000e+00,4.1070140000e-07,2.2309602000e-04
0.0000000000e+00,4.0464292000e-07,2.2301766000e-04
0.0000000000e+00,3.9867379000e-07,2.2293933000e-04
0.0000000000e+00,3.9279274000e-07,2.2286102000e-04
0.0000000000e+00,3.8699844000e-07,2.2278276000e-04
0.0000000000e+00,3.8128960000e-07,2.2270450000e-04
0.0000000000e+00,3.7566497000e-07,2.2262630000e-04
0.0000000000e+00,3.7012333000e-07,2.2254810000e-04
0.0000000000e+00,3.6466344000e-07,2.2135694000e-04
0.0000000000e+00,3.5928409000e-07,2.2127958000e-04
0.0000000000e+00,3.5398406000e-07,2.2120227000e-04
0.0000000000e+00,3.4876223000e-07,2.2112497000e-04
0.0000000000e+00,3.4361744000e-07,2.2104768000e-04
0.0000000000e+00,3.3854855000e-07,2.2097043000e-04
0.0000000000e+00,3.3355442000e-07,2.2089321000e-04
0.0000000000e+00,3.2863397000e-07,1.4016146000e-04
0.0000000000e+00,3.2378611000e-07,0.0000000000e+00
0.0000000000e+00,3.1900979000e-07,0.0000000000e+00
0.0000000000e+00,3.1430389000e-07,0.0000000000e+00
0.0000000000e+00,3.0966743000e-07,0.0000000000e+00
0.0000000000e+00,3.0509938000e-07,0.0000000000e+00
0.0000000000e+00,3.0059869000e-07,0.0000000000e+00
0.0000000000e+00,2.9616436000e-07,0.0000000000e+00
0.0000000000e+00,0.0000000000e+00,1.3954485000e-04
0.0000000000e+00,0.0000000000e+00,2.2012249000e-04
0.0000000000e+00,0.0000000000e+00,2.2004556000e-04
0.0000000000e+00,0.0000000000e+00,2.1996866000e-04
0.0000000000e+00,0.0000000000e+00,2.1989179000e-04
0.0000000000e+00,0.0000000000e+00,2.1981496000e-04
0.0000000000e+00,0.0000000000e+00,2.1973814000e-04
0.0000000000e+00,0.0000000000e+00,2.1966133000e-04
0.0000000000e+00,0.0000000000e+00,2.1958457000e-04
0.0000000000e+00,0.0000000000e+00,2.1843726000e-04
0.0000000000e+00,0.0000000000e+00,2.1836130000e-04
0.0000000000e+00,0.0000000000e+00,2.1828536000e-04
0.0000000000e+00,0.0000000000e+00,2.1820946000e-04
0.0000000000e+00,0.0000000000e+00,2.1813357000e-04
0.0000000000e+00,0.0000000000e+00,2.1805771000e-04
0.0000000000e+00,0.0000000000e+00,2.1798188000e-04
0.0000000000e+00,0.0000000000e+00,1.2474123000e-04
0.0000000000e+00,0.0000000000e+00,0.0000000000e+00
0.0000000000e+00,0.0000000000e+00,0.0000000000e+00
0.0000000000e+00,0.0000000000e+00,0.0000000000e+00
0.0000000000e+00,0.0000000000e+00,0.0000000000e+00
0.0000000000e+00,0.0000000000e+00,0.0000000000e+00
0.0000000000e+00,0.0000000000e+00,0.0000000000e+00
0.0000000000e+00,0.0000000000e+00,0.0000000000e+00
0.0000000000e+00,0.0000000000e+00,1.2413572000e-04
0.0000000000e+00,0.0000000000e+00,2.1722501000e-04
0.0000000000e+00,0.0000000000e+00,2.1714947000e-04
0.0000000000e+00,0.0000000000e+00,2.1707396000e-04
0.0000000000e+00,0.0000000000e+00,2.1699847000e-04
0.0000000000e+00,0.0000000000e+00,2.1692300000e-04
0.0000000000e+00,0.0000000000e+00,2.1684758000e-04
0.0000000000e+00,0.0000000000e+00,2.1677217000e-04
0.0000000000e+00,0.0000000000e+00,2.1669678000e-04
0.0000000000e+00,0.0000000000e+00,2.1559157000e-04
0.0000000000e+00,0.0000000000e+00,2.1551695000e-04
0.0000000000e+00,0.0000000000e+00,2.1544236000e-04
0.0000000000e+00,0.0000000000e+00,2.1536779000e-04
0.0000000000e+00,0.0000000000e+00,2.1529326000e-04
0.0000000000e+00,0.0000000000e+00,2.1521874000e-04
0.0000000000e+00,0.0000000000e+00,2.1514425000e-04
0.0000000000e+00,0.0000000000e+00,1.1861033000e-04
0.0000000000e+00,0.0000000000e+00,0.0000000000e+00
0.0000000000e+00,0.0000000000e+00,0.0000000000e+00
2.0966295000e-06,0.0000000000e+00,0.0000000000e+00
4.8009429000e-06,0.0000000000e+00,0.0000000000e+00
6.9267576000e-06,1.9704466000e-07,0.0000000000e+00
3.5912396000e-06,4.9296204000e-07,0.0000000000e+00
3.7024995000e-06,6.9431906000e-07,0.0000000000e+00
2.5416600000e-06,8.6326855000e-07,1.4152125000e-04
4.3928349000e-06,1.0506933000e-06,2.4198984000e-04
9.0246967000e-06,1.4241795000e-06,2.4754790000e-04
7.0365991000e-06,1.8701203000e-06,2.5403238000e-04
0.0000000000e+00,2.0473349000e-06,2.5784469000e-04
0.0000000000e+00,2.0171335000e-06,2.5774946000e-04
0.0000000000e+00,1.9873778000e-06,2.5765426000e-04
0.0000000000e+00,1.9580607000e-06,2.5755909000e-04
0.0000000000e+00,1.9291763000e-06,2.5746395000e-04
2.1288778000e-10,1.9007241000e-06,2.5577788000e-04
0.0000000000e+00,1.8726915000e-06,2.5570716000e-04
1.8414131000e-06,1.8992051000e-06,2.5674951000e-04
0.0000000000e+00,1.9250597000e-06,2.5871050000e-04
0.0000000000e+00,1.8966620000e-06,2.5861512000e-04
0.0000000000e+00,1.8686832000e-06,2.5851975000e-04
2.0764891000e-07,1.8472385000e-06,2.5884961000e-04
0.0000000000e+00,1.8260802000e-06,1.6276364000e-04
0.0000000000e+00,1.7991425000e-06,0.0000000000e+00
0.0000000000e+00,1.7726024000e-06,0.0000000000e+00
0.0000000000e+00,1.7464537000e-06,0.0000000000e+00
0.0000000000e+00,1.7206908000e-06,0.0000000000e+00
0.0000000000e+00,1.6953078000e-06,0.0000000000e+00
0.0000000000e+00,1.6702994000e-06,0.0000000000e+00
0.0000000000e+00,1.6456598000e-06,0.0000000000e+00
0.0000000000e+00,1.6213838000e-06,1.6199789000e-04
0.0000000000e+00,1.5974658000e-06,2.5865823000e-04
0.0000000000e+00,1.5739007000e-06,2.5856268000e-04
0.0000000000e+00,1.5506832000e-06,2.5846719000e-04
0.0000000000e+00,1.5278083000e-06,2.5837176000e-04
0.0000000000e+00,1.5052708000e-06,2.5827633000e-04
0.0000000000e+00,1.4830656000e-06,2.5818095000e-04
0.0000000000e+00,1.4611880000e-06,2.5808558000e-04
0.0000000000e+00,1.4396333000e-06,2.5799026000e-04
0.0000000000e+00,1.4183964000e-06,2.5628900000e-04
8.0704933000e-07,1.4212861000e-06,2.5701441000e-04
3.3586639000e-06,1.5232926000e-06,2.6001022000e-04
2.1484702000e-07,1.6059802000e-06,2.6325457000e-04
0.0000000000e+00,1.5886304000e-06,2.6392582000e-04
0.0000000000e+00,1.5651956000e-06,2.6382788000e-04
0.0000000000e+00,1.5421065000e-06,2.6372998000e-04
0.0000000000e+00,1.5193581000e-06,1.6552657000e-04
0.0000000000e+00,1.4969452000e-06,0.0000000000e+00
0.0000000000e+00,1.4748628000e-06,0.0000000000e+00
0.0000000000e+00,1.4531062000e-06,0.0000000000e+00
0.0000000000e+00,1.4316706000e-06,0.0000000000e+00
0.0000000000e+00,1.4105512000e-06,0.0000000000e+00
6.3492985000e-06,1.5782387000e-06,0.0000000000e+00
4.1814081000e-05,2.9895293000e-06,0.0000000000e+00
3.9621655000e-06,4.3055679000e-06,1.8545428000e-04
3.9850791000e-05,5.5644823000e-06,2.9127294000e-04
8.0901691000e-06,6.9265889000e-06,3.0185512000e-04
3.0071492000e-06,7.1615891000e-06,3.0730199000e-04
3.3880829000e-07,7.1578493000e-06,3.1029977000e-04
1.3590242000e-06,7.1043023000e-06,3.1222976000e-04
0.0000000000e+00,7.0410019000e-06,3.1398871000e-04
1.3691423000e-06,6.9792231000e-06,3.1496549000e-04
3.4482693000e-07,6.9287653000e-06,3.1729389000e-04
3.6846382000e-07,6.8484756000e-06,3.1616693000e-04
0.0000000000e+00,6.7587489000e-06,3.1703111000e-04
0.0000000000e+00,6.6590464000e-06,3.1690561000e-04
0.0000000000e+00,6.5608151000e-06,3.1678015000e-04
0.0000000000e+00,6.4640326000e-06,3.1665474000e-04
0.0000000000e+00,6.3686784000e-06,3.1652936000e-04
0.0000000000e+00,6.2747304000e-06,3.1640407000e-04
0.0000000000e+00,6.1821684000e-06,2.2940169000e-04
0.0000000000e+00,6.0909715000e-06,0.0000000000e+00
0.0000000000e+00,6.0011203000e-06,0.0000000000e+00
0.0000000000e+00,5.9125941000e-06,0.0000000000e+00
0.0000000000e+00,5.8253740000e-06,0.0000000000e+00
0.0000000000e+00,5.7394409000e-06,0.0000000000e+00
0.0000000000e+00,5.6547751000e-06,0.0000000000e+00
0.0000000000e+00,5.5713581000e-06,0.0000000000e+00
0.0000000000e+00,5.4891721000e-06,2.2840142000e-04
0.0000000000e+00,5.4081979000e-06,3.1515377000e-04
0.0000000000e+00,5.3284184000e-06,3.1502900000e-04
0.0000000000e+00,5.2498162000e-06,3.1490429000e-04
0.0000000000e+00,5.1723732000e-06,3.1477964000e-04
0.0000000000e+00,5.0960725000e-06,3.1465504000e-04
0.0000000000e+00,5.0208973000e-06,3.1453048000e-04
0.0000000000e+00,4.9468313000e-06,3.1440594000e-04
0.0000000000e+00,4.8738575000e-06,3.1428150000e-04
0.0000000000e+00,4.8019606000e-06,3.1169955000e-04
0.0000000000e+00,4.7311241000e-06,3.1157714000e-04
0.0000000000e+00,4.6613332000e-06,3.1145479000e-04
0.0000000000e+00,4.5925708000e-06,3.1133246000e-04
0.0000000000e+00,4.5248230000e-06,3.1121017000e-04
0.0000000000e+00,4.4580747000e-06,3.1108793000e-04
0.0000000000e+00,4.3923114000e-06,3.1096576000e-04
0.0000000000e+00,4.3275177000e-06,2.1568497000e-04
0.0000000000e+00,4.2636802000e-06,0.0000000000e+00
0.0000000000e+00,4.2007841000e-06,0.0000000000e+00
0.0000000000e+00,4.1388162000e-06,0.0000000000e+00
0.0000000000e+00,4.0777618000e-06,0.0000000000e+00
0.0000000000e+00,4.0176083000e-06,0.0000000000e+00
0.0000000000e+00,3.9583424000e-06,0.0000000000e+00
0.0000000000e+00,3.8999501000e-06,0.0000000000e+00
0.0000000000e+00,3.8424200000e-06,2.1470955000e-04
0.0000000000e+00,3.7857380000e-06,3.0974651000e-04
0.0000000000e+00,3.7298926000e-06,3.0962483000e-04
0.0000000000e+00,3.6748709000e-06,3.0950320000e-04
0.0000000000e+00,3.6206604000e-06,3.0938163000e-04
0.0000000000e+00,3.5672501000e-06,3.0926010000e-04
0.0000000000e+00,3.5146275000e-06,3.0913862000e-04
0.0000000000e+00,3.4627813000e-06,3.0901722000e-04
0.0000000000e+00,3.4116997000e-06,3.0889586000e-04
0.0000000000e+00,3.3613719000e-06,3.0641313000e-04
0.0000000000e+00,3.3117863000e-06,3.0629369000e-04
0.0000000000e+00,3.2629323000e-06,3.0617430000e-04
0.0000000000e+00,3.2147989000e-06,3.0605495000e-04
0.0000000000e+00,3.1673756000e-06,3.0593565000e-04
0.0000000000e+00,3.1206519000e-06,3.0581641000e-04
0.0000000000e+00,3.0746173000e-06,3.0569721000e-04
0.0000000000e+00,3.0292620000e-06,2.1974475000e-04
0.0000000000e+00,2.9845755000e-06,0.0000000000e+00
0.0000000000e+00,2.9405485000e-06,0.0000000000e+00
0.0000000000e+00,2.8971708000e-06,0.0000000000e+00
0.0000000000e+00,2.8544330000e-06,0.0000000000e+00
0.0000000000e+00,2.8123256000e-06,0.0000000000e+00
0.0000000000e+00,2.7708393000e-06,0.0000000000e+00
0.0000000000e+00,2.7299650000e-06,0.0000000000e+00
0.0000000000e+00,2.6896937000e-06,2.1879314000e-04
0.0000000000e+00,2.6500165000e-06,3.0450770000e-04
0.0000000000e+00,2.6109246000e-06,3.0438902000e-04
0.0000000000e+00,2.5724094000e-06,3.0427039000e-04
0.0000000000e+00,2.5344623000e-06,3.0415176000e-04
0.0000000000e+00,2.4970750000e-06,3.0403322000e-04
0.0000000000e+00,2.4602391000e-06,3.0391471000e-04
0.0000000000e+00,2.4239469000e-06,3.0379626000e-04
0.0000000000e+00,2.3881898000e-06,3.0367784000e-04
0.0000000000e+00,2.3529603000e-06,3.0129025000e-04
0.0000000000e+00,2.3182506000e-06,3.0117368000e-04
0.0000000000e+00,2.2840527000e-06,3.0105715000e-04
0.0000000000e+00,2.2503593000e-06,3.0094071000e-04
0.0000000000e+00,2.2171628000e-06,3.0082426000e-04
0.0000000000e+00,2.1844562000e-06,3.0070791000e-04
0.0000000000e+00,2.1522321000e-06,3.0059158000e-04
0.0000000000e+00,2.1204833000e-06,2.1649543000e-04
0.0000000000e+00,2.0892028000e-06,0.0000000000e+00
0.0000000000e+00,2.0583836000e-06,0.0000000000e+00
0.0000000000e+00,2.0280193000e-06,0.0000000000e+00
0.0000000000e+00,1.9981030000e-06,0.0000000000e+00
0.0000000000e+00,1.9686277000e-06,0.0000000000e+00
0.0000000000e+00,1.9395875000e-06,0.0000000000e+00
0.0000000000e+00,1.9109755000e-06,0.0000000000e+00
0.0000000000e+00,1.8827857000e-06,2.1556679000e-04
0.0000000000e+00,1.8550116000e-06,2.9943074000e-04
0.0000000000e+00,1.8276475000e-06,2.9931491000e-04
0.0000000000e+00,1.8006867000e-06,2.9919911000e-04
0.0000000000e+00,1.7741238000e-06,2.9908336000e-04
0.0000000000e+00,1.7479526000e-06,2.9896764000e-04
0.0000000000e+00,1.7221676000e-06,2.9885198000e-04
0.0000000000e+00,1.6967629000e-06,2.9873636000e-04
6.3382998000e-07,1.6912836000e-06,2.9935542000e-04
3.2021521000e-06,1.7846728000e-06,2.9983834000e-04
3.5320986000e-07,1.8676760000e-06,3.0300306000e-04
1.4167940000e-06,1.8949034000e-06,3.0491297000e-04
3.5683158000e-07,1.9217064000e-06,3.0719928000e-04
0.0000000000e+00,1.9043780000e-06,3.0802342000e-04
0.0000000000e+00,1.8762854000e-06,3.0790333000e-04
0.0000000000e+00,1.8486073000e-06,3.0778334000e-04
3.5782313000e-07,1.8324525000e-06,2.1598731000e-04
0.0000000000e+00,1.8164810000e-06,0.0000000000e+00
0.0000000000e+00,1.7896851000e-06,0.0000000000e+00
7.5563287000e-07,1.7867767000e-06,0.0000000000e+00
7.8506691000e-06,2.0281680000e-06,0.0000000000e+00
2.7871529000e-05,3.1121972000e-06,0.0000000000e+00
8.8023025000e-06,4.2094448000e-06,0.0000000000e+00
1.1576618000e-06,4.4591807000e-06,0.0000000000e+00
0.0000000000e+00,4.4297399000e-06,2.4673011000e-04
0.0000000000e+00,4.3643940000e-06,3.3882839000e-04
0.0000000000e+00,4.3000123000e-06,3.3869129000e-04
0.0000000000e+00,4.2365805000e-06,3.3855424000e-04
0.0000000000e+00,4.1740846000e-06,3.3841725000e-04
0.0000000000e+00,4.1125104000e-06,3.3828031000e-04
0.0000000000e+00,4.0518444000e-06,3.3814344000e-04
0.0000000000e+00,3.9920733000e-06,3.3800659000e-04
0.0000000000e+00,3.9331835000e-06,3.3786983000e-04
0.0000000000e+00,3.8751632000e-06,3.3492877000e-04
0.0000000000e+00,3.8179983000e-06,3.3479437000e-04
6.0981438000e-06,3.9543092000e-06,3.3694154000e-04
4.2656194000e-07,4.1011713000e-06,3.4122463000e-04
0.0000000000e+00,4.0541204000e-06,3.4214056000e-04
0.0000000000e+00,3.9943156000e-06,3.4200205000e-04
0.0000000000e+00,3.9353931000e-06,3.4186360000e-04
0.0000000000e+00,3.8773396000e-06,2.4721323000e-04
0.0000000000e+00,3.8201433000e-06,0.0000000000e+00
0.0000000000e+00,3.7637901000e-06,0.0000000000e+00
0.0000000000e+00,3.7082682000e-06,0.0000000000e+00
0.0000000000e+00,3.6535655000e-06,0.0000000000e+00
0.0000000000e+00,3.5996698000e-06,0.0000000000e+00
0.0000000000e+00,3.5465689000e-06,0.0000000000e+00
2.2926741000e-09,3.4943243000e-06,0.0000000000e+00
1.4076869000e-06,3.4874893000e-06,2.4737779000e-04
1.5323549000e-05,3.9671081000e-06,3.4706667000e-04
2.2039252000e-05,5.0958438000e-06,3.5692024000e-04
7.6260144000e-06,5.9646586000e-06,3.6658748000e-04
7.7939530000e-06,6.3704847000e-06,3.7356463000e-04
1.2446565000e-05,6.9272046000e-06,3.8120069000e-04
1.2851903000e-05,7.6403257000e-06,3.8989095000e-04
1.3270723000e-05,8.3725499000e-06,3.9890502000e-04
2.6853038000e-05,9.5532596000e-06,4.0962695000e-04
2.3986133000e-06,1.0361850000e-05,4.1486148000e-04
2.3396590000e-06,1.0363895000e-05,4.1893701000e-04
3.7695390000e-05,1.1525577000e-05,4.2699344000e-04
1.4271364000e-04,1.7299639000e-05,4.4429794000e-04
1.3563439000e-04,2.6245725000e-05,4.6651132000e-04
1.8718159000e-04,3.6618447000e-05,4.8961549000e-04
4.1803731000e-05,4.3726795000e-05,5.0934555000e-04
1.0880519000e-05,4.4853085000e-05,4.1985419000e-04
0.0000000000e+00,4.4557986000e-05,8.1002945000e-06
0.0000000000e+00,4.3900687000e-05,0.0000000000e+00
0.0000000000e+00,4.3253083000e-05,0.0000000000e+00
0.0000000000e+00,4.2615033000e-05,0.0000000000e+00
0.0000000000e+00,4.1986394000e-05,0.0000000000e+00
0.0000000000e+00,4.1367028000e-05,0.0000000000e+00
1.3150253000e-06,4.0801413000e-05,7.7629229000e-06
4.0479013000e-06,4.0381346000e-05,4.2753422000e-04
0.0000000000e+00,3.9922405000e-05,5.3088734000e-04
0.0000000000e+00,3.9333489000e-05,5.3063215000e-04
0.0000000000e+00,3.8753256000e-05,5.3037715000e-04
0.0000000000e+00,3.8181584000e-05,5.3012226000e-04
0.0000000000e+00,3.7618345000e-05,5.2986742000e-04
0.0000000000e+00,3.7063415000e-05,5.2961276000e-04
0.0000000000e+00,3.6516671000e-05,5.2935816000e-04
0.0000000000e+00,3.5977995000e-05,5.2910374000e-04
0.0000000000e+00,3.5447261000e-05,5.2264403000e-04
0.0000000000e+00,3.4924360000e-05,5.2239577000e-04
0.0000000000e+00,3.4409171000e-05,5.2214763000e-04
0.0000000000e+00,3.3901582000e-05,5.2189961000e-04
0.0000000000e+00,3.3401480000e-05,5.2165170000e-04
0.0000000000e+00,3.2908756000e-05,5.2140391000e-04
0.0000000000e+00,3.2423301000e-05,5.2115624000e-04
0.0000000000e+00,3.1945008000e-05,4.2429441000e-04
0.0000000000e+00,3.1473766000e-05,2.3772882000e-05
0.0000000000e+00,3.1009480000e-05,0.0000000000e+00
0.0000000000e+00,3.0552041000e-05,0.0000000000e+00
0.0000000000e+00,3.0101350000e-05,0.0000000000e+00
0.0000000000e+00,2.9657309000e-05,0.0000000000e+00
0.0000000000e+00,2.9219816000e-05,0.0000000000e+00
0.0000000000e+00,2.8788780000e-05,2.2290798000e-05
0.0000000000e+00,2.8364098000e-05,4.2231832000e-04
0.0000000000e+00,2.7945684000e-05,5.1868608000e-04
0.0000000000e+00,2.7533441000e-05,5.1843969000e-04
0.0000000000e+00,2.7127280000e-05,5.1819347000e-04
0.0000000000e+00,2.6727108000e-05,5.1794731000e-04
0.0000000000e+00,2.6332842000e-05,5.1770126000e-04
0.0000000000e+00,2.5944391000e-05,5.1745534000e-04
0.0000000000e+00,2.5561671000e-05,5.1720953000e-04
0.0000000000e+00,2.5184596000e-05,5.1696383000e-04
0.0000000000e+00,2.4813084000e-05,5.1076722000e-04
0.0000000000e+00,2.4447052000e-05,5.1052740000e-04
0.0000000000e+00,2.4086419000e-05,5.1028765000e-04
0.0000000000e+00,2.3731105000e-05,5.1004806000e-04
0.0000000000e+00,2.3381033000e-05,5.0980854000e-04
0.0000000000e+00,2.3036126000e-05,5.0956913000e-04
0.0000000000e+00,2.2696307000e-05,5.0932984000e-04
0.0000000000e+00,2.2361501000e-05,4.1364136000e-04
1.8801433000e-05,2.2670747000e-05,2.2482709000e-05
1.0035812000e-05,2.3314289000e-05,0.0000000000e+00
0.0000000000e+00,2.3310693000e-05,0.0000000000e+00
0.0000000000e+00,2.2966824000e-05,0.0000000000e+00
0.0000000000e+00,2.2628026000e-05,0.0000000000e+00
0.0000000000e+00,2.2294229000e-05,0.0000000000e+00
0.0000000000e+00,2.1965354000e-05,3.4500379000e-05
0.0000000000e+00,2.1641330000e-05,4.2918467000e-04
0.0000000000e+00,2.1322085000e-05,5.2438432000e-04
0.0000000000e+00,2.1007552000e-05,5.2413472000e-04
0.0000000000e+00,2.0697658000e-05,5.2388525000e-04
0.0000000000e+00,2.0392334000e-05,5.2363583000e-04
0.0000000000e+00,2.0091515000e-05,5.2338658000e-04
0.0000000000e+00,1.9795134000e-05,5.2313745000e-04
0.0000000000e+00,1.9503124000e-05,5.2288844000e-04
0.0000000000e+00,1.9215422000e-05,5.2263960000e-04
0.0000000000e+00,1.8931963000e-05,5.1635428000e-04
0.0000000000e+00,1.8652689000e-05,5.1611138000e-04
0.0000000000e+00,1.8377534000e-05,5.1586854000e-04
0.0000000000e+00,1.8106435000e-05,5.1562587000e-04
0.0000000000e+00,1.7839337000e-05,5.1538332000e-04
0.0000000000e+00,1.7576178000e-05,5.1514083000e-04
0.0000000000e+00,1.7316903000e-05,5.1489845000e-04
0.0000000000e+00,1.7061451000e-05,4.3306267000e-04
0.0000000000e+00,1.6809767000e-05,9.6528442000e-05
0.0000000000e+00,1.6561797000e-05,0.0000000000e+00
0.0000000000e+00,1.6317483000e-05,0.0000000000e+00
0.0000000000e+00,1.6076776000e-05,0.0000000000e+00
0.0000000000e+00,1.5839618000e-05,0.0000000000e+00
0.0000000000e+00,1.5605960000e-05,0.0000000000e+00
0.0000000000e+00,1.5375748000e-05,9.5078023000e-05
0.0000000000e+00,1.5148930000e-05,4.3112878000e-04
0.0000000000e+00,1.4925460000e-05,5.1248109000e-04
0.0000000000e+00,1.4705286000e-05,5.1223999000e-04
0.0000000000e+00,1.4488361000e-05,5.1199895000e-04
0.0000000000e+00,1.4274635000e-05,5.1175809000e-04
0.0000000000e+00,1.4064062000e-05,5.1151728000e-04
0.0000000000e+00,1.3856595000e-05,5.1127665000e-04
0.0000000000e+00,1.3652188000e-05,5.1103608000e-04
0.0000000000e+00,1.3450797000e-05,5.1079562000e-04
0.0000000000e+00,1.3252376000e-05,5.0476560000e-04
0.0000000000e+00,1.3056883000e-05,5.0453079000e-04
0.0000000000e+00,1.2864273000e-05,5.0429616000e-04
0.0000000000e+00,1.2674505000e-05,5.0406158000e-04
0.0000000000e+00,1.2487536000e-05,5.0382712000e-04
0.0000000000e+00,1.2303326000e-05,5.0359278000e-04
0.0000000000e+00,1.2121832000e-05,5.0335855000e-04
0.0000000000e+00,1.1943016000e-05,4.1742038000e-04
0.0000000000e+00,1.1766839000e-05,6.6225388000e-05
0.0000000000e+00,1.1593259000e-05,0.0000000000e+00
0.0000000000e+00,1.1422240000e-05,0.0000000000e+00
0.0000000000e+00,1.1253744000e-05,0.0000000000e+00
0.0000000000e+00,1.1087733000e-05,0.0000000000e+00
0.0000000000e+00,1.0924171000e-05,0.0000000000e+00
0.0000000000e+00,1.0763022000e-05,6.4823340000e-05
0.0000000000e+00,1.0604252000e-05,4.1555104000e-04
9.1573620000e-06,1.0760496000e-05,5.0385809000e-04
1.8476983000e-04,1.7233217000e-05,5.1727169000e-04
4.8296802000e-06,3.0617572000e-05,5.4080866000e-04
1.1004206000e-04,4.1288335000e-05,5.6307681000e-04
4.5684566000e-05,4.6057987000e-05,5.8064883000e-04
1.8791554000e-06,4.7024529000e-05,5.9005839000e-04
0.0000000000e+00,4.6396046000e-05,5.9165561000e-04
0.0000000000e+00,4.5711629000e-05,5.9136079000e-04
3.0616746000e-05,4.6105637000e-05,5.8845832000e-04
1.2284413000e-04,5.0785609000e-05,6.0364767000e-04
0.0000000000e+00,5.4312237000e-05,6.1558577000e-04
0.0000000000e+00,5.3511048000e-05,6.1527593000e-04
0.0000000000e+00,5.2721676000e-05,6.1496632000e-04
1.6605259000e-04,5.7777368000e-05,6.2405708000e-04
8.0071914000e-05,6.5555600000e-05,6.4477668000e-04
0.0000000000e+00,6.7400535000e-05,5.6054752000e-04
0.0000000000e+00,6.6406268000e-05,1.7601583000e-04
0.0000000000e+00,6.5426677000e-05,0.0000000000e+00
0.0000000000e+00,6.4461528000e-05,0.0000000000e+00
0.0000000000e+00,6.3510619000e-05,0.0000000000e+00
0.0000000000e+00,6.2573738000e-05,0.0000000000e+00
4.8370093000e-05,6.3363375000e-05,0.0000000000e+00
1.1431304000e-06,6.4173473000e-05,1.8987199000e-04
1.6324643000e-06,6.3325177000e-05,5.7647342000e-04
1.1511578000e-04,6.6539367000e-05,6.8131008000e-04
1.9351563000e-05,8.7064320000e-05,7.0659874000e-04
1.4136049000e-04,1.3440479000e-04,7.3897216000e-04
1.6738786000e-05,1.6414591000e-04,7.6169660000e-04
0.0000000000e+00,1.6232510000e-04,7.6613331000e-04
0.0000000000e+00,1.5993055000e-04,7.6571899000e-04
0.0000000000e+00,1.5757132000e-04,7.6530495000e-04
0.0000000000e+00,1.5524690000e-04,7.6489110000e-04
4.0741850000e-09,1.5295691000e-04,7.5372087000e-04
6.2642241000e-05,1.5296225000e-04,7.5980159000e-04
0.0000000000e+00,1.5295619000e-04,7.6812308000e-04
0.0000000000e+00,1.5069985000e-04,7.6771062000e-04
0.0000000000e+00,1.4847679000e-04,7.6729839000e-04
0.0000000000e+00,1.4628652000e-04,7.6688634000e-04
0.0000000000e+00,1.4412856000e-04,7.6647452000e-04
0.0000000000e+00,1.4200243000e-04,6.7435956000e-04
0.0000000000e+00,1.3990767000e-04,3.0598551000e-04
0.0000000000e+00,1.3784382000e-04,0.0000000000e+00
0.0000000000e+00,1.3581041000e-04,0.0000000000e+00
0.0000000000e+00,1.3380699000e-04,0.0000000000e+00
0.0000000000e+00,1.3183312000e-04,0.0000000000e+00
0.0000000000e+00,1.2988837000e-04,0.0000000000e+00
0.0000000000e+00,1.2797231000e-04,3.0352169000e-04
0.0000000000e+00,1.2608453000e-04,6.7107449000e-04
0.0000000000e+00,1.2422458000e-04,7.6236814000e-04
0.0000000000e+00,1.2239207000e-04,7.6195865000e-04
0.0000000000e+00,1.2058661000e-04,7.6154945000e-04
0.0000000000e+00,1.1880777000e-04,7.6114037000e-04
0.0000000000e+00,1.1705516000e-04,7.6073158000e-04
0.0000000000e+00,1.1532842000e-04,7.6032302000e-04
0.0000000000e+00,1.1362714000e-04,7.5991463000e-04
0.0000000000e+00,1.1195096000e-04,7.5950648000e-04
0.0000000000e+00,1.1029951000e-04,7.4842828000e-04
0.0000000000e+00,1.0867242000e-04,7.4803212000e-04
0.0000000000e+00,1.0706933000e-04,7.4763614000e-04
0.0000000000e+00,1.0548989000e-04,7.4724044000e-04
0.0000000000e+00,1.0393374000e-04,7.4684492000e-04
0.0000000000e+00,1.0240056000e-04,7.4644957000e-04
0.0000000000e+00,1.0088999000e-04,7.4605440000e-04
0.0000000000e+00,9.9401703000e-05,6.6423428000e-04
0.0000000000e+00,9.7935364000e-05,3.4157376000e-04
0.0000000000e+00,9.6490665000e-05,5.9625949000e-05
0.0000000000e+00,9.5067277000e-05,5.9231592000e-05
0.0000000000e+00,9.3664887000e-05,5.8837526000e-05
0.0000000000e+00,9.2283182000e-05,5.8443577000e-05
0.0000000000e+00,9.0921858000e-05,5.8049860000e-05
0.0000000000e+00,8.9580615000e-05,3.3920960000e-04
0.0000000000e+00,8.8259163000e-05,6.6108216000e-04
0.0000000000e+00,8.6957203000e-05,7.4211432000e-04
0.0000000000e+00,8.5674445000e-05,7.4172142000e-04
0.0000000000e+00,8.4410618000e-05,7.4132869000e-04
0.0000000000e+00,8.3165432000e-05,7.4093626000e-04
0.0000000000e+00,8.1938611000e-05,7.4054394000e-04
0.0000000000e+00,8.0729893000e-05,7.4015185000e-04
0.0000000000e+00,7.9539001000e-05,7.3975994000e-04
0.0000000000e+00,7.8365672000e-05,7.3936832000e-04
0.0000000000e+00,7.7209654000e-05,7.2875578000e-04
0.0000000000e+00,7.6070697000e-05,7.2837551000e-04
0.0000000000e+00,7.4948526000e-05,7.2799536000e-04
0.0000000000e+00,7.3842915000e-05,7.2761544000e-04
0.0000000000e+00,7.2753624000e-05,7.2723569000e-04
0.0000000000e+00,7.1680392000e-05,7.2685612000e-04
0.0000000000e+00,7.0622998000e-05,7.2647672000e-04
1.1739826000e-05,7.0005990000e-05,6.4654788000e-04
1.5470909000e-05,6.9956332000e-05,3.3223353000e-04
9.4441733000e-05,7.2906536000e-05,6.3858170000e-05
3.1185802000e-05,7.6372409000e-05,7.8260025000e-05
0.0000000000e+00,7.6373901000e-05,8.4095867000e-05
0.0000000000e+00,7.5247262000e-05,8.3685562000e-05
4.4313190000e-05,7.5750708000e-05,8.8698464000e-05
2.4030762000e-06,7.6326396000e-05,3.7696501000e-04
0.0000000000e+00,7.5287680000e-05,6.9959729000e-04
1.9516227000e-05,9.2108217000e-05,7.9508830000e-04
1.0376598000e-08,1.0859229000e-04,8.1308559000e-04
0.0000000000e+00,1.0699077000e-04,8.1276777000e-04
0.0000000000e+00,1.0541248000e-04,8.1233057000e-04
4.6591108000e-06,1.0402827000e-04,8.1373326000e-04
0.0000000000e+00,1.0266362000e-04,8.1575807000e-04
0.0000000000e+00,1.0114918000e-04,8.1531925000e-04
0.0000000000e+00,9.9657074000e-05,8.1488065000e-04
4.8542614000e-09,9.8187149000e-05,8.0273440000e-04
0.0000000000e+00,9.6738921000e-05,8.0239476000e-04
0.0000000000e+00,9.5311865000e-05,8.0196967000e-04
0.0000000000e+00,9.3905866000e-05,8.0154481000e-04
0.0000000000e+00,9.2520611000e-05,8.0112013000e-04
0.0000000000e+00,9.1155780000e-05,8.0069568000e-04
0.0000000000e+00,8.9811088000e-05,8.0027146000e-04
0.0000000000e+00,8.8486231000e-05,7.1293738000e-04
0.0000000000e+00,8.7180917000e-05,3.8004911000e-04
0.0000000000e+00,8.5894862000e-05,9.0615998000e-05
0.0000000000e+00,8.4627776000e-05,9.0192596000e-05
0.0000000000e+00,8.3379382000e-05,8.9769368000e-05
0.0000000000e+00,8.2149403000e-05,8.9346373000e-05
0.0000000000e+00,8.0937578000e-05,8.8923611000e-05
0.0000000000e+00,7.9743622000e-05,3.7751044000e-04
0.0000000000e+00,7.8567275000e-05,7.0955255000e-04
0.0000000000e+00,7.7408287000e-05,7.9604040000e-04
0.0000000000e+00,7.6266391000e-05,7.9561840000e-04
0.0000000000e+00,7.5141339000e-05,7.9519663000e-04
0.0000000000e+00,7.4032891000e-05,7.9477509000e-04
0.0000000000e+00,7.2940791000e-05,7.9435372000e-04
0.0000000000e+00,7.1864801000e-05,7.9393259000e-04
0.0000000000e+00,7.0804686000e-05,7.9351163000e-04
0.0000000000e+00,6.9760201000e-05,7.9309091000e-04
0.0000000000e+00,6.8731126000e-05,7.8139058000e-04
8.1040491000e-07,6.7746965000e-05,7.8180130000e-04
4.6515979000e-06,6.6947840000e-05,7.8439934000e-04
4.6590890000e-06,6.6301123000e-05,7.8846578000e-04
0.0000000000e+00,6.5493266000e-05,7.9060317000e-04
0.0000000000e+00,6.4527136000e-05,7.9018722000e-04
0.0000000000e+00,6.3575259000e-05,7.8977150000e-04
0.0000000000e+00,6.2637424000e-05,7.0155290000e-04
4.3783348000e-06,6.1874249000e-05,3.7379816000e-04
1.6024873000e-05,6.1710496000e-05,9.4040181000e-05
0.0000000000e+00,6.1386221000e-05,9.8246150000e-05
0.0000000000e+00,6.0480677000e-05,9.7821583000e-05
7.3641349000e-06,5.9859423000e-05,9.9815195000e-05
3.5581037000e-05,6.0555951000e-05,1.0765763000e-04
2.6745145000e-06,6.1064740000e-05,4.0075506000e-04
0.0000000000e+00,6.0262057000e-05,7.3149649000e-04
3.1994091000e-06,5.9491107000e-05,8.2048622000e-04
0.0000000000e+00,5.8730951000e-05,8.2219398000e-04
0.0000000000e+00,5.7864578000e-05,8.2175137000e-04
0.0000000000e+00,5.7010984000e-05,8.2130893000e-04
0.0000000000e+00,5.6169985000e-05,8.2086679000e-04
0.0000000000e+00,5.5341388000e-05,8.2042493000e-04
0.0000000000e+00,5.4525019000e-05,8.1998319000e-04
0.0000000000e+00,5.3720691000e-05,8.1954175000e-04
4.9405431000e-09,5.2928404000e-05,8.0735702000e-04
0.0000000000e+00,5.2147810000e-05,8.0701429000e-04
0.0000000000e+00,5.1378549000e-05,8.0658641000e-04
4.7462318000e-06,5.0795792000e-05,8.0812187000e-04
4.7538974000e-06,5.0396309000e-05,8.1223232000e-04
0.0000000000e+00,4.9827559000e-05,8.1437716000e-04
0.0000000000e+00,4.9092523000e-05,8.1394275000e-04
0.0000000000e+00,4.8368329000e-05,7.0663675000e-04
0.0000000000e+00,4.7654823000e-05,3.1416659000e-04
0.0000000000e+00,4.6951838000e-05,0.0000000000e+00
1.1230596000e-06,4.6300716000e-05,0.0000000000e+00
0.0000000000e+00,4.5658995000e-05,0.0000000000e+00
0.0000000000e+00,4.4985452000e-05,0.0000000000e+00
0.0000000000e+00,4.4321849000e-05,0.0000000000e+00
0.0000000000e+00,4.3668031000e-05,3.1380757000e-04
0.0000000000e+00,4.3023858000e-05,7.0540950000e-04
1.6444208000e-06,4.2449963000e-05,8.1301766000e-04
3.4211687000e-05,6.7233595000e-05,8.2924339000e-04
2.8035071000e-04,1.3708921000e-04,8.6527650000e-04
2.3567759000e-04,1.9650919000e-04,8.9980027000e-04
1.7499902000e-04,2.1612455000e-04,9.2650589000e-04
7.1060131000e-06,2.1971956000e-04,9.4078376000e-04
0.0000000000e+00,2.1674359000e-04,9.4322371000e-04
0.0000000000e+00,2.1354627000e-04,9.4277761000e-04
7.3930946000e-09,2.1039641000e-04,9.2798483000e-04
0.0000000000e+00,2.0729301000e-04,9.2764921000e-04
6.3868996000e-05,2.0663237000e-04,9.3344814000e-04
0.0000000000e+00,2.0596961000e-04,9.4100926000e-04
0.0000000000e+00,2.0293123000e-04,9.4056875000e-04
0.0000000000e+00,1.9993768000e-04,9.4012805000e-04
0.0000000000e+00,1.9698829000e-04,9.3968731000e-04
0.0000000000e+00,1.9408240000e-04,8.5651135000e-04
0.0000000000e+00,1.9121938000e-04,5.5964751000e-04
0.0000000000e+00,1.8839860000e-04,3.0415092000e-04
0.0000000000e+00,1.8561943000e-04,3.0370982000e-04
0.0000000000e+00,1.8288125000e-04,3.0326867000e-04
0.0000000000e+00,1.8018347000e-04,3.0282739000e-04
0.0000000000e+00,1.7752548000e-04,3.0238606000e-04
0.0000000000e+00,1.7490669000e-04,5.5700011000e-04
0.0000000000e+00,1.7232654000e-04,8.5298164000e-04
0.0000000000e+00,1.6978446000e-04,9.3527511000e-04
0.0000000000e+00,1.6727987000e-04,9.3483349000e-04
0.0000000000e+00,1.6481223000e-04,9.3439181000e-04
0.0000000000e+00,1.6238098000e-04,9.3395007000e-04
0.0000000000e+00,1.5998562000e-04,9.3350816000e-04
0.0000000000e+00,1.5762557000e-04,9.3306630000e-04
0.0000000000e+00,1.5530035000e-04,9.3262427000e-04
0.0000000000e+00,1.5300945000e-04,9.3218230000e-04
0.0000000000e+00,1.5075230000e-04,9.1758487000e-04
0.0000000000e+00,1.4852847000e-04,9.1715838000e-04
0.0000000000e+00,1.4633745000e-04,9.1673183000e-04
0.0000000000e+00,1.4417873000e-04,9.1630523000e-04
0.0000000000e+00,1.4205187000e-04,9.1587851000e-04
0.0000000000e+00,1.3995638000e-04,9.1545173000e-04
0.0000000000e+00,1.3789181000e-04,9.1502490000e-04
0.0000000000e+00,1.3585768000e-04,8.3335309000e-04
0.0000000000e+00,1.3385358000e-04,5.4906501000e-04
0.0000000000e+00,1.3187903000e-04,3.0539936000e-04
0.0000000000e+00,1.2993360000e-04,3.0497223000e-04
0.0000000000e+00,1.2801688000e-04,3.0454516000e-04
0.0000000000e+00,1.2612843000e-04,3.0411797000e-04
0.0000000000e+00,1.2426784000e-04,3.0369073000e-04
0.0000000000e+00,1.2243469000e-04,5.4650207000e-04
0.0000000000e+00,1.2062860000e-04,8.2993583000e-04
0.0000000000e+00,1.1884913000e-04,9.1075338000e-04
0.0000000000e+00,1.1709592000e-04,9.1032597000e-04
0.0000000000e+00,1.1536857000e-04,9.0989843000e-04
0.0000000000e+00,1.1366671000e-04,9.0947084000e-04
0.0000000000e+00,1.1198995000e-04,9.0904318000e-04
0.0000000000e+00,1.1033792000e-04,9.0861553000e-04
0.0000000000e+00,1.0871026000e-04,9.0818782000e-04
0.0000000000e+00,1.0710661000e-04,9.0776006000e-04
