datetime,temperature,load
2019-01-01 00:00:00,-7.82,1723.09
2019-01-01 01:00:00,-7.83,1666.3
2019-01-01 02:00:00,-5.74,1581.37
2019-01-01 03:00:00,-3.89,1490.58
2019-01-01 04:00:00,-2.44,1484.73
2019-01-01 05:00:00,-0.58,
2019-01-01 06:00:00,1.37,1439.0
2019-01-01 07:00:00,0.71,
2019-01-01 08:00:00,0.74,1436.88
2019-01-01 09:00:00,-0.22,1472.2
2019-01-01 10:00:00,0.01,1381.15
2019-01-01 11:00:00,0.44,1360.12
2019-01-01 12:00:00,0.33,1332.29
2019-01-01 13:00:00,0.78,1350.46
2019-01-01 14:00:00,1.16,
2019-01-01 15:00:00,0.46,1394.15
2019-01-01 16:00:00,-1.89,1592.83
2019-01-01 17:00:00,-3.71,1615.0
2019-01-01 18:00:00,-4.94,1776.23
2019-01-01 19:00:00,-3.64,
2019-01-01 20:00:00,-4.07,1633.34
2019-01-01 21:00:00,-5.33,
2019-01-01 22:00:00,-6.8,
2019-01-01 23:00:00,-7.07,
2019-01-02 00:00:00,-7.65,1779.41
2019-01-02 01:00:00,-6.78,
2019-01-02 02:00:00,-6.8,1675.57
2019-01-02 03:00:00,-6.63,1691.78
2019-01-02 04:00:00,-5.53,1699.02
2019-01-02 05:00:00,-5.68,1669.64
2019-01-02 06:00:00,-4.06,1743.34
2019-01-02 07:00:00,-2.45,1736.66
2019-01-02 08:00:00,-0.44,1689.19
2019-01-02 09:00:00,1.08,1640.92
2019-01-02 10:00:00,2.29,1607.54
2019-01-02 11:00:00,3.54,1519.12
2019-01-02 12:00:00,2.77,1457.29
2019-01-02 13:00:00,3.06,1430.39
2019-01-02 14:00:00,2.64,1507.81
2019-01-02 15:00:00,2.79,1531.78
2019-01-02 16:00:00,1.43,1573.55
2019-01-02 17:00:00,0.52,1684.31
2019-01-02 18:00:00,0.42,1798.1
2019-01-02 19:00:00,0.04,1729.92
2019-01-02 20:00:00,0.06,1746.88
2019-01-02 21:00:00,-1.82,1786.18
2019-01-02 22:00:00,-4.74,1831.09
2019-01-02 23:00:00,-5.25,1782.88
2019-01-03 00:00:00,-5.66,1743.63
2019-01-03 01:00:00,-4.64,1647.07
2019-01-03 02:00:00,-4.55,1639.14
2019-01-03 03:00:00,-3.01,1537.21
2019-01-03 04:00:00,-2.22,1589.41
2019-01-03 05:00:00,-0.23,1571.73
2019-01-03 06:00:00,1.89,1602.82
2019-01-03 07:00:00,4.84,1582.27
2019-01-03 08:00:00,6.86,1586.41
2019-01-03 09:00:00,6.27,1630.12
2019-01-03 10:00:00,7.69,1497.7
2019-01-03 11:00:00,8.23,1406.95
2019-01-03 12:00:00,8.73,1404.78
2019-01-03 13:00:00,9.22,1374.89
2019-01-03 14:00:00,9.67,1357.03
2019-01-03 15:00:00,8.85,1436.62
2019-01-03 16:00:00,7.41,1444.61
2019-01-03 17:00:00,4.46,1765.23
2019-01-03 18:00:00,3.41,1698.2
2019-01-03 19:00:00,3.85,1793.57
2019-01-03 20:00:00,3.2,1684.24
2019-01-03 21:00:00,0.61,1722.16
2019-01-03 22:00:00,-1.44,1696.71
2019-01-03 23:00:00,-3.32,1719.29
2019-01-04 00:00:00,-3.37,1663.56
2019-01-04 01:00:00,-2.58,1621.02
2019-01-04 02:00:00,-2.5,1570.68
2019-01-04 03:00:00,-2.14,1499.3
2019-01-04 04:00:00,-1.02,1531.61
2019-01-04 05:00:00,0.73,1457.24
2019-01-04 06:00:00,1.62,1577.95
2019-01-04 07:00:00,1.81,1683.12
2019-01-04 08:00:00,1.78,1752.33
2019-01-04 09:00:00,3.96,1687.51
2019-01-04 10:00:00,4.74,1540.83
2019-01-04 11:00:00,4.65,1564.12
2019-01-04 12:00:00,4.91,1535.59
2019-01-04 13:00:00,4.87,1538.7
2019-01-04 14:00:00,4.02,1565.54
2019-01-04 15:00:00,3.35,1647.35
2019-01-04 16:00:00,1.8,1753.61
2019-01-04 17:00:00,-0.09,1895.84
2019-01-04 18:00:00,0.0,1804.27
2019-01-04 19:00:00,-2.33,1912.89
2019-01-04 20:00:00,-1.66,1833.16
2019-01-04 21:00:00,-3.25,1773.42
2019-01-04 22:00:00,-3.24,1738.5
2019-01-04 23:00:00,-2.92,1695.46
2019-01-05 00:00:00,-3.03,1531.68
2019-01-05 01:00:00,-2.37,1517.15
2019-01-05 02:00:00,-2.87,1475.48
2019-01-05 03:00:00,-3.17,1563.18
2019-01-05 04:00:00,-3.68,1575.42
2019-01-05 05:00:00,-2.51,1607.12
2019-01-05 06:00:00,-2.48,1613.19
2019-01-05 07:00:00,-2.03,1630.7
2019-01-05 08:00:00,-1.6,1664.67
2019-01-05 09:00:00,-0.9,1634.98
2019-01-05 10:00:00,-0.48,1623.43
2019-01-05 11:00:00,0.47,1512.05
2019-01-05 12:00:00,0.74,1497.97
2019-01-05 13:00:00,2.25,1462.55
2019-01-05 14:00:00,1.5,1399.33
2019-01-05 15:00:00,0.71,1571.79
2019-01-05 16:00:00,-1.04,1570.06
2019-01-05 17:00:00,-0.13,1664.86
2019-01-05 18:00:00,-1.84,1786.75
2019-01-05 19:00:00,-2.5,1810.31
2019-01-05 20:00:00,-4.69,1812.61
2019-01-05 21:00:00,-5.72,1892.95
2019-01-05 22:00:00,-7.81,1914.47
2019-01-05 23:00:00,-7.14,1789.7
2019-01-06 00:00:00,-7.82,1763.09
2019-01-06 01:00:00,-8.61,1776.91
2019-01-06 02:00:00,-9.84,1820.38
2019-01-06 03:00:00,-11.36,1813.51
2019-01-06 04:00:00,-8.54,1770.07
2019-01-06 05:00:00,-6.96,1770.23
2019-01-06 06:00:00,-3.87,1728.67
2019-01-06 07:00:00,-2.71,1638.15
2019-01-06 08:00:00,-2.05,1688.46
2019-01-06 09:00:00,-1.12,1708.13
2019-01-06 10:00:00,0.73,1585.04
2019-01-06 11:00:00,0.15,1557.94
2019-01-06 12:00:00,-1.26,1580.86
2019-01-06 13:00:00,-2.58,1663.43
2019-01-06 14:00:00,-2.14,1669.57
2019-01-06 15:00:00,-1.31,1612.69
2019-01-06 16:00:00,-0.4,1641.54
2019-01-06 17:00:00,-2.58,1699.99
2019-01-06 18:00:00,-3.62,1887.8
2019-01-06 19:00:00,-3.9,1866.03
2019-01-06 20:00:00,-4.15,1743.25
2019-01-06 21:00:00,-5.58,1877.34
2019-01-06 22:00:00,-6.23,1848.86
2019-01-06 23:00:00,-5.21,1764.83
2019-01-07 00:00:00,-5.62,1697.75
2019-01-07 01:00:00,-6.02,1697.97
2019-01-07 02:00:00,-5.15,1661.34
2019-01-07 03:00:00,-4.23,1642.71
2019-01-07 04:00:00,-2.36,1586.73
2019-01-07 05:00:00,-2.5,1672.34
2019-01-07 06:00:00,-3.12,1753.47
2019-01-07 07:00:00,-2.06,1800.51
2019-01-07 08:00:00,-2.11,1872.25
2019-01-07 09:00:00,0.25,1818.32
2019-01-07 10:00:00,0.84,1733.99
2019-01-07 11:00:00,2.37,1616.71
2019-01-07 12:00:00,3.22,1562.82
2019-01-07 13:00:00,2.64,1569.39
2019-01-07 14:00:00,2.45,1567.42
2019-01-07 15:00:00,-1.33,1871.72
2019-01-07 16:00:00,-2.64,1915.43
2019-01-07 17:00:00,-4.18,
2019-01-07 18:00:00,-5.58,2096.57
2019-01-07 19:00:00,-6.25,2236.45
2019-01-07 20:00:00,-7.44,2193.49
2019-01-07 21:00:00,-8.89,2128.92
2019-01-07 22:00:00,-11.16,2168.37
2019-01-07 23:00:00,-10.46,2065.08
2019-01-08 00:00:00,-9.63,1881.17
2019-01-08 01:00:00,-8.78,1849.91
2019-01-08 02:00:00,-8.79,1723.62
2019-01-08 03:00:00,-8.81,1816.46
2019-01-08 04:00:00,-8.09,1887.69
2019-01-08 05:00:00,-7.08,1861.25
2019-01-08 06:00:00,-5.72,1888.06
2019-01-08 07:00:00,-6.36,2020.06
2019-01-08 08:00:00,-3.71,1999.11
2019-01-08 09:00:00,-4.2,1976.81
2019-01-08 10:00:00,-2.48,1901.61
2019-01-08 11:00:00,-1.74,1797.43
2019-01-08 12:00:00,-0.98,1693.92
2019-01-08 13:00:00,1.28,1624.69
2019-01-08 14:00:00,0.26,1685.76
2019-01-08 15:00:00,-0.69,1758.04
2019-01-08 16:00:00,-0.25,1760.85
2019-01-08 17:00:00,-0.5,1929.24
2019-01-08 18:00:00,-2.63,
2019-01-08 19:00:00,-2.5,1958.47
2019-01-08 20:00:00,-2.09,1808.05
2019-01-08 21:00:00,-1.8,1744.73
2019-01-08 22:00:00,-3.49,1720.62
2019-01-08 23:00:00,-4.04,1697.42
2019-01-09 00:00:00,-4.0,1667.11
2019-01-09 01:00:00,-5.27,1656.38
2019-01-09 02:00:00,-6.08,1652.34
2019-01-09 03:00:00,-5.53,1708.62
2019-01-09 04:00:00,-4.92,1616.75
2019-01-09 05:00:00,-5.38,1764.42
2019-01-09 06:00:00,-2.76,1774.38
2019-01-09 07:00:00,-1.0,1734.62
2019-01-09 08:00:00,-2.6,1876.52
2019-01-09 09:00:00,0.33,1826.23
2019-01-09 10:00:00,-0.76,1855.38
2019-01-09 11:00:00,-0.82,1760.06
2019-01-09 12:00:00,0.42,1675.76
2019-01-09 13:00:00,2.74,1545.27
2019-01-09 14:00:00,3.45,1603.56
2019-01-09 15:00:00,2.3,1610.09
2019-01-09 16:00:00,1.47,1797.59
2019-01-09 17:00:00,1.09,1789.12
2019-01-09 18:00:00,0.74,1794.33
2019-01-09 19:00:00,-1.55,1913.8
2019-01-09 20:00:00,-3.81,1906.63
2019-01-09 21:00:00,-6.64,2063.72
2019-01-09 22:00:00,-7.56,1950.01
2019-01-09 23:00:00,-8.7,1980.43
2019-01-10 00:00:00,-8.53,1841.42
2019-01-10 01:00:00,-7.31,1716.39
2019-01-10 02:00:00,-6.61,1692.91
2019-01-10 03:00:00,-5.47,1670.53
2019-01-10 04:00:00,-3.88,1571.07
2019-01-10 05:00:00,-3.93,1698.87
2019-01-10 06:00:00,-2.63,1731.73
2019-01-10 07:00:00,-1.85,1766.69
2019-01-10 08:00:00,-1.07,1813.49
2019-01-10 09:00:00,-0.44,1773.36
2019-01-10 10:00:00,0.27,1707.24
2019-01-10 11:00:00,0.52,1706.88
2019-01-10 12:00:00,-0.78,1665.08
2019-01-10 13:00:00,0.06,1760.16
2019-01-10 14:00:00,0.41,1688.33
2019-01-10 15:00:00,-0.94,1762.27
2019-01-10 16:00:00,-1.43,1935.92
2019-01-10 17:00:00,-3.27,1944.85
2019-01-10 18:00:00,-3.54,2068.24
2019-01-10 19:00:00,-7.44,2105.72
2019-01-10 20:00:00,-8.46,2179.43
2019-01-10 21:00:00,-8.12,2069.26
2019-01-10 22:00:00,-6.65,1932.71
2019-01-10 23:00:00,-6.14,1832.64
2019-01-11 00:00:00,-6.8,1758.72
2019-01-11 01:00:00,-6.05,1742.28
2019-01-11 02:00:00,-4.1,1625.04
2019-01-11 03:00:00,-2.18,1533.23
2019-01-11 04:00:00,-2.11,1574.94
2019-01-11 05:00:00,-0.58,1598.56
2019-01-11 06:00:00,0.76,1619.89
2019-01-11 07:00:00,0.91,1636.28
2019-01-11 08:00:00,1.18,1748.64
2019-01-11 09:00:00,2.15,1755.49
2019-01-11 10:00:00,4.45,1601.43
2019-01-11 11:00:00,5.9,1526.49
2019-01-11 12:00:00,6.44,1443.19
2019-01-11 13:00:00,5.57,1497.23
2019-01-11 14:00:00,4.16,1552.64
2019-01-11 15:00:00,2.38,1674.45
2019-01-11 16:00:00,-0.05,1742.19
2019-01-11 17:00:00,0.85,1760.17
2019-01-11 18:00:00,-0.16,1866.92
2019-01-11 19:00:00,0.25,1753.24
2019-01-11 20:00:00,-1.61,1811.62
2019-01-11 21:00:00,-2.26,1824.15
2019-01-11 22:00:00,-2.64,1770.83
2019-01-11 23:00:00,-4.1,1801.83
2019-01-12 00:00:00,-3.08,1562.48
2019-01-12 01:00:00,-4.04,1532.72
2019-01-12 02:00:00,-4.98,1602.93
2019-01-12 03:00:00,-3.64,1565.2
2019-01-12 04:00:00,-2.37,1526.14
2019-01-12 05:00:00,-2.43,1592.38
2019-01-12 06:00:00,-3.31,1667.76
2019-01-12 07:00:00,-2.31,1702.49
2019-01-12 08:00:00,-0.87,1624.47
2019-01-12 09:00:00,-0.87,1695.16
2019-01-12 10:00:00,-1.17,1700.28
2019-01-12 11:00:00,-1.92,1584.62
2019-01-12 12:00:00,-3.05,1609.49
2019-01-12 13:00:00,-4.97,1747.21
2019-01-12 14:00:00,-6.01,1883.68
2019-01-12 15:00:00,-5.81,1877.52
2019-01-12 16:00:00,-7.61,1951.09
2019-01-12 17:00:00,-7.45,1992.52
2019-01-12 18:00:00,-7.5,2003.11
2019-01-12 19:00:00,-7.18,2015.39
2019-01-12 20:00:00,-9.07,
2019-01-12 21:00:00,-8.83,2115.87
2019-01-12 22:00:00,-9.27,2061.24
2019-01-12 23:00:00,-8.62,1955.24
2019-01-13 00:00:00,-7.66,1754.88
2019-01-13 01:00:00,-8.83,1840.05
2019-01-13 02:00:00,-10.43,1837.14
2019-01-13 03:00:00,-10.53,1865.04
2019-01-13 04:00:00,-9.84,1781.27
2019-01-13 05:00:00,-9.9,
2019-01-13 06:00:00,-9.33,2032.52
2019-01-13 07:00:00,-8.9,1912.08
2019-01-13 08:00:00,-9.04,2013.4
2019-01-13 09:00:00,-7.65,1992.88
2019-01-13 10:00:00,-6.45,
2019-01-13 11:00:00,-5.64,1804.07
2019-01-13 12:00:00,-5.26,1835.71
2019-01-13 13:00:00,-4.41,1744.25
2019-01-13 14:00:00,-4.37,1785.91
2019-01-13 15:00:00,-4.58,
2019-01-13 16:00:00,-5.86,1876.92
2019-01-13 17:00:00,-8.64,2133.05
2019-01-13 18:00:00,-8.72,2071.53
2019-01-13 19:00:00,-8.74,2075.24
2019-01-13 20:00:00,-10.05,2065.31
2019-01-13 21:00:00,-10.86,2149.58
2019-01-13 22:00:00,-12.88,2257.82
2019-01-13 23:00:00,-13.23,2158.75
2019-01-14 00:00:00,-12.46,2100.19
2019-01-14 01:00:00,-12.69,2075.94
2019-01-14 02:00:00,-9.73,1855.05
2019-01-14 03:00:00,-8.99,1856.59
2019-01-14 04:00:00,-5.7,1676.49
2019-01-14 05:00:00,-5.61,1685.32
2019-01-14 06:00:00,-3.08,1757.88
2019-01-14 07:00:00,-2.27,1833.41
2019-01-14 08:00:00,-1.94,1845.46
2019-01-14 09:00:00,-1.9,1858.64
2019-01-14 10:00:00,-1.73,1889.92
2019-01-14 11:00:00,-1.32,1810.01
2019-01-14 12:00:00,-0.17,1713.12
2019-01-14 13:00:00,1.16,1627.38
2019-01-14 14:00:00,0.43,1663.74
2019-01-14 15:00:00,-1.57,1785.67
2019-01-14 16:00:00,-0.56,1776.96
2019-01-14 17:00:00,-1.52,1898.28
2019-01-14 18:00:00,-0.8,1863.84
2019-01-14 19:00:00,-2.39,1974.45
2019-01-14 20:00:00,-1.8,1837.43
2019-01-14 21:00:00,-2.72,1842.78
2019-01-14 22:00:00,-3.55,1770.58
2019-01-14 23:00:00,-4.1,1728.58
2019-01-15 00:00:00,-3.61,1698.58
2019-01-15 01:00:00,-2.75,1633.01
2019-01-15 02:00:00,-0.7,1473.24
2019-01-15 03:00:00,-1.64,1560.75
2019-01-15 04:00:00,0.05,1468.97
2019-01-15 05:00:00,1.51,1503.69
2019-01-15 06:00:00,2.3,1514.65
2019-01-15 07:00:00,3.38,1615.12
2019-01-15 08:00:00,2.8,1681.39
2019-01-15 09:00:00,3.0,1729.17
2019-01-15 10:00:00,3.73,1690.69
2019-01-15 11:00:00,5.67,1556.17
2019-01-15 12:00:00,5.6,1489.13
2019-01-15 13:00:00,4.78,1518.09
2019-01-15 14:00:00,3.61,1516.07
2019-01-15 15:00:00,1.07,1706.46
2019-01-15 16:00:00,0.17,1865.0
2019-01-15 17:00:00,-1.65,1941.37
2019-01-15 18:00:00,-1.86,1963.29
2019-01-15 19:00:00,-2.36,1907.7
2019-01-15 20:00:00,-4.74,1889.99
2019-01-15 21:00:00,-5.58,1943.19
2019-01-15 22:00:00,-5.31,1779.76
2019-01-15 23:00:00,-5.65,1822.94
2019-01-16 00:00:00,-5.36,1762.93
2019-01-16 01:00:00,-4.66,1638.3
2019-01-16 02:00:00,-4.37,1586.09
2019-01-16 03:00:00,-3.35,1562.15
2019-01-16 04:00:00,-2.47,1531.41
2019-01-16 05:00:00,-0.39,1577.97
2019-01-16 06:00:00,0.42,1608.19
2019-01-16 07:00:00,2.02,1665.26
2019-01-16 08:00:00,3.63,1648.32
2019-01-16 09:00:00,4.66,1645.74
2019-01-16 10:00:00,3.89,1657.37
2019-01-16 11:00:00,4.86,1579.04
2019-01-16 12:00:00,6.16,1471.72
2019-01-16 13:00:00,6.87,1442.59
2019-01-16 14:00:00,4.99,1503.0
2019-01-16 15:00:00,6.22,1512.53
2019-01-16 16:00:00,5.72,1562.29
2019-01-16 17:00:00,4.59,1720.97
2019-01-16 18:00:00,4.54,1726.52
2019-01-16 19:00:00,3.11,1722.33
2019-01-16 20:00:00,2.68,1732.53
2019-01-16 21:00:00,0.52,1734.53
2019-01-16 22:00:00,-0.63,1670.95
2019-01-16 23:00:00,-0.86,1634.09
2019-01-17 00:00:00,-1.04,1552.93
2019-01-17 01:00:00,0.12,1507.52
2019-01-17 02:00:00,-1.04,1521.54
2019-01-17 03:00:00,-0.63,1502.53
2019-01-17 04:00:00,0.65,1424.81
2019-01-17 05:00:00,0.3,1554.49
2019-01-17 06:00:00,2.08,1606.34
2019-01-17 07:00:00,4.13,1597.79
2019-01-17 08:00:00,4.7,1675.25
2019-01-17 09:00:00,5.47,1644.81
2019-01-17 10:00:00,7.3,1497.56
2019-01-17 11:00:00,7.32,1481.32
2019-01-17 12:00:00,5.95,1438.45
2019-01-17 13:00:00,4.86,1448.24
2019-01-17 14:00:00,4.61,1537.3
2019-01-17 15:00:00,3.09,1615.64
2019-01-17 16:00:00,2.04,1606.73
2019-01-17 17:00:00,-1.21,1873.25
2019-01-17 18:00:00,-1.66,1913.57
2019-01-17 19:00:00,-2.75,1971.57
2019-01-17 20:00:00,-5.09,1895.86
2019-01-17 21:00:00,-8.17,2175.0
2019-01-17 22:00:00,-10.35,2113.2
2019-01-17 23:00:00,-11.43,2124.64
2019-01-18 00:00:00,-10.81,1974.3
2019-01-18 01:00:00,-11.49,1956.48
2019-01-18 02:00:00,-13.33,1998.46
2019-01-18 03:00:00,-11.58,1964.56
2019-01-18 04:00:00,-11.91,2025.31
2019-01-18 05:00:00,-11.57,1982.81
2019-01-18 06:00:00,-9.9,2045.79
2019-01-18 07:00:00,-7.33,1991.14
2019-01-18 08:00:00,-7.29,2127.71
2019-01-18 09:00:00,-4.79,2016.77
2019-01-18 10:00:00,-4.7,1957.57
2019-01-18 11:00:00,-2.19,1804.21
2019-01-18 12:00:00,-2.64,1738.72
2019-01-18 13:00:00,-2.06,1849.63
2019-01-18 14:00:00,-2.44,1820.01
2019-01-18 15:00:00,-2.93,1831.47
2019-01-18 16:00:00,-3.47,2053.64
2019-01-18 17:00:00,-4.51,2075.38
2019-01-18 18:00:00,-5.47,2144.75
2019-01-18 19:00:00,-7.44,2206.44
2019-01-18 20:00:00,-9.59,2186.39
2019-01-18 21:00:00,-10.22,2221.79
2019-01-18 22:00:00,-10.82,2083.65
2019-01-18 23:00:00,-10.96,2098.05
2019-01-19 00:00:00,-9.84,1860.47
2019-01-19 01:00:00,-8.3,1757.23
2019-01-19 02:00:00,-6.82,1671.29
2019-01-19 03:00:00,-6.11,1634.1
2019-01-19 04:00:00,-4.04,1616.87
2019-01-19 05:00:00,-3.14,1568.99
2019-01-19 06:00:00,-3.53,1667.08
2019-01-19 07:00:00,-2.71,1646.37
2019-01-19 08:00:00,-1.05,1622.33
2019-01-19 09:00:00,0.2,1585.51
2019-01-19 10:00:00,1.54,1540.39
2019-01-19 11:00:00,1.92,1505.13
2019-01-19 12:00:00,2.01,1443.14
2019-01-19 13:00:00,0.66,1508.28
2019-01-19 14:00:00,1.63,1442.83
2019-01-19 15:00:00,0.93,1528.17
2019-01-19 16:00:00,-0.86,1737.94
2019-01-19 17:00:00,-1.45,1657.88
2019-01-19 18:00:00,-2.12,1816.21
2019-01-19 19:00:00,-3.4,1839.88
2019-01-19 20:00:00,-5.35,1768.27
2019-01-19 21:00:00,-4.66,1893.15
2019-01-19 22:00:00,-7.03,1926.05
2019-01-19 23:00:00,-6.98,1809.04
2019-01-20 00:00:00,-7.68,1710.22
2019-01-20 01:00:00,-7.94,1779.18
2019-01-20 02:00:00,-7.23,1687.87
2019-01-20 03:00:00,-5.14,1614.31
2019-01-20 04:00:00,-6.0,1705.43
2019-01-20 05:00:00,-4.78,1634.92
2019-01-20 06:00:00,-3.62,1688.88
2019-01-20 07:00:00,-1.24,1574.51
2019-01-20 08:00:00,-2.42,1721.38
2019-01-20 09:00:00,-2.55,1691.88
2019-01-20 10:00:00,-2.21,1666.92
2019-01-20 11:00:00,-4.8,1777.5
2019-01-20 12:00:00,-5.51,1744.37
2019-01-20 13:00:00,-6.02,1801.57
2019-01-20 14:00:00,-6.38,1769.94
2019-01-20 15:00:00,-5.31,1784.9
2019-01-20 16:00:00,-5.57,1852.23
2019-01-20 17:00:00,-5.86,1879.4
2019-01-20 18:00:00,-6.05,1924.82
2019-01-20 19:00:00,-6.5,2055.16
2019-01-20 20:00:00,-7.66,1963.21
2019-01-20 21:00:00,-7.54,2016.74
2019-01-20 22:00:00,-8.1,1983.04
2019-01-20 23:00:00,-10.06,2011.63
2019-01-21 00:00:00,-11.63,2037.91
2019-01-21 01:00:00,-9.89,1872.8
2019-01-21 02:00:00,-10.61,1855.74
2019-01-21 03:00:00,-8.94,1860.77
2019-01-21 04:00:00,-7.64,1801.27
2019-01-21 05:00:00,-6.93,1859.86
2019-01-21 06:00:00,-7.18,1955.35
2019-01-21 07:00:00,-5.54,1980.06
2019-01-21 08:00:00,-3.82,1961.82
2019-01-21 09:00:00,-3.9,1948.41
2019-01-21 10:00:00,-3.23,1888.75
2019-01-21 11:00:00,-2.34,1868.71
2019-01-21 12:00:00,-0.85,1789.17
2019-01-21 13:00:00,-1.88,1774.89
2019-01-21 14:00:00,-2.42,1860.59
2019-01-21 15:00:00,-4.76,2013.78
2019-01-21 16:00:00,-6.08,2133.1
2019-01-21 17:00:00,-7.19,2146.8
2019-01-21 18:00:00,-10.13,2383.55
2019-01-21 19:00:00,-11.45,2392.98
2019-01-21 20:00:00,-11.07,2289.53
2019-01-21 21:00:00,-11.77,2274.9
2019-01-21 22:00:00,-11.05,
2019-01-21 23:00:00,-10.92,2097.96
2019-01-22 00:00:00,-12.21,2037.15
2019-01-22 01:00:00,-11.94,1994.79
2019-01-22 02:00:00,-10.98,1916.9
2019-01-22 03:00:00,-11.73,1917.09
2019-01-22 04:00:00,-11.67,2017.61
2019-01-22 05:00:00,-10.03,1960.56
2019-01-22 06:00:00,-9.34,
2019-01-22 07:00:00,-8.72,2099.09
2019-01-22 08:00:00,-8.59,2133.78
2019-01-22 09:00:00,-7.23,2168.62
2019-01-22 10:00:00,-7.01,2151.02
2019-01-22 11:00:00,-6.12,1991.75
2019-01-22 12:00:00,-4.81,1974.16
2019-01-22 13:00:00,-5.59,2022.6
2019-01-22 14:00:00,-5.06,1969.37
2019-01-22 15:00:00,-4.0,1957.68
2019-01-22 16:00:00,-4.62,1975.44
2019-01-22 17:00:00,-6.31,2183.37
2019-01-22 18:00:00,-5.64,2082.23
2019-01-22 19:00:00,-7.11,2220.01
2019-01-22 20:00:00,-8.8,2176.63
2019-01-22 21:00:00,-12.07,2344.55
2019-01-22 22:00:00,-13.28,2312.45
2019-01-22 23:00:00,-14.49,2303.35
2019-01-23 00:00:00,-15.46,2215.93
2019-01-23 01:00:00,-14.79,2159.56
2019-01-23 02:00:00,-14.88,2117.42
2019-01-23 03:00:00,-14.42,2108.04
2019-01-23 04:00:00,-12.73,2007.28
2019-01-23 05:00:00,-12.39,2166.68
2019-01-23 06:00:00,-10.86,2103.38
2019-01-23 07:00:00,-9.63,2168.02
2019-01-23 08:00:00,-8.65,2148.5
2019-01-23 09:00:00,-7.16,2168.94
2019-01-23 10:00:00,-5.95,1966.17
2019-01-23 11:00:00,-6.19,2050.79
2019-01-23 12:00:00,-5.56,1918.85
2019-01-23 13:00:00,-4.26,
2019-01-23 14:00:00,-5.17,1957.89
2019-01-23 15:00:00,-6.62,2116.22
2019-01-23 16:00:00,-7.35,2158.75
2019-01-23 17:00:00,-8.46,2173.59
2019-01-23 18:00:00,-7.48,2134.58
2019-01-23 19:00:00,-7.81,2280.3
2019-01-23 20:00:00,-9.17,2228.48
2019-01-23 21:00:00,-8.54,2092.95
2019-01-23 22:00:00,-6.3,1911.58
2019-01-23 23:00:00,-7.47,1917.57
2019-01-24 00:00:00,-7.43,1787.89
2019-01-24 01:00:00,-8.83,1865.33
2019-01-24 02:00:00,-8.35,1790.61
2019-01-24 03:00:00,-10.18,1898.16
2019-01-24 04:00:00,-7.74,1766.91
2019-01-24 05:00:00,-7.09,1799.53
2019-01-24 06:00:00,-5.44,1826.04
2019-01-24 07:00:00,-5.13,1937.81
2019-01-24 08:00:00,-4.31,1899.8
2019-01-24 09:00:00,-3.05,1922.67
2019-01-24 10:00:00,-0.37,1824.21
2019-01-24 11:00:00,0.39,1697.38
2019-01-24 12:00:00,-0.76,1723.08
2019-01-24 13:00:00,0.57,1668.18
2019-01-24 14:00:00,0.15,1649.72
2019-01-24 15:00:00,-0.86,1786.79
2019-01-24 16:00:00,-1.04,1864.24
2019-01-24 17:00:00,-2.46,1919.76
2019-01-24 18:00:00,-3.53,2021.36
2019-01-24 19:00:00,-1.49,1992.05
2019-01-24 20:00:00,-2.48,1806.88
2019-01-24 21:00:00,-3.24,1885.85
2019-01-24 22:00:00,-4.4,1823.03
2019-01-24 23:00:00,-4.93,1810.76
2019-01-25 00:00:00,-4.51,1680.35
2019-01-25 01:00:00,-3.66,1591.77
2019-01-25 02:00:00,-4.07,1608.24
2019-01-25 03:00:00,-2.49,1598.22
2019-01-25 04:00:00,-1.25,1515.38
2019-01-25 05:00:00,-1.79,1608.7
2019-01-25 06:00:00,-0.07,1627.93
2019-01-25 07:00:00,1.79,1683.01
2019-01-25 08:00:00,1.26,1727.22
2019-01-25 09:00:00,0.98,1799.08
2019-01-25 10:00:00,1.42,1752.05
2019-01-25 11:00:00,2.52,1689.36
2019-01-25 12:00:00,1.35,1558.52
2019-01-25 13:00:00,-1.32,1753.44
2019-01-25 14:00:00,-3.27,1888.45
2019-01-25 15:00:00,-3.1,1960.31
2019-01-25 16:00:00,-5.31,2081.7
2019-01-25 17:00:00,-6.92,2287.01
2019-01-25 18:00:00,-7.89,2198.92
2019-01-25 19:00:00,-9.11,2300.88
2019-01-25 20:00:00,-9.26,2145.38
2019-01-25 21:00:00,-10.46,
2019-01-25 22:00:00,-11.33,2203.86
2019-01-25 23:00:00,-11.15,2046.96
2019-01-26 00:00:00,-10.65,1898.88
2019-01-26 01:00:00,-10.62,1830.57
2019-01-26 02:00:00,-8.9,1791.61
2019-01-26 03:00:00,-8.2,1717.9
2019-01-26 04:00:00,-7.13,1731.03
2019-01-26 05:00:00,-5.43,1768.59
2019-01-26 06:00:00,-5.51,1764.06
2019-01-26 07:00:00,-4.9,1701.37
2019-01-26 08:00:00,-2.74,1688.09
2019-01-26 09:00:00,-0.99,1636.03
2019-01-26 10:00:00,-1.49,1692.85
2019-01-26 11:00:00,-0.58,
2019-01-26 12:00:00,-1.0,1527.79
2019-01-26 13:00:00,-0.82,1500.14
2019-01-26 14:00:00,-0.38,1595.05
2019-01-26 15:00:00,0.3,1552.82
2019-01-26 16:00:00,-0.02,1547.25
2019-01-26 17:00:00,0.13,1647.04
2019-01-26 18:00:00,-1.78,1780.64
2019-01-26 19:00:00,-1.99,1784.1
2019-01-26 20:00:00,-3.97,1768.9
2019-01-26 21:00:00,-4.01,1814.81
2019-01-26 22:00:00,-5.35,1838.79
2019-01-26 23:00:00,-4.56,1736.48
2019-01-27 00:00:00,-4.37,1622.04
2019-01-27 01:00:00,-4.84,1532.28
2019-01-27 02:00:00,-4.66,1539.52
2019-01-27 03:00:00,-4.81,1567.41
2019-01-27 04:00:00,-3.04,
2019-01-27 05:00:00,-1.07,1521.09
2019-01-27 06:00:00,1.96,1479.31
2019-01-27 07:00:00,3.99,1346.22
2019-01-27 08:00:00,4.54,1415.08
2019-01-27 09:00:00,3.9,
2019-01-27 10:00:00,5.32,1433.23
2019-01-27 11:00:00,6.65,1277.18
2019-01-27 12:00:00,7.65,1227.37
2019-01-27 13:00:00,9.05,1224.92
2019-01-27 14:00:00,8.63,1242.77
2019-01-27 15:00:00,8.37,1289.68
2019-01-27 16:00:00,9.1,1281.6
2019-01-27 17:00:00,7.49,1424.53
2019-01-27 18:00:00,4.87,1478.52
2019-01-27 19:00:00,3.34,1547.24
2019-01-27 20:00:00,2.45,1523.58
2019-01-27 21:00:00,0.73,1672.83
2019-01-27 22:00:00,0.26,1578.1
2019-01-27 23:00:00,-1.15,1576.51
2019-01-28 00:00:00,0.2,1555.45
2019-01-28 01:00:00,-0.22,1520.49
2019-01-28 02:00:00,1.89,1375.16
2019-01-28 03:00:00,3.44,1374.86
2019-01-28 04:00:00,4.05,1383.92
2019-01-28 05:00:00,4.54,1451.85
2019-01-28 06:00:00,3.62,1530.22
2019-01-28 07:00:00,2.83,1646.52
2019-01-28 08:00:00,2.77,1698.42
2019-01-28 09:00:00,2.71,1692.14
2019-01-28 10:00:00,2.05,1712.65
2019-01-28 11:00:00,2.49,1697.74
2019-01-28 12:00:00,1.38,1657.0
2019-01-28 13:00:00,1.77,1577.76
2019-01-28 14:00:00,3.55,1565.27
2019-01-28 15:00:00,2.82,1662.01
2019-01-28 16:00:00,1.93,1718.57
2019-01-28 17:00:00,2.5,1752.73
2019-01-28 18:00:00,1.65,1771.21
2019-01-28 19:00:00,-0.6,1945.66
2019-01-28 20:00:00,-1.28,1959.12
2019-01-28 21:00:00,-2.94,1874.69
2019-01-28 22:00:00,-1.4,1722.42
2019-01-28 23:00:00,-3.26,1780.15
2019-01-29 00:00:00,-4.03,1698.99
2019-01-29 01:00:00,-4.32,1603.95
2019-01-29 02:00:00,-3.17,1591.59
2019-01-29 03:00:00,-1.8,
2019-01-29 04:00:00,-0.32,1511.84
2019-01-29 05:00:00,0.02,1552.94
2019-01-29 06:00:00,0.63,1598.66
2019-01-29 07:00:00,-0.13,1748.29
2019-01-29 08:00:00,0.42,1794.35
2019-01-29 09:00:00,1.72,1675.11
2019-01-29 10:00:00,2.96,1651.71
2019-01-29 11:00:00,1.18,1686.05
2019-01-29 12:00:00,0.51,1660.88
2019-01-29 13:00:00,0.81,1660.83
2019-01-29 14:00:00,1.87,1679.96
2019-01-29 15:00:00,1.47,1666.58
2019-01-29 16:00:00,3.12,1706.97
2019-01-29 17:00:00,1.09,1812.24
2019-01-29 18:00:00,0.57,1875.71
2019-01-29 19:00:00,-1.19,1864.61
2019-01-29 20:00:00,-1.6,1839.47
2019-01-29 21:00:00,-3.46,1827.9
2019-01-29 22:00:00,-5.61,1904.13
2019-01-29 23:00:00,-5.69,1814.05
2019-01-30 00:00:00,-5.53,1772.41
2019-01-30 01:00:00,-3.58,1563.23
2019-01-30 02:00:00,-2.98,1522.16
2019-01-30 03:00:00,-1.28,1519.02
2019-01-30 04:00:00,-0.43,1499.46
2019-01-30 05:00:00,-0.69,1561.3
2019-01-30 06:00:00,0.23,1608.99
2019-01-30 07:00:00,1.47,1680.67
2019-01-30 08:00:00,2.21,1701.72
2019-01-30 09:00:00,2.98,1704.47
2019-01-30 10:00:00,2.27,1712.16
2019-01-30 11:00:00,3.84,1606.79
2019-01-30 12:00:00,4.63,1533.71
2019-01-30 13:00:00,4.34,1517.12
2019-01-30 14:00:00,3.92,1553.03
2019-01-30 15:00:00,2.79,1651.58
2019-01-30 16:00:00,2.43,1696.72
2019-01-30 17:00:00,1.93,1728.55
2019-01-30 18:00:00,-0.15,1846.53
2019-01-30 19:00:00,-1.97,1919.04
2019-01-30 20:00:00,-1.67,1843.44
2019-01-30 21:00:00,-2.26,1826.19
2019-01-30 22:00:00,-3.24,1763.08
2019-01-30 23:00:00,-2.81,1705.08
2019-01-31 00:00:00,-1.84,1587.37
2019-01-31 01:00:00,-2.67,1586.26
2019-01-31 02:00:00,-5.54,1643.07
2019-01-31 03:00:00,-4.74,1634.71
2019-01-31 04:00:00,-2.94,1612.28
2019-01-31 05:00:00,0.15,1566.42
2019-01-31 06:00:00,2.23,1524.77
2019-01-31 07:00:00,2.1,1667.89
2019-01-31 08:00:00,2.47,1725.65
2019-01-31 09:00:00,2.38,1750.7
2019-01-31 10:00:00,2.1,1704.63
2019-01-31 11:00:00,2.76,1602.68
2019-01-31 12:00:00,1.77,1666.9
2019-01-31 13:00:00,0.77,
2019-01-31 14:00:00,0.44,1689.82
2019-01-31 15:00:00,1.32,1561.27
2019-01-31 16:00:00,2.5,1716.48
2019-01-31 17:00:00,1.83,1823.33
2019-01-31 18:00:00,2.45,1763.49
2019-01-31 19:00:00,1.59,1780.12
2019-01-31 20:00:00,1.3,1695.3
2019-01-31 21:00:00,-0.14,1728.6
2019-01-31 22:00:00,0.48,1728.22
2019-01-31 23:00:00,0.47,1634.93
2019-02-01 00:00:00,1.14,1398.81
2019-02-01 01:00:00,1.52,1427.1
2019-02-01 02:00:00,1.63,1347.5
2019-02-01 03:00:00,1.72,1356.07
2019-02-01 04:00:00,2.35,1392.71
2019-02-01 05:00:00,1.64,1492.26
2019-02-01 06:00:00,2.81,1499.25
2019-02-01 07:00:00,3.94,1547.02
2019-02-01 08:00:00,3.91,1641.11
2019-02-01 09:00:00,3.65,1680.54
2019-02-01 10:00:00,4.2,1597.69
2019-02-01 11:00:00,4.17,1594.87
2019-02-01 12:00:00,3.9,1568.66
2019-02-01 13:00:00,3.0,1562.91
2019-02-01 14:00:00,2.9,1608.29
2019-02-01 15:00:00,2.24,1692.83
2019-02-01 16:00:00,2.01,1727.01
2019-02-01 17:00:00,0.99,1753.65
2019-02-01 18:00:00,-1.6,1917.03
2019-02-01 19:00:00,-1.35,1881.46
2019-02-01 20:00:00,-1.37,1750.41
2019-02-01 21:00:00,-2.05,1755.59
2019-02-01 22:00:00,-3.24,1761.96
2019-02-01 23:00:00,-4.98,1753.3
2019-02-02 00:00:00,-5.89,1671.91
2019-02-02 01:00:00,-6.96,1667.32
2019-02-02 02:00:00,-6.24,1664.61
2019-02-02 03:00:00,-5.42,1543.39
2019-02-02 04:00:00,-5.81,1615.82
2019-02-02 05:00:00,-4.5,1612.15
2019-02-02 06:00:00,-3.58,1702.61
2019-02-02 07:00:00,-1.89,1607.15
2019-02-02 08:00:00,-1.22,1637.72
2019-02-02 09:00:00,0.03,1578.27
2019-02-02 10:00:00,-0.93,1565.88
2019-02-02 11:00:00,-1.63,1631.52
2019-02-02 12:00:00,-1.68,1598.19
2019-02-02 13:00:00,-2.52,1616.56
2019-02-02 14:00:00,-4.36,1758.28
2019-02-02 15:00:00,-4.57,1867.97
2019-02-02 16:00:00,-5.04,1935.36
2019-02-02 17:00:00,-3.77,1757.17
2019-02-02 18:00:00,-4.47,1853.71
2019-02-02 19:00:00,-5.98,1953.48
2019-02-02 20:00:00,-8.02,1928.84
2019-02-02 21:00:00,-8.92,2028.63
2019-02-02 22:00:00,-8.61,1921.35
2019-02-02 23:00:00,-9.52,1949.23
2019-02-03 00:00:00,-10.44,1802.56
2019-02-03 01:00:00,-11.57,1923.72
2019-02-03 02:00:00,-10.86,1856.33
2019-02-03 03:00:00,-9.85,1789.01
2019-02-03 04:00:00,-8.94,1769.29
2019-02-03 05:00:00,-8.58,1853.51
2019-02-03 06:00:00,-8.09,1901.99
2019-02-03 07:00:00,-5.7,1716.4
2019-02-03 08:00:00,-4.79,1770.48
2019-02-03 09:00:00,-4.11,1832.15
2019-02-03 10:00:00,-3.9,1735.75
2019-02-03 11:00:00,12.59,1655.22
2019-02-03 12:00:00,-1.3,1578.54
2019-02-03 13:00:00,-1.56,1548.13
2019-02-03 14:00:00,-0.81,1490.18
2019-02-03 15:00:00,-1.0,1604.65
2019-02-03 16:00:00,-2.17,1685.64
2019-02-03 17:00:00,-1.93,1633.11
2019-02-03 18:00:00,-3.28,1800.11
2019-02-03 19:00:00,-4.21,1885.5
2019-02-03 20:00:00,-6.74,1889.64
2019-02-03 21:00:00,-7.64,1917.14
2019-02-03 22:00:00,-7.96,1904.06
2019-02-03 23:00:00,-9.33,1972.22
2019-02-04 00:00:00,-10.28,1898.56
2019-02-04 01:00:00,-10.19,1902.95
2019-02-04 02:00:00,-9.25,1813.51
2019-02-04 03:00:00,-7.44,1728.17
2019-02-04 04:00:00,-6.96,1707.9
2019-02-04 05:00:00,-5.12,1716.78
2019-02-04 06:00:00,-2.72,1681.52
2019-02-04 07:00:00,-2.24,1749.17
2019-02-04 08:00:00,-1.12,1771.33
2019-02-04 09:00:00,0.82,1740.99
2019-02-04 10:00:00,2.94,1656.0
2019-02-04 11:00:00,2.19,1663.88
2019-02-04 12:00:00,3.02,1584.97
2019-02-04 13:00:00,4.13,1531.75
2019-02-04 14:00:00,4.65,1538.8
2019-02-04 15:00:00,2.33,1614.1
2019-02-04 16:00:00,2.29,1687.61
2019-02-04 17:00:00,2.01,1713.75
2019-02-04 18:00:00,2.54,1736.51
2019-02-04 19:00:00,1.02,1777.0
2019-02-04 20:00:00,0.4,1680.73
2019-02-04 21:00:00,-0.5,1636.68
2019-02-04 22:00:00,0.51,1603.69
2019-02-04 23:00:00,-0.36,1593.08
2019-02-05 00:00:00,-0.87,1509.24
2019-02-05 01:00:00,-1.06,1476.7
2019-02-05 02:00:00,-1.58,1483.59
2019-02-05 03:00:00,-0.65,1518.77
2019-02-05 04:00:00,0.93,1415.13
2019-02-05 05:00:00,-0.55,1515.99
2019-02-05 06:00:00,0.72,1605.11
2019-02-05 07:00:00,-0.23,1714.83
2019-02-05 08:00:00,1.94,1672.38
2019-02-05 09:00:00,1.55,1723.42
2019-02-05 10:00:00,3.95,1616.29
2019-02-05 11:00:00,5.28,1536.41
2019-02-05 12:00:00,4.67,1533.33
2019-02-05 13:00:00,4.51,1523.69
2019-02-05 14:00:00,6.65,1383.34
2019-02-05 15:00:00,6.69,1457.67
2019-02-05 16:00:00,6.88,1535.72
2019-02-05 17:00:00,5.2,1656.49
2019-02-05 18:00:00,3.4,1680.51
2019-02-05 19:00:00,1.85,1729.65
2019-02-05 20:00:00,-0.65,1772.75
2019-02-05 21:00:00,-0.32,1770.53
2019-02-05 22:00:00,-1.64,1660.47
2019-02-05 23:00:00,-0.71,1635.94
2019-02-06 00:00:00,-0.43,1483.83
2019-02-06 01:00:00,0.03,1478.14
2019-02-06 02:00:00,1.5,1405.74
2019-02-06 03:00:00,2.87,1398.19
2019-02-06 04:00:00,4.11,1351.53
2019-02-06 05:00:00,3.74,1389.53
2019-02-06 06:00:00,4.72,1478.3
2019-02-06 07:00:00,6.04,1534.27
2019-02-06 08:00:00,6.98,1460.81
2019-02-06 09:00:00,9.67,1485.4
2019-02-06 10:00:00,10.15,1436.82
2019-02-06 11:00:00,9.92,1376.79
2019-02-06 12:00:00,10.02,1367.97
2019-02-06 13:00:00,9.31,1343.62
2019-02-06 14:00:00,8.26,1410.69
2019-02-06 15:00:00,8.06,1460.74
2019-02-06 16:00:00,8.5,1431.13
2019-02-06 17:00:00,7.04,1472.03
2019-02-06 18:00:00,6.02,1617.27
2019-02-06 19:00:00,5.0,1664.87
2019-02-06 20:00:00,2.87,1702.23
2019-02-06 21:00:00,2.05,1604.12
2019-02-06 22:00:00,0.42,1578.48
2019-02-06 23:00:00,0.49,1549.53
2019-02-07 00:00:00,1.19,1449.23
2019-02-07 01:00:00,1.68,1427.46
2019-02-07 02:00:00,-0.33,1428.95
2019-02-07 03:00:00,0.0,1423.8
2019-02-07 04:00:00,0.84,1449.05
2019-02-07 05:00:00,2.05,1446.38
2019-02-07 06:00:00,3.56,1534.44
2019-02-07 07:00:00,4.87,1531.28
2019-02-07 08:00:00,5.75,1585.0
2019-02-07 09:00:00,6.29,1590.11
2019-02-07 10:00:00,8.61,1458.66
2019-02-07 11:00:00,7.66,1418.04
2019-02-07 12:00:00,8.85,1382.71
2019-02-07 13:00:00,8.76,1333.57
2019-02-07 14:00:00,8.76,1394.84
2019-02-07 15:00:00,6.74,1474.29
2019-02-07 16:00:00,6.77,1522.78
2019-02-07 17:00:00,5.86,1527.06
2019-02-07 18:00:00,2.11,1801.43
2019-02-07 19:00:00,-0.37,1826.65
2019-02-07 20:00:00,-0.02,1765.14
2019-02-07 21:00:00,0.2,1680.5
2019-02-07 22:00:00,-0.36,1557.07
2019-02-07 23:00:00,0.18,1599.29
2019-02-08 00:00:00,0.38,1473.12
2019-02-08 01:00:00,1.34,1409.82
2019-02-08 02:00:00,1.08,1425.05
2019-02-08 03:00:00,0.28,1441.41
2019-02-08 04:00:00,2.67,1346.04
2019-02-08 05:00:00,5.84,1314.17
2019-02-08 06:00:00,8.21,1382.68
2019-02-08 07:00:00,10.2,1391.73
2019-02-08 08:00:00,9.65,1507.87
2019-02-08 09:00:00,9.45,1498.05
2019-02-08 10:00:00,8.77,1449.8
2019-02-08 11:00:00,8.79,1424.9
2019-02-08 12:00:00,8.9,1357.65
2019-02-08 13:00:00,8.58,1409.93
2019-02-08 14:00:00,8.25,1384.49
2019-02-08 15:00:00,6.73,1412.89
2019-02-08 16:00:00,4.71,1515.92
2019-02-08 17:00:00,1.38,1773.33
2019-02-08 18:00:00,1.8,1796.65
2019-02-08 19:00:00,0.26,1831.82
2019-02-08 20:00:00,-1.47,1864.21
2019-02-08 21:00:00,-3.76,1851.32
2019-02-08 22:00:00,-4.52,1858.31
2019-02-08 23:00:00,-3.38,1671.96
2019-02-09 00:00:00,-2.78,1538.32
2019-02-09 01:00:00,-4.01,1513.74
2019-02-09 02:00:00,-3.56,1560.07
2019-02-09 03:00:00,-3.23,1519.08
2019-02-09 04:00:00,-0.88,1416.64
2019-02-09 05:00:00,-1.71,1487.81
2019-02-09 06:00:00,-0.71,1586.58
2019-02-09 07:00:00,-0.07,1517.93
2019-02-09 08:00:00,-0.09,1561.51
2019-02-09 09:00:00,1.36,1501.93
2019-02-09 10:00:00,2.3,1482.01
2019-02-09 11:00:00,3.88,1357.06
2019-02-09 12:00:00,3.57,1305.72
2019-02-09 13:00:00,3.64,1386.7
2019-02-09 14:00:00,3.77,1303.91
2019-02-09 15:00:00,2.84,1389.09
2019-02-09 16:00:00,3.52,1424.18
2019-02-09 17:00:00,2.92,1543.31
2019-02-09 18:00:00,3.48,1570.81
2019-02-09 19:00:00,4.05,1487.46
2019-02-09 20:00:00,2.23,1549.31
2019-02-09 21:00:00,2.69,1577.06
2019-02-09 22:00:00,3.14,1524.59
2019-02-09 23:00:00,2.69,
2019-02-10 00:00:00,2.12,1425.0
2019-02-10 01:00:00,3.1,1316.0
2019-02-10 02:00:00,3.57,1276.71
2019-02-10 03:00:00,5.13,1231.24
2019-02-10 04:00:00,6.96,1232.28
2019-02-10 05:00:00,6.65,1307.97
2019-02-10 06:00:00,7.86,1309.77
2019-02-10 07:00:00,9.53,1251.7
2019-02-10 08:00:00,10.65,1264.12
2019-02-10 09:00:00,11.29,1297.23
2019-02-10 10:00:00,11.52,1249.78
2019-02-10 11:00:00,10.09,1229.07
2019-02-10 12:00:00,9.77,1143.43
2019-02-10 13:00:00,8.24,1177.83
2019-02-10 14:00:00,6.84,1262.36
2019-02-10 15:00:00,7.5,1264.18
2019-02-10 16:00:00,5.79,1284.69
2019-02-10 17:00:00,4.2,1417.1
2019-02-10 18:00:00,0.59,1579.76
2019-02-10 19:00:00,-1.82,1786.29
2019-02-10 20:00:00,-2.84,1712.66
2019-02-10 21:00:00,-4.73,1802.89
2019-02-10 22:00:00,-6.04,1810.89
2019-02-10 23:00:00,-6.31,1761.15
2019-02-11 00:00:00,-6.79,1744.4
2019-02-11 01:00:00,-7.31,1678.32
2019-02-11 02:00:00,-7.1,1663.03
2019-02-11 03:00:00,-7.09,1721.82
2019-02-11 04:00:00,-6.83,1735.59
2019-02-11 05:00:00,-5.91,1802.05
2019-02-11 06:00:00,-4.63,1749.56
2019-02-11 07:00:00,-4.31,1853.31
2019-02-11 08:00:00,-3.25,1890.79
2019-02-11 09:00:00,-1.25,1839.57
2019-02-11 10:00:00,1.13,1704.09
2019-02-11 11:00:00,0.47,1641.54
2019-02-11 12:00:00,-0.01,1627.21
2019-02-11 13:00:00,-0.32,1641.72
2019-02-11 14:00:00,0.79,1685.19
2019-02-11 15:00:00,0.08,1662.42
2019-02-11 16:00:00,-0.19,1772.09
2019-02-11 17:00:00,-1.85,1985.02
2019-02-11 18:00:00,-4.69,2090.84
2019-02-11 19:00:00,-7.08,2140.87
2019-02-11 20:00:00,-9.14,2153.44
2019-02-11 21:00:00,-9.53,2206.91
2019-02-11 22:00:00,-9.75,2075.3
2019-02-11 23:00:00,-9.1,1940.32
2019-02-12 00:00:00,-9.3,1829.22
2019-02-12 01:00:00,-7.96,1788.83
2019-02-12 02:00:00,-6.73,1659.55
2019-02-12 03:00:00,-6.32,1620.36
2019-02-12 04:00:00,-4.97,1581.43
2019-02-12 05:00:00,-3.12,1655.87
2019-02-12 06:00:00,-0.76,1623.6
2019-02-12 07:00:00,-0.96,1713.02
2019-02-12 08:00:00,1.91,1648.94
2019-02-12 09:00:00,2.68,1667.26
2019-02-12 10:00:00,2.82,1610.18
2019-02-12 11:00:00,3.16,1548.38
2019-02-12 12:00:00,5.37,1462.5
2019-02-12 13:00:00,4.91,1548.7
2019-02-12 14:00:00,5.82,1484.77
2019-02-12 15:00:00,4.63,1531.92
2019-02-12 16:00:00,5.38,1569.46
2019-02-12 17:00:00,4.37,1701.98
2019-02-12 18:00:00,1.34,1790.39
2019-02-12 19:00:00,0.83,1819.6
2019-02-12 20:00:00,-1.83,1803.97
2019-02-12 21:00:00,-4.71,1916.62
2019-02-12 22:00:00,-6.43,1891.4
2019-02-12 23:00:00,-4.64,1830.99
2019-02-13 00:00:00,-4.87,1672.67
2019-02-13 01:00:00,-4.15,1658.21
2019-02-13 02:00:00,-4.97,1524.94
2019-02-13 03:00:00,-2.52,1512.57
2019-02-13 04:00:00,-0.19,1412.94
2019-02-13 05:00:00,-0.15,1534.38
2019-02-13 06:00:00,0.4,1584.88
2019-02-13 07:00:00,1.75,1634.51
2019-02-13 08:00:00,1.33,1668.28
2019-02-13 09:00:00,1.96,1723.2
2019-02-13 10:00:00,1.98,1655.07
2019-02-13 11:00:00,0.97,1685.33
2019-02-13 12:00:00,0.3,1711.18
2019-02-13 13:00:00,0.47,1684.05
2019-02-13 14:00:00,0.27,1683.82
2019-02-13 15:00:00,-0.57,1697.0
2019-02-13 16:00:00,-1.55,1886.19
2019-02-13 17:00:00,-3.47,1971.57
2019-02-13 18:00:00,-4.57,2060.01
2019-02-13 19:00:00,-4.4,2016.51
2019-02-13 20:00:00,-5.72,2018.97
2019-02-13 21:00:00,-6.04,
2019-02-13 22:00:00,-7.34,1994.88
2019-02-13 23:00:00,-7.94,1965.07
2019-02-14 00:00:00,-7.78,1863.38
2019-02-14 01:00:00,-7.09,1748.66
2019-02-14 02:00:00,-7.32,1726.0
2019-02-14 03:00:00,-6.43,1682.36
2019-02-14 04:00:00,-5.14,1618.16
2019-02-14 05:00:00,-3.54,1600.18
2019-02-14 06:00:00,-3.61,1685.92
2019-02-14 07:00:00,-1.65,1763.13
2019-02-14 08:00:00,-0.05,1785.42
2019-02-14 09:00:00,-0.4,1778.42
2019-02-14 10:00:00,0.95,1720.33
2019-02-14 11:00:00,1.7,1636.64
2019-02-14 12:00:00,2.62,1609.06
2019-02-14 13:00:00,4.46,1506.0
2019-02-14 14:00:00,2.99,1537.37
2019-02-14 15:00:00,2.42,1600.22
2019-02-14 16:00:00,3.08,1619.72
2019-02-14 17:00:00,1.51,1820.52
2019-02-14 18:00:00,1.26,1762.31
2019-02-14 19:00:00,-1.06,1893.29
2019-02-14 20:00:00,-0.87,1751.87
2019-02-14 21:00:00,-1.07,1788.12
2019-02-14 22:00:00,-0.28,1694.58
2019-02-14 23:00:00,-0.11,1585.68
2019-02-15 00:00:00,1.27,1471.68
2019-02-15 01:00:00,0.79,1410.97
2019-02-15 02:00:00,1.05,1394.94
2019-02-15 03:00:00,0.73,1341.22
2019-02-15 04:00:00,1.89,1390.12
2019-02-15 05:00:00,2.42,1436.75
2019-02-15 06:00:00,5.48,1374.66
2019-02-15 07:00:00,5.68,1539.32
2019-02-15 08:00:00,4.67,1574.55
2019-02-15 09:00:00,5.03,1602.08
2019-02-15 10:00:00,5.62,1601.17
2019-02-15 11:00:00,5.88,1483.53
2019-02-15 12:00:00,6.35,1431.53
2019-02-15 13:00:00,5.72,1452.9
2019-02-15 14:00:00,5.6,1529.29
2019-02-15 15:00:00,4.53,1527.16
2019-02-15 16:00:00,3.03,1604.47
2019-02-15 17:00:00,2.68,1722.25
2019-02-15 18:00:00,-0.22,1998.59
2019-02-15 19:00:00,-2.29,1976.99
2019-02-15 20:00:00,-2.38,1809.37
2019-02-15 21:00:00,-3.21,1776.14
2019-02-15 22:00:00,-4.56,1772.66
2019-02-15 23:00:00,-5.16,1740.24
2019-02-16 00:00:00,-5.44,1706.2
2019-02-16 01:00:00,-6.14,1696.36
2019-02-16 02:00:00,-5.29,1592.39
2019-02-16 03:00:00,-4.5,1527.67
2019-02-16 04:00:00,-3.99,1570.52
2019-02-16 05:00:00,-3.21,1609.43
2019-02-16 06:00:00,-2.9,1676.37
2019-02-16 07:00:00,-4.02,1657.05
2019-02-16 08:00:00,-5.15,1774.19
2019-02-16 09:00:00,-3.06,1671.27
2019-02-16 10:00:00,-3.37,1697.45
2019-02-16 11:00:00,-3.31,1635.88
2019-02-16 12:00:00,-2.56,1623.46
2019-02-16 13:00:00,-3.6,1689.99
2019-02-16 14:00:00,-3.02,
2019-02-16 15:00:00,-5.57,1782.28
2019-02-16 16:00:00,-4.35,1837.88
2019-02-16 17:00:00,-4.97,1810.53
2019-02-16 18:00:00,-5.18,1864.48
2019-02-16 19:00:00,-5.71,1852.31
2019-02-16 20:00:00,-5.92,1806.84
2019-02-16 21:00:00,-6.71,1944.72
2019-02-16 22:00:00,-7.09,1830.4
2019-02-16 23:00:00,-7.76,1771.56
2019-02-17 00:00:00,-7.73,1704.3
2019-02-17 01:00:00,-8.22,1760.12
2019-02-17 02:00:00,-7.46,1678.17
2019-02-17 03:00:00,-8.09,1688.51
2019-02-17 04:00:00,-7.33,1705.83
2019-02-17 05:00:00,-5.58,1729.13
2019-02-17 06:00:00,-5.37,1787.17
2019-02-17 07:00:00,-3.35,1703.92
2019-02-17 08:00:00,-2.43,1714.14
2019-02-17 09:00:00,-1.04,1684.62
2019-02-17 10:00:00,-1.26,1599.3
2019-02-17 11:00:00,-2.54,1614.79
2019-02-17 12:00:00,-0.8,1506.87
2019-02-17 13:00:00,-1.4,1542.49
2019-02-17 14:00:00,-0.14,1505.03
2019-02-17 15:00:00,-1.69,1608.99
2019-02-17 16:00:00,-3.4,1725.31
2019-02-17 17:00:00,-4.12,1833.65
2019-02-17 18:00:00,-5.67,1853.3
2019-02-17 19:00:00,-7.25,2002.2
2019-02-17 20:00:00,-7.96,1951.82
2019-02-17 21:00:00,-9.49,2006.11
2019-02-17 22:00:00,-10.62,2079.41
2019-02-17 23:00:00,-12.47,2087.79
2019-02-18 00:00:00,-10.68,1888.88
2019-02-18 01:00:00,-9.63,1797.68
2019-02-18 02:00:00,-7.33,1728.87
2019-02-18 03:00:00,-7.98,1754.47
2019-02-18 04:00:00,-6.78,1707.65
2019-02-18 05:00:00,-6.52,1756.15
2019-02-18 06:00:00,-5.28,1769.57
2019-02-18 07:00:00,-4.1,1892.56
2019-02-18 08:00:00,-4.65,1908.22
2019-02-18 09:00:00,-3.42,1971.01
2019-02-18 10:00:00,-2.07,1889.72
2019-02-18 11:00:00,-0.78,1737.07
2019-02-18 12:00:00,-1.44,1736.47
2019-02-18 13:00:00,0.43,1670.94
2019-02-18 14:00:00,-0.23,1747.78
2019-02-18 15:00:00,-1.39,
2019-02-18 16:00:00,-0.53,1737.0
2019-02-18 17:00:00,-1.76,1966.53
2019-02-18 18:00:00,-4.04,2025.34
2019-02-18 19:00:00,-5.55,2109.09
2019-02-18 20:00:00,-6.61,2036.91
2019-02-18 21:00:00,-7.72,2072.99
2019-02-18 22:00:00,-8.94,2093.81
2019-02-18 23:00:00,-10.41,2048.29
2019-02-19 00:00:00,-11.25,1981.74
2019-02-19 01:00:00,-10.0,1866.04
2019-02-19 02:00:00,-10.05,1862.7
2019-02-19 03:00:00,-8.13,1676.47
2019-02-19 04:00:00,-8.07,1830.58
2019-02-19 05:00:00,-8.4,1821.85
2019-02-19 06:00:00,-5.63,1782.08
2019-02-19 07:00:00,-5.24,1939.33
2019-02-19 08:00:00,-2.41,1848.08
2019-02-19 09:00:00,-0.49,1888.23
2019-02-19 10:00:00,-0.79,1784.67
2019-02-19 11:00:00,0.84,1669.01
2019-02-19 12:00:00,1.17,1629.23
2019-02-19 13:00:00,1.43,1653.36
2019-02-19 14:00:00,0.37,1644.42
2019-02-19 15:00:00,1.73,1623.74
2019-02-19 16:00:00,0.5,1712.29
2019-02-19 17:00:00,-1.15,1992.62
2019-02-19 18:00:00,-2.19,1977.31
2019-02-19 19:00:00,-3.06,2020.09
2019-02-19 20:00:00,-3.76,1928.02
2019-02-19 21:00:00,-5.26,1915.18
2019-02-19 22:00:00,-6.03,1832.3
2019-02-19 23:00:00,-5.33,1741.87
2019-02-20 00:00:00,-5.12,1735.07
2019-02-20 01:00:00,-5.74,1649.56
2019-02-20 02:00:00,-4.19,1584.51
2019-02-20 03:00:00,-3.17,1584.12
2019-02-20 04:00:00,-3.54,1614.68
2019-02-20 05:00:00,-3.74,1620.18
2019-02-20 06:00:00,-1.81,1688.26
2019-02-20 07:00:00,-0.47,1687.38
2019-02-20 08:00:00,0.67,1713.49
2019-02-20 09:00:00,0.87,
2019-02-20 10:00:00,1.17,1743.48
2019-02-20 11:00:00,0.97,1689.43
2019-02-20 12:00:00,1.95,1577.75
2019-02-20 13:00:00,3.01,1526.78
2019-02-20 14:00:00,2.8,1541.3
2019-02-20 15:00:00,2.86,1603.37
2019-02-20 16:00:00,0.36,1751.11
2019-02-20 17:00:00,-0.38,1821.37
2019-02-20 18:00:00,1.36,1891.59
2019-02-20 19:00:00,-0.09,1845.22
2019-02-20 20:00:00,-1.84,1845.79
2019-02-20 21:00:00,-2.02,1777.31
2019-02-20 22:00:00,-3.65,1825.2
2019-02-20 23:00:00,-3.58,1755.81
2019-02-21 00:00:00,-4.44,1681.68
2019-02-21 01:00:00,-4.67,1601.76
2019-02-21 02:00:00,-4.32,1573.26
2019-02-21 03:00:00,-2.44,1497.26
2019-02-21 04:00:00,-1.93,1529.03
2019-02-21 05:00:00,-1.75,1520.99
2019-02-21 06:00:00,-0.03,1623.47
2019-02-21 07:00:00,0.0,1639.59
2019-02-21 08:00:00,-0.36,1834.31
2019-02-21 09:00:00,0.29,1774.12
2019-02-21 10:00:00,0.17,1740.66
2019-02-21 11:00:00,-0.27,1714.32
2019-02-21 12:00:00,0.55,1659.33
2019-02-21 13:00:00,1.93,1621.71
2019-02-21 14:00:00,1.13,1662.48
2019-02-21 15:00:00,-0.12,1668.99
2019-02-21 16:00:00,-0.35,1828.59
2019-02-21 17:00:00,-2.09,1961.83
2019-02-21 18:00:00,-4.01,1918.08
2019-02-21 19:00:00,-4.94,2032.53
2019-02-21 20:00:00,-5.17,2097.59
2019-02-21 21:00:00,-5.49,1853.85
2019-02-21 22:00:00,-7.02,1887.64
2019-02-21 23:00:00,-8.15,1935.39
2019-02-22 00:00:00,-8.5,1753.84
2019-02-22 01:00:00,-9.34,1880.54
2019-02-22 02:00:00,-9.32,1809.48
2019-02-22 03:00:00,-9.25,1796.93
2019-02-22 04:00:00,-7.31,1729.97
2019-02-22 05:00:00,-4.64,1641.5
2019-02-22 06:00:00,-3.37,1770.18
2019-02-22 07:00:00,-2.87,1826.11
2019-02-22 08:00:00,-2.87,1888.32
2019-02-22 09:00:00,-1.0,1825.91
2019-02-22 10:00:00,-0.65,1797.98
2019-02-22 11:00:00,0.44,1688.86
2019-02-22 12:00:00,1.93,1612.47
2019-02-22 13:00:00,2.96,1567.55
2019-02-22 14:00:00,3.27,1561.86
2019-02-22 15:00:00,2.47,1596.65
2019-02-22 16:00:00,1.1,1764.8
2019-02-22 17:00:00,-0.49,1834.04
2019-02-22 18:00:00,-0.94,1870.09
2019-02-22 19:00:00,-1.76,1915.96
2019-02-22 20:00:00,-4.11,1915.22
2019-02-22 21:00:00,-4.58,1822.56
2019-02-22 22:00:00,-4.89,1837.94
2019-02-22 23:00:00,-2.67,1722.95
2019-02-23 00:00:00,-2.57,1575.95
2019-02-23 01:00:00,-4.0,1564.08
2019-02-23 02:00:00,-4.96,1582.67
2019-02-23 03:00:00,-4.59,1599.85
2019-02-23 04:00:00,-3.2,1505.84
2019-02-23 05:00:00,-1.0,1524.61
2019-02-23 06:00:00,-0.07,1573.66
2019-02-23 07:00:00,2.25,1468.54
2019-02-23 08:00:00,3.07,1553.36
2019-02-23 09:00:00,4.35,1486.52
2019-02-23 10:00:00,6.25,1365.61
2019-02-23 11:00:00,7.15,1260.56
2019-02-23 12:00:00,6.26,1281.06
2019-02-23 13:00:00,6.07,1259.7
2019-02-23 14:00:00,5.15,1327.63
2019-02-23 15:00:00,3.52,1417.16
2019-02-23 16:00:00,2.61,1524.91
2019-02-23 17:00:00,3.22,1605.66
2019-02-23 18:00:00,3.2,1496.16
2019-02-23 19:00:00,2.07,1593.28
2019-02-23 20:00:00,0.12,1544.23
2019-02-23 21:00:00,-1.18,1647.17
2019-02-23 22:00:00,-1.25,1644.61
2019-02-23 23:00:00,-1.46,1543.83
2019-02-24 00:00:00,-0.66,1506.02
2019-02-24 01:00:00,-1.09,1480.79
2019-02-24 02:00:00,-1.81,1457.41
2019-02-24 03:00:00,-2.65,
2019-02-24 04:00:00,-0.69,1361.41
2019-02-24 05:00:00,0.32,1516.2
2019-02-24 06:00:00,2.79,1442.88
2019-02-24 07:00:00,2.81,1434.62
2019-02-24 08:00:00,2.27,1542.44
2019-02-24 09:00:00,1.64,1525.95
2019-02-24 10:00:00,0.41,1590.35
2019-02-24 11:00:00,2.01,1468.04
2019-02-24 12:00:00,1.57,1428.14
2019-02-24 13:00:00,1.42,1445.84
2019-02-24 14:00:00,1.76,1419.39
2019-02-24 15:00:00,1.76,1513.85
2019-02-24 16:00:00,2.47,1480.4
2019-02-24 17:00:00,1.95,1607.5
2019-02-24 18:00:00,2.29,1594.41
2019-02-24 19:00:00,1.39,1619.82
2019-02-24 20:00:00,0.22,1597.26
2019-02-24 21:00:00,-1.67,1703.66
2019-02-24 22:00:00,-3.13,1709.38
2019-02-24 23:00:00,-2.99,1641.35
2019-02-25 00:00:00,-3.91,1585.67
2019-02-25 01:00:00,-3.52,1606.05
2019-02-25 02:00:00,-2.29,1546.59
2019-02-25 03:00:00,-0.97,1478.93
2019-02-25 04:00:00,-0.41,1438.22
2019-02-25 05:00:00,1.41,1487.83
2019-02-25 06:00:00,3.22,1490.33
2019-02-25 07:00:00,2.48,1602.23
2019-02-25 08:00:00,1.77,1702.77
2019-02-25 09:00:00,4.38,1595.36
2019-02-25 10:00:00,6.63,1501.19
2019-02-25 11:00:00,7.71,1444.72
2019-02-25 12:00:00,7.47,1362.56
2019-02-25 13:00:00,7.43,1393.87
2019-02-25 14:00:00,7.96,1416.76
2019-02-25 15:00:00,6.79,1461.01
2019-02-25 16:00:00,4.41,1584.51
2019-02-25 17:00:00,3.98,1644.83
2019-02-25 18:00:00,4.5,1709.45
2019-02-25 19:00:00,4.39,1734.35
2019-02-25 20:00:00,0.7,1853.78
2019-02-25 21:00:00,0.72,1642.52
2019-02-25 22:00:00,0.88,1642.79
2019-02-25 23:00:00,-0.92,1655.21
2019-02-26 00:00:00,-0.89,1498.01
2019-02-26 01:00:00,-1.97,1523.09
2019-02-26 02:00:00,-2.48,1489.23
2019-02-26 03:00:00,-3.21,1559.23
2019-02-26 04:00:00,-1.8,1548.85
2019-02-26 05:00:00,-0.12,1502.76
2019-02-26 06:00:00,0.68,1584.91
2019-02-26 07:00:00,2.5,1614.4
2019-02-26 08:00:00,3.65,1653.41
2019-02-26 09:00:00,3.88,1632.58
2019-02-26 10:00:00,3.88,1630.18
2019-02-26 11:00:00,3.5,1599.26
2019-02-26 12:00:00,4.33,1520.27
2019-02-26 13:00:00,4.63,1529.8
2019-02-26 14:00:00,2.89,1570.18
2019-02-26 15:00:00,2.53,1605.53
2019-02-26 16:00:00,-0.27,1751.98
2019-02-26 17:00:00,-2.48,1953.8
2019-02-26 18:00:00,-3.43,2074.86
2019-02-26 19:00:00,-4.87,2133.63
2019-02-26 20:00:00,-6.79,2163.64
2019-02-26 21:00:00,-9.0,2163.56
2019-02-26 22:00:00,-9.99,2078.32
2019-02-26 23:00:00,-9.67,2014.17
2019-02-27 00:00:00,-10.13,1951.33
2019-02-27 01:00:00,-10.35,1893.05
2019-02-27 02:00:00,-9.67,1866.1
2019-02-27 03:00:00,-7.44,1728.52
2019-02-27 04:00:00,-7.77,1776.08
2019-02-27 05:00:00,-6.2,1767.49
2019-02-27 06:00:00,-4.5,1790.35
2019-02-27 07:00:00,-3.27,
2019-02-27 08:00:00,-4.62,1991.34
2019-02-27 09:00:00,-3.45,1914.86
2019-02-27 10:00:00,-2.04,1813.47
2019-02-27 11:00:00,-2.09,1815.27
2019-02-27 12:00:00,-0.85,1705.52
2019-02-27 13:00:00,-0.91,1661.87
2019-02-27 14:00:00,-1.25,1827.55
2019-02-27 15:00:00,0.8,1701.8
2019-02-27 16:00:00,-0.34,1761.35
2019-02-27 17:00:00,-0.74,1858.34
2019-02-27 18:00:00,-0.67,1819.38
2019-02-27 19:00:00,-0.35,1883.04
2019-02-27 20:00:00,-1.87,1825.35
2019-02-27 21:00:00,-0.72,1786.11
2019-02-27 22:00:00,-2.79,1757.53
2019-02-27 23:00:00,-2.65,1672.88
2019-02-28 00:00:00,-2.08,1561.27
2019-02-28 01:00:00,-2.46,1548.41
2019-02-28 02:00:00,-2.6,1551.39
2019-02-28 03:00:00,-3.55,1581.32
2019-02-28 04:00:00,-2.12,1534.15
2019-02-28 05:00:00,-1.87,1562.22
2019-02-28 06:00:00,0.74,1569.46
2019-02-28 07:00:00,1.19,1649.49
2019-02-28 08:00:00,1.92,1691.95
2019-02-28 09:00:00,3.89,1621.67
2019-02-28 10:00:00,5.16,1555.65
2019-02-28 11:00:00,5.91,1524.28
2019-02-28 12:00:00,5.69,1476.52
2019-02-28 13:00:00,5.83,1472.6
2019-02-28 14:00:00,5.99,1451.22
2019-02-28 15:00:00,5.55,1481.03
2019-02-28 16:00:00,3.09,1678.51
2019-02-28 17:00:00,2.63,1703.67
2019-02-28 18:00:00,2.34,1734.14
2019-02-28 19:00:00,0.43,1812.3
2019-02-28 20:00:00,-0.61,1891.69
2019-02-28 21:00:00,-3.71,1796.5
2019-02-28 22:00:00,-6.33,1841.82
2019-02-28 23:00:00,-5.76,1790.59
2019-03-01 00:00:00,-5.99,1696.94
2019-03-01 01:00:00,-6.38,1620.88
2019-03-01 02:00:00,-8.12,1719.99
2019-03-01 03:00:00,-7.49,1653.0
2019-03-01 04:00:00,-7.29,1716.56
2019-03-01 05:00:00,-6.46,1746.91
2019-03-01 06:00:00,-4.91,1772.27
2019-03-01 07:00:00,-3.68,1826.97
2019-03-01 08:00:00,-0.9,1748.8
2019-03-01 09:00:00,-1.43,1815.74
2019-03-01 10:00:00,-1.88,1790.45
2019-03-01 11:00:00,-1.03,1669.01
2019-03-01 12:00:00,0.14,1627.69
2019-03-01 13:00:00,0.55,1635.89
2019-03-01 14:00:00,-0.72,1666.99
2019-03-01 15:00:00,-1.09,1724.41
2019-03-01 16:00:00,-1.52,1716.08
2019-03-01 17:00:00,-1.38,1835.93
2019-03-01 18:00:00,-2.41,1823.52
2019-03-01 19:00:00,-2.19,1899.85
2019-03-01 20:00:00,-4.04,1912.26
2019-03-01 21:00:00,-4.22,1901.41
2019-03-01 22:00:00,-4.76,1764.96
2019-03-01 23:00:00,-6.13,1709.33
2019-03-02 00:00:00,-5.67,1563.8
2019-03-02 01:00:00,-4.11,1551.61
2019-03-02 02:00:00,-4.38,1528.52
2019-03-02 03:00:00,-5.09,1495.24
2019-03-02 04:00:00,-4.41,1559.02
2019-03-02 05:00:00,-3.2,1561.26
2019-03-02 06:00:00,-1.4,1564.42
2019-03-02 07:00:00,0.24,1481.67
2019-03-02 08:00:00,0.48,1507.38
2019-03-02 09:00:00,1.05,1514.73
2019-03-02 10:00:00,0.72,1497.38
2019-03-02 11:00:00,4.39,1314.21
2019-03-02 12:00:00,6.01,1222.72
2019-03-02 13:00:00,6.67,1193.38
2019-03-02 14:00:00,6.21,1220.48
2019-03-02 15:00:00,5.58,1277.49
2019-03-02 16:00:00,4.73,1378.41
2019-03-02 17:00:00,3.77,1447.04
2019-03-02 18:00:00,0.5,1590.97
2019-03-02 19:00:00,-1.52,1638.36
2019-03-02 20:00:00,-3.69,1744.22
2019-03-02 21:00:00,-4.78,1835.05
2019-03-02 22:00:00,-5.78,1772.3
2019-03-02 23:00:00,-5.65,1719.15
2019-03-03 00:00:00,-4.43,1572.59
2019-03-03 01:00:00,-3.71,
2019-03-03 02:00:00,-3.99,1470.22
2019-03-03 03:00:00,-0.48,1342.09
2019-03-03 04:00:00,-0.41,1393.82
2019-03-03 05:00:00,1.02,1360.17
2019-03-03 06:00:00,0.99,1481.05
2019-03-03 07:00:00,-0.31,1530.77
2019-03-03 08:00:00,-0.2,1593.48
2019-03-03 09:00:00,-0.74,1570.53
2019-03-03 10:00:00,-0.38,1510.94
2019-03-03 11:00:00,0.85,1474.03
2019-03-03 12:00:00,2.84,1316.57
2019-03-03 13:00:00,5.96,1194.81
2019-03-03 14:00:00,4.61,1332.5
2019-03-03 15:00:00,3.66,1337.71
2019-03-03 16:00:00,2.9,1467.52
2019-03-03 17:00:00,1.83,1621.19
2019-03-03 18:00:00,3.25,1409.59
2019-03-03 19:00:00,2.53,1526.42
2019-03-03 20:00:00,0.61,1444.72
2019-03-03 21:00:00,0.45,1572.01
2019-03-03 22:00:00,-0.24,1533.96
2019-03-03 23:00:00,-0.16,1487.62
2019-03-04 00:00:00,-0.71,1444.58
2019-03-04 01:00:00,0.28,1395.33
2019-03-04 02:00:00,1.24,1396.4
2019-03-04 03:00:00,2.59,1299.55
2019-03-04 04:00:00,4.6,1289.0
2019-03-04 05:00:00,5.83,1285.39
2019-03-04 06:00:00,8.58,1327.87
2019-03-04 07:00:00,10.09,1371.64
2019-03-04 08:00:00,10.37,1450.1
2019-03-04 09:00:00,9.94,1437.66
2019-03-04 10:00:00,10.48,1409.6
2019-03-04 11:00:00,14.38,1264.49
2019-03-04 12:00:00,13.3,1276.75
2019-03-04 13:00:00,12.98,1221.47
2019-03-04 14:00:00,13.78,1225.37
2019-03-04 15:00:00,13.8,1284.74
2019-03-04 16:00:00,13.6,1352.47
2019-03-04 17:00:00,11.3,1465.49
2019-03-04 18:00:00,9.6,1518.23
2019-03-04 19:00:00,9.28,1503.1
2019-03-04 20:00:00,7.97,1473.27
2019-03-04 21:00:00,6.88,1468.95
2019-03-04 22:00:00,6.61,1372.19
2019-03-04 23:00:00,5.64,1397.02
2019-03-05 00:00:00,5.91,1327.32
2019-03-05 01:00:00,3.18,1286.87
2019-03-05 02:00:00,1.61,1328.18
2019-03-05 03:00:00,3.29,1292.13
2019-03-05 04:00:00,3.97,1280.77
2019-03-05 05:00:00,5.07,1364.22
2019-03-05 06:00:00,5.68,1359.93
2019-03-05 07:00:00,6.46,1458.89
2019-03-05 08:00:00,5.82,1513.41
2019-03-05 09:00:00,7.93,1497.61
2019-03-05 10:00:00,8.81,1388.27
2019-03-05 11:00:00,8.52,1334.33
2019-03-05 12:00:00,9.25,1355.7
2019-03-05 13:00:00,7.81,1291.56
2019-03-05 14:00:00,6.45,1336.61
2019-03-05 15:00:00,5.74,1426.1
2019-03-05 16:00:00,5.41,1542.02
2019-03-05 17:00:00,4.37,1603.31
2019-03-05 18:00:00,3.58,1550.0
2019-03-05 19:00:00,2.78,1706.74
2019-03-05 20:00:00,1.32,1651.31
2019-03-05 21:00:00,0.03,1551.53
2019-03-05 22:00:00,1.58,1540.85
2019-03-05 23:00:00,0.26,1534.16
2019-03-06 00:00:00,-0.31,1427.93
2019-03-06 01:00:00,0.1,1433.37
2019-03-06 02:00:00,-0.13,1436.35
2019-03-06 03:00:00,0.52,1340.91
2019-03-06 04:00:00,1.98,1334.33
2019-03-06 05:00:00,2.0,1395.24
2019-03-06 06:00:00,3.09,1473.46
2019-03-06 07:00:00,2.6,1559.97
2019-03-06 08:00:00,6.66,1462.27
2019-03-06 09:00:00,7.77,1466.12
2019-03-06 10:00:00,9.31,1400.05
2019-03-06 11:00:00,9.82,1334.59
2019-03-06 12:00:00,9.51,1349.19
2019-03-06 13:00:00,8.88,1322.2
2019-03-06 14:00:00,7.82,1324.57
2019-03-06 15:00:00,8.11,1376.85
2019-03-06 16:00:00,6.04,1492.78
2019-03-06 17:00:00,4.17,1701.08
2019-03-06 18:00:00,3.87,1667.53
2019-03-06 19:00:00,0.33,1786.44
2019-03-06 20:00:00,2.81,1658.0
2019-03-06 21:00:00,2.96,1524.04
2019-03-06 22:00:00,4.11,1454.77
2019-03-06 23:00:00,3.26,1407.03
2019-03-07 00:00:00,4.74,1281.28
2019-03-07 01:00:00,4.92,1289.96
2019-03-07 02:00:00,5.07,1226.88
2019-03-07 03:00:00,5.87,1226.72
2019-03-07 04:00:00,5.64,1262.43
2019-03-07 05:00:00,6.45,1312.25
2019-03-07 06:00:00,6.63,1366.82
2019-03-07 07:00:00,9.2,1357.05
2019-03-07 08:00:00,34.57,1486.35
2019-03-07 09:00:00,8.59,1473.61
2019-03-07 10:00:00,9.39,1416.06
2019-03-07 11:00:00,9.93,1364.86
2019-03-07 12:00:00,11.12,1307.52
2019-03-07 13:00:00,10.13,1298.33
2019-03-07 14:00:00,8.72,
2019-03-07 15:00:00,6.94,1360.9
2019-03-07 16:00:00,6.55,1464.41
2019-03-07 17:00:00,6.55,1491.93
2019-03-07 18:00:00,4.55,1518.8
2019-03-07 19:00:00,3.89,1612.78
2019-03-07 20:00:00,4.14,1610.56
2019-03-07 21:00:00,1.96,1617.16
2019-03-07 22:00:00,0.74,1605.61
2019-03-07 23:00:00,0.64,1459.02
2019-03-08 00:00:00,0.59,1446.27
2019-03-08 01:00:00,0.79,1399.99
2019-03-08 02:00:00,2.89,1252.77
2019-03-08 03:00:00,5.56,1177.62
2019-03-08 04:00:00,6.61,1210.38
2019-03-08 05:00:00,7.73,1253.94
2019-03-08 06:00:00,10.3,1254.35
2019-03-08 07:00:00,12.75,1351.36
2019-03-08 08:00:00,12.59,1392.54
2019-03-08 09:00:00,13.65,1419.57
2019-03-08 10:00:00,14.44,1325.49
2019-03-08 11:00:00,15.57,1269.25
2019-03-08 12:00:00,16.07,1239.69
2019-03-08 13:00:00,15.15,1229.76
2019-03-08 14:00:00,12.66,1295.69
2019-03-08 15:00:00,13.39,1300.97
2019-03-08 16:00:00,12.77,1367.17
2019-03-08 17:00:00,12.98,1372.16
2019-03-08 18:00:00,12.53,1466.82
2019-03-08 19:00:00,10.58,1483.42
2019-03-08 20:00:00,7.98,1412.41
2019-03-08 21:00:00,6.16,1444.8
2019-03-08 22:00:00,6.88,1341.87
2019-03-08 23:00:00,7.83,1331.17
2019-03-09 00:00:00,6.42,1183.48
2019-03-09 01:00:00,6.0,1236.69
2019-03-09 02:00:00,5.58,1175.85
2019-03-09 03:00:00,5.14,1229.54
2019-03-09 04:00:00,6.28,1175.1
2019-03-09 05:00:00,5.38,1212.62
2019-03-09 06:00:00,6.44,1291.94
2019-03-09 07:00:00,6.98,1209.78
2019-03-09 08:00:00,7.36,1301.8
2019-03-09 09:00:00,8.01,1285.49
2019-03-09 10:00:00,8.3,1239.27
2019-03-09 11:00:00,9.02,1168.52
2019-03-09 12:00:00,9.67,1101.37
2019-03-09 13:00:00,10.63,1120.63
2019-03-09 14:00:00,11.52,1097.46
2019-03-09 15:00:00,10.77,1162.97
2019-03-09 16:00:00,10.36,1220.04
2019-03-09 17:00:00,9.96,1240.49
2019-03-09 18:00:00,9.1,1259.12
2019-03-09 19:00:00,6.22,1407.84
2019-03-09 20:00:00,4.98,1299.38
2019-03-09 21:00:00,3.1,1578.99
2019-03-09 22:00:00,0.9,1457.66
2019-03-09 23:00:00,0.72,1434.5
2019-03-10 00:00:00,0.29,1431.59
2019-03-10 01:00:00,-0.53,1352.29
2019-03-10 02:00:00,-0.29,1375.86
2019-03-10 03:00:00,1.23,1308.57
2019-03-10 04:00:00,0.98,1311.46
2019-03-10 05:00:00,1.62,1359.16
2019-03-10 06:00:00,2.8,1392.17
2019-03-10 07:00:00,4.02,1372.6
2019-03-10 08:00:00,4.32,1394.22
2019-03-10 09:00:00,4.59,1414.59
2019-03-10 10:00:00,5.7,1275.04
2019-03-10 11:00:00,5.56,1286.12
2019-03-10 12:00:00,6.6,1216.37
2019-03-10 13:00:00,6.13,1177.47
2019-03-10 14:00:00,4.42,1230.54
2019-03-10 15:00:00,4.91,1359.83
2019-03-10 16:00:00,4.41,1351.51
2019-03-10 17:00:00,1.71,1529.13
2019-03-10 18:00:00,0.93,1545.58
2019-03-10 19:00:00,0.05,1575.01
2019-03-10 20:00:00,-0.02,1511.91
2019-03-10 21:00:00,-0.28,1623.6
2019-03-10 22:00:00,-1.06,1573.71
2019-03-10 23:00:00,-3.18,1565.69
2019-03-11 00:00:00,-3.09,1561.96
2019-03-11 01:00:00,-0.58,1439.88
2019-03-11 02:00:00,-1.64,1467.72
2019-03-11 03:00:00,0.25,1386.52
2019-03-11 04:00:00,0.08,1389.58
2019-03-11 05:00:00,0.41,1450.07
2019-03-11 06:00:00,0.2,1523.93
2019-03-11 07:00:00,0.87,1653.59
2019-03-11 08:00:00,3.5,1595.81
2019-03-11 09:00:00,4.29,1553.77
2019-03-11 10:00:00,3.49,1574.93
2019-03-11 11:00:00,3.82,1453.11
2019-03-11 12:00:00,3.28,1499.23
2019-03-11 13:00:00,1.94,1556.18
2019-03-11 14:00:00,1.52,1536.79
2019-03-11 15:00:00,2.37,1570.86
2019-03-11 16:00:00,-0.05,1651.8
2019-03-11 17:00:00,0.84,1678.98
2019-03-11 18:00:00,-0.09,1801.2
2019-03-11 19:00:00,-0.59,1821.86
2019-03-11 20:00:00,-2.35,1864.36
2019-03-11 21:00:00,-2.61,1733.74
2019-03-11 22:00:00,-3.96,1760.34
2019-03-11 23:00:00,-5.39,1835.59
2019-03-12 00:00:00,-4.55,1580.55
2019-03-12 01:00:00,-2.91,1521.71
2019-03-12 02:00:00,-2.26,1471.83
2019-03-12 03:00:00,-1.24,1443.32
2019-03-12 04:00:00,-1.07,1501.61
2019-03-12 05:00:00,1.58,1378.79
2019-03-12 06:00:00,2.94,1472.73
2019-03-12 07:00:00,4.48,1532.44
2019-03-12 08:00:00,5.68,
2019-03-12 09:00:00,5.99,1506.68
2019-03-12 10:00:00,6.34,1494.41
2019-03-12 11:00:00,7.86,1385.48
2019-03-12 12:00:00,8.22,1363.67
2019-03-12 13:00:00,7.18,1346.43
2019-03-12 14:00:00,6.7,1431.06
2019-03-12 15:00:00,5.87,1455.85
2019-03-12 16:00:00,5.91,1473.38
2019-03-12 17:00:00,5.2,1605.48
2019-03-12 18:00:00,3.75,1712.71
2019-03-12 19:00:00,3.14,1587.67
2019-03-12 20:00:00,1.84,1674.08
2019-03-12 21:00:00,2.09,1599.26
2019-03-12 22:00:00,3.08,1449.28
2019-03-12 23:00:00,2.93,1450.95
2019-03-13 00:00:00,2.54,1435.04
2019-03-13 01:00:00,1.86,1332.63
2019-03-13 02:00:00,2.82,1355.67
2019-03-13 03:00:00,1.52,1266.89
2019-03-13 04:00:00,2.34,1347.52
2019-03-13 05:00:00,3.9,1384.74
2019-03-13 06:00:00,5.35,1353.9
2019-03-13 07:00:00,6.21,1473.72
2019-03-13 08:00:00,7.08,1476.47
2019-03-13 09:00:00,7.13,1511.42
2019-03-13 10:00:00,6.81,1494.43
2019-03-13 11:00:00,8.79,1383.45
2019-03-13 12:00:00,10.14,1301.19
2019-03-13 13:00:00,11.55,1286.42
2019-03-13 14:00:00,11.32,1314.13
2019-03-13 15:00:00,11.35,1368.08
2019-03-13 16:00:00,10.95,1327.22
2019-03-13 17:00:00,10.91,1413.09
2019-03-13 18:00:00,9.59,1461.1
2019-03-13 19:00:00,10.77,1456.52
2019-03-13 20:00:00,9.9,1435.28
2019-03-13 21:00:00,7.31,1468.17
2019-03-13 22:00:00,6.75,
2019-03-13 23:00:00,5.88,1432.16
2019-03-14 00:00:00,6.27,1304.37
2019-03-14 01:00:00,6.29,
2019-03-14 02:00:00,6.71,1214.57
2019-03-14 03:00:00,6.99,1158.98
2019-03-14 04:00:00,7.61,1186.34
2019-03-14 05:00:00,8.42,1232.83
2019-03-14 06:00:00,9.55,1311.79
2019-03-14 07:00:00,9.3,1374.53
2019-03-14 08:00:00,10.01,1402.15
2019-03-14 09:00:00,11.18,1406.69
2019-03-14 10:00:00,11.39,1364.8
2019-03-14 11:00:00,12.33,1301.08
2019-03-14 12:00:00,11.66,1260.78
2019-03-14 13:00:00,11.67,1252.85
2019-03-14 14:00:00,10.41,1287.64
2019-03-14 15:00:00,11.27,1292.47
2019-03-14 16:00:00,10.19,1356.61
2019-03-14 17:00:00,9.63,1509.54
2019-03-14 18:00:00,7.85,1522.65
2019-03-14 19:00:00,7.08,1573.66
2019-03-14 20:00:00,6.35,1554.4
2019-03-14 21:00:00,6.05,1413.6
2019-03-14 22:00:00,5.3,1428.94
2019-03-14 23:00:00,3.3,1438.83
2019-03-15 00:00:00,2.83,1384.07
2019-03-15 01:00:00,1.92,1402.64
2019-03-15 02:00:00,2.17,1252.15
2019-03-15 03:00:00,2.31,1359.27
2019-03-15 04:00:00,4.13,1309.73
2019-03-15 05:00:00,3.01,1354.8
2019-03-15 06:00:00,3.82,1406.12
2019-03-15 07:00:00,4.38,1495.15
2019-03-15 08:00:00,4.52,1515.82
2019-03-15 09:00:00,5.02,1568.99
2019-03-15 10:00:00,4.24,1515.57
2019-03-15 11:00:00,6.31,1404.85
2019-03-15 12:00:00,6.07,1384.14
2019-03-15 13:00:00,5.11,1359.3
2019-03-15 14:00:00,4.38,1459.38
2019-03-15 15:00:00,4.39,1487.6
2019-03-15 16:00:00,4.1,1617.41
2019-03-15 17:00:00,4.48,1561.5
2019-03-15 18:00:00,4.54,1594.38
2019-03-15 19:00:00,3.97,1598.69
2019-03-15 20:00:00,2.86,1728.58
2019-03-15 21:00:00,0.03,1607.38
2019-03-15 22:00:00,1.35,1489.88
2019-03-15 23:00:00,1.01,1529.47
2019-03-16 00:00:00,2.32,1357.27
2019-03-16 01:00:00,3.34,1296.23
2019-03-16 02:00:00,3.63,1246.22
2019-03-16 03:00:00,1.81,1243.81
2019-03-16 04:00:00,4.02,1215.34
2019-03-16 05:00:00,4.93,1285.45
2019-03-16 06:00:00,5.87,1315.31
2019-03-16 07:00:00,8.24,1234.48
2019-03-16 08:00:00,8.71,1271.83
2019-03-16 09:00:00,9.53,1296.35
2019-03-16 10:00:00,8.79,1257.85
2019-03-16 11:00:00,7.93,1167.35
2019-03-16 12:00:00,7.48,1174.82
2019-03-16 13:00:00,7.66,1128.58
2019-03-16 14:00:00,6.7,1202.06
2019-03-16 15:00:00,5.6,1320.8
2019-03-16 16:00:00,6.55,1280.12
2019-03-16 17:00:00,6.54,1339.85
2019-03-16 18:00:00,6.22,1421.15
2019-03-16 19:00:00,4.64,1411.56
2019-03-16 20:00:00,4.12,1407.99
2019-03-16 21:00:00,3.27,1460.77
2019-03-16 22:00:00,1.95,1505.12
2019-03-16 23:00:00,2.5,1432.12
2019-03-17 00:00:00,3.13,1287.45
2019-03-17 01:00:00,5.37,1235.0
2019-03-17 02:00:00,4.65,1188.66
2019-03-17 03:00:00,3.24,1236.88
2019-03-17 04:00:00,5.42,1173.17
2019-03-17 05:00:00,6.98,1200.86
2019-03-17 06:00:00,9.37,1235.11
2019-03-17 07:00:00,11.01,1196.88
2019-03-17 08:00:00,11.0,1224.7
2019-03-17 09:00:00,9.93,1248.95
2019-03-17 10:00:00,11.66,1169.7
2019-03-17 11:00:00,11.02,1123.7
2019-03-17 12:00:00,10.9,1122.67
2019-03-17 13:00:00,11.23,1053.75
2019-03-17 14:00:00,10.14,1109.17
2019-03-17 15:00:00,8.1,1232.3
2019-03-17 16:00:00,7.22,1272.53
2019-03-17 17:00:00,7.8,1292.67
2019-03-17 18:00:00,6.89,1321.07
2019-03-17 19:00:00,5.11,1387.69
2019-03-17 20:00:00,4.13,1352.92
2019-03-17 21:00:00,3.37,1530.17
2019-03-17 22:00:00,1.34,1515.65
2019-03-17 23:00:00,2.13,1422.01
2019-03-18 00:00:00,-0.12,1446.8
2019-03-18 01:00:00,-0.12,1448.0
2019-03-18 02:00:00,0.38,1401.87
2019-03-18 03:00:00,1.28,1344.51
2019-03-18 04:00:00,2.85,1361.93
2019-03-18 05:00:00,3.51,1340.74
2019-03-18 06:00:00,5.7,1403.19
2019-03-18 07:00:00,9.24,1415.38
2019-03-18 08:00:00,9.56,1453.2
2019-03-18 09:00:00,9.49,1445.27
2019-03-18 10:00:00,9.75,1404.14
2019-03-18 11:00:00,10.72,1347.99
2019-03-18 12:00:00,11.72,1281.45
2019-03-18 13:00:00,10.23,1299.28
2019-03-18 14:00:00,9.28,1320.83
2019-03-18 15:00:00,9.99,1306.68
2019-03-18 16:00:00,10.6,1385.67
2019-03-18 17:00:00,9.64,1456.6
2019-03-18 18:00:00,8.07,1536.9
2019-03-18 19:00:00,8.57,1485.55
2019-03-18 20:00:00,5.96,1515.91
2019-03-18 21:00:00,2.42,1597.32
2019-03-18 22:00:00,3.18,1540.94
2019-03-18 23:00:00,2.54,1438.93
2019-03-19 00:00:00,3.13,1370.03
2019-03-19 01:00:00,4.79,1304.72
2019-03-19 02:00:00,4.58,
2019-03-19 03:00:00,6.61,1221.21
2019-03-19 04:00:00,4.8,1261.26
2019-03-19 05:00:00,3.93,1354.08
2019-03-19 06:00:00,3.95,1418.32
2019-03-19 07:00:00,6.17,1433.07
2019-03-19 08:00:00,7.14,1499.64
2019-03-19 09:00:00,7.72,1470.99
2019-03-19 10:00:00,10.79,1370.09
2019-03-19 11:00:00,12.23,1336.55
2019-03-19 12:00:00,12.82,1245.84
2019-03-19 13:00:00,12.57,1255.43
2019-03-19 14:00:00,12.02,1295.19
2019-03-19 15:00:00,13.81,1327.57
2019-03-19 16:00:00,13.45,1372.46
2019-03-19 17:00:00,13.47,1452.55
2019-03-19 18:00:00,12.02,1471.68
2019-03-19 19:00:00,12.38,1485.96
2019-03-19 20:00:00,11.58,1388.16
2019-03-19 21:00:00,10.34,1390.16
2019-03-19 22:00:00,10.18,1291.77
2019-03-19 23:00:00,10.57,1238.41
2019-03-20 00:00:00,11.38,1176.12
2019-03-20 01:00:00,11.74,1159.31
2019-03-20 02:00:00,10.39,1165.24
2019-03-20 03:00:00,11.76,1134.42
2019-03-20 04:00:00,12.9,1128.44
2019-03-20 05:00:00,12.78,1153.87
2019-03-20 06:00:00,14.77,1217.7
2019-03-20 07:00:00,15.22,1310.69
2019-03-20 08:00:00,16.83,1367.66
2019-03-20 09:00:00,17.11,1378.95
2019-03-20 10:00:00,18.97,1337.63
2019-03-20 11:00:00,19.69,1269.96
2019-03-20 12:00:00,18.55,1209.69
2019-03-20 13:00:00,16.23,1234.72
2019-03-20 14:00:00,16.78,1228.6
2019-03-20 15:00:00,16.2,1288.94
2019-03-20 16:00:00,14.29,1359.65
2019-03-20 17:00:00,13.53,1426.9
2019-03-20 18:00:00,13.2,1449.58
2019-03-20 19:00:00,11.65,1470.75
2019-03-20 20:00:00,10.68,1414.38
2019-03-20 21:00:00,11.18,1352.94
2019-03-20 22:00:00,9.49,1308.58
2019-03-20 23:00:00,9.23,1330.54
2019-03-21 00:00:00,9.64,1234.91
2019-03-21 01:00:00,9.94,1167.68
2019-03-21 02:00:00,8.85,1188.25
2019-03-21 03:00:00,8.51,1153.12
2019-03-21 04:00:00,9.33,1180.58
2019-03-21 05:00:00,11.14,1210.35
2019-03-21 06:00:00,12.79,1282.74
2019-03-21 07:00:00,13.36,1340.89
2019-03-21 08:00:00,13.66,1354.92
2019-03-21 09:00:00,13.29,1373.13
2019-03-21 10:00:00,14.46,1370.82
2019-03-21 11:00:00,15.2,1298.96
2019-03-21 12:00:00,15.76,1235.11
2019-03-21 13:00:00,14.49,1247.96
2019-03-21 14:00:00,15.74,1240.53
2019-03-21 15:00:00,13.86,1253.01
2019-03-21 16:00:00,12.54,1369.1
2019-03-21 17:00:00,11.38,1407.47
2019-03-21 18:00:00,10.12,1436.21
2019-03-21 19:00:00,10.42,1492.15
2019-03-21 20:00:00,8.84,1477.32
2019-03-21 21:00:00,7.35,1405.07
2019-03-21 22:00:00,8.2,1386.19
2019-03-21 23:00:00,7.59,1348.11
2019-03-22 00:00:00,7.61,1272.73
2019-03-22 01:00:00,8.9,1194.35
2019-03-22 02:00:00,7.64,1195.19
2019-03-22 03:00:00,7.66,1163.25
2019-03-22 04:00:00,7.99,1249.08
2019-03-22 05:00:00,10.19,1228.87
2019-03-22 06:00:00,11.18,1253.03
2019-03-22 07:00:00,11.55,1370.07
2019-03-22 08:00:00,12.52,1367.41
2019-03-22 09:00:00,12.73,1386.09
2019-03-22 10:00:00,12.12,1344.32
2019-03-22 11:00:00,11.66,1283.33
2019-03-22 12:00:00,11.94,1271.01
2019-03-22 13:00:00,12.7,1241.22
2019-03-22 14:00:00,13.34,1234.02
2019-03-22 15:00:00,12.89,1319.53
2019-03-22 16:00:00,12.02,1352.28
2019-03-22 17:00:00,11.83,1477.77
2019-03-22 18:00:00,10.19,1473.06
2019-03-22 19:00:00,8.63,1513.41
2019-03-22 20:00:00,6.54,1529.54
2019-03-22 21:00:00,6.69,1410.45
2019-03-22 22:00:00,4.4,1431.49
2019-03-22 23:00:00,3.53,1461.31
2019-03-23 00:00:00,3.05,1354.82
2019-03-23 01:00:00,4.43,1261.22
2019-03-23 02:00:00,6.72,
2019-03-23 03:00:00,8.63,1139.42
2019-03-23 04:00:00,6.74,1178.94
2019-03-23 05:00:00,7.03,1174.67
2019-03-23 06:00:00,7.02,1276.56
2019-03-23 07:00:00,8.32,1226.73
2019-03-23 08:00:00,10.76,1261.19
2019-03-23 09:00:00,10.16,1255.66
2019-03-23 10:00:00,10.74,1194.25
2019-03-23 11:00:00,9.63,1173.05
2019-03-23 12:00:00,9.33,1126.25
2019-03-23 13:00:00,10.67,1103.93
2019-03-23 14:00:00,10.74,1108.78
2019-03-23 15:00:00,11.26,1123.65
2019-03-23 16:00:00,10.13,1196.86
2019-03-23 17:00:00,10.54,1233.28
2019-03-23 18:00:00,11.15,1305.18
2019-03-23 19:00:00,8.58,1332.89
2019-03-23 20:00:00,8.31,1283.08
2019-03-23 21:00:00,8.6,1332.04
2019-03-23 22:00:00,6.8,1310.69
2019-03-23 23:00:00,6.53,1286.93
2019-03-24 00:00:00,6.45,1202.4
2019-03-24 01:00:00,5.85,1168.06
2019-03-24 02:00:00,6.63,1189.79
2019-03-24 03:00:00,5.52,1169.52
2019-03-24 04:00:00,7.06,1171.44
2019-03-24 05:00:00,6.88,1185.4
2019-03-24 06:00:00,6.84,1303.99
2019-03-24 07:00:00,8.05,1249.13
2019-03-24 08:00:00,9.49,1270.08
2019-03-24 09:00:00,8.87,1264.75
2019-03-24 10:00:00,10.75,1175.02
2019-03-24 11:00:00,12.04,1120.63
2019-03-24 12:00:00,12.19,1073.27
2019-03-24 13:00:00,12.31,1113.48
2019-03-24 14:00:00,11.5,1097.11
2019-03-24 15:00:00,10.1,1156.41
2019-03-24 16:00:00,9.47,1241.11
2019-03-24 17:00:00,7.47,1276.66
2019-03-24 18:00:00,6.66,1404.72
2019-03-24 19:00:00,6.04,1330.91
2019-03-24 20:00:00,4.21,1351.86
2019-03-24 21:00:00,2.2,1527.29
2019-03-24 22:00:00,0.46,1501.55
2019-03-24 23:00:00,-0.03,1472.76
2019-03-25 00:00:00,1.19,1376.2
2019-03-25 01:00:00,1.06,1382.46
2019-03-25 02:00:00,-0.7,1405.76
2019-03-25 03:00:00,-0.87,1364.73
2019-03-25 04:00:00,-0.11,1422.07
2019-03-25 05:00:00,0.71,1415.52
2019-03-25 06:00:00,1.5,1491.97
2019-03-25 07:00:00,3.22,1502.81
2019-03-25 08:00:00,4.78,1557.34
2019-03-25 09:00:00,4.23,1593.59
2019-03-25 10:00:00,4.51,1532.97
2019-03-25 11:00:00,5.19,1448.96
2019-03-25 12:00:00,7.18,1328.96
2019-03-25 13:00:00,7.12,1336.3
2019-03-25 14:00:00,7.14,1372.22
2019-03-25 15:00:00,7.85,1372.57
2019-03-25 16:00:00,8.42,1409.95
2019-03-25 17:00:00,7.15,1510.33
2019-03-25 18:00:00,5.84,1632.73
2019-03-25 19:00:00,5.06,1619.07
2019-03-25 20:00:00,3.62,1635.86
2019-03-25 21:00:00,5.24,1467.39
2019-03-25 22:00:00,5.97,1393.86
2019-03-25 23:00:00,6.48,1358.76
2019-03-26 00:00:00,6.39,1310.44
2019-03-26 01:00:00,6.43,1212.68
2019-03-26 02:00:00,6.05,1235.79
2019-03-26 03:00:00,6.35,1236.05
2019-03-26 04:00:00,5.98,1234.78
2019-03-26 05:00:00,6.78,1258.54
2019-03-26 06:00:00,7.35,1332.14
2019-03-26 07:00:00,7.69,1410.6
2019-03-26 08:00:00,9.93,1414.05
2019-03-26 09:00:00,10.2,
2019-03-26 10:00:00,10.68,1382.76
2019-03-26 11:00:00,10.7,1296.38
2019-03-26 12:00:00,11.58,1249.01
2019-03-26 13:00:00,10.18,1282.53
2019-03-26 14:00:00,11.17,1298.92
2019-03-26 15:00:00,10.74,1310.49
2019-03-26 16:00:00,9.93,1368.71
2019-03-26 17:00:00,9.31,
2019-03-26 18:00:00,6.6,1563.7
2019-03-26 19:00:00,5.71,1618.87
2019-03-26 20:00:00,5.81,1511.32
2019-03-26 21:00:00,3.4,1561.76
2019-03-26 22:00:00,2.2,1554.43
2019-03-26 23:00:00,1.46,1466.64
2019-03-27 00:00:00,1.78,1327.63
2019-03-27 01:00:00,2.5,1414.41
2019-03-27 02:00:00,3.29,1293.06
2019-03-27 03:00:00,6.22,1224.94
2019-03-27 04:00:00,6.17,1223.72
2019-03-27 05:00:00,6.11,1267.24
2019-03-27 06:00:00,6.14,1349.07
2019-03-27 07:00:00,7.59,1417.13
2019-03-27 08:00:00,9.32,1417.2
2019-03-27 09:00:00,9.87,1398.06
2019-03-27 10:00:00,11.08,1362.04
2019-03-27 11:00:00,12.93,1290.76
2019-03-27 12:00:00,12.66,1279.75
2019-03-27 13:00:00,12.56,1244.09
2019-03-27 14:00:00,12.24,1332.49
2019-03-27 15:00:00,11.69,1304.34
2019-03-27 16:00:00,11.51,1332.19
2019-03-27 17:00:00,9.41,1462.35
2019-03-27 18:00:00,8.04,1488.69
2019-03-27 19:00:00,8.42,1487.32
2019-03-27 20:00:00,5.41,1541.27
2019-03-27 21:00:00,6.26,1475.95
2019-03-27 22:00:00,5.21,1476.2
2019-03-27 23:00:00,5.14,1375.44
2019-03-28 00:00:00,5.23,1332.11
2019-03-28 01:00:00,4.44,1288.57
2019-03-28 02:00:00,5.51,1265.78
2019-03-28 03:00:00,8.04,1185.25
2019-03-28 04:00:00,8.99,1181.65
2019-03-28 05:00:00,9.67,1229.96
2019-03-28 06:00:00,9.3,1316.56
2019-03-28 07:00:00,11.17,1339.54
2019-03-28 08:00:00,9.78,1411.48
2019-03-28 09:00:00,11.17,1395.95
2019-03-28 10:00:00,11.3,1395.98
2019-03-28 11:00:00,10.67,1319.4
2019-03-28 12:00:00,10.11,1345.67
2019-03-28 13:00:00,10.27,1250.27
2019-03-28 14:00:00,11.19,1222.44
2019-03-28 15:00:00,11.08,1331.51
2019-03-28 16:00:00,10.17,1402.18
2019-03-28 17:00:00,8.44,1475.62
2019-03-28 18:00:00,6.41,1598.13
2019-03-28 19:00:00,3.75,1648.02
2019-03-28 20:00:00,3.34,1650.02
2019-03-28 21:00:00,3.76,1562.0
2019-03-28 22:00:00,2.76,1444.26
2019-03-28 23:00:00,3.41,1482.64
2019-03-29 00:00:00,3.21,1363.82
2019-03-29 01:00:00,4.44,1293.65
2019-03-29 02:00:00,6.39,1214.41
2019-03-29 03:00:00,7.36,1169.37
2019-03-29 04:00:00,8.45,1172.02
2019-03-29 05:00:00,8.11,1207.83
2019-03-29 06:00:00,10.34,1249.97
2019-03-29 07:00:00,9.02,1392.68
2019-03-29 08:00:00,10.42,1439.67
2019-03-29 09:00:00,12.2,1391.56
2019-03-29 10:00:00,12.78,1352.37
2019-03-29 11:00:00,13.65,1296.63
2019-03-29 12:00:00,13.74,1267.22
2019-03-29 13:00:00,14.07,1185.38
2019-03-29 14:00:00,13.47,1313.06
2019-03-29 15:00:00,12.24,1287.59
2019-03-29 16:00:00,11.88,1350.18
2019-03-29 17:00:00,10.24,1426.56
2019-03-29 18:00:00,7.89,1522.84
2019-03-29 19:00:00,6.27,1614.51
2019-03-29 20:00:00,4.82,1575.21
2019-03-29 21:00:00,5.27,1525.26
2019-03-29 22:00:00,3.71,1474.11
2019-03-29 23:00:00,4.74,
2019-03-30 00:00:00,4.36,1293.72
2019-03-30 01:00:00,4.09,1262.02
2019-03-30 02:00:00,5.65,1148.09
2019-03-30 03:00:00,6.46,1192.09
2019-03-30 04:00:00,7.52,1150.31
2019-03-30 05:00:00,7.66,1215.98
2019-03-30 06:00:00,8.42,1244.4
2019-03-30 07:00:00,9.39,1178.72
2019-03-30 08:00:00,10.5,1251.08
2019-03-30 09:00:00,11.83,1217.73
2019-03-30 10:00:00,14.45,1187.25
2019-03-30 11:00:00,14.47,1094.08
2019-03-30 12:00:00,14.13,1052.39
2019-03-30 13:00:00,13.79,1067.32
2019-03-30 14:00:00,13.12,1112.09
2019-03-30 15:00:00,13.31,1100.54
2019-03-30 16:00:00,11.98,1172.68
2019-03-30 17:00:00,10.06,1282.55
2019-03-30 18:00:00,7.44,1356.26
2019-03-30 19:00:00,5.22,
2019-03-30 20:00:00,4.64,1442.28
2019-03-30 21:00:00,3.41,1388.51
2019-03-30 22:00:00,3.8,1437.36
2019-03-30 23:00:00,2.9,1344.6
2019-03-31 00:00:00,2.14,1323.1
2019-03-31 01:00:00,2.39,1314.91
2019-03-31 02:00:00,2.98,1193.71
2019-03-31 03:00:00,4.7,1187.94
2019-03-31 04:00:00,7.71,1106.67
2019-03-31 05:00:00,7.7,1156.87
2019-03-31 06:00:00,9.75,1194.7
2019-03-31 07:00:00,11.62,1185.84
2019-03-31 08:00:00,11.82,1185.02
2019-03-31 09:00:00,13.95,1256.46
2019-03-31 10:00:00,14.64,1131.34
2019-03-31 11:00:00,14.55,1095.97
2019-03-31 12:00:00,15.2,1084.15
2019-03-31 13:00:00,14.77,1088.57
2019-03-31 14:00:00,14.88,1055.28
2019-03-31 15:00:00,13.66,1125.47
2019-03-31 16:00:00,13.63,1133.43
2019-03-31 17:00:00,14.53,1163.99
2019-03-31 18:00:00,13.37,1259.69
2019-03-31 19:00:00,11.77,1333.61
2019-03-31 20:00:00,11.1,1217.01
2019-03-31 21:00:00,10.92,1312.84
2019-03-31 22:00:00,11.91,1261.35
2019-03-31 23:00:00,11.02,1233.92
2019-04-01 00:00:00,10.48,1194.33
2019-04-01 01:00:00,8.92,1178.83
2019-04-01 02:00:00,8.38,1150.22
2019-04-01 03:00:00,9.68,1071.24
2019-04-01 04:00:00,11.23,1084.68
2019-04-01 05:00:00,11.2,1166.62
2019-04-01 06:00:00,12.47,1238.64
2019-04-01 07:00:00,13.8,1318.35
2019-04-01 08:00:00,12.88,1338.75
2019-04-01 09:00:00,12.99,1357.61
2019-04-01 10:00:00,14.55,1327.71
2019-04-01 11:00:00,14.45,1235.48
2019-04-01 12:00:00,15.04,1188.82
2019-04-01 13:00:00,15.18,1176.07
2019-04-01 14:00:00,14.43,1170.97
2019-04-01 15:00:00,14.39,1251.77
2019-04-01 16:00:00,13.52,1289.06
2019-04-01 17:00:00,12.29,1390.3
2019-04-01 18:00:00,10.94,1433.4
2019-04-01 19:00:00,9.37,1447.99
2019-04-01 20:00:00,7.87,1463.37
2019-04-01 21:00:00,7.6,1332.72
2019-04-01 22:00:00,7.05,1303.37
2019-04-01 23:00:00,6.34,1292.35
2019-04-02 00:00:00,7.66,1247.98
2019-04-02 01:00:00,9.25,1159.44
2019-04-02 02:00:00,10.32,1094.66
2019-04-02 03:00:00,12.76,1054.18
2019-04-02 04:00:00,13.74,1051.41
2019-04-02 05:00:00,14.06,1143.63
2019-04-02 06:00:00,14.88,1234.5
2019-04-02 07:00:00,14.61,1287.95
2019-04-02 08:00:00,14.75,1347.67
2019-04-02 09:00:00,15.34,1346.9
2019-04-02 10:00:00,14.63,1338.7
2019-04-02 11:00:00,14.59,1231.43
2019-04-02 12:00:00,14.97,1178.04
2019-04-02 13:00:00,14.78,1216.8
2019-04-02 14:00:00,16.15,1197.06
2019-04-02 15:00:00,15.38,1222.53
2019-04-02 16:00:00,12.56,1303.44
2019-04-02 17:00:00,10.75,1367.67
2019-04-02 18:00:00,11.59,1403.07
2019-04-02 19:00:00,11.64,1327.17
2019-04-02 20:00:00,10.25,1417.07
2019-04-02 21:00:00,9.96,1306.66
2019-04-02 22:00:00,8.38,1291.08
2019-04-02 23:00:00,9.55,1242.49
2019-04-03 00:00:00,9.29,1197.25
2019-04-03 01:00:00,8.18,1197.11
2019-04-03 02:00:00,7.95,1145.42
2019-04-03 03:00:00,8.83,1102.67
2019-04-03 04:00:00,8.95,1155.75
2019-04-03 05:00:00,8.84,1167.61
2019-04-03 06:00:00,10.58,1236.63
2019-04-03 07:00:00,12.66,1277.44
2019-04-03 08:00:00,13.54,1350.39
2019-04-03 09:00:00,13.72,1373.05
2019-04-03 10:00:00,14.46,1292.91
2019-04-03 11:00:00,14.95,1217.18
2019-04-03 12:00:00,14.3,1202.37
2019-04-03 13:00:00,13.65,1199.95
2019-04-03 14:00:00,13.99,1218.3
2019-04-03 15:00:00,13.08,1246.23
2019-04-03 16:00:00,12.2,1321.51
2019-04-03 17:00:00,11.97,1376.22
2019-04-03 18:00:00,9.1,1410.96
2019-04-03 19:00:00,8.72,1436.61
2019-04-03 20:00:00,7.44,1491.2
2019-04-03 21:00:00,7.24,1385.93
2019-04-03 22:00:00,6.98,1360.81
2019-04-03 23:00:00,5.42,1339.98
2019-04-04 00:00:00,6.38,1226.27
2019-04-04 01:00:00,6.46,1253.83
2019-04-04 02:00:00,7.54,1166.3
2019-04-04 03:00:00,7.92,1119.92
2019-04-04 04:00:00,7.74,1175.9
2019-04-04 05:00:00,8.01,1176.06
2019-04-04 06:00:00,7.75,1288.61
2019-04-04 07:00:00,9.92,1344.02
2019-04-04 08:00:00,11.83,1390.23
2019-04-04 09:00:00,12.66,1360.57
2019-04-04 10:00:00,12.19,1311.65
2019-04-04 11:00:00,13.18,1231.78
2019-04-04 12:00:00,11.52,1240.52
2019-04-04 13:00:00,11.05,1193.75
2019-04-04 14:00:00,10.82,1259.56
2019-04-04 15:00:00,11.91,1286.56
2019-04-04 16:00:00,12.48,1302.68
2019-04-04 17:00:00,11.46,1372.65
2019-04-04 18:00:00,9.94,1492.95
2019-04-04 19:00:00,9.52,1435.86
2019-04-04 20:00:00,8.25,1459.79
2019-04-04 21:00:00,8.39,1319.55
2019-04-04 22:00:00,8.17,1292.56
2019-04-04 23:00:00,8.33,1237.41
2019-04-05 00:00:00,9.64,1154.81
2019-04-05 01:00:00,11.74,1144.88
2019-04-05 02:00:00,13.1,1105.73
2019-04-05 03:00:00,13.96,1074.95
2019-04-05 04:00:00,13.45,1104.33
2019-04-05 05:00:00,13.67,1141.6
2019-04-05 06:00:00,14.18,1206.92
2019-04-05 07:00:00,14.86,1290.31
2019-04-05 08:00:00,16.6,1335.16
2019-04-05 09:00:00,16.87,1363.94
2019-04-05 10:00:00,17.3,1295.73
2019-04-05 11:00:00,18.15,1210.22
2019-04-05 12:00:00,17.56,1188.74
2019-04-05 13:00:00,16.93,1229.96
2019-04-05 14:00:00,17.73,1214.25
2019-04-05 15:00:00,16.48,1256.17
2019-04-05 16:00:00,15.23,1283.42
2019-04-05 17:00:00,14.5,1344.47
2019-04-05 18:00:00,14.33,1399.42
2019-04-05 19:00:00,11.62,1460.5
2019-04-05 20:00:00,9.85,1388.21
2019-04-05 21:00:00,10.47,1297.67
2019-04-05 22:00:00,10.1,1293.2
2019-04-05 23:00:00,10.07,1256.03
2019-04-06 00:00:00,9.41,1117.22
2019-04-06 01:00:00,9.37,1090.07
2019-04-06 02:00:00,8.68,1086.62
2019-04-06 03:00:00,9.29,1043.03
2019-04-06 04:00:00,10.02,1037.05
2019-04-06 05:00:00,10.19,1105.95
2019-04-06 06:00:00,9.35,1203.41
2019-04-06 07:00:00,10.21,1156.85
2019-04-06 08:00:00,10.59,1179.78
2019-04-06 09:00:00,38.83,1203.03
2019-04-06 10:00:00,13.15,1141.69
2019-04-06 11:00:00,13.71,1078.22
2019-04-06 12:00:00,14.36,1034.14
2019-04-06 13:00:00,14.37,994.71
2019-04-06 14:00:00,14.17,981.63
2019-04-06 15:00:00,12.26,1082.48
2019-04-06 16:00:00,11.54,1110.54
2019-04-06 17:00:00,9.69,1173.87
2019-04-06 18:00:00,10.0,1318.9
2019-04-06 19:00:00,8.89,1309.07
2019-04-06 20:00:00,6.8,1206.75
2019-04-06 21:00:00,6.98,
2019-04-06 22:00:00,4.57,1332.82
2019-04-06 23:00:00,5.18,1313.2
2019-04-07 00:00:00,4.56,1189.73
2019-04-07 01:00:00,5.29,1180.07
2019-04-07 02:00:00,4.77,1157.53
2019-04-07 03:00:00,3.91,1213.72
2019-04-07 04:00:00,4.03,1199.62
2019-04-07 05:00:00,5.37,1223.38
2019-04-07 06:00:00,6.17,1271.64
2019-04-07 07:00:00,7.68,1217.5
2019-04-07 08:00:00,6.61,
2019-04-07 09:00:00,7.7,1264.64
2019-04-07 10:00:00,9.04,1183.35
2019-04-07 11:00:00,8.92,1129.19
2019-04-07 12:00:00,8.18,1113.41
2019-04-07 13:00:00,8.74,1122.75
2019-04-07 14:00:00,8.59,1065.25
2019-04-07 15:00:00,7.98,1134.14
2019-04-07 16:00:00,8.49,1168.52
2019-04-07 17:00:00,7.02,1299.92
2019-04-07 18:00:00,6.47,1318.64
2019-04-07 19:00:00,5.28,1383.73
2019-04-07 20:00:00,5.61,1265.59
2019-04-07 21:00:00,4.44,
2019-04-07 22:00:00,3.15,1437.41
2019-04-07 23:00:00,3.71,1359.17
2019-04-08 00:00:00,5.35,1253.19
2019-04-08 01:00:00,6.09,1177.22
2019-04-08 02:00:00,5.85,1170.96
2019-04-08 03:00:00,5.84,1176.87
2019-04-08 04:00:00,8.58,1130.73
2019-04-08 05:00:00,9.55,1137.64
2019-04-08 06:00:00,9.96,1278.5
2019-04-08 07:00:00,10.2,1319.41
2019-04-08 08:00:00,10.54,1358.91
2019-04-08 09:00:00,9.81,1365.19
2019-04-08 10:00:00,10.57,1357.39
2019-04-08 11:00:00,10.42,1291.9
2019-04-08 12:00:00,10.78,1242.38
2019-04-08 13:00:00,9.35,1292.43
2019-04-08 14:00:00,10.73,1240.92
2019-04-08 15:00:00,9.78,1315.76
2019-04-08 16:00:00,9.09,1383.2
2019-04-08 17:00:00,8.53,1456.69
2019-04-08 18:00:00,6.47,1561.31
2019-04-08 19:00:00,6.34,1618.03
2019-04-08 20:00:00,6.27,1483.79
2019-04-08 21:00:00,5.11,1394.29
2019-04-08 22:00:00,5.65,1317.84
2019-04-08 23:00:00,6.71,1330.5
2019-04-09 00:00:00,5.66,1272.2
2019-04-09 01:00:00,6.49,1219.96
2019-04-09 02:00:00,7.29,1178.4
2019-04-09 03:00:00,8.57,
2019-04-09 04:00:00,10.27,1112.1
2019-04-09 05:00:00,13.02,1113.55
2019-04-09 06:00:00,14.57,1236.33
2019-04-09 07:00:00,13.59,1293.85
2019-04-09 08:00:00,14.04,1324.29
2019-04-09 09:00:00,15.2,1370.29
2019-04-09 10:00:00,16.65,1241.69
2019-04-09 11:00:00,17.31,1240.36
2019-04-09 12:00:00,16.66,1190.91
2019-04-09 13:00:00,16.85,1148.68
2019-04-09 14:00:00,17.07,1217.35
2019-04-09 15:00:00,16.38,1229.49
2019-04-09 16:00:00,16.07,1267.37
2019-04-09 17:00:00,13.86,1394.01
2019-04-09 18:00:00,12.01,1412.72
2019-04-09 19:00:00,11.95,1411.81
2019-04-09 20:00:00,10.16,1382.29
2019-04-09 21:00:00,9.88,1330.49
2019-04-09 22:00:00,8.47,1293.35
2019-04-09 23:00:00,8.06,1259.74
2019-04-10 00:00:00,8.77,1197.51
2019-04-10 01:00:00,7.77,1173.71
2019-04-10 02:00:00,6.51,1154.38
2019-04-10 03:00:00,6.36,1190.51
2019-04-10 04:00:00,8.27,1148.47
2019-04-10 05:00:00,9.99,1173.44
2019-04-10 06:00:00,11.18,1247.56
2019-04-10 07:00:00,13.11,1305.45
2019-04-10 08:00:00,12.76,1367.69
2019-04-10 09:00:00,12.73,1377.1
2019-04-10 10:00:00,14.89,1304.27
2019-04-10 11:00:00,15.83,1255.85
2019-04-10 12:00:00,15.89,1188.59
2019-04-10 13:00:00,15.01,1199.98
2019-04-10 14:00:00,13.84,1184.29
2019-04-10 15:00:00,12.92,1232.66
2019-04-10 16:00:00,12.34,1326.89
2019-04-10 17:00:00,10.98,1407.28
2019-04-10 18:00:00,9.28,1459.29
2019-04-10 19:00:00,7.58,1556.46
2019-04-10 20:00:00,7.59,1459.45
2019-04-10 21:00:00,4.8,1440.91
2019-04-10 22:00:00,5.21,1329.18
2019-04-10 23:00:00,5.61,1354.04
2019-04-11 00:00:00,6.32,
2019-04-11 01:00:00,7.34,1171.57
2019-04-11 02:00:00,8.64,1128.92
2019-04-11 03:00:00,8.79,1088.69
2019-04-11 04:00:00,6.92,1145.49
2019-04-11 05:00:00,8.67,1191.07
2019-04-11 06:00:00,8.41,1283.49
2019-04-11 07:00:00,9.97,1347.93
2019-04-11 08:00:00,10.81,1368.27
2019-04-11 09:00:00,13.17,1321.62
2019-04-11 10:00:00,12.34,1323.8
2019-04-11 11:00:00,12.55,1255.62
2019-04-11 12:00:00,14.27,1159.02
2019-04-11 13:00:00,15.17,1188.01
2019-04-11 14:00:00,14.52,1195.47
2019-04-11 15:00:00,14.24,1216.3
2019-04-11 16:00:00,13.77,1294.72
2019-04-11 17:00:00,14.81,1319.03
2019-04-11 18:00:00,13.4,1365.95
2019-04-11 19:00:00,11.87,1388.88
2019-04-11 20:00:00,10.46,1414.58
2019-04-11 21:00:00,9.68,1367.56
2019-04-11 22:00:00,10.51,1267.48
2019-04-11 23:00:00,10.33,1199.77
2019-04-12 00:00:00,10.28,1175.23
2019-04-12 01:00:00,10.86,1171.44
2019-04-12 02:00:00,10.41,1071.39
2019-04-12 03:00:00,11.01,1053.36
2019-04-12 04:00:00,12.35,1071.99
2019-04-12 05:00:00,13.34,1128.74
2019-04-12 06:00:00,13.37,1222.41
2019-04-12 07:00:00,15.55,1227.01
2019-04-12 08:00:00,16.23,1310.49
2019-04-12 09:00:00,18.73,1358.13
2019-04-12 10:00:00,18.75,1306.84
2019-04-12 11:00:00,19.58,1246.92
2019-04-12 12:00:00,20.43,1212.77
2019-04-12 13:00:00,20.05,1168.03
2019-04-12 14:00:00,18.07,1188.74
2019-04-12 15:00:00,17.17,1193.79
2019-04-12 16:00:00,16.41,1310.37
2019-04-12 17:00:00,16.93,1338.01
2019-04-12 18:00:00,16.64,1400.04
2019-04-12 19:00:00,12.89,1428.67
2019-04-12 20:00:00,12.24,1405.28
2019-04-12 21:00:00,10.4,1376.87
2019-04-12 22:00:00,11.56,1263.94
2019-04-12 23:00:00,12.58,1211.31
2019-04-13 00:00:00,12.87,1126.96
2019-04-13 01:00:00,12.54,1080.32
2019-04-13 02:00:00,13.14,1035.29
2019-04-13 03:00:00,13.92,979.1
2019-04-13 04:00:00,14.63,1023.54
2019-04-13 05:00:00,16.89,1063.51
2019-04-13 06:00:00,17.68,1141.15
2019-04-13 07:00:00,17.82,1135.03
2019-04-13 08:00:00,18.9,1168.81
2019-04-13 09:00:00,18.84,1173.84
2019-04-13 10:00:00,21.19,1131.01
2019-04-13 11:00:00,21.81,1073.36
2019-04-13 12:00:00,20.37,1034.21
2019-04-13 13:00:00,18.96,1015.55
2019-04-13 14:00:00,18.37,1007.14
2019-04-13 15:00:00,19.46,1051.87
2019-04-13 16:00:00,17.78,1110.95
2019-04-13 17:00:00,16.17,1160.24
2019-04-13 18:00:00,13.83,1207.39
2019-04-13 19:00:00,12.63,1280.4
2019-04-13 20:00:00,11.93,1175.98
2019-04-13 21:00:00,9.81,1291.88
2019-04-13 22:00:00,8.01,1233.01
2019-04-13 23:00:00,7.26,1276.07
2019-04-14 00:00:00,8.09,1137.78
2019-04-14 01:00:00,9.33,1072.54
2019-04-14 02:00:00,8.92,1070.71
2019-04-14 03:00:00,8.34,1030.12
2019-04-14 04:00:00,7.82,1113.45
2019-04-14 05:00:00,8.06,1126.83
2019-04-14 06:00:00,8.6,1205.26
2019-04-14 07:00:00,9.85,1164.4
2019-04-14 08:00:00,11.33,1160.33
2019-04-14 09:00:00,12.04,1165.16
2019-04-14 10:00:00,11.93,1122.02
2019-04-14 11:00:00,12.9,1054.91
2019-04-14 12:00:00,12.2,995.79
2019-04-14 13:00:00,11.51,1029.65
2019-04-14 14:00:00,11.35,1046.66
2019-04-14 15:00:00,11.43,1076.61
2019-04-14 16:00:00,11.24,1110.38
2019-04-14 17:00:00,10.7,1213.37
2019-04-14 18:00:00,10.34,1275.69
2019-04-14 19:00:00,8.46,1292.75
2019-04-14 20:00:00,7.86,1235.22
2019-04-14 21:00:00,7.84,1283.41
2019-04-14 22:00:00,8.39,1285.09
2019-04-14 23:00:00,7.18,1186.79
2019-04-15 00:00:00,6.8,1202.37
2019-04-15 01:00:00,6.35,1180.34
2019-04-15 02:00:00,7.27,1176.06
2019-04-15 03:00:00,8.35,1148.17
2019-04-15 04:00:00,8.21,1085.76
2019-04-15 05:00:00,9.48,1160.08
2019-04-15 06:00:00,12.1,1226.36
2019-04-15 07:00:00,12.95,1305.31
2019-04-15 08:00:00,12.21,1373.97
2019-04-15 09:00:00,11.62,1370.96
2019-04-15 10:00:00,12.94,1363.74
2019-04-15 11:00:00,11.3,1252.64
2019-04-15 12:00:00,11.28,1256.53
2019-04-15 13:00:00,11.97,1210.14
2019-04-15 14:00:00,10.71,1280.79
2019-04-15 15:00:00,10.64,1289.3
2019-04-15 16:00:00,10.03,1397.54
2019-04-15 17:00:00,9.31,1378.35
2019-04-15 18:00:00,8.35,1384.29
2019-04-15 19:00:00,8.03,1476.92
2019-04-15 20:00:00,8.93,
2019-04-15 21:00:00,7.56,1393.29
2019-04-15 22:00:00,6.28,1342.45
2019-04-15 23:00:00,6.33,1296.44
2019-04-16 00:00:00,6.89,1233.3
2019-04-16 01:00:00,7.91,1172.64
2019-04-16 02:00:00,8.69,1147.79
2019-04-16 03:00:00,7.7,1083.19
2019-04-16 04:00:00,6.63,1198.28
2019-04-16 05:00:00,9.01,1165.99
2019-04-16 06:00:00,9.81,1236.03
2019-04-16 07:00:00,11.35,1295.48
2019-04-16 08:00:00,11.1,1371.85
2019-04-16 09:00:00,12.69,1371.15
2019-04-16 10:00:00,14.83,1310.11
2019-04-16 11:00:00,15.27,
2019-04-16 12:00:00,16.7,1203.26
2019-04-16 13:00:00,16.71,1190.43
2019-04-16 14:00:00,17.93,1188.95
2019-04-16 15:00:00,18.38,1226.69
2019-04-16 16:00:00,18.61,1294.05
2019-04-16 17:00:00,18.67,1353.8
2019-04-16 18:00:00,17.95,1407.95
2019-04-16 19:00:00,16.53,1389.79
2019-04-16 20:00:00,14.69,1356.1
2019-04-16 21:00:00,13.64,1337.81
2019-04-16 22:00:00,12.62,1228.72
2019-04-16 23:00:00,12.84,1191.93
2019-04-17 00:00:00,11.78,1144.82
2019-04-17 01:00:00,11.73,1142.62
2019-04-17 02:00:00,13.91,1066.14
2019-04-17 03:00:00,15.11,1044.64
2019-04-17 04:00:00,16.21,1054.95
2019-04-17 05:00:00,16.09,1128.48
2019-04-17 06:00:00,16.75,1196.24
2019-04-17 07:00:00,17.91,1280.09
2019-04-17 08:00:00,18.25,1356.78
2019-04-17 09:00:00,18.76,1342.17
2019-04-17 10:00:00,18.7,1310.86
2019-04-17 11:00:00,17.36,1264.78
2019-04-17 12:00:00,17.54,1196.37
2019-04-17 13:00:00,16.96,1191.85
2019-04-17 14:00:00,17.57,1199.69
2019-04-17 15:00:00,16.84,1233.26
2019-04-17 16:00:00,14.89,1293.71
2019-04-17 17:00:00,13.97,1408.42
2019-04-17 18:00:00,12.37,1448.02
2019-04-17 19:00:00,12.75,1366.35
2019-04-17 20:00:00,10.68,1399.78
2019-04-17 21:00:00,10.89,1302.63
2019-04-17 22:00:00,9.51,1323.95
2019-04-17 23:00:00,9.41,1265.03
2019-04-18 00:00:00,8.88,1187.58
2019-04-18 01:00:00,7.96,1160.78
2019-04-18 02:00:00,8.06,1149.14
2019-04-18 03:00:00,9.59,1102.78
2019-04-18 04:00:00,9.74,1088.04
2019-04-18 05:00:00,9.76,1165.49
2019-04-18 06:00:00,11.49,1214.56
2019-04-18 07:00:00,13.75,1282.52
2019-04-18 08:00:00,15.01,1339.1
2019-04-18 09:00:00,15.89,1338.24
2019-04-18 10:00:00,16.73,1291.9
2019-04-18 11:00:00,16.34,1251.29
2019-04-18 12:00:00,16.96,1194.87
2019-04-18 13:00:00,18.09,1170.03
2019-04-18 14:00:00,16.79,1188.65
2019-04-18 15:00:00,16.28,1222.71
2019-04-18 16:00:00,13.28,1278.22
2019-04-18 17:00:00,12.25,1339.92
2019-04-18 18:00:00,11.19,1383.04
2019-04-18 19:00:00,10.48,1442.67
2019-04-18 20:00:00,9.13,1440.59
2019-04-18 21:00:00,7.78,1360.16
2019-04-18 22:00:00,8.79,1288.83
2019-04-18 23:00:00,10.38,1260.24
2019-04-19 00:00:00,12.61,1131.83
2019-04-19 01:00:00,13.48,1116.83
2019-04-19 02:00:00,14.79,1050.35
2019-04-19 03:00:00,13.96,1058.42
2019-04-19 04:00:00,15.01,1077.46
2019-04-19 05:00:00,16.67,1145.7
2019-04-19 06:00:00,18.17,1216.45
2019-04-19 07:00:00,19.38,1282.09
2019-04-19 08:00:00,18.79,1362.39
2019-04-19 09:00:00,18.2,1379.44
2019-04-19 10:00:00,18.33,1264.61
2019-04-19 11:00:00,21.13,1261.16
2019-04-19 12:00:00,20.16,1194.38
2019-04-19 13:00:00,19.94,1189.26
2019-04-19 14:00:00,18.57,1204.44
2019-04-19 15:00:00,18.17,1280.37
2019-04-19 16:00:00,16.79,1252.94
2019-04-19 17:00:00,16.13,1357.09
2019-04-19 18:00:00,15.5,1386.97
2019-04-19 19:00:00,13.54,1394.05
2019-04-19 20:00:00,11.43,1341.6
2019-04-19 21:00:00,9.71,1326.78
2019-04-19 22:00:00,9.07,1264.68
2019-04-19 23:00:00,8.39,1242.12
2019-04-20 00:00:00,8.26,1111.34
2019-04-20 01:00:00,8.63,1125.38
2019-04-20 02:00:00,8.86,1070.13
2019-04-20 03:00:00,9.26,1010.23
2019-04-20 04:00:00,10.0,1052.72
2019-04-20 05:00:00,11.32,1104.98
2019-04-20 06:00:00,10.83,1199.16
2019-04-20 07:00:00,12.13,1111.51
2019-04-20 08:00:00,12.83,1197.08
2019-04-20 09:00:00,14.25,1184.72
2019-04-20 10:00:00,15.91,1125.7
2019-04-20 11:00:00,16.02,1091.26
2019-04-20 12:00:00,16.24,1030.76
2019-04-20 13:00:00,16.5,1022.96
2019-04-20 14:00:00,16.12,1027.22
2019-04-20 15:00:00,15.65,1080.69
2019-04-20 16:00:00,14.58,1113.13
2019-04-20 17:00:00,13.2,1162.86
2019-04-20 18:00:00,9.58,1317.01
2019-04-20 19:00:00,7.08,1283.93
2019-04-20 20:00:00,5.62,1297.56
2019-04-20 21:00:00,6.17,1357.86
2019-04-20 22:00:00,6.22,1281.36
2019-04-20 23:00:00,6.28,1223.37
2019-04-21 00:00:00,5.27,1223.65
2019-04-21 01:00:00,4.69,1171.94
2019-04-21 02:00:00,6.73,1108.05
2019-04-21 03:00:00,8.09,1083.22
2019-04-21 04:00:00,7.13,1121.8
2019-04-21 05:00:00,8.64,1115.96
2019-04-21 06:00:00,9.47,1191.34
2019-04-21 07:00:00,9.9,1181.23
2019-04-21 08:00:00,12.17,1170.0
2019-04-21 09:00:00,12.45,1237.39
2019-04-21 10:00:00,12.43,1148.8
2019-04-21 11:00:00,13.59,1077.31
2019-04-21 12:00:00,14.29,1012.5
2019-04-21 13:00:00,14.8,1011.79
2019-04-21 14:00:00,13.37,1070.77
2019-04-21 15:00:00,12.92,1102.69
2019-04-21 16:00:00,11.92,1164.31
2019-04-21 17:00:00,13.11,1219.17
2019-04-21 18:00:00,13.1,1247.17
2019-04-21 19:00:00,10.86,1245.62
2019-04-21 20:00:00,11.59,1175.06
2019-04-21 21:00:00,9.8,
2019-04-21 22:00:00,9.93,1204.78
2019-04-21 23:00:00,10.19,1189.9
2019-04-22 00:00:00,9.93,1178.02
2019-04-22 01:00:00,10.99,1126.24
2019-04-22 02:00:00,10.12,1085.63
2019-04-22 03:00:00,12.91,1076.01
2019-04-22 04:00:00,13.99,1085.26
2019-04-22 05:00:00,15.37,1104.45
2019-04-22 06:00:00,16.72,1209.72
2019-04-22 07:00:00,17.24,1294.08
2019-04-22 08:00:00,18.47,1372.18
2019-04-22 09:00:00,20.48,1339.49
2019-04-22 10:00:00,22.18,1287.33
2019-04-22 11:00:00,21.72,1251.15
2019-04-22 12:00:00,22.99,1242.18
2019-04-22 13:00:00,22.57,1213.09
2019-04-22 14:00:00,23.14,1217.25
2019-04-22 15:00:00,22.87,1188.51
2019-04-22 16:00:00,21.93,1278.28
2019-04-22 17:00:00,21.16,1344.75
2019-04-22 18:00:00,20.88,1393.74
2019-04-22 19:00:00,18.72,1418.94
2019-04-22 20:00:00,19.0,1341.9
2019-04-22 21:00:00,18.08,1276.88
2019-04-22 22:00:00,17.48,1243.99
2019-04-22 23:00:00,15.93,1184.66
2019-04-23 00:00:00,15.57,1124.63
2019-04-23 01:00:00,14.82,1096.44
2019-04-23 02:00:00,16.24,1025.36
2019-04-23 03:00:00,16.88,1034.91
2019-04-23 04:00:00,18.6,
2019-04-23 05:00:00,17.25,1117.96
2019-04-23 06:00:00,16.9,1202.75
2019-04-23 07:00:00,18.87,1282.82
2019-04-23 08:00:00,19.34,
2019-04-23 09:00:00,21.06,1303.83
2019-04-23 10:00:00,22.33,1310.17
2019-04-23 11:00:00,22.54,1250.56
2019-04-23 12:00:00,21.98,1210.53
2019-04-23 13:00:00,21.9,1159.22
2019-04-23 14:00:00,21.92,1202.46
2019-04-23 15:00:00,21.5,1241.36
2019-04-23 16:00:00,20.48,1290.73
2019-04-23 17:00:00,21.03,1337.98
2019-04-23 18:00:00,19.59,1378.49
2019-04-23 19:00:00,18.33,1385.65
2019-04-23 20:00:00,16.43,1316.88
2019-04-23 21:00:00,14.22,1301.14
2019-04-23 22:00:00,13.28,1215.36
2019-04-23 23:00:00,13.5,1147.36
2019-04-24 00:00:00,13.18,1133.29
2019-04-24 01:00:00,12.73,1097.89
2019-04-24 02:00:00,13.03,1063.8
2019-04-24 03:00:00,13.44,1058.94
2019-04-24 04:00:00,14.34,1082.53
2019-04-24 05:00:00,16.73,1108.54
2019-04-24 06:00:00,19.82,1170.14
2019-04-24 07:00:00,21.12,1267.07
2019-04-24 08:00:00,22.11,1357.98
2019-04-24 09:00:00,23.96,1354.06
2019-04-24 10:00:00,24.09,1293.9
2019-04-24 11:00:00,25.79,1257.64
2019-04-24 12:00:00,24.31,1198.57
2019-04-24 13:00:00,22.25,1197.53
2019-04-24 14:00:00,22.48,1209.63
2019-04-24 15:00:00,20.45,1245.38
2019-04-24 16:00:00,17.29,1303.26
2019-04-24 17:00:00,16.16,1325.2
2019-04-24 18:00:00,14.07,1393.53
2019-04-24 19:00:00,13.51,1370.03
2019-04-24 20:00:00,11.19,1402.98
2019-04-24 21:00:00,10.16,1286.08
2019-04-24 22:00:00,9.52,
2019-04-24 23:00:00,9.59,1233.1
2019-04-25 00:00:00,9.37,1186.29
2019-04-25 01:00:00,8.26,1170.08
2019-04-25 02:00:00,7.42,1130.58
2019-04-25 03:00:00,7.49,1140.45
2019-04-25 04:00:00,9.18,1101.39
2019-04-25 05:00:00,12.04,1115.4
2019-04-25 06:00:00,11.75,1230.83
2019-04-25 07:00:00,14.64,1274.9
2019-04-25 08:00:00,17.25,1336.79
2019-04-25 09:00:00,20.22,1323.3
2019-04-25 10:00:00,21.71,
2019-04-25 11:00:00,22.92,1245.85
2019-04-25 12:00:00,21.94,1207.1
2019-04-25 13:00:00,21.85,1223.37
2019-04-25 14:00:00,23.18,1185.65
2019-04-25 15:00:00,26.35,1240.68
2019-04-25 16:00:00,25.46,1277.28
2019-04-25 17:00:00,22.89,1341.89
2019-04-25 18:00:00,21.28,1364.09
2019-04-25 19:00:00,18.71,1419.27
2019-04-25 20:00:00,16.41,1301.43
2019-04-25 21:00:00,15.77,1269.51
2019-04-25 22:00:00,14.89,1200.92
2019-04-25 23:00:00,14.2,1205.78
2019-04-26 00:00:00,15.27,1125.15
2019-04-26 01:00:00,15.0,1094.08
2019-04-26 02:00:00,15.89,1077.21
2019-04-26 03:00:00,16.11,1063.37
2019-04-26 04:00:00,16.98,1080.64
2019-04-26 05:00:00,17.78,1115.49
2019-04-26 06:00:00,18.54,1222.33
2019-04-26 07:00:00,18.15,1286.93
2019-04-26 08:00:00,19.42,1338.13
2019-04-26 09:00:00,19.3,1358.34
2019-04-26 10:00:00,18.93,1277.45
2019-04-26 11:00:00,19.18,1249.63
2019-04-26 12:00:00,18.21,1230.37
2019-04-26 13:00:00,17.64,1203.12
2019-04-26 14:00:00,16.87,1176.96
2019-04-26 15:00:00,16.24,1220.92
2019-04-26 16:00:00,14.55,1282.57
2019-04-26 17:00:00,14.7,1381.23
2019-04-26 18:00:00,13.94,1414.24
2019-04-26 19:00:00,14.09,1363.55
2019-04-26 20:00:00,14.21,1350.56
2019-04-26 21:00:00,12.11,1333.59
2019-04-26 22:00:00,13.01,1208.83
2019-04-26 23:00:00,15.47,1218.77
2019-04-27 00:00:00,13.17,1101.33
2019-04-27 01:00:00,13.53,1065.68
2019-04-27 02:00:00,12.65,996.34
2019-04-27 03:00:00,12.92,1016.67
2019-04-27 04:00:00,13.5,1021.49
2019-04-27 05:00:00,13.95,1095.92
2019-04-27 06:00:00,15.68,1156.42
2019-04-27 07:00:00,16.45,1118.59
2019-04-27 08:00:00,17.53,1163.09
2019-04-27 09:00:00,17.83,1162.23
2019-04-27 10:00:00,18.58,1125.93
2019-04-27 11:00:00,19.36,1046.23
2019-04-27 12:00:00,18.99,1025.67
2019-04-27 13:00:00,20.02,983.83
2019-04-27 14:00:00,20.7,1005.71
2019-04-27 15:00:00,21.68,1049.84
2019-04-27 16:00:00,20.37,1097.33
2019-04-27 17:00:00,19.95,1182.99
2019-04-27 18:00:00,19.95,1219.15
2019-04-27 19:00:00,20.98,1181.89
2019-04-27 20:00:00,17.69,1169.27
2019-04-27 21:00:00,18.08,1237.34
2019-04-27 22:00:00,17.45,1178.88
2019-04-27 23:00:00,16.56,1167.77
2019-04-28 00:00:00,18.16,1078.27
2019-04-28 01:00:00,17.47,1055.79
2019-04-28 02:00:00,17.65,1026.34
2019-04-28 03:00:00,17.63,1019.54
2019-04-28 04:00:00,18.93,1015.42
2019-04-28 05:00:00,20.58,1037.26
2019-04-28 06:00:00,22.01,1137.13
2019-04-28 07:00:00,22.8,1118.7
2019-04-28 08:00:00,24.13,1170.53
2019-04-28 09:00:00,24.41,1181.05
2019-04-28 10:00:00,24.9,1136.47
2019-04-28 11:00:00,24.9,1058.2
2019-04-28 12:00:00,24.93,1041.24
2019-04-28 13:00:00,23.16,1003.77
2019-04-28 14:00:00,21.27,1027.2
2019-04-28 15:00:00,20.78,1031.64
2019-04-28 16:00:00,20.72,1082.66
2019-04-28 17:00:00,19.96,1151.18
2019-04-28 18:00:00,17.21,1194.62
2019-04-28 19:00:00,16.27,1164.5
2019-04-28 20:00:00,14.1,1203.25
2019-04-28 21:00:00,11.88,1301.37
2019-04-28 22:00:00,11.23,1194.83
2019-04-28 23:00:00,9.78,1179.92
2019-04-29 00:00:00,9.29,1169.2
2019-04-29 01:00:00,10.19,1153.94
2019-04-29 02:00:00,11.6,1067.64
2019-04-29 03:00:00,13.39,1039.34
2019-04-29 04:00:00,14.32,1063.68
2019-04-29 05:00:00,15.36,1158.62
2019-04-29 06:00:00,16.85,1215.3
2019-04-29 07:00:00,16.97,1280.94
2019-04-29 08:00:00,18.1,1335.83
2019-04-29 09:00:00,18.59,1370.9
2019-04-29 10:00:00,18.95,1304.87
2019-04-29 11:00:00,18.79,1251.36
2019-04-29 12:00:00,18.85,1207.51
2019-04-29 13:00:00,19.24,1185.77
2019-04-29 14:00:00,18.56,1187.85
2019-04-29 15:00:00,18.76,
2019-04-29 16:00:00,18.21,
2019-04-29 17:00:00,20.02,1396.3
2019-04-29 18:00:00,20.11,1385.88
2019-04-29 19:00:00,19.34,1376.61
2019-04-29 20:00:00,18.74,1350.44
2019-04-29 21:00:00,17.07,1256.52
2019-04-29 22:00:00,14.14,1207.02
2019-04-29 23:00:00,15.54,1209.98
2019-04-30 00:00:00,15.91,1159.06
2019-04-30 01:00:00,16.62,1102.95
2019-04-30 02:00:00,16.63,1072.18
2019-04-30 03:00:00,17.25,1065.77
2019-04-30 04:00:00,17.24,1066.25
2019-04-30 05:00:00,18.57,1123.25
2019-04-30 06:00:00,19.97,1203.44
2019-04-30 07:00:00,22.31,1271.02
2019-04-30 08:00:00,23.82,1358.74
2019-04-30 09:00:00,22.87,1350.68
2019-04-30 10:00:00,24.84,1279.95
2019-04-30 11:00:00,23.51,1233.21
2019-04-30 12:00:00,23.97,1201.95
2019-04-30 13:00:00,22.57,1179.84
2019-04-30 14:00:00,22.54,1210.24
2019-04-30 15:00:00,21.99,1214.72
2019-04-30 16:00:00,21.62,1311.33
2019-04-30 17:00:00,20.33,1341.61
2019-04-30 18:00:00,18.52,1391.56
2019-04-30 19:00:00,17.83,1433.98
2019-04-30 20:00:00,17.17,1335.81
2019-04-30 21:00:00,15.38,1329.52
2019-04-30 22:00:00,14.7,1224.04
2019-04-30 23:00:00,13.27,
2019-05-01 00:00:00,13.61,1115.62
2019-05-01 01:00:00,13.58,1124.3
2019-05-01 02:00:00,14.04,1039.26
2019-05-01 03:00:00,14.86,1075.13
2019-05-01 04:00:00,16.31,1075.89
2019-05-01 05:00:00,17.74,1122.08
2019-05-01 06:00:00,18.83,1164.99
2019-05-01 07:00:00,19.96,1272.86
2019-05-01 08:00:00,20.75,1305.69
2019-05-01 09:00:00,21.76,1353.23
2019-05-01 10:00:00,22.25,1282.55
2019-05-01 11:00:00,21.9,1217.67
2019-05-01 12:00:00,20.77,1179.54
2019-05-01 13:00:00,20.35,
2019-05-01 14:00:00,20.39,1188.31
2019-05-01 15:00:00,20.63,1211.67
2019-05-01 16:00:00,17.09,1288.3
2019-05-01 17:00:00,15.41,1289.65
2019-05-01 18:00:00,15.87,1379.01
2019-05-01 19:00:00,15.73,1310.39
2019-05-01 20:00:00,14.25,1333.97
2019-05-01 21:00:00,12.23,1282.56
2019-05-01 22:00:00,11.54,1266.39
2019-05-01 23:00:00,12.33,1224.7
2019-05-02 00:00:00,12.81,1116.76
2019-05-02 01:00:00,12.19,1100.4
2019-05-02 02:00:00,11.84,1078.6
2019-05-02 03:00:00,15.08,1059.45
2019-05-02 04:00:00,15.36,1070.88
2019-05-02 05:00:00,14.23,1113.91
2019-05-02 06:00:00,15.41,1164.03
2019-05-02 07:00:00,15.81,1257.65
2019-05-02 08:00:00,17.97,1324.85
2019-05-02 09:00:00,17.43,1322.17
2019-05-02 10:00:00,17.83,1256.13
2019-05-02 11:00:00,19.12,1209.8
2019-05-02 12:00:00,19.54,1197.13
2019-05-02 13:00:00,20.44,1179.79
2019-05-02 14:00:00,20.53,1224.57
2019-05-02 15:00:00,21.23,1147.13
2019-05-02 16:00:00,21.45,1318.68
2019-05-02 17:00:00,20.6,1386.57
2019-05-02 18:00:00,19.5,1401.07
2019-05-02 19:00:00,18.58,1396.15
2019-05-02 20:00:00,16.8,1365.56
2019-05-02 21:00:00,16.02,1298.42
2019-05-02 22:00:00,14.82,1207.2
2019-05-02 23:00:00,15.1,1171.53
2019-05-03 00:00:00,16.11,1106.66
2019-05-03 01:00:00,15.93,1088.3
2019-05-03 02:00:00,17.07,1049.63
2019-05-03 03:00:00,18.47,1029.53
2019-05-03 04:00:00,19.3,1039.44
2019-05-03 05:00:00,20.68,1106.05
2019-05-03 06:00:00,21.08,1211.45
2019-05-03 07:00:00,20.9,1274.05
2019-05-03 08:00:00,20.24,1344.1
2019-05-03 09:00:00,21.6,1321.51
2019-05-03 10:00:00,22.36,1279.08
2019-05-03 11:00:00,21.66,1210.09
2019-05-03 12:00:00,23.18,1220.42
2019-05-03 13:00:00,22.5,1172.53
2019-05-03 14:00:00,22.91,1225.28
2019-05-03 15:00:00,20.21,1241.38
2019-05-03 16:00:00,19.11,1297.78
2019-05-03 17:00:00,18.16,1332.36
2019-05-03 18:00:00,15.2,1416.85
2019-05-03 19:00:00,15.0,1388.64
2019-05-03 20:00:00,12.63,1337.62
2019-05-03 21:00:00,12.22,1275.07
2019-05-03 22:00:00,11.39,1259.62
2019-05-03 23:00:00,11.65,1216.28
2019-05-04 00:00:00,12.29,1077.34
2019-05-04 01:00:00,13.5,1052.74
2019-05-04 02:00:00,13.74,1001.19
2019-05-04 03:00:00,16.16,991.56
2019-05-04 04:00:00,17.47,1022.86
2019-05-04 05:00:00,17.91,1071.03
2019-05-04 06:00:00,19.28,1134.2
2019-05-04 07:00:00,21.82,1113.17
2019-05-04 08:00:00,22.18,1140.31
2019-05-04 09:00:00,23.5,1143.62
2019-05-04 10:00:00,24.82,1068.72
2019-05-04 11:00:00,25.46,1091.06
2019-05-04 12:00:00,23.93,1017.8
2019-05-04 13:00:00,25.21,990.23
2019-05-04 14:00:00,25.66,
2019-05-04 15:00:00,24.41,1041.55
2019-05-04 16:00:00,22.97,1068.72
2019-05-04 17:00:00,21.53,1149.1
2019-05-04 18:00:00,20.69,1211.87
2019-05-04 19:00:00,21.15,1147.09
2019-05-04 20:00:00,19.86,1126.9
2019-05-04 21:00:00,20.11,1164.94
2019-05-04 22:00:00,20.87,1180.1
2019-05-04 23:00:00,19.04,1131.52
2019-05-05 00:00:00,18.72,1080.06
2019-05-05 01:00:00,18.03,1052.82
2019-05-05 02:00:00,18.87,989.8
2019-05-05 03:00:00,21.44,986.6
2019-05-05 04:00:00,22.93,1012.91
2019-05-05 05:00:00,23.31,1056.17
2019-05-05 06:00:00,24.35,1128.45
2019-05-05 07:00:00,26.08,1084.64
2019-05-05 08:00:00,25.33,1153.77
2019-05-05 09:00:00,25.66,1168.04
2019-05-05 10:00:00,27.51,1109.02
2019-05-05 11:00:00,27.93,1113.37
2019-05-05 12:00:00,29.1,1092.24
2019-05-05 13:00:00,28.17,1045.37
2019-05-05 14:00:00,28.02,1042.67
2019-05-05 15:00:00,27.42,1111.49
2019-05-05 16:00:00,26.15,1109.58
2019-05-05 17:00:00,24.86,1142.2
2019-05-05 18:00:00,24.64,1178.88
2019-05-05 19:00:00,23.58,1162.69
2019-05-05 20:00:00,21.59,1154.51
2019-05-05 21:00:00,21.14,1193.6
2019-05-05 22:00:00,20.18,1196.09
2019-05-05 23:00:00,19.25,1159.73
2019-05-06 00:00:00,19.55,1124.99
2019-05-06 01:00:00,19.48,1094.66
2019-05-06 02:00:00,21.39,1017.17
2019-05-06 03:00:00,21.46,1048.53
2019-05-06 04:00:00,20.87,1067.65
2019-05-06 05:00:00,21.2,1124.43
2019-05-06 06:00:00,22.25,1182.12
2019-05-06 07:00:00,23.18,1258.53
2019-05-06 08:00:00,24.3,1310.8
2019-05-06 09:00:00,24.52,1327.61
2019-05-06 10:00:00,25.03,1272.12
2019-05-06 11:00:00,25.81,1256.21
2019-05-06 12:00:00,25.52,1192.89
2019-05-06 13:00:00,23.25,1169.92
2019-05-06 14:00:00,22.53,1176.42
2019-05-06 15:00:00,23.26,1219.43
2019-05-06 16:00:00,21.41,1252.27
2019-05-06 17:00:00,21.18,1330.16
2019-05-06 18:00:00,18.55,1381.03
2019-05-06 19:00:00,17.9,1437.32
2019-05-06 20:00:00,15.39,1307.41
2019-05-06 21:00:00,14.81,1287.35
2019-05-06 22:00:00,14.94,1212.63
2019-05-06 23:00:00,13.94,1158.17
2019-05-07 00:00:00,12.79,1175.93
2019-05-07 01:00:00,13.29,1087.81
2019-05-07 02:00:00,13.5,
2019-05-07 03:00:00,15.64,1025.38
2019-05-07 04:00:00,16.48,1071.03
2019-05-07 05:00:00,16.74,1142.29
2019-05-07 06:00:00,16.07,1159.25
2019-05-07 07:00:00,16.8,1250.56
2019-05-07 08:00:00,16.97,1324.22
2019-05-07 09:00:00,18.99,1317.67
2019-05-07 10:00:00,19.66,1288.64
2019-05-07 11:00:00,20.13,1258.05
2019-05-07 12:00:00,20.55,1197.02
2019-05-07 13:00:00,19.88,1196.19
2019-05-07 14:00:00,19.52,1192.39
2019-05-07 15:00:00,17.72,1225.11
2019-05-07 16:00:00,15.57,1323.99
2019-05-07 17:00:00,13.6,1351.18
2019-05-07 18:00:00,14.55,1364.3
2019-05-07 19:00:00,12.71,1399.41
2019-05-07 20:00:00,10.17,1370.83
2019-05-07 21:00:00,10.43,1347.53
2019-05-07 22:00:00,8.99,1270.23
2019-05-07 23:00:00,9.06,1244.3
2019-05-08 00:00:00,8.86,1175.05
2019-05-08 01:00:00,9.5,1154.32
2019-05-08 02:00:00,9.7,1082.34
2019-05-08 03:00:00,10.71,1094.04
2019-05-08 04:00:00,12.13,1075.0
2019-05-08 05:00:00,13.15,1151.44
2019-05-08 06:00:00,11.78,1222.78
2019-05-08 07:00:00,11.8,1292.24
2019-05-08 08:00:00,12.82,1299.25
2019-05-08 09:00:00,14.34,1328.9
2019-05-08 10:00:00,16.53,1260.67
2019-05-08 11:00:00,16.99,1228.7
2019-05-08 12:00:00,15.91,1199.27
2019-05-08 13:00:00,16.2,1168.71
2019-05-08 14:00:00,14.77,1195.27
2019-05-08 15:00:00,14.24,1236.45
2019-05-08 16:00:00,12.58,1323.42
2019-05-08 17:00:00,12.63,1310.31
2019-05-08 18:00:00,10.36,1429.45
2019-05-08 19:00:00,10.91,1372.85
2019-05-08 20:00:00,10.92,1401.74
2019-05-08 21:00:00,11.01,1264.06
2019-05-08 22:00:00,10.69,1245.77
2019-05-08 23:00:00,10.58,1171.62
2019-05-09 00:00:00,11.46,1130.76
2019-05-09 01:00:00,12.59,1132.92
2019-05-09 02:00:00,12.65,1052.01
2019-05-09 03:00:00,13.34,1068.63
2019-05-09 04:00:00,13.79,1073.68
2019-05-09 05:00:00,15.09,1087.62
2019-05-09 06:00:00,15.1,1190.06
2019-05-09 07:00:00,15.95,1250.75
2019-05-09 08:00:00,16.63,1327.6
2019-05-09 09:00:00,18.89,
2019-05-09 10:00:00,17.81,1302.15
2019-05-09 11:00:00,17.9,1209.44
2019-05-09 12:00:00,17.18,1189.26
2019-05-09 13:00:00,17.31,1147.82
2019-05-09 14:00:00,16.42,1182.2
2019-05-09 15:00:00,16.32,1226.05
2019-05-09 16:00:00,16.99,1315.25
2019-05-09 17:00:00,19.61,1355.98
2019-05-09 18:00:00,18.38,1376.24
2019-05-09 19:00:00,18.49,1396.94
2019-05-09 20:00:00,18.76,
2019-05-09 21:00:00,20.92,1273.08
2019-05-09 22:00:00,20.63,1208.97
2019-05-09 23:00:00,19.23,
2019-05-10 00:00:00,18.84,1126.48
2019-05-10 01:00:00,17.14,1055.18
2019-05-10 02:00:00,17.72,1041.21
2019-05-10 03:00:00,18.03,1047.71
2019-05-10 04:00:00,19.95,1058.97
2019-05-10 05:00:00,21.04,1105.75
2019-05-10 06:00:00,21.81,1207.54
2019-05-10 07:00:00,20.79,1285.2
2019-05-10 08:00:00,22.37,1321.46
2019-05-10 09:00:00,23.05,1342.3
2019-05-10 10:00:00,21.93,1263.02
2019-05-10 11:00:00,21.63,1216.95
2019-05-10 12:00:00,20.96,1211.28
2019-05-10 13:00:00,20.09,1158.6
2019-05-10 14:00:00,17.59,1180.41
2019-05-10 15:00:00,17.11,1193.65
2019-05-10 16:00:00,15.82,1294.69
2019-05-10 17:00:00,14.24,1317.9
2019-05-10 18:00:00,13.4,1392.81
2019-05-10 19:00:00,12.88,1420.98
2019-05-10 20:00:00,12.33,1363.7
2019-05-10 21:00:00,12.13,1283.52
2019-05-10 22:00:00,12.96,1291.65
2019-05-10 23:00:00,11.45,1244.56
2019-05-11 00:00:00,10.42,1095.98
2019-05-11 01:00:00,9.58,1072.81
2019-05-11 02:00:00,9.34,1044.5
2019-05-11 03:00:00,10.0,1080.29
2019-05-11 04:00:00,11.8,1010.8
2019-05-11 05:00:00,12.86,1055.09
2019-05-11 06:00:00,16.26,1124.04
2019-05-11 07:00:00,16.32,1069.22
2019-05-11 08:00:00,17.5,1177.24
2019-05-11 09:00:00,18.27,1145.65
2019-05-11 10:00:00,16.66,1082.9
2019-05-11 11:00:00,16.28,1042.78
2019-05-11 12:00:00,15.06,1006.34
2019-05-11 13:00:00,15.19,973.89
2019-05-11 14:00:00,14.44,991.29
2019-05-11 15:00:00,14.38,1020.93
2019-05-11 16:00:00,14.12,
2019-05-11 17:00:00,14.03,1177.46
2019-05-11 18:00:00,14.31,1199.4
2019-05-11 19:00:00,12.04,1193.79
2019-05-11 20:00:00,10.45,1245.02
2019-05-11 21:00:00,11.1,1211.68
2019-05-11 22:00:00,10.8,1167.43
2019-05-11 23:00:00,9.79,1221.72
2019-05-12 00:00:00,9.76,1131.77
2019-05-12 01:00:00,8.73,1106.94
2019-05-12 02:00:00,7.25,1073.95
2019-05-12 03:00:00,9.89,
2019-05-12 04:00:00,10.53,1020.07
2019-05-12 05:00:00,11.03,1080.87
2019-05-12 06:00:00,11.33,1185.55
2019-05-12 07:00:00,11.51,1107.7
2019-05-12 08:00:00,12.4,1158.65
2019-05-12 09:00:00,12.75,1179.87
2019-05-12 10:00:00,13.57,1122.48
2019-05-12 11:00:00,12.86,1122.97
2019-05-12 12:00:00,15.02,992.32
2019-05-12 13:00:00,15.51,1005.98
2019-05-12 14:00:00,15.46,1009.96
2019-05-12 15:00:00,14.35,1063.16
2019-05-12 16:00:00,14.15,1130.7
2019-05-12 17:00:00,12.79,1186.32
2019-05-12 18:00:00,11.54,1206.5
2019-05-12 19:00:00,9.22,1219.68
2019-05-12 20:00:00,7.98,1223.82
2019-05-12 21:00:00,7.11,1311.65
2019-05-12 22:00:00,7.2,1291.21
2019-05-12 23:00:00,7.08,1211.56
2019-05-13 00:00:00,6.6,1211.42
2019-05-13 01:00:00,5.24,1200.82
2019-05-13 02:00:00,5.35,1202.72
2019-05-13 03:00:00,6.2,1138.85
2019-05-13 04:00:00,7.54,1127.24
2019-05-13 05:00:00,9.32,1169.99
2019-05-13 06:00:00,10.47,1208.12
2019-05-13 07:00:00,12.0,
2019-05-13 08:00:00,13.51,1313.04
2019-05-13 09:00:00,14.4,1342.94
2019-05-13 10:00:00,14.81,1276.7
2019-05-13 11:00:00,14.29,1243.14
2019-05-13 12:00:00,11.27,1218.58
2019-05-13 13:00:00,13.07,1177.43
2019-05-13 14:00:00,12.49,1211.66
2019-05-13 15:00:00,11.88,1193.31
2019-05-13 16:00:00,11.81,1324.61
2019-05-13 17:00:00,36.7,1364.75
2019-05-13 18:00:00,11.82,1403.5
2019-05-13 19:00:00,11.56,1411.92
2019-05-13 20:00:00,9.84,1367.96
2019-05-13 21:00:00,8.67,1402.09
2019-05-13 22:00:00,8.66,1203.52
2019-05-13 23:00:00,8.66,1264.28
2019-05-14 00:00:00,9.91,1157.44
2019-05-14 01:00:00,9.67,
2019-05-14 02:00:00,9.03,1097.3
2019-05-14 03:00:00,9.51,1094.63
2019-05-14 04:00:00,9.05,1083.9
2019-05-14 05:00:00,12.58,1106.48
2019-05-14 06:00:00,15.21,1174.06
2019-05-14 07:00:00,15.72,1267.09
2019-05-14 08:00:00,14.62,1317.63
2019-05-14 09:00:00,17.76,1334.49
2019-05-14 10:00:00,19.76,1294.97
2019-05-14 11:00:00,20.19,1265.48
2019-05-14 12:00:00,20.01,1205.26
2019-05-14 13:00:00,19.09,1141.61
2019-05-14 14:00:00,18.35,1179.28
2019-05-14 15:00:00,16.8,1216.6
2019-05-14 16:00:00,15.93,1295.49
2019-05-14 17:00:00,15.6,1282.74
2019-05-14 18:00:00,13.94,1395.04
2019-05-14 19:00:00,11.93,1411.49
2019-05-14 20:00:00,12.06,1341.41
2019-05-14 21:00:00,11.96,1344.88
2019-05-14 22:00:00,9.8,1271.4
2019-05-14 23:00:00,11.94,1173.02
2019-05-15 00:00:00,12.32,1164.43
2019-05-15 01:00:00,11.45,1124.07
2019-05-15 02:00:00,10.36,1058.99
2019-05-15 03:00:00,12.53,1047.21
2019-05-15 04:00:00,13.05,1058.96
2019-05-15 05:00:00,14.15,1113.12
2019-05-15 06:00:00,14.49,1178.27
2019-05-15 07:00:00,15.36,1262.29
2019-05-15 08:00:00,15.17,1347.59
2019-05-15 09:00:00,16.72,1358.57
2019-05-15 10:00:00,18.61,1289.28
2019-05-15 11:00:00,18.33,1211.31
2019-05-15 12:00:00,18.34,1211.85
2019-05-15 13:00:00,19.51,
2019-05-15 14:00:00,20.71,1232.72
2019-05-15 15:00:00,18.82,1237.47
2019-05-15 16:00:00,18.72,1298.49
2019-05-15 17:00:00,17.66,1332.23
2019-05-15 18:00:00,15.7,1307.01
2019-05-15 19:00:00,11.43,1366.7
2019-05-15 20:00:00,12.15,1332.4
2019-05-15 21:00:00,10.76,1321.44
2019-05-15 22:00:00,11.06,1275.71
2019-05-15 23:00:00,10.23,1255.73
2019-05-16 00:00:00,10.05,1159.34
2019-05-16 01:00:00,13.32,1111.47
2019-05-16 02:00:00,14.57,
2019-05-16 03:00:00,12.76,1045.87
2019-05-16 04:00:00,13.74,1054.86
2019-05-16 05:00:00,15.33,1131.06
2019-05-16 06:00:00,17.21,1194.72
2019-05-16 07:00:00,20.19,1221.27
2019-05-16 08:00:00,20.7,1306.16
2019-05-16 09:00:00,21.6,1338.9
2019-05-16 10:00:00,22.44,1283.42
2019-05-16 11:00:00,22.4,1223.63
2019-05-16 12:00:00,21.34,1187.58
2019-05-16 13:00:00,21.58,1194.12
2019-05-16 14:00:00,23.03,1169.61
2019-05-16 15:00:00,21.11,1207.46
2019-05-16 16:00:00,19.99,1329.02
2019-05-16 17:00:00,21.21,1312.53
2019-05-16 18:00:00,20.87,1356.41
2019-05-16 19:00:00,20.15,1378.98
2019-05-16 20:00:00,19.82,1367.34
2019-05-16 21:00:00,19.3,1255.78
2019-05-16 22:00:00,18.34,1218.88
2019-05-16 23:00:00,19.29,1172.18
2019-05-17 00:00:00,19.29,1119.42
2019-05-17 01:00:00,19.77,1079.74
2019-05-17 02:00:00,19.52,1062.35
2019-05-17 03:00:00,18.68,1061.6
2019-05-17 04:00:00,20.69,
2019-05-17 05:00:00,20.59,1128.83
2019-05-17 06:00:00,19.12,1176.9
2019-05-17 07:00:00,19.82,
2019-05-17 08:00:00,19.94,1344.32
2019-05-17 09:00:00,21.5,1327.5
2019-05-17 10:00:00,23.49,1286.57
2019-05-17 11:00:00,23.62,1240.55
2019-05-17 12:00:00,23.02,1196.43
2019-05-17 13:00:00,24.0,1158.12
2019-05-17 14:00:00,22.35,1206.45
2019-05-17 15:00:00,21.44,1236.95
2019-05-17 16:00:00,21.36,1264.71
2019-05-17 17:00:00,22.06,1294.66
2019-05-17 18:00:00,22.28,1409.08
2019-05-17 19:00:00,20.09,1360.58
2019-05-17 20:00:00,16.85,1335.85
2019-05-17 21:00:00,15.08,1255.37
2019-05-17 22:00:00,14.51,1248.4
2019-05-17 23:00:00,14.34,1153.58
2019-05-18 00:00:00,15.55,1048.84
2019-05-18 01:00:00,13.85,1035.95
2019-05-18 02:00:00,14.51,984.55
2019-05-18 03:00:00,14.81,984.18
2019-05-18 04:00:00,14.76,989.89
2019-05-18 05:00:00,14.94,1044.28
2019-05-18 06:00:00,15.25,1130.03
2019-05-18 07:00:00,18.84,1105.38
2019-05-18 08:00:00,20.58,1143.99
2019-05-18 09:00:00,23.5,1148.4
2019-05-18 10:00:00,23.74,1096.32
2019-05-18 11:00:00,24.69,1030.47
2019-05-18 12:00:00,25.72,
2019-05-18 13:00:00,24.58,974.17
2019-05-18 14:00:00,24.22,1006.62
2019-05-18 15:00:00,23.14,994.31
2019-05-18 16:00:00,22.14,1115.01
2019-05-18 17:00:00,20.9,1110.3
2019-05-18 18:00:00,20.02,1134.58
2019-05-18 19:00:00,18.3,1180.14
2019-05-18 20:00:00,17.71,1166.82
2019-05-18 21:00:00,17.78,1223.46
2019-05-18 22:00:00,17.63,1187.68
2019-05-18 23:00:00,17.22,1129.01
2019-05-19 00:00:00,18.06,1101.9
2019-05-19 01:00:00,18.29,1040.27
2019-05-19 02:00:00,18.98,1000.78
2019-05-19 03:00:00,18.47,982.6
2019-05-19 04:00:00,18.9,1007.66
2019-05-19 05:00:00,18.12,1061.33
2019-05-19 06:00:00,17.72,1121.67
2019-05-19 07:00:00,18.66,1094.92
2019-05-19 08:00:00,20.05,1128.51
2019-05-19 09:00:00,20.49,1120.72
2019-05-19 10:00:00,20.21,1114.16
2019-05-19 11:00:00,21.91,1035.74
2019-05-19 12:00:00,23.73,993.07
2019-05-19 13:00:00,22.96,1011.59
2019-05-19 14:00:00,20.5,1008.03
2019-05-19 15:00:00,20.54,
2019-05-19 16:00:00,20.02,1131.15
2019-05-19 17:00:00,21.0,1148.8
2019-05-19 18:00:00,20.59,
2019-05-19 19:00:00,19.46,1178.32
2019-05-19 20:00:00,19.74,1166.22
2019-05-19 21:00:00,20.28,1249.5
2019-05-19 22:00:00,18.66,1188.79
2019-05-19 23:00:00,18.55,1124.23
2019-05-20 00:00:00,19.31,1116.21
2019-05-20 01:00:00,18.33,1082.47
2019-05-20 02:00:00,19.08,1062.18
2019-05-20 03:00:00,20.1,1063.35
2019-05-20 04:00:00,19.61,1058.67
2019-05-20 05:00:00,20.2,1098.47
2019-05-20 06:00:00,21.89,1188.33
2019-05-20 07:00:00,22.4,1297.66
2019-05-20 08:00:00,24.13,1324.47
2019-05-20 09:00:00,24.33,1339.73
2019-05-20 10:00:00,26.3,1303.61
2019-05-20 11:00:00,25.97,1214.0
2019-05-20 12:00:00,24.88,1158.85
2019-05-20 13:00:00,23.7,1212.1
2019-05-20 14:00:00,23.41,1181.94
2019-05-20 15:00:00,22.81,1197.18
2019-05-20 16:00:00,21.33,1314.11
2019-05-20 17:00:00,20.02,
2019-05-20 18:00:00,19.57,1371.56
2019-05-20 19:00:00,18.43,1385.01
2019-05-20 20:00:00,17.49,1331.82
2019-05-20 21:00:00,17.6,1274.92
2019-05-20 22:00:00,15.75,1255.69
2019-05-20 23:00:00,15.65,1211.86
2019-05-21 00:00:00,15.28,1139.01
2019-05-21 01:00:00,15.79,1083.62
2019-05-21 02:00:00,16.95,1029.13
2019-05-21 03:00:00,18.95,1031.37
2019-05-21 04:00:00,19.53,1057.41
2019-05-21 05:00:00,19.43,1131.44
2019-05-21 06:00:00,21.84,1184.16
2019-05-21 07:00:00,21.84,1274.01
2019-05-21 08:00:00,23.61,1336.77
2019-05-21 09:00:00,24.76,1348.36
2019-05-21 10:00:00,24.78,1294.55
2019-05-21 11:00:00,25.29,1212.31
2019-05-21 12:00:00,26.08,1186.74
2019-05-21 13:00:00,25.61,1130.65
2019-05-21 14:00:00,25.54,1191.51
2019-05-21 15:00:00,24.2,1225.76
2019-05-21 16:00:00,23.28,1284.0
2019-05-21 17:00:00,22.57,1356.94
2019-05-21 18:00:00,20.47,1340.28
2019-05-21 19:00:00,18.93,1349.45
2019-05-21 20:00:00,16.73,1319.32
2019-05-21 21:00:00,15.72,1247.24
2019-05-21 22:00:00,14.82,1229.6
2019-05-21 23:00:00,13.71,1173.34
2019-05-22 00:00:00,14.94,1105.09
2019-05-22 01:00:00,15.86,1093.34
2019-05-22 02:00:00,14.68,1065.01
2019-05-22 03:00:00,14.4,1028.02
2019-05-22 04:00:00,16.73,1071.55
2019-05-22 05:00:00,17.57,1123.85
2019-05-22 06:00:00,19.29,1188.23
2019-05-22 07:00:00,19.18,1246.28
2019-05-22 08:00:00,19.84,1312.97
2019-05-22 09:00:00,20.28,1337.65
2019-05-22 10:00:00,19.9,1264.64
2019-05-22 11:00:00,20.45,1242.36
2019-05-22 12:00:00,21.39,1213.28
2019-05-22 13:00:00,21.64,1183.12
2019-05-22 14:00:00,20.03,1189.52
2019-05-22 15:00:00,18.08,1264.34
2019-05-22 16:00:00,16.99,1227.18
2019-05-22 17:00:00,16.53,1322.54
2019-05-22 18:00:00,16.59,1405.65
2019-05-22 19:00:00,15.8,1384.27
2019-05-22 20:00:00,13.1,1301.04
2019-05-22 21:00:00,14.14,
2019-05-22 22:00:00,12.11,1251.18
2019-05-22 23:00:00,12.29,1186.66
2019-05-23 00:00:00,13.02,1115.35
2019-05-23 01:00:00,14.99,1100.17
2019-05-23 02:00:00,16.35,1055.11
2019-05-23 03:00:00,16.64,1043.87
2019-05-23 04:00:00,16.89,1009.46
2019-05-23 05:00:00,17.54,1092.02
2019-05-23 06:00:00,19.31,1231.36
2019-05-23 07:00:00,19.77,1278.85
2019-05-23 08:00:00,20.41,1315.51
2019-05-23 09:00:00,20.65,1334.78
2019-05-23 10:00:00,22.94,1311.38
2019-05-23 11:00:00,23.82,1189.36
2019-05-23 12:00:00,24.89,1179.19
2019-05-23 13:00:00,23.26,1169.62
2019-05-23 14:00:00,23.66,1210.24
2019-05-23 15:00:00,19.54,1202.42
2019-05-23 16:00:00,18.37,1209.12
2019-05-23 17:00:00,17.49,1343.86
2019-05-23 18:00:00,14.86,1365.03
2019-05-23 19:00:00,14.62,1314.91
2019-05-23 20:00:00,13.54,1385.35
2019-05-23 21:00:00,12.74,1305.72
2019-05-23 22:00:00,9.98,1233.49
2019-05-23 23:00:00,12.38,1214.47
2019-05-24 00:00:00,13.08,1138.57
2019-05-24 01:00:00,12.83,1098.3
2019-05-24 02:00:00,13.45,1079.43
2019-05-24 03:00:00,15.68,1024.82
2019-05-24 04:00:00,17.8,1030.31
2019-05-24 05:00:00,20.13,1121.97
2019-05-24 06:00:00,19.88,1187.34
2019-05-24 07:00:00,21.92,1237.78
2019-05-24 08:00:00,23.5,1331.06
2019-05-24 09:00:00,23.46,1304.46
2019-05-24 10:00:00,23.94,1256.27
2019-05-24 11:00:00,23.56,1197.91
2019-05-24 12:00:00,25.08,
2019-05-24 13:00:00,24.86,1114.91
2019-05-24 14:00:00,25.99,1184.11
2019-05-24 15:00:00,25.65,1243.07
2019-05-24 16:00:00,25.4,1233.1
2019-05-24 17:00:00,22.04,1323.95
2019-05-24 18:00:00,20.69,1399.04
2019-05-24 19:00:00,17.91,1391.69
2019-05-24 20:00:00,16.76,1318.36
2019-05-24 21:00:00,17.43,1286.28
2019-05-24 22:00:00,18.76,1246.57
2019-05-24 23:00:00,18.16,1180.14
2019-05-25 00:00:00,17.68,1051.56
2019-05-25 01:00:00,18.74,1002.34
2019-05-25 02:00:00,18.48,997.61
2019-05-25 03:00:00,19.38,981.57
2019-05-25 04:00:00,21.97,1048.0
2019-05-25 05:00:00,21.57,1067.44
2019-05-25 06:00:00,22.82,1127.43
2019-05-25 07:00:00,24.31,
2019-05-25 08:00:00,24.45,1145.87
2019-05-25 09:00:00,24.8,1120.56
2019-05-25 10:00:00,23.84,1085.81
2019-05-25 11:00:00,24.65,1006.15
2019-05-25 12:00:00,24.49,1025.36
2019-05-25 13:00:00,25.36,978.63
2019-05-25 14:00:00,25.01,988.22
2019-05-25 15:00:00,24.81,1020.41
2019-05-25 16:00:00,24.49,1064.03
2019-05-25 17:00:00,24.24,1137.85
2019-05-25 18:00:00,24.9,1167.95
2019-05-25 19:00:00,22.67,1217.81
2019-05-25 20:00:00,22.66,1133.68
2019-05-25 21:00:00,21.25,1228.84
2019-05-25 22:00:00,20.19,1183.25
2019-05-25 23:00:00,20.97,1156.47
2019-05-26 00:00:00,19.16,997.82
2019-05-26 01:00:00,20.78,966.84
2019-05-26 02:00:00,21.12,964.49
2019-05-26 03:00:00,21.26,937.8
2019-05-26 04:00:00,22.5,949.99
2019-05-26 05:00:00,22.37,1052.02
2019-05-26 06:00:00,22.56,1111.92
2019-05-26 07:00:00,22.54,965.32
2019-05-26 08:00:00,21.99,1036.32
2019-05-26 09:00:00,23.6,1026.85
2019-05-26 10:00:00,23.39,1002.5
2019-05-26 11:00:00,21.19,922.48
2019-05-26 12:00:00,19.75,887.8
2019-05-26 13:00:00,20.56,892.18
2019-05-26 14:00:00,20.03,
2019-05-26 15:00:00,18.3,894.81
2019-05-26 16:00:00,17.5,916.39
2019-05-26 17:00:00,15.68,1032.05
2019-05-26 18:00:00,15.83,1043.36
2019-05-26 19:00:00,14.66,1077.6
2019-05-26 20:00:00,12.91,1072.28
2019-05-26 21:00:00,13.58,1158.3
2019-05-26 22:00:00,12.58,1149.34
2019-05-26 23:00:00,10.75,1104.31
2019-05-27 00:00:00,11.33,997.37
2019-05-27 01:00:00,11.4,982.49
2019-05-27 02:00:00,13.93,
2019-05-27 03:00:00,14.08,914.49
2019-05-27 04:00:00,14.69,938.72
2019-05-27 05:00:00,14.67,974.91
2019-05-27 06:00:00,13.69,1034.48
2019-05-27 07:00:00,17.19,901.79
2019-05-27 08:00:00,17.87,
2019-05-27 09:00:00,18.98,978.19
2019-05-27 10:00:00,20.86,
2019-05-27 11:00:00,21.48,887.99
2019-05-27 12:00:00,20.98,824.29
2019-05-27 13:00:00,22.49,821.36
2019-05-27 14:00:00,20.93,
2019-05-27 15:00:00,19.83,861.24
2019-05-27 16:00:00,21.2,
2019-05-27 17:00:00,20.17,
2019-05-27 18:00:00,20.41,1048.05
2019-05-27 19:00:00,20.89,999.91
2019-05-27 20:00:00,18.91,996.12
2019-05-27 21:00:00,18.63,1176.88
2019-05-27 22:00:00,18.49,
2019-05-27 23:00:00,18.76,1011.66
2019-05-28 00:00:00,20.05,1045.41
2019-05-28 01:00:00,20.52,1022.89
2019-05-28 02:00:00,20.77,1004.23
2019-05-28 03:00:00,22.17,991.98
2019-05-28 04:00:00,23.47,983.64
2019-05-28 05:00:00,24.3,1083.7
2019-05-28 06:00:00,27.1,1145.57
2019-05-28 07:00:00,27.79,1178.34
2019-05-28 08:00:00,27.42,1228.34
2019-05-28 09:00:00,27.85,1232.52
2019-05-28 10:00:00,28.21,1203.7
2019-05-28 11:00:00,28.08,1123.27
2019-05-28 12:00:00,28.75,1131.75
2019-05-28 13:00:00,28.5,1153.41
2019-05-28 14:00:00,29.36,1094.06
2019-05-28 15:00:00,28.63,1148.08
2019-05-28 16:00:00,28.46,1200.58
2019-05-28 17:00:00,26.73,1216.67
2019-05-28 18:00:00,25.74,1322.84
2019-05-28 19:00:00,25.16,1265.88
2019-05-28 20:00:00,24.89,1223.38
2019-05-28 21:00:00,24.07,
2019-05-28 22:00:00,23.3,1199.65
2019-05-28 23:00:00,22.26,1152.36
2019-05-29 00:00:00,22.07,1137.03
2019-05-29 01:00:00,22.3,1066.01
2019-05-29 02:00:00,21.01,1045.86
2019-05-29 03:00:00,21.31,1029.31
2019-05-29 04:00:00,21.92,1072.17
2019-05-29 05:00:00,22.86,1118.23
2019-05-29 06:00:00,23.73,1197.84
2019-05-29 07:00:00,24.18,
2019-05-29 08:00:00,24.91,1326.42
2019-05-29 09:00:00,25.62,1334.11
2019-05-29 10:00:00,25.83,1304.36
2019-05-29 11:00:00,26.26,1228.08
2019-05-29 12:00:00,27.65,
2019-05-29 13:00:00,27.56,1212.45
2019-05-29 14:00:00,25.88,1223.93
2019-05-29 15:00:00,23.79,1179.73
2019-05-29 16:00:00,21.96,1264.24
2019-05-29 17:00:00,20.3,1318.6
2019-05-29 18:00:00,19.85,1331.2
2019-05-29 19:00:00,17.84,1385.07
2019-05-29 20:00:00,17.14,1357.59
2019-05-29 21:00:00,16.42,1302.77
2019-05-29 22:00:00,15.49,1241.74
2019-05-29 23:00:00,15.45,1210.41
2019-05-30 00:00:00,15.95,1138.55
2019-05-30 01:00:00,15.1,1101.29
2019-05-30 02:00:00,16.12,1054.01
2019-05-30 03:00:00,18.34,1053.66
2019-05-30 04:00:00,18.71,1046.1
2019-05-30 05:00:00,19.4,1111.05
2019-05-30 06:00:00,21.78,1167.83
2019-05-30 07:00:00,22.63,1267.2
2019-05-30 08:00:00,24.58,1335.46
2019-05-30 09:00:00,26.42,1340.46
2019-05-30 10:00:00,24.63,
2019-05-30 11:00:00,26.56,1255.71
2019-05-30 12:00:00,26.5,1228.36
2019-05-30 13:00:00,25.05,1187.14
2019-05-30 14:00:00,25.7,
2019-05-30 15:00:00,24.79,1229.27
2019-05-30 16:00:00,25.18,1280.38
2019-05-30 17:00:00,24.35,1302.19
2019-05-30 18:00:00,23.95,1394.45
2019-05-30 19:00:00,22.7,1306.66
2019-05-30 20:00:00,20.82,1326.79
2019-05-30 21:00:00,19.62,1262.21
2019-05-30 22:00:00,19.33,1246.63
2019-05-30 23:00:00,20.06,1165.93
2019-05-31 00:00:00,19.32,1133.27
2019-05-31 01:00:00,18.62,1067.14
2019-05-31 02:00:00,17.67,1034.38
2019-05-31 03:00:00,19.37,1042.16
2019-05-31 04:00:00,21.54,1048.62
2019-05-31 05:00:00,22.93,1085.4
2019-05-31 06:00:00,24.4,
2019-05-31 07:00:00,27.52,1287.02
2019-05-31 08:00:00,29.34,1355.27
2019-05-31 09:00:00,31.58,1446.97
2019-05-31 10:00:00,31.96,1411.85
2019-05-31 11:00:00,32.68,1320.14
2019-05-31 12:00:00,32.49,1336.67
2019-05-31 13:00:00,31.74,1275.69
2019-05-31 14:00:00,31.99,1271.49
2019-05-31 15:00:00,32.79,1320.99
2019-05-31 16:00:00,32.56,1414.42
2019-05-31 17:00:00,30.51,1431.82
2019-05-31 18:00:00,28.48,1382.59
2019-05-31 19:00:00,25.7,1430.58
2019-05-31 20:00:00,24.91,1355.73
2019-05-31 21:00:00,23.26,1273.55
2019-05-31 22:00:00,22.83,1254.71
2019-05-31 23:00:00,22.26,1176.42
2019-06-01 00:00:00,22.79,1069.61
2019-06-01 01:00:00,22.85,1030.49
2019-06-01 02:00:00,23.51,1032.46
2019-06-01 03:00:00,23.57,958.83
2019-06-01 04:00:00,25.22,1020.69
2019-06-01 05:00:00,26.09,1096.94
2019-06-01 06:00:00,26.99,1168.56
2019-06-01 07:00:00,28.41,1103.19
2019-06-01 08:00:00,27.78,1186.73
2019-06-01 09:00:00,26.92,1182.86
2019-06-01 10:00:00,25.92,1125.57
2019-06-01 11:00:00,27.27,1090.78
2019-06-01 12:00:00,26.81,1058.53
2019-06-01 13:00:00,26.37,974.92
2019-06-01 14:00:00,28.15,1056.63
2019-06-01 15:00:00,27.18,1093.17
2019-06-01 16:00:00,25.9,1134.76
2019-06-01 17:00:00,26.14,1111.76
2019-06-01 18:00:00,23.89,1204.87
2019-06-01 19:00:00,20.62,1225.89
2019-06-01 20:00:00,19.24,1193.66
2019-06-01 21:00:00,18.57,1223.84
2019-06-01 22:00:00,18.3,1192.03
2019-06-01 23:00:00,17.05,1135.08
2019-06-02 00:00:00,17.16,1091.04
2019-06-02 01:00:00,17.47,1003.71
2019-06-02 02:00:00,18.38,1023.43
2019-06-02 03:00:00,18.27,1025.31
2019-06-02 04:00:00,17.75,967.82
2019-06-02 05:00:00,18.56,1080.02
2019-06-02 06:00:00,21.02,1117.97
2019-06-02 07:00:00,21.66,1094.44
2019-06-02 08:00:00,23.44,1159.78
2019-06-02 09:00:00,23.9,1138.84
2019-06-02 10:00:00,23.62,1146.25
2019-06-02 11:00:00,26.09,1028.27
2019-06-02 12:00:00,26.84,1061.87
2019-06-02 13:00:00,25.07,1018.59
2019-06-02 14:00:00,23.55,983.06
2019-06-02 15:00:00,22.79,1051.75
2019-06-02 16:00:00,21.7,1091.31
2019-06-02 17:00:00,20.59,1168.02
2019-06-02 18:00:00,21.02,1157.69
2019-06-02 19:00:00,21.65,1201.84
2019-06-02 20:00:00,20.47,1163.65
2019-06-02 21:00:00,20.36,1204.59
2019-06-02 22:00:00,20.11,1159.18
2019-06-02 23:00:00,21.51,1102.84
2019-06-03 00:00:00,20.56,1141.93
2019-06-03 01:00:00,21.27,1104.58
2019-06-03 02:00:00,20.65,1060.28
2019-06-03 03:00:00,19.97,1014.96
2019-06-03 04:00:00,19.9,1047.49
2019-06-03 05:00:00,21.51,1139.98
2019-06-03 06:00:00,23.7,1199.17
2019-06-03 07:00:00,24.49,1249.13
2019-06-03 08:00:00,25.63,1335.97
2019-06-03 09:00:00,27.85,1375.63
2019-06-03 10:00:00,28.16,1356.96
2019-06-03 11:00:00,30.08,1287.9
2019-06-03 12:00:00,31.71,1295.75
2019-06-03 13:00:00,31.37,1275.47
2019-06-03 14:00:00,28.52,1244.87
2019-06-03 15:00:00,28.7,1324.04
2019-06-03 16:00:00,28.97,1396.12
2019-06-03 17:00:00,27.51,1381.93
2019-06-03 18:00:00,26.84,1430.21
2019-06-03 19:00:00,24.54,1381.28
2019-06-03 20:00:00,24.2,1341.48
2019-06-03 21:00:00,25.46,1287.87
2019-06-03 22:00:00,24.84,1230.79
2019-06-03 23:00:00,24.44,1182.03
2019-06-04 00:00:00,25.66,1104.75
2019-06-04 01:00:00,24.06,1089.65
2019-06-04 02:00:00,25.08,1068.05
2019-06-04 03:00:00,23.62,1012.01
2019-06-04 04:00:00,24.4,1075.75
2019-06-04 05:00:00,26.0,
2019-06-04 06:00:00,26.58,1204.67
2019-06-04 07:00:00,29.23,1351.79
2019-06-04 08:00:00,29.42,1384.06
2019-06-04 09:00:00,30.19,1370.63
2019-06-04 10:00:00,32.93,1429.79
2019-06-04 11:00:00,34.81,1452.45
2019-06-04 12:00:00,36.07,1399.28
2019-06-04 13:00:00,35.31,1312.39
2019-06-04 14:00:00,34.85,1456.02
2019-06-04 15:00:00,34.31,1440.27
2019-06-04 16:00:00,34.1,1385.03
2019-06-04 17:00:00,32.98,1501.7
2019-06-04 18:00:00,33.37,1501.55
2019-06-04 19:00:00,32.5,1516.63
2019-06-04 20:00:00,32.05,1437.01
2019-06-04 21:00:00,30.62,
2019-06-04 22:00:00,30.66,1323.15
2019-06-04 23:00:00,29.65,1243.68
2019-06-05 00:00:00,29.82,1208.91
2019-06-05 01:00:00,29.35,1180.47
2019-06-05 02:00:00,29.86,1116.49
2019-06-05 03:00:00,31.08,1105.78
2019-06-05 04:00:00,32.0,1185.61
2019-06-05 05:00:00,32.18,1223.28
2019-06-05 06:00:00,32.88,1318.45
2019-06-05 07:00:00,33.23,1418.86
2019-06-05 08:00:00,33.18,1457.49
2019-06-05 09:00:00,32.45,1446.53
2019-06-05 10:00:00,30.79,1335.86
2019-06-05 11:00:00,31.59,1349.53
2019-06-05 12:00:00,32.52,1333.3
2019-06-05 13:00:00,31.88,1269.37
2019-06-05 14:00:00,30.29,1313.6
2019-06-05 15:00:00,28.18,1268.95
2019-06-05 16:00:00,26.97,1304.8
2019-06-05 17:00:00,25.83,1306.25
2019-06-05 18:00:00,25.64,1363.77
2019-06-05 19:00:00,24.14,1370.72
2019-06-05 20:00:00,22.34,1361.51
2019-06-05 21:00:00,21.98,1238.51
2019-06-05 22:00:00,21.23,1217.54
2019-06-05 23:00:00,22.91,1204.73
2019-06-06 00:00:00,23.97,1118.98
2019-06-06 01:00:00,23.65,1103.98
2019-06-06 02:00:00,22.01,1055.39
2019-06-06 03:00:00,21.63,1044.07
2019-06-06 04:00:00,22.4,1069.92
2019-06-06 05:00:00,24.47,1125.21
2019-06-06 06:00:00,26.16,1203.59
2019-06-06 07:00:00,28.45,1335.7
2019-06-06 08:00:00,28.7,1396.98
2019-06-06 09:00:00,29.82,1371.99
2019-06-06 10:00:00,31.6,
2019-06-06 11:00:00,31.31,1299.88
2019-06-06 12:00:00,32.32,1364.61
2019-06-06 13:00:00,31.75,1312.75
2019-06-06 14:00:00,30.61,1248.34
2019-06-06 15:00:00,29.5,1286.21
2019-06-06 16:00:00,28.68,1302.45
2019-06-06 17:00:00,29.0,1458.5
2019-06-06 18:00:00,26.64,1394.67
2019-06-06 19:00:00,24.41,1413.75
2019-06-06 20:00:00,22.64,1335.58
2019-06-06 21:00:00,22.84,1260.97
2019-06-06 22:00:00,21.34,1228.25
2019-06-06 23:00:00,20.89,1209.76
2019-06-07 00:00:00,21.08,1169.11
2019-06-07 01:00:00,20.27,1095.69
2019-06-07 02:00:00,20.14,1065.53
2019-06-07 03:00:00,20.02,1067.92
2019-06-07 04:00:00,20.75,1067.74
2019-06-07 05:00:00,23.8,1111.96
2019-06-07 06:00:00,24.81,1195.52
2019-06-07 07:00:00,27.58,1300.33
2019-06-07 08:00:00,27.4,1353.8
2019-06-07 09:00:00,30.38,1404.81
2019-06-07 10:00:00,32.01,1394.78
2019-06-07 11:00:00,31.84,1385.04
2019-06-07 12:00:00,32.17,
2019-06-07 13:00:00,31.86,1325.1
2019-06-07 14:00:00,29.6,1261.0
2019-06-07 15:00:00,28.04,1288.13
2019-06-07 16:00:00,25.89,1361.99
2019-06-07 17:00:00,23.8,1349.11
2019-06-07 18:00:00,23.05,1390.52
2019-06-07 19:00:00,22.7,1397.05
2019-06-07 20:00:00,20.49,1392.31
2019-06-07 21:00:00,19.19,1202.81
2019-06-07 22:00:00,18.72,1242.78
2019-06-07 23:00:00,17.34,1168.66
2019-06-08 00:00:00,16.8,1069.87
2019-06-08 01:00:00,17.89,1049.8
2019-06-08 02:00:00,18.07,1039.01
2019-06-08 03:00:00,18.74,1010.6
2019-06-08 04:00:00,20.51,990.15
2019-06-08 05:00:00,22.09,1099.94
2019-06-08 06:00:00,21.12,1137.09
2019-06-08 07:00:00,22.2,1103.24
2019-06-08 08:00:00,22.61,1155.52
2019-06-08 09:00:00,23.09,1159.37
2019-06-08 10:00:00,25.14,1113.4
2019-06-08 11:00:00,24.87,1066.1
2019-06-08 12:00:00,22.8,1014.3
2019-06-08 13:00:00,22.63,982.35
2019-06-08 14:00:00,21.13,1016.61
2019-06-08 15:00:00,20.55,1037.47
2019-06-08 16:00:00,19.95,1105.09
2019-06-08 17:00:00,19.3,1174.48
2019-06-08 18:00:00,19.61,1228.21
2019-06-08 19:00:00,18.17,1175.17
2019-06-08 20:00:00,16.42,1165.73
2019-06-08 21:00:00,15.28,1225.49
2019-06-08 22:00:00,15.28,1182.58
2019-06-08 23:00:00,14.48,1138.15
2019-06-09 00:00:00,13.04,1114.03
2019-06-09 01:00:00,13.72,1041.77
2019-06-09 02:00:00,14.13,1025.27
2019-06-09 03:00:00,15.41,1026.28
2019-06-09 04:00:00,16.66,1034.98
2019-06-09 05:00:00,17.07,1074.84
2019-06-09 06:00:00,17.95,1121.57
2019-06-09 07:00:00,20.42,1082.27
2019-06-09 08:00:00,21.17,1124.59
2019-06-09 09:00:00,21.7,1133.51
2019-06-09 10:00:00,23.72,1097.96
2019-06-09 11:00:00,23.83,1018.77
2019-06-09 12:00:00,25.91,1031.68
2019-06-09 13:00:00,26.77,1007.79
2019-06-09 14:00:00,27.91,1078.27
2019-06-09 15:00:00,25.64,1104.33
2019-06-09 16:00:00,26.22,1110.38
2019-06-09 17:00:00,24.65,1147.73
2019-06-09 18:00:00,23.87,1197.45
2019-06-09 19:00:00,23.09,1195.25
2019-06-09 20:00:00,21.92,1163.64
2019-06-09 21:00:00,21.47,1241.37
2019-06-09 22:00:00,20.78,1198.83
2019-06-09 23:00:00,22.88,1179.19
2019-06-10 00:00:00,23.26,1116.64
2019-06-10 01:00:00,23.44,1087.85
2019-06-10 02:00:00,21.79,1057.54
2019-06-10 03:00:00,23.85,1049.73
2019-06-10 04:00:00,23.65,1071.41
2019-06-10 05:00:00,25.66,1110.76
2019-06-10 06:00:00,28.73,1222.9
2019-06-10 07:00:00,29.06,1315.29
2019-06-10 08:00:00,28.85,
2019-06-10 09:00:00,29.82,1414.59
2019-06-10 10:00:00,31.09,1408.72
2019-06-10 11:00:00,30.67,1305.19
2019-06-10 12:00:00,32.02,1347.42
2019-06-10 13:00:00,31.68,1279.68
2019-06-10 14:00:00,31.12,1321.35
2019-06-10 15:00:00,30.02,1277.97
2019-06-10 16:00:00,29.73,1348.67
2019-06-10 17:00:00,29.17,1397.25
2019-06-10 18:00:00,28.25,1425.68
2019-06-10 19:00:00,26.4,1434.88
2019-06-10 20:00:00,26.49,1326.99
2019-06-10 21:00:00,24.68,1297.88
2019-06-10 22:00:00,25.27,1201.47
2019-06-10 23:00:00,25.77,1201.12
2019-06-11 00:00:00,24.78,1114.63
2019-06-11 01:00:00,24.66,1095.34
2019-06-11 02:00:00,24.46,1090.07
2019-06-11 03:00:00,24.49,1034.28
2019-06-11 04:00:00,27.34,1075.98
2019-06-11 05:00:00,26.88,1154.32
2019-06-11 06:00:00,27.4,1192.38
2019-06-11 07:00:00,29.44,1306.2
2019-06-11 08:00:00,30.21,1395.85
2019-06-11 09:00:00,32.81,1460.06
2019-06-11 10:00:00,34.46,1397.2
2019-06-11 11:00:00,34.62,1391.47
2019-06-11 12:00:00,34.72,1403.79
2019-06-11 13:00:00,34.55,1364.69
2019-06-11 14:00:00,34.64,1388.5
2019-06-11 15:00:00,33.33,1402.66
2019-06-11 16:00:00,31.04,1343.04
2019-06-11 17:00:00,29.16,1403.87
2019-06-11 18:00:00,28.53,1425.98
2019-06-11 19:00:00,27.7,1429.48
2019-06-11 20:00:00,25.51,1345.42
2019-06-11 21:00:00,25.08,1278.39
2019-06-11 22:00:00,24.33,1219.83
2019-06-11 23:00:00,23.83,1164.76
2019-06-12 00:00:00,22.94,
2019-06-12 01:00:00,23.54,1102.84
2019-06-12 02:00:00,23.28,1055.07
2019-06-12 03:00:00,23.33,1055.77
2019-06-12 04:00:00,24.0,1076.81
2019-06-12 05:00:00,25.52,1142.65
2019-06-12 06:00:00,24.08,1179.51
2019-06-12 07:00:00,25.39,1272.87
2019-06-12 08:00:00,26.56,1348.16
2019-06-12 09:00:00,28.19,1361.29
2019-06-12 10:00:00,28.78,1356.16
2019-06-12 11:00:00,28.88,1293.78
2019-06-12 12:00:00,29.61,1246.69
2019-06-12 13:00:00,31.04,1290.66
2019-06-12 14:00:00,29.03,1260.31
2019-06-12 15:00:00,28.43,1264.04
2019-06-12 16:00:00,28.32,1315.71
2019-06-12 17:00:00,28.06,
2019-06-12 18:00:00,26.44,1404.53
2019-06-12 19:00:00,25.07,1349.92
2019-06-12 20:00:00,25.16,1271.51
2019-06-12 21:00:00,24.78,1246.77
2019-06-12 22:00:00,27.0,1295.82
2019-06-12 23:00:00,27.26,1218.36
2019-06-13 00:00:00,26.47,1147.12
2019-06-13 01:00:00,28.17,1126.89
2019-06-13 02:00:00,27.68,1077.64
2019-06-13 03:00:00,28.27,1069.47
2019-06-13 04:00:00,28.85,1152.27
2019-06-13 05:00:00,29.93,1156.4
2019-06-13 06:00:00,31.68,1264.4
2019-06-13 07:00:00,31.8,
2019-06-13 08:00:00,34.1,1462.6
2019-06-13 09:00:00,33.55,1479.72
2019-06-13 10:00:00,33.37,1469.75
2019-06-13 11:00:00,33.69,1381.21
2019-06-13 12:00:00,35.18,1396.35
2019-06-13 13:00:00,32.32,1293.82
2019-06-13 14:00:00,32.28,1332.36
2019-06-13 15:00:00,29.56,1284.45
2019-06-13 16:00:00,28.96,1329.37
2019-06-13 17:00:00,28.84,1430.82
2019-06-13 18:00:00,30.03,1450.88
2019-06-13 19:00:00,29.73,1378.25
2019-06-13 20:00:00,28.63,1376.04
2019-06-13 21:00:00,28.32,1309.52
2019-06-13 22:00:00,28.13,1292.63
2019-06-13 23:00:00,25.77,1207.19
2019-06-14 00:00:00,24.99,1141.58
2019-06-14 01:00:00,24.72,1101.98
2019-06-14 02:00:00,25.07,1074.53
2019-06-14 03:00:00,24.36,1026.62
2019-06-14 04:00:00,26.03,1108.76
2019-06-14 05:00:00,26.81,1154.58
2019-06-14 06:00:00,28.9,1240.1
2019-06-14 07:00:00,28.27,1341.02
2019-06-14 08:00:00,29.51,1432.36
2019-06-14 09:00:00,30.79,1428.22
2019-06-14 10:00:00,31.45,1377.54
2019-06-14 11:00:00,30.8,1358.79
2019-06-14 12:00:00,31.03,1319.55
2019-06-14 13:00:00,30.02,1227.04
2019-06-14 14:00:00,30.73,1342.42
2019-06-14 15:00:00,30.17,1312.99
2019-06-14 16:00:00,28.74,1330.37
2019-06-14 17:00:00,28.72,1434.58
2019-06-14 18:00:00,26.33,1398.89
2019-06-14 19:00:00,26.72,1415.88
2019-06-14 20:00:00,27.53,1376.22
2019-06-14 21:00:00,25.7,1290.32
2019-06-14 22:00:00,25.72,1245.54
2019-06-14 23:00:00,25.24,1201.2
2019-06-15 00:00:00,25.54,1067.63
2019-06-15 01:00:00,25.96,1066.72
2019-06-15 02:00:00,24.5,993.51
2019-06-15 03:00:00,25.07,990.42
2019-06-15 04:00:00,25.81,1040.23
2019-06-15 05:00:00,25.66,1056.15
2019-06-15 06:00:00,26.69,1145.49
2019-06-15 07:00:00,28.78,1149.52
2019-06-15 08:00:00,29.81,
2019-06-15 09:00:00,31.31,1263.32
2019-06-15 10:00:00,34.5,1310.29
2019-06-15 11:00:00,33.83,1247.64
2019-06-15 12:00:00,35.12,1191.68
2019-06-15 13:00:00,33.15,1155.22
2019-06-15 14:00:00,32.22,1161.49
2019-06-15 15:00:00,30.94,1157.3
2019-06-15 16:00:00,30.36,1144.56
2019-06-15 17:00:00,28.93,1221.86
2019-06-15 18:00:00,28.45,1231.73
2019-06-15 19:00:00,26.65,1222.34
2019-06-15 20:00:00,25.41,1135.86
2019-06-15 21:00:00,23.66,1213.63
2019-06-15 22:00:00,22.64,1175.23
2019-06-15 23:00:00,22.77,1160.44
2019-06-16 00:00:00,24.07,1080.56
2019-06-16 01:00:00,25.19,1036.12
2019-06-16 02:00:00,24.1,982.62
2019-06-16 03:00:00,24.96,997.57
2019-06-16 04:00:00,27.03,1057.39
2019-06-16 05:00:00,28.51,1135.9
2019-06-16 06:00:00,28.75,1164.31
2019-06-16 07:00:00,29.27,1097.88
2019-06-16 08:00:00,31.05,1213.28
2019-06-16 09:00:00,31.33,1231.9
2019-06-16 10:00:00,32.05,1227.61
2019-06-16 11:00:00,32.96,1164.76
2019-06-16 12:00:00,33.65,
2019-06-16 13:00:00,32.6,1108.89
2019-06-16 14:00:00,31.98,1093.83
2019-06-16 15:00:00,29.97,1100.13
2019-06-16 16:00:00,28.99,1182.54
2019-06-16 17:00:00,28.77,1282.5
2019-06-16 18:00:00,30.12,1244.91
2019-06-16 19:00:00,28.21,1270.11
2019-06-16 20:00:00,26.36,1158.67
2019-06-16 21:00:00,26.36,1250.19
2019-06-16 22:00:00,26.18,1199.23
2019-06-16 23:00:00,26.71,1156.45
2019-06-17 00:00:00,26.42,1113.82
2019-06-17 01:00:00,28.27,1125.56
2019-06-17 02:00:00,29.47,1124.29
2019-06-17 03:00:00,30.94,1126.49
2019-06-17 04:00:00,32.44,1174.91
2019-06-17 05:00:00,33.61,1262.73
2019-06-17 06:00:00,35.46,1391.1
2019-06-17 07:00:00,34.94,1416.73
2019-06-17 08:00:00,35.89,1570.89
2019-06-17 09:00:00,37.35,1574.64
2019-06-17 10:00:00,39.69,1615.91
2019-06-17 11:00:00,39.59,1516.35
2019-06-17 12:00:00,39.98,1547.7
2019-06-17 13:00:00,38.39,1479.59
2019-06-17 14:00:00,37.92,1474.91
2019-06-17 15:00:00,38.4,1472.43
2019-06-17 16:00:00,36.71,1537.75
2019-06-17 17:00:00,36.14,1568.9
2019-06-17 18:00:00,33.2,1491.77
2019-06-17 19:00:00,33.18,1549.4
2019-06-17 20:00:00,31.44,1415.0
2019-06-17 21:00:00,32.66,1374.15
2019-06-17 22:00:00,32.65,1338.72
2019-06-17 23:00:00,31.48,1256.74
2019-06-18 00:00:00,31.26,1189.64
2019-06-18 01:00:00,31.74,1172.6
2019-06-18 02:00:00,32.51,1128.14
2019-06-18 03:00:00,32.89,1154.03
2019-06-18 04:00:00,33.48,1150.06
2019-06-18 05:00:00,33.05,1230.04
2019-06-18 06:00:00,34.06,1314.94
2019-06-18 07:00:00,35.32,1425.0
2019-06-18 08:00:00,36.37,1532.84
2019-06-18 09:00:00,36.76,1556.45
2019-06-18 10:00:00,37.44,1550.79
2019-06-18 11:00:00,37.8,1499.23
2019-06-18 12:00:00,38.84,1519.92
2019-06-18 13:00:00,37.38,1417.29
2019-06-18 14:00:00,35.23,1403.92
2019-06-18 15:00:00,35.2,1415.85
2019-06-18 16:00:00,33.67,
2019-06-18 17:00:00,35.73,1586.59
2019-06-18 18:00:00,33.3,1581.05
2019-06-18 19:00:00,33.01,1543.49
2019-06-18 20:00:00,32.62,1480.13
2019-06-18 21:00:00,32.32,1416.45
2019-06-18 22:00:00,30.29,1323.38
2019-06-18 23:00:00,29.78,1273.7
2019-06-19 00:00:00,28.98,1193.85
2019-06-19 01:00:00,30.41,1166.69
2019-06-19 02:00:00,30.33,1124.93
2019-06-19 03:00:00,30.87,1117.92
2019-06-19 04:00:00,30.41,1136.54
2019-06-19 05:00:00,30.91,1159.01
2019-06-19 06:00:00,32.24,1301.8
2019-06-19 07:00:00,32.57,1369.12
2019-06-19 08:00:00,32.78,1469.92
2019-06-19 09:00:00,33.43,1429.06
2019-06-19 10:00:00,35.41,1495.23
2019-06-19 11:00:00,35.44,1415.36
2019-06-19 12:00:00,34.92,1385.86
2019-06-19 13:00:00,33.06,1323.6
2019-06-19 14:00:00,31.87,1353.05
2019-06-19 15:00:00,30.73,1295.46
2019-06-19 16:00:00,31.27,1340.15
2019-06-19 17:00:00,28.31,1390.33
2019-06-19 18:00:00,25.66,1409.41
2019-06-19 19:00:00,23.9,1382.31
2019-06-19 20:00:00,24.51,1373.75
2019-06-19 21:00:00,24.13,1255.56
2019-06-19 22:00:00,22.81,1227.7
2019-06-19 23:00:00,23.29,1168.38
2019-06-20 00:00:00,22.21,1093.2
2019-06-20 01:00:00,23.06,1082.9
2019-06-20 02:00:00,23.53,1042.69
2019-06-20 03:00:00,23.76,1066.95
2019-06-20 04:00:00,24.6,1067.74
2019-06-20 05:00:00,24.0,1126.79
2019-06-20 06:00:00,26.27,1204.76
2019-06-20 07:00:00,28.37,1299.77
2019-06-20 08:00:00,29.74,
2019-06-20 09:00:00,29.93,1423.33
2019-06-20 10:00:00,30.26,1360.4
2019-06-20 11:00:00,31.15,1376.28
2019-06-20 12:00:00,32.85,1315.92
2019-06-20 13:00:00,31.86,1281.02
2019-06-20 14:00:00,31.79,
2019-06-20 15:00:00,30.52,1326.39
2019-06-20 16:00:00,30.94,1382.3
2019-06-20 17:00:00,30.48,1348.82
2019-06-20 18:00:00,29.19,1443.87
2019-06-20 19:00:00,28.7,1429.95
2019-06-20 20:00:00,29.44,1380.29
2019-06-20 21:00:00,29.67,1291.77
2019-06-20 22:00:00,28.85,1291.98
2019-06-20 23:00:00,28.49,1229.59
2019-06-21 00:00:00,28.45,1151.23
2019-06-21 01:00:00,27.78,1108.88
2019-06-21 02:00:00,28.58,1086.69
2019-06-21 03:00:00,30.16,1090.25
2019-06-21 04:00:00,29.91,1125.22
2019-06-21 05:00:00,30.75,1180.61
2019-06-21 06:00:00,31.16,1248.98
2019-06-21 07:00:00,34.12,1437.78
2019-06-21 08:00:00,35.61,1528.03
2019-06-21 09:00:00,38.89,1607.69
2019-06-21 10:00:00,39.32,1649.46
2019-06-21 11:00:00,40.04,1584.01
2019-06-21 12:00:00,38.75,1509.24
2019-06-21 13:00:00,37.12,1429.2
2019-06-21 14:00:00,35.79,1447.16
2019-06-21 15:00:00,34.4,1397.01
2019-06-21 16:00:00,31.71,1347.17
2019-06-21 17:00:00,30.28,1426.05
2019-06-21 18:00:00,28.87,1418.89
2019-06-21 19:00:00,26.96,1380.83
2019-06-21 20:00:00,25.17,1312.46
2019-06-21 21:00:00,24.6,1261.72
2019-06-21 22:00:00,24.61,1219.62
2019-06-21 23:00:00,24.17,1145.64
2019-06-22 00:00:00,23.27,1099.63
2019-06-22 01:00:00,24.44,1035.0
2019-06-22 02:00:00,23.72,993.27
2019-06-22 03:00:00,24.48,997.99
2019-06-22 04:00:00,23.78,1046.38
2019-06-22 05:00:00,24.33,1056.83
2019-06-22 06:00:00,26.97,1176.3
2019-06-22 07:00:00,27.56,1130.99
2019-06-22 08:00:00,27.88,1201.19
2019-06-22 09:00:00,26.22,1187.31
2019-06-22 10:00:00,27.2,1137.2
2019-06-22 11:00:00,29.68,1120.38
2019-06-22 12:00:00,29.55,1056.04
2019-06-22 13:00:00,28.97,1090.72
2019-06-22 14:00:00,29.22,1095.02
2019-06-22 15:00:00,28.13,1053.53
2019-06-22 16:00:00,29.28,1159.15
2019-06-22 17:00:00,26.92,1198.08
2019-06-22 18:00:00,25.62,1245.06
2019-06-22 19:00:00,23.19,1184.39
2019-06-22 20:00:00,21.66,1138.32
2019-06-22 21:00:00,21.09,1230.37
2019-06-22 22:00:00,21.33,1192.94
2019-06-22 23:00:00,19.55,1135.77
2019-06-23 00:00:00,20.03,1071.78
2019-06-23 01:00:00,20.6,1046.59
2019-06-23 02:00:00,22.04,
2019-06-23 03:00:00,22.23,992.14
2019-06-23 04:00:00,21.72,1008.61
2019-06-23 05:00:00,22.92,1032.3
2019-06-23 06:00:00,22.84,1172.67
2019-06-23 07:00:00,23.71,1090.19
2019-06-23 08:00:00,25.76,1155.43
2019-06-23 09:00:00,26.02,1161.56
2019-06-23 10:00:00,27.95,1135.41
2019-06-23 11:00:00,27.99,1099.22
2019-06-23 12:00:00,28.25,1036.04
2019-06-23 13:00:00,29.62,1054.95
2019-06-23 14:00:00,29.51,1082.93
2019-06-23 15:00:00,28.17,1148.29
2019-06-23 16:00:00,26.75,1120.48
2019-06-23 17:00:00,26.36,1183.21
2019-06-23 18:00:00,25.47,1187.87
2019-06-23 19:00:00,26.49,1236.81
2019-06-23 20:00:00,25.73,1146.2
2019-06-23 21:00:00,24.25,1233.42
2019-06-23 22:00:00,23.55,1194.03
2019-06-23 23:00:00,22.89,1145.62
2019-06-24 00:00:00,22.17,1140.3
2019-06-24 01:00:00,23.68,1120.63
2019-06-24 02:00:00,22.9,1059.05
2019-06-24 03:00:00,22.84,1059.08
2019-06-24 04:00:00,23.95,1078.65
2019-06-24 05:00:00,25.51,1131.87
2019-06-24 06:00:00,25.97,1190.71
2019-06-24 07:00:00,28.09,1301.53
2019-06-24 08:00:00,28.97,1370.91
2019-06-24 09:00:00,29.74,1410.7
2019-06-24 10:00:00,28.65,1324.7
2019-06-24 11:00:00,27.43,1238.17
2019-06-24 12:00:00,28.08,1221.74
2019-06-24 13:00:00,26.59,1190.2
2019-06-24 14:00:00,26.08,1185.97
2019-06-24 15:00:00,24.9,1248.22
2019-06-24 16:00:00,23.76,1252.31
2019-06-24 17:00:00,21.91,1350.58
2019-06-24 18:00:00,21.35,1420.2
2019-06-24 19:00:00,20.63,1387.73
2019-06-24 20:00:00,18.0,1363.04
2019-06-24 21:00:00,17.42,1277.7
2019-06-24 22:00:00,15.69,1210.94
2019-06-24 23:00:00,14.92,1173.57
2019-06-25 00:00:00,13.67,1122.39
2019-06-25 01:00:00,14.24,1102.21
2019-06-25 02:00:00,13.14,1067.95
2019-06-25 03:00:00,14.98,1073.01
2019-06-25 04:00:00,15.78,1099.28
2019-06-25 05:00:00,16.94,1095.44
2019-06-25 06:00:00,19.65,1223.87
2019-06-25 07:00:00,20.81,1299.61
2019-06-25 08:00:00,22.77,1321.81
2019-06-25 09:00:00,22.0,1329.01
2019-06-25 10:00:00,23.06,1316.27
2019-06-25 11:00:00,23.14,1233.0
2019-06-25 12:00:00,24.51,1189.76
2019-06-25 13:00:00,23.88,1178.04
2019-06-25 14:00:00,23.97,1189.34
2019-06-25 15:00:00,23.61,1213.32
2019-06-25 16:00:00,24.3,1280.95
2019-06-25 17:00:00,23.28,1391.28
2019-06-25 18:00:00,21.85,1352.54
2019-06-25 19:00:00,20.48,1438.77
2019-06-25 20:00:00,19.2,1361.62
2019-06-25 21:00:00,17.88,1287.77
2019-06-25 22:00:00,17.91,1224.88
2019-06-25 23:00:00,18.17,1214.34
2019-06-26 00:00:00,19.67,1113.83
2019-06-26 01:00:00,20.61,1090.34
2019-06-26 02:00:00,18.91,1044.7
2019-06-26 03:00:00,19.4,1056.26
2019-06-26 04:00:00,20.13,1056.54
2019-06-26 05:00:00,23.12,1107.48
2019-06-26 06:00:00,24.47,1173.78
2019-06-26 07:00:00,26.63,1303.84
2019-06-26 08:00:00,27.53,1371.61
2019-06-26 09:00:00,28.94,1353.31
2019-06-26 10:00:00,31.73,1433.03
2019-06-26 11:00:00,32.41,1359.57
2019-06-26 12:00:00,32.52,1319.42
2019-06-26 13:00:00,33.72,1358.27
2019-06-26 14:00:00,32.76,1283.77
2019-06-26 15:00:00,30.55,1337.25
2019-06-26 16:00:00,29.79,1289.05
2019-06-26 17:00:00,28.19,1386.15
2019-06-26 18:00:00,26.67,1397.59
2019-06-26 19:00:00,24.22,1348.25
2019-06-26 20:00:00,22.78,1335.33
2019-06-26 21:00:00,21.36,1294.63
2019-06-26 22:00:00,21.21,1234.69
2019-06-26 23:00:00,20.66,1183.06
2019-06-27 00:00:00,20.04,1137.0
2019-06-27 01:00:00,18.63,1100.1
2019-06-27 02:00:00,18.69,1056.69
2019-06-27 03:00:00,19.12,1022.8
2019-06-27 04:00:00,18.54,1075.83
2019-06-27 05:00:00,20.4,1103.85
2019-06-27 06:00:00,20.21,1225.54
2019-06-27 07:00:00,21.08,1277.6
2019-06-27 08:00:00,22.12,1344.47
2019-06-27 09:00:00,22.78,1355.53
2019-06-27 10:00:00,23.96,1293.3
2019-06-27 11:00:00,24.59,1239.47
2019-06-27 12:00:00,23.09,1201.72
2019-06-27 13:00:00,23.44,1190.32
2019-06-27 14:00:00,22.77,1195.63
2019-06-27 15:00:00,22.79,1229.91
2019-06-27 16:00:00,22.92,
2019-06-27 17:00:00,22.76,1333.41
2019-06-27 18:00:00,20.74,1348.84
2019-06-27 19:00:00,21.33,1408.79
2019-06-27 20:00:00,22.12,1400.07
2019-06-27 21:00:00,21.32,1275.82
2019-06-27 22:00:00,21.82,1199.16
2019-06-27 23:00:00,20.96,1207.02
2019-06-28 00:00:00,20.66,1117.44
2019-06-28 01:00:00,21.17,1121.26
2019-06-28 02:00:00,22.79,1058.82
2019-06-28 03:00:00,23.16,1077.03
2019-06-28 04:00:00,24.11,1064.94
2019-06-28 05:00:00,25.15,1125.99
2019-06-28 06:00:00,26.07,1196.88
2019-06-28 07:00:00,25.88,1252.96
2019-06-28 08:00:00,26.41,1385.85
2019-06-28 09:00:00,28.46,1402.41
2019-06-28 10:00:00,27.62,1337.92
2019-06-28 11:00:00,29.1,1279.76
2019-06-28 12:00:00,29.48,1271.59
2019-06-28 13:00:00,28.16,1253.49
2019-06-28 14:00:00,28.24,1228.04
2019-06-28 15:00:00,27.81,1269.51
2019-06-28 16:00:00,26.47,1282.81
2019-06-28 17:00:00,25.95,1371.78
2019-06-28 18:00:00,26.53,1404.43
2019-06-28 19:00:00,24.05,1393.26
2019-06-28 20:00:00,23.27,1376.84
2019-06-28 21:00:00,21.99,1306.75
2019-06-28 22:00:00,20.72,1210.8
2019-06-28 23:00:00,19.73,1169.32
2019-06-29 00:00:00,20.11,1052.41
2019-06-29 01:00:00,21.72,1033.05
2019-06-29 02:00:00,22.42,1010.26
2019-06-29 03:00:00,23.44,994.05
2019-06-29 04:00:00,25.07,1010.67
2019-06-29 05:00:00,25.42,1070.93
2019-06-29 06:00:00,25.98,1152.4
2019-06-29 07:00:00,27.61,1126.21
2019-06-29 08:00:00,30.15,1227.02
2019-06-29 09:00:00,30.99,
2019-06-29 10:00:00,33.02,1238.86
2019-06-29 11:00:00,33.83,1243.2
2019-06-29 12:00:00,32.3,1169.87
2019-06-29 13:00:00,32.39,1143.79
2019-06-29 14:00:00,31.8,1115.41
2019-06-29 15:00:00,29.5,1049.71
2019-06-29 16:00:00,28.02,1184.21
2019-06-29 17:00:00,24.64,1131.25
2019-06-29 18:00:00,23.19,1195.49
2019-06-29 19:00:00,22.01,1227.05
2019-06-29 20:00:00,22.03,1133.15
2019-06-29 21:00:00,20.03,1240.37
2019-06-29 22:00:00,19.78,1202.58
2019-06-29 23:00:00,20.24,1150.31
2019-06-30 00:00:00,22.16,1074.55
2019-06-30 01:00:00,23.64,1028.62
2019-06-30 02:00:00,24.45,981.27
2019-06-30 03:00:00,24.76,1015.71
2019-06-30 04:00:00,24.78,1020.11
2019-06-30 05:00:00,24.55,1088.59
2019-06-30 06:00:00,26.57,1170.25
2019-06-30 07:00:00,27.6,1090.28
2019-06-30 08:00:00,28.71,1239.04
2019-06-30 09:00:00,29.97,1187.92
2019-06-30 10:00:00,30.0,1183.89
2019-06-30 11:00:00,30.57,1136.36
2019-06-30 12:00:00,30.77,1085.93
2019-06-30 13:00:00,30.85,1045.23
2019-06-30 14:00:00,30.57,1087.01
2019-06-30 15:00:00,29.72,1110.72
2019-06-30 16:00:00,26.23,1107.4
2019-06-30 17:00:00,24.76,1156.52
2019-06-30 18:00:00,25.26,1228.23
2019-06-30 19:00:00,22.7,1184.76
2019-06-30 20:00:00,21.27,1103.34
2019-06-30 21:00:00,20.51,1250.3
2019-06-30 22:00:00,19.57,1181.38
2019-06-30 23:00:00,16.98,1129.03
2019-07-01 00:00:00,17.59,1123.01
2019-07-01 01:00:00,18.14,1103.84
2019-07-01 02:00:00,19.06,1062.58
2019-07-01 03:00:00,19.47,1078.55
2019-07-01 04:00:00,18.38,1055.04
2019-07-01 05:00:00,19.27,1111.45
2019-07-01 06:00:00,20.36,1195.39
2019-07-01 07:00:00,21.44,1251.96
2019-07-01 08:00:00,21.51,1343.87
2019-07-01 09:00:00,23.02,1314.09
2019-07-01 10:00:00,24.78,1294.05
2019-07-01 11:00:00,25.96,1243.11
2019-07-01 12:00:00,26.09,1243.25
2019-07-01 13:00:00,25.69,1192.19
2019-07-01 14:00:00,23.99,1190.57
2019-07-01 15:00:00,24.34,1259.37
2019-07-01 16:00:00,24.94,1295.92
2019-07-01 17:00:00,24.01,1347.77
2019-07-01 18:00:00,22.97,1366.1
2019-07-01 19:00:00,21.04,1416.55
2019-07-01 20:00:00,19.83,1351.64
2019-07-01 21:00:00,18.93,1291.66
2019-07-01 22:00:00,18.6,1237.78
2019-07-01 23:00:00,-3.44,1231.68
2019-07-02 00:00:00,16.75,1136.59
2019-07-02 01:00:00,17.44,1122.65
2019-07-02 02:00:00,19.89,1090.73
2019-07-02 03:00:00,19.98,1068.15
2019-07-02 04:00:00,20.44,1071.19
2019-07-02 05:00:00,21.67,1123.39
2019-07-02 06:00:00,22.38,1225.85
2019-07-02 07:00:00,24.46,1304.22
2019-07-02 08:00:00,28.27,1391.54
2019-07-02 09:00:00,29.24,1421.5
2019-07-02 10:00:00,28.21,1311.41
2019-07-02 11:00:00,29.38,1339.07
2019-07-02 12:00:00,28.77,1239.3
2019-07-02 13:00:00,30.58,
2019-07-02 14:00:00,30.03,1254.08
2019-07-02 15:00:00,28.79,1266.76
2019-07-02 16:00:00,29.13,1341.62
2019-07-02 17:00:00,29.81,1414.0
2019-07-02 18:00:00,28.64,1452.51
2019-07-02 19:00:00,29.14,1399.54
2019-07-02 20:00:00,26.45,1365.05
2019-07-02 21:00:00,25.29,1284.7
2019-07-02 22:00:00,24.7,1223.57
2019-07-02 23:00:00,24.28,1207.66
2019-07-03 00:00:00,23.73,1058.74
2019-07-03 01:00:00,24.33,1088.61
2019-07-03 02:00:00,25.83,1047.09
2019-07-03 03:00:00,26.8,1005.03
2019-07-03 04:00:00,27.43,1053.34
2019-07-03 05:00:00,27.68,1098.04
2019-07-03 06:00:00,28.52,1202.08
2019-07-03 07:00:00,28.99,1230.5
2019-07-03 08:00:00,30.64,1301.19
2019-07-03 09:00:00,32.14,1365.55
2019-07-03 10:00:00,33.01,1335.83
2019-07-03 11:00:00,32.43,1253.46
2019-07-03 12:00:00,33.86,1228.24
2019-07-03 13:00:00,34.54,1248.96
2019-07-03 14:00:00,33.71,1252.26
2019-07-03 15:00:00,33.6,1237.39
2019-07-03 16:00:00,33.8,1303.88
2019-07-03 17:00:00,33.1,1316.84
2019-07-03 18:00:00,31.71,1425.38
2019-07-03 19:00:00,31.22,
2019-07-03 20:00:00,30.87,1317.53
2019-07-03 21:00:00,31.47,1320.91
2019-07-03 22:00:00,31.44,1263.33
2019-07-03 23:00:00,30.55,1253.28
2019-07-04 00:00:00,31.0,
2019-07-04 01:00:00,31.46,1032.06
2019-07-04 02:00:00,32.11,1009.34
2019-07-04 03:00:00,32.51,1024.7
2019-07-04 04:00:00,34.42,
2019-07-04 05:00:00,33.29,1079.28
2019-07-04 06:00:00,33.96,
2019-07-04 07:00:00,34.31,1097.87
2019-07-04 08:00:00,35.25,1107.31
2019-07-04 09:00:00,37.42,
2019-07-04 10:00:00,38.55,1267.3
2019-07-04 11:00:00,38.98,1165.06
2019-07-04 12:00:00,38.47,1117.62
2019-07-04 13:00:00,37.97,
2019-07-04 14:00:00,38.46,1176.44
2019-07-04 15:00:00,37.26,
2019-07-04 16:00:00,35.87,1137.37
2019-07-04 17:00:00,35.34,1129.61
2019-07-04 18:00:00,31.81,1103.91
2019-07-04 19:00:00,30.58,1117.57
2019-07-04 20:00:00,25.99,
2019-07-04 21:00:00,25.62,1172.22
2019-07-04 22:00:00,24.06,1109.45
2019-07-04 23:00:00,22.28,1093.51
2019-07-05 00:00:00,21.74,1102.07
2019-07-05 01:00:00,20.49,1061.46
2019-07-05 02:00:00,20.37,993.77
2019-07-05 03:00:00,23.5,1039.33
2019-07-05 04:00:00,24.99,1037.73
2019-07-05 05:00:00,25.56,1054.78
2019-07-05 06:00:00,25.97,1167.52
2019-07-05 07:00:00,27.19,1185.23
2019-07-05 08:00:00,28.36,1265.73
2019-07-05 09:00:00,28.22,1280.07
2019-07-05 10:00:00,27.98,1221.28
2019-07-05 11:00:00,27.67,1156.26
2019-07-05 12:00:00,28.14,1134.68
2019-07-05 13:00:00,27.46,1072.0
2019-07-05 14:00:00,26.94,1102.0
2019-07-05 15:00:00,26.04,1162.25
2019-07-05 16:00:00,26.91,1206.76
2019-07-05 17:00:00,25.0,1209.52
2019-07-05 18:00:00,21.43,1318.26
2019-07-05 19:00:00,20.21,1264.3
2019-07-05 20:00:00,18.39,1210.28
2019-07-05 21:00:00,18.23,1234.84
2019-07-05 22:00:00,17.15,1220.25
2019-07-05 23:00:00,16.46,1144.15
2019-07-06 00:00:00,14.73,1084.89
2019-07-06 01:00:00,15.27,1034.25
2019-07-06 02:00:00,16.77,1001.5
2019-07-06 03:00:00,18.24,1016.35
2019-07-06 04:00:00,18.93,1036.19
2019-07-06 05:00:00,20.1,1100.61
2019-07-06 06:00:00,20.82,1154.18
2019-07-06 07:00:00,23.27,1098.15
2019-07-06 08:00:00,24.92,1185.8
2019-07-06 09:00:00,25.64,1150.24
2019-07-06 10:00:00,25.65,1090.36
2019-07-06 11:00:00,26.68,1082.03
2019-07-06 12:00:00,27.35,1102.09
2019-07-06 13:00:00,26.47,1019.23
2019-07-06 14:00:00,26.22,1029.4
2019-07-06 15:00:00,25.36,1063.83
2019-07-06 16:00:00,21.86,1076.31
2019-07-06 17:00:00,21.85,1174.07
2019-07-06 18:00:00,20.0,1191.12
2019-07-06 19:00:00,20.2,1230.21
2019-07-06 20:00:00,19.17,1190.17
2019-07-06 21:00:00,17.96,1262.03
2019-07-06 22:00:00,16.62,1222.86
2019-07-06 23:00:00,15.61,1179.22
2019-07-07 00:00:00,15.83,1085.89
2019-07-07 01:00:00,15.73,1059.94
2019-07-07 02:00:00,16.62,996.08
2019-07-07 03:00:00,16.23,1015.14
2019-07-07 04:00:00,17.4,1022.71
2019-07-07 05:00:00,18.85,1067.42
2019-07-07 06:00:00,19.08,1175.71
2019-07-07 07:00:00,19.73,1107.83
2019-07-07 08:00:00,21.55,1132.67
2019-07-07 09:00:00,23.6,1153.02
2019-07-07 10:00:00,23.18,1086.04
2019-07-07 11:00:00,23.86,1049.56
2019-07-07 12:00:00,23.72,997.8
2019-07-07 13:00:00,23.97,1002.71
2019-07-07 14:00:00,25.22,1049.96
2019-07-07 15:00:00,23.95,1052.0
2019-07-07 16:00:00,22.58,1139.86
2019-07-07 17:00:00,22.52,1182.8
2019-07-07 18:00:00,22.31,1191.96
2019-07-07 19:00:00,23.04,1204.73
2019-07-07 20:00:00,21.67,1182.54
2019-07-07 21:00:00,21.0,1236.39
2019-07-07 22:00:00,20.31,1212.64
2019-07-07 23:00:00,19.33,1130.4
2019-07-08 00:00:00,18.51,1142.57
2019-07-08 01:00:00,18.36,1096.93
2019-07-08 02:00:00,19.95,1095.16
2019-07-08 03:00:00,21.24,1037.07
2019-07-08 04:00:00,23.36,1087.8
2019-07-08 05:00:00,26.67,1155.97
2019-07-08 06:00:00,28.36,1239.56
2019-07-08 07:00:00,28.85,1333.92
2019-07-08 08:00:00,29.81,1452.71
2019-07-08 09:00:00,29.41,1418.58
2019-07-08 10:00:00,29.87,1309.62
2019-07-08 11:00:00,29.94,1324.2
2019-07-08 12:00:00,31.24,1320.16
2019-07-08 13:00:00,31.16,1329.36
2019-07-08 14:00:00,29.52,1275.22
2019-07-08 15:00:00,28.6,1305.11
2019-07-08 16:00:00,26.51,1341.45
2019-07-08 17:00:00,25.16,1359.36
2019-07-08 18:00:00,24.09,1408.68
2019-07-08 19:00:00,23.95,1380.07
2019-07-08 20:00:00,21.95,1346.47
2019-07-08 21:00:00,20.27,1293.41
2019-07-08 22:00:00,18.4,1241.81
2019-07-08 23:00:00,19.87,1210.3
2019-07-09 00:00:00,20.53,1132.02
2019-07-09 01:00:00,19.29,1113.81
2019-07-09 02:00:00,20.74,1073.89
2019-07-09 03:00:00,21.01,1058.45
2019-07-09 04:00:00,22.58,1057.79
2019-07-09 05:00:00,22.84,1098.38
2019-07-09 06:00:00,22.88,1202.01
2019-07-09 07:00:00,24.43,1293.68
2019-07-09 08:00:00,24.92,1332.41
2019-07-09 09:00:00,25.47,1336.74
2019-07-09 10:00:00,27.52,1316.38
2019-07-09 11:00:00,27.66,1297.24
2019-07-09 12:00:00,29.96,1333.37
2019-07-09 13:00:00,28.89,1254.63
2019-07-09 14:00:00,29.42,1254.7
2019-07-09 15:00:00,29.37,1228.58
2019-07-09 16:00:00,28.74,1336.97
2019-07-09 17:00:00,28.31,1341.67
2019-07-09 18:00:00,27.23,1458.36
2019-07-09 19:00:00,28.44,1453.55
2019-07-09 20:00:00,27.25,1406.78
2019-07-09 21:00:00,27.86,1251.8
2019-07-09 22:00:00,26.42,1282.25
2019-07-09 23:00:00,24.29,1198.27
2019-07-10 00:00:00,22.55,1140.73
2019-07-10 01:00:00,21.13,1113.28
2019-07-10 02:00:00,19.59,1074.23
2019-07-10 03:00:00,20.42,1050.59
2019-07-10 04:00:00,19.9,1071.14
2019-07-10 05:00:00,21.11,1125.94
2019-07-10 06:00:00,21.04,1176.66
2019-07-10 07:00:00,22.66,1268.72
2019-07-10 08:00:00,22.97,1341.49
2019-07-10 09:00:00,23.58,1375.61
2019-07-10 10:00:00,23.95,1289.65
2019-07-10 11:00:00,25.84,1262.73
2019-07-10 12:00:00,26.85,1245.61
2019-07-10 13:00:00,26.84,1221.99
2019-07-10 14:00:00,28.22,1222.1
2019-07-10 15:00:00,26.91,1255.75
2019-07-10 16:00:00,26.81,1285.51
2019-07-10 17:00:00,24.97,1347.31
2019-07-10 18:00:00,23.82,1386.86
2019-07-10 19:00:00,22.85,1442.12
2019-07-10 20:00:00,21.9,1338.44
2019-07-10 21:00:00,21.37,
2019-07-10 22:00:00,19.12,1231.33
2019-07-10 23:00:00,18.84,1212.53
2019-07-11 00:00:00,19.5,1105.02
2019-07-11 01:00:00,17.97,1111.02
2019-07-11 02:00:00,21.12,1058.06
2019-07-11 03:00:00,22.34,1029.8
2019-07-11 04:00:00,22.73,1105.07
2019-07-11 05:00:00,24.26,1132.29
2019-07-11 06:00:00,25.7,1213.56
2019-07-11 07:00:00,24.7,1303.76
2019-07-11 08:00:00,24.46,1329.77
2019-07-11 09:00:00,25.58,1340.62
2019-07-11 10:00:00,27.79,1323.14
2019-07-11 11:00:00,27.16,1269.06
2019-07-11 12:00:00,28.28,1244.79
2019-07-11 13:00:00,26.82,1177.75
2019-07-11 14:00:00,26.73,1237.47
2019-07-11 15:00:00,26.28,1245.32
2019-07-11 16:00:00,26.87,1349.23
2019-07-11 17:00:00,26.72,1392.92
2019-07-11 18:00:00,24.62,1384.83
2019-07-11 19:00:00,22.71,1390.97
2019-07-11 20:00:00,23.16,1329.79
2019-07-11 21:00:00,22.43,1273.42
2019-07-11 22:00:00,22.13,1215.99
2019-07-11 23:00:00,23.35,1200.3
2019-07-12 00:00:00,22.21,1159.46
2019-07-12 01:00:00,23.59,1114.41
2019-07-12 02:00:00,25.23,1054.8
2019-07-12 03:00:00,28.13,1062.74
2019-07-12 04:00:00,29.78,1125.52
2019-07-12 05:00:00,30.66,1217.98
2019-07-12 06:00:00,30.31,1274.82
2019-07-12 07:00:00,30.29,1345.09
2019-07-12 08:00:00,32.2,1435.61
2019-07-12 09:00:00,33.67,1546.96
2019-07-12 10:00:00,34.68,1447.44
2019-07-12 11:00:00,34.63,1461.92
2019-07-12 12:00:00,35.67,1441.59
2019-07-12 13:00:00,35.65,1392.56
2019-07-12 14:00:00,34.84,1410.93
2019-07-12 15:00:00,33.75,1388.26
2019-07-12 16:00:00,31.96,1365.73
2019-07-12 17:00:00,29.45,1374.12
2019-07-12 18:00:00,28.77,1430.41
2019-07-12 19:00:00,27.44,1416.83
2019-07-12 20:00:00,25.98,1334.32
2019-07-12 21:00:00,25.06,1276.62
2019-07-12 22:00:00,23.76,1270.66
2019-07-12 23:00:00,23.86,1214.02
2019-07-13 00:00:00,23.56,1067.06
2019-07-13 01:00:00,25.66,1053.07
2019-07-13 02:00:00,24.75,1037.28
2019-07-13 03:00:00,25.71,1017.74
2019-07-13 04:00:00,27.26,1064.01
2019-07-13 05:00:00,30.26,1167.9
2019-07-13 06:00:00,31.4,1200.26
2019-07-13 07:00:00,31.75,1184.53
2019-07-13 08:00:00,31.32,1255.28
2019-07-13 09:00:00,32.02,1261.09
2019-07-13 10:00:00,33.35,1271.16
2019-07-13 11:00:00,33.42,1186.84
2019-07-13 12:00:00,33.6,1216.14
2019-07-13 13:00:00,32.64,1087.77
2019-07-13 14:00:00,32.67,1186.88
2019-07-13 15:00:00,30.47,1187.9
2019-07-13 16:00:00,28.61,1206.71
2019-07-13 17:00:00,27.24,1192.85
2019-07-13 18:00:00,26.34,1278.68
2019-07-13 19:00:00,25.54,1255.16
2019-07-13 20:00:00,24.13,1209.25
2019-07-13 21:00:00,23.75,1251.44
2019-07-13 22:00:00,22.86,1134.97
2019-07-13 23:00:00,22.74,1132.97
2019-07-14 00:00:00,22.1,1081.39
2019-07-14 01:00:00,21.84,1078.26
2019-07-14 02:00:00,21.69,1007.92
2019-07-14 03:00:00,19.61,982.51
2019-07-14 04:00:00,20.46,1024.04
2019-07-14 05:00:00,20.98,1091.8
2019-07-14 06:00:00,22.59,1170.06
2019-07-14 07:00:00,23.28,1058.86
2019-07-14 08:00:00,25.45,1157.72
2019-07-14 09:00:00,26.39,1189.99
2019-07-14 10:00:00,26.62,1169.98
2019-07-14 11:00:00,26.58,1084.03
2019-07-14 12:00:00,25.7,1039.38
2019-07-14 13:00:00,27.2,1036.1
2019-07-14 14:00:00,28.26,1074.73
2019-07-14 15:00:00,29.37,
2019-07-14 16:00:00,28.42,1164.29
2019-07-14 17:00:00,27.59,1187.14
2019-07-14 18:00:00,28.75,1218.51
2019-07-14 19:00:00,26.01,1156.43
2019-07-14 20:00:00,23.94,1153.06
2019-07-14 21:00:00,23.57,1258.28
2019-07-14 22:00:00,21.79,1170.95
2019-07-14 23:00:00,22.67,1137.06
2019-07-15 00:00:00,23.98,1143.43
2019-07-15 01:00:00,24.13,1106.04
2019-07-15 02:00:00,23.14,1061.34
2019-07-15 03:00:00,22.97,1062.01
2019-07-15 04:00:00,23.08,1069.06
2019-07-15 05:00:00,24.63,1120.24
2019-07-15 06:00:00,24.89,1210.26
2019-07-15 07:00:00,26.2,1261.68
2019-07-15 08:00:00,27.57,1400.26
2019-07-15 09:00:00,27.03,1363.9
2019-07-15 10:00:00,27.93,1351.36
2019-07-15 11:00:00,27.26,1280.41
2019-07-15 12:00:00,26.14,1214.64
2019-07-15 13:00:00,25.59,1195.9
2019-07-15 14:00:00,25.7,1192.24
2019-07-15 15:00:00,25.02,
2019-07-15 16:00:00,23.71,1253.71
2019-07-15 17:00:00,23.57,1338.99
2019-07-15 18:00:00,20.73,1350.18
2019-07-15 19:00:00,19.91,1380.31
2019-07-15 20:00:00,16.85,1347.35
2019-07-15 21:00:00,17.3,1279.76
2019-07-15 22:00:00,17.15,1255.98
2019-07-15 23:00:00,14.99,1184.26
2019-07-16 00:00:00,16.03,1147.96
2019-07-16 01:00:00,16.23,1110.92
2019-07-16 02:00:00,16.74,1051.59
2019-07-16 03:00:00,17.72,1058.19
2019-07-16 04:00:00,19.2,1073.81
2019-07-16 05:00:00,20.77,1117.79
2019-07-16 06:00:00,19.88,1223.39
2019-07-16 07:00:00,20.98,1302.47
2019-07-16 08:00:00,21.52,1332.76
2019-07-16 09:00:00,21.49,
2019-07-16 10:00:00,23.71,1299.59
2019-07-16 11:00:00,22.77,1256.46
2019-07-16 12:00:00,22.13,1197.17
2019-07-16 13:00:00,21.55,1164.99
2019-07-16 14:00:00,19.6,1192.1
2019-07-16 15:00:00,20.03,1244.35
2019-07-16 16:00:00,20.42,1250.01
2019-07-16 17:00:00,18.51,1364.82
2019-07-16 18:00:00,16.55,1415.89
2019-07-16 19:00:00,14.58,1380.37
2019-07-16 20:00:00,14.33,1336.51
2019-07-16 21:00:00,13.58,1359.98
2019-07-16 22:00:00,13.44,1266.03
2019-07-16 23:00:00,13.3,1249.98
2019-07-17 00:00:00,13.06,1119.58
2019-07-17 01:00:00,12.21,1112.75
2019-07-17 02:00:00,12.22,1090.65
2019-07-17 03:00:00,13.19,1094.13
2019-07-17 04:00:00,12.78,1099.44
2019-07-17 05:00:00,14.81,1116.22
2019-07-17 06:00:00,15.73,1217.24
2019-07-17 07:00:00,16.91,1254.98
2019-07-17 08:00:00,18.5,1297.99
2019-07-17 09:00:00,21.96,1374.15
2019-07-17 10:00:00,24.4,
2019-07-17 11:00:00,24.61,1247.09
2019-07-17 12:00:00,26.07,1221.81
2019-07-17 13:00:00,27.84,1242.05
2019-07-17 14:00:00,28.29,1222.59
2019-07-17 15:00:00,28.51,1287.27
2019-07-17 16:00:00,27.65,1306.23
2019-07-17 17:00:00,25.75,1369.19
2019-07-17 18:00:00,24.35,1380.79
2019-07-17 19:00:00,24.45,1368.61
2019-07-17 20:00:00,22.7,1294.92
2019-07-17 21:00:00,21.32,1268.87
2019-07-17 22:00:00,20.11,1261.69
2019-07-17 23:00:00,21.2,1169.76
2019-07-18 00:00:00,21.58,1158.9
2019-07-18 01:00:00,23.95,1061.72
2019-07-18 02:00:00,25.71,1060.29
2019-07-18 03:00:00,25.74,1049.99
2019-07-18 04:00:00,24.22,1048.84
2019-07-18 05:00:00,26.27,1149.82
2019-07-18 06:00:00,26.16,1221.46
2019-07-18 07:00:00,25.6,1304.14
2019-07-18 08:00:00,26.36,1326.56
2019-07-18 09:00:00,29.09,1384.76
2019-07-18 10:00:00,29.78,1373.51
2019-07-18 11:00:00,30.35,1306.96
2019-07-18 12:00:00,31.39,1318.16
2019-07-18 13:00:00,30.73,1272.03
2019-07-18 14:00:00,29.91,1301.01
2019-07-18 15:00:00,29.39,1316.17
2019-07-18 16:00:00,28.36,1301.96
2019-07-18 17:00:00,27.45,1356.29
2019-07-18 18:00:00,27.1,1414.3
2019-07-18 19:00:00,26.64,1429.65
2019-07-18 20:00:00,24.35,1315.27
2019-07-18 21:00:00,23.54,1252.43
2019-07-18 22:00:00,22.12,1233.01
2019-07-18 23:00:00,22.49,1215.88
2019-07-19 00:00:00,20.76,1160.16
2019-07-19 01:00:00,20.48,1113.45
2019-07-19 02:00:00,19.98,1045.52
2019-07-19 03:00:00,20.5,1045.96
2019-07-19 04:00:00,20.53,1090.23
2019-07-19 05:00:00,20.83,1101.2
2019-07-19 06:00:00,20.61,1191.76
2019-07-19 07:00:00,21.69,1304.8
2019-07-19 08:00:00,23.84,1353.65
2019-07-19 09:00:00,25.75,1362.97
2019-07-19 10:00:00,25.4,1309.25
2019-07-19 11:00:00,23.78,1206.72
2019-07-19 12:00:00,22.09,1212.97
2019-07-19 13:00:00,23.02,1250.67
2019-07-19 14:00:00,24.38,1192.7
2019-07-19 15:00:00,24.86,1253.07
2019-07-19 16:00:00,23.28,1273.76
2019-07-19 17:00:00,23.32,1326.06
2019-07-19 18:00:00,19.48,1335.37
2019-07-19 19:00:00,18.71,1366.68
2019-07-19 20:00:00,20.35,1318.99
2019-07-19 21:00:00,19.49,1285.35
2019-07-19 22:00:00,20.17,1244.93
2019-07-19 23:00:00,19.14,1208.09
2019-07-20 00:00:00,19.31,1095.32
2019-07-20 01:00:00,19.59,1033.34
2019-07-20 02:00:00,19.75,1006.54
2019-07-20 03:00:00,20.58,988.21
2019-07-20 04:00:00,20.91,1038.34
2019-07-20 05:00:00,22.06,1092.28
2019-07-20 06:00:00,22.73,1143.16
2019-07-20 07:00:00,24.74,1126.44
2019-07-20 08:00:00,26.73,1182.76
2019-07-20 09:00:00,27.55,
2019-07-20 10:00:00,26.19,
2019-07-20 11:00:00,27.43,1098.24
2019-07-20 12:00:00,28.13,1104.04
2019-07-20 13:00:00,29.43,1065.68
2019-07-20 14:00:00,29.91,1098.99
2019-07-20 15:00:00,28.67,1108.46
2019-07-20 16:00:00,27.22,1171.16
2019-07-20 17:00:00,26.69,1203.02
2019-07-20 18:00:00,26.79,1209.01
2019-07-20 19:00:00,27.53,1226.4
2019-07-20 20:00:00,25.37,
2019-07-20 21:00:00,24.89,1235.13
2019-07-20 22:00:00,23.25,1169.15
2019-07-20 23:00:00,23.03,1159.51
2019-07-21 00:00:00,23.1,1087.75
2019-07-21 01:00:00,25.35,1045.68
2019-07-21 02:00:00,25.84,1016.6
2019-07-21 03:00:00,27.11,1032.16
2019-07-21 04:00:00,26.87,1049.09
2019-07-21 05:00:00,27.75,1113.12
2019-07-21 06:00:00,29.8,1195.46
2019-07-21 07:00:00,31.97,1226.66
2019-07-21 08:00:00,32.5,1303.61
2019-07-21 09:00:00,33.26,1344.67
2019-07-21 10:00:00,33.5,1287.12
2019-07-21 11:00:00,33.45,1237.68
2019-07-21 12:00:00,32.33,1123.7
2019-07-21 13:00:00,33.42,1172.23
2019-07-21 14:00:00,32.31,1191.02
2019-07-21 15:00:00,30.63,1119.03
2019-07-21 16:00:00,30.86,1252.6
2019-07-21 17:00:00,30.75,1345.25
2019-07-21 18:00:00,31.43,1305.81
2019-07-21 19:00:00,30.81,1244.43
2019-07-21 20:00:00,30.6,1278.18
2019-07-21 21:00:00,30.9,1352.54
2019-07-21 22:00:00,31.93,1329.9
2019-07-21 23:00:00,30.53,1207.38
2019-07-22 00:00:00,31.7,1237.99
2019-07-22 01:00:00,32.72,1231.01
2019-07-22 02:00:00,34.13,1199.11
2019-07-22 03:00:00,33.51,1201.52
2019-07-22 04:00:00,34.83,1263.59
2019-07-22 05:00:00,35.51,1304.9
2019-07-22 06:00:00,35.2,1375.42
2019-07-22 07:00:00,35.28,1442.82
2019-07-22 08:00:00,37.11,1522.79
2019-07-22 09:00:00,36.6,1575.47
2019-07-22 10:00:00,38.07,1588.37
2019-07-22 11:00:00,37.96,1517.43
2019-07-22 12:00:00,37.38,1484.89
2019-07-22 13:00:00,37.19,1450.01
2019-07-22 14:00:00,35.17,1377.49
2019-07-22 15:00:00,34.63,1453.48
2019-07-22 16:00:00,34.28,1577.64
2019-07-22 17:00:00,34.31,1531.04
2019-07-22 18:00:00,31.94,1472.44
2019-07-22 19:00:00,31.44,1527.45
2019-07-22 20:00:00,29.53,1434.79
2019-07-22 21:00:00,28.87,1360.91
2019-07-22 22:00:00,25.95,1229.35
2019-07-22 23:00:00,24.67,1214.43
2019-07-23 00:00:00,25.39,1114.04
2019-07-23 01:00:00,25.54,1101.06
2019-07-23 02:00:00,27.32,1113.46
2019-07-23 03:00:00,27.71,1070.83
2019-07-23 04:00:00,29.1,1102.61
2019-07-23 05:00:00,30.72,1198.15
2019-07-23 06:00:00,30.91,1271.6
2019-07-23 07:00:00,31.78,1365.54
2019-07-23 08:00:00,33.39,1462.95
2019-07-23 09:00:00,35.71,1541.9
2019-07-23 10:00:00,35.42,1513.12
2019-07-23 11:00:00,33.85,1393.9
2019-07-23 12:00:00,34.01,1349.26
2019-07-23 13:00:00,32.61,1310.55
2019-07-23 14:00:00,33.5,1364.36
2019-07-23 15:00:00,31.88,1361.57
2019-07-23 16:00:00,30.76,1365.85
2019-07-23 17:00:00,30.46,1485.09
2019-07-23 18:00:00,29.24,1468.21
2019-07-23 19:00:00,28.27,1469.56
2019-07-23 20:00:00,28.72,1402.09
2019-07-23 21:00:00,29.29,1324.79
2019-07-23 22:00:00,29.14,1324.07
2019-07-23 23:00:00,29.8,1258.02
2019-07-24 00:00:00,31.98,1245.59
2019-07-24 01:00:00,32.8,1184.03
2019-07-24 02:00:00,32.08,1157.45
2019-07-24 03:00:00,32.75,1168.29
2019-07-24 04:00:00,33.24,1172.87
2019-07-24 05:00:00,35.36,1239.19
2019-07-24 06:00:00,35.64,1368.72
2019-07-24 07:00:00,37.23,1471.6
2019-07-24 08:00:00,39.03,1636.86
2019-07-24 09:00:00,39.49,1642.65
2019-07-24 10:00:00,40.74,1607.83
2019-07-24 11:00:00,39.57,1544.21
2019-07-24 12:00:00,38.94,1553.16
2019-07-24 13:00:00,40.34,1535.24
2019-07-24 14:00:00,38.78,1501.18
2019-07-24 15:00:00,36.0,1438.31
2019-07-24 16:00:00,35.87,1499.73
2019-07-24 17:00:00,35.25,1515.99
2019-07-24 18:00:00,35.07,1568.24
2019-07-24 19:00:00,33.88,1581.51
2019-07-24 20:00:00,32.58,
2019-07-24 21:00:00,30.65,1369.72
2019-07-24 22:00:00,30.5,1312.61
2019-07-24 23:00:00,29.3,1242.17
2019-07-25 00:00:00,28.18,1135.04
2019-07-25 01:00:00,26.99,1141.32
2019-07-25 02:00:00,26.09,1060.84
2019-07-25 03:00:00,27.13,1066.64
2019-07-25 04:00:00,30.2,1127.19
2019-07-25 05:00:00,31.91,1230.22
2019-07-25 06:00:00,32.27,1280.08
2019-07-25 07:00:00,33.68,1407.02
2019-07-25 08:00:00,32.88,1477.4
2019-07-25 09:00:00,33.59,1494.42
2019-07-25 10:00:00,31.91,1426.08
2019-07-25 11:00:00,32.24,1383.57
2019-07-25 12:00:00,32.27,1346.56
2019-07-25 13:00:00,32.17,1333.68
2019-07-25 14:00:00,32.41,1371.08
2019-07-25 15:00:00,30.86,1324.62
2019-07-25 16:00:00,29.2,
2019-07-25 17:00:00,28.37,1401.05
2019-07-25 18:00:00,27.72,1413.78
2019-07-25 19:00:00,25.55,1400.9
2019-07-25 20:00:00,24.18,1355.23
2019-07-25 21:00:00,22.45,1292.39
2019-07-25 22:00:00,20.64,1257.95
2019-07-25 23:00:00,21.83,1213.78
2019-07-26 00:00:00,21.31,1140.06
2019-07-26 01:00:00,19.17,1093.38
2019-07-26 02:00:00,19.86,1072.46
2019-07-26 03:00:00,21.26,1078.63
2019-07-26 04:00:00,21.72,1102.03
2019-07-26 05:00:00,22.93,1125.1
2019-07-26 06:00:00,24.55,1204.95
2019-07-26 07:00:00,26.19,1327.01
2019-07-26 08:00:00,26.45,1373.61
2019-07-26 09:00:00,26.31,1349.45
2019-07-26 10:00:00,28.51,1336.71
2019-07-26 11:00:00,28.86,1281.92
2019-07-26 12:00:00,29.1,1271.65
2019-07-26 13:00:00,29.56,1245.54
2019-07-26 14:00:00,28.95,1261.42
2019-07-26 15:00:00,28.09,1293.56
2019-07-26 16:00:00,28.59,1360.78
2019-07-26 17:00:00,27.55,1382.66
2019-07-26 18:00:00,25.48,1386.4
2019-07-26 19:00:00,24.76,1374.6
2019-07-26 20:00:00,23.45,1340.88
2019-07-26 21:00:00,22.76,1330.25
2019-07-26 22:00:00,22.26,1233.66
2019-07-26 23:00:00,22.01,1144.78
2019-07-27 00:00:00,21.36,1076.5
2019-07-27 01:00:00,20.57,1046.97
2019-07-27 02:00:00,20.7,1012.14
2019-07-27 03:00:00,21.51,1017.54
2019-07-27 04:00:00,22.94,1032.33
2019-07-27 05:00:00,23.42,1075.27
2019-07-27 06:00:00,24.94,1142.59
2019-07-27 07:00:00,27.63,1131.35
2019-07-27 08:00:00,28.36,1168.49
2019-07-27 09:00:00,29.89,1223.06
2019-07-27 10:00:00,32.03,1220.26
2019-07-27 11:00:00,32.34,1147.16
2019-07-27 12:00:00,32.13,1169.23
2019-07-27 13:00:00,32.19,1120.65
2019-07-27 14:00:00,33.35,1191.65
2019-07-27 15:00:00,30.4,1124.76
2019-07-27 16:00:00,29.21,1118.67
2019-07-27 17:00:00,29.17,1237.03
2019-07-27 18:00:00,28.7,1213.88
2019-07-27 19:00:00,27.31,1215.64
2019-07-27 20:00:00,26.5,1184.05
2019-07-27 21:00:00,25.21,1216.35
2019-07-27 22:00:00,24.69,1180.44
2019-07-27 23:00:00,23.91,1174.0
2019-07-28 00:00:00,24.61,1074.08
2019-07-28 01:00:00,24.37,1058.3
2019-07-28 02:00:00,26.29,1012.15
2019-07-28 03:00:00,27.98,1039.62
2019-07-28 04:00:00,28.08,1042.88
2019-07-28 05:00:00,26.88,1089.83
2019-07-28 06:00:00,28.93,1187.0
2019-07-28 07:00:00,28.97,1165.46
2019-07-28 08:00:00,28.92,1236.35
2019-07-28 09:00:00,29.09,1178.82
2019-07-28 10:00:00,28.8,1169.43
2019-07-28 11:00:00,29.39,1122.6
2019-07-28 12:00:00,29.72,1080.29
2019-07-28 13:00:00,31.3,1106.18
2019-07-28 14:00:00,32.07,1135.0
2019-07-28 15:00:00,31.19,1204.16
2019-07-28 16:00:00,29.58,1238.05
2019-07-28 17:00:00,29.1,1282.05
2019-07-28 18:00:00,27.84,1223.25
2019-07-28 19:00:00,29.17,1314.97
2019-07-28 20:00:00,27.25,1147.29
2019-07-28 21:00:00,29.25,1268.35
2019-07-28 22:00:00,28.84,1196.55
2019-07-28 23:00:00,27.07,1181.72
2019-07-29 00:00:00,26.44,1156.42
2019-07-29 01:00:00,26.2,1121.71
2019-07-29 02:00:00,26.3,1077.35
2019-07-29 03:00:00,25.8,1072.72
2019-07-29 04:00:00,26.96,1104.99
2019-07-29 05:00:00,26.11,1165.52
2019-07-29 06:00:00,24.93,1196.69
2019-07-29 07:00:00,27.02,1318.1
2019-07-29 08:00:00,28.67,1417.83
2019-07-29 09:00:00,28.53,1387.58
2019-07-29 10:00:00,28.25,1351.57
2019-07-29 11:00:00,29.44,1304.99
2019-07-29 12:00:00,28.74,1238.7
2019-07-29 13:00:00,29.58,1304.7
2019-07-29 14:00:00,30.26,1266.22
2019-07-29 15:00:00,30.31,1353.38
2019-07-29 16:00:00,28.21,1354.97
2019-07-29 17:00:00,27.86,1402.39
2019-07-29 18:00:00,25.76,1365.53
2019-07-29 19:00:00,23.51,1439.77
2019-07-29 20:00:00,23.59,1325.69
2019-07-29 21:00:00,26.19,1289.79
2019-07-29 22:00:00,26.7,1238.9
2019-07-29 23:00:00,26.69,1229.59
2019-07-30 00:00:00,26.58,1147.67
2019-07-30 01:00:00,27.59,1104.36
2019-07-30 02:00:00,26.92,1099.26
2019-07-30 03:00:00,28.99,1067.26
2019-07-30 04:00:00,30.63,1125.72
2019-07-30 05:00:00,32.57,1192.12
2019-07-30 06:00:00,33.81,1345.47
2019-07-30 07:00:00,35.51,1444.91
2019-07-30 08:00:00,38.15,1579.94
2019-07-30 09:00:00,38.46,1641.88
2019-07-30 10:00:00,37.36,1569.27
2019-07-30 11:00:00,37.16,1478.68
2019-07-30 12:00:00,37.49,1449.14
2019-07-30 13:00:00,36.75,1453.76
2019-07-30 14:00:00,35.75,1451.58
2019-07-30 15:00:00,34.84,1472.36
2019-07-30 16:00:00,35.08,1474.74
2019-07-30 17:00:00,32.78,1472.09
2019-07-30 18:00:00,30.42,1472.16
2019-07-30 19:00:00,28.97,1457.58
2019-07-30 20:00:00,27.63,1366.35
2019-07-30 21:00:00,24.78,1289.61
2019-07-30 22:00:00,24.92,1230.72
2019-07-30 23:00:00,25.14,1154.23
2019-07-31 00:00:00,24.54,1115.78
2019-07-31 01:00:00,23.12,1111.5
2019-07-31 02:00:00,22.39,1064.77
2019-07-31 03:00:00,21.9,1058.09
2019-07-31 04:00:00,21.81,1088.61
2019-07-31 05:00:00,22.64,1131.78
2019-07-31 06:00:00,23.47,1200.08
2019-07-31 07:00:00,25.55,1312.97
2019-07-31 08:00:00,26.94,1380.54
2019-07-31 09:00:00,28.97,1414.64
2019-07-31 10:00:00,29.14,1342.77
2019-07-31 11:00:00,29.53,1310.4
2019-07-31 12:00:00,30.53,1287.08
2019-07-31 13:00:00,29.83,1258.24
2019-07-31 14:00:00,28.94,1277.9
2019-07-31 15:00:00,28.28,1235.28
2019-07-31 16:00:00,27.39,1297.57
2019-07-31 17:00:00,27.66,1387.53
2019-07-31 18:00:00,24.54,1411.87
2019-07-31 19:00:00,21.7,1346.78
2019-07-31 20:00:00,21.02,1342.55
2019-07-31 21:00:00,19.35,1264.64
2019-07-31 22:00:00,17.93,1221.92
2019-07-31 23:00:00,18.77,1188.46
2019-08-01 00:00:00,18.0,1119.77
2019-08-01 01:00:00,18.85,1076.82
2019-08-01 02:00:00,17.33,1080.16
2019-08-01 03:00:00,19.64,1069.35
2019-08-01 04:00:00,20.79,1062.28
2019-08-01 05:00:00,21.14,1104.53
2019-08-01 06:00:00,21.81,1221.19
2019-08-01 07:00:00,22.9,1257.91
2019-08-01 08:00:00,25.06,1329.37
2019-08-01 09:00:00,27.04,1369.64
2019-08-01 10:00:00,27.49,1315.05
2019-08-01 11:00:00,27.29,1260.2
2019-08-01 12:00:00,27.72,1249.22
2019-08-01 13:00:00,26.54,1179.37
2019-08-01 14:00:00,24.76,1157.14
2019-08-01 15:00:00,24.15,1212.66
2019-08-01 16:00:00,23.42,1286.5
2019-08-01 17:00:00,23.57,1294.87
2019-08-01 18:00:00,21.56,1364.37
2019-08-01 19:00:00,21.51,1395.3
2019-08-01 20:00:00,20.34,1313.93
2019-08-01 21:00:00,19.83,1321.68
2019-08-01 22:00:00,20.81,1234.98
2019-08-01 23:00:00,18.58,1173.72
2019-08-02 00:00:00,19.82,1137.26
2019-08-02 01:00:00,21.29,1082.7
2019-08-02 02:00:00,21.62,1051.56
2019-08-02 03:00:00,20.38,1048.86
2019-08-02 04:00:00,22.83,1078.24
2019-08-02 05:00:00,25.21,1125.99
2019-08-02 06:00:00,25.82,1184.45
2019-08-02 07:00:00,29.75,1338.08
2019-08-02 08:00:00,31.98,1459.83
2019-08-02 09:00:00,33.08,1473.11
2019-08-02 10:00:00,34.78,1475.74
2019-08-02 11:00:00,34.07,1395.15
2019-08-02 12:00:00,33.96,1347.86
2019-08-02 13:00:00,33.01,1340.35
2019-08-02 14:00:00,33.73,1348.4
2019-08-02 15:00:00,33.78,1356.27
2019-08-02 16:00:00,33.81,1442.97
2019-08-02 17:00:00,32.37,1431.55
2019-08-02 18:00:00,30.59,1485.67
2019-08-02 19:00:00,29.91,1481.89
2019-08-02 20:00:00,29.88,1405.42
2019-08-02 21:00:00,28.71,1264.58
2019-08-02 22:00:00,28.49,1250.65
2019-08-02 23:00:00,28.93,1221.84
2019-08-03 00:00:00,27.99,1115.86
2019-08-03 01:00:00,27.95,1095.29
2019-08-03 02:00:00,28.89,1063.15
2019-08-03 03:00:00,28.31,1030.46
2019-08-03 04:00:00,31.52,1111.71
2019-08-03 05:00:00,33.05,1120.92
2019-08-03 06:00:00,35.28,1288.6
2019-08-03 07:00:00,36.1,1272.33
2019-08-03 08:00:00,36.85,1356.1
2019-08-03 09:00:00,37.98,1413.37
2019-08-03 10:00:00,38.9,1349.41
2019-08-03 11:00:00,38.14,1333.84
2019-08-03 12:00:00,38.72,1345.82
2019-08-03 13:00:00,38.04,1279.86
2019-08-03 14:00:00,37.14,1271.27
2019-08-03 15:00:00,36.16,1319.26
2019-08-03 16:00:00,34.51,
2019-08-03 17:00:00,33.06,1365.92
2019-08-03 18:00:00,33.24,1332.08
2019-08-03 19:00:00,33.85,1337.22
2019-08-03 20:00:00,33.68,1311.63
2019-08-03 21:00:00,32.19,1281.66
2019-08-03 22:00:00,33.91,1254.13
2019-08-03 23:00:00,34.39,1340.16
2019-08-04 00:00:00,34.27,1218.99
2019-08-04 01:00:00,33.76,1135.36
2019-08-04 02:00:00,35.24,1120.85
2019-08-04 03:00:00,34.91,1136.48
2019-08-04 04:00:00,35.71,1209.18
2019-08-04 05:00:00,35.79,1232.1
2019-08-04 06:00:00,37.73,1374.01
2019-08-04 07:00:00,37.95,1312.85
2019-08-04 08:00:00,40.33,1514.89
2019-08-04 09:00:00,41.58,1500.55
2019-08-04 10:00:00,41.27,1455.34
2019-08-04 11:00:00,40.19,1435.48
2019-08-04 12:00:00,41.23,1396.81
2019-08-04 13:00:00,40.82,1445.4
2019-08-04 14:00:00,41.31,1411.37
2019-08-04 15:00:00,39.9,1363.96
2019-08-04 16:00:00,39.65,1515.34
2019-08-04 17:00:00,38.85,1487.16
2019-08-04 18:00:00,39.02,1473.23
2019-08-04 19:00:00,37.67,1559.46
2019-08-04 20:00:00,37.0,1382.41
2019-08-04 21:00:00,34.73,1397.61
2019-08-04 22:00:00,34.44,1346.27
2019-08-04 23:00:00,35.19,1288.48
2019-08-05 00:00:00,32.59,1207.82
2019-08-05 01:00:00,30.98,1164.31
2019-08-05 02:00:00,30.8,1118.2
2019-08-05 03:00:00,31.61,1119.85
2019-08-05 04:00:00,30.5,1124.18
2019-08-05 05:00:00,31.98,1220.32
2019-08-05 06:00:00,32.44,1282.78
2019-08-05 07:00:00,30.77,1368.74
2019-08-05 08:00:00,31.9,1431.67
2019-08-05 09:00:00,33.32,1507.22
2019-08-05 10:00:00,33.91,1435.38
2019-08-05 11:00:00,33.15,1346.7
2019-08-05 12:00:00,32.76,1344.64
2019-08-05 13:00:00,32.58,1288.65
2019-08-05 14:00:00,30.6,1331.21
2019-08-05 15:00:00,28.06,1303.48
2019-08-05 16:00:00,26.51,1299.63
2019-08-05 17:00:00,25.77,1343.46
2019-08-05 18:00:00,25.9,1395.84
2019-08-05 19:00:00,25.37,1364.73
2019-08-05 20:00:00,24.08,1344.46
2019-08-05 21:00:00,22.58,1279.88
2019-08-05 22:00:00,21.84,1213.62
2019-08-05 23:00:00,21.65,1222.25
2019-08-06 00:00:00,21.35,1128.53
2019-08-06 01:00:00,22.74,1087.97
2019-08-06 02:00:00,23.96,1059.21
2019-08-06 03:00:00,24.58,1056.88
2019-08-06 04:00:00,26.06,1104.6
2019-08-06 05:00:00,27.77,1150.15
2019-08-06 06:00:00,28.11,1215.17
2019-08-06 07:00:00,27.83,1328.17
2019-08-06 08:00:00,28.77,1383.27
2019-08-06 09:00:00,29.26,1401.87
2019-08-06 10:00:00,31.75,1402.75
2019-08-06 11:00:00,32.99,1411.1
2019-08-06 12:00:00,31.41,1308.05
2019-08-06 13:00:00,29.59,1272.07
2019-08-06 14:00:00,29.57,1240.36
2019-08-06 15:00:00,29.24,1265.78
2019-08-06 16:00:00,27.18,1335.6
2019-08-06 17:00:00,28.31,1371.57
2019-08-06 18:00:00,29.1,1452.15
2019-08-06 19:00:00,26.39,1403.36
2019-08-06 20:00:00,24.41,1309.86
2019-08-06 21:00:00,23.97,1274.42
2019-08-06 22:00:00,22.45,1219.3
2019-08-06 23:00:00,22.6,1193.96
2019-08-07 00:00:00,22.01,1122.93
2019-08-07 01:00:00,22.45,1115.83
2019-08-07 02:00:00,23.89,1045.32
2019-08-07 03:00:00,23.46,1042.03
2019-08-07 04:00:00,22.37,1099.28
2019-08-07 05:00:00,22.48,1116.64
2019-08-07 06:00:00,23.5,1182.68
2019-08-07 07:00:00,26.03,1292.02
2019-08-07 08:00:00,26.86,1346.46
2019-08-07 09:00:00,27.38,1351.01
2019-08-07 10:00:00,30.21,1376.18
2019-08-07 11:00:00,30.86,1300.62
2019-08-07 12:00:00,31.68,1268.48
2019-08-07 13:00:00,31.62,1373.55
2019-08-07 14:00:00,32.74,1344.33
2019-08-07 15:00:00,31.62,1315.27
2019-08-07 16:00:00,29.6,1398.79
2019-08-07 17:00:00,28.65,1398.51
2019-08-07 18:00:00,27.55,1422.74
2019-08-07 19:00:00,26.08,1344.97
2019-08-07 20:00:00,25.66,1389.81
2019-08-07 21:00:00,23.97,1297.9
2019-08-07 22:00:00,24.15,1226.48
2019-08-07 23:00:00,22.41,1189.96
2019-08-08 00:00:00,23.24,1118.53
2019-08-08 01:00:00,23.56,1082.54
2019-08-08 02:00:00,22.78,1078.52
2019-08-08 03:00:00,24.48,1037.42
2019-08-08 04:00:00,26.02,1090.74
2019-08-08 05:00:00,27.05,1160.19
2019-08-08 06:00:00,27.71,1226.74
2019-08-08 07:00:00,30.58,1290.81
2019-08-08 08:00:00,30.38,1433.31
2019-08-08 09:00:00,30.79,1418.96
2019-08-08 10:00:00,29.76,
2019-08-08 11:00:00,30.18,1315.53
2019-08-08 12:00:00,30.28,1236.92
2019-08-08 13:00:00,29.46,1251.48
2019-08-08 14:00:00,29.48,1295.88
2019-08-08 15:00:00,28.19,1252.02
2019-08-08 16:00:00,26.56,1315.57
2019-08-08 17:00:00,27.93,1360.06
2019-08-08 18:00:00,27.01,1414.66
2019-08-08 19:00:00,27.07,1412.45
2019-08-08 20:00:00,27.18,1363.96
2019-08-08 21:00:00,27.05,1333.4
2019-08-08 22:00:00,25.25,1215.81
2019-08-08 23:00:00,25.3,1192.67
2019-08-09 00:00:00,24.77,1102.91
2019-08-09 01:00:00,23.43,1092.29
2019-08-09 02:00:00,23.29,1062.11
2019-08-09 03:00:00,24.38,1033.35
2019-08-09 04:00:00,25.99,1072.54
2019-08-09 05:00:00,26.58,1133.55
2019-08-09 06:00:00,28.7,1214.54
2019-08-09 07:00:00,30.33,1351.56
2019-08-09 08:00:00,32.1,1404.98
2019-08-09 09:00:00,33.15,1499.69
2019-08-09 10:00:00,32.78,1408.09
2019-08-09 11:00:00,33.53,1412.14
2019-08-09 12:00:00,33.68,1344.64
2019-08-09 13:00:00,33.33,1351.35
2019-08-09 14:00:00,32.08,1368.94
2019-08-09 15:00:00,30.65,1373.75
2019-08-09 16:00:00,27.3,1333.24
2019-08-09 17:00:00,25.98,1329.05
2019-08-09 18:00:00,23.88,1402.26
2019-08-09 19:00:00,23.76,1366.93
2019-08-09 20:00:00,24.52,1309.83
2019-08-09 21:00:00,24.87,1247.6
2019-08-09 22:00:00,23.65,1278.46
2019-08-09 23:00:00,23.72,1173.95
2019-08-10 00:00:00,22.48,1094.24
2019-08-10 01:00:00,22.93,1021.54
2019-08-10 02:00:00,24.07,993.71
2019-08-10 03:00:00,25.65,1015.45
2019-08-10 04:00:00,28.46,1087.43
2019-08-10 05:00:00,27.88,1104.76
2019-08-10 06:00:00,29.35,1198.21
2019-08-10 07:00:00,29.93,1129.7
2019-08-10 08:00:00,32.2,1271.56
2019-08-10 09:00:00,32.85,1332.64
2019-08-10 10:00:00,34.11,1278.51
2019-08-10 11:00:00,34.45,1195.87
2019-08-10 12:00:00,34.05,1192.18
2019-08-10 13:00:00,33.85,1162.33
2019-08-10 14:00:00,34.41,1152.64
2019-08-10 15:00:00,32.63,1220.36
2019-08-10 16:00:00,32.19,1230.03
2019-08-10 17:00:00,29.97,1214.69
2019-08-10 18:00:00,28.46,1220.55
2019-08-10 19:00:00,26.28,1222.85
2019-08-10 20:00:00,24.65,1110.69
2019-08-10 21:00:00,24.95,1243.26
2019-08-10 22:00:00,22.49,1119.34
2019-08-10 23:00:00,21.75,1112.9
2019-08-11 00:00:00,21.36,1061.23
2019-08-11 01:00:00,20.78,1018.52
2019-08-11 02:00:00,21.0,1004.3
2019-08-11 03:00:00,21.93,953.04
2019-08-11 04:00:00,21.9,975.81
2019-08-11 05:00:00,24.04,1058.57
2019-08-11 06:00:00,23.8,1119.51
2019-08-11 07:00:00,25.01,1094.92
2019-08-11 08:00:00,26.35,1174.13
2019-08-11 09:00:00,26.9,1163.94
2019-08-11 10:00:00,27.89,1153.35
2019-08-11 11:00:00,28.39,1123.1
2019-08-11 12:00:00,29.74,1127.19
2019-08-11 13:00:00,28.12,1068.59
2019-08-11 14:00:00,27.63,1021.5
2019-08-11 15:00:00,27.44,1099.73
2019-08-11 16:00:00,26.95,1140.93
2019-08-11 17:00:00,27.17,1173.63
2019-08-11 18:00:00,26.71,1239.94
2019-08-11 19:00:00,24.2,1186.21
2019-08-11 20:00:00,23.0,1196.59
2019-08-11 21:00:00,20.25,1267.6
2019-08-11 22:00:00,20.85,1144.4
2019-08-11 23:00:00,20.41,1167.2
2019-08-12 00:00:00,20.35,1147.66
2019-08-12 01:00:00,21.73,1132.3
2019-08-12 02:00:00,21.04,1092.21
2019-08-12 03:00:00,21.64,1023.36
2019-08-12 04:00:00,22.62,1053.51
2019-08-12 05:00:00,23.81,1146.85
2019-08-12 06:00:00,23.74,1234.34
2019-08-12 07:00:00,25.83,1304.16
2019-08-12 08:00:00,28.22,1340.29
2019-08-12 09:00:00,29.14,1400.71
2019-08-12 10:00:00,30.08,1348.02
2019-08-12 11:00:00,28.72,1314.35
2019-08-12 12:00:00,27.86,1226.98
2019-08-12 13:00:00,27.58,1222.11
2019-08-12 14:00:00,27.49,1207.78
2019-08-12 15:00:00,26.68,1219.49
2019-08-12 16:00:00,26.79,
2019-08-12 17:00:00,25.94,1400.19
2019-08-12 18:00:00,25.66,1363.47
2019-08-12 19:00:00,24.46,1383.07
2019-08-12 20:00:00,22.76,1340.75
2019-08-12 21:00:00,23.68,1234.91
2019-08-12 22:00:00,22.58,1185.25
2019-08-12 23:00:00,22.45,1178.08
2019-08-13 00:00:00,23.13,1121.2
2019-08-13 01:00:00,24.05,1083.0
2019-08-13 02:00:00,23.92,1074.91
2019-08-13 03:00:00,23.55,1058.54
2019-08-13 04:00:00,25.87,1086.39
2019-08-13 05:00:00,24.78,1132.61
2019-08-13 06:00:00,24.92,1203.74
2019-08-13 07:00:00,25.05,1265.81
2019-08-13 08:00:00,27.34,1353.43
2019-08-13 09:00:00,26.99,1366.68
2019-08-13 10:00:00,27.96,1356.57
2019-08-13 11:00:00,27.97,1248.98
2019-08-13 12:00:00,28.06,1207.25
2019-08-13 13:00:00,27.86,1202.04
2019-08-13 14:00:00,29.11,1222.37
2019-08-13 15:00:00,28.78,1309.94
2019-08-13 16:00:00,28.77,1341.01
2019-08-13 17:00:00,29.13,1412.7
2019-08-13 18:00:00,27.52,1384.19
2019-08-13 19:00:00,27.35,1390.63
2019-08-13 20:00:00,24.04,1378.57
2019-08-13 21:00:00,23.69,1315.9
2019-08-13 22:00:00,23.49,1219.66
2019-08-13 23:00:00,22.85,1201.03
2019-08-14 00:00:00,22.33,1121.27
2019-08-14 01:00:00,22.77,1076.38
2019-08-14 02:00:00,24.11,1060.82
2019-08-14 03:00:00,25.26,1030.34
2019-08-14 04:00:00,25.43,1055.79
2019-08-14 05:00:00,26.03,1117.55
2019-08-14 06:00:00,28.25,1219.35
2019-08-14 07:00:00,29.2,1332.09
2019-08-14 08:00:00,31.42,1432.1
2019-08-14 09:00:00,32.42,1463.96
2019-08-14 10:00:00,31.47,1397.16
2019-08-14 11:00:00,31.34,1365.15
2019-08-14 12:00:00,30.91,1325.09
2019-08-14 13:00:00,31.48,1326.44
2019-08-14 14:00:00,28.57,1261.09
2019-08-14 15:00:00,28.38,1230.55
2019-08-14 16:00:00,27.18,1329.36
2019-08-14 17:00:00,25.96,1331.69
2019-08-14 18:00:00,24.28,1357.36
2019-08-14 19:00:00,23.71,1409.0
2019-08-14 20:00:00,23.26,1306.99
2019-08-14 21:00:00,22.15,1247.48
2019-08-14 22:00:00,21.03,1255.78
2019-08-14 23:00:00,21.6,1183.75
2019-08-15 00:00:00,20.14,1090.99
2019-08-15 01:00:00,19.73,1068.71
2019-08-15 02:00:00,19.98,1078.38
2019-08-15 03:00:00,19.7,1077.31
2019-08-15 04:00:00,18.76,1051.71
2019-08-15 05:00:00,18.49,1132.44
2019-08-15 06:00:00,20.6,1226.29
2019-08-15 07:00:00,20.91,1275.5
2019-08-15 08:00:00,19.87,1325.61
2019-08-15 09:00:00,21.75,1354.04
2019-08-15 10:00:00,21.56,1276.99
2019-08-15 11:00:00,21.73,1239.36
2019-08-15 12:00:00,23.52,1201.8
2019-08-15 13:00:00,23.08,1182.12
2019-08-15 14:00:00,23.81,1186.73
2019-08-15 15:00:00,23.25,1236.03
2019-08-15 16:00:00,21.54,1278.86
2019-08-15 17:00:00,19.87,1327.18
2019-08-15 18:00:00,18.32,1394.24
2019-08-15 19:00:00,17.45,1323.91
2019-08-15 20:00:00,16.24,1338.96
2019-08-15 21:00:00,14.76,1302.02
2019-08-15 22:00:00,12.57,1293.38
2019-08-15 23:00:00,11.89,1214.82
2019-08-16 00:00:00,10.33,1153.21
2019-08-16 01:00:00,10.93,1115.16
2019-08-16 02:00:00,9.56,1090.49
2019-08-16 03:00:00,12.7,1080.44
2019-08-16 04:00:00,14.54,1054.4
2019-08-16 05:00:00,14.23,1143.29
2019-08-16 06:00:00,15.41,1203.24
2019-08-16 07:00:00,17.24,1287.51
2019-08-16 08:00:00,17.6,1341.69
2019-08-16 09:00:00,17.5,1335.24
2019-08-16 10:00:00,18.57,1321.6
2019-08-16 11:00:00,18.92,1229.93
2019-08-16 12:00:00,18.94,1211.29
2019-08-16 13:00:00,20.17,1178.38
2019-08-16 14:00:00,20.64,1197.75
2019-08-16 15:00:00,20.71,1172.16
2019-08-16 16:00:00,20.44,1289.66
2019-08-16 17:00:00,20.27,1390.48
2019-08-16 18:00:00,19.79,1371.21
2019-08-16 19:00:00,18.88,1374.34
2019-08-16 20:00:00,17.03,1400.36
2019-08-16 21:00:00,17.26,1299.97
2019-08-16 22:00:00,16.67,1216.8
2019-08-16 23:00:00,15.49,1225.2
2019-08-17 00:00:00,16.58,1057.7
2019-08-17 01:00:00,15.47,1033.99
2019-08-17 02:00:00,16.17,1000.99
2019-08-17 03:00:00,16.77,998.62
2019-08-17 04:00:00,18.95,1031.16
2019-08-17 05:00:00,22.47,1072.68
2019-08-17 06:00:00,22.53,1127.8
2019-08-17 07:00:00,23.34,1080.88
2019-08-17 08:00:00,24.55,1193.08
2019-08-17 09:00:00,24.42,1151.69
2019-08-17 10:00:00,26.98,1135.47
2019-08-17 11:00:00,27.48,1072.38
2019-08-17 12:00:00,27.2,1038.17
2019-08-17 13:00:00,26.85,1023.0
2019-08-17 14:00:00,26.43,1045.06
2019-08-17 15:00:00,25.59,1031.44
2019-08-17 16:00:00,25.6,1120.35
2019-08-17 17:00:00,24.41,1082.09
2019-08-17 18:00:00,21.84,1139.2
2019-08-17 19:00:00,21.24,1147.02
2019-08-17 20:00:00,20.86,1136.92
2019-08-17 21:00:00,19.59,1186.48
2019-08-17 22:00:00,18.86,1197.33
2019-08-17 23:00:00,18.97,1113.49
2019-08-18 00:00:00,18.17,1076.17
2019-08-18 01:00:00,19.38,1041.32
2019-08-18 02:00:00,19.09,1012.72
2019-08-18 03:00:00,20.48,996.86
2019-08-18 04:00:00,21.75,1001.95
2019-08-18 05:00:00,22.35,1061.02
2019-08-18 06:00:00,22.65,1161.15
2019-08-18 07:00:00,24.89,1096.25
2019-08-18 08:00:00,26.82,1146.25
2019-08-18 09:00:00,28.48,1209.72
2019-08-18 10:00:00,29.84,1155.88
2019-08-18 11:00:00,30.42,1148.32
2019-08-18 12:00:00,30.68,1120.58
2019-08-18 13:00:00,30.72,1101.93
2019-08-18 14:00:00,29.83,1107.4
2019-08-18 15:00:00,27.7,1102.58
2019-08-18 16:00:00,26.27,1124.68
2019-08-18 17:00:00,26.55,1176.81
2019-08-18 18:00:00,25.67,1241.92
2019-08-18 19:00:00,23.77,1210.59
2019-08-18 20:00:00,22.91,1187.36
2019-08-18 21:00:00,22.11,1200.96
2019-08-18 22:00:00,22.67,1171.45
2019-08-18 23:00:00,21.05,
2019-08-19 00:00:00,20.93,1146.87
2019-08-19 01:00:00,21.06,1076.1
2019-08-19 02:00:00,21.45,1039.5
2019-08-19 03:00:00,21.42,1050.97
2019-08-19 04:00:00,19.52,1066.49
2019-08-19 05:00:00,19.62,1084.78
2019-08-19 06:00:00,18.05,1186.05
2019-08-19 07:00:00,20.97,1293.86
2019-08-19 08:00:00,22.12,1348.05
2019-08-19 09:00:00,22.94,1348.91
2019-08-19 10:00:00,23.84,1298.61
2019-08-19 11:00:00,22.96,1250.98
2019-08-19 12:00:00,22.85,1181.81
2019-08-19 13:00:00,22.84,1215.19
2019-08-19 14:00:00,23.59,1203.1
2019-08-19 15:00:00,22.14,1233.79
2019-08-19 16:00:00,23.13,1311.57
2019-08-19 17:00:00,22.88,1368.16
2019-08-19 18:00:00,22.41,1376.33
2019-08-19 19:00:00,21.75,1386.01
2019-08-19 20:00:00,20.79,1324.85
2019-08-19 21:00:00,20.17,1249.97
2019-08-19 22:00:00,19.96,1244.95
2019-08-19 23:00:00,20.88,1195.43
2019-08-20 00:00:00,18.32,1143.02
2019-08-20 01:00:00,18.0,1113.25
2019-08-20 02:00:00,18.12,1074.87
2019-08-20 03:00:00,21.34,1065.1
2019-08-20 04:00:00,20.8,1079.22
2019-08-20 05:00:00,21.01,1129.37
2019-08-20 06:00:00,21.62,1212.46
2019-08-20 07:00:00,22.46,1265.22
2019-08-20 08:00:00,25.28,1329.75
2019-08-20 09:00:00,25.91,1356.63
2019-08-20 10:00:00,26.26,1304.37
2019-08-20 11:00:00,26.78,1253.69
2019-08-20 12:00:00,29.58,1239.78
2019-08-20 13:00:00,30.46,1298.95
2019-08-20 14:00:00,29.12,1263.97
2019-08-20 15:00:00,28.47,1293.12
2019-08-20 16:00:00,27.44,1272.75
2019-08-20 17:00:00,26.66,1341.31
2019-08-20 18:00:00,25.06,1378.58
2019-08-20 19:00:00,23.6,1369.23
2019-08-20 20:00:00,21.12,1315.08
2019-08-20 21:00:00,22.5,1316.46
2019-08-20 22:00:00,23.05,1188.75
2019-08-20 23:00:00,22.4,1196.02
2019-08-21 00:00:00,24.26,1119.32
2019-08-21 01:00:00,24.16,1113.76
2019-08-21 02:00:00,24.86,1073.49
2019-08-21 03:00:00,26.03,1066.9
2019-08-21 04:00:00,25.99,1079.13
2019-08-21 05:00:00,27.81,1162.74
2019-08-21 06:00:00,28.29,1206.83
2019-08-21 07:00:00,29.67,1322.02
2019-08-21 08:00:00,30.28,1412.58
2019-08-21 09:00:00,31.9,1464.03
2019-08-21 10:00:00,33.63,1453.47
2019-08-21 11:00:00,34.51,1439.74
2019-08-21 12:00:00,34.71,1367.01
2019-08-21 13:00:00,33.16,1288.51
2019-08-21 14:00:00,33.28,
2019-08-21 15:00:00,33.63,1385.19
2019-08-21 16:00:00,31.96,1425.16
2019-08-21 17:00:00,30.66,1450.29
2019-08-21 18:00:00,30.11,1418.19
2019-08-21 19:00:00,27.21,1373.23
2019-08-21 20:00:00,24.33,1286.87
2019-08-21 21:00:00,24.1,1338.26
2019-08-21 22:00:00,21.31,1191.48
2019-08-21 23:00:00,20.13,1199.54
2019-08-22 00:00:00,19.85,1130.81
2019-08-22 01:00:00,22.71,1090.67
2019-08-22 02:00:00,21.61,1066.94
2019-08-22 03:00:00,22.49,1053.18
2019-08-22 04:00:00,23.19,1061.14
2019-08-22 05:00:00,24.66,1124.05
2019-08-22 06:00:00,26.78,1210.99
2019-08-22 07:00:00,27.47,1299.09
2019-08-22 08:00:00,28.84,1376.24
2019-08-22 09:00:00,29.77,1411.11
2019-08-22 10:00:00,29.38,1333.58
2019-08-22 11:00:00,29.76,1315.88
2019-08-22 12:00:00,29.93,1261.15
2019-08-22 13:00:00,29.27,1239.1
2019-08-22 14:00:00,29.67,1230.9
2019-08-22 15:00:00,27.82,1246.97
2019-08-22 16:00:00,28.42,1273.61
2019-08-22 17:00:00,26.59,1325.38
2019-08-22 18:00:00,25.31,1369.83
2019-08-22 19:00:00,23.36,1377.33
2019-08-22 20:00:00,22.39,1348.32
2019-08-22 21:00:00,22.15,1256.47
2019-08-22 22:00:00,22.8,1223.28
2019-08-22 23:00:00,23.58,1189.55
2019-08-23 00:00:00,22.64,1150.39
2019-08-23 01:00:00,21.78,1084.07
2019-08-23 02:00:00,24.39,1068.74
2019-08-23 03:00:00,24.94,1043.3
2019-08-23 04:00:00,23.96,1044.07
2019-08-23 05:00:00,24.64,1122.86
2019-08-23 06:00:00,26.1,1230.14
2019-08-23 07:00:00,28.68,1294.32
2019-08-23 08:00:00,28.17,1379.91
2019-08-23 09:00:00,30.1,1408.18
2019-08-23 10:00:00,30.67,1370.37
2019-08-23 11:00:00,30.17,1282.09
2019-08-23 12:00:00,28.88,1247.94
2019-08-23 13:00:00,29.34,1219.27
2019-08-23 14:00:00,27.7,1240.73
2019-08-23 15:00:00,24.78,1241.16
2019-08-23 16:00:00,24.12,
2019-08-23 17:00:00,24.3,1327.31
2019-08-23 18:00:00,21.87,1387.39
2019-08-23 19:00:00,21.59,1400.31
2019-08-23 20:00:00,20.13,1371.06
2019-08-23 21:00:00,20.78,1255.72
2019-08-23 22:00:00,20.13,1253.59
2019-08-23 23:00:00,20.36,1213.21
2019-08-24 00:00:00,18.83,1067.08
2019-08-24 01:00:00,19.43,1052.82
2019-08-24 02:00:00,20.01,1005.13
2019-08-24 03:00:00,20.32,966.53
2019-08-24 04:00:00,21.48,1029.01
2019-08-24 05:00:00,24.01,1019.53
2019-08-24 06:00:00,23.83,1127.59
2019-08-24 07:00:00,23.14,1111.83
2019-08-24 08:00:00,22.98,
2019-08-24 09:00:00,25.04,1154.06
2019-08-24 10:00:00,23.66,1120.14
2019-08-24 11:00:00,23.8,1039.33
2019-08-24 12:00:00,25.15,1009.36
2019-08-24 13:00:00,23.68,992.28
2019-08-24 14:00:00,24.53,1033.42
2019-08-24 15:00:00,23.52,1075.83
2019-08-24 16:00:00,22.5,1063.17
2019-08-24 17:00:00,22.58,1165.77
2019-08-24 18:00:00,21.68,1200.87
2019-08-24 19:00:00,20.14,1186.77
2019-08-24 20:00:00,19.0,1163.51
2019-08-24 21:00:00,18.4,1236.76
2019-08-24 22:00:00,17.68,1226.81
2019-08-24 23:00:00,17.84,1139.78
2019-08-25 00:00:00,18.78,1090.94
2019-08-25 01:00:00,18.96,1045.97
2019-08-25 02:00:00,17.84,1029.29
2019-08-25 03:00:00,18.85,987.78
2019-08-25 04:00:00,18.18,1043.93
2019-08-25 05:00:00,18.47,1076.87
2019-08-25 06:00:00,21.5,1128.7
2019-08-25 07:00:00,22.84,1076.04
2019-08-25 08:00:00,24.63,1171.27
2019-08-25 09:00:00,25.85,1162.92
2019-08-25 10:00:00,25.67,1125.01
2019-08-25 11:00:00,26.49,1070.45
2019-08-25 12:00:00,26.6,1072.57
2019-08-25 13:00:00,26.77,1005.24
2019-08-25 14:00:00,26.41,1068.46
2019-08-25 15:00:00,26.44,1061.95
2019-08-25 16:00:00,26.33,1120.85
2019-08-25 17:00:00,24.53,1148.72
2019-08-25 18:00:00,22.99,1200.61
2019-08-25 19:00:00,21.34,1192.59
2019-08-25 20:00:00,19.79,1180.82
2019-08-25 21:00:00,19.54,1239.84
2019-08-25 22:00:00,19.45,1163.13
2019-08-25 23:00:00,19.21,1118.9
2019-08-26 00:00:00,19.78,1145.16
2019-08-26 01:00:00,19.63,1106.26
2019-08-26 02:00:00,21.14,1053.93
2019-08-26 03:00:00,20.43,1037.33
2019-08-26 04:00:00,21.15,1068.57
2019-08-26 05:00:00,21.04,1125.01
2019-08-26 06:00:00,21.52,1214.44
2019-08-26 07:00:00,18.91,1268.09
2019-08-26 08:00:00,19.81,1362.21
2019-08-26 09:00:00,20.79,1379.21
2019-08-26 10:00:00,23.46,1311.22
2019-08-26 11:00:00,24.52,1205.94
2019-08-26 12:00:00,24.85,1170.7
2019-08-26 13:00:00,24.53,1184.24
2019-08-26 14:00:00,23.09,1221.46
2019-08-26 15:00:00,22.02,1214.82
2019-08-26 16:00:00,21.26,1265.29
2019-08-26 17:00:00,21.42,1383.0
2019-08-26 18:00:00,20.37,1392.83
2019-08-26 19:00:00,19.24,1400.8
2019-08-26 20:00:00,18.59,1335.52
2019-08-26 21:00:00,18.35,1285.57
2019-08-26 22:00:00,17.02,1221.84
2019-08-26 23:00:00,16.19,1217.82
2019-08-27 00:00:00,16.19,1127.45
2019-08-27 01:00:00,15.63,1111.04
2019-08-27 02:00:00,16.51,1054.02
2019-08-27 03:00:00,16.58,1042.76
2019-08-27 04:00:00,17.44,1075.14
2019-08-27 05:00:00,19.4,1123.09
2019-08-27 06:00:00,21.51,1205.99
2019-08-27 07:00:00,22.06,1248.86
2019-08-27 08:00:00,22.91,
2019-08-27 09:00:00,24.24,1318.11
2019-08-27 10:00:00,22.87,1314.68
2019-08-27 11:00:00,23.28,1250.72
2019-08-27 12:00:00,22.92,1214.02
2019-08-27 13:00:00,21.15,1188.93
2019-08-27 14:00:00,22.87,1231.48
2019-08-27 15:00:00,19.82,1248.63
2019-08-27 16:00:00,19.06,1271.09
2019-08-27 17:00:00,17.87,1311.83
2019-08-27 18:00:00,16.05,1359.41
2019-08-27 19:00:00,13.75,1394.53
2019-08-27 20:00:00,13.49,1359.97
2019-08-27 21:00:00,13.04,1273.61
2019-08-27 22:00:00,13.22,1245.07
2019-08-27 23:00:00,13.85,1180.85
2019-08-28 00:00:00,13.42,1121.8
2019-08-28 01:00:00,15.19,1095.04
2019-08-28 02:00:00,15.67,1071.1
2019-08-28 03:00:00,16.77,1045.1
2019-08-28 04:00:00,17.74,1066.75
2019-08-28 05:00:00,19.73,1090.79
2019-08-28 06:00:00,20.26,1197.27
2019-08-28 07:00:00,21.5,1277.63
2019-08-28 08:00:00,23.01,1342.29
2019-08-28 09:00:00,23.33,1367.36
2019-08-28 10:00:00,23.62,1287.18
2019-08-28 11:00:00,23.69,1202.66
2019-08-28 12:00:00,26.15,1206.66
2019-08-28 13:00:00,24.94,1204.83
2019-08-28 14:00:00,24.48,1217.91
2019-08-28 15:00:00,23.21,1229.7
2019-08-28 16:00:00,22.22,1300.63
2019-08-28 17:00:00,20.53,1318.83
2019-08-28 18:00:00,20.64,1372.51
2019-08-28 19:00:00,20.11,1410.21
2019-08-28 20:00:00,19.58,
2019-08-28 21:00:00,17.83,1278.21
2019-08-28 22:00:00,16.95,1275.01
2019-08-28 23:00:00,16.38,1230.36
2019-08-29 00:00:00,16.67,1139.52
2019-08-29 01:00:00,17.85,1080.25
2019-08-29 02:00:00,18.35,1055.19
2019-08-29 03:00:00,18.21,1053.74
2019-08-29 04:00:00,20.29,1061.46
2019-08-29 05:00:00,20.96,1096.74
2019-08-29 06:00:00,21.86,1180.0
2019-08-29 07:00:00,23.54,1294.18
2019-08-29 08:00:00,24.83,1351.02
2019-08-29 09:00:00,25.56,1335.49
2019-08-29 10:00:00,24.44,1321.87
2019-08-29 11:00:00,25.31,1264.23
2019-08-29 12:00:00,24.3,1186.16
2019-08-29 13:00:00,23.28,1191.23
2019-08-29 14:00:00,22.3,1200.69
2019-08-29 15:00:00,20.99,1253.17
2019-08-29 16:00:00,19.61,1341.33
2019-08-29 17:00:00,19.92,1384.57
2019-08-29 18:00:00,19.71,1331.18
2019-08-29 19:00:00,17.75,1376.8
2019-08-29 20:00:00,16.69,1341.45
2019-08-29 21:00:00,17.04,1272.24
2019-08-29 22:00:00,17.23,1215.96
2019-08-29 23:00:00,16.46,1187.17
2019-08-30 00:00:00,15.75,1135.38
2019-08-30 01:00:00,13.85,1107.34
2019-08-30 02:00:00,14.45,1057.35
2019-08-30 03:00:00,14.42,1040.14
2019-08-30 04:00:00,13.88,1082.77
2019-08-30 05:00:00,15.99,1096.08
2019-08-30 06:00:00,16.13,1219.06
2019-08-30 07:00:00,16.95,1277.06
2019-08-30 08:00:00,18.94,1338.37
2019-08-30 09:00:00,19.58,1335.19
2019-08-30 10:00:00,20.73,1279.0
2019-08-30 11:00:00,21.59,1241.0
2019-08-30 12:00:00,22.1,1212.97
2019-08-30 13:00:00,20.37,1156.92
2019-08-30 14:00:00,20.1,1224.12
2019-08-30 15:00:00,18.63,1238.27
2019-08-30 16:00:00,18.96,1266.66
2019-08-30 17:00:00,17.56,1414.92
2019-08-30 18:00:00,17.16,1412.91
2019-08-30 19:00:00,16.57,1441.93
2019-08-30 20:00:00,16.21,1313.61
2019-08-30 21:00:00,16.24,1282.9
2019-08-30 22:00:00,15.18,1191.39
2019-08-30 23:00:00,15.26,1197.05
2019-08-31 00:00:00,15.56,1090.63
2019-08-31 01:00:00,14.22,1038.35
2019-08-31 02:00:00,14.03,1033.02
2019-08-31 03:00:00,16.44,1006.47
2019-08-31 04:00:00,18.21,
2019-08-31 05:00:00,18.93,1078.43
2019-08-31 06:00:00,19.71,1164.15
2019-08-31 07:00:00,19.55,1110.68
2019-08-31 08:00:00,21.09,1134.8
2019-08-31 09:00:00,22.61,1154.07
2019-08-31 10:00:00,22.16,1081.79
2019-08-31 11:00:00,21.72,1059.45
2019-08-31 12:00:00,21.74,994.6
2019-08-31 13:00:00,21.24,953.66
2019-08-31 14:00:00,21.32,974.57
2019-08-31 15:00:00,22.15,1009.23
2019-08-31 16:00:00,22.41,1101.57
2019-08-31 17:00:00,19.57,1104.5
2019-08-31 18:00:00,20.88,1197.53
2019-08-31 19:00:00,19.76,1212.99
2019-08-31 20:00:00,19.26,1160.57
2019-08-31 21:00:00,18.29,1229.38
2019-08-31 22:00:00,17.19,1165.76
2019-08-31 23:00:00,17.27,1100.66
2019-09-01 00:00:00,17.1,1034.01
2019-09-01 01:00:00,17.85,981.85
2019-09-01 02:00:00,18.61,965.86
2019-09-01 03:00:00,20.04,995.3
2019-09-01 04:00:00,20.59,949.52
2019-09-01 05:00:00,21.98,1030.17
2019-09-01 06:00:00,23.17,1097.59
2019-09-01 07:00:00,23.73,937.57
2019-09-01 08:00:00,24.69,1018.43
2019-09-01 09:00:00,25.23,1040.71
2019-09-01 10:00:00,27.84,1036.65
2019-09-01 11:00:00,27.86,933.62
2019-09-01 12:00:00,28.49,946.84
2019-09-01 13:00:00,28.05,918.96
2019-09-01 14:00:00,26.23,910.0
2019-09-01 15:00:00,25.5,925.58
2019-09-01 16:00:00,23.58,998.98
2019-09-01 17:00:00,22.97,1037.03
2019-09-01 18:00:00,23.65,1038.36
2019-09-01 19:00:00,22.26,1032.06
2019-09-01 20:00:00,21.88,1030.54
2019-09-01 21:00:00,22.23,1146.06
2019-09-01 22:00:00,20.93,1099.74
2019-09-01 23:00:00,21.19,1107.49
2019-09-02 00:00:00,21.7,966.38
2019-09-02 01:00:00,22.13,
2019-09-02 02:00:00,25.16,
2019-09-02 03:00:00,25.21,934.06
2019-09-02 04:00:00,25.66,919.58
2019-09-02 05:00:00,25.78,
2019-09-02 06:00:00,26.66,1078.16
2019-09-02 07:00:00,29.58,
2019-09-02 08:00:00,29.62,
2019-09-02 09:00:00,29.4,1017.18
2019-09-02 10:00:00,28.47,993.21
2019-09-02 11:00:00,28.29,952.15
2019-09-02 12:00:00,29.11,890.68
2019-09-02 13:00:00,29.79,899.73
2019-09-02 14:00:00,29.77,928.71
2019-09-02 15:00:00,28.8,870.77
2019-09-02 16:00:00,27.73,
2019-09-02 17:00:00,29.45,1030.46
2019-09-02 18:00:00,30.46,1082.86
2019-09-02 19:00:00,29.48,1060.13
2019-09-02 20:00:00,29.57,
2019-09-02 21:00:00,29.22,1174.14
2019-09-02 22:00:00,26.92,1059.33
2019-09-02 23:00:00,26.4,1085.38
2019-09-03 00:00:00,27.78,1073.03
2019-09-03 01:00:00,28.71,1054.74
2019-09-03 02:00:00,28.71,1040.42
2019-09-03 03:00:00,27.64,1015.16
2019-09-03 04:00:00,28.18,1054.35
2019-09-03 05:00:00,29.53,1071.5
2019-09-03 06:00:00,31.62,1245.54
2019-09-03 07:00:00,32.85,1264.75
2019-09-03 08:00:00,32.44,1257.44
2019-09-03 09:00:00,32.11,1291.62
2019-09-03 10:00:00,32.49,1300.84
2019-09-03 11:00:00,34.03,1194.63
2019-09-03 12:00:00,33.88,1197.76
2019-09-03 13:00:00,35.78,1293.9
2019-09-03 14:00:00,34.72,1245.84
2019-09-03 15:00:00,33.91,1277.66
2019-09-03 16:00:00,35.36,1397.0
2019-09-03 17:00:00,35.39,1467.33
2019-09-03 18:00:00,33.61,1410.15
2019-09-03 19:00:00,31.7,1364.52
2019-09-03 20:00:00,31.28,1281.92
2019-09-03 21:00:00,30.77,1250.43
2019-09-03 22:00:00,30.68,1255.97
2019-09-03 23:00:00,28.26,1149.92
2019-09-04 00:00:00,28.54,1144.62
2019-09-04 01:00:00,28.8,1110.67
2019-09-04 02:00:00,28.48,1093.93
2019-09-04 03:00:00,30.13,1093.27
2019-09-04 04:00:00,30.93,1135.28
2019-09-04 05:00:00,31.48,1185.64
2019-09-04 06:00:00,31.89,1271.42
2019-09-04 07:00:00,31.27,1342.98
2019-09-04 08:00:00,31.68,1414.69
2019-09-04 09:00:00,34.03,1454.49
2019-09-04 10:00:00,34.09,1441.35
2019-09-04 11:00:00,32.98,1365.86
2019-09-04 12:00:00,35.07,1386.28
2019-09-04 13:00:00,36.14,1401.81
2019-09-04 14:00:00,34.5,1370.74
2019-09-04 15:00:00,33.24,1356.54
2019-09-04 16:00:00,33.2,1459.32
2019-09-04 17:00:00,33.07,1400.37
2019-09-04 18:00:00,32.93,1531.5
2019-09-04 19:00:00,33.47,1499.74
2019-09-04 20:00:00,32.88,1439.88
2019-09-04 21:00:00,30.33,1332.37
2019-09-04 22:00:00,28.47,1267.77
2019-09-04 23:00:00,29.05,1241.87
2019-09-05 00:00:00,29.55,1172.8
2019-09-05 01:00:00,29.02,1122.63
2019-09-05 02:00:00,29.62,1067.76
2019-09-05 03:00:00,30.22,1117.59
2019-09-05 04:00:00,30.7,1145.12
2019-09-05 05:00:00,30.22,1197.54
2019-09-05 06:00:00,31.81,1276.21
2019-09-05 07:00:00,32.9,1362.9
2019-09-05 08:00:00,34.01,1466.35
2019-09-05 09:00:00,33.87,1513.55
2019-09-05 10:00:00,34.56,1485.31
2019-09-05 11:00:00,34.94,1414.18
2019-09-05 12:00:00,34.47,1336.4
2019-09-05 13:00:00,33.19,1317.4
2019-09-05 14:00:00,32.05,1355.94
2019-09-05 15:00:00,31.72,1340.21
2019-09-05 16:00:00,30.59,1375.03
2019-09-05 17:00:00,30.72,1386.28
2019-09-05 18:00:00,29.11,1431.66
2019-09-05 19:00:00,28.51,1462.75
2019-09-05 20:00:00,27.43,1327.13
2019-09-05 21:00:00,26.59,1309.29
2019-09-05 22:00:00,26.12,1225.43
2019-09-05 23:00:00,27.32,1195.61
2019-09-06 00:00:00,25.73,1116.47
2019-09-06 01:00:00,26.14,1095.63
2019-09-06 02:00:00,24.49,1077.85
2019-09-06 03:00:00,24.53,1025.56
2019-09-06 04:00:00,25.15,1031.58
2019-09-06 05:00:00,25.17,1110.98
2019-09-06 06:00:00,26.08,1186.81
2019-09-06 07:00:00,27.65,1303.81
2019-09-06 08:00:00,30.24,1380.54
2019-09-06 09:00:00,31.41,1450.79
2019-09-06 10:00:00,31.57,1404.66
2019-09-06 11:00:00,30.83,1385.89
2019-09-06 12:00:00,29.65,1273.62
2019-09-06 13:00:00,27.9,1220.14
2019-09-06 14:00:00,27.41,1227.69
2019-09-06 15:00:00,26.64,1276.18
2019-09-06 16:00:00,24.52,1278.24
2019-09-06 17:00:00,23.59,1284.47
2019-09-06 18:00:00,25.7,1348.41
2019-09-06 19:00:00,24.38,1357.75
2019-09-06 20:00:00,22.0,1312.84
2019-09-06 21:00:00,20.32,1317.08
2019-09-06 22:00:00,20.09,1202.57
2019-09-06 23:00:00,18.9,1197.57
2019-09-07 00:00:00,19.3,1080.33
2019-09-07 01:00:00,19.85,1045.08
2019-09-07 02:00:00,19.19,1007.62
2019-09-07 03:00:00,20.09,953.49
2019-09-07 04:00:00,21.6,1010.87
2019-09-07 05:00:00,22.96,1064.46
2019-09-07 06:00:00,23.76,1133.26
2019-09-07 07:00:00,24.99,1112.2
2019-09-07 08:00:00,27.52,1175.92
2019-09-07 09:00:00,27.71,1180.55
2019-09-07 10:00:00,27.43,1108.74
2019-09-07 11:00:00,28.76,1107.12
2019-09-07 12:00:00,28.76,1031.07
2019-09-07 13:00:00,27.85,1071.06
2019-09-07 14:00:00,26.72,999.49
2019-09-07 15:00:00,25.27,1056.36
2019-09-07 16:00:00,26.97,1103.31
2019-09-07 17:00:00,25.34,1189.28
2019-09-07 18:00:00,23.13,1170.68
2019-09-07 19:00:00,22.96,1215.3
2019-09-07 20:00:00,23.03,1139.99
2019-09-07 21:00:00,21.04,1284.12
2019-09-07 22:00:00,22.51,1173.4
2019-09-07 23:00:00,22.14,1130.64
2019-09-08 00:00:00,22.27,1080.17
2019-09-08 01:00:00,21.67,1043.86
2019-09-08 02:00:00,21.66,1004.79
2019-09-08 03:00:00,21.58,994.43
2019-09-08 04:00:00,22.17,999.48
2019-09-08 05:00:00,21.51,1060.85
2019-09-08 06:00:00,22.88,1144.62
2019-09-08 07:00:00,22.66,1058.3
2019-09-08 08:00:00,22.32,1154.19
2019-09-08 09:00:00,25.42,1162.56
2019-09-08 10:00:00,26.08,1127.92
2019-09-08 11:00:00,27.51,1046.33
2019-09-08 12:00:00,26.46,1033.2
2019-09-08 13:00:00,25.09,1019.94
2019-09-08 14:00:00,24.55,1024.12
2019-09-08 15:00:00,24.64,1066.66
2019-09-08 16:00:00,23.79,1111.43
2019-09-08 17:00:00,22.8,1188.31
2019-09-08 18:00:00,20.49,1172.8
2019-09-08 19:00:00,20.54,1205.89
2019-09-08 20:00:00,20.64,1105.25
2019-09-08 21:00:00,21.44,1217.41
2019-09-08 22:00:00,20.56,1164.85
2019-09-08 23:00:00,20.21,1132.55
2019-09-09 00:00:00,18.51,1116.66
2019-09-09 01:00:00,17.51,1057.41
2019-09-09 02:00:00,20.04,1070.97
2019-09-09 03:00:00,20.64,1028.86
2019-09-09 04:00:00,18.93,1077.83
2019-09-09 05:00:00,19.96,1133.56
2019-09-09 06:00:00,20.57,1151.25
2019-09-09 07:00:00,21.48,1266.96
2019-09-09 08:00:00,22.93,1328.04
2019-09-09 09:00:00,23.19,1305.85
2019-09-09 10:00:00,24.3,1283.41
2019-09-09 11:00:00,25.08,1214.25
2019-09-09 12:00:00,23.89,1218.66
2019-09-09 13:00:00,24.81,1169.15
2019-09-09 14:00:00,23.86,1208.41
2019-09-09 15:00:00,22.17,1233.48
2019-09-09 16:00:00,22.53,1280.3
2019-09-09 17:00:00,18.61,1329.74
2019-09-09 18:00:00,19.8,1378.93
2019-09-09 19:00:00,-9.02,1343.82
2019-09-09 20:00:00,17.84,1314.66
2019-09-09 21:00:00,17.29,1242.97
2019-09-09 22:00:00,14.09,1228.49
2019-09-09 23:00:00,10.88,1231.66
2019-09-10 00:00:00,9.83,1184.03
2019-09-10 01:00:00,9.43,1157.96
2019-09-10 02:00:00,9.33,1087.14
2019-09-10 03:00:00,10.39,1085.24
2019-09-10 04:00:00,11.19,1094.8
2019-09-10 05:00:00,12.96,1103.61
2019-09-10 06:00:00,14.48,1187.27
2019-09-10 07:00:00,15.27,1267.58
2019-09-10 08:00:00,15.73,1348.23
2019-09-10 09:00:00,17.09,1331.32
2019-09-10 10:00:00,18.23,1265.09
2019-09-10 11:00:00,17.71,1226.45
2019-09-10 12:00:00,17.48,1200.17
2019-09-10 13:00:00,18.12,1159.25
2019-09-10 14:00:00,19.47,1212.79
2019-09-10 15:00:00,19.2,1217.56
2019-09-10 16:00:00,17.94,1248.23
2019-09-10 17:00:00,16.84,1314.22
2019-09-10 18:00:00,16.09,1396.09
2019-09-10 19:00:00,13.79,1411.82
2019-09-10 20:00:00,12.4,1392.84
2019-09-10 21:00:00,11.68,1317.73
2019-09-10 22:00:00,11.08,1238.81
2019-09-10 23:00:00,13.03,1214.29
2019-09-11 00:00:00,13.23,1116.21
2019-09-11 01:00:00,14.68,1109.69
2019-09-11 02:00:00,17.09,1037.23
2019-09-11 03:00:00,17.42,1020.8
2019-09-11 04:00:00,16.3,1063.16
2019-09-11 05:00:00,17.23,1115.05
2019-09-11 06:00:00,19.77,1214.22
2019-09-11 07:00:00,23.02,1287.71
2019-09-11 08:00:00,22.37,1319.63
2019-09-11 09:00:00,21.96,1323.66
2019-09-11 10:00:00,21.54,1295.82
2019-09-11 11:00:00,22.56,1222.33
2019-09-11 12:00:00,25.18,1204.03
2019-09-11 13:00:00,25.74,1197.58
2019-09-11 14:00:00,25.06,1157.78
2019-09-11 15:00:00,23.99,1222.77
2019-09-11 16:00:00,22.04,1288.65
2019-09-11 17:00:00,19.47,1325.26
2019-09-11 18:00:00,19.14,1331.28
2019-09-11 19:00:00,17.12,1388.31
2019-09-11 20:00:00,16.87,1310.72
2019-09-11 21:00:00,14.51,1293.04
2019-09-11 22:00:00,13.91,1233.7
2019-09-11 23:00:00,11.82,1226.55
2019-09-12 00:00:00,12.24,1139.09
2019-09-12 01:00:00,12.03,1106.45
2019-09-12 02:00:00,11.64,1070.4
2019-09-12 03:00:00,13.72,1059.43
2019-09-12 04:00:00,14.39,1058.19
2019-09-12 05:00:00,14.74,1111.23
2019-09-12 06:00:00,17.38,1200.61
2019-09-12 07:00:00,18.19,1272.83
2019-09-12 08:00:00,18.2,1321.01
2019-09-12 09:00:00,18.76,1378.71
2019-09-12 10:00:00,20.15,1289.49
2019-09-12 11:00:00,20.36,1200.01
2019-09-12 12:00:00,21.72,1191.46
2019-09-12 13:00:00,21.4,1191.28
2019-09-12 14:00:00,19.82,1214.17
2019-09-12 15:00:00,17.36,1222.14
2019-09-12 16:00:00,17.13,1297.23
2019-09-12 17:00:00,14.35,1311.5
2019-09-12 18:00:00,16.15,1388.94
2019-09-12 19:00:00,15.93,1312.36
2019-09-12 20:00:00,15.63,1346.24
2019-09-12 21:00:00,16.36,1276.76
2019-09-12 22:00:00,16.52,1206.51
2019-09-12 23:00:00,15.27,1174.35
2019-09-13 00:00:00,13.89,1086.43
2019-09-13 01:00:00,15.05,1056.42
2019-09-13 02:00:00,16.08,1049.1
2019-09-13 03:00:00,16.36,1045.99
2019-09-13 04:00:00,16.86,1036.35
2019-09-13 05:00:00,17.63,1106.99
2019-09-13 06:00:00,18.36,1164.72
2019-09-13 07:00:00,19.9,1276.08
2019-09-13 08:00:00,20.26,1323.65
2019-09-13 09:00:00,21.36,1345.73
2019-09-13 10:00:00,22.39,1284.26
2019-09-13 11:00:00,24.07,1230.09
2019-09-13 12:00:00,25.65,1179.46
2019-09-13 13:00:00,24.7,1172.52
2019-09-13 14:00:00,25.63,1253.73
2019-09-13 15:00:00,24.94,1217.39
2019-09-13 16:00:00,23.68,1264.82
2019-09-13 17:00:00,23.18,1354.69
2019-09-13 18:00:00,22.13,1385.04
2019-09-13 19:00:00,19.77,1364.24
2019-09-13 20:00:00,19.04,1301.1
2019-09-13 21:00:00,16.73,
2019-09-13 22:00:00,16.49,1245.38
2019-09-13 23:00:00,13.96,1212.71
2019-09-14 00:00:00,12.82,1088.38
2019-09-14 01:00:00,14.15,1061.45
2019-09-14 02:00:00,13.47,987.91
2019-09-14 03:00:00,14.21,980.34
2019-09-14 04:00:00,13.79,1018.81
2019-09-14 05:00:00,14.41,1082.61
2019-09-14 06:00:00,15.9,1115.45
2019-09-14 07:00:00,15.82,1072.82
2019-09-14 08:00:00,18.15,1152.92
2019-09-14 09:00:00,19.05,1141.23
2019-09-14 10:00:00,20.86,1116.55
2019-09-14 11:00:00,21.62,1054.74
2019-09-14 12:00:00,21.66,1014.6
2019-09-14 13:00:00,21.82,991.69
2019-09-14 14:00:00,23.1,975.84
2019-09-14 15:00:00,22.08,1025.22
2019-09-14 16:00:00,21.88,1090.72
2019-09-14 17:00:00,22.04,1149.17
2019-09-14 18:00:00,22.28,1181.07
2019-09-14 19:00:00,20.53,1230.77
2019-09-14 20:00:00,20.85,1166.43
2019-09-14 21:00:00,20.92,1222.59
2019-09-14 22:00:00,19.7,1173.47
2019-09-14 23:00:00,19.24,1132.88
2019-09-15 00:00:00,18.57,1060.34
2019-09-15 01:00:00,19.82,1052.92
2019-09-15 02:00:00,18.58,1018.76
2019-09-15 03:00:00,19.75,995.77
2019-09-15 04:00:00,21.31,1002.03
2019-09-15 05:00:00,22.74,1084.17
2019-09-15 06:00:00,22.97,1156.58
2019-09-15 07:00:00,22.48,1090.77
2019-09-15 08:00:00,24.83,1145.7
2019-09-15 09:00:00,23.2,1162.63
2019-09-15 10:00:00,23.36,1136.53
2019-09-15 11:00:00,23.81,1078.59
2019-09-15 12:00:00,25.62,1060.23
2019-09-15 13:00:00,26.07,1023.55
2019-09-15 14:00:00,25.14,1009.58
2019-09-15 15:00:00,24.51,1044.92
2019-09-15 16:00:00,25.17,1112.99
2019-09-15 17:00:00,24.5,1177.72
2019-09-15 18:00:00,21.45,1203.08
2019-09-15 19:00:00,21.35,1214.0
2019-09-15 20:00:00,18.42,1137.17
2019-09-15 21:00:00,17.37,1219.5
2019-09-15 22:00:00,16.42,1173.13
2019-09-15 23:00:00,16.61,1136.24
2019-09-16 00:00:00,16.35,1137.48
2019-09-16 01:00:00,15.16,1096.6
2019-09-16 02:00:00,16.66,1062.64
2019-09-16 03:00:00,17.54,1022.4
2019-09-16 04:00:00,17.74,
2019-09-16 05:00:00,18.88,1086.85
2019-09-16 06:00:00,20.38,1173.13
2019-09-16 07:00:00,23.67,1296.27
2019-09-16 08:00:00,23.62,1316.83
2019-09-16 09:00:00,23.08,1324.12
2019-09-16 10:00:00,24.17,1264.13
2019-09-16 11:00:00,25.42,1197.46
2019-09-16 12:00:00,26.42,1199.11
2019-09-16 13:00:00,25.78,1185.77
2019-09-16 14:00:00,25.97,1209.33
2019-09-16 15:00:00,26.49,1225.64
2019-09-16 16:00:00,25.81,1250.51
2019-09-16 17:00:00,24.88,1314.37
2019-09-16 18:00:00,24.64,1372.39
2019-09-16 19:00:00,23.41,1373.75
2019-09-16 20:00:00,20.58,1331.97
2019-09-16 21:00:00,18.64,1287.48
2019-09-16 22:00:00,17.76,1244.2
2019-09-16 23:00:00,16.89,1197.4
2019-09-17 00:00:00,14.91,1088.89
2019-09-17 01:00:00,14.27,1056.87
2019-09-17 02:00:00,15.36,
2019-09-17 03:00:00,15.29,1027.88
2019-09-17 04:00:00,16.93,1066.75
2019-09-17 05:00:00,17.98,1106.6
2019-09-17 06:00:00,19.5,1188.76
2019-09-17 07:00:00,20.47,1243.81
2019-09-17 08:00:00,23.0,1348.61
2019-09-17 09:00:00,23.48,1353.63
2019-09-17 10:00:00,24.66,1269.07
2019-09-17 11:00:00,25.11,1244.52
2019-09-17 12:00:00,23.28,1175.9
2019-09-17 13:00:00,23.0,1192.42
2019-09-17 14:00:00,22.7,1181.87
2019-09-17 15:00:00,21.75,1229.73
2019-09-17 16:00:00,20.56,1275.41
2019-09-17 17:00:00,21.87,1289.44
2019-09-17 18:00:00,19.78,1303.54
2019-09-17 19:00:00,19.79,1380.2
2019-09-17 20:00:00,19.15,1307.85
2019-09-17 21:00:00,19.09,1293.11
2019-09-17 22:00:00,17.56,1207.85
2019-09-17 23:00:00,17.4,1189.55
2019-09-18 00:00:00,17.09,1102.27
2019-09-18 01:00:00,17.1,1085.72
2019-09-18 02:00:00,17.46,1032.3
2019-09-18 03:00:00,16.95,1065.28
2019-09-18 04:00:00,15.57,1073.47
2019-09-18 05:00:00,17.83,1112.35
2019-09-18 06:00:00,18.95,1192.42
2019-09-18 07:00:00,20.32,1243.47
2019-09-18 08:00:00,23.32,1300.7
2019-09-18 09:00:00,24.55,1316.34
2019-09-18 10:00:00,26.39,1288.91
2019-09-18 11:00:00,28.04,1297.19
2019-09-18 12:00:00,26.9,1194.37
2019-09-18 13:00:00,25.97,1179.54
2019-09-18 14:00:00,27.05,1206.1
2019-09-18 15:00:00,27.4,1253.97
2019-09-18 16:00:00,26.46,1271.93
2019-09-18 17:00:00,25.31,1288.37
2019-09-18 18:00:00,23.61,
2019-09-18 19:00:00,22.43,1370.84
2019-09-18 20:00:00,22.67,1370.74
2019-09-18 21:00:00,23.92,1288.05
2019-09-18 22:00:00,22.24,1212.09
2019-09-18 23:00:00,21.37,1217.28
2019-09-19 00:00:00,21.76,1135.55
2019-09-19 01:00:00,20.87,1051.8
2019-09-19 02:00:00,21.37,1084.01
2019-09-19 03:00:00,23.27,
2019-09-19 04:00:00,22.69,1040.45
2019-09-19 05:00:00,24.13,1118.45
2019-09-19 06:00:00,23.43,1187.21
2019-09-19 07:00:00,23.19,1245.85
2019-09-19 08:00:00,24.31,1313.29
2019-09-19 09:00:00,24.8,1360.0
2019-09-19 10:00:00,24.67,1271.6
2019-09-19 11:00:00,25.76,1233.99
2019-09-19 12:00:00,26.48,1184.74
2019-09-19 13:00:00,25.22,1208.99
2019-09-19 14:00:00,25.13,1176.38
2019-09-19 15:00:00,24.9,1184.05
2019-09-19 16:00:00,23.84,1280.79
2019-09-19 17:00:00,22.63,1294.05
2019-09-19 18:00:00,22.29,1409.5
2019-09-19 19:00:00,20.7,1399.48
2019-09-19 20:00:00,20.62,1369.34
2019-09-19 21:00:00,20.4,1278.12
2019-09-19 22:00:00,19.35,1248.72
2019-09-19 23:00:00,19.01,1173.84
2019-09-20 00:00:00,18.38,1109.66
2019-09-20 01:00:00,18.88,1075.18
2019-09-20 02:00:00,19.23,1042.93
2019-09-20 03:00:00,18.85,1032.41
2019-09-20 04:00:00,21.37,1057.42
2019-09-20 05:00:00,21.97,1114.49
2019-09-20 06:00:00,21.69,1184.3
2019-09-20 07:00:00,22.4,1260.1
2019-09-20 08:00:00,23.14,1306.45
2019-09-20 09:00:00,22.99,1314.11
2019-09-20 10:00:00,23.89,1290.37
2019-09-20 11:00:00,22.78,1230.44
2019-09-20 12:00:00,21.75,1188.87
2019-09-20 13:00:00,20.81,1176.94
2019-09-20 14:00:00,19.17,1167.03
2019-09-20 15:00:00,18.75,1231.82
2019-09-20 16:00:00,20.28,1324.88
2019-09-20 17:00:00,19.16,1313.75
2019-09-20 18:00:00,17.66,1358.22
2019-09-20 19:00:00,14.92,1415.57
2019-09-20 20:00:00,14.53,1310.09
2019-09-20 21:00:00,12.8,1289.86
2019-09-20 22:00:00,12.9,1249.17
2019-09-20 23:00:00,12.62,1206.17
2019-09-21 00:00:00,11.28,1082.11
2019-09-21 01:00:00,11.28,1069.06
2019-09-21 02:00:00,12.16,
2019-09-21 03:00:00,13.29,992.02
2019-09-21 04:00:00,14.33,1006.29
2019-09-21 05:00:00,12.81,1064.37
2019-09-21 06:00:00,14.2,1111.31
2019-09-21 07:00:00,14.14,1092.4
2019-09-21 08:00:00,15.63,1124.09
2019-09-21 09:00:00,16.48,1152.47
2019-09-21 10:00:00,18.13,1149.94
2019-09-21 11:00:00,18.09,1027.92
2019-09-21 12:00:00,18.04,1014.56
2019-09-21 13:00:00,17.36,985.8
2019-09-21 14:00:00,15.52,987.08
2019-09-21 15:00:00,15.01,1051.06
2019-09-21 16:00:00,14.12,1106.9
2019-09-21 17:00:00,12.72,1195.58
2019-09-21 18:00:00,10.53,1261.25
2019-09-21 19:00:00,9.66,1242.94
2019-09-21 20:00:00,10.17,1166.7
2019-09-21 21:00:00,7.6,1302.71
2019-09-21 22:00:00,7.47,1280.43
2019-09-21 23:00:00,9.68,1194.16
2019-09-22 00:00:00,8.99,1155.57
2019-09-22 01:00:00,6.23,1150.83
2019-09-22 02:00:00,7.56,1096.0
2019-09-22 03:00:00,7.68,1101.62
2019-09-22 04:00:00,8.84,1070.54
2019-09-22 05:00:00,9.83,1114.1
2019-09-22 06:00:00,10.06,1212.29
2019-09-22 07:00:00,12.06,1105.46
2019-09-22 08:00:00,13.26,1157.87
2019-09-22 09:00:00,13.69,1156.99
2019-09-22 10:00:00,13.6,1123.95
2019-09-22 11:00:00,13.73,1049.48
2019-09-22 12:00:00,13.53,1010.65
2019-09-22 13:00:00,14.38,1010.49
2019-09-22 14:00:00,13.89,1048.18
2019-09-22 15:00:00,14.5,1081.9
2019-09-22 16:00:00,13.42,1115.24
2019-09-22 17:00:00,11.95,1184.39
2019-09-22 18:00:00,11.84,1231.27
2019-09-22 19:00:00,11.69,1206.36
2019-09-22 20:00:00,12.07,1136.79
2019-09-22 21:00:00,11.43,1261.66
2019-09-22 22:00:00,10.66,1233.62
2019-09-22 23:00:00,10.72,1191.79
2019-09-23 00:00:00,10.59,1125.7
2019-09-23 01:00:00,9.1,1140.52
2019-09-23 02:00:00,9.4,1097.06
2019-09-23 03:00:00,10.41,1071.93
2019-09-23 04:00:00,9.15,1157.86
2019-09-23 05:00:00,11.26,1166.78
2019-09-23 06:00:00,12.95,1214.06
2019-09-23 07:00:00,13.61,1289.17
2019-09-23 08:00:00,13.89,1324.27
2019-09-23 09:00:00,13.88,1362.37
2019-09-23 10:00:00,13.39,1288.83
2019-09-23 11:00:00,13.47,1244.0
2019-09-23 12:00:00,14.0,1221.47
2019-09-23 13:00:00,16.69,1148.98
2019-09-23 14:00:00,16.59,1175.24
2019-09-23 15:00:00,16.83,1223.77
2019-09-23 16:00:00,16.08,1281.82
2019-09-23 17:00:00,16.66,1331.13
2019-09-23 18:00:00,16.11,1347.07
2019-09-23 19:00:00,14.83,1364.78
2019-09-23 20:00:00,14.77,1353.71
2019-09-23 21:00:00,13.81,1290.05
2019-09-23 22:00:00,13.59,1243.38
2019-09-23 23:00:00,11.61,1219.86
2019-09-24 00:00:00,12.21,1142.29
2019-09-24 01:00:00,13.32,
2019-09-24 02:00:00,13.42,1079.74
2019-09-24 03:00:00,14.18,1030.5
2019-09-24 04:00:00,15.34,1078.52
2019-09-24 05:00:00,16.22,1137.39
2019-09-24 06:00:00,17.55,1168.83
2019-09-24 07:00:00,19.28,1259.4
2019-09-24 08:00:00,21.34,1334.6
2019-09-24 09:00:00,20.79,1286.57
2019-09-24 10:00:00,20.75,1302.78
2019-09-24 11:00:00,20.85,1251.29
2019-09-24 12:00:00,20.17,1188.02
2019-09-24 13:00:00,21.79,1195.95
2019-09-24 14:00:00,20.85,1236.13
2019-09-24 15:00:00,20.25,1220.44
2019-09-24 16:00:00,17.2,1300.93
2019-09-24 17:00:00,15.74,1324.46
2019-09-24 18:00:00,15.52,1370.72
2019-09-24 19:00:00,13.72,1362.79
2019-09-24 20:00:00,12.9,
2019-09-24 21:00:00,12.97,1260.57
2019-09-24 22:00:00,12.79,1252.03
2019-09-24 23:00:00,9.77,1245.77
2019-09-25 00:00:00,9.8,1157.19
2019-09-25 01:00:00,10.45,1126.5
2019-09-25 02:00:00,11.4,1062.67
2019-09-25 03:00:00,10.87,1058.39
2019-09-25 04:00:00,11.38,1061.43
2019-09-25 05:00:00,13.03,1111.51
2019-09-25 06:00:00,14.96,1217.21
2019-09-25 07:00:00,15.47,1266.36
2019-09-25 08:00:00,17.12,1309.97
2019-09-25 09:00:00,17.15,1320.52
2019-09-25 10:00:00,17.88,1296.41
2019-09-25 11:00:00,17.91,1236.03
2019-09-25 12:00:00,18.21,1189.07
2019-09-25 13:00:00,16.11,1192.02
2019-09-25 14:00:00,13.91,1186.27
2019-09-25 15:00:00,13.28,1197.21
2019-09-25 16:00:00,13.46,1291.83
2019-09-25 17:00:00,11.85,1370.06
2019-09-25 18:00:00,12.03,1452.92
2019-09-25 19:00:00,10.19,1401.84
2019-09-25 20:00:00,7.85,1467.1
2019-09-25 21:00:00,6.75,1337.3
2019-09-25 22:00:00,8.08,1296.22
2019-09-25 23:00:00,6.87,1306.68
2019-09-26 00:00:00,6.27,1216.63
2019-09-26 01:00:00,5.35,1198.46
2019-09-26 02:00:00,4.29,1250.35
2019-09-26 03:00:00,3.52,1270.1
2019-09-26 04:00:00,3.56,1314.47
2019-09-26 05:00:00,5.67,1249.46
2019-09-26 06:00:00,7.0,1315.45
2019-09-26 07:00:00,7.01,1382.44
2019-09-26 08:00:00,7.8,1418.99
2019-09-26 09:00:00,8.99,1378.1
2019-09-26 10:00:00,8.27,1355.32
2019-09-26 11:00:00,8.18,1347.8
2019-09-26 12:00:00,9.77,1221.0
2019-09-26 13:00:00,8.48,1274.98
2019-09-26 14:00:00,7.36,1252.75
2019-09-26 15:00:00,7.65,1356.2
2019-09-26 16:00:00,8.25,1356.9
2019-09-26 17:00:00,6.31,1512.46
2019-09-26 18:00:00,6.47,1607.83
2019-09-26 19:00:00,5.07,1517.83
2019-09-26 20:00:00,5.5,1429.71
2019-09-26 21:00:00,4.84,1491.76
2019-09-26 22:00:00,4.7,1404.25
2019-09-26 23:00:00,3.99,1352.15
2019-09-27 00:00:00,4.67,1277.98
2019-09-27 01:00:00,6.15,1171.77
2019-09-27 02:00:00,7.0,1153.49
2019-09-27 03:00:00,8.23,1107.67
2019-09-27 04:00:00,8.39,1129.7
2019-09-27 05:00:00,10.4,1158.39
2019-09-27 06:00:00,12.99,1205.71
2019-09-27 07:00:00,16.06,1254.79
2019-09-27 08:00:00,18.15,1322.58
2019-09-27 09:00:00,18.57,1328.92
2019-09-27 10:00:00,18.21,1303.98
2019-09-27 11:00:00,19.58,1207.06
2019-09-27 12:00:00,16.38,1156.13
2019-09-27 13:00:00,16.1,1152.24
2019-09-27 14:00:00,15.48,1156.05
2019-09-27 15:00:00,15.22,1201.84
2019-09-27 16:00:00,13.96,1266.59
2019-09-27 17:00:00,12.64,1318.42
2019-09-27 18:00:00,11.05,1451.75
2019-09-27 19:00:00,9.16,1428.07
2019-09-27 20:00:00,9.73,1413.95
2019-09-27 21:00:00,9.32,1326.74
2019-09-27 22:00:00,8.96,1292.7
2019-09-27 23:00:00,8.59,1267.4
2019-09-28 00:00:00,7.45,1140.6
2019-09-28 01:00:00,9.37,1055.86
2019-09-28 02:00:00,11.13,1011.97
2019-09-28 03:00:00,10.86,1045.92
2019-09-28 04:00:00,12.15,1032.13
2019-09-28 05:00:00,13.16,1120.95
2019-09-28 06:00:00,14.36,1179.85
2019-09-28 07:00:00,16.97,1065.61
2019-09-28 08:00:00,17.39,1125.83
2019-09-28 09:00:00,19.19,1174.94
2019-09-28 10:00:00,20.49,1062.73
2019-09-28 11:00:00,20.53,1051.73
2019-09-28 12:00:00,21.09,1003.6
2019-09-28 13:00:00,20.15,1027.9
2019-09-28 14:00:00,20.23,1016.99
2019-09-28 15:00:00,18.1,993.65
2019-09-28 16:00:00,18.62,1075.37
2019-09-28 17:00:00,18.3,1112.47
2019-09-28 18:00:00,17.37,1153.83
2019-09-28 19:00:00,15.15,1166.03
2019-09-28 20:00:00,14.29,1147.79
2019-09-28 21:00:00,14.19,1225.67
2019-09-28 22:00:00,14.0,1155.59
2019-09-28 23:00:00,12.96,1161.05
2019-09-29 00:00:00,12.16,1116.45
2019-09-29 01:00:00,12.32,1054.37
2019-09-29 02:00:00,11.92,1009.54
2019-09-29 03:00:00,13.65,1007.85
2019-09-29 04:00:00,14.26,991.22
2019-09-29 05:00:00,14.29,1081.15
2019-09-29 06:00:00,14.8,1145.95
2019-09-29 07:00:00,16.1,1089.07
2019-09-29 08:00:00,17.74,1127.72
2019-09-29 09:00:00,18.56,1117.79
2019-09-29 10:00:00,20.05,1099.79
2019-09-29 11:00:00,20.1,1064.3
2019-09-29 12:00:00,18.01,1000.35
2019-09-29 13:00:00,15.93,986.12
2019-09-29 14:00:00,15.38,1061.93
2019-09-29 15:00:00,15.8,1073.22
2019-09-29 16:00:00,13.01,1077.72
2019-09-29 17:00:00,12.5,1192.58
2019-09-29 18:00:00,13.81,1187.63
2019-09-29 19:00:00,13.03,1172.16
2019-09-29 20:00:00,12.12,1151.17
2019-09-29 21:00:00,11.97,1244.59
2019-09-29 22:00:00,10.04,1185.04
2019-09-29 23:00:00,9.21,1176.17
2019-09-30 00:00:00,8.93,1172.59
2019-09-30 01:00:00,8.34,1142.75
2019-09-30 02:00:00,9.07,1081.5
2019-09-30 03:00:00,10.64,1044.94
2019-09-30 04:00:00,10.82,1078.22
2019-09-30 05:00:00,11.73,1118.54
2019-09-30 06:00:00,11.82,1204.98
2019-09-30 07:00:00,12.46,1287.76
2019-09-30 08:00:00,12.63,1348.96
2019-09-30 09:00:00,13.89,1350.34
2019-09-30 10:00:00,14.38,1297.1
2019-09-30 11:00:00,14.92,1249.92
2019-09-30 12:00:00,14.8,1168.71
2019-09-30 13:00:00,13.67,1181.91
2019-09-30 14:00:00,12.59,1179.36
2019-09-30 15:00:00,12.27,1290.31
2019-09-30 16:00:00,12.09,1352.31
2019-09-30 17:00:00,11.34,1344.75
2019-09-30 18:00:00,8.85,1465.71
2019-09-30 19:00:00,8.81,1452.95
2019-09-30 20:00:00,7.37,
2019-09-30 21:00:00,7.41,1367.13
2019-09-30 22:00:00,5.56,1398.99
2019-09-30 23:00:00,4.0,1343.3
2019-10-01 00:00:00,3.46,1305.01
2019-10-01 01:00:00,4.86,1224.66
2019-10-01 02:00:00,4.6,1209.62
2019-10-01 03:00:00,5.31,1227.05
2019-10-01 04:00:00,6.5,1185.74
2019-10-01 05:00:00,9.28,1178.56
2019-10-01 06:00:00,11.31,1241.61
2019-10-01 07:00:00,12.04,1306.66
2019-10-01 08:00:00,15.27,1343.7
2019-10-01 09:00:00,14.52,1331.99
2019-10-01 10:00:00,17.39,1292.61
2019-10-01 11:00:00,17.87,1254.35
2019-10-01 12:00:00,16.84,1190.35
2019-10-01 13:00:00,17.05,1170.56
2019-10-01 14:00:00,19.64,1195.68
2019-10-01 15:00:00,20.26,1261.98
2019-10-01 16:00:00,18.18,1277.99
2019-10-01 17:00:00,15.68,1301.1
2019-10-01 18:00:00,13.41,1446.66
2019-10-01 19:00:00,12.38,1411.99
2019-10-01 20:00:00,10.84,1373.59
2019-10-01 21:00:00,9.98,1301.35
2019-10-01 22:00:00,9.55,1297.55
2019-10-01 23:00:00,9.88,1217.84
2019-10-02 00:00:00,10.43,1162.42
2019-10-02 01:00:00,10.34,1127.34
2019-10-02 02:00:00,11.47,1115.65
2019-10-02 03:00:00,11.48,1082.7
2019-10-02 04:00:00,13.32,1068.34
2019-10-02 05:00:00,15.16,1131.68
2019-10-02 06:00:00,14.57,
2019-10-02 07:00:00,14.12,1285.53
2019-10-02 08:00:00,14.15,1362.35
2019-10-02 09:00:00,15.85,1341.83
2019-10-02 10:00:00,15.41,1286.16
2019-10-02 11:00:00,15.27,1263.89
2019-10-02 12:00:00,17.66,1213.7
2019-10-02 13:00:00,18.05,1194.85
2019-10-02 14:00:00,17.15,1205.19
2019-10-02 15:00:00,18.15,1226.11
2019-10-02 16:00:00,16.19,1265.3
2019-10-02 17:00:00,15.83,1348.09
2019-10-02 18:00:00,16.75,1383.78
2019-10-02 19:00:00,15.96,1377.45
2019-10-02 20:00:00,13.29,1400.46
2019-10-02 21:00:00,11.49,1341.97
2019-10-02 22:00:00,11.2,1257.35
2019-10-02 23:00:00,9.67,
2019-10-03 00:00:00,10.33,1171.22
2019-10-03 01:00:00,9.76,1105.48
2019-10-03 02:00:00,9.95,1083.3
2019-10-03 03:00:00,11.01,1092.74
2019-10-03 04:00:00,11.73,1114.31
2019-10-03 05:00:00,9.84,1130.67
2019-10-03 06:00:00,12.04,1228.91
2019-10-03 07:00:00,13.39,1283.5
2019-10-03 08:00:00,15.2,1323.84
2019-10-03 09:00:00,17.04,1364.21
2019-10-03 10:00:00,18.05,1306.77
2019-10-03 11:00:00,17.82,1230.63
2019-10-03 12:00:00,16.91,1202.93
2019-10-03 13:00:00,15.91,1187.63
2019-10-03 14:00:00,14.89,1178.11
2019-10-03 15:00:00,12.85,1275.48
2019-10-03 16:00:00,13.41,1320.43
2019-10-03 17:00:00,13.77,1315.33
2019-10-03 18:00:00,12.75,1419.43
2019-10-03 19:00:00,11.21,1424.93
2019-10-03 20:00:00,10.75,1427.81
2019-10-03 21:00:00,9.41,1363.23
2019-10-03 22:00:00,7.6,
2019-10-03 23:00:00,6.41,1282.82
2019-10-04 00:00:00,7.05,1252.59
2019-10-04 01:00:00,8.52,1142.52
2019-10-04 02:00:00,8.85,1123.53
2019-10-04 03:00:00,10.01,1116.27
2019-10-04 04:00:00,11.19,1093.79
2019-10-04 05:00:00,12.59,
2019-10-04 06:00:00,13.85,1216.26
2019-10-04 07:00:00,15.82,1267.16
2019-10-04 08:00:00,16.08,1365.09
2019-10-04 09:00:00,17.65,1321.72
2019-10-04 10:00:00,18.63,1281.38
2019-10-04 11:00:00,17.59,1220.77
2019-10-04 12:00:00,15.31,1195.16
2019-10-04 13:00:00,13.04,1209.44
2019-10-04 14:00:00,12.1,1198.47
2019-10-04 15:00:00,12.52,1245.59
2019-10-04 16:00:00,11.33,1321.31
2019-10-04 17:00:00,10.05,1399.71
2019-10-04 18:00:00,10.25,1425.42
2019-10-04 19:00:00,9.68,1411.31
2019-10-04 20:00:00,9.06,1464.07
2019-10-04 21:00:00,6.59,
2019-10-04 22:00:00,6.56,1346.0
2019-10-04 23:00:00,5.92,1332.64
2019-10-05 00:00:00,6.04,1236.44
2019-10-05 01:00:00,6.05,1164.68
2019-10-05 02:00:00,5.76,1122.08
2019-10-05 03:00:00,5.23,1122.74
2019-10-05 04:00:00,7.64,1124.73
2019-10-05 05:00:00,9.66,1125.35
2019-10-05 06:00:00,9.12,1225.05
2019-10-05 07:00:00,7.15,1229.42
2019-10-05 08:00:00,7.58,1251.59
2019-10-05 09:00:00,7.28,1234.44
2019-10-05 10:00:00,8.68,1216.19
2019-10-05 11:00:00,11.12,1096.4
2019-10-05 12:00:00,12.98,1003.78
2019-10-05 13:00:00,13.57,1030.14
2019-10-05 14:00:00,15.2,1010.27
2019-10-05 15:00:00,14.33,1047.7
2019-10-05 16:00:00,12.32,1146.35
2019-10-05 17:00:00,12.4,1193.39
2019-10-05 18:00:00,10.43,1244.21
2019-10-05 19:00:00,9.25,1364.68
2019-10-05 20:00:00,6.93,1242.08
2019-10-05 21:00:00,5.93,1295.47
2019-10-05 22:00:00,5.75,1275.52
2019-10-05 23:00:00,3.59,1305.0
2019-10-06 00:00:00,3.29,1290.74
2019-10-06 01:00:00,3.3,1231.69
2019-10-06 02:00:00,3.0,1196.63
2019-10-06 03:00:00,5.14,1174.41
2019-10-06 04:00:00,5.94,1142.44
2019-10-06 05:00:00,8.46,1158.5
2019-10-06 06:00:00,8.59,1201.03
2019-10-06 07:00:00,10.11,1171.42
2019-10-06 08:00:00,10.13,1180.63
2019-10-06 09:00:00,11.6,1214.75
2019-10-06 10:00:00,11.52,1182.3
2019-10-06 11:00:00,12.15,1078.8
2019-10-06 12:00:00,9.88,1108.79
2019-10-06 13:00:00,11.0,1037.02
2019-10-06 14:00:00,11.56,1024.07
2019-10-06 15:00:00,10.4,1120.31
2019-10-06 16:00:00,8.9,1193.83
2019-10-06 17:00:00,8.12,1221.87
2019-10-06 18:00:00,5.37,1330.11
2019-10-06 19:00:00,4.24,1355.89
2019-10-06 20:00:00,2.37,1398.62
2019-10-06 21:00:00,3.05,1467.24
2019-10-06 22:00:00,2.38,1413.72
2019-10-06 23:00:00,3.3,1311.49
2019-10-07 00:00:00,2.69,1365.35
2019-10-07 01:00:00,3.83,1233.17
2019-10-07 02:00:00,4.33,1212.11
2019-10-07 03:00:00,4.98,1196.92
2019-10-07 04:00:00,5.43,1243.42
2019-10-07 05:00:00,5.58,1292.53
2019-10-07 06:00:00,6.7,1313.45
2019-10-07 07:00:00,8.05,1341.83
2019-10-07 08:00:00,8.57,1415.15
2019-10-07 09:00:00,8.0,1405.35
2019-10-07 10:00:00,9.06,1370.88
2019-10-07 11:00:00,11.64,1269.4
2019-10-07 12:00:00,11.48,1208.11
2019-10-07 13:00:00,10.49,1186.33
2019-10-07 14:00:00,11.79,1206.49
2019-10-07 15:00:00,10.09,
2019-10-07 16:00:00,9.11,1360.41
2019-10-07 17:00:00,7.79,1438.35
2019-10-07 18:00:00,7.94,1509.38
2019-10-07 19:00:00,8.7,1395.47
2019-10-07 20:00:00,6.86,1472.74
2019-10-07 21:00:00,8.48,
2019-10-07 22:00:00,8.67,1290.41
2019-10-07 23:00:00,9.22,1271.02
2019-10-08 00:00:00,9.15,1193.71
2019-10-08 01:00:00,8.42,1141.5
2019-10-08 02:00:00,7.92,1142.96
2019-10-08 03:00:00,9.8,1063.15
2019-10-08 04:00:00,8.9,1127.22
2019-10-08 05:00:00,10.01,1216.59
2019-10-08 06:00:00,12.89,1201.94
2019-10-08 07:00:00,14.76,1259.42
2019-10-08 08:00:00,13.96,1355.33
2019-10-08 09:00:00,14.06,1366.92
2019-10-08 10:00:00,15.8,1303.65
2019-10-08 11:00:00,15.72,1265.37
2019-10-08 12:00:00,16.97,1219.56
2019-10-08 13:00:00,17.3,1209.45
2019-10-08 14:00:00,16.9,1189.81
2019-10-08 15:00:00,16.75,1272.18
2019-10-08 16:00:00,15.62,1284.07
2019-10-08 17:00:00,14.63,1351.15
2019-10-08 18:00:00,13.14,1344.18
2019-10-08 19:00:00,10.38,1423.04
2019-10-08 20:00:00,9.6,1420.54
2019-10-08 21:00:00,9.24,1345.44
2019-10-08 22:00:00,8.97,1288.05
2019-10-08 23:00:00,8.84,1260.14
2019-10-09 00:00:00,9.67,1160.43
2019-10-09 01:00:00,10.1,1157.72
2019-10-09 02:00:00,10.34,1133.28
2019-10-09 03:00:00,13.11,1062.13
2019-10-09 04:00:00,14.36,1080.6
2019-10-09 05:00:00,13.31,1151.84
2019-10-09 06:00:00,13.71,1223.7
2019-10-09 07:00:00,15.83,1282.08
2019-10-09 08:00:00,17.28,1340.48
2019-10-09 09:00:00,18.86,1336.85
2019-10-09 10:00:00,20.62,1285.14
2019-10-09 11:00:00,21.71,1234.7
2019-10-09 12:00:00,21.88,1224.11
2019-10-09 13:00:00,23.25,1190.36
2019-10-09 14:00:00,22.13,1232.99
2019-10-09 15:00:00,23.05,1251.45
2019-10-09 16:00:00,22.85,1333.25
2019-10-09 17:00:00,22.31,1348.82
2019-10-09 18:00:00,21.94,1354.19
2019-10-09 19:00:00,20.25,1411.41
2019-10-09 20:00:00,20.49,1310.39
2019-10-09 21:00:00,18.89,1279.48
2019-10-09 22:00:00,19.41,1208.53
2019-10-09 23:00:00,19.06,1207.31
2019-10-10 00:00:00,18.71,1146.13
2019-10-10 01:00:00,15.86,1090.39
2019-10-10 02:00:00,16.97,1089.18
2019-10-10 03:00:00,17.58,1078.89
2019-10-10 04:00:00,19.26,1069.25
2019-10-10 05:00:00,19.18,1138.72
2019-10-10 06:00:00,19.65,1207.27
2019-10-10 07:00:00,21.75,1285.31
2019-10-10 08:00:00,22.24,1346.73
2019-10-10 09:00:00,22.97,1337.43
2019-10-10 10:00:00,23.76,1296.54
2019-10-10 11:00:00,24.47,1256.69
2019-10-10 12:00:00,24.66,1198.79
2019-10-10 13:00:00,23.24,1236.78
2019-10-10 14:00:00,23.11,1195.5
2019-10-10 15:00:00,23.32,1236.91
2019-10-10 16:00:00,22.99,1300.35
2019-10-10 17:00:00,22.48,1344.56
2019-10-10 18:00:00,20.38,1386.99
2019-10-10 19:00:00,19.62,1411.76
2019-10-10 20:00:00,19.27,1347.92
2019-10-10 21:00:00,18.35,1289.28
2019-10-10 22:00:00,17.13,1192.24
2019-10-10 23:00:00,17.02,1189.7
2019-10-11 00:00:00,16.25,1139.41
2019-10-11 01:00:00,14.41,1112.86
2019-10-11 02:00:00,14.78,1061.93
2019-10-11 03:00:00,16.37,1045.57
2019-10-11 04:00:00,18.25,1066.25
2019-10-11 05:00:00,18.44,1103.22
2019-10-11 06:00:00,19.91,1179.47
2019-10-11 07:00:00,20.91,1253.56
2019-10-11 08:00:00,22.19,1340.52
2019-10-11 09:00:00,22.03,1333.59
2019-10-11 10:00:00,21.33,1288.85
2019-10-11 11:00:00,20.77,1229.2
2019-10-11 12:00:00,21.0,1221.01
2019-10-11 13:00:00,22.09,1170.54
2019-10-11 14:00:00,20.96,1193.45
2019-10-11 15:00:00,18.65,1251.32
2019-10-11 16:00:00,18.8,1306.53
2019-10-11 17:00:00,17.47,1346.75
2019-10-11 18:00:00,15.98,1366.31
2019-10-11 19:00:00,15.5,1374.11
2019-10-11 20:00:00,13.44,1330.03
2019-10-11 21:00:00,12.79,1294.77
2019-10-11 22:00:00,11.52,
2019-10-11 23:00:00,-18.05,1228.49
2019-10-12 00:00:00,9.81,1127.53
2019-10-12 01:00:00,8.74,1110.74
2019-10-12 02:00:00,10.13,1069.62
2019-10-12 03:00:00,11.22,1039.4
2019-10-12 04:00:00,13.56,1048.85
2019-10-12 05:00:00,14.54,1076.94
2019-10-12 06:00:00,15.69,1141.71
2019-10-12 07:00:00,16.99,1115.09
2019-10-12 08:00:00,18.37,1154.52
2019-10-12 09:00:00,18.65,1180.86
2019-10-12 10:00:00,18.17,1101.79
2019-10-12 11:00:00,17.37,1056.35
2019-10-12 12:00:00,15.37,1038.13
2019-10-12 13:00:00,14.62,997.36
2019-10-12 14:00:00,15.01,971.23
2019-10-12 15:00:00,15.3,1065.02
2019-10-12 16:00:00,15.11,1148.92
2019-10-12 17:00:00,12.46,1214.69
2019-10-12 18:00:00,10.4,1204.88
2019-10-12 19:00:00,8.94,1304.35
2019-10-12 20:00:00,8.16,1242.58
2019-10-12 21:00:00,7.73,1310.95
2019-10-12 22:00:00,7.5,1280.41
2019-10-12 23:00:00,6.1,1248.31
2019-10-13 00:00:00,5.12,1230.99
2019-10-13 01:00:00,2.81,1213.5
2019-10-13 02:00:00,2.79,1184.55
2019-10-13 03:00:00,2.91,1172.59
2019-10-13 04:00:00,2.83,1255.59
2019-10-13 05:00:00,4.69,1273.38
2019-10-13 06:00:00,5.73,1289.17
2019-10-13 07:00:00,7.58,1199.08
2019-10-13 08:00:00,7.55,1249.41
2019-10-13 09:00:00,6.86,1286.81
2019-10-13 10:00:00,8.43,1201.33
2019-10-13 11:00:00,8.75,1150.67
2019-10-13 12:00:00,9.72,1103.4
2019-10-13 13:00:00,10.7,1071.96
2019-10-13 14:00:00,9.93,1033.07
2019-10-13 15:00:00,8.64,1113.82
2019-10-13 16:00:00,7.86,1154.57
2019-10-13 17:00:00,6.91,1266.8
2019-10-13 18:00:00,6.17,1430.97
2019-10-13 19:00:00,5.03,1354.64
2019-10-13 20:00:00,3.61,1418.26
2019-10-13 21:00:00,2.15,
2019-10-13 22:00:00,2.45,1347.85
2019-10-13 23:00:00,0.39,1477.94
2019-10-14 00:00:00,1.28,1335.87
2019-10-14 01:00:00,0.46,1339.25
2019-10-14 02:00:00,0.56,1352.82
2019-10-14 03:00:00,0.94,1295.19
2019-10-14 04:00:00,1.93,1290.9
2019-10-14 05:00:00,3.0,1295.59
2019-10-14 06:00:00,3.28,1392.69
2019-10-14 07:00:00,6.21,1413.64
2019-10-14 08:00:00,5.79,1480.82
2019-10-14 09:00:00,8.06,1378.57
2019-10-14 10:00:00,7.35,1434.11
2019-10-14 11:00:00,8.59,1357.27
2019-10-14 12:00:00,8.84,1302.82
2019-10-14 13:00:00,8.97,1226.08
2019-10-14 14:00:00,7.65,1282.94
2019-10-14 15:00:00,7.41,1354.47
2019-10-14 16:00:00,7.56,1399.9
2019-10-14 17:00:00,6.17,1512.5
2019-10-14 18:00:00,3.44,1642.45
2019-10-14 19:00:00,2.12,1612.07
2019-10-14 20:00:00,-0.71,1749.31
2019-10-14 21:00:00,-1.33,1702.43
2019-10-14 22:00:00,-1.15,1600.91
2019-10-14 23:00:00,-0.7,1539.52
2019-10-15 00:00:00,-1.1,1491.21
2019-10-15 01:00:00,-0.08,1401.94
2019-10-15 02:00:00,0.6,1403.54
2019-10-15 03:00:00,0.09,1357.37
2019-10-15 04:00:00,0.93,1373.2
2019-10-15 05:00:00,2.44,1365.17
2019-10-15 06:00:00,5.46,1348.28
2019-10-15 07:00:00,5.56,1423.56
2019-10-15 08:00:00,7.6,1459.46
2019-10-15 09:00:00,8.6,1437.23
2019-10-15 10:00:00,6.19,1441.13
2019-10-15 11:00:00,6.5,
2019-10-15 12:00:00,4.89,1382.06
2019-10-15 13:00:00,4.28,1398.65
2019-10-15 14:00:00,4.34,1433.94
2019-10-15 15:00:00,4.9,1492.05
2019-10-15 16:00:00,1.39,1628.55
2019-10-15 17:00:00,2.31,1641.69
2019-10-15 18:00:00,1.02,1669.03
2019-10-15 19:00:00,1.34,1643.78
2019-10-15 20:00:00,-0.11,1691.49
2019-10-15 21:00:00,-1.3,1604.16
2019-10-15 22:00:00,-2.48,1694.97
2019-10-15 23:00:00,-1.69,1604.62
2019-10-16 00:00:00,-0.83,1470.43
2019-10-16 01:00:00,-1.55,1416.37
2019-10-16 02:00:00,-0.02,1367.77
2019-10-16 03:00:00,-1.82,1410.93
2019-10-16 04:00:00,-2.16,1461.42
2019-10-16 05:00:00,-1.63,1420.43
2019-10-16 06:00:00,-0.02,1516.54
2019-10-16 07:00:00,-0.05,1582.08
2019-10-16 08:00:00,1.88,1608.09
2019-10-16 09:00:00,1.72,1607.96
2019-10-16 10:00:00,4.25,1515.78
2019-10-16 11:00:00,5.1,1397.03
2019-10-16 12:00:00,4.82,1414.51
2019-10-16 13:00:00,5.22,1399.13
2019-10-16 14:00:00,3.08,1406.96
2019-10-16 15:00:00,1.73,1508.72
2019-10-16 16:00:00,3.85,1512.99
2019-10-16 17:00:00,4.25,1558.69
2019-10-16 18:00:00,3.04,1596.99
2019-10-16 19:00:00,2.53,1703.8
2019-10-16 20:00:00,0.98,1674.31
2019-10-16 21:00:00,-0.65,1597.85
2019-10-16 22:00:00,-2.64,1585.09
2019-10-16 23:00:00,-3.29,1627.62
2019-10-17 00:00:00,-5.04,1568.69
2019-10-17 01:00:00,-2.84,1499.05
2019-10-17 02:00:00,-1.75,1424.24
2019-10-17 03:00:00,-0.13,1278.78
2019-10-17 04:00:00,1.75,1328.82
2019-10-17 05:00:00,3.15,1310.93
2019-10-17 06:00:00,5.16,1394.41
2019-10-17 07:00:00,6.34,1399.94
2019-10-17 08:00:00,5.67,1484.51
2019-10-17 09:00:00,6.42,1499.01
2019-10-17 10:00:00,8.89,1399.16
2019-10-17 11:00:00,7.54,1308.39
2019-10-17 12:00:00,8.37,1292.47
2019-10-17 13:00:00,6.37,
2019-10-17 14:00:00,5.76,1432.92
2019-10-17 15:00:00,6.4,1383.89
2019-10-17 16:00:00,5.93,1429.5
2019-10-17 17:00:00,5.95,1575.36
2019-10-17 18:00:00,4.73,1647.15
2019-10-17 19:00:00,5.45,1585.95
2019-10-17 20:00:00,3.49,1501.87
2019-10-17 21:00:00,3.84,1497.87
2019-10-17 22:00:00,3.96,1460.44
2019-10-17 23:00:00,2.22,1431.18
2019-10-18 00:00:00,2.28,1382.93
2019-10-18 01:00:00,1.33,1385.39
2019-10-18 02:00:00,2.37,1280.86
2019-10-18 03:00:00,3.29,1275.41
2019-10-18 04:00:00,3.93,1178.93
2019-10-18 05:00:00,5.83,1265.92
2019-10-18 06:00:00,5.1,1329.83
2019-10-18 07:00:00,6.4,1406.84
2019-10-18 08:00:00,7.4,1432.79
2019-10-18 09:00:00,8.2,1414.11
2019-10-18 10:00:00,10.17,
2019-10-18 11:00:00,7.69,1353.19
2019-10-18 12:00:00,8.51,1254.71
2019-10-18 13:00:00,8.66,1290.61
2019-10-18 14:00:00,8.75,
2019-10-18 15:00:00,9.33,1305.99
2019-10-18 16:00:00,7.84,1318.72
2019-10-18 17:00:00,7.79,1509.37
2019-10-18 18:00:00,7.33,1513.6
2019-10-18 19:00:00,6.77,1471.64
2019-10-18 20:00:00,7.25,1461.35
2019-10-18 21:00:00,7.12,1381.77
2019-10-18 22:00:00,7.85,1273.24
2019-10-18 23:00:00,6.97,1327.48
2019-10-19 00:00:00,5.98,1212.85
2019-10-19 01:00:00,5.39,1193.54
2019-10-19 02:00:00,5.27,1172.87
2019-10-19 03:00:00,6.41,1109.6
2019-10-19 04:00:00,7.73,1124.1
2019-10-19 05:00:00,7.77,1195.95
2019-10-19 06:00:00,7.65,1209.47
2019-10-19 07:00:00,9.69,1163.34
2019-10-19 08:00:00,9.73,1178.43
2019-10-19 09:00:00,11.6,1203.85
2019-10-19 10:00:00,10.38,1166.45
2019-10-19 11:00:00,9.91,1147.95
2019-10-19 12:00:00,10.8,1054.24
2019-10-19 13:00:00,11.83,1079.78
2019-10-19 14:00:00,12.58,1049.45
2019-10-19 15:00:00,11.03,1132.3
2019-10-19 16:00:00,10.03,1166.41
2019-10-19 17:00:00,10.02,1200.54
2019-10-19 18:00:00,8.58,1274.01
2019-10-19 19:00:00,6.8,1306.33
2019-10-19 20:00:00,6.83,1361.91
2019-10-19 21:00:00,5.84,1380.82
2019-10-19 22:00:00,5.41,1300.64
2019-10-19 23:00:00,4.66,1258.88
2019-10-20 00:00:00,2.88,1231.43
2019-10-20 01:00:00,3.0,1237.72
2019-10-20 02:00:00,5.18,1153.84
2019-10-20 03:00:00,6.0,1120.27
2019-10-20 04:00:00,8.99,1125.07
2019-10-20 05:00:00,9.71,1126.24
2019-10-20 06:00:00,11.81,1142.62
2019-10-20 07:00:00,11.49,1115.2
2019-10-20 08:00:00,13.3,1167.0
2019-10-20 09:00:00,12.13,1141.0
2019-10-20 10:00:00,12.69,1182.62
2019-10-20 11:00:00,12.17,1085.02
2019-10-20 12:00:00,13.71,1030.03
2019-10-20 13:00:00,13.51,1023.81
2019-10-20 14:00:00,12.22,1041.18
2019-10-20 15:00:00,11.63,1121.15
2019-10-20 16:00:00,11.39,1152.16
2019-10-20 17:00:00,11.02,1228.01
2019-10-20 18:00:00,10.83,1191.79
2019-10-20 19:00:00,8.61,1319.58
2019-10-20 20:00:00,7.19,1292.47
2019-10-20 21:00:00,6.58,1332.16
2019-10-20 22:00:00,7.17,1264.89
2019-10-20 23:00:00,6.15,1252.43
2019-10-21 00:00:00,5.98,1259.16
2019-10-21 01:00:00,6.35,1194.82
2019-10-21 02:00:00,7.62,1164.24
2019-10-21 03:00:00,7.16,1162.33
2019-10-21 04:00:00,7.53,1150.97
2019-10-21 05:00:00,6.29,1247.9
2019-10-21 06:00:00,6.94,1262.83
2019-10-21 07:00:00,10.49,1291.44
2019-10-21 08:00:00,10.62,1407.36
2019-10-21 09:00:00,12.08,1341.38
2019-10-21 10:00:00,15.31,1284.84
2019-10-21 11:00:00,16.81,1247.86
2019-10-21 12:00:00,17.45,1234.5
2019-10-21 13:00:00,14.58,1202.02
2019-10-21 14:00:00,15.62,1176.72
2019-10-21 15:00:00,14.8,1226.94
2019-10-21 16:00:00,15.11,1281.7
2019-10-21 17:00:00,14.39,1354.89
2019-10-21 18:00:00,13.54,1380.65
2019-10-21 19:00:00,14.03,1334.57
2019-10-21 20:00:00,12.79,1309.07
2019-10-21 21:00:00,13.42,1281.88
2019-10-21 22:00:00,13.54,1252.2
2019-10-21 23:00:00,11.72,1239.47
2019-10-22 00:00:00,10.99,1159.0
2019-10-22 01:00:00,11.13,1094.74
2019-10-22 02:00:00,11.55,1121.48
2019-10-22 03:00:00,12.46,1073.13
2019-10-22 04:00:00,9.97,1123.84
2019-10-22 05:00:00,10.69,1133.69
2019-10-22 06:00:00,10.93,1228.66
2019-10-22 07:00:00,11.12,1292.23
2019-10-22 08:00:00,13.63,1370.14
2019-10-22 09:00:00,13.2,1382.3
2019-10-22 10:00:00,13.55,1302.83
2019-10-22 11:00:00,13.79,1239.12
2019-10-22 12:00:00,14.92,1199.18
2019-10-22 13:00:00,14.64,1227.4
2019-10-22 14:00:00,14.51,1232.69
2019-10-22 15:00:00,12.42,1278.09
2019-10-22 16:00:00,10.06,1336.63
2019-10-22 17:00:00,10.98,1360.76
2019-10-22 18:00:00,8.91,1374.94
2019-10-22 19:00:00,6.91,1469.77
2019-10-22 20:00:00,6.5,1476.08
2019-10-22 21:00:00,6.1,1430.59
2019-10-22 22:00:00,6.42,1313.28
2019-10-22 23:00:00,5.43,1374.25
2019-10-23 00:00:00,3.39,1299.27
2019-10-23 01:00:00,3.95,1284.69
2019-10-23 02:00:00,3.63,1249.74
2019-10-23 03:00:00,4.58,1208.53
2019-10-23 04:00:00,8.03,1147.65
2019-10-23 05:00:00,8.57,1159.07
2019-10-23 06:00:00,8.18,1283.69
2019-10-23 07:00:00,10.42,1338.17
2019-10-23 08:00:00,11.84,
2019-10-23 09:00:00,12.8,1368.62
2019-10-23 10:00:00,13.85,1294.15
2019-10-23 11:00:00,12.96,1251.89
2019-10-23 12:00:00,12.75,1199.08
2019-10-23 13:00:00,14.23,1215.13
2019-10-23 14:00:00,15.37,1203.81
2019-10-23 15:00:00,12.88,1239.08
2019-10-23 16:00:00,10.01,1339.66
2019-10-23 17:00:00,8.49,1438.63
2019-10-23 18:00:00,8.18,1474.33
2019-10-23 19:00:00,7.08,1505.77
2019-10-23 20:00:00,4.93,1580.78
2019-10-23 21:00:00,5.65,1424.97
2019-10-23 22:00:00,4.39,1363.69
2019-10-23 23:00:00,3.77,1342.58
2019-10-24 00:00:00,4.26,1317.62
2019-10-24 01:00:00,4.55,1246.2
2019-10-24 02:00:00,4.13,1224.39
2019-10-24 03:00:00,4.24,1241.0
2019-10-24 04:00:00,6.16,1176.8
2019-10-24 05:00:00,8.72,1203.34
2019-10-24 06:00:00,9.77,1227.46
2019-10-24 07:00:00,10.26,1321.43
2019-10-24 08:00:00,12.0,1334.5
2019-10-24 09:00:00,13.31,1366.81
2019-10-24 10:00:00,14.07,1323.6
2019-10-24 11:00:00,14.58,1234.12
2019-10-24 12:00:00,14.5,1174.08
2019-10-24 13:00:00,13.83,1261.02
2019-10-24 14:00:00,13.74,1226.73
2019-10-24 15:00:00,11.08,1316.01
2019-10-24 16:00:00,9.89,1330.52
2019-10-24 17:00:00,10.58,1420.16
2019-10-24 18:00:00,10.56,1432.68
2019-10-24 19:00:00,11.06,1399.87
2019-10-24 20:00:00,9.11,1420.97
2019-10-24 21:00:00,9.25,1302.81
2019-10-24 22:00:00,10.28,1295.47
2019-10-24 23:00:00,8.11,1239.34
2019-10-25 00:00:00,8.4,1204.83
2019-10-25 01:00:00,7.18,1173.27
2019-10-25 02:00:00,6.64,1139.53
2019-10-25 03:00:00,6.46,1171.2
2019-10-25 04:00:00,7.14,1168.59
2019-10-25 05:00:00,10.38,1147.37
2019-10-25 06:00:00,10.24,1263.8
2019-10-25 07:00:00,10.91,1323.85
2019-10-25 08:00:00,12.94,1392.33
2019-10-25 09:00:00,13.27,1349.44
2019-10-25 10:00:00,12.52,1306.07
2019-10-25 11:00:00,12.63,1276.21
2019-10-25 12:00:00,12.78,1225.21
2019-10-25 13:00:00,10.99,1235.56
2019-10-25 14:00:00,9.69,1235.73
2019-10-25 15:00:00,10.63,1314.39
2019-10-25 16:00:00,8.61,1381.05
2019-10-25 17:00:00,8.47,1467.8
2019-10-25 18:00:00,9.23,1468.69
2019-10-25 19:00:00,6.95,1546.54
2019-10-25 20:00:00,5.11,1481.07
2019-10-25 21:00:00,4.96,1487.43
2019-10-25 22:00:00,2.24,1481.95
2019-10-25 23:00:00,1.73,1407.98
2019-10-26 00:00:00,2.11,1305.18
2019-10-26 01:00:00,3.38,1208.5
2019-10-26 02:00:00,2.57,1218.61
2019-10-26 03:00:00,3.59,1184.86
2019-10-26 04:00:00,4.04,1184.23
2019-10-26 05:00:00,4.18,1258.74
2019-10-26 06:00:00,5.28,1241.39
2019-10-26 07:00:00,6.87,1230.62
2019-10-26 08:00:00,6.7,1232.52
2019-10-26 09:00:00,8.31,1263.36
2019-10-26 10:00:00,7.88,1154.29
2019-10-26 11:00:00,6.6,1203.05
2019-10-26 12:00:00,5.55,
2019-10-26 13:00:00,5.85,1241.42
2019-10-26 14:00:00,4.94,1210.98
2019-10-26 15:00:00,3.85,1274.3
2019-10-26 16:00:00,2.55,1380.41
2019-10-26 17:00:00,1.88,1458.15
2019-10-26 18:00:00,1.22,1497.11
2019-10-26 19:00:00,1.05,1494.45
2019-10-26 20:00:00,-0.47,1522.27
2019-10-26 21:00:00,-0.5,1592.08
2019-10-26 22:00:00,-1.29,1510.29
2019-10-26 23:00:00,-0.86,1490.33
2019-10-27 00:00:00,-0.08,1372.96
2019-10-27 01:00:00,-0.93,1338.74
2019-10-27 02:00:00,0.61,1321.34
2019-10-27 03:00:00,0.8,1280.04
2019-10-27 04:00:00,0.87,1270.01
2019-10-27 05:00:00,0.36,1347.2
2019-10-27 06:00:00,2.03,1393.37
2019-10-27 07:00:00,3.47,1323.78
2019-10-27 08:00:00,4.65,1322.24
2019-10-27 09:00:00,5.74,1302.3
2019-10-27 10:00:00,8.32,1188.43
2019-10-27 11:00:00,9.74,1101.22
2019-10-27 12:00:00,7.46,1130.49
2019-10-27 13:00:00,7.41,1110.74
2019-10-27 14:00:00,7.96,1114.1
2019-10-27 15:00:00,7.99,1160.86
2019-10-27 16:00:00,7.61,1270.47
2019-10-27 17:00:00,7.05,1306.78
2019-10-27 18:00:00,5.89,1329.3
2019-10-27 19:00:00,4.53,1447.94
2019-10-27 20:00:00,3.04,1416.91
2019-10-27 21:00:00,5.24,1393.41
2019-10-27 22:00:00,5.28,1305.32
2019-10-27 23:00:00,6.2,1289.99
2019-10-28 00:00:00,5.14,1257.37
2019-10-28 01:00:00,4.68,1264.88
2019-10-28 02:00:00,4.43,1214.07
2019-10-28 03:00:00,4.87,1165.42
2019-10-28 04:00:00,4.07,1251.37
2019-10-28 05:00:00,4.67,1236.03
2019-10-28 06:00:00,3.42,1391.35
2019-10-28 07:00:00,6.57,1377.54
2019-10-28 08:00:00,7.59,1414.96
2019-10-28 09:00:00,10.04,1398.55
2019-10-28 10:00:00,10.6,1320.08
2019-10-28 11:00:00,11.34,1258.91
2019-10-28 12:00:00,12.46,1201.77
2019-10-28 13:00:00,12.43,1213.42
2019-10-28 14:00:00,11.63,1257.54
2019-10-28 15:00:00,11.47,1295.16
2019-10-28 16:00:00,10.39,1417.36
2019-10-28 17:00:00,9.92,1408.62
2019-10-28 18:00:00,8.89,1437.21
2019-10-28 19:00:00,5.7,1525.99
2019-10-28 20:00:00,4.79,1507.98
2019-10-28 21:00:00,2.14,1535.26
2019-10-28 22:00:00,1.5,1510.2
2019-10-28 23:00:00,1.47,1509.73
2019-10-29 00:00:00,1.04,1368.18
2019-10-29 01:00:00,0.96,1344.79
2019-10-29 02:00:00,1.83,1317.45
2019-10-29 03:00:00,3.4,1231.96
2019-10-29 04:00:00,2.77,1242.28
2019-10-29 05:00:00,4.33,1303.18
2019-10-29 06:00:00,6.23,1273.56
2019-10-29 07:00:00,6.71,1419.81
2019-10-29 08:00:00,7.47,1418.79
2019-10-29 09:00:00,8.15,1432.21
2019-10-29 10:00:00,9.85,1356.31
2019-10-29 11:00:00,9.4,1314.49
2019-10-29 12:00:00,9.88,1259.33
2019-10-29 13:00:00,10.34,1246.5
2019-10-29 14:00:00,8.56,1284.2
2019-10-29 15:00:00,8.32,1321.44
2019-10-29 16:00:00,7.18,1376.33
2019-10-29 17:00:00,6.2,1485.07
2019-10-29 18:00:00,3.85,1663.4
2019-10-29 19:00:00,2.61,1661.63
2019-10-29 20:00:00,3.09,1538.45
2019-10-29 21:00:00,2.35,1522.83
2019-10-29 22:00:00,1.73,1499.96
2019-10-29 23:00:00,1.74,1518.24
2019-10-30 00:00:00,0.42,1453.43
2019-10-30 01:00:00,-0.02,1375.87
2019-10-30 02:00:00,1.3,1273.02
2019-10-30 03:00:00,2.93,1302.02
2019-10-30 04:00:00,3.6,1295.5
2019-10-30 05:00:00,4.61,1289.37
2019-10-30 06:00:00,4.49,1352.97
2019-10-30 07:00:00,5.11,1432.07
2019-10-30 08:00:00,5.84,1416.18
2019-10-30 09:00:00,8.91,1408.85
2019-10-30 10:00:00,10.55,1352.7
2019-10-30 11:00:00,10.85,1264.41
2019-10-30 12:00:00,9.71,1256.91
2019-10-30 13:00:00,9.78,1251.42
2019-10-30 14:00:00,9.77,1221.01
2019-10-30 15:00:00,8.9,1313.35
2019-10-30 16:00:00,6.62,1486.52
2019-10-30 17:00:00,5.19,1471.04
2019-10-30 18:00:00,4.05,1621.71
2019-10-30 19:00:00,3.86,1611.68
2019-10-30 20:00:00,5.43,1531.09
2019-10-30 21:00:00,7.4,1423.27
2019-10-30 22:00:00,5.27,1355.63
2019-10-30 23:00:00,4.1,1373.31
2019-10-31 00:00:00,3.99,1269.9
2019-10-31 01:00:00,2.79,1325.91
2019-10-31 02:00:00,2.22,1307.01
2019-10-31 03:00:00,2.54,1281.46
2019-10-31 04:00:00,4.31,1254.96
2019-10-31 05:00:00,4.24,1343.24
2019-10-31 06:00:00,4.24,1382.27
2019-10-31 07:00:00,5.64,1393.44
2019-10-31 08:00:00,7.28,1445.53
2019-10-31 09:00:00,9.83,1374.46
2019-10-31 10:00:00,9.06,1383.12
2019-10-31 11:00:00,9.73,1295.41
2019-10-31 12:00:00,10.83,1232.95
2019-10-31 13:00:00,12.37,1242.67
2019-10-31 14:00:00,11.17,1229.75
2019-10-31 15:00:00,9.62,1284.28
2019-10-31 16:00:00,10.69,1299.61
2019-10-31 17:00:00,9.45,1430.53
2019-10-31 18:00:00,9.59,1463.01
2019-10-31 19:00:00,9.48,
2019-10-31 20:00:00,8.45,1387.89
2019-10-31 21:00:00,7.4,1342.37
2019-10-31 22:00:00,6.85,1312.08
2019-10-31 23:00:00,5.32,1348.45
2019-11-01 00:00:00,5.99,1293.99
2019-11-01 01:00:00,6.36,1258.76
2019-11-01 02:00:00,7.91,1169.22
2019-11-01 03:00:00,6.97,1209.27
2019-11-01 04:00:00,9.28,1210.39
2019-11-01 05:00:00,10.25,1196.07
2019-11-01 06:00:00,10.16,1288.6
2019-11-01 07:00:00,10.57,1362.16
2019-11-01 08:00:00,12.12,1400.39
2019-11-01 09:00:00,12.57,1401.07
2019-11-01 10:00:00,13.2,1335.05
2019-11-01 11:00:00,13.94,1325.57
2019-11-01 12:00:00,14.5,1236.95
2019-11-01 13:00:00,15.37,1241.15
2019-11-01 14:00:00,15.21,1203.59
2019-11-01 15:00:00,16.81,1295.86
2019-11-01 16:00:00,16.38,1319.75
2019-11-01 17:00:00,15.12,1444.34
2019-11-01 18:00:00,13.74,1476.84
2019-11-01 19:00:00,11.21,1419.36
2019-11-01 20:00:00,10.0,1429.41
2019-11-01 21:00:00,7.5,1401.53
2019-11-01 22:00:00,6.11,1441.55
2019-11-01 23:00:00,4.83,
2019-11-02 00:00:00,3.43,1396.1
2019-11-02 01:00:00,6.49,1197.89
2019-11-02 02:00:00,7.04,1117.75
2019-11-02 03:00:00,7.23,1134.44
2019-11-02 04:00:00,9.2,1135.0
2019-11-02 05:00:00,9.93,1167.94
2019-11-02 06:00:00,10.4,1225.22
2019-11-02 07:00:00,11.32,1170.78
2019-11-02 08:00:00,11.12,1213.7
2019-11-02 09:00:00,11.27,1256.0
2019-11-02 10:00:00,11.51,1214.55
2019-11-02 11:00:00,12.33,1167.7
2019-11-02 12:00:00,12.32,1084.34
2019-11-02 13:00:00,11.81,1071.08
2019-11-02 14:00:00,13.0,1089.81
2019-11-02 15:00:00,13.5,1104.67
2019-11-02 16:00:00,13.28,1164.29
2019-11-02 17:00:00,10.65,1252.37
2019-11-02 18:00:00,10.45,1294.64
2019-11-02 19:00:00,10.37,1294.8
2019-11-02 20:00:00,10.39,1266.59
2019-11-02 21:00:00,9.71,1317.05
2019-11-02 22:00:00,10.1,1253.55
2019-11-02 23:00:00,8.35,1239.58
2019-11-03 00:00:00,6.74,1223.52
2019-11-03 01:00:00,4.76,1228.94
2019-11-03 02:00:00,4.7,1211.39
2019-11-03 03:00:00,6.24,1131.88
2019-11-03 04:00:00,7.02,1130.75
2019-11-03 05:00:00,7.61,1193.08
2019-11-03 06:00:00,8.77,1240.5
2019-11-03 07:00:00,10.64,1195.43
2019-11-03 08:00:00,12.43,1253.13
2019-11-03 09:00:00,13.4,1249.04
2019-11-03 10:00:00,14.59,1127.36
2019-11-03 11:00:00,15.71,1120.46
2019-11-03 12:00:00,15.16,1077.72
2019-11-03 13:00:00,15.14,1049.16
2019-11-03 14:00:00,14.02,1100.53
2019-11-03 15:00:00,12.42,1081.67
2019-11-03 16:00:00,10.81,1201.04
2019-11-03 17:00:00,9.63,1247.6
2019-11-03 18:00:00,8.89,1316.22
2019-11-03 19:00:00,7.9,1363.81
2019-11-03 20:00:00,9.35,
2019-11-03 21:00:00,9.35,1381.01
2019-11-03 22:00:00,9.39,1229.65
2019-11-03 23:00:00,8.55,1252.87
2019-11-04 00:00:00,6.94,1268.01
2019-11-04 01:00:00,6.64,1227.21
2019-11-04 02:00:00,7.1,1221.44
2019-11-04 03:00:00,6.8,1178.41
2019-11-04 04:00:00,6.79,1227.94
2019-11-04 05:00:00,6.1,1290.68
2019-11-04 06:00:00,7.4,1321.1
2019-11-04 07:00:00,7.58,1439.82
2019-11-04 08:00:00,8.64,1468.68
2019-11-04 09:00:00,9.12,1456.61
2019-11-04 10:00:00,10.53,1399.01
2019-11-04 11:00:00,13.05,1276.7
2019-11-04 12:00:00,11.06,1270.77
2019-11-04 13:00:00,12.46,1266.53
2019-11-04 14:00:00,11.14,1291.96
2019-11-04 15:00:00,11.48,1348.99
2019-11-04 16:00:00,11.92,1348.03
2019-11-04 17:00:00,11.52,1403.05
2019-11-04 18:00:00,10.83,1488.24
2019-11-04 19:00:00,10.79,1466.9
2019-11-04 20:00:00,12.36,1418.19
2019-11-04 21:00:00,10.15,1371.13
2019-11-04 22:00:00,7.97,1406.94
2019-11-04 23:00:00,8.59,1343.78
2019-11-05 00:00:00,7.47,1294.08
2019-11-05 01:00:00,7.77,1250.1
2019-11-05 02:00:00,7.62,1242.93
2019-11-05 03:00:00,6.56,1191.28
2019-11-05 04:00:00,7.91,1182.95
2019-11-05 05:00:00,9.47,1209.16
2019-11-05 06:00:00,10.1,1303.21
2019-11-05 07:00:00,11.61,1386.34
2019-11-05 08:00:00,9.7,1459.68
2019-11-05 09:00:00,11.84,1378.13
2019-11-05 10:00:00,12.17,1385.94
2019-11-05 11:00:00,12.66,1309.02
2019-11-05 12:00:00,12.33,1269.73
2019-11-05 13:00:00,12.47,1244.23
2019-11-05 14:00:00,12.13,1284.74
2019-11-05 15:00:00,11.46,1277.01
2019-11-05 16:00:00,10.81,1340.45
2019-11-05 17:00:00,8.46,1518.22
2019-11-05 18:00:00,9.14,1508.76
2019-11-05 19:00:00,6.1,1581.78
2019-11-05 20:00:00,4.68,1541.54
2019-11-05 21:00:00,3.92,1564.93
2019-11-05 22:00:00,1.54,1508.03
2019-11-05 23:00:00,1.02,1566.33
2019-11-06 00:00:00,1.58,1411.16
2019-11-06 01:00:00,2.37,1362.91
2019-11-06 02:00:00,2.84,1332.74
2019-11-06 03:00:00,3.2,1257.26
2019-11-06 04:00:00,4.58,1230.73
2019-11-06 05:00:00,5.85,1351.91
2019-11-06 06:00:00,6.94,1341.11
2019-11-06 07:00:00,7.79,1421.3
2019-11-06 08:00:00,10.27,1420.05
2019-11-06 09:00:00,10.64,1431.88
2019-11-06 10:00:00,10.85,1426.87
2019-11-06 11:00:00,12.24,1330.34
2019-11-06 12:00:00,13.1,1279.14
2019-11-06 13:00:00,15.29,1232.07
2019-11-06 14:00:00,14.53,1252.27
2019-11-06 15:00:00,13.77,1300.16
2019-11-06 16:00:00,13.27,1306.47
2019-11-06 17:00:00,14.05,1400.12
2019-11-06 18:00:00,12.22,1480.68
2019-11-06 19:00:00,11.2,1458.91
2019-11-06 20:00:00,9.17,1531.22
2019-11-06 21:00:00,8.74,1418.64
2019-11-06 22:00:00,9.03,1337.62
2019-11-06 23:00:00,9.28,1297.79
2019-11-07 00:00:00,7.09,1255.1
2019-11-07 01:00:00,5.53,1320.84
2019-11-07 02:00:00,5.56,1246.91
2019-11-07 03:00:00,6.16,1197.2
2019-11-07 04:00:00,5.2,1245.08
2019-11-07 05:00:00,6.31,1330.24
2019-11-07 06:00:00,6.94,1324.69
2019-11-07 07:00:00,8.59,1410.37
2019-11-07 08:00:00,8.73,1441.69
2019-11-07 09:00:00,9.51,1455.29
2019-11-07 10:00:00,9.7,1380.7
2019-11-07 11:00:00,9.14,1361.74
2019-11-07 12:00:00,9.78,1345.76
2019-11-07 13:00:00,8.59,1284.42
2019-11-07 14:00:00,7.76,1375.47
2019-11-07 15:00:00,5.72,1482.51
2019-11-07 16:00:00,4.61,1488.35
2019-11-07 17:00:00,3.36,1611.53
2019-11-07 18:00:00,2.71,1627.93
2019-11-07 19:00:00,1.1,1728.96
2019-11-07 20:00:00,-0.12,1775.8
2019-11-07 21:00:00,-2.5,1785.97
2019-11-07 22:00:00,-2.6,1663.16
2019-11-07 23:00:00,-1.15,1623.57
2019-11-08 00:00:00,0.32,1416.95
2019-11-08 01:00:00,0.84,1363.2
2019-11-08 02:00:00,0.92,1365.87
2019-11-08 03:00:00,3.58,1278.4
2019-11-08 04:00:00,2.41,1319.91
2019-11-08 05:00:00,2.93,1374.07
2019-11-08 06:00:00,5.12,1410.35
2019-11-08 07:00:00,6.84,1436.92
2019-11-08 08:00:00,8.28,1451.83
2019-11-08 09:00:00,8.93,1466.28
2019-11-08 10:00:00,10.67,1384.51
2019-11-08 11:00:00,13.45,1315.97
2019-11-08 12:00:00,15.36,1255.48
2019-11-08 13:00:00,15.9,1250.1
2019-11-08 14:00:00,16.46,1244.66
2019-11-08 15:00:00,14.94,1273.89
2019-11-08 16:00:00,13.52,1369.59
2019-11-08 17:00:00,12.31,1454.78
2019-11-08 18:00:00,11.29,1540.45
2019-11-08 19:00:00,9.81,1541.16
2019-11-08 20:00:00,10.48,1378.35
2019-11-08 21:00:00,8.54,1380.05
2019-11-08 22:00:00,7.14,1362.84
2019-11-08 23:00:00,6.32,1386.72
2019-11-09 00:00:00,5.35,1242.76
2019-11-09 01:00:00,3.65,
2019-11-09 02:00:00,4.88,1209.55
2019-11-09 03:00:00,5.61,1174.57
2019-11-09 04:00:00,5.83,1225.14
2019-11-09 05:00:00,8.28,1228.24
2019-11-09 06:00:00,9.56,1263.92
2019-11-09 07:00:00,8.73,1228.55
2019-11-09 08:00:00,10.39,1268.86
2019-11-09 09:00:00,11.31,1253.46
2019-11-09 10:00:00,11.95,1217.36
2019-11-09 11:00:00,13.31,1125.76
2019-11-09 12:00:00,13.92,1068.19
2019-11-09 13:00:00,12.48,1095.99
2019-11-09 14:00:00,12.71,1096.99
2019-11-09 15:00:00,13.67,1109.97
2019-11-09 16:00:00,12.14,1178.92
2019-11-09 17:00:00,10.22,1290.45
2019-11-09 18:00:00,7.86,1405.17
2019-11-09 19:00:00,7.83,1251.38
2019-11-09 20:00:00,9.17,1289.26
2019-11-09 21:00:00,9.04,1373.13
2019-11-09 22:00:00,6.46,1300.93
2019-11-09 23:00:00,7.12,1288.15
2019-11-10 00:00:00,4.6,1348.52
2019-11-10 01:00:00,3.34,1288.22
2019-11-10 02:00:00,3.89,1222.12
2019-11-10 03:00:00,3.44,1271.85
2019-11-10 04:00:00,4.98,1218.83
2019-11-10 05:00:00,6.91,1218.36
2019-11-10 06:00:00,6.66,1315.98
2019-11-10 07:00:00,8.97,1203.67
2019-11-10 08:00:00,9.43,1277.74
2019-11-10 09:00:00,12.53,1244.76
2019-11-10 10:00:00,12.91,1186.56
2019-11-10 11:00:00,13.7,1125.96
2019-11-10 12:00:00,14.37,1053.43
2019-11-10 13:00:00,14.01,1055.97
2019-11-10 14:00:00,13.67,1027.47
2019-11-10 15:00:00,12.18,1147.26
2019-11-10 16:00:00,11.46,1156.6
2019-11-10 17:00:00,11.77,1259.12
2019-11-10 18:00:00,11.58,1293.81
2019-11-10 19:00:00,12.43,
2019-11-10 20:00:00,12.23,1209.83
2019-11-10 21:00:00,10.25,1304.55
2019-11-10 22:00:00,9.37,1259.9
2019-11-10 23:00:00,10.03,1229.74
2019-11-11 00:00:00,10.59,1206.63
2019-11-11 01:00:00,10.71,1212.5
2019-11-11 02:00:00,9.84,1138.32
2019-11-11 03:00:00,9.89,1168.24
2019-11-11 04:00:00,10.93,1152.24
2019-11-11 05:00:00,13.37,
2019-11-11 06:00:00,11.99,1273.68
2019-11-11 07:00:00,13.15,1344.22
2019-11-11 08:00:00,14.92,1401.13
2019-11-11 09:00:00,15.85,1365.04
2019-11-11 10:00:00,15.4,1333.3
2019-11-11 11:00:00,14.86,1313.72
2019-11-11 12:00:00,15.7,1242.25
2019-11-11 13:00:00,15.31,1246.55
2019-11-11 14:00:00,14.9,1265.47
2019-11-11 15:00:00,13.93,1256.78
2019-11-11 16:00:00,10.88,1366.13
2019-11-11 17:00:00,8.67,1441.87
2019-11-11 18:00:00,6.38,1543.15
2019-11-11 19:00:00,4.54,1641.17
2019-11-11 20:00:00,3.48,1571.57
2019-11-11 21:00:00,1.96,1576.02
2019-11-11 22:00:00,1.45,1547.47
2019-11-11 23:00:00,1.28,1493.0
2019-11-12 00:00:00,1.33,1424.14
2019-11-12 01:00:00,0.89,1416.64
2019-11-12 02:00:00,2.32,1305.25
2019-11-12 03:00:00,1.91,1351.86
2019-11-12 04:00:00,4.85,1255.7
2019-11-12 05:00:00,4.7,1339.57
2019-11-12 06:00:00,7.85,1281.7
2019-11-12 07:00:00,7.74,1416.56
2019-11-12 08:00:00,7.49,1466.72
2019-11-12 09:00:00,9.08,1454.86
2019-11-12 10:00:00,9.48,1394.03
2019-11-12 11:00:00,12.11,1297.75
2019-11-12 12:00:00,13.3,1257.24
2019-11-12 13:00:00,13.41,1249.53
2019-11-12 14:00:00,11.66,1267.4
2019-11-12 15:00:00,11.72,1333.77
2019-11-12 16:00:00,11.85,1340.72
2019-11-12 17:00:00,10.41,1415.17
2019-11-12 18:00:00,9.73,1461.53
2019-11-12 19:00:00,10.63,1458.96
2019-11-12 20:00:00,9.64,1443.94
2019-11-12 21:00:00,8.03,1430.47
2019-11-12 22:00:00,8.51,1303.87
2019-11-12 23:00:00,8.2,1344.37
2019-11-13 00:00:00,6.13,1255.42
2019-11-13 01:00:00,5.79,1254.42
2019-11-13 02:00:00,5.64,1190.56
2019-11-13 03:00:00,5.37,1235.69
2019-11-13 04:00:00,6.25,1229.36
2019-11-13 05:00:00,6.27,1274.48
2019-11-13 06:00:00,6.12,1365.71
2019-11-13 07:00:00,6.91,1472.24
2019-11-13 08:00:00,6.62,1453.17
2019-11-13 09:00:00,7.76,1471.39
2019-11-13 10:00:00,8.91,1431.78
2019-11-13 11:00:00,9.36,1381.44
2019-11-13 12:00:00,8.78,1342.03
2019-11-13 13:00:00,7.85,1296.59
2019-11-13 14:00:00,8.37,1367.62
2019-11-13 15:00:00,7.88,1366.67
2019-11-13 16:00:00,5.21,1517.72
2019-11-13 17:00:00,4.17,1629.75
2019-11-13 18:00:00,1.23,1773.67
2019-11-13 19:00:00,1.79,1744.07
2019-11-13 20:00:00,2.13,1716.98
2019-11-13 21:00:00,2.44,1630.18
2019-11-13 22:00:00,0.47,1608.36
2019-11-13 23:00:00,-0.26,1560.46
2019-11-14 00:00:00,-0.36,1440.75
2019-11-14 01:00:00,-1.17,1478.95
2019-11-14 02:00:00,0.42,1408.02
2019-11-14 03:00:00,1.88,1352.92
2019-11-14 04:00:00,2.43,1355.74
2019-11-14 05:00:00,3.32,1387.33
2019-11-14 06:00:00,3.71,1412.25
2019-11-14 07:00:00,4.42,1478.83
2019-11-14 08:00:00,3.65,1590.61
2019-11-14 09:00:00,4.32,1624.81
2019-11-14 10:00:00,4.24,1541.31
2019-11-14 11:00:00,5.64,1425.89
2019-11-14 12:00:00,5.18,1473.02
2019-11-14 13:00:00,3.46,1468.06
2019-11-14 14:00:00,2.38,1567.98
2019-11-14 15:00:00,1.63,1677.04
2019-11-14 16:00:00,1.02,1634.84
2019-11-14 17:00:00,0.38,1764.8
2019-11-14 18:00:00,-0.16,1816.96
2019-11-14 19:00:00,-0.49,1775.79
2019-11-14 20:00:00,-0.93,1704.6
2019-11-14 21:00:00,-1.47,1713.26
2019-11-14 22:00:00,-1.4,1662.02
2019-11-14 23:00:00,-1.47,1599.56
2019-11-15 00:00:00,-0.27,1472.52
2019-11-15 01:00:00,-1.24,1388.35
2019-11-15 02:00:00,-1.2,1440.57
2019-11-15 03:00:00,-1.2,1471.1
2019-11-15 04:00:00,-2.63,1452.17
2019-11-15 05:00:00,-1.13,1503.88
2019-11-15 06:00:00,0.12,1493.97
2019-11-15 07:00:00,0.91,1609.05
2019-11-15 08:00:00,0.75,1665.09
2019-11-15 09:00:00,2.46,1689.33
2019-11-15 10:00:00,3.36,1585.46
2019-11-15 11:00:00,3.32,1590.02
2019-11-15 12:00:00,3.86,1485.19
2019-11-15 13:00:00,3.93,1479.36
2019-11-15 14:00:00,4.57,1417.84
2019-11-15 15:00:00,4.06,1483.86
2019-11-15 16:00:00,2.79,1562.89
2019-11-15 17:00:00,2.02,1621.55
2019-11-15 18:00:00,1.03,1763.48
2019-11-15 19:00:00,0.52,1746.54
2019-11-15 20:00:00,-0.21,1720.4
2019-11-15 21:00:00,-1.26,1723.08
2019-11-15 22:00:00,-1.82,1616.8
2019-11-15 23:00:00,-1.77,1573.44
2019-11-16 00:00:00,-1.98,1504.26
2019-11-16 01:00:00,-2.41,1513.41
2019-11-16 02:00:00,-3.24,1450.57
2019-11-16 03:00:00,-2.83,1525.09
2019-11-16 04:00:00,-3.05,1406.41
2019-11-16 05:00:00,-1.54,1486.34
2019-11-16 06:00:00,-1.07,1528.08
2019-11-16 07:00:00,-1.42,1512.29
2019-11-16 08:00:00,0.46,1487.99
2019-11-16 09:00:00,2.58,1423.37
2019-11-16 10:00:00,5.16,1355.84
2019-11-16 11:00:00,5.84,1276.48
2019-11-16 12:00:00,5.73,1230.8
2019-11-16 13:00:00,6.09,1151.42
2019-11-16 14:00:00,6.4,1232.69
2019-11-16 15:00:00,6.33,
2019-11-16 16:00:00,7.17,1225.27
2019-11-16 17:00:00,6.45,1319.8
2019-11-16 18:00:00,3.78,1473.46
2019-11-16 19:00:00,2.96,1505.62
2019-11-16 20:00:00,1.06,1602.04
2019-11-16 21:00:00,0.44,1603.69
2019-11-16 22:00:00,-0.04,1493.74
2019-11-16 23:00:00,-0.62,1517.98
2019-11-17 00:00:00,-1.46,1505.97
2019-11-17 01:00:00,-1.26,1407.5
2019-11-17 02:00:00,-0.3,1340.04
2019-11-17 03:00:00,0.23,1289.76
2019-11-17 04:00:00,1.68,1310.52
2019-11-17 05:00:00,0.56,1423.0
2019-11-17 06:00:00,2.28,1466.69
2019-11-17 07:00:00,4.6,1310.56
2019-11-17 08:00:00,5.86,1362.43
2019-11-17 09:00:00,8.5,1270.32
2019-11-17 10:00:00,8.74,1257.25
2019-11-17 11:00:00,8.28,1168.65
2019-11-17 12:00:00,8.18,
2019-11-17 13:00:00,7.22,1189.52
2019-11-17 14:00:00,6.49,1192.7
2019-11-17 15:00:00,6.35,1306.23
2019-11-17 16:00:00,5.75,1338.37
2019-11-17 17:00:00,5.97,1373.62
2019-11-17 18:00:00,5.97,1442.47
2019-11-17 19:00:00,5.05,1456.64
2019-11-17 20:00:00,2.86,1450.58
2019-11-17 21:00:00,0.54,1617.9
2019-11-17 22:00:00,-1.12,1543.27
2019-11-17 23:00:00,-1.09,1513.52
2019-11-18 00:00:00,-2.45,
2019-11-18 01:00:00,-1.46,1456.36
2019-11-18 02:00:00,-1.85,1510.29
2019-11-18 03:00:00,-1.63,
2019-11-18 04:00:00,0.29,1399.1
2019-11-18 05:00:00,0.77,1461.81
2019-11-18 06:00:00,0.36,1552.89
2019-11-18 07:00:00,1.83,1618.47
2019-11-18 08:00:00,1.86,1611.6
2019-11-18 09:00:00,0.81,1689.35
2019-11-18 10:00:00,1.47,1657.55
2019-11-18 11:00:00,3.9,1523.35
2019-11-18 12:00:00,4.81,1445.24
2019-11-18 13:00:00,3.29,1531.33
2019-11-18 14:00:00,3.92,1517.44
2019-11-18 15:00:00,2.67,1588.84
2019-11-18 16:00:00,1.63,
2019-11-18 17:00:00,-1.81,1831.73
2019-11-18 18:00:00,-3.25,2030.26
2019-11-18 19:00:00,-2.11,1948.73
2019-11-18 20:00:00,-1.6,1774.9
2019-11-18 21:00:00,-1.32,1710.08
2019-11-18 22:00:00,-1.74,1612.64
2019-11-18 23:00:00,-1.46,1579.37
2019-11-19 00:00:00,-1.32,1492.68
2019-11-19 01:00:00,-1.29,1480.75
2019-11-19 02:00:00,-1.2,1437.43
2019-11-19 03:00:00,0.39,1388.63
2019-11-19 04:00:00,1.25,1380.78
2019-11-19 05:00:00,3.54,1384.89
2019-11-19 06:00:00,5.43,1391.79
2019-11-19 07:00:00,7.96,1370.2
2019-11-19 08:00:00,6.5,1500.21
2019-11-19 09:00:00,7.3,1482.55
2019-11-19 10:00:00,8.12,1417.06
2019-11-19 11:00:00,6.41,1440.93
2019-11-19 12:00:00,7.81,1368.87
2019-11-19 13:00:00,7.92,1303.86
2019-11-19 14:00:00,7.4,1398.62
2019-11-19 15:00:00,6.76,1479.85
2019-11-19 16:00:00,5.44,1473.06
2019-11-19 17:00:00,4.41,1575.19
2019-11-19 18:00:00,3.55,1649.67
2019-11-19 19:00:00,2.64,1673.39
2019-11-19 20:00:00,0.76,1744.44
2019-11-19 21:00:00,-0.02,1641.54
2019-11-19 22:00:00,0.03,1558.58
2019-11-19 23:00:00,0.19,1537.73
2019-11-20 00:00:00,-0.77,1470.94
2019-11-20 01:00:00,0.68,1423.76
2019-11-20 02:00:00,2.12,1313.01
2019-11-20 03:00:00,1.36,1340.21
2019-11-20 04:00:00,3.63,1319.18
2019-11-20 05:00:00,3.52,1360.85
2019-11-20 06:00:00,4.93,1409.05
2019-11-20 07:00:00,6.66,1442.23
2019-11-20 08:00:00,7.72,1462.1
2019-11-20 09:00:00,8.76,1459.24
2019-11-20 10:00:00,8.05,1429.94
2019-11-20 11:00:00,8.66,1387.2
2019-11-20 12:00:00,9.85,1303.15
2019-11-20 13:00:00,8.23,1317.58
2019-11-20 14:00:00,5.98,1442.47
2019-11-20 15:00:00,5.22,1440.6
2019-11-20 16:00:00,3.7,1545.86
2019-11-20 17:00:00,1.5,1684.48
2019-11-20 18:00:00,-0.26,1773.08
2019-11-20 19:00:00,-1.28,1816.44
2019-11-20 20:00:00,-2.78,1835.98
2019-11-20 21:00:00,-3.86,1736.65
2019-11-20 22:00:00,-4.19,1696.93
2019-11-20 23:00:00,-4.5,1666.16
2019-11-21 00:00:00,-5.03,1603.95
2019-11-21 01:00:00,-4.78,1644.49
2019-11-21 02:00:00,-4.18,1560.33
2019-11-21 03:00:00,-3.4,1500.56
2019-11-21 04:00:00,-2.6,1497.46
2019-11-21 05:00:00,-2.39,1516.66
2019-11-21 06:00:00,-0.71,1556.2
2019-11-21 07:00:00,-0.89,1653.45
2019-11-21 08:00:00,0.74,1707.99
2019-11-21 09:00:00,1.74,1654.26
2019-11-21 10:00:00,2.48,1652.64
2019-11-21 11:00:00,2.31,1574.38
2019-11-21 12:00:00,2.61,1498.93
2019-11-21 13:00:00,1.61,1599.96
2019-11-21 14:00:00,2.47,1551.68
2019-11-21 15:00:00,4.87,1443.26
2019-11-21 16:00:00,4.67,1455.83
2019-11-21 17:00:00,2.96,1683.55
2019-11-21 18:00:00,2.49,1618.81
2019-11-21 19:00:00,0.95,1698.84
2019-11-21 20:00:00,0.46,1762.24
2019-11-21 21:00:00,-0.64,1693.96
2019-11-21 22:00:00,-1.22,1662.97
2019-11-21 23:00:00,-0.75,1619.29
2019-11-22 00:00:00,0.44,1426.42
2019-11-22 01:00:00,1.17,1398.36
2019-11-22 02:00:00,0.8,
2019-11-22 03:00:00,1.16,1338.94
2019-11-22 04:00:00,1.9,1363.38
2019-11-22 05:00:00,2.13,1436.08
2019-11-22 06:00:00,2.43,
2019-11-22 07:00:00,3.95,1504.42
2019-11-22 08:00:00,3.79,1581.46
2019-11-22 09:00:00,5.04,1555.67
2019-11-22 10:00:00,6.51,1483.28
2019-11-22 11:00:00,6.12,1435.8
2019-11-22 12:00:00,8.23,1341.48
2019-11-22 13:00:00,9.3,1333.74
2019-11-22 14:00:00,8.55,1345.1
2019-11-22 15:00:00,8.06,1396.49
2019-11-22 16:00:00,6.45,1467.33
2019-11-22 17:00:00,4.47,1546.39
2019-11-22 18:00:00,5.78,1600.0
2019-11-22 19:00:00,4.36,1654.51
2019-11-22 20:00:00,3.74,
2019-11-22 21:00:00,3.63,1544.0
2019-11-22 22:00:00,2.4,1487.46
2019-11-22 23:00:00,2.61,1491.13
2019-11-23 00:00:00,3.08,1341.17
2019-11-23 01:00:00,4.39,1241.81
2019-11-23 02:00:00,5.82,1212.96
2019-11-23 03:00:00,7.44,1174.59
2019-11-23 04:00:00,10.15,1110.86
2019-11-23 05:00:00,10.12,1159.67
2019-11-23 06:00:00,10.12,1191.01
2019-11-23 07:00:00,10.25,1181.99
2019-11-23 08:00:00,11.53,1218.08
2019-11-23 09:00:00,12.66,1231.1
2019-11-23 10:00:00,13.24,1187.44
2019-11-23 11:00:00,13.95,1140.43
2019-11-23 12:00:00,12.65,1097.74
2019-11-23 13:00:00,10.89,1067.76
2019-11-23 14:00:00,10.95,1075.68
2019-11-23 15:00:00,11.15,1187.86
2019-11-23 16:00:00,8.79,1258.1
2019-11-23 17:00:00,8.74,1258.32
2019-11-23 18:00:00,8.86,1335.72
2019-11-23 19:00:00,8.53,1399.89
2019-11-23 20:00:00,6.41,1309.87
2019-11-23 21:00:00,5.31,1419.22
2019-11-23 22:00:00,3.87,1402.97
2019-11-23 23:00:00,4.59,1402.58
2019-11-24 00:00:00,4.09,1317.29
2019-11-24 01:00:00,2.88,1265.14
2019-11-24 02:00:00,2.38,1219.84
2019-11-24 03:00:00,2.06,1274.6
2019-11-24 04:00:00,3.4,1300.93
2019-11-24 05:00:00,3.28,1346.28
2019-11-24 06:00:00,5.77,1349.69
2019-11-24 07:00:00,6.67,1299.46
2019-11-24 08:00:00,8.47,1272.51
2019-11-24 09:00:00,10.44,1262.94
2019-11-24 10:00:00,10.65,1186.21
2019-11-24 11:00:00,11.09,1175.02
2019-11-24 12:00:00,11.24,1073.48
2019-11-24 13:00:00,9.44,1115.08
2019-11-24 14:00:00,9.02,1128.81
2019-11-24 15:00:00,8.68,1171.87
2019-11-24 16:00:00,7.86,1275.01
2019-11-24 17:00:00,5.71,1347.55
2019-11-24 18:00:00,5.84,1398.57
2019-11-24 19:00:00,3.23,1535.65
2019-11-24 20:00:00,2.24,1399.03
2019-11-24 21:00:00,1.7,1581.61
2019-11-24 22:00:00,1.58,1516.93
2019-11-24 23:00:00,2.49,1429.49
2019-11-25 00:00:00,3.5,1329.67
2019-11-25 01:00:00,4.8,1287.47
2019-11-25 02:00:00,5.92,1258.5
2019-11-25 03:00:00,6.98,1142.78
2019-11-25 04:00:00,6.99,1201.12
2019-11-25 05:00:00,7.71,1276.97
2019-11-25 06:00:00,8.17,1326.61
2019-11-25 07:00:00,9.44,1368.11
2019-11-25 08:00:00,10.27,1425.25
2019-11-25 09:00:00,11.01,1388.19
2019-11-25 10:00:00,9.95,1369.12
2019-11-25 11:00:00,9.27,1364.36
2019-11-25 12:00:00,9.15,1278.41
2019-11-25 13:00:00,9.33,1281.6
2019-11-25 14:00:00,6.14,1380.42
2019-11-25 15:00:00,6.27,1439.81
2019-11-25 16:00:00,7.69,1472.79
2019-11-25 17:00:00,7.03,1508.39
2019-11-25 18:00:00,4.32,1636.49
2019-11-25 19:00:00,2.62,1616.21
2019-11-25 20:00:00,1.69,1657.29
2019-11-25 21:00:00,0.11,1707.52
2019-11-25 22:00:00,-0.16,1658.32
2019-11-25 23:00:00,0.02,1511.0
2019-11-26 00:00:00,0.54,1469.43
2019-11-26 01:00:00,1.44,1399.46
2019-11-26 02:00:00,2.75,1329.76
2019-11-26 03:00:00,1.29,1350.35
2019-11-26 04:00:00,0.15,1407.69
2019-11-26 05:00:00,2.27,1409.07
2019-11-26 06:00:00,4.87,1440.97
2019-11-26 07:00:00,5.2,1495.44
2019-11-26 08:00:00,4.54,1598.93
2019-11-26 09:00:00,3.98,1579.41
2019-11-26 10:00:00,3.63,1605.0
2019-11-26 11:00:00,3.29,1535.57
2019-11-26 12:00:00,3.85,1494.73
2019-11-26 13:00:00,5.04,1461.44
2019-11-26 14:00:00,4.3,1501.17
2019-11-26 15:00:00,2.5,1523.07
2019-11-26 16:00:00,2.68,1578.78
2019-11-26 17:00:00,2.11,1689.93
2019-11-26 18:00:00,1.92,1663.75
2019-11-26 19:00:00,0.81,1789.33
2019-11-26 20:00:00,-3.08,1836.41
2019-11-26 21:00:00,-4.41,1780.78
2019-11-26 22:00:00,-5.42,1885.92
2019-11-26 23:00:00,-4.66,1726.26
2019-11-27 00:00:00,-5.56,1615.86
2019-11-27 01:00:00,-3.64,1473.44
2019-11-27 02:00:00,-3.53,1500.07
2019-11-27 03:00:00,-4.89,1435.25
2019-11-27 04:00:00,-6.14,1591.73
2019-11-27 05:00:00,-3.95,1583.78
2019-11-27 06:00:00,-1.73,1588.4
2019-11-27 07:00:00,-0.58,
2019-11-27 08:00:00,-1.14,
2019-11-27 09:00:00,-0.6,1710.91
2019-11-27 10:00:00,-1.22,1689.21
2019-11-27 11:00:00,-1.1,1582.64
2019-11-27 12:00:00,-1.6,1568.61
2019-11-27 13:00:00,-2.63,1619.99
2019-11-27 14:00:00,-3.78,1657.07
2019-11-27 15:00:00,-3.26,1692.85
2019-11-27 16:00:00,-5.69,1891.09
2019-11-27 17:00:00,-7.42,2069.89
2019-11-27 18:00:00,-9.9,2126.84
2019-11-27 19:00:00,-10.23,2128.91
2019-11-27 20:00:00,-11.86,2136.08
2019-11-27 21:00:00,-11.77,2155.68
2019-11-27 22:00:00,-13.06,2195.63
2019-11-27 23:00:00,-13.84,2237.69
2019-11-28 00:00:00,-13.72,
2019-11-28 01:00:00,-12.03,1783.78
2019-11-28 02:00:00,-9.67,1632.3
2019-11-28 03:00:00,-9.28,1551.01
2019-11-28 04:00:00,-10.72,1696.86
2019-11-28 05:00:00,-9.84,1733.38
2019-11-28 06:00:00,-9.02,1782.94
2019-11-28 07:00:00,-7.89,
2019-11-28 08:00:00,-7.31,1711.41
2019-11-28 09:00:00,-6.85,1649.28
2019-11-28 10:00:00,-5.38,1617.1
2019-11-28 11:00:00,-5.04,1500.81
2019-11-28 12:00:00,-4.38,1475.29
2019-11-28 13:00:00,-3.44,
2019-11-28 14:00:00,-1.51,
2019-11-28 15:00:00,-0.72,1418.87
2019-11-28 16:00:00,-1.29,1420.41
2019-11-28 17:00:00,-1.47,
2019-11-28 18:00:00,-2.82,1537.6
2019-11-28 19:00:00,-2.67,
2019-11-28 20:00:00,-4.69,1672.01
2019-11-28 21:00:00,-3.81,1701.58
2019-11-28 22:00:00,-4.31,1649.75
2019-11-28 23:00:00,-5.73,
2019-11-29 00:00:00,-5.51,1642.56
2019-11-29 01:00:00,-6.7,1587.47
2019-11-29 02:00:00,-7.33,1624.67
2019-11-29 03:00:00,-6.85,1569.66
2019-11-29 04:00:00,-5.63,1591.9
2019-11-29 05:00:00,-5.48,1663.78
2019-11-29 06:00:00,-4.24,1716.68
2019-11-29 07:00:00,-0.49,
2019-11-29 08:00:00,-0.5,
2019-11-29 09:00:00,0.1,1625.67
2019-11-29 10:00:00,1.62,1527.1
2019-11-29 11:00:00,0.86,1498.04
2019-11-29 12:00:00,2.94,1395.19
2019-11-29 13:00:00,3.67,1329.07
2019-11-29 14:00:00,2.61,1438.32
2019-11-29 15:00:00,0.82,1535.96
2019-11-29 16:00:00,0.86,1535.3
2019-11-29 17:00:00,1.0,1561.01
2019-11-29 18:00:00,0.16,1707.74
2019-11-29 19:00:00,-0.69,1769.57
2019-11-29 20:00:00,-2.34,1705.22
2019-11-29 21:00:00,-1.98,1728.26
2019-11-29 22:00:00,-2.38,1603.72
2019-11-29 23:00:00,-3.1,1613.1
2019-11-30 00:00:00,-2.91,1514.14
2019-11-30 01:00:00,-2.83,1500.42
2019-11-30 02:00:00,-2.12,1405.99
2019-11-30 03:00:00,-0.61,1308.64
2019-11-30 04:00:00,-1.75,1387.33
2019-11-30 05:00:00,-1.23,1453.41
2019-11-30 06:00:00,1.09,1496.64
2019-11-30 07:00:00,2.69,1344.25
2019-11-30 08:00:00,4.6,1395.48
2019-11-30 09:00:00,6.26,1346.92
2019-11-30 10:00:00,7.75,1283.48
2019-11-30 11:00:00,9.39,1092.0
2019-11-30 12:00:00,9.33,1137.69
2019-11-30 13:00:00,8.28,1172.94
2019-11-30 14:00:00,8.59,1147.08
2019-11-30 15:00:00,7.17,1256.28
2019-11-30 16:00:00,5.06,1375.94
2019-11-30 17:00:00,4.35,1497.37
2019-11-30 18:00:00,3.51,1420.14
2019-11-30 19:00:00,1.46,1566.1
2019-11-30 20:00:00,1.01,1494.69
2019-11-30 21:00:00,-0.37,1596.88
2019-11-30 22:00:00,-0.12,1528.71
2019-11-30 23:00:00,-1.05,1469.25
2019-12-01 00:00:00,-2.01,1576.49
2019-12-01 01:00:00,-2.15,1517.3
2019-12-01 02:00:00,-2.13,1435.78
2019-12-01 03:00:00,-0.4,1421.04
2019-12-01 04:00:00,1.85,1366.66
2019-12-01 05:00:00,3.59,1366.32
2019-12-01 06:00:00,4.87,1410.69
2019-12-01 07:00:00,7.04,1286.51
2019-12-01 08:00:00,7.18,1374.08
2019-12-01 09:00:00,8.85,1328.22
2019-12-01 10:00:00,9.81,1209.71
2019-12-01 11:00:00,9.61,1199.22
2019-12-01 12:00:00,9.21,1194.85
2019-12-01 13:00:00,10.11,1184.07
2019-12-01 14:00:00,10.07,1194.74
2019-12-01 15:00:00,8.92,1257.94
2019-12-01 16:00:00,8.88,1295.19
2019-12-01 17:00:00,7.86,1389.33
2019-12-01 18:00:00,6.17,1496.56
2019-12-01 19:00:00,5.63,1496.37
2019-12-01 20:00:00,5.56,1480.58
2019-12-01 21:00:00,4.08,1606.02
2019-12-01 22:00:00,3.19,1527.34
2019-12-01 23:00:00,1.23,1473.36
2019-12-02 00:00:00,-0.2,1497.84
2019-12-02 01:00:00,1.05,1475.1
2019-12-02 02:00:00,2.39,1370.23
2019-12-02 03:00:00,3.69,1351.93
2019-12-02 04:00:00,6.7,1264.64
2019-12-02 05:00:00,7.36,1312.54
2019-12-02 06:00:00,7.38,1380.32
2019-12-02 07:00:00,9.37,1474.57
2019-12-02 08:00:00,8.79,1545.43
2019-12-02 09:00:00,8.95,1516.62
2019-12-02 10:00:00,9.94,1472.67
2019-12-02 11:00:00,10.51,1408.26
2019-12-02 12:00:00,9.95,1362.95
2019-12-02 13:00:00,9.06,1349.19
2019-12-02 14:00:00,8.42,1409.97
2019-12-02 15:00:00,9.1,1360.41
2019-12-02 16:00:00,7.93,1488.97
2019-12-02 17:00:00,8.75,1502.59
2019-12-02 18:00:00,8.49,1549.72
2019-12-02 19:00:00,8.12,1537.6
2019-12-02 20:00:00,7.11,1482.41
2019-12-02 21:00:00,6.69,1530.28
2019-12-02 22:00:00,6.14,
2019-12-02 23:00:00,4.4,1449.26
2019-12-03 00:00:00,3.26,1475.37
2019-12-03 01:00:00,2.43,1354.77
2019-12-03 02:00:00,2.11,1375.21
2019-12-03 03:00:00,1.49,1419.68
2019-12-03 04:00:00,0.44,1433.3
2019-12-03 05:00:00,0.59,1484.4
2019-12-03 06:00:00,1.05,1594.63
2019-12-03 07:00:00,2.03,1610.83
2019-12-03 08:00:00,1.64,1711.04
2019-12-03 09:00:00,1.95,1724.89
2019-12-03 10:00:00,2.75,
2019-12-03 11:00:00,3.99,1594.95
2019-12-03 12:00:00,2.55,1550.69
2019-12-03 13:00:00,3.35,1552.24
2019-12-03 14:00:00,2.01,1543.73
2019-12-03 15:00:00,1.06,1745.07
2019-12-03 16:00:00,1.59,1751.25
2019-12-03 17:00:00,0.33,1766.47
2019-12-03 18:00:00,0.15,1810.46
2019-12-03 19:00:00,-1.25,
2019-12-03 20:00:00,-4.26,1993.12
2019-12-03 21:00:00,-5.53,1881.13
2019-12-03 22:00:00,-6.0,1874.56
2019-12-03 23:00:00,-7.12,1822.58
2019-12-04 00:00:00,-6.32,1737.28
2019-12-04 01:00:00,-6.69,1726.56
2019-12-04 02:00:00,-6.6,1632.72
2019-12-04 03:00:00,-5.75,1654.44
2019-12-04 04:00:00,-3.7,1604.09
2019-12-04 05:00:00,-3.0,1628.65
2019-12-04 06:00:00,-1.78,1645.5
2019-12-04 07:00:00,-0.08,1736.68
2019-12-04 08:00:00,0.1,1764.25
2019-12-04 09:00:00,1.65,1772.65
2019-12-04 10:00:00,1.55,1710.73
2019-12-04 11:00:00,1.47,1675.23
2019-12-04 12:00:00,0.82,1630.67
2019-12-04 13:00:00,1.82,1567.35
2019-12-04 14:00:00,2.74,1596.87
2019-12-04 15:00:00,2.87,1633.9
2019-12-04 16:00:00,0.86,1715.9
2019-12-04 17:00:00,-1.26,1826.96
2019-12-04 18:00:00,-2.82,1974.97
2019-12-04 19:00:00,-2.39,1958.31
2019-12-04 20:00:00,-5.84,2107.81
2019-12-04 21:00:00,-6.08,2002.67
2019-12-04 22:00:00,-4.96,1880.11
2019-12-04 23:00:00,-4.04,1767.59
2019-12-05 00:00:00,-2.66,1547.37
2019-12-05 01:00:00,-2.62,1495.25
2019-12-05 02:00:00,-0.94,1461.85
2019-12-05 03:00:00,0.43,1444.73
2019-12-05 04:00:00,3.16,1376.1
2019-12-05 05:00:00,3.04,1446.96
2019-12-05 06:00:00,2.88,1524.27
2019-12-05 07:00:00,4.32,1580.14
2019-12-05 08:00:00,5.76,1593.39
2019-12-05 09:00:00,6.81,1596.11
2019-12-05 10:00:00,7.77,1530.16
2019-12-05 11:00:00,7.94,1415.42
2019-12-05 12:00:00,8.34,1391.93
2019-12-05 13:00:00,8.16,1372.38
2019-12-05 14:00:00,7.68,1417.98
2019-12-05 15:00:00,7.34,1435.79
2019-12-05 16:00:00,5.38,1609.97
2019-12-05 17:00:00,3.34,1676.25
2019-12-05 18:00:00,1.94,1724.4
2019-12-05 19:00:00,0.16,1795.32
2019-12-05 20:00:00,0.33,1707.85
2019-12-05 21:00:00,-1.86,1706.01
2019-12-05 22:00:00,-2.09,1671.65
2019-12-05 23:00:00,-3.01,1660.51
2019-12-06 00:00:00,-3.54,1652.16
2019-12-06 01:00:00,-5.28,1666.49
2019-12-06 02:00:00,-5.33,1630.57
2019-12-06 03:00:00,-5.13,1596.93
2019-12-06 04:00:00,-3.21,1579.49
2019-12-06 05:00:00,-2.22,1587.72
2019-12-06 06:00:00,-1.57,1626.8
2019-12-06 07:00:00,-1.33,1772.51
2019-12-06 08:00:00,-1.75,1791.87
2019-12-06 09:00:00,-0.18,1741.44
2019-12-06 10:00:00,0.49,1718.85
2019-12-06 11:00:00,1.14,1648.8
2019-12-06 12:00:00,0.36,1635.01
2019-12-06 13:00:00,0.28,1658.0
2019-12-06 14:00:00,0.14,1689.33
2019-12-06 15:00:00,0.19,1697.14
2019-12-06 16:00:00,-1.98,1837.41
2019-12-06 17:00:00,-2.27,1801.2
2019-12-06 18:00:00,-3.29,1966.17
2019-12-06 19:00:00,-4.69,1990.29
2019-12-06 20:00:00,-5.99,2150.05
2019-12-06 21:00:00,-7.01,2005.15
2019-12-06 22:00:00,-8.66,2002.83
2019-12-06 23:00:00,-8.94,1948.2
2019-12-07 00:00:00,-10.23,1831.79
2019-12-07 01:00:00,-10.57,1823.0
2019-12-07 02:00:00,-10.9,
2019-12-07 03:00:00,-10.27,1748.12
2019-12-07 04:00:00,-9.04,1772.39
2019-12-07 05:00:00,-5.95,1689.25
2019-12-07 06:00:00,-4.23,1743.87
2019-12-07 07:00:00,-4.83,1676.04
2019-12-07 08:00:00,-3.87,1746.97
2019-12-07 09:00:00,-3.01,1734.01
2019-12-07 10:00:00,-2.13,1585.45
2019-12-07 11:00:00,-1.08,1573.25
2019-12-07 12:00:00,-1.82,1561.34
2019-12-07 13:00:00,-3.25,1627.62
2019-12-07 14:00:00,-2.55,1647.95
2019-12-07 15:00:00,-3.13,1733.3
2019-12-07 16:00:00,-3.35,1686.23
2019-12-07 17:00:00,-4.04,1916.82
2019-12-07 18:00:00,-5.01,1811.97
2019-12-07 19:00:00,-6.86,1915.55
2019-12-07 20:00:00,-9.36,2021.74
2019-12-07 21:00:00,-10.47,2068.87
2019-12-07 22:00:00,-10.58,2028.98
2019-12-07 23:00:00,-9.88,2022.0
2019-12-08 00:00:00,-11.84,1987.11
2019-12-08 01:00:00,-12.46,1990.82
2019-12-08 02:00:00,-10.47,1733.31
2019-12-08 03:00:00,-9.19,1736.91
2019-12-08 04:00:00,-8.58,1703.61
2019-12-08 05:00:00,-7.31,1789.81
2019-12-08 06:00:00,-6.16,1822.35
2019-12-08 07:00:00,-4.84,1715.39
2019-12-08 08:00:00,-3.06,1696.45
2019-12-08 09:00:00,-3.23,1717.56
2019-12-08 10:00:00,-1.85,1656.94
2019-12-08 11:00:00,-1.87,1626.04
2019-12-08 12:00:00,-1.93,1592.17
2019-12-08 13:00:00,-3.15,1632.66
2019-12-08 14:00:00,-1.44,1546.74
2019-12-08 15:00:00,-2.15,1718.48
2019-12-08 16:00:00,-1.35,1592.18
2019-12-08 17:00:00,-3.04,1755.95
2019-12-08 18:00:00,-2.78,1714.58
2019-12-08 19:00:00,-4.66,1894.46
2019-12-08 20:00:00,-5.85,1892.52
2019-12-08 21:00:00,-7.13,1969.83
2019-12-08 22:00:00,-7.71,1955.71
2019-12-08 23:00:00,-7.63,1805.57
2019-12-09 00:00:00,-7.45,1773.95
2019-12-09 01:00:00,-5.78,
2019-12-09 02:00:00,-5.98,
2019-12-09 03:00:00,-4.09,1541.23
2019-12-09 04:00:00,-2.95,1595.57
2019-12-09 05:00:00,-2.36,1595.05
2019-12-09 06:00:00,-1.55,1675.67
2019-12-09 07:00:00,-1.85,1830.04
2019-12-09 08:00:00,-0.45,1768.65
2019-12-09 09:00:00,0.74,1829.41
2019-12-09 10:00:00,1.49,1686.21
2019-12-09 11:00:00,1.01,1654.91
2019-12-09 12:00:00,-1.11,1756.66
2019-12-09 13:00:00,-0.17,1701.57
2019-12-09 14:00:00,-1.62,1814.13
2019-12-09 15:00:00,-2.58,1837.34
2019-12-09 16:00:00,-3.13,1964.42
2019-12-09 17:00:00,-4.32,2095.52
2019-12-09 18:00:00,-4.43,2029.7
2019-12-09 19:00:00,-6.27,2149.76
2019-12-09 20:00:00,-7.41,2081.17
2019-12-09 21:00:00,-7.66,2066.69
2019-12-09 22:00:00,-10.21,2082.18
2019-12-09 23:00:00,-10.43,2085.8
2019-12-10 00:00:00,-9.46,1897.52
2019-12-10 01:00:00,-8.29,1800.41
2019-12-10 02:00:00,-6.36,1665.01
2019-12-10 03:00:00,-6.49,1673.87
2019-12-10 04:00:00,-6.73,1721.17
2019-12-10 05:00:00,-4.05,1670.61
2019-12-10 06:00:00,-3.01,1724.85
2019-12-10 07:00:00,-1.28,1750.2
2019-12-10 08:00:00,0.35,1740.49
2019-12-10 09:00:00,2.16,1702.29
2019-12-10 10:00:00,2.55,1659.75
2019-12-10 11:00:00,3.94,1537.69
2019-12-10 12:00:00,4.43,1524.78
2019-12-10 13:00:00,3.29,1575.23
2019-12-10 14:00:00,2.41,1616.45
2019-12-10 15:00:00,1.84,1583.22
2019-12-10 16:00:00,-0.27,1816.11
2019-12-10 17:00:00,-2.15,1889.48
2019-12-10 18:00:00,-5.32,2003.65
2019-12-10 19:00:00,-5.65,
2019-12-10 20:00:00,-6.53,2044.96
2019-12-10 21:00:00,-7.76,2121.58
2019-12-10 22:00:00,-8.06,1960.69
2019-12-10 23:00:00,-9.54,1966.09
2019-12-11 00:00:00,-8.9,1878.03
2019-12-11 01:00:00,-8.56,1838.72
2019-12-11 02:00:00,-8.59,1689.02
2019-12-11 03:00:00,-6.7,1691.08
2019-12-11 04:00:00,-6.03,1749.56
2019-12-11 05:00:00,-4.33,1697.6
2019-12-11 06:00:00,-3.15,1725.37
2019-12-11 07:00:00,0.18,1727.6
2019-12-11 08:00:00,2.03,1684.78
2019-12-11 09:00:00,2.45,1726.3
2019-12-11 10:00:00,3.82,1596.33
2019-12-11 11:00:00,3.46,1518.35
2019-12-11 12:00:00,2.88,1572.54
2019-12-11 13:00:00,4.48,1558.63
2019-12-11 14:00:00,3.74,1585.73
2019-12-11 15:00:00,3.31,1617.28
2019-12-11 16:00:00,2.82,1645.09
2019-12-11 17:00:00,1.04,1737.77
2019-12-11 18:00:00,0.2,1770.89
2019-12-11 19:00:00,1.34,1716.07
2019-12-11 20:00:00,-1.12,1823.74
2019-12-11 21:00:00,-4.8,1893.76
2019-12-11 22:00:00,-7.03,1907.48
2019-12-11 23:00:00,-8.73,1989.96
2019-12-12 00:00:00,-8.84,1848.44
2019-12-12 01:00:00,-7.9,1757.16
2019-12-12 02:00:00,-6.11,1708.92
2019-12-12 03:00:00,-6.04,1616.9
2019-12-12 04:00:00,-4.15,1594.27
2019-12-12 05:00:00,-3.04,1586.03
2019-12-12 06:00:00,-1.63,1641.77
2019-12-12 07:00:00,-0.78,1751.38
2019-12-12 08:00:00,-1.21,1825.94
2019-12-12 09:00:00,1.03,1751.23
2019-12-12 10:00:00,2.77,1633.69
2019-12-12 11:00:00,1.46,1629.98
2019-12-12 12:00:00,2.64,1553.05
2019-12-12 13:00:00,1.97,1640.55
2019-12-12 14:00:00,1.38,1630.85
2019-12-12 15:00:00,1.6,1655.72
2019-12-12 16:00:00,1.5,1730.92
2019-12-12 17:00:00,1.19,
2019-12-12 18:00:00,-0.5,1842.1
2019-12-12 19:00:00,-1.34,1828.69
2019-12-12 20:00:00,-1.55,1803.26
2019-12-12 21:00:00,-1.55,1775.28
2019-12-12 22:00:00,-1.51,1674.12
2019-12-12 23:00:00,-1.21,1557.9
2019-12-13 00:00:00,-1.13,1529.08
2019-12-13 01:00:00,-1.69,1463.67
2019-12-13 02:00:00,-1.93,1546.23
2019-12-13 03:00:00,-0.98,1458.56
2019-12-13 04:00:00,-0.25,1462.32
2019-12-13 05:00:00,0.81,1461.98
2019-12-13 06:00:00,3.43,1496.55
2019-12-13 07:00:00,5.98,1493.7
2019-12-13 08:00:00,7.92,1497.67
2019-12-13 09:00:00,8.67,1501.4
2019-12-13 10:00:00,8.58,1447.72
2019-12-13 11:00:00,8.25,1395.48
2019-12-13 12:00:00,9.23,1336.07
2019-12-13 13:00:00,10.01,1357.47
2019-12-13 14:00:00,8.67,1379.33
2019-12-13 15:00:00,7.93,1420.25
2019-12-13 16:00:00,8.15,1476.46
2019-12-13 17:00:00,7.21,1568.25
2019-12-13 18:00:00,5.45,1616.26
2019-12-13 19:00:00,3.83,1643.06
2019-12-13 20:00:00,3.04,
2019-12-13 21:00:00,4.28,1602.0
2019-12-13 22:00:00,3.61,1488.5
2019-12-13 23:00:00,2.99,1499.32
2019-12-14 00:00:00,2.98,1331.41
2019-12-14 01:00:00,3.56,
2019-12-14 02:00:00,4.49,1258.43
2019-12-14 03:00:00,4.69,1282.76
2019-12-14 04:00:00,5.38,1294.77
2019-12-14 05:00:00,6.1,1261.71
2019-12-14 06:00:00,5.64,1387.29
2019-12-14 07:00:00,6.11,1380.47
2019-12-14 08:00:00,7.12,1394.85
2019-12-14 09:00:00,8.22,1326.39
2019-12-14 10:00:00,9.62,1270.56
2019-12-14 11:00:00,9.06,1241.28
2019-12-14 12:00:00,8.62,1174.97
2019-12-14 13:00:00,7.21,1182.91
2019-12-14 14:00:00,7.44,1220.7
2019-12-14 15:00:00,8.08,1210.51
2019-12-14 16:00:00,7.69,1311.23
2019-12-14 17:00:00,6.64,1352.52
2019-12-14 18:00:00,5.28,1456.07
2019-12-14 19:00:00,4.18,1484.28
2019-12-14 20:00:00,3.4,1541.78
2019-12-14 21:00:00,1.79,1587.52
2019-12-14 22:00:00,0.24,1584.58
2019-12-14 23:00:00,0.57,1522.84
2019-12-15 00:00:00,0.21,1441.87
2019-12-15 01:00:00,1.25,1320.39
2019-12-15 02:00:00,1.68,1318.66
2019-12-15 03:00:00,2.0,1302.88
2019-12-15 04:00:00,3.72,1297.72
2019-12-15 05:00:00,4.43,1328.57
2019-12-15 06:00:00,5.37,1401.17
2019-12-15 07:00:00,5.29,1371.81
2019-12-15 08:00:00,6.66,1345.93
2019-12-15 09:00:00,7.78,1371.8
2019-12-15 10:00:00,7.88,1332.39
2019-12-15 11:00:00,7.35,1309.54
2019-12-15 12:00:00,8.58,1220.29
2019-12-15 13:00:00,8.85,1197.04
2019-12-15 14:00:00,8.81,1240.07
2019-12-15 15:00:00,7.43,1160.98
2019-12-15 16:00:00,6.48,1350.81
2019-12-15 17:00:00,5.24,1396.52
2019-12-15 18:00:00,3.73,1557.5
2019-12-15 19:00:00,2.07,1575.28
2019-12-15 20:00:00,1.76,1562.06
2019-12-15 21:00:00,0.6,1577.02
2019-12-15 22:00:00,-2.72,1661.95
2019-12-15 23:00:00,-4.28,1624.54
2019-12-16 00:00:00,-3.52,1619.9
2019-12-16 01:00:00,-4.8,1606.39
2019-12-16 02:00:00,-4.41,1631.04
2019-12-16 03:00:00,-3.34,1575.85
2019-12-16 04:00:00,-2.79,1583.02
2019-12-16 05:00:00,-1.2,1561.86
2019-12-16 06:00:00,0.68,1645.43
2019-12-16 07:00:00,0.39,1659.67
2019-12-16 08:00:00,-1.85,1865.85
2019-12-16 09:00:00,1.09,1672.23
2019-12-16 10:00:00,2.84,1693.59
2019-12-16 11:00:00,3.55,1555.58
2019-12-16 12:00:00,2.57,1559.86
2019-12-16 13:00:00,4.08,
2019-12-16 14:00:00,2.74,1556.73
2019-12-16 15:00:00,2.46,1555.21
2019-12-16 16:00:00,-0.17,1800.44
2019-12-16 17:00:00,-1.01,1823.22
2019-12-16 18:00:00,-1.56,1906.44
2019-12-16 19:00:00,-3.0,1913.09
2019-12-16 20:00:00,-3.55,1909.94
2019-12-16 21:00:00,-5.18,1970.98
2019-12-16 22:00:00,-6.28,1879.74
2019-12-16 23:00:00,-5.8,1806.01
2019-12-17 00:00:00,-5.76,1700.63
2019-12-17 01:00:00,-3.99,1698.81
2019-12-17 02:00:00,-5.29,1594.85
2019-12-17 03:00:00,-4.8,1557.69
2019-12-17 04:00:00,-4.11,1609.35
2019-12-17 05:00:00,-3.55,1640.54
2019-12-17 06:00:00,-2.51,1718.19
2019-12-17 07:00:00,-1.95,1770.72
2019-12-17 08:00:00,-0.07,1784.08
2019-12-17 09:00:00,2.16,1730.09
2019-12-17 10:00:00,3.76,
2019-12-17 11:00:00,4.66,1487.24
2019-12-17 12:00:00,5.35,1477.67
2019-12-17 13:00:00,7.76,1332.23
2019-12-17 14:00:00,8.52,1320.07
2019-12-17 15:00:00,8.69,1372.57
2019-12-17 16:00:00,5.83,1505.42
2019-12-17 17:00:00,3.81,1633.42
2019-12-17 18:00:00,1.87,1775.93
2019-12-17 19:00:00,0.6,1761.23
2019-12-17 20:00:00,-1.02,1888.86
2019-12-17 21:00:00,-1.28,1696.84
2019-12-17 22:00:00,-3.81,1834.51
2019-12-17 23:00:00,-6.36,1868.32
2019-12-18 00:00:00,-6.83,1700.09
2019-12-18 01:00:00,-6.21,1648.02
2019-12-18 02:00:00,-5.14,1637.3
2019-12-18 03:00:00,-5.48,1663.97
2019-12-18 04:00:00,-3.62,1543.61
2019-12-18 05:00:00,-3.81,1674.69
2019-12-18 06:00:00,-3.69,1743.61
2019-12-18 07:00:00,-3.01,1726.43
2019-12-18 08:00:00,-3.35,1887.61
2019-12-18 09:00:00,-1.97,1865.01
2019-12-18 10:00:00,0.98,1706.96
2019-12-18 11:00:00,-0.01,1648.88
2019-12-18 12:00:00,-0.58,1743.53
2019-12-18 13:00:00,0.38,1681.39
2019-12-18 14:00:00,0.42,1706.98
2019-12-18 15:00:00,-0.65,1781.27
2019-12-18 16:00:00,-1.58,1800.3
2019-12-18 17:00:00,-2.03,1944.75
2019-12-18 18:00:00,-3.19,2051.53
2019-12-18 19:00:00,-4.51,2048.94
2019-12-18 20:00:00,-3.41,1910.94
2019-12-18 21:00:00,-3.94,1821.72
2019-12-18 22:00:00,-3.83,1838.6
2019-12-18 23:00:00,-4.01,1712.81
2019-12-19 00:00:00,-5.2,1666.52
2019-12-19 01:00:00,-5.94,1668.87
2019-12-19 02:00:00,-6.9,1765.17
2019-12-19 03:00:00,-6.35,1694.11
2019-12-19 04:00:00,-4.52,1618.75
2019-12-19 05:00:00,-3.58,1622.64
2019-12-19 06:00:00,-1.77,1648.82
2019-12-19 07:00:00,-1.26,1728.26
2019-12-19 08:00:00,0.11,1743.84
2019-12-19 09:00:00,2.73,1672.82
2019-12-19 10:00:00,4.46,1600.66
2019-12-19 11:00:00,5.29,1509.98
2019-12-19 12:00:00,6.74,1409.98
2019-12-19 13:00:00,6.94,1372.41
2019-12-19 14:00:00,6.63,1493.17
2019-12-19 15:00:00,6.32,1509.72
2019-12-19 16:00:00,5.01,1564.72
2019-12-19 17:00:00,5.46,1611.91
2019-12-19 18:00:00,5.11,1711.6
2019-12-19 19:00:00,4.23,1669.95
2019-12-19 20:00:00,1.26,1665.89
2019-12-19 21:00:00,-1.14,1741.41
2019-12-19 22:00:00,-1.82,1786.29
2019-12-19 23:00:00,-2.79,1653.29
2019-12-20 00:00:00,-2.95,1633.31
2019-12-20 01:00:00,-2.18,1560.11
2019-12-20 02:00:00,-3.64,1573.19
2019-12-20 03:00:00,-1.38,1486.65
2019-12-20 04:00:00,-0.27,1512.59
2019-12-20 05:00:00,2.6,1477.36
2019-12-20 06:00:00,2.85,1533.65
2019-12-20 07:00:00,3.07,1606.48
2019-12-20 08:00:00,3.97,1624.67
2019-12-20 09:00:00,4.46,1587.64
2019-12-20 10:00:00,5.3,1516.76
2019-12-20 11:00:00,4.4,1528.69
2019-12-20 12:00:00,4.14,1579.74
2019-12-20 13:00:00,3.25,1551.57
2019-12-20 14:00:00,3.0,1563.48
2019-12-20 15:00:00,1.14,1630.66
2019-12-20 16:00:00,0.38,1799.9
2019-12-20 17:00:00,-0.36,1771.69
2019-12-20 18:00:00,-2.03,1900.56
2019-12-20 19:00:00,-2.23,1895.46
2019-12-20 20:00:00,-3.24,1940.81
2019-12-20 21:00:00,-3.33,1737.66
2019-12-20 22:00:00,-4.69,1835.19
2019-12-20 23:00:00,-4.25,1797.76
2019-12-21 00:00:00,-5.28,1647.85
2019-12-21 01:00:00,-5.37,1632.17
2019-12-21 02:00:00,-3.31,1486.3
2019-12-21 03:00:00,-4.81,1598.58
2019-12-21 04:00:00,-3.22,1533.7
2019-12-21 05:00:00,-1.79,1533.93
2019-12-21 06:00:00,-0.59,1573.38
2019-12-21 07:00:00,-0.05,1521.03
2019-12-21 08:00:00,0.36,1601.85
2019-12-21 09:00:00,0.12,1684.66
2019-12-21 10:00:00,0.63,1526.6
2019-12-21 11:00:00,2.39,1506.91
2019-12-21 12:00:00,2.06,1417.92
2019-12-21 13:00:00,1.71,1464.32
2019-12-21 14:00:00,0.73,1491.09
2019-12-21 15:00:00,0.05,1567.97
2019-12-21 16:00:00,-0.94,1614.43
2019-12-21 17:00:00,-2.56,1779.34
2019-12-21 18:00:00,-1.18,1721.15
2019-12-21 19:00:00,-2.24,1733.34
2019-12-21 20:00:00,-2.11,1701.11
2019-12-21 21:00:00,-4.11,1791.15
2019-12-21 22:00:00,-5.16,
2019-12-21 23:00:00,-5.97,1797.76
2019-12-22 00:00:00,-6.04,1704.25
2019-12-22 01:00:00,-6.06,1618.2
2019-12-22 02:00:00,-7.09,1683.59
2019-12-22 03:00:00,-8.1,1738.2
2019-12-22 04:00:00,-6.7,1625.04
2019-12-22 05:00:00,-6.79,1685.7
2019-12-22 06:00:00,-5.91,
2019-12-22 07:00:00,-5.19,1721.76
2019-12-22 08:00:00,-4.66,1733.76
2019-12-22 09:00:00,-4.65,1810.02
2019-12-22 10:00:00,-5.42,1768.81
2019-12-22 11:00:00,-4.59,1708.19
2019-12-22 12:00:00,-4.42,1707.09
2019-12-22 13:00:00,-3.05,1638.47
2019-12-22 14:00:00,-3.36,1693.08
2019-12-22 15:00:00,-5.26,1761.12
2019-12-22 16:00:00,-3.61,1768.8
2019-12-22 17:00:00,-5.07,1880.7
2019-12-22 18:00:00,-7.34,2129.78
2019-12-22 19:00:00,-7.37,1889.53
2019-12-22 20:00:00,-8.2,2072.94
2019-12-22 21:00:00,-9.94,1998.28
2019-12-22 22:00:00,-10.12,2047.89
2019-12-22 23:00:00,-10.71,
2019-12-23 00:00:00,-10.03,
2019-12-23 01:00:00,-10.26,1916.84
2019-12-23 02:00:00,-9.79,1842.06
2019-12-23 03:00:00,-8.22,1797.04
2019-12-23 04:00:00,-8.35,1765.16
2019-12-23 05:00:00,-7.99,1858.12
2019-12-23 06:00:00,-7.12,1937.55
2019-12-23 07:00:00,-4.67,1908.82
2019-12-23 08:00:00,-5.61,2024.09
2019-12-23 09:00:00,-3.65,1913.75
2019-12-23 10:00:00,-3.61,1945.57
2019-12-23 11:00:00,-3.48,1814.83
2019-12-23 12:00:00,-2.6,1797.18
2019-12-23 13:00:00,-1.94,1760.2
2019-12-23 14:00:00,-2.93,1880.14
2019-12-23 15:00:00,-2.19,1786.45
2019-12-23 16:00:00,-1.48,1854.06
2019-12-23 17:00:00,-3.03,1992.5
2019-12-23 18:00:00,-3.86,1972.02
2019-12-23 19:00:00,-2.23,1935.94
2019-12-23 20:00:00,-2.68,1892.67
2019-12-23 21:00:00,-4.36,1901.62
2019-12-23 22:00:00,-5.5,1854.47
2019-12-23 23:00:00,-5.67,1852.83
2019-12-24 00:00:00,-7.78,1777.7
2019-12-24 01:00:00,-8.38,1766.5
2019-12-24 02:00:00,-8.32,1725.51
2019-12-24 03:00:00,-7.86,1710.24
2019-12-24 04:00:00,-7.02,1694.82
2019-12-24 05:00:00,-5.68,1635.6
2019-12-24 06:00:00,-6.66,1812.55
2019-12-24 07:00:00,-4.95,
2019-12-24 08:00:00,-6.14,1960.49
2019-12-24 09:00:00,-6.03,
2019-12-24 10:00:00,-5.97,1893.5
2019-12-24 11:00:00,-6.0,1841.94
2019-12-24 12:00:00,-6.75,1987.43
2019-12-24 13:00:00,-7.43,
2019-12-24 14:00:00,-6.5,1887.74
2019-12-24 15:00:00,-6.14,1952.3
2019-12-24 16:00:00,-7.15,2004.25
2019-12-24 17:00:00,-7.01,2009.67
2019-12-24 18:00:00,-9.59,2273.84
2019-12-24 19:00:00,-9.82,2154.4
2019-12-24 20:00:00,-10.24,2012.64
2019-12-24 21:00:00,-10.65,2194.33
2019-12-24 22:00:00,-11.4,2117.35
2019-12-24 23:00:00,-12.29,2141.08
2019-12-25 00:00:00,-13.02,
2019-12-25 01:00:00,-12.51,1854.0
2019-12-25 02:00:00,-11.36,
2019-12-25 03:00:00,-10.75,1709.22
2019-12-25 04:00:00,-9.85,
2019-12-25 05:00:00,-9.61,1833.18
2019-12-25 06:00:00,-9.69,1862.15
2019-12-25 07:00:00,-7.36,
2019-12-25 08:00:00,-6.85,
2019-12-25 09:00:00,-4.07,1666.29
2019-12-25 10:00:00,-4.89,1623.73
2019-12-25 11:00:00,-3.92,1568.43
2019-12-25 12:00:00,-3.44,
2019-12-25 13:00:00,-3.87,
2019-12-25 14:00:00,-4.66,
2019-12-25 15:00:00,-5.37,1693.79
2019-12-25 16:00:00,-5.85,1754.95
2019-12-25 17:00:00,-6.32,1757.48
2019-12-25 18:00:00,-7.71,1931.95
2019-12-25 19:00:00,-7.29,1807.49
2019-12-25 20:00:00,-8.39,1841.03
2019-12-25 21:00:00,-7.25,1934.89
2019-12-25 22:00:00,-7.65,1814.83
2019-12-25 23:00:00,-8.21,1724.79
2019-12-26 00:00:00,-8.12,1760.72
2019-12-26 01:00:00,-8.9,1765.66
2019-12-26 02:00:00,-8.67,1685.35
2019-12-26 03:00:00,-7.77,1634.51
2019-12-26 04:00:00,-6.42,1707.16
2019-12-26 05:00:00,-5.93,1716.81
2019-12-26 06:00:00,-5.33,1742.31
2019-12-26 07:00:00,-3.88,1710.74
2019-12-26 08:00:00,-1.96,1727.56
2019-12-26 09:00:00,-0.83,1694.31
2019-12-26 10:00:00,-1.59,1684.41
2019-12-26 11:00:00,-0.24,1588.91
2019-12-26 12:00:00,-0.36,1491.34
2019-12-26 13:00:00,-1.28,1608.11
2019-12-26 14:00:00,-1.55,
2019-12-26 15:00:00,-1.39,1691.45
2019-12-26 16:00:00,-2.64,1781.42
2019-12-26 17:00:00,-1.96,1852.54
2019-12-26 18:00:00,-2.63,1893.59
2019-12-26 19:00:00,-4.47,1938.94
2019-12-26 20:00:00,-4.1,1861.85
2019-12-26 21:00:00,-4.92,1873.79
2019-12-26 22:00:00,-5.89,1814.03
2019-12-26 23:00:00,-8.62,1932.46
2019-12-27 00:00:00,-9.02,1900.02
2019-12-27 01:00:00,-9.82,1944.55
2019-12-27 02:00:00,-7.95,1737.74
2019-12-27 03:00:00,-8.81,1810.49
2019-12-27 04:00:00,-8.12,1823.78
2019-12-27 05:00:00,-8.95,1884.16
2019-12-27 06:00:00,-7.7,1951.41
2019-12-27 07:00:00,-5.02,1910.17
2019-12-27 08:00:00,-4.74,1953.74
2019-12-27 09:00:00,-4.64,1984.24
2019-12-27 10:00:00,-4.92,2013.19
2019-12-27 11:00:00,-4.14,1880.32
2019-12-27 12:00:00,-3.71,1869.62
2019-12-27 13:00:00,-2.65,1763.83
2019-12-27 14:00:00,-3.88,1814.75
2019-12-27 15:00:00,-4.35,1989.83
2019-12-27 16:00:00,-6.68,2130.68
2019-12-27 17:00:00,-4.98,2038.77
2019-12-27 18:00:00,-6.35,2163.24
2019-12-27 19:00:00,-6.85,2173.34
2019-12-27 20:00:00,-6.89,2068.15
2019-12-27 21:00:00,-7.01,2013.99
2019-12-27 22:00:00,-7.07,1897.1
2019-12-27 23:00:00,-9.84,2001.61
2019-12-28 00:00:00,-11.14,1899.12
2019-12-28 01:00:00,-12.75,1963.51
2019-12-28 02:00:00,-12.11,1869.61
2019-12-28 03:00:00,-11.38,1875.41
2019-12-28 04:00:00,-10.99,1836.92
2019-12-28 05:00:00,-10.24,1919.01
2019-12-28 06:00:00,-9.26,1974.63
2019-12-28 07:00:00,-7.04,1809.69
2019-12-28 08:00:00,-6.61,1872.51
2019-12-28 09:00:00,-5.72,1854.0
2019-12-28 10:00:00,-4.57,1802.63
2019-12-28 11:00:00,-4.19,1698.71
2019-12-28 12:00:00,-4.17,1773.25
2019-12-28 13:00:00,-3.89,1686.71
2019-12-28 14:00:00,-2.83,1666.4
2019-12-28 15:00:00,-4.04,1739.07
2019-12-28 16:00:00,-4.5,1782.15
2019-12-28 17:00:00,-6.42,1976.46
2019-12-28 18:00:00,-6.58,2032.17
2019-12-28 19:00:00,-8.07,2000.21
2019-12-28 20:00:00,-7.53,1918.17
2019-12-28 21:00:00,-9.94,2123.51
2019-12-28 22:00:00,-9.93,
2019-12-28 23:00:00,-9.89,2019.99
2019-12-29 00:00:00,-9.17,1841.79
2019-12-29 01:00:00,-10.3,1869.44
2019-12-29 02:00:00,-9.81,1773.08
2019-12-29 03:00:00,-10.56,1832.1
2019-12-29 04:00:00,-8.81,1762.75
2019-12-29 05:00:00,-7.41,1792.42
2019-12-29 06:00:00,-6.56,1813.87
2019-12-29 07:00:00,-5.38,1720.1
2019-12-29 08:00:00,-3.58,1739.1
2019-12-29 09:00:00,-3.3,1710.39
2019-12-29 10:00:00,-2.09,1705.46
2019-12-29 11:00:00,-1.54,1592.11
2019-12-29 12:00:00,-2.31,1593.44
2019-12-29 13:00:00,-1.21,1521.75
2019-12-29 14:00:00,-0.44,1503.66
2019-12-29 15:00:00,-1.98,1626.51
2019-12-29 16:00:00,-2.08,1666.88
2019-12-29 17:00:00,-3.05,1817.34
2019-12-29 18:00:00,-3.71,1852.82
2019-12-29 19:00:00,-5.06,1837.48
2019-12-29 20:00:00,-7.66,2077.3
2019-12-29 21:00:00,-9.55,2049.35
2019-12-29 22:00:00,-9.84,1978.22
2019-12-29 23:00:00,-10.7,2107.25
2019-12-30 00:00:00,-10.01,1909.32
2019-12-30 01:00:00,-8.11,1811.2
2019-12-30 02:00:00,-6.75,1752.42
2019-12-30 03:00:00,-4.75,1612.02
2019-12-30 04:00:00,-3.71,1575.3
2019-12-30 05:00:00,-2.87,1653.99
2019-12-30 06:00:00,-1.75,1651.0
2019-12-30 07:00:00,-0.82,1757.48
2019-12-30 08:00:00,-0.23,1770.29
2019-12-30 09:00:00,0.84,1737.71
2019-12-30 10:00:00,2.08,1647.68
2019-12-30 11:00:00,2.48,1653.98
2019-12-30 12:00:00,2.05,1599.24
2019-12-30 13:00:00,1.26,1666.28
2019-12-30 14:00:00,2.79,1635.28
2019-12-30 15:00:00,2.49,1617.76
2019-12-30 16:00:00,1.87,1674.32
2019-12-30 17:00:00,2.33,1718.13
2019-12-30 18:00:00,0.7,1817.06
2019-12-30 19:00:00,-0.7,1939.74
2019-12-30 20:00:00,-3.1,1832.92
2019-12-30 21:00:00,-4.69,1857.24
2019-12-30 22:00:00,-4.86,1799.6
2019-12-30 23:00:00,-6.12,1895.34
2019-12-31 00:00:00,-8.02,1874.37
2019-12-31 01:00:00,-7.64,1698.92
2019-12-31 02:00:00,-7.1,1627.56
2019-12-31 03:00:00,-6.54,1665.68
2019-12-31 04:00:00,-3.72,1533.7
2019-12-31 05:00:00,-3.14,1598.94
2019-12-31 06:00:00,-3.87,1718.57
2019-12-31 07:00:00,-4.93,1813.3
2019-12-31 08:00:00,-2.46,1738.4
2019-12-31 09:00:00,-0.68,1703.0
2019-12-31 10:00:00,-0.08,1632.3
2019-12-31 11:00:00,0.55,1573.63
2019-12-31 12:00:00,0.51,1560.96
2019-12-31 13:00:00,0.54,1572.14
2019-12-31 14:00:00,0.09,1575.43
2019-12-31 15:00:00,0.3,1550.11
2019-12-31 16:00:00,-1.44,1729.56
2019-12-31 17:00:00,-1.97,1762.67
2019-12-31 18:00:00,-3.41,1848.34
2019-12-31 19:00:00,-4.93,1898.55
2019-12-31 20:00:00,-7.16,1960.79
2019-12-31 21:00:00,-9.02,2054.36
2019-12-31 22:00:00,-10.47,2028.06
2019-12-31 23:00:00,-11.55,2070.65
2020-01-01 00:00:00,-12.27,
2020-01-01 01:00:00,-13.49,
2020-01-01 02:00:00,-13.65,1910.16
2020-01-01 03:00:00,-12.81,1876.95
2020-01-01 04:00:00,-12.85,1942.52
2020-01-01 05:00:00,-11.4,1921.18
2020-01-01 06:00:00,-8.44,
2020-01-01 07:00:00,-6.33,1681.84
2020-01-01 08:00:00,-5.59,1696.5
2020-01-01 09:00:00,-3.98,1609.47
2020-01-01 10:00:00,-2.73,1579.98
2020-01-01 11:00:00,-3.24,1566.99
2020-01-01 12:00:00,-3.19,1464.29
2020-01-01 13:00:00,-4.03,
2020-01-01 14:00:00,-4.27,1545.31
2020-01-01 15:00:00,-4.11,1577.42
2020-01-01 16:00:00,-4.68,1624.53
2020-01-01 17:00:00,-5.45,
2020-01-01 18:00:00,-5.92,1870.46
2020-01-01 19:00:00,-6.81,1819.43
2020-01-01 20:00:00,-7.64,
2020-01-01 21:00:00,-8.34,1962.33
2020-01-01 22:00:00,-8.06,
2020-01-01 23:00:00,-8.27,1800.04
2020-01-02 00:00:00,-8.34,1817.26
2020-01-02 01:00:00,-9.73,1934.94
2020-01-02 02:00:00,-8.44,1698.37
2020-01-02 03:00:00,-9.52,1723.92
2020-01-02 04:00:00,-8.39,1774.01
2020-01-02 05:00:00,-6.58,1744.1
2020-01-02 06:00:00,-7.6,1859.66
2020-01-02 07:00:00,-6.48,1890.78
2020-01-02 08:00:00,-5.84,1926.18
2020-01-02 09:00:00,-4.42,1906.67
2020-01-02 10:00:00,-2.08,1764.44
2020-01-02 11:00:00,-1.28,1680.78
2020-01-02 12:00:00,-2.12,1696.9
2020-01-02 13:00:00,-1.32,1675.41
2020-01-02 14:00:00,-3.15,1772.3
2020-01-02 15:00:00,-3.55,1715.58
2020-01-02 16:00:00,-4.48,1996.07
2020-01-02 17:00:00,-6.01,1976.66
2020-01-02 18:00:00,-5.43,1928.19
2020-01-02 19:00:00,-6.4,1984.59
2020-01-02 20:00:00,-7.19,1994.06
2020-01-02 21:00:00,-9.89,2146.39
2020-01-02 22:00:00,-11.82,2154.08
2020-01-02 23:00:00,-10.81,2095.93
2020-01-03 00:00:00,-10.84,1932.32
2020-01-03 01:00:00,-12.33,2060.93
2020-01-03 02:00:00,-10.06,1789.81
2020-01-03 03:00:00,-9.16,
2020-01-03 04:00:00,-8.24,1787.79
2020-01-03 05:00:00,-8.41,1876.52
2020-01-03 06:00:00,-7.12,1948.52
2020-01-03 07:00:00,-6.83,2002.57
2020-01-03 08:00:00,-6.24,2084.35
2020-01-03 09:00:00,-4.62,2035.46
2020-01-03 10:00:00,-4.05,2033.01
2020-01-03 11:00:00,-3.03,1865.36
2020-01-03 12:00:00,-2.44,1787.22
2020-01-03 13:00:00,-4.04,1885.24
2020-01-03 14:00:00,-3.91,1844.0
2020-01-03 15:00:00,-2.79,1888.98
2020-01-03 16:00:00,-4.2,1933.8
2020-01-03 17:00:00,-6.01,2180.82
2020-01-03 18:00:00,-7.87,2218.77
2020-01-03 19:00:00,-8.44,2280.84
2020-01-03 20:00:00,-10.61,2318.93
2020-01-03 21:00:00,-12.08,2297.79
2020-01-03 22:00:00,-13.13,
2020-01-03 23:00:00,-13.84,2256.5
2020-01-04 00:00:00,-13.03,2067.36
2020-01-04 01:00:00,-13.88,2113.15
2020-01-04 02:00:00,-12.72,1919.09
2020-01-04 03:00:00,-12.3,1965.88
2020-01-04 04:00:00,-10.76,1879.29
2020-01-04 05:00:00,-9.55,1844.3
2020-01-04 06:00:00,-7.68,1876.66
2020-01-04 07:00:00,-5.41,1786.96
2020-01-04 08:00:00,-3.14,1725.59
2020-01-04 09:00:00,-2.08,1757.93
2020-01-04 10:00:00,-1.5,1658.98
2020-01-04 11:00:00,-0.51,1577.14
2020-01-04 12:00:00,0.63,1484.73
2020-01-04 13:00:00,0.42,1485.13
2020-01-04 14:00:00,0.02,1523.6
2020-01-04 15:00:00,-0.04,1492.12
2020-01-04 16:00:00,-0.49,1673.43
2020-01-04 17:00:00,-2.28,1704.56
2020-01-04 18:00:00,-1.84,1734.75
2020-01-04 19:00:00,-3.45,1777.94
2020-01-04 20:00:00,-4.98,1891.09
2020-01-04 21:00:00,-4.46,1830.79
2020-01-04 22:00:00,-4.78,1791.21
2020-01-04 23:00:00,-4.45,1739.38
2020-01-05 00:00:00,-2.78,1562.07
2020-01-05 01:00:00,-3.55,1530.18
2020-01-05 02:00:00,-3.41,1553.76
2020-01-05 03:00:00,-1.71,1413.3
2020-01-05 04:00:00,-0.13,1436.06
2020-01-05 05:00:00,0.14,1464.78
2020-01-05 06:00:00,1.18,1543.08
2020-01-05 07:00:00,2.21,1456.15
2020-01-05 08:00:00,4.2,1513.28
2020-01-05 09:00:00,4.49,1452.68
2020-01-05 10:00:00,3.68,1469.05
2020-01-05 11:00:00,5.29,1293.98
2020-01-05 12:00:00,5.92,1307.57
2020-01-05 13:00:00,7.55,1244.97
2020-01-05 14:00:00,6.91,1261.82
2020-01-05 15:00:00,5.47,1340.97
2020-01-05 16:00:00,4.86,1483.69
2020-01-05 17:00:00,5.89,1433.09
2020-01-05 18:00:00,4.35,1489.2
2020-01-05 19:00:00,3.34,1592.49
2020-01-05 20:00:00,1.97,1565.44
2020-01-05 21:00:00,1.71,1547.13
2020-01-05 22:00:00,2.81,1504.19
2020-01-05 23:00:00,1.68,1520.59
2020-01-06 00:00:00,1.54,1477.16
2020-01-06 01:00:00,2.67,1483.06
2020-01-06 02:00:00,2.32,1355.33
2020-01-06 03:00:00,2.75,1387.34
2020-01-06 04:00:00,4.61,1394.63
2020-01-06 05:00:00,7.17,1356.67
2020-01-06 06:00:00,6.77,1447.83
2020-01-06 07:00:00,7.66,1494.47
2020-01-06 08:00:00,7.26,1646.24
2020-01-06 09:00:00,10.09,1497.0
2020-01-06 10:00:00,9.28,1456.63
2020-01-06 11:00:00,8.09,1438.66
2020-01-06 12:00:00,6.76,1445.56
2020-01-06 13:00:00,5.26,1505.05
2020-01-06 14:00:00,6.49,1455.38
2020-01-06 15:00:00,5.21,1598.84
2020-01-06 16:00:00,3.2,1672.77
2020-01-06 17:00:00,1.59,1834.96
2020-01-06 18:00:00,0.26,1908.8
2020-01-06 19:00:00,-0.75,1922.56
2020-01-06 20:00:00,-1.78,1910.61
2020-01-06 21:00:00,-3.39,1801.57
2020-01-06 22:00:00,-4.24,1827.91
2020-01-06 23:00:00,-5.25,1835.5
2020-01-07 00:00:00,-5.28,1702.9
2020-01-07 01:00:00,-4.74,1654.31
2020-01-07 02:00:00,-3.44,1608.73
2020-01-07 03:00:00,-5.51,1671.41
2020-01-07 04:00:00,-5.85,1669.55
2020-01-07 05:00:00,-3.26,1675.33
2020-01-07 06:00:00,-1.41,1615.29
2020-01-07 07:00:00,0.13,1710.25
2020-01-07 08:00:00,1.4,1733.79
2020-01-07 09:00:00,1.04,1783.63
2020-01-07 10:00:00,0.74,1727.48
2020-01-07 11:00:00,2.14,1629.22
2020-01-07 12:00:00,2.65,1637.91
2020-01-07 13:00:00,0.11,1692.52
2020-01-07 14:00:00,-1.38,1753.86
2020-01-07 15:00:00,-1.31,1790.61
2020-01-07 16:00:00,-0.2,1741.86
2020-01-07 17:00:00,-0.9,1844.8
2020-01-07 18:00:00,-1.16,1947.62
2020-01-07 19:00:00,0.31,1895.47
2020-01-07 20:00:00,-2.08,1893.25
2020-01-07 21:00:00,-2.4,1772.44
2020-01-07 22:00:00,-3.61,
2020-01-07 23:00:00,-3.86,1748.43
2020-01-08 00:00:00,-4.23,1664.12
2020-01-08 01:00:00,-4.5,1713.0
2020-01-08 02:00:00,-3.54,1586.93
2020-01-08 03:00:00,-1.7,1477.45
2020-01-08 04:00:00,-1.27,1532.96
2020-01-08 05:00:00,0.21,1566.19
2020-01-08 06:00:00,1.62,1574.18
2020-01-08 07:00:00,1.77,1651.45
2020-01-08 08:00:00,0.84,1810.95
2020-01-08 09:00:00,-0.17,1844.26
2020-01-08 10:00:00,-0.68,1766.03
2020-01-08 11:00:00,-1.27,1789.32
2020-01-08 12:00:00,0.64,1685.43
2020-01-08 13:00:00,-0.35,1708.72
2020-01-08 14:00:00,-3.26,1877.52
2020-01-08 15:00:00,-5.48,1999.83
2020-01-08 16:00:00,-5.69,2132.52
2020-01-08 17:00:00,-6.78,2272.61
2020-01-08 18:00:00,-6.96,2201.22
2020-01-08 19:00:00,-6.67,2103.11
2020-01-08 20:00:00,-6.53,2171.86
2020-01-08 21:00:00,-7.77,2066.04
2020-01-08 22:00:00,-8.46,2056.49
2020-01-08 23:00:00,-8.32,1975.2
2020-01-09 00:00:00,-8.2,1835.62
2020-01-09 01:00:00,-7.36,1766.77
2020-01-09 02:00:00,-7.61,1755.18
2020-01-09 03:00:00,-7.06,1714.35
2020-01-09 04:00:00,-6.27,
2020-01-09 05:00:00,-6.26,1796.05
2020-01-09 06:00:00,-5.38,1831.5
2020-01-09 07:00:00,-5.48,1986.29
2020-01-09 08:00:00,-3.57,1955.72
2020-01-09 09:00:00,-1.95,1863.53
2020-01-09 10:00:00,-1.78,1871.21
2020-01-09 11:00:00,-0.16,1752.75
2020-01-09 12:00:00,0.28,1751.0
2020-01-09 13:00:00,1.14,1690.37
2020-01-09 14:00:00,0.09,1752.61
2020-01-09 15:00:00,0.84,1684.6
2020-01-09 16:00:00,0.76,1750.33
2020-01-09 17:00:00,-0.73,1774.42
2020-01-09 18:00:00,-0.85,1865.3
2020-01-09 19:00:00,-2.15,2035.59
2020-01-09 20:00:00,-3.29,1869.0
2020-01-09 21:00:00,-2.5,1757.14
2020-01-09 22:00:00,-2.98,1798.63
2020-01-09 23:00:00,-5.06,1857.0
2020-01-10 00:00:00,-6.66,1749.38
2020-01-10 01:00:00,-6.28,1811.32
2020-01-10 02:00:00,-5.39,1664.56
2020-01-10 03:00:00,-4.2,1552.32
2020-01-10 04:00:00,-1.85,1518.63
2020-01-10 05:00:00,-0.85,1541.89
2020-01-10 06:00:00,1.15,1554.44
2020-01-10 07:00:00,1.67,1694.27
2020-01-10 08:00:00,0.77,1767.09
2020-01-10 09:00:00,0.88,1747.16
2020-01-10 10:00:00,1.63,1691.92
2020-01-10 11:00:00,4.43,1557.13
2020-01-10 12:00:00,4.39,1526.13
2020-01-10 13:00:00,3.06,1568.55
2020-01-10 14:00:00,4.59,1514.1
2020-01-10 15:00:00,5.28,1505.47
2020-01-10 16:00:00,4.05,1624.13
2020-01-10 17:00:00,3.68,1715.83
2020-01-10 18:00:00,2.03,1762.28
2020-01-10 19:00:00,1.08,1814.44
2020-01-10 20:00:00,-0.05,1842.08
2020-01-10 21:00:00,-2.19,1778.99
2020-01-10 22:00:00,-3.26,1771.53
2020-01-10 23:00:00,-4.05,1782.76
2020-01-11 00:00:00,-3.61,1554.53
2020-01-11 01:00:00,-2.85,1518.2
2020-01-11 02:00:00,-4.14,1647.97
2020-01-11 03:00:00,-4.08,1559.68
2020-01-11 04:00:00,-4.39,1611.43
2020-01-11 05:00:00,-4.66,1696.26
2020-01-11 06:00:00,-2.8,1746.49
2020-01-11 07:00:00,-3.01,1645.98
2020-01-11 08:00:00,-2.61,
2020-01-11 09:00:00,-1.33,1692.85
2020-01-11 10:00:00,-0.04,1609.5
2020-01-11 11:00:00,-1.25,1589.1
2020-01-11 12:00:00,-2.31,1625.38
2020-01-11 13:00:00,-2.84,1653.83
2020-01-11 14:00:00,-4.56,1827.81
2020-01-11 15:00:00,-3.49,1798.3
2020-01-11 16:00:00,-5.04,1939.81
2020-01-11 17:00:00,-5.65,1943.22
2020-01-11 18:00:00,-5.77,1902.86
2020-01-11 19:00:00,-7.52,2048.07
2020-01-11 20:00:00,-9.15,1958.01
2020-01-11 21:00:00,-9.73,2184.43
2020-01-11 22:00:00,-10.87,2183.14
2020-01-11 23:00:00,-11.52,2044.41
2020-01-12 00:00:00,-13.02,2035.16
2020-01-12 01:00:00,-13.51,2121.66
2020-01-12 02:00:00,-12.14,2025.37
2020-01-12 03:00:00,-9.62,1829.52
2020-01-12 04:00:00,-7.62,1704.33
2020-01-12 05:00:00,-6.33,1708.02
2020-01-12 06:00:00,-4.01,1810.81
2020-01-12 07:00:00,-0.57,1545.69
2020-01-12 08:00:00,-0.29,1628.16
2020-01-12 09:00:00,0.67,1582.48
2020-01-12 10:00:00,0.25,1592.43
2020-01-12 11:00:00,0.12,1603.89
2020-01-12 12:00:00,-0.22,1534.97
2020-01-12 13:00:00,-0.76,1578.68
2020-01-12 14:00:00,0.51,1483.95
2020-01-12 15:00:00,0.73,1564.3
2020-01-12 16:00:00,2.16,1482.2
2020-01-12 17:00:00,-0.57,1606.62
2020-01-12 18:00:00,-2.34,1731.9
2020-01-12 19:00:00,-4.37,1915.82
2020-01-12 20:00:00,-6.27,1915.91
2020-01-12 21:00:00,-5.52,1970.86
2020-01-12 22:00:00,-5.89,1807.6
2020-01-12 23:00:00,-5.74,1745.99
2020-01-13 00:00:00,-7.3,1862.78
2020-01-13 01:00:00,-6.4,1726.29
2020-01-13 02:00:00,-6.56,1703.44
2020-01-13 03:00:00,-5.58,1655.69
2020-01-13 04:00:00,-5.15,1687.04
2020-01-13 05:00:00,-4.18,1727.53
2020-01-13 06:00:00,-3.39,1782.44
2020-01-13 07:00:00,-1.66,1760.47
2020-01-13 08:00:00,-1.55,1852.56
2020-01-13 09:00:00,-1.03,1860.18
2020-01-13 10:00:00,-2.44,1917.13
2020-01-13 11:00:00,-1.25,1696.43
2020-01-13 12:00:00,0.21,1706.91
2020-01-13 13:00:00,-0.53,1721.44
2020-01-13 14:00:00,-1.01,1768.66
2020-01-13 15:00:00,-2.3,1802.93
2020-01-13 16:00:00,-2.98,1984.58
2020-01-13 17:00:00,-4.52,1994.4
2020-01-13 18:00:00,-5.88,2066.43
2020-01-13 19:00:00,-8.04,2238.06
2020-01-13 20:00:00,-10.46,2338.45
2020-01-13 21:00:00,-10.94,2216.02
2020-01-13 22:00:00,-12.19,2202.73
2020-01-13 23:00:00,-9.85,2043.59
2020-01-14 00:00:00,-8.72,1916.02
2020-01-14 01:00:00,-8.7,1878.91
2020-01-14 02:00:00,-9.16,1878.74
2020-01-14 03:00:00,-7.97,1782.68
2020-01-14 04:00:00,-6.47,1737.67
2020-01-14 05:00:00,-5.68,1675.15
2020-01-14 06:00:00,-4.41,1825.18
2020-01-14 07:00:00,-2.29,1831.14
2020-01-14 08:00:00,-1.3,1848.12
2020-01-14 09:00:00,0.37,1807.22
2020-01-14 10:00:00,0.27,1774.67
2020-01-14 11:00:00,0.17,1735.66
2020-01-14 12:00:00,-0.95,1775.21
2020-01-14 13:00:00,-0.28,1724.49
2020-01-14 14:00:00,-0.28,1685.62
2020-01-14 15:00:00,-0.25,1774.56
2020-01-14 16:00:00,-1.49,1904.28
2020-01-14 17:00:00,-1.31,1980.67
2020-01-14 18:00:00,-1.95,1983.98
2020-01-14 19:00:00,-3.34,2013.66
2020-01-14 20:00:00,-4.05,1948.99
2020-01-14 21:00:00,-4.72,1889.39
2020-01-14 22:00:00,-6.54,1944.02
2020-01-14 23:00:00,-7.2,1851.8
2020-01-15 00:00:00,-8.26,1852.18
2020-01-15 01:00:00,-6.39,1740.59
2020-01-15 02:00:00,-4.84,1691.87
2020-01-15 03:00:00,-4.47,1616.0
2020-01-15 04:00:00,-5.15,1633.76
2020-01-15 05:00:00,-3.56,1722.84
2020-01-15 06:00:00,-2.7,1728.7
2020-01-15 07:00:00,-1.19,1739.79
2020-01-15 08:00:00,0.43,1759.51
2020-01-15 09:00:00,1.31,1764.47
2020-01-15 10:00:00,1.9,1736.04
2020-01-15 11:00:00,2.72,1681.37
2020-01-15 12:00:00,4.32,1519.09
2020-01-15 13:00:00,5.12,1478.06
2020-01-15 14:00:00,4.22,1539.18
2020-01-15 15:00:00,4.4,1625.87
2020-01-15 16:00:00,5.43,1564.64
2020-01-15 17:00:00,3.09,1760.01
2020-01-15 18:00:00,2.04,1790.65
2020-01-15 19:00:00,1.06,1827.09
2020-01-15 20:00:00,-2.2,1813.78
2020-01-15 21:00:00,-3.58,1841.54
2020-01-15 22:00:00,-4.7,1825.28
2020-01-15 23:00:00,-5.44,1782.46
2020-01-16 00:00:00,-5.49,1730.11
2020-01-16 01:00:00,-6.76,1767.65
2020-01-16 02:00:00,-3.73,1618.26
2020-01-16 03:00:00,-3.42,1599.71
2020-01-16 04:00:00,-1.89,1519.71
2020-01-16 05:00:00,-0.32,1491.44
2020-01-16 06:00:00,0.13,1605.58
2020-01-16 07:00:00,0.8,1685.82
2020-01-16 08:00:00,1.14,1723.56
2020-01-16 09:00:00,1.97,1727.17
2020-01-16 10:00:00,2.92,
2020-01-16 11:00:00,3.22,1605.57
2020-01-16 12:00:00,2.3,1595.04
2020-01-16 13:00:00,0.41,1738.08
2020-01-16 14:00:00,-1.38,1834.53
2020-01-16 15:00:00,-2.42,1857.09
2020-01-16 16:00:00,-4.24,2074.77
2020-01-16 17:00:00,-3.3,2055.66
2020-01-16 18:00:00,-3.4,2041.57
2020-01-16 19:00:00,-4.87,2071.41
2020-01-16 20:00:00,-5.48,1910.5
2020-01-16 21:00:00,-5.83,2078.8
2020-01-16 22:00:00,-5.72,1917.78
2020-01-16 23:00:00,-5.38,1850.47
2020-01-17 00:00:00,-4.85,1680.29
2020-01-17 01:00:00,-4.96,1651.39
2020-01-17 02:00:00,-3.14,1607.68
2020-01-17 03:00:00,-2.53,1567.2
2020-01-17 04:00:00,-1.25,1488.59
2020-01-17 05:00:00,2.05,1489.35
2020-01-17 06:00:00,2.39,1556.25
2020-01-17 07:00:00,1.91,1624.83
2020-01-17 08:00:00,3.7,1654.68
2020-01-17 09:00:00,3.88,1639.58
2020-01-17 10:00:00,3.67,1659.07
2020-01-17 11:00:00,5.54,1524.3
2020-01-17 12:00:00,5.58,1511.46
2020-01-17 13:00:00,5.0,1534.3
2020-01-17 14:00:00,4.2,1571.6
2020-01-17 15:00:00,3.73,1628.46
2020-01-17 16:00:00,3.18,1687.55
2020-01-17 17:00:00,1.44,1838.11
2020-01-17 18:00:00,-0.24,1855.25
2020-01-17 19:00:00,-1.23,1868.67
2020-01-17 20:00:00,-2.27,1865.03
2020-01-17 21:00:00,-3.4,1826.24
2020-01-17 22:00:00,-2.43,1730.0
2020-01-17 23:00:00,-2.03,1675.97
2020-01-18 00:00:00,-0.67,1531.31
2020-01-18 01:00:00,-1.19,1470.55
2020-01-18 02:00:00,-2.71,1531.79
2020-01-18 03:00:00,-1.53,1456.42
2020-01-18 04:00:00,1.01,1412.99
2020-01-18 05:00:00,3.16,1392.84
2020-01-18 06:00:00,4.01,1425.83
2020-01-18 07:00:00,6.02,1369.88
2020-01-18 08:00:00,4.97,1448.88
2020-01-18 09:00:00,5.56,1425.84
2020-01-18 10:00:00,4.47,1451.14
2020-01-18 11:00:00,4.41,1403.49
2020-01-18 12:00:00,5.36,1282.46
2020-01-18 13:00:00,4.54,1371.33
2020-01-18 14:00:00,4.08,1415.64
2020-01-18 15:00:00,2.54,1425.28
2020-01-18 16:00:00,2.73,1556.42
2020-01-18 17:00:00,1.05,1681.31
2020-01-18 18:00:00,0.79,1662.21
2020-01-18 19:00:00,0.31,1670.53
2020-01-18 20:00:00,-0.44,1608.69
2020-01-18 21:00:00,-3.81,1771.7
2020-01-18 22:00:00,-4.59,1791.96
2020-01-18 23:00:00,-6.75,1867.3
2020-01-19 00:00:00,-7.53,1713.22
2020-01-19 01:00:00,-9.71,1861.13
2020-01-19 02:00:00,-7.44,1716.57
2020-01-19 03:00:00,-6.69,1678.78
2020-01-19 04:00:00,-6.98,1713.41
2020-01-19 05:00:00,-6.99,1727.69
2020-01-19 06:00:00,-7.07,1864.99
2020-01-19 07:00:00,-6.68,1759.51
2020-01-19 08:00:00,-5.94,1843.79
2020-01-19 09:00:00,-5.49,1856.25
2020-01-19 10:00:00,-6.34,1891.15
2020-01-19 11:00:00,-4.45,1755.23
2020-01-19 12:00:00,-3.52,1797.96
2020-01-19 13:00:00,-2.91,1642.19
2020-01-19 14:00:00,-3.99,1721.2
2020-01-19 15:00:00,-4.64,1761.94
2020-01-19 16:00:00,-4.31,1787.82
2020-01-19 17:00:00,-7.02,2031.48
2020-01-19 18:00:00,-9.16,2154.21
2020-01-19 19:00:00,-8.8,2050.6
2020-01-19 20:00:00,-9.45,2161.13
2020-01-19 21:00:00,-10.25,2115.6
2020-01-19 22:00:00,-11.04,2059.55
2020-01-19 23:00:00,-11.6,2165.66
2020-01-20 00:00:00,-12.26,2063.39
2020-01-20 01:00:00,-11.65,2003.94
2020-01-20 02:00:00,-11.61,
2020-01-20 03:00:00,-9.65,1811.56
2020-01-20 04:00:00,-9.05,1823.81
2020-01-20 05:00:00,-8.84,1931.68
2020-01-20 06:00:00,-6.2,1902.06
2020-01-20 07:00:00,-4.73,1954.28
2020-01-20 08:00:00,-4.57,1946.42
2020-01-20 09:00:00,-2.36,1879.5
2020-01-20 10:00:00,0.64,1788.28
2020-01-20 11:00:00,1.21,1644.82
2020-01-20 12:00:00,-0.49,1743.22
2020-01-20 13:00:00,0.26,1693.9
2020-01-20 14:00:00,0.94,1659.65
2020-01-20 15:00:00,-0.42,1760.8
2020-01-20 16:00:00,-0.39,1801.65
2020-01-20 17:00:00,-0.76,1853.7
2020-01-20 18:00:00,-2.4,2035.76
2020-01-20 19:00:00,-3.69,2013.39
2020-01-20 20:00:00,-4.67,1895.55
2020-01-20 21:00:00,-4.4,1853.61
2020-01-20 22:00:00,-4.35,1760.72
2020-01-20 23:00:00,-4.18,1749.44
2020-01-21 00:00:00,-4.67,1757.19
2020-01-21 01:00:00,-4.56,1675.06
2020-01-21 02:00:00,-4.88,1659.02
2020-01-21 03:00:00,-3.58,1591.64
2020-01-21 04:00:00,-1.94,1527.79
2020-01-21 05:00:00,-1.29,1594.58
2020-01-21 06:00:00,1.68,1551.83
2020-01-21 07:00:00,3.74,1610.12
2020-01-21 08:00:00,6.1,1616.87
2020-01-21 09:00:00,6.62,1593.4
2020-01-21 10:00:00,6.47,1538.07
2020-01-21 11:00:00,5.83,1561.77
2020-01-21 12:00:00,5.02,1515.05
2020-01-21 13:00:00,4.19,1532.22
2020-01-21 14:00:00,4.22,1542.42
2020-01-21 15:00:00,2.37,1649.95
2020-01-21 16:00:00,0.94,1712.22
2020-01-21 17:00:00,0.88,1894.67
2020-01-21 18:00:00,0.14,1834.15
2020-01-21 19:00:00,-1.38,1947.44
2020-01-21 20:00:00,-3.05,1999.18
2020-01-21 21:00:00,-2.3,1815.93
2020-01-21 22:00:00,-3.55,1861.87
2020-01-21 23:00:00,-3.4,1688.09
2020-01-22 00:00:00,-3.95,1649.31
2020-01-22 01:00:00,-3.09,1613.56
2020-01-22 02:00:00,-3.72,1630.7
2020-01-22 03:00:00,-0.72,1469.18
2020-01-22 04:00:00,1.06,1456.33
2020-01-22 05:00:00,2.66,1407.94
2020-01-22 06:00:00,3.99,1525.49
2020-01-22 07:00:00,5.41,1596.15
2020-01-22 08:00:00,6.36,1577.4
2020-01-22 09:00:00,6.55,1602.98
2020-01-22 10:00:00,5.74,1580.18
2020-01-22 11:00:00,6.39,1536.45
2020-01-22 12:00:00,6.58,1445.36
2020-01-22 13:00:00,6.21,1481.45
2020-01-22 14:00:00,5.86,1514.71
2020-01-22 15:00:00,5.06,1588.91
2020-01-22 16:00:00,4.93,1519.33
2020-01-22 17:00:00,4.45,1652.84
2020-01-22 18:00:00,2.56,1780.19
2020-01-22 19:00:00,0.57,1862.39
2020-01-22 20:00:00,-0.9,1821.59
2020-01-22 21:00:00,-1.58,1792.16
2020-01-22 22:00:00,-1.57,1717.93
2020-01-22 23:00:00,-2.7,1746.3
2020-01-23 00:00:00,-2.45,1655.08
2020-01-23 01:00:00,-2.41,1642.07
2020-01-23 02:00:00,-2.25,1534.02
2020-01-23 03:00:00,-3.13,1591.74
2020-01-23 04:00:00,-0.8,1508.37
2020-01-23 05:00:00,-0.97,1543.11
2020-01-23 06:00:00,-0.48,1661.31
2020-01-23 07:00:00,1.68,1660.42
2020-01-23 08:00:00,1.8,1731.54
2020-01-23 09:00:00,2.71,
2020-01-23 10:00:00,1.39,1719.56
2020-01-23 11:00:00,1.65,1661.26
2020-01-23 12:00:00,0.79,1710.55
2020-01-23 13:00:00,0.73,1699.96
2020-01-23 14:00:00,1.94,1626.62
2020-01-23 15:00:00,1.6,1665.56
2020-01-23 16:00:00,1.64,1749.57
2020-01-23 17:00:00,0.14,1895.18
2020-01-23 18:00:00,-0.48,1921.52
2020-01-23 19:00:00,-1.55,1930.58
2020-01-23 20:00:00,-1.44,1796.17
2020-01-23 21:00:00,-3.29,1951.8
2020-01-23 22:00:00,-2.69,1778.4
2020-01-23 23:00:00,-2.43,1700.33
2020-01-24 00:00:00,-2.91,1614.56
2020-01-24 01:00:00,-3.45,1664.47
2020-01-24 02:00:00,-1.36,1515.57
2020-01-24 03:00:00,-0.54,1438.7
2020-01-24 04:00:00,1.54,1378.45
2020-01-24 05:00:00,1.74,1437.85
2020-01-24 06:00:00,2.14,1514.87
2020-01-24 07:00:00,2.99,1633.52
2020-01-24 08:00:00,4.02,1635.14
2020-01-24 09:00:00,4.06,1716.68
2020-01-24 10:00:00,5.09,1569.39
2020-01-24 11:00:00,4.55,1550.76
2020-01-24 12:00:00,3.39,1598.83
2020-01-24 13:00:00,2.93,1604.79
2020-01-24 14:00:00,3.37,1568.14
2020-01-24 15:00:00,1.78,1675.62
2020-01-24 16:00:00,-0.17,1830.91
2020-01-24 17:00:00,-1.39,1858.29
2020-01-24 18:00:00,-2.98,
2020-01-24 19:00:00,-3.86,1973.35
2020-01-24 20:00:00,-5.4,1983.74
2020-01-24 21:00:00,-6.87,2011.62
2020-01-24 22:00:00,-7.81,1970.73
2020-01-24 23:00:00,-6.68,1816.46
2020-01-25 00:00:00,-8.28,1814.19
2020-01-25 01:00:00,-8.63,1803.33
2020-01-25 02:00:00,-8.07,1761.87
2020-01-25 03:00:00,-7.83,1756.44
2020-01-25 04:00:00,-7.33,1758.35
2020-01-25 05:00:00,-6.48,1724.06
2020-01-25 06:00:00,-6.05,1832.07
2020-01-25 07:00:00,-3.61,1658.19
2020-01-25 08:00:00,-3.04,1723.03
2020-01-25 09:00:00,-1.0,1656.92
2020-01-25 10:00:00,-2.01,1718.14
2020-01-25 11:00:00,-2.3,1690.15
2020-01-25 12:00:00,-1.25,1617.14
2020-01-25 13:00:00,0.95,1465.73
2020-01-25 14:00:00,1.56,1506.1
2020-01-25 15:00:00,3.01,1448.97
2020-01-25 16:00:00,0.81,1578.66
2020-01-25 17:00:00,-0.31,1658.15
2020-01-25 18:00:00,-0.66,1723.45
2020-01-25 19:00:00,-1.38,1707.5
2020-01-25 20:00:00,-2.38,1677.25
2020-01-25 21:00:00,-3.58,1864.19
2020-01-25 22:00:00,-4.07,1691.5
2020-01-25 23:00:00,-4.4,1785.14
2020-01-26 00:00:00,-3.28,1615.52
2020-01-26 01:00:00,-4.28,1600.4
2020-01-26 02:00:00,-3.8,1529.29
2020-01-26 03:00:00,-4.49,1576.67
2020-01-26 04:00:00,-3.69,1567.69
2020-01-26 05:00:00,-3.73,1698.19
2020-01-26 06:00:00,-2.61,1675.88
2020-01-26 07:00:00,0.55,1462.32
2020-01-26 08:00:00,1.3,1583.83
2020-01-26 09:00:00,2.71,1511.2
2020-01-26 10:00:00,4.77,1434.07
2020-01-26 11:00:00,4.72,1370.22
2020-01-26 12:00:00,6.72,1280.78
2020-01-26 13:00:00,6.88,1235.72
2020-01-26 14:00:00,7.39,1263.11
2020-01-26 15:00:00,6.02,1317.68
2020-01-26 16:00:00,3.07,1408.84
2020-01-26 17:00:00,1.32,1612.7
2020-01-26 18:00:00,-0.94,1663.62
2020-01-26 19:00:00,-2.3,1812.15
2020-01-26 20:00:00,-3.29,1748.85
2020-01-26 21:00:00,-3.93,1817.32
2020-01-26 22:00:00,-3.99,1800.48
2020-01-26 23:00:00,-3.78,1745.65
2020-01-27 00:00:00,-3.5,1579.93
2020-01-27 01:00:00,-4.51,1670.37
2020-01-27 02:00:00,-4.91,1697.34
2020-01-27 03:00:00,-4.54,1613.87
2020-01-27 04:00:00,-5.54,1716.55
2020-01-27 05:00:00,-5.93,1734.47
2020-01-27 06:00:00,-5.84,1943.42
2020-01-27 07:00:00,-5.78,1906.56
2020-01-27 08:00:00,-4.47,1924.82
2020-01-27 09:00:00,-3.7,1990.51
2020-01-27 10:00:00,-3.4,1917.93
2020-01-27 11:00:00,-4.71,1961.0
2020-01-27 12:00:00,-4.74,1873.8
2020-01-27 13:00:00,-6.66,2083.71
2020-01-27 14:00:00,-7.04,2117.69
2020-01-27 15:00:00,-7.67,2089.04
2020-01-27 16:00:00,-7.81,2193.56
2020-01-27 17:00:00,-7.93,2253.73
2020-01-27 18:00:00,-8.32,2370.44
2020-01-27 19:00:00,-9.15,2282.81
2020-01-27 20:00:00,-10.56,2247.31
2020-01-27 21:00:00,-11.84,2352.56
2020-01-27 22:00:00,-12.22,2192.97
2020-01-27 23:00:00,-14.37,2215.63
2020-01-28 00:00:00,-15.19,
2020-01-28 01:00:00,-14.55,2190.88
2020-01-28 02:00:00,-13.63,2033.02
2020-01-28 03:00:00,-13.75,2063.94
2020-01-28 04:00:00,-11.61,
2020-01-28 05:00:00,-10.71,2014.08
2020-01-28 06:00:00,-9.26,2019.12
2020-01-28 07:00:00,-7.9,2008.2
2020-01-28 08:00:00,-7.72,2174.29
2020-01-28 09:00:00,-5.61,2048.55
2020-01-28 10:00:00,-5.02,2028.31
2020-01-28 11:00:00,-4.87,1982.27
2020-01-28 12:00:00,-5.1,1961.24
2020-01-28 13:00:00,-5.39,1994.78
2020-01-28 14:00:00,-3.84,1943.49
2020-01-28 15:00:00,-4.5,1958.35
2020-01-28 16:00:00,-6.45,2121.09
2020-01-28 17:00:00,-7.56,2272.65
2020-01-28 18:00:00,-7.19,2159.93
2020-01-28 19:00:00,-11.74,2412.63
2020-01-28 20:00:00,-12.68,2539.29
2020-01-28 21:00:00,-13.53,2500.9
2020-01-28 22:00:00,-13.28,2200.18
2020-01-28 23:00:00,-11.87,2131.6
2020-01-29 00:00:00,-10.78,2010.21
2020-01-29 01:00:00,-11.31,1928.37
2020-01-29 02:00:00,-11.63,1901.83
2020-01-29 03:00:00,-11.54,1991.87
2020-01-29 04:00:00,-11.59,1952.81
2020-01-29 05:00:00,-11.72,2037.34
2020-01-29 06:00:00,-10.43,2052.56
2020-01-29 07:00:00,-7.72,2061.84
2020-01-29 08:00:00,-7.26,2109.92
2020-01-29 09:00:00,-7.29,2189.31
2020-01-29 10:00:00,-6.66,2158.75
2020-01-29 11:00:00,-6.48,2038.92
2020-01-29 12:00:00,-7.21,2117.85
2020-01-29 13:00:00,-8.17,2121.99
2020-01-29 14:00:00,-9.56,2219.14
2020-01-29 15:00:00,-7.92,
2020-01-29 16:00:00,-7.4,2178.28
2020-01-29 17:00:00,-9.28,2268.42
2020-01-29 18:00:00,-9.18,2353.44
2020-01-29 19:00:00,-11.23,2495.21
2020-01-29 20:00:00,-12.76,2358.85
2020-01-29 21:00:00,-13.41,2384.87
2020-01-29 22:00:00,-13.09,2357.26
2020-01-29 23:00:00,-13.22,2135.25
2020-01-30 00:00:00,-11.95,2037.13
2020-01-30 01:00:00,-9.97,1861.28
2020-01-30 02:00:00,-11.62,1969.39
2020-01-30 03:00:00,-11.66,1990.29
2020-01-30 04:00:00,-8.79,1872.53
2020-01-30 05:00:00,-6.64,1814.07
2020-01-30 06:00:00,-5.69,1869.49
2020-01-30 07:00:00,-2.91,1792.91
2020-01-30 08:00:00,-1.58,1901.58
2020-01-30 09:00:00,-2.06,1942.55
2020-01-30 10:00:00,-0.84,1801.39
2020-01-30 11:00:00,-0.19,1698.51
2020-01-30 12:00:00,-0.39,1799.05
2020-01-30 13:00:00,1.02,1629.3
2020-01-30 14:00:00,-1.44,1792.42
2020-01-30 15:00:00,-2.47,1886.73
2020-01-30 16:00:00,-2.93,1952.44
2020-01-30 17:00:00,-2.85,2026.85
2020-01-30 18:00:00,-3.71,2090.27
2020-01-30 19:00:00,-4.91,2000.44
2020-01-30 20:00:00,-5.4,2020.94
2020-01-30 21:00:00,-3.7,1920.71
2020-01-30 22:00:00,-4.44,1756.53
2020-01-30 23:00:00,-5.54,1841.98
2020-01-31 00:00:00,-6.73,1795.94
2020-01-31 01:00:00,-5.41,1684.84
2020-01-31 02:00:00,-6.42,1641.76
2020-01-31 03:00:00,-6.63,1653.47
2020-01-31 04:00:00,-6.49,1757.28
2020-01-31 05:00:00,-5.62,1820.77
2020-01-31 06:00:00,-3.2,1688.3
2020-01-31 07:00:00,-1.17,1777.09
2020-01-31 08:00:00,-0.52,1797.22
2020-01-31 09:00:00,2.35,1689.21
2020-01-31 10:00:00,1.65,1687.58
2020-01-31 11:00:00,3.74,1600.53
2020-01-31 12:00:00,4.5,1539.5
2020-01-31 13:00:00,3.15,1606.65
2020-01-31 14:00:00,-0.17,1683.1
2020-01-31 15:00:00,-0.65,1677.44
2020-01-31 16:00:00,0.27,
2020-01-31 17:00:00,-1.32,1862.46
2020-01-31 18:00:00,-3.74,2060.23
2020-01-31 19:00:00,-4.14,2058.44
2020-01-31 20:00:00,-5.39,1997.82
2020-01-31 21:00:00,-4.6,1899.15
2020-01-31 22:00:00,-5.57,1906.82
2020-01-31 23:00:00,-6.22,1822.46
2020-02-01 00:00:00,-7.56,1761.6
2020-02-01 01:00:00,-6.32,1644.92
2020-02-01 02:00:00,-4.27,1540.87
2020-02-01 03:00:00,-3.82,1546.07
2020-02-01 04:00:00,-2.68,1530.78
2020-02-01 05:00:00,-0.46,1495.58
2020-02-01 06:00:00,0.52,1540.41
2020-02-01 07:00:00,2.4,1432.1
2020-02-01 08:00:00,2.84,1521.04
2020-02-01 09:00:00,5.16,1428.29
2020-02-01 10:00:00,5.26,1430.57
2020-02-01 11:00:00,5.95,1327.89
2020-02-01 12:00:00,6.46,
2020-02-01 13:00:00,4.3,1362.17
2020-02-01 14:00:00,3.92,1309.15
2020-02-01 15:00:00,2.31,1413.87
2020-02-01 16:00:00,0.8,1569.8
2020-02-01 17:00:00,0.42,1643.24
2020-02-01 18:00:00,-0.99,1713.7
2020-02-01 19:00:00,-2.95,1771.1
2020-02-01 20:00:00,-4.17,1790.2
2020-02-01 21:00:00,-4.16,1812.99
2020-02-01 22:00:00,-4.18,1771.43
2020-02-01 23:00:00,-4.14,1684.32
2020-02-02 00:00:00,-3.82,1645.38
2020-02-02 01:00:00,-4.74,1598.55
2020-02-02 02:00:00,-3.64,1543.79
2020-02-02 03:00:00,-3.05,1488.31
2020-02-02 04:00:00,-1.75,1476.04
2020-02-02 05:00:00,0.15,1456.48
2020-02-02 06:00:00,1.1,1474.93
2020-02-02 07:00:00,1.7,1473.57
2020-02-02 08:00:00,3.37,1491.76
2020-02-02 09:00:00,5.42,1464.54
2020-02-02 10:00:00,7.65,1305.37
2020-02-02 11:00:00,7.74,1201.11
2020-02-02 12:00:00,7.74,1229.63
2020-02-02 13:00:00,6.96,1223.27
2020-02-02 14:00:00,5.03,1262.64
2020-02-02 15:00:00,4.01,1412.15
2020-02-02 16:00:00,2.92,1447.1
2020-02-02 17:00:00,2.65,1540.24
2020-02-02 18:00:00,1.52,1583.06
2020-02-02 19:00:00,0.16,1687.35
2020-02-02 20:00:00,0.14,1571.43
2020-02-02 21:00:00,-0.19,1726.5
2020-02-02 22:00:00,-1.71,1637.83
2020-02-02 23:00:00,-2.06,1620.78
2020-02-03 00:00:00,-2.73,1648.91
2020-02-03 01:00:00,-3.77,1603.92
2020-02-03 02:00:00,-3.18,1591.76
2020-02-03 03:00:00,-1.86,
2020-02-03 04:00:00,-2.69,1523.34
2020-02-03 05:00:00,-2.36,1600.88
2020-02-03 06:00:00,-2.06,1672.67
2020-02-03 07:00:00,-2.0,1822.89
2020-02-03 08:00:00,-1.14,1812.64
2020-02-03 09:00:00,-0.19,1757.95
2020-02-03 10:00:00,0.59,1759.51
2020-02-03 11:00:00,1.12,1645.06
2020-02-03 12:00:00,2.13,1595.55
2020-02-03 13:00:00,1.21,1694.39
2020-02-03 14:00:00,-0.13,1690.65
2020-02-03 15:00:00,-0.98,1859.28
2020-02-03 16:00:00,-2.48,1918.23
2020-02-03 17:00:00,-4.49,1987.74
2020-02-03 18:00:00,-5.23,2070.02
2020-02-03 19:00:00,-7.1,2241.28
2020-02-03 20:00:00,-7.01,2155.46
2020-02-03 21:00:00,-7.29,2009.56
2020-02-03 22:00:00,-5.28,1845.47
2020-02-03 23:00:00,-5.6,1845.07
2020-02-04 00:00:00,-4.16,1697.74
2020-02-04 01:00:00,-5.03,1629.75
2020-02-04 02:00:00,-3.76,1553.05
2020-02-04 03:00:00,-3.43,1521.36
2020-02-04 04:00:00,-2.96,1577.22
2020-02-04 05:00:00,-1.93,1577.36
2020-02-04 06:00:00,-0.36,1591.58
2020-02-04 07:00:00,-1.1,1749.57
2020-02-04 08:00:00,1.84,1727.64
2020-02-04 09:00:00,1.12,1733.15
2020-02-04 10:00:00,1.9,1695.83
2020-02-04 11:00:00,2.4,1674.24
2020-02-04 12:00:00,0.92,1608.54
2020-02-04 13:00:00,2.23,1557.76
2020-02-04 14:00:00,2.79,1587.3
2020-02-04 15:00:00,0.95,1666.92
2020-02-04 16:00:00,-0.04,
2020-02-04 17:00:00,-0.19,1807.55
2020-02-04 18:00:00,-1.09,1928.9
2020-02-04 19:00:00,-1.13,1833.56
2020-02-04 20:00:00,-2.34,1942.36
2020-02-04 21:00:00,-1.73,1802.2
2020-02-04 22:00:00,-3.21,1775.16
2020-02-04 23:00:00,-4.33,1730.38
2020-02-05 00:00:00,-4.29,1658.39
2020-02-05 01:00:00,-5.34,1742.75
2020-02-05 02:00:00,-5.78,1689.41
2020-02-05 03:00:00,-5.02,1689.6
2020-02-05 04:00:00,-5.01,1655.69
2020-02-05 05:00:00,-4.81,1692.96
2020-02-05 06:00:00,-5.39,1778.82
2020-02-05 07:00:00,-3.65,1809.38
2020-02-05 08:00:00,-3.35,1895.94
2020-02-05 09:00:00,-1.69,1868.4
2020-02-05 10:00:00,-1.31,1836.23
2020-02-05 11:00:00,0.54,
2020-02-05 12:00:00,0.93,1607.81
2020-02-05 13:00:00,1.55,1621.56
2020-02-05 14:00:00,1.76,1602.53
2020-02-05 15:00:00,1.32,1619.87
2020-02-05 16:00:00,1.76,1681.85
2020-02-05 17:00:00,-0.98,1947.6
2020-02-05 18:00:00,-2.77,1990.14
2020-02-05 19:00:00,-3.44,2019.4
2020-02-05 20:00:00,-4.13,1950.09
2020-02-05 21:00:00,-5.82,2024.96
2020-02-05 22:00:00,-7.46,1895.39
2020-02-05 23:00:00,-7.79,1944.3
2020-02-06 00:00:00,-8.68,1904.61
2020-02-06 01:00:00,-8.77,1800.83
2020-02-06 02:00:00,-9.15,1838.39
2020-02-06 03:00:00,-7.53,1729.8
2020-02-06 04:00:00,-7.31,1730.88
2020-02-06 05:00:00,-6.1,1754.01
2020-02-06 06:00:00,-4.47,1818.57
2020-02-06 07:00:00,-4.86,1877.78
2020-02-06 08:00:00,-4.83,1995.44
2020-02-06 09:00:00,-1.59,1835.04
2020-02-06 10:00:00,-0.46,1732.85
2020-02-06 11:00:00,0.25,1701.84
2020-02-06 12:00:00,0.85,1630.36
2020-02-06 13:00:00,1.88,1668.84
2020-02-06 14:00:00,1.23,1635.28
2020-02-06 15:00:00,-1.08,1735.62
2020-02-06 16:00:00,-0.43,1828.7
2020-02-06 17:00:00,-1.33,1825.84
2020-02-06 18:00:00,-1.09,1876.9
2020-02-06 19:00:00,-2.65,1942.6
2020-02-06 20:00:00,-2.79,1944.02
2020-02-06 21:00:00,-2.43,1797.26
2020-02-06 22:00:00,-4.76,1771.87
2020-02-06 23:00:00,-5.12,1818.01
2020-02-07 00:00:00,-6.88,1783.8
2020-02-07 01:00:00,-7.89,1804.36
2020-02-07 02:00:00,-8.1,1718.54
2020-02-07 03:00:00,-6.89,1696.54
2020-02-07 04:00:00,-5.43,1657.75
2020-02-07 05:00:00,-3.66,1643.65
2020-02-07 06:00:00,-2.02,1708.45
2020-02-07 07:00:00,-1.28,1739.07
2020-02-07 08:00:00,-0.89,1776.36
2020-02-07 09:00:00,1.13,1729.27
2020-02-07 10:00:00,3.0,1659.58
2020-02-07 11:00:00,3.53,1579.86
2020-02-07 12:00:00,4.84,1447.1
2020-02-07 13:00:00,3.31,1564.63
2020-02-07 14:00:00,1.84,1674.56
2020-02-07 15:00:00,-0.63,1746.99
2020-02-07 16:00:00,-2.94,1935.22
2020-02-07 17:00:00,-3.23,1950.42
2020-02-07 18:00:00,-5.05,2094.37
2020-02-07 19:00:00,-5.16,2075.55
2020-02-07 20:00:00,-3.88,1962.27
2020-02-07 21:00:00,-2.49,1787.11
2020-02-07 22:00:00,-5.13,1796.51
2020-02-07 23:00:00,-5.78,1817.62
2020-02-08 00:00:00,-7.67,1760.9
2020-02-08 01:00:00,-9.9,1847.98
2020-02-08 02:00:00,-9.62,1765.59
2020-02-08 03:00:00,-10.57,1838.58
2020-02-08 04:00:00,-9.87,1786.71
2020-02-08 05:00:00,-8.91,1873.57
2020-02-08 06:00:00,-5.48,1819.83
2020-02-08 07:00:00,-3.87,1642.44
2020-02-08 08:00:00,-3.26,1714.93
2020-02-08 09:00:00,-3.35,1765.05
2020-02-08 10:00:00,-2.03,1658.6
2020-02-08 11:00:00,0.14,1532.7
2020-02-08 12:00:00,-0.76,1527.5
2020-02-08 13:00:00,0.27,1460.48
2020-02-08 14:00:00,-0.03,1539.6
2020-02-08 15:00:00,-1.44,1571.79
2020-02-08 16:00:00,-1.63,1587.75
2020-02-08 17:00:00,-4.35,1896.63
2020-02-08 18:00:00,-4.88,1929.4
2020-02-08 19:00:00,-5.37,1892.86
2020-02-08 20:00:00,-4.84,1838.42
2020-02-08 21:00:00,-6.36,1997.04
2020-02-08 22:00:00,-7.07,1933.31
2020-02-08 23:00:00,-6.89,1858.62
2020-02-09 00:00:00,-7.69,1749.6
2020-02-09 01:00:00,-7.07,1677.5
2020-02-09 02:00:00,-6.64,1660.65
2020-02-09 03:00:00,-5.56,1516.33
2020-02-09 04:00:00,-1.88,1460.94
2020-02-09 05:00:00,-1.99,1508.16
2020-02-09 06:00:00,-0.08,1561.19
2020-02-09 07:00:00,1.18,1462.69
2020-02-09 08:00:00,1.37,1536.27
2020-02-09 09:00:00,1.13,1543.77
2020-02-09 10:00:00,2.25,1524.32
2020-02-09 11:00:00,2.3,1428.28
2020-02-09 12:00:00,3.28,1371.22
2020-02-09 13:00:00,3.82,1369.47
2020-02-09 14:00:00,3.91,1373.7
2020-02-09 15:00:00,3.38,1400.16
2020-02-09 16:00:00,0.58,1616.47
2020-02-09 17:00:00,0.11,1646.86
2020-02-09 18:00:00,-1.44,1759.89
2020-02-09 19:00:00,-1.98,1757.4
2020-02-09 20:00:00,-2.57,1682.38
2020-02-09 21:00:00,-3.38,1736.32
2020-02-09 22:00:00,-4.18,1709.9
2020-02-09 23:00:00,-3.74,1705.47
2020-02-10 00:00:00,-2.09,1616.34
2020-02-10 01:00:00,-1.9,1575.74
2020-02-10 02:00:00,-1.65,1481.97
2020-02-10 03:00:00,-0.74,1494.61
2020-02-10 04:00:00,0.55,1480.41
2020-02-10 05:00:00,1.88,1476.46
2020-02-10 06:00:00,2.23,1541.85
2020-02-10 07:00:00,3.72,1541.09
2020-02-10 08:00:00,4.66,1610.95
2020-02-10 09:00:00,4.81,1611.17
2020-02-10 10:00:00,4.88,1600.01
2020-02-10 11:00:00,5.32,1509.5
2020-02-10 12:00:00,4.76,1529.29
2020-02-10 13:00:00,1.77,1575.23
2020-02-10 14:00:00,1.59,1646.92
2020-02-10 15:00:00,1.01,1736.78
2020-02-10 16:00:00,1.2,1766.96
2020-02-10 17:00:00,-0.32,1828.73
2020-02-10 18:00:00,-0.23,1814.85
2020-02-10 19:00:00,-0.64,1842.84
2020-02-10 20:00:00,-1.53,1782.91
2020-02-10 21:00:00,-2.21,1783.01
2020-02-10 22:00:00,-2.96,1809.19
2020-02-10 23:00:00,-3.4,1750.17
2020-02-11 00:00:00,-4.02,1659.73
2020-02-11 01:00:00,-4.75,1588.81
2020-02-11 02:00:00,-4.33,1569.38
2020-02-11 03:00:00,-3.89,1568.04
2020-02-11 04:00:00,-2.75,1558.41
2020-02-11 05:00:00,-1.64,1527.92
2020-02-11 06:00:00,0.05,1597.39
2020-02-11 07:00:00,2.84,1607.31
2020-02-11 08:00:00,1.87,1714.64
2020-02-11 09:00:00,4.6,1633.39
2020-02-11 10:00:00,4.2,
2020-02-11 11:00:00,4.37,1542.42
2020-02-11 12:00:00,3.15,1594.33
2020-02-11 13:00:00,1.88,1638.31
2020-02-11 14:00:00,-0.19,1752.65
2020-02-11 15:00:00,-0.4,1748.67
2020-02-11 16:00:00,-2.11,1857.86
2020-02-11 17:00:00,-3.65,1994.99
2020-02-11 18:00:00,-3.28,1936.84
2020-02-11 19:00:00,-5.83,
2020-02-11 20:00:00,-8.13,2274.75
2020-02-11 21:00:00,-9.02,2069.3
2020-02-11 22:00:00,-8.4,2019.89
2020-02-11 23:00:00,-9.51,
2020-02-12 00:00:00,-8.76,1881.08
2020-02-12 01:00:00,-8.42,1830.94
2020-02-12 02:00:00,-8.98,1753.55
2020-02-12 03:00:00,-6.09,1631.48
2020-02-12 04:00:00,-5.4,1648.13
2020-02-12 05:00:00,-5.1,1677.0
2020-02-12 06:00:00,-3.14,1747.43
2020-02-12 07:00:00,-3.47,1845.21
2020-02-12 08:00:00,-1.01,1799.51
2020-02-12 09:00:00,1.29,1784.64
2020-02-12 10:00:00,2.27,1701.02
2020-02-12 11:00:00,2.33,1643.53
2020-02-12 12:00:00,3.35,1582.46
2020-02-12 13:00:00,3.29,1488.82
2020-02-12 14:00:00,2.67,1616.84
2020-02-12 15:00:00,2.72,
2020-02-12 16:00:00,2.24,1687.3
2020-02-12 17:00:00,0.86,1772.26
2020-02-12 18:00:00,-0.11,1677.1
2020-02-12 19:00:00,-0.3,1847.33
2020-02-12 20:00:00,-2.4,1835.59
2020-02-12 21:00:00,-2.95,1837.64
2020-02-12 22:00:00,-3.87,1841.81
2020-02-12 23:00:00,-3.43,1767.57
2020-02-13 00:00:00,-1.87,1590.88
2020-02-13 01:00:00,-3.08,1569.76
2020-02-13 02:00:00,-2.47,1553.57
2020-02-13 03:00:00,-1.26,1484.71
2020-02-13 04:00:00,-1.18,1455.68
2020-02-13 05:00:00,-1.33,1589.51
2020-02-13 06:00:00,-1.43,1699.82
2020-02-13 07:00:00,0.13,1657.12
2020-02-13 08:00:00,-0.1,1787.29
2020-02-13 09:00:00,1.67,1731.99
2020-02-13 10:00:00,2.54,1695.46
2020-02-13 11:00:00,3.31,1559.81
2020-02-13 12:00:00,3.8,1547.46
2020-02-13 13:00:00,2.59,1605.8
2020-02-13 14:00:00,3.05,1544.88
2020-02-13 15:00:00,4.75,1494.42
2020-02-13 16:00:00,3.93,1597.98
2020-02-13 17:00:00,3.38,1677.85
2020-02-13 18:00:00,2.25,1719.84
2020-02-13 19:00:00,1.11,1742.3
2020-02-13 20:00:00,-0.03,1817.61
2020-02-13 21:00:00,-0.45,1741.01
2020-02-13 22:00:00,-2.63,1743.07
2020-02-13 23:00:00,-2.71,1701.05
2020-02-14 00:00:00,-2.19,1594.24
2020-02-14 01:00:00,-3.26,1583.06
2020-02-14 02:00:00,-5.34,1614.61
2020-02-14 03:00:00,-5.8,1638.83
2020-02-14 04:00:00,-5.51,1636.15
2020-02-14 05:00:00,-3.4,1653.42
2020-02-14 06:00:00,-0.06,1614.42
2020-02-14 07:00:00,1.55,1643.95
2020-02-14 08:00:00,4.92,1583.62
2020-02-14 09:00:00,4.34,1655.97
2020-02-14 10:00:00,5.09,1608.57
2020-02-14 11:00:00,5.66,1489.68
2020-02-14 12:00:00,5.52,1483.66
2020-02-14 13:00:00,4.44,1514.29
2020-02-14 14:00:00,1.92,1587.93
2020-02-14 15:00:00,1.78,1685.62
2020-02-14 16:00:00,0.41,1752.4
2020-02-14 17:00:00,0.57,1795.6
2020-02-14 18:00:00,-0.78,1926.98
2020-02-14 19:00:00,-2.97,1921.33
2020-02-14 20:00:00,-3.41,1936.59
2020-02-14 21:00:00,-6.03,1938.26
2020-02-14 22:00:00,-6.7,1861.56
2020-02-14 23:00:00,-7.47,1920.7
2020-02-15 00:00:00,-7.8,1752.42
2020-02-15 01:00:00,-6.66,1728.63
2020-02-15 02:00:00,-6.79,1626.34
2020-02-15 03:00:00,-6.09,1546.43
2020-02-15 04:00:00,-5.87,1639.53
2020-02-15 05:00:00,-4.57,1583.85
2020-02-15 06:00:00,-3.53,1604.96
2020-02-15 07:00:00,-2.87,1638.27
2020-02-15 08:00:00,-3.56,1747.68
2020-02-15 09:00:00,-3.29,1738.9
2020-02-15 10:00:00,-1.56,1695.28
2020-02-15 11:00:00,-2.06,1626.36
2020-02-15 12:00:00,-1.22,1579.47
2020-02-15 13:00:00,-1.59,1629.75
2020-02-15 14:00:00,-0.71,1486.55
2020-02-15 15:00:00,-2.15,1642.75
2020-02-15 16:00:00,-3.84,1814.23
2020-02-15 17:00:00,-3.75,1778.18
2020-02-15 18:00:00,-4.96,1816.1
2020-02-15 19:00:00,-6.68,1947.26
2020-02-15 20:00:00,-7.51,
2020-02-15 21:00:00,-9.33,2007.08
2020-02-15 22:00:00,-9.61,2044.88
2020-02-15 23:00:00,-8.01,1853.15
2020-02-16 00:00:00,-8.78,1858.57
2020-02-16 01:00:00,-7.03,1725.25
2020-02-16 02:00:00,-6.21,1594.02
2020-02-16 03:00:00,-5.32,1560.21
2020-02-16 04:00:00,-1.53,1464.68
2020-02-16 05:00:00,-1.1,1551.08
2020-02-16 06:00:00,-0.42,1576.02
2020-02-16 07:00:00,1.29,1484.16
2020-02-16 08:00:00,3.53,1506.94
2020-02-16 09:00:00,4.02,1477.25
2020-02-16 10:00:00,5.96,1371.75
2020-02-16 11:00:00,8.41,1243.35
2020-02-16 12:00:00,8.64,1216.87
2020-02-16 13:00:00,9.47,1187.4
2020-02-16 14:00:00,9.5,1191.91
2020-02-16 15:00:00,8.47,1183.13
2020-02-16 16:00:00,6.79,1291.88
2020-02-16 17:00:00,5.01,1483.71
2020-02-16 18:00:00,4.76,1504.62
2020-02-16 19:00:00,3.39,1537.62
2020-02-16 20:00:00,3.14,1443.15
2020-02-16 21:00:00,-0.86,1714.76
2020-02-16 22:00:00,-1.89,1598.2
2020-02-16 23:00:00,-5.09,1784.37
2020-02-17 00:00:00,-5.5,1695.74
2020-02-17 01:00:00,-5.93,1743.25
2020-02-17 02:00:00,-2.24,1538.72
2020-02-17 03:00:00,0.42,1449.97
2020-02-17 04:00:00,0.11,1455.24
2020-02-17 05:00:00,1.35,1505.4
2020-02-17 06:00:00,1.56,1532.91
2020-02-17 07:00:00,1.76,1626.84
2020-02-17 08:00:00,2.9,1651.49
2020-02-17 09:00:00,3.39,1648.21
2020-02-17 10:00:00,3.69,1670.51
2020-02-17 11:00:00,3.64,1592.05
2020-02-17 12:00:00,3.37,1592.95
2020-02-17 13:00:00,3.55,1553.73
2020-02-17 14:00:00,4.03,1569.9
2020-02-17 15:00:00,4.22,1513.02
2020-02-17 16:00:00,2.35,1684.55
2020-02-17 17:00:00,0.8,1720.08
2020-02-17 18:00:00,0.02,1890.03
2020-02-17 19:00:00,-0.66,1910.67
2020-02-17 20:00:00,-0.84,1755.91
2020-02-17 21:00:00,-2.74,1841.4
2020-02-17 22:00:00,-2.27,1708.85
2020-02-17 23:00:00,-2.68,1675.81
2020-02-18 00:00:00,-2.99,1585.0
2020-02-18 01:00:00,-4.16,1608.44
2020-02-18 02:00:00,-3.19,1606.68
2020-02-18 03:00:00,-1.84,1487.16
2020-02-18 04:00:00,-0.91,1506.25
2020-02-18 05:00:00,-0.08,1518.55
2020-02-18 06:00:00,1.54,1587.35
2020-02-18 07:00:00,1.1,1683.66
2020-02-18 08:00:00,3.37,1624.05
2020-02-18 09:00:00,4.27,1653.37
2020-02-18 10:00:00,4.4,1560.55
2020-02-18 11:00:00,4.97,1594.74
2020-02-18 12:00:00,4.27,1520.61
2020-02-18 13:00:00,3.36,1490.45
2020-02-18 14:00:00,3.83,1513.4
2020-02-18 15:00:00,2.17,1666.14
2020-02-18 16:00:00,2.49,1653.95
2020-02-18 17:00:00,2.24,1759.78
2020-02-18 18:00:00,2.12,1721.18
2020-02-18 19:00:00,1.54,1784.32
2020-02-18 20:00:00,1.04,1799.56
2020-02-18 21:00:00,-0.44,1726.28
2020-02-18 22:00:00,-0.27,1627.71
2020-02-18 23:00:00,-2.16,1720.83
2020-02-19 00:00:00,-1.08,1518.61
2020-02-19 01:00:00,-1.02,1496.72
2020-02-19 02:00:00,-2.48,1591.15
2020-02-19 03:00:00,-2.04,1447.14
2020-02-19 04:00:00,-0.99,1506.24
2020-02-19 05:00:00,0.48,1522.46
2020-02-19 06:00:00,2.73,
2020-02-19 07:00:00,4.49,1583.52
2020-02-19 08:00:00,7.65,1587.72
2020-02-19 09:00:00,7.41,1559.77
2020-02-19 10:00:00,9.44,1430.52
2020-02-19 11:00:00,8.85,1408.89
2020-02-19 12:00:00,7.78,1401.05
2020-02-19 13:00:00,8.93,1409.15
2020-02-19 14:00:00,8.01,1388.49
2020-02-19 15:00:00,8.11,1414.89
2020-02-19 16:00:00,6.67,1539.49
2020-02-19 17:00:00,6.19,1615.94
2020-02-19 18:00:00,5.68,1674.96
2020-02-19 19:00:00,4.21,1676.28
2020-02-19 20:00:00,2.79,1637.92
2020-02-19 21:00:00,3.88,1602.68
2020-02-19 22:00:00,3.63,1494.6
2020-02-19 23:00:00,4.29,1456.7
2020-02-20 00:00:00,4.3,1409.78
2020-02-20 01:00:00,1.25,1411.97
2020-02-20 02:00:00,-1.15,1460.99
2020-02-20 03:00:00,-0.34,1393.97
2020-02-20 04:00:00,-0.38,1477.71
2020-02-20 05:00:00,-0.56,1559.33
2020-02-20 06:00:00,1.54,1538.98
2020-02-20 07:00:00,3.14,1612.57
2020-02-20 08:00:00,3.63,1646.68
2020-02-20 09:00:00,3.75,1658.25
2020-02-20 10:00:00,4.82,1625.06
2020-02-20 11:00:00,4.44,1570.78
2020-02-20 12:00:00,4.46,1503.44
2020-02-20 13:00:00,3.82,1534.44
2020-02-20 14:00:00,2.98,1583.9
2020-02-20 15:00:00,1.27,1747.1
2020-02-20 16:00:00,-1.17,1819.07
2020-02-20 17:00:00,-1.34,1867.55
2020-02-20 18:00:00,-3.07,1995.28
2020-02-20 19:00:00,-3.4,2003.69
2020-02-20 20:00:00,-3.96,1920.39
2020-02-20 21:00:00,-4.71,1906.01
2020-02-20 22:00:00,-6.09,1864.41
2020-02-20 23:00:00,-6.75,1908.84
2020-02-21 00:00:00,-6.47,1758.13
2020-02-21 01:00:00,-6.74,1682.75
2020-02-21 02:00:00,-5.04,1635.93
2020-02-21 03:00:00,-1.1,1475.14
2020-02-21 04:00:00,-1.12,1464.53
2020-02-21 05:00:00,0.02,1534.19
2020-02-21 06:00:00,1.09,
2020-02-21 07:00:00,1.29,1664.76
2020-02-21 08:00:00,3.25,1705.27
2020-02-21 09:00:00,4.04,1675.93
2020-02-21 10:00:00,6.51,1512.01
2020-02-21 11:00:00,7.89,1442.98
2020-02-21 12:00:00,7.7,1389.38
2020-02-21 13:00:00,6.82,1459.43
2020-02-21 14:00:00,5.94,1464.63
2020-02-21 15:00:00,5.15,1573.26
2020-02-21 16:00:00,5.39,1529.2
2020-02-21 17:00:00,3.74,1713.05
2020-02-21 18:00:00,4.13,1604.42
2020-02-21 19:00:00,4.55,1735.67
2020-02-21 20:00:00,3.39,1636.18
2020-02-21 21:00:00,3.2,1638.69
2020-02-21 22:00:00,1.88,1588.76
2020-02-21 23:00:00,1.91,1551.82
2020-02-22 00:00:00,1.01,1396.97
2020-02-22 01:00:00,1.83,1341.03
2020-02-22 02:00:00,2.64,1366.22
2020-02-22 03:00:00,3.26,1291.41
2020-02-22 04:00:00,2.29,1344.79
2020-02-22 05:00:00,4.59,1346.25
2020-02-22 06:00:00,4.3,1442.3
2020-02-22 07:00:00,3.13,1408.51
2020-02-22 08:00:00,2.73,1513.32
2020-02-22 09:00:00,4.41,1474.06
2020-02-22 10:00:00,2.7,1508.67
2020-02-22 11:00:00,3.61,1384.27
2020-02-22 12:00:00,2.4,1429.16
2020-02-22 13:00:00,0.91,1440.37
2020-02-22 14:00:00,0.91,1395.85
2020-02-22 15:00:00,-0.51,1579.02
2020-02-22 16:00:00,-2.17,1714.51
2020-02-22 17:00:00,-2.98,1767.02
2020-02-22 18:00:00,-3.49,1777.28
2020-02-22 19:00:00,-5.84,1918.01
2020-02-22 20:00:00,-5.81,1782.32
2020-02-22 21:00:00,-7.43,1965.57
2020-02-22 22:00:00,-9.2,1971.89
2020-02-22 23:00:00,-9.88,2038.91
2020-02-23 00:00:00,-8.41,1742.56
2020-02-23 01:00:00,-8.25,1748.46
2020-02-23 02:00:00,-6.24,1669.84
2020-02-23 03:00:00,-3.39,1524.13
2020-02-23 04:00:00,-2.12,1518.97
2020-02-23 05:00:00,-1.9,1524.08
2020-02-23 06:00:00,-1.06,1608.71
2020-02-23 07:00:00,-1.74,1561.92
2020-02-23 08:00:00,-0.22,1573.67
2020-02-23 09:00:00,-0.5,1658.86
2020-02-23 10:00:00,0.01,1585.76
2020-02-23 11:00:00,0.69,1472.62
2020-02-23 12:00:00,0.51,1449.88
2020-02-23 13:00:00,-0.9,1542.66
2020-02-23 14:00:00,-1.97,1588.14
2020-02-23 15:00:00,-1.04,1553.05
2020-02-23 16:00:00,-2.1,1647.1
2020-02-23 17:00:00,-2.94,1745.87
2020-02-23 18:00:00,-3.88,1904.74
2020-02-23 19:00:00,-3.96,1815.6
2020-02-23 20:00:00,-5.42,1870.07
2020-02-23 21:00:00,-6.71,1896.88
2020-02-23 22:00:00,-9.04,2022.69
2020-02-23 23:00:00,-9.21,1955.66
2020-02-24 00:00:00,-8.52,1841.22
2020-02-24 01:00:00,-8.75,1761.49
2020-02-24 02:00:00,-7.3,1718.53
2020-02-24 03:00:00,-6.12,1707.3
2020-02-24 04:00:00,-5.88,1632.75
2020-02-24 05:00:00,-5.48,1703.27
2020-02-24 06:00:00,-3.64,1745.28
2020-02-24 07:00:00,-3.79,1802.32
2020-02-24 08:00:00,-5.6,1994.71
2020-02-24 09:00:00,-3.98,1950.09
2020-02-24 10:00:00,-3.05,1863.26
2020-02-24 11:00:00,-1.2,1821.63
2020-02-24 12:00:00,-1.03,1708.96
2020-02-24 13:00:00,-0.66,1735.47
2020-02-24 14:00:00,-1.92,1775.25
2020-02-24 15:00:00,-1.76,
2020-02-24 16:00:00,-1.68,1794.37
2020-02-24 17:00:00,-1.51,1889.47
2020-02-24 18:00:00,-2.18,1815.2
2020-02-24 19:00:00,-0.43,1857.61
2020-02-24 20:00:00,-1.53,1777.08
2020-02-24 21:00:00,-1.41,1870.34
2020-02-24 22:00:00,-1.55,1652.77
2020-02-24 23:00:00,-1.47,1698.61
2020-02-25 00:00:00,0.47,1488.95
2020-02-25 01:00:00,0.5,1465.79
2020-02-25 02:00:00,1.66,1403.82
2020-02-25 03:00:00,0.42,1410.97
2020-02-25 04:00:00,1.5,1396.89
2020-02-25 05:00:00,1.82,1439.92
2020-02-25 06:00:00,2.98,1525.13
2020-02-25 07:00:00,3.63,1556.97
2020-02-25 08:00:00,4.72,1617.32
2020-02-25 09:00:00,5.94,1608.91
2020-02-25 10:00:00,6.26,1522.75
2020-02-25 11:00:00,7.58,1471.02
2020-02-25 12:00:00,7.5,1421.03
2020-02-25 13:00:00,7.19,1404.49
2020-02-25 14:00:00,5.35,1508.01
2020-02-25 15:00:00,6.56,1499.04
2020-02-25 16:00:00,5.54,1553.67
2020-02-25 17:00:00,5.04,1605.78
2020-02-25 18:00:00,3.6,1755.44
2020-02-25 19:00:00,3.39,1723.04
2020-02-25 20:00:00,2.26,1665.07
2020-02-25 21:00:00,0.55,1713.67
2020-02-25 22:00:00,-0.14,1649.99
2020-02-25 23:00:00,-0.7,1613.35
2020-02-26 00:00:00,0.48,1473.96
2020-02-26 01:00:00,-0.08,1516.7
2020-02-26 02:00:00,0.25,1433.55
2020-02-26 03:00:00,0.49,1427.8
2020-02-26 04:00:00,0.97,1428.15
2020-02-26 05:00:00,1.99,1501.58
2020-02-26 06:00:00,2.21,1531.52
2020-02-26 07:00:00,4.73,1504.01
2020-02-26 08:00:00,5.64,1611.47
2020-02-26 09:00:00,6.27,1585.57
2020-02-26 10:00:00,6.81,1520.41
2020-02-26 11:00:00,7.17,1463.57
2020-02-26 12:00:00,7.27,1392.19
2020-02-26 13:00:00,5.35,1494.41
2020-02-26 14:00:00,5.91,1455.11
2020-02-26 15:00:00,6.13,1444.55
2020-02-26 16:00:00,5.2,1585.65
2020-02-26 17:00:00,3.35,1688.99
2020-02-26 18:00:00,2.56,1742.8
2020-02-26 19:00:00,2.19,1723.54
2020-02-26 20:00:00,0.87,1766.25
2020-02-26 21:00:00,-2.42,1702.53
2020-02-26 22:00:00,-3.23,1757.43
2020-02-26 23:00:00,-4.47,1788.13
2020-02-27 00:00:00,-5.84,1682.68
2020-02-27 01:00:00,-6.54,1751.41
2020-02-27 02:00:00,-6.56,1684.36
2020-02-27 03:00:00,-6.6,1715.62
2020-02-27 04:00:00,-7.48,1715.99
2020-02-27 05:00:00,-5.48,1758.79
2020-02-27 06:00:00,-4.07,1830.9
2020-02-27 07:00:00,-4.01,1917.48
2020-02-27 08:00:00,-3.11,1929.91
2020-02-27 09:00:00,0.59,1757.6
2020-02-27 10:00:00,1.69,1660.76
2020-02-27 11:00:00,2.98,1584.08
2020-02-27 12:00:00,3.57,1533.73
2020-02-27 13:00:00,4.82,1522.54
2020-02-27 14:00:00,5.34,1477.17
2020-02-27 15:00:00,5.72,1521.59
2020-02-27 16:00:00,3.44,1643.5
2020-02-27 17:00:00,3.31,1730.42
2020-02-27 18:00:00,2.12,1798.48
2020-02-27 19:00:00,1.74,1703.55
2020-02-27 20:00:00,0.84,1843.03
2020-02-27 21:00:00,1.02,1747.24
2020-02-27 22:00:00,0.9,1529.91
2020-02-27 23:00:00,-2.22,1670.86
2020-02-28 00:00:00,-2.54,1606.01
2020-02-28 01:00:00,-3.1,1551.71
2020-02-28 02:00:00,-1.73,1478.87
2020-02-28 03:00:00,-0.58,1477.73
2020-02-28 04:00:00,-1.8,1469.37
2020-02-28 05:00:00,-0.15,1526.45
2020-02-28 06:00:00,0.16,1615.29
2020-02-28 07:00:00,1.43,1609.98
2020-02-28 08:00:00,4.57,1620.5
2020-02-28 09:00:00,5.68,1614.11
2020-02-28 10:00:00,8.21,1516.24
2020-02-28 11:00:00,9.08,1409.74
2020-02-28 12:00:00,9.8,1352.2
2020-02-28 13:00:00,9.5,1361.25
2020-02-28 14:00:00,9.89,1348.0
2020-02-28 15:00:00,8.32,1374.54
2020-02-28 16:00:00,6.44,1508.18
2020-02-28 17:00:00,5.72,1577.74
2020-02-28 18:00:00,4.03,1731.59
2020-02-28 19:00:00,1.05,1813.66
2020-02-28 20:00:00,0.47,1691.38
2020-02-28 21:00:00,-0.41,1697.27
2020-02-28 22:00:00,0.24,1664.43
2020-02-28 23:00:00,1.19,1538.07
2020-02-29 00:00:00,1.87,1415.21
2020-02-29 01:00:00,1.23,1410.35
2020-02-29 02:00:00,0.95,1353.4
2020-02-29 03:00:00,-1.02,1405.5
2020-02-29 04:00:00,-0.31,1469.05
2020-02-29 05:00:00,1.85,1411.82
2020-02-29 06:00:00,3.05,1436.82
2020-02-29 07:00:00,2.37,1468.22
2020-02-29 08:00:00,3.98,1422.38
2020-02-29 09:00:00,5.56,1442.52
2020-02-29 10:00:00,6.29,1388.15
2020-02-29 11:00:00,7.51,1274.63
2020-02-29 12:00:00,7.81,1192.94
2020-02-29 13:00:00,8.33,1231.36
2020-02-29 14:00:00,8.16,1210.19
2020-02-29 15:00:00,7.17,1288.16
2020-02-29 16:00:00,3.91,1457.44
2020-02-29 17:00:00,2.46,1618.27
2020-02-29 18:00:00,1.63,1560.12
2020-02-29 19:00:00,-1.89,1780.54
2020-02-29 20:00:00,-1.61,1715.91
2020-02-29 21:00:00,-2.97,1785.06
2020-02-29 22:00:00,-3.0,1675.66
2020-02-29 23:00:00,-5.57,1781.54
2020-03-01 00:00:00,-7.09,
2020-03-01 01:00:00,-4.36,1496.2
2020-03-01 02:00:00,-3.48,1440.38
2020-03-01 03:00:00,-3.39,1451.2
2020-03-01 04:00:00,-3.04,1396.03
2020-03-01 05:00:00,-2.93,1584.86
2020-03-01 06:00:00,-1.86,1602.54
2020-03-01 07:00:00,-0.59,1480.17
2020-03-01 08:00:00,-0.77,1597.54
2020-03-01 09:00:00,0.13,1466.75
2020-03-01 10:00:00,0.1,1517.42
2020-03-01 11:00:00,-0.93,1540.53
2020-03-01 12:00:00,-1.11,1497.94
2020-03-01 13:00:00,-2.06,1594.38
2020-03-01 14:00:00,-3.79,1669.12
2020-03-01 15:00:00,-6.61,1748.42
2020-03-01 16:00:00,-7.85,
2020-03-01 17:00:00,-8.21,2033.01
2020-03-01 18:00:00,-8.78,2107.05
2020-03-01 19:00:00,-10.34,2046.02
2020-03-01 20:00:00,-11.53,2072.08
2020-03-01 21:00:00,-11.6,2132.0
2020-03-01 22:00:00,-11.3,1977.63
2020-03-01 23:00:00,-12.6,2053.34
2020-03-02 00:00:00,-10.98,1899.64
2020-03-02 01:00:00,-10.14,1770.32
2020-03-02 02:00:00,-10.41,1859.62
2020-03-02 03:00:00,-10.17,
2020-03-02 04:00:00,-9.91,1837.54
2020-03-02 05:00:00,-10.04,1900.82
2020-03-02 06:00:00,-9.16,1942.49
2020-03-02 07:00:00,-7.49,1981.77
2020-03-02 08:00:00,-6.41,1965.13
2020-03-02 09:00:00,-4.02,1911.55
2020-03-02 10:00:00,-3.4,1803.69
2020-03-02 11:00:00,-3.07,1822.44
2020-03-02 12:00:00,-3.39,1782.48
2020-03-02 13:00:00,-4.25,1859.68
2020-03-02 14:00:00,-5.67,1907.07
2020-03-02 15:00:00,-7.0,2116.05
2020-03-02 16:00:00,-8.08,2120.23
2020-03-02 17:00:00,-9.01,2222.45
2020-03-02 18:00:00,-10.97,2370.19
2020-03-02 19:00:00,-11.97,2449.25
2020-03-02 20:00:00,-12.4,2438.28
2020-03-02 21:00:00,-11.64,2173.46
2020-03-02 22:00:00,-14.55,2206.95
2020-03-02 23:00:00,-13.82,2198.47
2020-03-03 00:00:00,-13.93,2088.03
2020-03-03 01:00:00,-14.25,2110.58
2020-03-03 02:00:00,-13.08,1953.29
2020-03-03 03:00:00,-12.04,1872.58
2020-03-03 04:00:00,-12.12,1915.28
2020-03-03 05:00:00,-11.12,2014.88
2020-03-03 06:00:00,-12.22,2147.8
2020-03-03 07:00:00,-12.3,2271.48
2020-03-03 08:00:00,-10.87,2252.65
2020-03-03 09:00:00,-8.87,2174.09
2020-03-03 10:00:00,-7.01,2065.35
2020-03-03 11:00:00,-6.89,2026.83
2020-03-03 12:00:00,-8.25,2058.46
2020-03-03 13:00:00,-8.45,2052.6
2020-03-03 14:00:00,-7.52,1949.44
2020-03-03 15:00:00,-8.13,2055.11
2020-03-03 16:00:00,-8.79,2295.68
2020-03-03 17:00:00,-10.08,2256.01
2020-03-03 18:00:00,-11.98,2460.48
2020-03-03 19:00:00,-13.52,2532.37
2020-03-03 20:00:00,-12.78,2383.03
2020-03-03 21:00:00,-12.7,2233.73
2020-03-03 22:00:00,-13.52,2272.52
2020-03-03 23:00:00,-13.29,2135.0
2020-03-04 00:00:00,-12.25,1940.3
2020-03-04 01:00:00,-10.94,1866.85
2020-03-04 02:00:00,-9.7,1779.16
2020-03-04 03:00:00,-10.07,1794.95
2020-03-04 04:00:00,-9.35,1809.39
2020-03-04 05:00:00,-9.01,1883.97
2020-03-04 06:00:00,-8.01,1879.58
2020-03-04 07:00:00,-6.96,1975.14
2020-03-04 08:00:00,-5.33,1926.64
2020-03-04 09:00:00,-4.28,1894.68
2020-03-04 10:00:00,-2.56,1758.23
2020-03-04 11:00:00,-2.82,1791.59
2020-03-04 12:00:00,-2.96,1746.2
2020-03-04 13:00:00,-2.45,1768.02
2020-03-04 14:00:00,-3.02,
2020-03-04 15:00:00,-4.16,1924.49
2020-03-04 16:00:00,-4.66,1892.46
2020-03-04 17:00:00,-5.76,2065.82
2020-03-04 18:00:00,-7.92,2178.39
2020-03-04 19:00:00,-8.29,2214.4
2020-03-04 20:00:00,-8.2,2070.03
2020-03-04 21:00:00,-10.19,2202.94
2020-03-04 22:00:00,-9.73,2024.22
2020-03-04 23:00:00,-9.95,1939.97
2020-03-05 00:00:00,-10.34,1863.54
2020-03-05 01:00:00,-10.04,1860.18
2020-03-05 02:00:00,-9.41,1775.04
2020-03-05 03:00:00,-7.14,1681.98
2020-03-05 04:00:00,-5.86,1657.05
2020-03-05 05:00:00,-4.41,1643.66
2020-03-05 06:00:00,-1.3,1599.39
2020-03-05 07:00:00,-1.6,1733.84
2020-03-05 08:00:00,-1.09,1783.07
2020-03-05 09:00:00,-0.54,1714.37
2020-03-05 10:00:00,-0.84,1750.45
2020-03-05 11:00:00,1.49,1592.44
2020-03-05 12:00:00,1.76,1626.02
2020-03-05 13:00:00,1.27,1545.3
2020-03-05 14:00:00,0.9,1550.31
2020-03-05 15:00:00,1.83,1622.37
2020-03-05 16:00:00,1.49,1643.58
2020-03-05 17:00:00,0.82,1764.75
2020-03-05 18:00:00,-0.29,1838.42
2020-03-05 19:00:00,-1.98,1845.37
2020-03-05 20:00:00,-3.94,1897.4
2020-03-05 21:00:00,-3.69,1835.95
2020-03-05 22:00:00,-4.8,1775.86
2020-03-05 23:00:00,-4.25,1712.68
2020-03-06 00:00:00,-2.75,1537.5
2020-03-06 01:00:00,-3.37,1555.02
2020-03-06 02:00:00,-3.29,1527.66
2020-03-06 03:00:00,-1.02,1444.84
2020-03-06 04:00:00,1.86,1374.69
2020-03-06 05:00:00,2.83,1404.01
2020-03-06 06:00:00,4.51,1386.06
2020-03-06 07:00:00,5.6,1456.19
2020-03-06 08:00:00,6.3,1533.53
2020-03-06 09:00:00,6.82,1507.58
2020-03-06 10:00:00,7.06,1463.4
2020-03-06 11:00:00,8.18,1397.57
2020-03-06 12:00:00,9.76,1318.85
2020-03-06 13:00:00,10.11,1282.36
2020-03-06 14:00:00,8.75,1338.88
2020-03-06 15:00:00,7.77,1434.25
2020-03-06 16:00:00,4.88,1475.94
2020-03-06 17:00:00,5.09,1524.85
2020-03-06 18:00:00,4.07,1729.09
2020-03-06 19:00:00,3.94,1652.6
2020-03-06 20:00:00,2.17,1705.65
2020-03-06 21:00:00,1.35,1625.21
2020-03-06 22:00:00,0.01,1605.28
2020-03-06 23:00:00,-1.79,1624.69
2020-03-07 00:00:00,-3.43,1481.49
2020-03-07 01:00:00,-2.53,1451.39
2020-03-07 02:00:00,-1.42,1424.26
2020-03-07 03:00:00,-0.27,1349.19
2020-03-07 04:00:00,-0.71,1396.78
2020-03-07 05:00:00,-1.96,1499.93
2020-03-07 06:00:00,-0.72,1531.7
2020-03-07 07:00:00,0.85,1495.39
2020-03-07 08:00:00,1.64,1473.2
2020-03-07 09:00:00,3.59,1411.61
2020-03-07 10:00:00,4.83,1360.54
2020-03-07 11:00:00,5.45,1292.87
2020-03-07 12:00:00,4.61,1262.43
2020-03-07 13:00:00,4.54,1293.17
2020-03-07 14:00:00,4.04,1293.48
2020-03-07 15:00:00,3.26,1354.1
2020-03-07 16:00:00,3.57,1404.5
2020-03-07 17:00:00,3.35,1437.49
2020-03-07 18:00:00,3.09,1495.44
2020-03-07 19:00:00,0.81,1640.5
2020-03-07 20:00:00,-0.13,1492.12
2020-03-07 21:00:00,-0.31,1613.81
2020-03-07 22:00:00,-0.17,1548.51
2020-03-07 23:00:00,-2.67,1550.81
2020-03-08 00:00:00,-4.28,1559.72
2020-03-08 01:00:00,-3.12,1493.29
2020-03-08 02:00:00,-4.17,1525.14
2020-03-08 03:00:00,-4.35,1532.62
2020-03-08 04:00:00,-1.35,1414.73
2020-03-08 05:00:00,-0.4,1415.57
2020-03-08 06:00:00,0.47,1483.02
2020-03-08 07:00:00,1.79,1440.61
2020-03-08 08:00:00,2.64,1441.43
2020-03-08 09:00:00,5.7,1361.04
2020-03-08 10:00:00,5.75,
2020-03-08 11:00:00,7.41,1225.6
2020-03-08 12:00:00,8.8,1173.07
2020-03-08 13:00:00,8.27,1117.46
2020-03-08 14:00:00,4.94,1262.86
2020-03-08 15:00:00,4.89,1322.63
2020-03-08 16:00:00,3.43,1346.73
2020-03-08 17:00:00,1.64,1611.8
2020-03-08 18:00:00,2.35,1403.14
2020-03-08 19:00:00,1.0,1611.66
2020-03-08 20:00:00,0.81,1473.21
2020-03-08 21:00:00,2.1,1528.96
2020-03-08 22:00:00,3.01,1434.45
2020-03-08 23:00:00,1.93,1435.3
2020-03-09 00:00:00,2.16,1370.73
2020-03-09 01:00:00,1.33,1378.59
2020-03-09 02:00:00,1.72,1353.98
2020-03-09 03:00:00,0.63,1352.43
2020-03-09 04:00:00,2.23,1349.41
2020-03-09 05:00:00,3.26,1363.12
2020-03-09 06:00:00,2.19,
2020-03-09 07:00:00,5.7,1466.3
2020-03-09 08:00:00,8.34,1445.92
2020-03-09 09:00:00,9.59,1464.09
2020-03-09 10:00:00,10.11,1377.28
2020-03-09 11:00:00,10.66,1333.8
2020-03-09 12:00:00,12.37,1293.05
2020-03-09 13:00:00,11.75,1301.89
2020-03-09 14:00:00,11.01,1298.68
2020-03-09 15:00:00,10.84,1302.25
2020-03-09 16:00:00,9.06,1377.58
2020-03-09 17:00:00,7.76,1476.1
2020-03-09 18:00:00,7.53,1469.27
2020-03-09 19:00:00,6.69,
2020-03-09 20:00:00,6.82,1538.06
2020-03-09 21:00:00,2.89,1516.27
2020-03-09 22:00:00,0.56,1608.49
2020-03-09 23:00:00,0.18,1576.31
2020-03-10 00:00:00,-0.3,1469.05
2020-03-10 01:00:00,2.23,1381.63
2020-03-10 02:00:00,2.84,1334.34
2020-03-10 03:00:00,4.12,1316.32
2020-03-10 04:00:00,4.77,1237.2
2020-03-10 05:00:00,5.31,1347.99
2020-03-10 06:00:00,4.99,1419.27
2020-03-10 07:00:00,6.11,1459.07
2020-03-10 08:00:00,6.38,1521.77
2020-03-10 09:00:00,8.19,1464.92
2020-03-10 10:00:00,10.41,1382.41
2020-03-10 11:00:00,10.64,1323.05
2020-03-10 12:00:00,12.33,1285.04
2020-03-10 13:00:00,12.84,1292.6
2020-03-10 14:00:00,12.52,1283.99
2020-03-10 15:00:00,10.16,1285.61
2020-03-10 16:00:00,8.25,1484.78
2020-03-10 17:00:00,7.81,1470.68
2020-03-10 18:00:00,6.39,1513.39
2020-03-10 19:00:00,6.3,1635.45
2020-03-10 20:00:00,7.32,1458.09
2020-03-10 21:00:00,6.45,1478.46
2020-03-10 22:00:00,4.87,1407.67
2020-03-10 23:00:00,2.87,1409.31
2020-03-11 00:00:00,0.92,1412.37
2020-03-11 01:00:00,0.73,1435.03
2020-03-11 02:00:00,1.41,1345.24
2020-03-11 03:00:00,0.82,1364.0
2020-03-11 04:00:00,-0.96,1496.35
2020-03-11 05:00:00,-0.34,1476.31
2020-03-11 06:00:00,0.09,1541.58
2020-03-11 07:00:00,2.42,1570.17
2020-03-11 08:00:00,3.49,1615.26
2020-03-11 09:00:00,5.59,1545.87
2020-03-11 10:00:00,6.11,1501.15
2020-03-11 11:00:00,6.35,1382.52
2020-03-11 12:00:00,5.6,1420.01
2020-03-11 13:00:00,5.81,1382.39
2020-03-11 14:00:00,3.41,1549.48
2020-03-11 15:00:00,3.61,1530.85
2020-03-11 16:00:00,1.12,1688.43
2020-03-11 17:00:00,0.44,1845.03
2020-03-11 18:00:00,0.66,1737.21
2020-03-11 19:00:00,-1.2,1806.88
2020-03-11 20:00:00,-3.41,1863.95
2020-03-11 21:00:00,-6.03,1933.15
2020-03-11 22:00:00,-5.59,1777.19
2020-03-11 23:00:00,-4.73,1747.73
2020-03-12 00:00:00,-4.92,1647.22
2020-03-12 01:00:00,-5.93,1685.71
2020-03-12 02:00:00,-6.09,1609.62
2020-03-12 03:00:00,-6.45,1620.57
2020-03-12 04:00:00,-5.85,1616.13
2020-03-12 05:00:00,-6.28,1695.28
2020-03-12 06:00:00,-5.19,1749.55
2020-03-12 07:00:00,-5.1,1820.09
2020-03-12 08:00:00,-4.91,1935.59
2020-03-12 09:00:00,-3.2,1853.31
2020-03-12 10:00:00,-3.71,1870.44
2020-03-12 11:00:00,-3.32,1772.26
2020-03-12 12:00:00,-3.77,1818.44
2020-03-12 13:00:00,-2.31,1701.63
2020-03-12 14:00:00,-1.89,1818.45
2020-03-12 15:00:00,-2.1,1794.59
2020-03-12 16:00:00,-0.85,1710.71
2020-03-12 17:00:00,-2.19,1807.25
2020-03-12 18:00:00,-4.33,2026.28
2020-03-12 19:00:00,-4.8,1920.55
2020-03-12 20:00:00,-2.78,1780.91
2020-03-12 21:00:00,-3.86,1831.23
2020-03-12 22:00:00,-3.15,1718.35
2020-03-12 23:00:00,-4.22,1735.74
2020-03-13 00:00:00,-4.49,1615.06
2020-03-13 01:00:00,-5.46,1581.27
2020-03-13 02:00:00,-5.34,1590.99
2020-03-13 03:00:00,-4.28,1541.04
2020-03-13 04:00:00,-2.97,1519.8
2020-03-13 05:00:00,-0.72,1463.22
2020-03-13 06:00:00,0.41,1556.43
2020-03-13 07:00:00,1.38,1582.53
2020-03-13 08:00:00,2.35,1628.14
2020-03-13 09:00:00,4.32,1562.21
2020-03-13 10:00:00,5.82,1463.88
2020-03-13 11:00:00,5.9,1444.55
2020-03-13 12:00:00,7.65,1392.43
2020-03-13 13:00:00,9.58,1311.01
2020-03-13 14:00:00,10.65,1259.87
2020-03-13 15:00:00,9.86,1332.96
2020-03-13 16:00:00,9.43,1417.73
2020-03-13 17:00:00,8.18,1510.73
2020-03-13 18:00:00,6.31,1532.7
2020-03-13 19:00:00,3.92,1657.66
2020-03-13 20:00:00,2.54,1690.63
2020-03-13 21:00:00,1.9,1592.67
2020-03-13 22:00:00,1.65,1550.14
2020-03-13 23:00:00,1.06,1442.88
2020-03-14 00:00:00,2.57,1332.22
2020-03-14 01:00:00,1.86,1296.3
2020-03-14 02:00:00,2.69,1334.12
2020-03-14 03:00:00,3.59,1206.76
2020-03-14 04:00:00,4.23,1222.63
2020-03-14 05:00:00,4.88,1276.15
2020-03-14 06:00:00,4.77,1399.04
2020-03-14 07:00:00,5.49,
2020-03-14 08:00:00,6.8,1340.42
2020-03-14 09:00:00,7.98,1303.62
2020-03-14 10:00:00,10.44,1230.46
2020-03-14 11:00:00,10.16,1155.7
2020-03-14 12:00:00,10.09,1110.1
2020-03-14 13:00:00,8.81,1155.24
2020-03-14 14:00:00,7.1,1198.2
2020-03-14 15:00:00,8.02,1197.55
2020-03-14 16:00:00,4.59,1388.81
2020-03-14 17:00:00,2.55,1463.66
2020-03-14 18:00:00,1.88,1574.47
2020-03-14 19:00:00,-1.19,1581.91
2020-03-14 20:00:00,-1.33,1594.85
2020-03-14 21:00:00,-1.23,1645.62
2020-03-14 22:00:00,-3.69,1715.4
2020-03-14 23:00:00,-4.86,1603.04
2020-03-15 00:00:00,-4.26,1529.11
2020-03-15 01:00:00,-3.94,1500.75
2020-03-15 02:00:00,-3.08,1411.06
2020-03-15 03:00:00,-3.43,1471.46
2020-03-15 04:00:00,-1.9,1358.31
2020-03-15 05:00:00,0.22,1398.73
2020-03-15 06:00:00,4.19,1359.89
2020-03-15 07:00:00,6.18,1286.47
2020-03-15 08:00:00,7.86,1276.08
2020-03-15 09:00:00,8.9,1267.52
2020-03-15 10:00:00,11.51,1196.58
2020-03-15 11:00:00,11.41,1101.68
2020-03-15 12:00:00,10.44,1098.79
2020-03-15 13:00:00,11.27,1071.47
2020-03-15 14:00:00,10.37,1103.13
2020-03-15 15:00:00,8.57,1181.58
2020-03-15 16:00:00,7.57,1235.29
2020-03-15 17:00:00,6.39,1363.44
2020-03-15 18:00:00,4.31,1454.1
2020-03-15 19:00:00,3.03,1546.45
2020-03-15 20:00:00,1.42,1534.95
2020-03-15 21:00:00,0.91,
2020-03-15 22:00:00,0.04,1496.97
2020-03-15 23:00:00,2.07,1390.3
2020-03-16 00:00:00,1.21,1416.27
2020-03-16 01:00:00,-0.11,1354.71
2020-03-16 02:00:00,1.11,1386.6
2020-03-16 03:00:00,0.53,1354.83
2020-03-16 04:00:00,1.89,1356.59
2020-03-16 05:00:00,3.03,1361.05
2020-03-16 06:00:00,4.17,1409.09
2020-03-16 07:00:00,4.96,1515.06
2020-03-16 08:00:00,6.81,1528.1
2020-03-16 09:00:00,6.06,1556.82
2020-03-16 10:00:00,9.14,1396.15
2020-03-16 11:00:00,8.08,1395.77
2020-03-16 12:00:00,9.04,1333.07
2020-03-16 13:00:00,9.1,1248.88
2020-03-16 14:00:00,8.55,1285.55
2020-03-16 15:00:00,8.15,1413.84
2020-03-16 16:00:00,9.17,1458.56
2020-03-16 17:00:00,8.23,1473.47
2020-03-16 18:00:00,7.25,1547.3
2020-03-16 19:00:00,6.06,1558.7
2020-03-16 20:00:00,4.55,1597.37
2020-03-16 21:00:00,1.93,1647.71
2020-03-16 22:00:00,0.1,1536.4
2020-03-16 23:00:00,0.74,1567.2
2020-03-17 00:00:00,1.73,1411.58
2020-03-17 01:00:00,0.44,1403.71
2020-03-17 02:00:00,1.45,1359.31
2020-03-17 03:00:00,1.62,1344.12
2020-03-17 04:00:00,2.98,1337.14
2020-03-17 05:00:00,4.14,1334.25
2020-03-17 06:00:00,5.46,1384.87
2020-03-17 07:00:00,7.15,1414.87
2020-03-17 08:00:00,7.85,1497.3
2020-03-17 09:00:00,10.15,1450.66
2020-03-17 10:00:00,11.06,1378.61
2020-03-17 11:00:00,9.49,1335.65
2020-03-17 12:00:00,10.66,1257.53
2020-03-17 13:00:00,10.98,1266.85
2020-03-17 14:00:00,9.81,1300.0
2020-03-17 15:00:00,9.18,1307.83
2020-03-17 16:00:00,8.25,1423.2
2020-03-17 17:00:00,9.41,1444.89
2020-03-17 18:00:00,9.67,1446.96
2020-03-17 19:00:00,7.94,1491.65
2020-03-17 20:00:00,6.07,1492.19
2020-03-17 21:00:00,4.09,1544.0
2020-03-17 22:00:00,2.53,1492.55
2020-03-17 23:00:00,2.15,1482.03
2020-03-18 00:00:00,2.92,1365.03
2020-03-18 01:00:00,2.54,1389.05
2020-03-18 02:00:00,2.75,1289.89
2020-03-18 03:00:00,5.28,1276.56
2020-03-18 04:00:00,5.17,1306.35
2020-03-18 05:00:00,3.77,1349.24
2020-03-18 06:00:00,3.62,1417.93
2020-03-18 07:00:00,5.04,1492.1
2020-03-18 08:00:00,6.53,1519.54
2020-03-18 09:00:00,6.46,1542.99
2020-03-18 10:00:00,8.31,1477.85
2020-03-18 11:00:00,8.63,1361.48
2020-03-18 12:00:00,10.25,1317.31
2020-03-18 13:00:00,7.93,1290.5
2020-03-18 14:00:00,8.27,1382.78
2020-03-18 15:00:00,9.28,1343.45
2020-03-18 16:00:00,9.41,1422.67
2020-03-18 17:00:00,9.27,1488.86
2020-03-18 18:00:00,5.96,1597.56
2020-03-18 19:00:00,4.23,1593.59
2020-03-18 20:00:00,3.76,1637.01
2020-03-18 21:00:00,2.76,1590.44
2020-03-18 22:00:00,3.71,1450.84
2020-03-18 23:00:00,3.95,1371.81
2020-03-19 00:00:00,1.98,1500.81
2020-03-19 01:00:00,2.66,1344.9
2020-03-19 02:00:00,2.32,1316.07
2020-03-19 03:00:00,2.47,1305.87
2020-03-19 04:00:00,2.65,1338.53
2020-03-19 05:00:00,2.74,1340.44
2020-03-19 06:00:00,4.89,1455.6
2020-03-19 07:00:00,5.58,1446.6
2020-03-19 08:00:00,5.16,1579.02
2020-03-19 09:00:00,6.22,1529.61
2020-03-19 10:00:00,8.07,1429.62
2020-03-19 11:00:00,8.36,1384.87
2020-03-19 12:00:00,8.08,1333.95
2020-03-19 13:00:00,9.18,1299.46
2020-03-19 14:00:00,8.06,1340.7
2020-03-19 15:00:00,7.47,1363.1
2020-03-19 16:00:00,6.85,1551.44
2020-03-19 17:00:00,4.06,1563.55
2020-03-19 18:00:00,3.01,1770.21
2020-03-19 19:00:00,0.67,1666.97
2020-03-19 20:00:00,0.92,1747.0
2020-03-19 21:00:00,0.94,1686.21
2020-03-19 22:00:00,1.41,1565.96
2020-03-19 23:00:00,1.1,1510.15
2020-03-20 00:00:00,2.69,1436.84
2020-03-20 01:00:00,2.67,1380.69
2020-03-20 02:00:00,2.42,1315.55
2020-03-20 03:00:00,3.44,1262.68
2020-03-20 04:00:00,5.83,1236.86
2020-03-20 05:00:00,7.1,1315.26
2020-03-20 06:00:00,6.47,1374.28
2020-03-20 07:00:00,6.49,1457.79
2020-03-20 08:00:00,6.7,1478.93
2020-03-20 09:00:00,9.47,1458.29
2020-03-20 10:00:00,10.77,1378.77
2020-03-20 11:00:00,10.9,1295.2
2020-03-20 12:00:00,10.52,1327.45
2020-03-20 13:00:00,8.56,1295.16
2020-03-20 14:00:00,8.04,1377.96
2020-03-20 15:00:00,8.54,1346.07
2020-03-20 16:00:00,9.25,1451.26
2020-03-20 17:00:00,9.37,1487.61
2020-03-20 18:00:00,9.49,1508.71
2020-03-20 19:00:00,8.82,
2020-03-20 20:00:00,7.17,1491.87
2020-03-20 21:00:00,6.91,1432.23
2020-03-20 22:00:00,4.94,1402.34
2020-03-20 23:00:00,4.06,1358.09
2020-03-21 00:00:00,6.4,1237.94
2020-03-21 01:00:00,5.23,1221.46
2020-03-21 02:00:00,5.82,1189.12
2020-03-21 03:00:00,7.51,1129.99
2020-03-21 04:00:00,8.38,1143.94
2020-03-21 05:00:00,9.42,1192.93
2020-03-21 06:00:00,9.13,1235.49
2020-03-21 07:00:00,10.57,1192.76
2020-03-21 08:00:00,10.09,1227.02
2020-03-21 09:00:00,10.94,1266.18
2020-03-21 10:00:00,11.8,1199.45
2020-03-21 11:00:00,12.07,1141.3
2020-03-21 12:00:00,13.33,1084.78
2020-03-21 13:00:00,12.54,1055.8
2020-03-21 14:00:00,10.57,1089.62
2020-03-21 15:00:00,8.44,1138.12
2020-03-21 16:00:00,7.21,1219.64
2020-03-21 17:00:00,6.72,1304.26
2020-03-21 18:00:00,3.37,
2020-03-21 19:00:00,3.59,1456.03
2020-03-21 20:00:00,1.55,1422.43
2020-03-21 21:00:00,-0.01,1539.58
2020-03-21 22:00:00,-1.27,1590.29
2020-03-21 23:00:00,-0.88,1559.51
2020-03-22 00:00:00,1.32,1397.79
2020-03-22 01:00:00,1.26,1338.2
2020-03-22 02:00:00,1.97,1327.83
2020-03-22 03:00:00,3.58,1227.68
2020-03-22 04:00:00,4.36,1220.9
2020-03-22 05:00:00,6.64,1214.15
2020-03-22 06:00:00,8.82,1305.96
2020-03-22 07:00:00,7.88,1191.62
2020-03-22 08:00:00,9.35,1279.96
2020-03-22 09:00:00,10.25,1242.27
2020-03-22 10:00:00,9.28,1212.7
2020-03-22 11:00:00,10.13,
2020-03-22 12:00:00,10.56,1106.7
2020-03-22 13:00:00,9.27,1122.91
2020-03-22 14:00:00,7.29,1171.82
2020-03-22 15:00:00,7.02,1208.31
2020-03-22 16:00:00,6.38,1265.45
2020-03-22 17:00:00,4.62,1443.43
2020-03-22 18:00:00,2.27,1482.62
2020-03-22 19:00:00,1.52,1519.47
2020-03-22 20:00:00,0.42,1505.81
2020-03-22 21:00:00,-0.46,1598.68
2020-03-22 22:00:00,0.22,1533.99
2020-03-22 23:00:00,-0.96,1484.09
2020-03-23 00:00:00,-0.71,1485.15
2020-03-23 01:00:00,-0.65,1467.89
2020-03-23 02:00:00,-1.68,1469.53
2020-03-23 03:00:00,-1.62,1440.5
2020-03-23 04:00:00,0.31,1380.72
2020-03-23 05:00:00,1.07,1447.68
2020-03-23 06:00:00,1.81,1533.65
2020-03-23 07:00:00,3.27,1551.92
2020-03-23 08:00:00,3.92,1566.74
2020-03-23 09:00:00,7.27,1539.36
2020-03-23 10:00:00,7.78,1427.24
2020-03-23 11:00:00,10.25,1322.35
2020-03-23 12:00:00,8.91,1346.78
2020-03-23 13:00:00,7.81,1277.59
2020-03-23 14:00:00,6.23,1396.99
2020-03-23 15:00:00,6.33,1450.04
2020-03-23 16:00:00,5.34,1453.81
2020-03-23 17:00:00,4.75,1655.52
2020-03-23 18:00:00,3.56,1678.58
2020-03-23 19:00:00,3.35,1652.7
2020-03-23 20:00:00,1.26,1644.42
2020-03-23 21:00:00,1.65,1576.0
2020-03-23 22:00:00,0.42,1559.5
2020-03-23 23:00:00,-1.0,1629.38
2020-03-24 00:00:00,-2.15,1557.99
2020-03-24 01:00:00,-2.34,1540.54
2020-03-24 02:00:00,-1.71,1440.81
2020-03-24 03:00:00,-2.61,1507.64
2020-03-24 04:00:00,-1.32,1481.22
2020-03-24 05:00:00,0.45,1516.6
2020-03-24 06:00:00,1.05,1496.3
2020-03-24 07:00:00,3.53,1464.07
2020-03-24 08:00:00,5.18,1523.53
2020-03-24 09:00:00,7.2,1507.45
2020-03-24 10:00:00,8.15,1436.54
2020-03-24 11:00:00,10.51,1333.61
2020-03-24 12:00:00,8.61,1335.04
2020-03-24 13:00:00,9.2,1310.66
2020-03-24 14:00:00,8.04,1337.85
2020-03-24 15:00:00,7.31,1403.28
2020-03-24 16:00:00,5.77,1468.62
2020-03-24 17:00:00,5.52,1562.53
2020-03-24 18:00:00,3.52,1690.27
2020-03-24 19:00:00,5.33,1656.61
2020-03-24 20:00:00,3.46,1629.15
2020-03-24 21:00:00,2.87,1612.51
2020-03-24 22:00:00,1.27,1590.83
2020-03-24 23:00:00,-0.93,1527.02
2020-03-25 00:00:00,0.78,1489.6
2020-03-25 01:00:00,2.34,1371.23
2020-03-25 02:00:00,3.18,1309.01
2020-03-25 03:00:00,4.25,1270.65
2020-03-25 04:00:00,6.57,1228.5
2020-03-25 05:00:00,8.15,1264.72
2020-03-25 06:00:00,9.88,1293.94
2020-03-25 07:00:00,10.19,1340.97
2020-03-25 08:00:00,12.42,1377.38
2020-03-25 09:00:00,12.67,1420.97
2020-03-25 10:00:00,13.35,1358.85
2020-03-25 11:00:00,13.46,1290.91
2020-03-25 12:00:00,14.38,1257.08
2020-03-25 13:00:00,15.25,1204.06
2020-03-25 14:00:00,15.25,1188.54
2020-03-25 15:00:00,15.44,1275.32
2020-03-25 16:00:00,12.97,1343.29
2020-03-25 17:00:00,12.94,
2020-03-25 18:00:00,11.45,1467.2
2020-03-25 19:00:00,10.88,1503.35
2020-03-25 20:00:00,10.99,1445.29
2020-03-25 21:00:00,8.86,1385.45
2020-03-25 22:00:00,8.38,1362.68
2020-03-25 23:00:00,8.09,1297.44
2020-03-26 00:00:00,6.61,1318.29
2020-03-26 01:00:00,7.07,1225.64
2020-03-26 02:00:00,6.51,1198.56
2020-03-26 03:00:00,6.64,1222.53
2020-03-26 04:00:00,8.84,1189.98
2020-03-26 05:00:00,9.79,1197.88
2020-03-26 06:00:00,9.61,1295.42
2020-03-26 07:00:00,10.64,1350.57
2020-03-26 08:00:00,11.47,1420.09
2020-03-26 09:00:00,12.86,1404.68
2020-03-26 10:00:00,12.43,1380.4
2020-03-26 11:00:00,12.23,1342.15
2020-03-26 12:00:00,12.06,1265.81
2020-03-26 13:00:00,12.22,1240.0
2020-03-26 14:00:00,11.25,1264.86
2020-03-26 15:00:00,9.6,1327.44
2020-03-26 16:00:00,10.49,1396.16
2020-03-26 17:00:00,9.45,1507.11
2020-03-26 18:00:00,7.73,1577.86
2020-03-26 19:00:00,6.88,1489.98
2020-03-26 20:00:00,5.1,1534.3
2020-03-26 21:00:00,4.89,1460.31
2020-03-26 22:00:00,6.05,1391.12
2020-03-26 23:00:00,4.24,1425.98
2020-03-27 00:00:00,2.86,1326.4
2020-03-27 01:00:00,3.53,1307.55
2020-03-27 02:00:00,4.0,1285.42
2020-03-27 03:00:00,4.86,1261.65
2020-03-27 04:00:00,4.56,1278.28
2020-03-27 05:00:00,4.1,1375.89
2020-03-27 06:00:00,5.97,1351.22
2020-03-27 07:00:00,6.55,1444.16
2020-03-27 08:00:00,7.0,1483.73
2020-03-27 09:00:00,9.75,1456.0
2020-03-27 10:00:00,8.9,1349.06
2020-03-27 11:00:00,11.61,1306.32
2020-03-27 12:00:00,10.88,1313.3
2020-03-27 13:00:00,9.09,1322.51
2020-03-27 14:00:00,10.35,1296.01
2020-03-27 15:00:00,8.86,1359.45
2020-03-27 16:00:00,7.19,1386.65
2020-03-27 17:00:00,6.36,1540.48
2020-03-27 18:00:00,4.95,1607.52
2020-03-27 19:00:00,3.4,1651.57
2020-03-27 20:00:00,1.48,1730.34
2020-03-27 21:00:00,-0.13,1646.09
2020-03-27 22:00:00,0.08,
2020-03-27 23:00:00,-0.09,1532.89
2020-03-28 00:00:00,0.46,1401.86
2020-03-28 01:00:00,0.56,1354.85
2020-03-28 02:00:00,0.32,1295.78
2020-03-28 03:00:00,-0.17,1333.72
2020-03-28 04:00:00,-0.95,1413.71
2020-03-28 05:00:00,0.75,1374.13
2020-03-28 06:00:00,1.14,1447.96
2020-03-28 07:00:00,1.13,1374.04
2020-03-28 08:00:00,2.97,1423.64
2020-03-28 09:00:00,3.69,1482.24
2020-03-28 10:00:00,4.37,1375.41
2020-03-28 11:00:00,4.63,
2020-03-28 12:00:00,3.33,1315.36
2020-03-28 13:00:00,2.79,1336.44
2020-03-28 14:00:00,1.82,1366.91
2020-03-28 15:00:00,3.04,1325.67
2020-03-28 16:00:00,1.5,1508.5
2020-03-28 17:00:00,1.14,1549.64
2020-03-28 18:00:00,-1.01,1634.89
2020-03-28 19:00:00,-1.78,1754.1
2020-03-28 20:00:00,-4.02,1720.31
2020-03-28 21:00:00,-3.73,1740.32
2020-03-28 22:00:00,-3.17,1684.05
2020-03-28 23:00:00,-4.49,1647.72
2020-03-29 00:00:00,-4.0,
2020-03-29 01:00:00,-4.39,1618.14
2020-03-29 02:00:00,-1.98,1441.5
2020-03-29 03:00:00,-0.15,1370.11
2020-03-29 04:00:00,0.67,1341.29
2020-03-29 05:00:00,1.47,1347.46
2020-03-29 06:00:00,2.89,1463.64
2020-03-29 07:00:00,1.67,1405.69
2020-03-29 08:00:00,2.7,
2020-03-29 09:00:00,3.61,1449.74
2020-03-29 10:00:00,3.89,1413.72
2020-03-29 11:00:00,4.2,1363.7
2020-03-29 12:00:00,5.82,1249.45
2020-03-29 13:00:00,6.33,1251.08
2020-03-29 14:00:00,6.36,1253.2
2020-03-29 15:00:00,5.37,
2020-03-29 16:00:00,5.03,1271.75
2020-03-29 17:00:00,4.91,1451.41
2020-03-29 18:00:00,4.16,
2020-03-29 19:00:00,2.79,1489.23
2020-03-29 20:00:00,-0.65,1605.88
2020-03-29 21:00:00,-1.32,1662.72
2020-03-29 22:00:00,-1.42,1530.66
2020-03-29 23:00:00,-1.27,1539.42
2020-03-30 00:00:00,-1.17,1525.29
2020-03-30 01:00:00,-2.07,1504.26
2020-03-30 02:00:00,-0.07,1441.4
2020-03-30 03:00:00,1.88,1338.89
2020-03-30 04:00:00,2.56,1328.63
2020-03-30 05:00:00,6.0,1319.88
2020-03-30 06:00:00,7.34,1383.7
2020-03-30 07:00:00,8.07,1404.29
2020-03-30 08:00:00,10.02,1419.02
2020-03-30 09:00:00,11.01,1402.6
2020-03-30 10:00:00,13.12,1391.04
2020-03-30 11:00:00,14.55,1278.32
2020-03-30 12:00:00,15.46,1252.66
2020-03-30 13:00:00,15.84,1226.27
2020-03-30 14:00:00,16.22,1239.73
2020-03-30 15:00:00,13.85,1306.82
2020-03-30 16:00:00,14.0,1381.02
2020-03-30 17:00:00,13.05,1412.11
2020-03-30 18:00:00,12.92,1423.26
2020-03-30 19:00:00,11.87,1475.57
2020-03-30 20:00:00,11.0,1417.64
2020-03-30 21:00:00,8.88,1407.92
2020-03-30 22:00:00,6.98,1378.91
2020-03-30 23:00:00,6.53,1384.94
2020-03-31 00:00:00,5.89,1297.03
2020-03-31 01:00:00,6.41,1247.29
2020-03-31 02:00:00,6.93,1185.65
2020-03-31 03:00:00,8.19,1174.43
2020-03-31 04:00:00,10.35,1146.38
2020-03-31 05:00:00,12.63,1180.52
2020-03-31 06:00:00,13.55,1237.3
2020-03-31 07:00:00,14.06,1318.67
2020-03-31 08:00:00,14.35,1402.39
2020-03-31 09:00:00,14.22,1376.32
2020-03-31 10:00:00,15.91,1345.35
2020-03-31 11:00:00,15.94,1289.14
2020-03-31 12:00:00,16.69,1224.5
2020-03-31 13:00:00,14.46,1226.14
2020-03-31 14:00:00,13.12,1221.05
2020-03-31 15:00:00,13.69,1306.58
2020-03-31 16:00:00,14.15,1359.59
2020-03-31 17:00:00,11.82,1466.27
2020-03-31 18:00:00,9.73,1474.73
2020-03-31 19:00:00,7.99,1530.02
2020-03-31 20:00:00,6.98,1480.96
2020-03-31 21:00:00,7.39,1404.04
2020-03-31 22:00:00,6.56,1385.71
2020-03-31 23:00:00,5.71,1372.06
2020-04-01 00:00:00,6.26,1243.08
2020-04-01 01:00:00,5.65,1217.99
2020-04-01 02:00:00,5.73,1193.16
2020-04-01 03:00:00,6.45,1147.0
2020-04-01 04:00:00,7.05,1181.23
2020-04-01 05:00:00,9.81,1190.95
2020-04-01 06:00:00,12.08,1186.22
2020-04-01 07:00:00,13.51,1311.63
2020-04-01 08:00:00,15.27,1384.37
2020-04-01 09:00:00,14.94,
2020-04-01 10:00:00,15.86,1332.92
2020-04-01 11:00:00,16.54,1249.48
2020-04-01 12:00:00,15.05,1210.46
2020-04-01 13:00:00,17.07,1187.2
2020-04-01 14:00:00,16.59,1187.05
2020-04-01 15:00:00,14.82,1239.04
2020-04-01 16:00:00,14.39,1295.5
2020-04-01 17:00:00,13.27,1378.68
2020-04-01 18:00:00,12.16,1410.17
2020-04-01 19:00:00,12.05,1463.14
2020-04-01 20:00:00,10.59,1413.57
2020-04-01 21:00:00,9.53,1260.67
2020-04-01 22:00:00,8.88,1349.82
2020-04-01 23:00:00,7.72,1282.01
2020-04-02 00:00:00,8.63,1190.26
2020-04-02 01:00:00,9.45,1129.78
2020-04-02 02:00:00,8.6,1174.93
2020-04-02 03:00:00,9.28,1104.93
2020-04-02 04:00:00,8.57,1142.17
2020-04-02 05:00:00,9.74,1154.96
2020-04-02 06:00:00,10.35,1230.76
2020-04-02 07:00:00,11.62,1330.86
2020-04-02 08:00:00,12.22,1336.52
2020-04-02 09:00:00,13.79,1346.31
2020-04-02 10:00:00,13.99,1342.53
2020-04-02 11:00:00,13.15,1252.99
2020-04-02 12:00:00,14.2,1227.16
2020-04-02 13:00:00,15.42,1228.3
2020-04-02 14:00:00,14.93,1151.1
2020-04-02 15:00:00,13.13,1239.57
2020-04-02 16:00:00,11.74,1307.77
2020-04-02 17:00:00,10.58,1394.03
2020-04-02 18:00:00,9.88,1451.79
2020-04-02 19:00:00,8.02,1503.77
2020-04-02 20:00:00,8.17,1450.14
2020-04-02 21:00:00,7.38,1412.44
2020-04-02 22:00:00,7.28,1300.72
2020-04-02 23:00:00,7.03,1306.14
2020-04-03 00:00:00,7.44,1210.48
2020-04-03 01:00:00,8.6,1142.92
2020-04-03 02:00:00,10.37,1117.99
2020-04-03 03:00:00,10.92,1108.43
2020-04-03 04:00:00,11.45,1115.47
2020-04-03 05:00:00,12.44,1140.45
2020-04-03 06:00:00,12.11,1219.8
2020-04-03 07:00:00,13.91,1298.13
2020-04-03 08:00:00,13.77,1370.22
2020-04-03 09:00:00,12.24,1340.2
2020-04-03 10:00:00,11.02,1341.48
2020-04-03 11:00:00,14.01,1246.38
2020-04-03 12:00:00,13.32,1242.45
2020-04-03 13:00:00,13.71,1170.14
2020-04-03 14:00:00,12.21,1185.56
2020-04-03 15:00:00,12.77,1234.2
2020-04-03 16:00:00,11.87,1308.27
2020-04-03 17:00:00,10.71,1427.16
2020-04-03 18:00:00,8.78,1513.79
2020-04-03 19:00:00,7.65,1546.56
2020-04-03 20:00:00,6.79,1464.41
2020-04-03 21:00:00,7.47,1393.19
2020-04-03 22:00:00,4.11,1438.83
2020-04-03 23:00:00,3.88,1421.73
2020-04-04 00:00:00,7.45,1172.84
2020-04-04 01:00:00,8.53,1158.88
2020-04-04 02:00:00,8.17,1095.12
2020-04-04 03:00:00,8.38,1078.26
2020-04-04 04:00:00,9.71,1111.96
2020-04-04 05:00:00,9.26,1144.21
2020-04-04 06:00:00,10.13,1211.13
2020-04-04 07:00:00,12.13,1151.22
2020-04-04 08:00:00,13.22,1165.55
2020-04-04 09:00:00,15.62,1154.14
2020-04-04 10:00:00,16.82,1107.91
2020-04-04 11:00:00,15.23,1041.73
2020-04-04 12:00:00,15.44,1031.35
2020-04-04 13:00:00,15.7,981.28
2020-04-04 14:00:00,14.31,1017.44
2020-04-04 15:00:00,14.79,1078.83
2020-04-04 16:00:00,14.88,1118.04
2020-04-04 17:00:00,15.03,1191.36
2020-04-04 18:00:00,16.1,1156.93
2020-04-04 19:00:00,14.73,1181.29
2020-04-04 20:00:00,12.09,1095.01
2020-04-04 21:00:00,11.53,1293.16
2020-04-04 22:00:00,10.94,1119.09
2020-04-04 23:00:00,11.78,1172.16
2020-04-05 00:00:00,12.04,1076.24
2020-04-05 01:00:00,11.84,1031.43
2020-04-05 02:00:00,12.49,1055.6
2020-04-05 03:00:00,13.07,1014.99
2020-04-05 04:00:00,13.74,1027.99
2020-04-05 05:00:00,14.43,1077.81
2020-04-05 06:00:00,16.22,1156.88
2020-04-05 07:00:00,16.72,1137.12
2020-04-05 08:00:00,16.78,1200.86
2020-04-05 09:00:00,17.68,1161.9
2020-04-05 10:00:00,17.44,1156.24
2020-04-05 11:00:00,18.28,1065.83
2020-04-05 12:00:00,18.29,1052.1
2020-04-05 13:00:00,20.36,1025.72
2020-04-05 14:00:00,20.56,
2020-04-05 15:00:00,20.07,
2020-04-05 16:00:00,17.44,1135.72
2020-04-05 17:00:00,15.77,1190.71
2020-04-05 18:00:00,14.75,1278.65
2020-04-05 19:00:00,12.12,1247.43
2020-04-05 20:00:00,12.61,1229.37
2020-04-05 21:00:00,11.83,1188.92
2020-04-05 22:00:00,9.86,1265.36
2020-04-05 23:00:00,9.51,1212.7
2020-04-06 00:00:00,10.02,1172.1
2020-04-06 01:00:00,9.34,1135.36
2020-04-06 02:00:00,8.66,1171.3
2020-04-06 03:00:00,9.52,1120.15
2020-04-06 04:00:00,9.86,1108.4
2020-04-06 05:00:00,11.6,1159.22
2020-04-06 06:00:00,13.45,1223.71
2020-04-06 07:00:00,14.38,1298.94
2020-04-06 08:00:00,15.42,1346.19
2020-04-06 09:00:00,13.99,1349.8
2020-04-06 10:00:00,13.42,1323.67
2020-04-06 11:00:00,14.55,1266.47
2020-04-06 12:00:00,15.98,1187.2
2020-04-06 13:00:00,16.04,1174.82
2020-04-06 14:00:00,14.94,1190.66
2020-04-06 15:00:00,14.72,1236.77
2020-04-06 16:00:00,13.43,1264.09
2020-04-06 17:00:00,13.56,1376.22
2020-04-06 18:00:00,13.82,1388.87
2020-04-06 19:00:00,12.18,1424.48
2020-04-06 20:00:00,10.28,1388.13
2020-04-06 21:00:00,9.57,1286.72
2020-04-06 22:00:00,9.82,1270.65
2020-04-06 23:00:00,10.16,1246.42
2020-04-07 00:00:00,10.44,1211.51
2020-04-07 01:00:00,11.03,1156.79
2020-04-07 02:00:00,11.33,1090.51
2020-04-07 03:00:00,11.14,1111.91
2020-04-07 04:00:00,11.1,1139.18
2020-04-07 05:00:00,11.32,1173.05
2020-04-07 06:00:00,12.91,1189.45
2020-04-07 07:00:00,13.33,1294.27
2020-04-07 08:00:00,13.81,1350.82
2020-04-07 09:00:00,14.24,1361.66
2020-04-07 10:00:00,14.27,1279.2
2020-04-07 11:00:00,16.75,1216.37
2020-04-07 12:00:00,18.09,1221.89
2020-04-07 13:00:00,19.41,1177.42
2020-04-07 14:00:00,19.0,1208.21
2020-04-07 15:00:00,17.38,1204.12
2020-04-07 16:00:00,14.06,1291.62
2020-04-07 17:00:00,13.47,1351.87
2020-04-07 18:00:00,11.66,1429.9
2020-04-07 19:00:00,12.19,1413.21
2020-04-07 20:00:00,11.51,1414.83
2020-04-07 21:00:00,8.64,1365.81
2020-04-07 22:00:00,8.22,1280.38
2020-04-07 23:00:00,7.75,1274.37
2020-04-08 00:00:00,8.65,1174.27
2020-04-08 01:00:00,8.97,1154.48
2020-04-08 02:00:00,10.11,1086.31
2020-04-08 03:00:00,10.3,1084.02
2020-04-08 04:00:00,11.09,1092.96
2020-04-08 05:00:00,11.66,1176.79
2020-04-08 06:00:00,12.32,1206.52
2020-04-08 07:00:00,13.45,1332.74
2020-04-08 08:00:00,15.16,1345.52
2020-04-08 09:00:00,16.73,1344.44
2020-04-08 10:00:00,18.15,1271.45
2020-04-08 11:00:00,19.1,1253.1
2020-04-08 12:00:00,19.4,1225.67
2020-04-08 13:00:00,19.09,1197.77
2020-04-08 14:00:00,18.07,1211.41
2020-04-08 15:00:00,19.31,1227.33
2020-04-08 16:00:00,18.73,1236.79
2020-04-08 17:00:00,17.74,1387.42
2020-04-08 18:00:00,15.11,1400.79
2020-04-08 19:00:00,14.91,1416.97
2020-04-08 20:00:00,15.17,1335.28
2020-04-08 21:00:00,14.0,1305.21
2020-04-08 22:00:00,13.75,1235.66
2020-04-08 23:00:00,13.7,1156.13
2020-04-09 00:00:00,13.85,1136.02
2020-04-09 01:00:00,14.27,1087.5
2020-04-09 02:00:00,15.66,1057.77
2020-04-09 03:00:00,16.22,1064.05
2020-04-09 04:00:00,17.36,1090.77
2020-04-09 05:00:00,19.01,1141.85
2020-04-09 06:00:00,19.46,1199.09
2020-04-09 07:00:00,20.37,1322.17
2020-04-09 08:00:00,21.42,1307.68
2020-04-09 09:00:00,23.16,1373.16
2020-04-09 10:00:00,23.73,1317.95
2020-04-09 11:00:00,25.56,1256.33
2020-04-09 12:00:00,24.5,1214.69
2020-04-09 13:00:00,22.99,1170.26
2020-04-09 14:00:00,22.41,1209.52
2020-04-09 15:00:00,21.41,1232.57
2020-04-09 16:00:00,19.77,1249.57
2020-04-09 17:00:00,19.37,1341.37
2020-04-09 18:00:00,18.06,1401.03
2020-04-09 19:00:00,18.0,1383.41
2020-04-09 20:00:00,17.01,1381.0
2020-04-09 21:00:00,15.42,1265.87
2020-04-09 22:00:00,14.98,1210.89
2020-04-09 23:00:00,14.25,1241.61
2020-04-10 00:00:00,13.18,1167.87
2020-04-10 01:00:00,12.53,1110.59
2020-04-10 02:00:00,10.26,1084.78
2020-04-10 03:00:00,11.16,1101.85
2020-04-10 04:00:00,10.85,1103.71
2020-04-10 05:00:00,12.29,1118.72
2020-04-10 06:00:00,13.86,1213.34
2020-04-10 07:00:00,13.67,1296.89
2020-04-10 08:00:00,14.92,1348.9
2020-04-10 09:00:00,16.1,1344.55
2020-04-10 10:00:00,17.84,1285.46
2020-04-10 11:00:00,19.21,1253.23
2020-04-10 12:00:00,19.0,1210.97
2020-04-10 13:00:00,18.4,1156.07
2020-04-10 14:00:00,17.37,1227.01
2020-04-10 15:00:00,17.05,1236.87
2020-04-10 16:00:00,16.98,1272.88
2020-04-10 17:00:00,16.95,1353.37
2020-04-10 18:00:00,15.33,1446.8
2020-04-10 19:00:00,15.78,1357.15
2020-04-10 20:00:00,14.65,1332.52
2020-04-10 21:00:00,12.39,1336.4
2020-04-10 22:00:00,9.49,1308.77
2020-04-10 23:00:00,10.26,1236.74
2020-04-11 00:00:00,10.02,1116.91
2020-04-11 01:00:00,10.47,1091.8
2020-04-11 02:00:00,11.22,1051.87
2020-04-11 03:00:00,10.61,1029.81
2020-04-11 04:00:00,11.5,1037.02
2020-04-11 05:00:00,11.14,1101.59
2020-04-11 06:00:00,12.19,1205.65
2020-04-11 07:00:00,12.67,1120.93
2020-04-11 08:00:00,13.0,1182.98
2020-04-11 09:00:00,12.5,1180.91
2020-04-11 10:00:00,12.96,1107.44
2020-04-11 11:00:00,14.32,1070.41
2020-04-11 12:00:00,13.13,1031.21
2020-04-11 13:00:00,13.39,1038.65
2020-04-11 14:00:00,12.76,1036.41
2020-04-11 15:00:00,11.41,1103.73
2020-04-11 16:00:00,11.44,1119.8
2020-04-11 17:00:00,10.18,1220.98
2020-04-11 18:00:00,10.8,1231.35
2020-04-11 19:00:00,11.15,1263.63
2020-04-11 20:00:00,11.09,1181.84
2020-04-11 21:00:00,9.72,1298.55
2020-04-11 22:00:00,8.69,1259.04
2020-04-11 23:00:00,9.46,1186.24
2020-04-12 00:00:00,8.19,1179.12
2020-04-12 01:00:00,8.17,1086.09
2020-04-12 02:00:00,9.51,1057.09
2020-04-12 03:00:00,8.95,1067.81
2020-04-12 04:00:00,9.7,1084.64
2020-04-12 05:00:00,10.79,1124.77
2020-04-12 06:00:00,11.12,1197.82
2020-04-12 07:00:00,11.61,1106.54
2020-04-12 08:00:00,12.44,1177.12
2020-04-12 09:00:00,13.31,1199.89
2020-04-12 10:00:00,13.8,1132.26
2020-04-12 11:00:00,12.68,1131.94
2020-04-12 12:00:00,12.24,1060.26
2020-04-12 13:00:00,11.89,1052.52
2020-04-12 14:00:00,10.05,1069.28
2020-04-12 15:00:00,9.7,1127.45
2020-04-12 16:00:00,9.7,1148.82
2020-04-12 17:00:00,7.97,1279.81
2020-04-12 18:00:00,8.45,1253.13
2020-04-12 19:00:00,7.09,1298.76
2020-04-12 20:00:00,4.89,1408.27
2020-04-12 21:00:00,3.84,1423.46
2020-04-12 22:00:00,3.09,1382.89
2020-04-12 23:00:00,3.08,1341.35
2020-04-13 00:00:00,2.72,1336.0
2020-04-13 01:00:00,3.05,1337.9
2020-04-13 02:00:00,2.75,1274.88
2020-04-13 03:00:00,4.83,1205.0
2020-04-13 04:00:00,7.01,1182.96
2020-04-13 05:00:00,6.33,1248.35
2020-04-13 06:00:00,8.48,1272.9
2020-04-13 07:00:00,10.67,1325.07
2020-04-13 08:00:00,10.42,1396.21
2020-04-13 09:00:00,12.66,1373.15
2020-04-13 10:00:00,10.84,1318.66
2020-04-13 11:00:00,12.06,1292.86
2020-04-13 12:00:00,13.03,1204.23
2020-04-13 13:00:00,12.88,1227.45
2020-04-13 14:00:00,12.65,1208.86
2020-04-13 15:00:00,13.31,1217.39
2020-04-13 16:00:00,12.08,1322.91
2020-04-13 17:00:00,11.23,1350.34
2020-04-13 18:00:00,9.09,1522.52
2020-04-13 19:00:00,7.3,1508.14
2020-04-13 20:00:00,8.6,1469.29
2020-04-13 21:00:00,8.56,1404.09
2020-04-13 22:00:00,9.52,1254.1
2020-04-13 23:00:00,8.38,1272.91
2020-04-14 00:00:00,8.47,1203.38
2020-04-14 01:00:00,9.43,1167.87
2020-04-14 02:00:00,10.25,1125.47
2020-04-14 03:00:00,11.57,1068.07
2020-04-14 04:00:00,12.87,1086.31
2020-04-14 05:00:00,10.24,1168.84
2020-04-14 06:00:00,11.93,1267.3
2020-04-14 07:00:00,13.56,1313.97
2020-04-14 08:00:00,13.84,1323.52
2020-04-14 09:00:00,15.48,1350.37
2020-04-14 10:00:00,15.89,1273.26
2020-04-14 11:00:00,16.46,1232.71
2020-04-14 12:00:00,18.73,1215.02
2020-04-14 13:00:00,18.39,1167.51
2020-04-14 14:00:00,18.54,1205.07
2020-04-14 15:00:00,18.14,1266.13
2020-04-14 16:00:00,19.51,1322.52
2020-04-14 17:00:00,20.08,1338.45
2020-04-14 18:00:00,19.32,1424.7
2020-04-14 19:00:00,17.19,1389.45
2020-04-14 20:00:00,16.07,1332.97
2020-04-14 21:00:00,14.44,1309.32
2020-04-14 22:00:00,12.5,1276.98
2020-04-14 23:00:00,12.3,1215.74
2020-04-15 00:00:00,11.54,1164.01
2020-04-15 01:00:00,12.81,1142.65
2020-04-15 02:00:00,12.31,1088.15
2020-04-15 03:00:00,13.35,1053.09
2020-04-15 04:00:00,15.84,1058.88
2020-04-15 05:00:00,17.4,1137.59
2020-04-15 06:00:00,17.95,1195.73
2020-04-15 07:00:00,19.76,1273.54
2020-04-15 08:00:00,21.23,1340.61
2020-04-15 09:00:00,22.16,1370.89
2020-04-15 10:00:00,20.79,1296.63
2020-04-15 11:00:00,20.44,1232.55
2020-04-15 12:00:00,23.06,1184.46
2020-04-15 13:00:00,21.33,1200.84
2020-04-15 14:00:00,21.11,1186.2
2020-04-15 15:00:00,20.85,1227.05
2020-04-15 16:00:00,20.53,1263.22
2020-04-15 17:00:00,18.79,1343.1
2020-04-15 18:00:00,15.81,1403.21
2020-04-15 19:00:00,15.76,
2020-04-15 20:00:00,14.33,1401.78
2020-04-15 21:00:00,14.37,1274.75
2020-04-15 22:00:00,13.35,1269.54
2020-04-15 23:00:00,11.81,1193.94
2020-04-16 00:00:00,11.06,1159.86
2020-04-16 01:00:00,11.17,1132.08
2020-04-16 02:00:00,12.27,1072.67
2020-04-16 03:00:00,12.84,1023.74
2020-04-16 04:00:00,12.86,1087.23
2020-04-16 05:00:00,15.51,
2020-04-16 06:00:00,16.24,1210.91
2020-04-16 07:00:00,16.66,1282.18
2020-04-16 08:00:00,17.67,1337.7
2020-04-16 09:00:00,17.82,1340.4
2020-04-16 10:00:00,19.89,1301.66
2020-04-16 11:00:00,19.87,1242.66
2020-04-16 12:00:00,20.46,1202.82
2020-04-16 13:00:00,19.88,1205.0
2020-04-16 14:00:00,19.41,1243.77
2020-04-16 15:00:00,19.39,1225.94
2020-04-16 16:00:00,18.03,1278.44
2020-04-16 17:00:00,15.2,1347.74
2020-04-16 18:00:00,14.02,1394.89
2020-04-16 19:00:00,13.27,1389.67
2020-04-16 20:00:00,13.22,1343.72
2020-04-16 21:00:00,11.78,1324.45
2020-04-16 22:00:00,11.76,1251.93
2020-04-16 23:00:00,9.4,1232.98
2020-04-17 00:00:00,8.79,1208.21
2020-04-17 01:00:00,9.91,1160.76
2020-04-17 02:00:00,11.6,1116.02
2020-04-17 03:00:00,12.72,1060.95
2020-04-17 04:00:00,12.74,1086.87
2020-04-17 05:00:00,15.42,1136.83
2020-04-17 06:00:00,16.98,1210.14
2020-04-17 07:00:00,18.27,1298.04
2020-04-17 08:00:00,19.58,1344.46
2020-04-17 09:00:00,19.47,1342.59
2020-04-17 10:00:00,20.63,1290.41
2020-04-17 11:00:00,21.17,1252.88
2020-04-17 12:00:00,21.31,1201.16
2020-04-17 13:00:00,21.1,
2020-04-17 14:00:00,19.91,1176.9
2020-04-17 15:00:00,17.64,1247.7
2020-04-17 16:00:00,16.6,1271.6
2020-04-17 17:00:00,15.17,1366.42
2020-04-17 18:00:00,17.19,1383.04
2020-04-17 19:00:00,14.54,1361.36
2020-04-17 20:00:00,14.21,1373.0
2020-04-17 21:00:00,14.31,1301.21
2020-04-17 22:00:00,13.91,1244.98
2020-04-17 23:00:00,13.18,1228.58
2020-04-18 00:00:00,12.87,1115.47
2020-04-18 01:00:00,13.16,1054.82
2020-04-18 02:00:00,13.26,1016.1
2020-04-18 03:00:00,13.32,1003.61
2020-04-18 04:00:00,14.2,1084.37
2020-04-18 05:00:00,12.72,1101.73
2020-04-18 06:00:00,12.52,1166.95
2020-04-18 07:00:00,12.55,1129.96
2020-04-18 08:00:00,11.87,1187.61
2020-04-18 09:00:00,14.05,1178.49
2020-04-18 10:00:00,16.53,1141.04
2020-04-18 11:00:00,16.48,1069.14
2020-04-18 12:00:00,13.5,1051.11
2020-04-18 13:00:00,15.57,985.02
2020-04-18 14:00:00,16.46,1028.96
2020-04-18 15:00:00,15.67,1080.59
2020-04-18 16:00:00,12.11,1172.18
2020-04-18 17:00:00,10.39,1217.84
2020-04-18 18:00:00,8.43,1381.42
2020-04-18 19:00:00,8.64,
2020-04-18 20:00:00,5.77,1269.14
2020-04-18 21:00:00,6.19,1323.62
2020-04-18 22:00:00,6.48,1290.65
2020-04-18 23:00:00,7.41,1225.88
2020-04-19 00:00:00,7.21,1172.22
2020-04-19 01:00:00,7.51,1119.16
2020-04-19 02:00:00,6.96,1144.42
2020-04-19 03:00:00,9.51,1083.53
2020-04-19 04:00:00,9.92,1064.5
2020-04-19 05:00:00,10.95,1128.46
2020-04-19 06:00:00,12.24,1178.25
2020-04-19 07:00:00,14.2,1125.0
2020-04-19 08:00:00,15.54,
2020-04-19 09:00:00,16.43,1181.92
2020-04-19 10:00:00,15.87,1157.21
2020-04-19 11:00:00,16.32,1072.58
2020-04-19 12:00:00,15.07,987.32
2020-04-19 13:00:00,14.04,1012.44
2020-04-19 14:00:00,14.52,1069.08
2020-04-19 15:00:00,14.56,1084.91
2020-04-19 16:00:00,15.43,1115.91
2020-04-19 17:00:00,14.33,1173.27
2020-04-19 18:00:00,13.66,1227.83
2020-04-19 19:00:00,13.47,1246.88
2020-04-19 20:00:00,10.92,1264.46
2020-04-19 21:00:00,8.82,1333.87
2020-04-19 22:00:00,8.63,1242.68
2020-04-19 23:00:00,10.07,1199.52
2020-04-20 00:00:00,7.58,1179.71
2020-04-20 01:00:00,8.73,1150.03
2020-04-20 02:00:00,8.47,1121.15
2020-04-20 03:00:00,8.72,1097.52
2020-04-20 04:00:00,9.0,1134.13
2020-04-20 05:00:00,9.7,1186.11
2020-04-20 06:00:00,10.49,1245.45
2020-04-20 07:00:00,10.84,1293.93
2020-04-20 08:00:00,12.02,1348.58
2020-04-20 09:00:00,11.72,1392.42
2020-04-20 10:00:00,13.72,1353.06
2020-04-20 11:00:00,13.62,1231.34
2020-04-20 12:00:00,14.72,1207.76
2020-04-20 13:00:00,13.63,1196.26
2020-04-20 14:00:00,12.58,1219.04
2020-04-20 15:00:00,12.11,1225.15
2020-04-20 16:00:00,12.98,1332.02
2020-04-20 17:00:00,10.76,1371.9
2020-04-20 18:00:00,9.35,1412.25
2020-04-20 19:00:00,7.67,1494.39
2020-04-20 20:00:00,8.38,1448.73
2020-04-20 21:00:00,8.28,1354.67
2020-04-20 22:00:00,6.83,1332.87
2020-04-20 23:00:00,6.48,1343.57
2020-04-21 00:00:00,7.01,1206.0
2020-04-21 01:00:00,7.57,1147.53
2020-04-21 02:00:00,8.02,1150.11
2020-04-21 03:00:00,9.51,1084.54
2020-04-21 04:00:00,11.37,1089.43
2020-04-21 05:00:00,10.92,1165.74
2020-04-21 06:00:00,12.81,1236.65
2020-04-21 07:00:00,11.27,1317.32
2020-04-21 08:00:00,9.69,1383.71
2020-04-21 09:00:00,11.16,1376.49
2020-04-21 10:00:00,12.92,1326.79
2020-04-21 11:00:00,13.48,1251.05
2020-04-21 12:00:00,14.03,1213.21
2020-04-21 13:00:00,14.36,1175.82
2020-04-21 14:00:00,12.31,1243.11
2020-04-21 15:00:00,12.49,1212.74
2020-04-21 16:00:00,14.11,1267.43
2020-04-21 17:00:00,14.69,1326.46
2020-04-21 18:00:00,13.38,1389.63
2020-04-21 19:00:00,12.59,1419.81
2020-04-21 20:00:00,10.85,1393.67
2020-04-21 21:00:00,9.7,1363.4
2020-04-21 22:00:00,9.81,1265.14
2020-04-21 23:00:00,8.61,1289.02
2020-04-22 00:00:00,8.66,1202.86
2020-04-22 01:00:00,8.75,1146.46
2020-04-22 02:00:00,9.43,1112.28
2020-04-22 03:00:00,10.12,1100.9
2020-04-22 04:00:00,11.91,
2020-04-22 05:00:00,12.23,1132.71
2020-04-22 06:00:00,11.71,1211.07
2020-04-22 07:00:00,11.11,1335.39
2020-04-22 08:00:00,11.5,1368.27
2020-04-22 09:00:00,12.08,1355.09
2020-04-22 10:00:00,11.93,1327.15
2020-04-22 11:00:00,14.02,1259.73
2020-04-22 12:00:00,15.09,1199.41
2020-04-22 13:00:00,14.83,1184.28
2020-04-22 14:00:00,15.07,1200.9
2020-04-22 15:00:00,15.72,1280.06
2020-04-22 16:00:00,15.76,1330.72
2020-04-22 17:00:00,15.04,1370.96
2020-04-22 18:00:00,14.12,1436.09
2020-04-22 19:00:00,13.06,1446.77
2020-04-22 20:00:00,13.52,1347.87
2020-04-22 21:00:00,10.9,
2020-04-22 22:00:00,9.89,1288.98
2020-04-22 23:00:00,8.42,1271.74
2020-04-23 00:00:00,8.43,1144.54
2020-04-23 01:00:00,7.61,1208.56
2020-04-23 02:00:00,6.59,1193.28
2020-04-23 03:00:00,9.93,1093.21
2020-04-23 04:00:00,9.32,1170.02
2020-04-23 05:00:00,11.09,
2020-04-23 06:00:00,11.01,1221.3
2020-04-23 07:00:00,12.62,1326.05
2020-04-23 08:00:00,12.08,1381.07
2020-04-23 09:00:00,13.98,1350.5
2020-04-23 10:00:00,15.43,1337.29
2020-04-23 11:00:00,16.62,1257.04
2020-04-23 12:00:00,17.88,1225.9
2020-04-23 13:00:00,16.31,1229.25
2020-04-23 14:00:00,15.7,1209.34
2020-04-23 15:00:00,18.7,1254.47
2020-04-23 16:00:00,17.97,1305.69
2020-04-23 17:00:00,16.53,1372.86
2020-04-23 18:00:00,14.8,1378.24
2020-04-23 19:00:00,13.48,1426.44
2020-04-23 20:00:00,10.8,1426.99
2020-04-23 21:00:00,8.52,1364.99
2020-04-23 22:00:00,7.93,1316.67
2020-04-23 23:00:00,7.04,1289.97
2020-04-24 00:00:00,7.95,1224.89
2020-04-24 01:00:00,7.28,1199.36
2020-04-24 02:00:00,4.99,1239.49
2020-04-24 03:00:00,4.39,1160.68
2020-04-24 04:00:00,7.32,1181.74
2020-04-24 05:00:00,5.73,1308.34
2020-04-24 06:00:00,7.21,1320.25
2020-04-24 07:00:00,10.78,1319.05
2020-04-24 08:00:00,11.35,1374.37
2020-04-24 09:00:00,13.45,1348.37
2020-04-24 10:00:00,13.44,
2020-04-24 11:00:00,15.62,1266.71
2020-04-24 12:00:00,16.07,1199.59
2020-04-24 13:00:00,16.4,1180.35
2020-04-24 14:00:00,15.24,1202.18
2020-04-24 15:00:00,13.52,1267.79
2020-04-24 16:00:00,12.22,1318.44
2020-04-24 17:00:00,11.04,1401.41
2020-04-24 18:00:00,8.0,1524.75
2020-04-24 19:00:00,4.99,1592.01
2020-04-24 20:00:00,2.32,1653.03
2020-04-24 21:00:00,4.32,1451.15
2020-04-24 22:00:00,5.16,1376.95
2020-04-24 23:00:00,5.37,1368.5
2020-04-25 00:00:00,4.47,1243.89
2020-04-25 01:00:00,5.87,1174.87
2020-04-25 02:00:00,6.96,1079.7
2020-04-25 03:00:00,9.55,1025.81
2020-04-25 04:00:00,11.43,1064.6
2020-04-25 05:00:00,11.03,1124.34
2020-04-25 06:00:00,12.59,1187.27
2020-04-25 07:00:00,13.57,1111.24
2020-04-25 08:00:00,13.38,1202.5
2020-04-25 09:00:00,15.65,1152.6
2020-04-25 10:00:00,16.3,1116.35
2020-04-25 11:00:00,16.67,1028.31
2020-04-25 12:00:00,16.4,1027.12
2020-04-25 13:00:00,15.38,994.24
2020-04-25 14:00:00,14.47,1002.36
2020-04-25 15:00:00,12.84,1077.86
2020-04-25 16:00:00,11.8,1074.92
2020-04-25 17:00:00,11.63,1182.44
2020-04-25 18:00:00,10.92,1179.19
2020-04-25 19:00:00,8.48,1262.93
2020-04-25 20:00:00,7.59,1261.2
2020-04-25 21:00:00,5.59,1352.2
2020-04-25 22:00:00,4.5,1392.56
2020-04-25 23:00:00,5.15,1294.06
2020-04-26 00:00:00,3.07,1249.54
2020-04-26 01:00:00,3.56,1268.12
2020-04-26 02:00:00,5.44,1182.61
2020-04-26 03:00:00,5.57,1140.21
2020-04-26 04:00:00,4.74,1206.94
2020-04-26 05:00:00,6.04,1199.21
2020-04-26 06:00:00,6.59,1260.22
2020-04-26 07:00:00,9.3,1187.09
2020-04-26 08:00:00,11.23,1208.53
2020-04-26 09:00:00,11.19,1205.77
2020-04-26 10:00:00,12.81,1126.85
2020-04-26 11:00:00,12.8,1103.46
2020-04-26 12:00:00,12.99,1046.09
2020-04-26 13:00:00,14.97,1015.45
2020-04-26 14:00:00,13.43,1034.53
2020-04-26 15:00:00,13.76,1057.29
2020-04-26 16:00:00,12.45,1147.58
2020-04-26 17:00:00,13.05,1232.23
2020-04-26 18:00:00,11.7,1201.84
2020-04-26 19:00:00,10.43,1279.22
2020-04-26 20:00:00,9.78,
2020-04-26 21:00:00,9.33,1320.86
2020-04-26 22:00:00,10.12,1265.26
2020-04-26 23:00:00,11.18,1214.41
2020-04-27 00:00:00,11.41,1132.8
2020-04-27 01:00:00,11.74,1117.56
2020-04-27 02:00:00,12.97,1044.73
2020-04-27 03:00:00,13.19,1088.16
2020-04-27 04:00:00,14.48,1076.02
2020-04-27 05:00:00,16.66,1110.83
2020-04-27 06:00:00,18.17,1198.82
2020-04-27 07:00:00,17.63,1276.84
2020-04-27 08:00:00,17.95,1346.97
2020-04-27 09:00:00,18.79,1382.47
2020-04-27 10:00:00,18.26,1281.47
2020-04-27 11:00:00,18.86,1230.78
2020-04-27 12:00:00,20.86,1237.48
2020-04-27 13:00:00,21.56,1190.97
2020-04-27 14:00:00,18.77,1231.89
2020-04-27 15:00:00,18.28,1226.33
2020-04-27 16:00:00,17.6,1262.53
2020-04-27 17:00:00,18.0,1320.71
2020-04-27 18:00:00,17.53,1319.2
2020-04-27 19:00:00,17.05,1334.29
2020-04-27 20:00:00,15.73,1408.67
2020-04-27 21:00:00,14.64,1274.17
2020-04-27 22:00:00,14.17,1238.52
2020-04-27 23:00:00,13.07,1233.66
2020-04-28 00:00:00,12.39,1132.41
2020-04-28 01:00:00,13.12,1104.74
2020-04-28 02:00:00,14.73,1077.11
2020-04-28 03:00:00,15.95,1043.96
2020-04-28 04:00:00,15.92,1081.67
2020-04-28 05:00:00,17.23,1141.8
2020-04-28 06:00:00,19.52,1178.92
2020-04-28 07:00:00,19.44,1268.2
2020-04-28 08:00:00,20.44,1328.39
2020-04-28 09:00:00,22.14,1349.41
2020-04-28 10:00:00,21.48,1278.09
2020-04-28 11:00:00,22.98,1259.17
2020-04-28 12:00:00,22.95,1191.8
2020-04-28 13:00:00,23.62,1171.74
2020-04-28 14:00:00,22.12,1201.11
2020-04-28 15:00:00,21.12,1261.32
2020-04-28 16:00:00,20.83,1273.41
2020-04-28 17:00:00,20.2,1353.26
2020-04-28 18:00:00,18.79,1355.58
2020-04-28 19:00:00,18.11,1356.35
2020-04-28 20:00:00,16.95,1312.73
2020-04-28 21:00:00,15.45,1301.49
2020-04-28 22:00:00,14.65,1269.55
2020-04-28 23:00:00,13.21,1207.2
2020-04-29 00:00:00,14.24,1161.68
2020-04-29 01:00:00,14.69,1104.08
2020-04-29 02:00:00,16.24,1064.77
2020-04-29 03:00:00,18.39,1056.12
2020-04-29 04:00:00,18.99,1076.1
2020-04-29 05:00:00,20.88,1142.93
2020-04-29 06:00:00,18.16,1193.38
2020-04-29 07:00:00,19.55,1323.65
2020-04-29 08:00:00,20.25,1322.01
2020-04-29 09:00:00,21.95,1366.27
2020-04-29 10:00:00,22.55,1313.71
2020-04-29 11:00:00,21.99,1269.62
2020-04-29 12:00:00,23.44,1209.13
2020-04-29 13:00:00,21.45,1183.3
2020-04-29 14:00:00,21.22,1193.24
2020-04-29 15:00:00,19.77,1241.45
2020-04-29 16:00:00,19.28,1266.01
2020-04-29 17:00:00,19.88,1348.17
2020-04-29 18:00:00,22.37,1352.55
2020-04-29 19:00:00,21.19,1372.35
2020-04-29 20:00:00,21.22,1301.69
2020-04-29 21:00:00,20.64,
2020-04-29 22:00:00,18.91,1239.68
2020-04-29 23:00:00,19.62,
2020-04-30 00:00:00,19.0,1118.02
2020-04-30 01:00:00,19.31,1099.56
2020-04-30 02:00:00,19.37,1069.97
2020-04-30 03:00:00,20.69,1066.97
2020-04-30 04:00:00,21.72,1086.13
2020-04-30 05:00:00,22.58,1135.95
2020-04-30 06:00:00,23.74,1196.51
2020-04-30 07:00:00,23.22,1257.1
2020-04-30 08:00:00,24.7,1350.71
2020-04-30 09:00:00,24.82,1363.04
2020-04-30 10:00:00,25.89,1294.47
2020-04-30 11:00:00,23.4,1257.26
2020-04-30 12:00:00,22.01,1214.24
2020-04-30 13:00:00,21.12,1197.53
2020-04-30 14:00:00,18.96,1205.41
2020-04-30 15:00:00,18.84,1274.43
2020-04-30 16:00:00,18.4,1275.73
2020-04-30 17:00:00,18.23,1342.62
2020-04-30 18:00:00,17.68,1426.05
2020-04-30 19:00:00,17.09,1371.26
2020-04-30 20:00:00,17.23,1369.7
2020-04-30 21:00:00,18.72,1312.3
2020-04-30 22:00:00,17.83,1256.02
2020-04-30 23:00:00,18.33,1183.22
2020-05-01 00:00:00,20.95,1143.95
2020-05-01 01:00:00,20.46,1074.86
2020-05-01 02:00:00,21.61,1060.56
2020-05-01 03:00:00,22.26,1022.99
2020-05-01 04:00:00,22.89,1044.39
2020-05-01 05:00:00,23.52,1095.28
2020-05-01 06:00:00,24.63,1187.35
2020-05-01 07:00:00,25.79,1277.2
2020-05-01 08:00:00,26.2,1331.61
2020-05-01 09:00:00,27.9,1346.44
2020-05-01 10:00:00,28.53,1333.88
2020-05-01 11:00:00,29.91,1313.87
2020-05-01 12:00:00,31.6,1317.32
2020-05-01 13:00:00,31.47,1323.21
2020-05-01 14:00:00,31.25,1298.48
2020-05-01 15:00:00,31.12,1321.84
2020-05-01 16:00:00,31.52,1355.36
2020-05-01 17:00:00,31.79,1465.72
2020-05-01 18:00:00,31.14,1436.45
2020-05-01 19:00:00,31.63,1439.63
2020-05-01 20:00:00,29.58,1405.85
2020-05-01 21:00:00,29.8,1370.2
2020-05-01 22:00:00,30.01,1295.61
2020-05-01 23:00:00,27.81,1215.75
2020-05-02 00:00:00,28.04,1090.3
2020-05-02 01:00:00,28.67,1071.1
2020-05-02 02:00:00,29.18,1042.77
2020-05-02 03:00:00,30.54,1061.58
2020-05-02 04:00:00,30.59,1097.06
2020-05-02 05:00:00,31.8,1143.08
2020-05-02 06:00:00,30.61,1180.85
2020-05-02 07:00:00,31.96,1202.46
2020-05-02 08:00:00,31.29,1220.27
2020-05-02 09:00:00,31.35,1250.9
2020-05-02 10:00:00,30.45,1202.81
2020-05-02 11:00:00,29.67,1096.41
2020-05-02 12:00:00,30.18,1088.44
2020-05-02 13:00:00,30.65,1108.39
2020-05-02 14:00:00,32.13,1184.27
2020-05-02 15:00:00,31.97,1219.15
2020-05-02 16:00:00,30.13,1200.29
2020-05-02 17:00:00,28.48,1224.87
2020-05-02 18:00:00,28.78,1250.05
2020-05-02 19:00:00,28.18,1207.82
2020-05-02 20:00:00,26.88,1193.03
2020-05-02 21:00:00,27.18,1249.9
2020-05-02 22:00:00,27.2,1220.84
2020-05-02 23:00:00,26.35,1187.61
2020-05-03 00:00:00,25.16,1095.82
2020-05-03 01:00:00,24.42,1066.79
2020-05-03 02:00:00,24.99,1018.68
2020-05-03 03:00:00,26.46,1012.53
2020-05-03 04:00:00,27.88,1028.73
2020-05-03 05:00:00,28.04,1090.55
2020-05-03 06:00:00,28.02,
2020-05-03 07:00:00,28.33,1163.78
2020-05-03 08:00:00,28.62,1192.42
2020-05-03 09:00:00,29.75,1220.79
2020-05-03 10:00:00,29.57,1202.2
2020-05-03 11:00:00,30.74,1155.81
2020-05-03 12:00:00,30.46,1061.55
2020-05-03 13:00:00,29.55,1087.27
2020-05-03 14:00:00,30.18,1109.54
2020-05-03 15:00:00,30.3,1135.79
2020-05-03 16:00:00,29.07,1182.66
2020-05-03 17:00:00,27.38,1182.92
2020-05-03 18:00:00,24.68,1179.46
2020-05-03 19:00:00,23.58,1204.51
2020-05-03 20:00:00,22.32,1203.25
2020-05-03 21:00:00,20.84,1230.28
2020-05-03 22:00:00,17.62,1182.68
2020-05-03 23:00:00,16.74,1121.98
2020-05-04 00:00:00,16.94,1109.71
2020-05-04 01:00:00,17.92,1108.5
2020-05-04 02:00:00,17.87,1063.11
2020-05-04 03:00:00,17.95,1048.82
2020-05-04 04:00:00,17.33,1054.01
2020-05-04 05:00:00,18.39,1127.27
2020-05-04 06:00:00,20.42,1173.67
2020-05-04 07:00:00,21.94,1279.04
2020-05-04 08:00:00,22.73,1322.31
2020-05-04 09:00:00,22.38,1344.13
2020-05-04 10:00:00,24.27,1295.74
2020-05-04 11:00:00,24.29,1187.33
2020-05-04 12:00:00,22.8,1180.0
2020-05-04 13:00:00,22.81,1197.4
2020-05-04 14:00:00,21.33,1196.28
2020-05-04 15:00:00,20.94,1203.68
2020-05-04 16:00:00,19.2,1283.76
2020-05-04 17:00:00,17.35,1327.56
2020-05-04 18:00:00,17.69,1410.54
2020-05-04 19:00:00,17.65,1378.12
2020-05-04 20:00:00,16.04,1311.73
2020-05-04 21:00:00,15.3,1265.78
2020-05-04 22:00:00,14.63,1204.48
2020-05-04 23:00:00,15.0,1197.25
2020-05-05 00:00:00,13.1,1155.61
2020-05-05 01:00:00,12.01,1122.77
2020-05-05 02:00:00,11.39,1070.25
2020-05-05 03:00:00,13.11,1027.6
2020-05-05 04:00:00,13.24,1089.19
2020-05-05 05:00:00,15.57,1096.15
2020-05-05 06:00:00,15.84,1189.77
2020-05-05 07:00:00,15.84,1295.34
2020-05-05 08:00:00,15.34,1305.14
2020-05-05 09:00:00,15.18,1358.29
2020-05-05 10:00:00,17.37,1290.38
2020-05-05 11:00:00,20.13,1227.98
2020-05-05 12:00:00,20.95,1191.99
2020-05-05 13:00:00,21.22,1167.01
2020-05-05 14:00:00,20.04,1230.06
2020-05-05 15:00:00,20.16,1238.28
2020-05-05 16:00:00,19.74,1238.96
2020-05-05 17:00:00,20.3,1344.98
2020-05-05 18:00:00,18.63,1351.77
2020-05-05 19:00:00,17.92,1363.49
2020-05-05 20:00:00,17.82,1376.35
2020-05-05 21:00:00,15.85,1246.38
2020-05-05 22:00:00,16.77,1219.89
2020-05-05 23:00:00,16.77,1169.53
2020-05-06 00:00:00,14.5,1124.16
2020-05-06 01:00:00,15.54,1090.85
2020-05-06 02:00:00,15.79,1061.09
2020-05-06 03:00:00,16.94,1040.86
2020-05-06 04:00:00,19.0,1070.97
2020-05-06 05:00:00,19.85,1131.77
2020-05-06 06:00:00,21.6,1175.4
2020-05-06 07:00:00,21.67,1267.66
2020-05-06 08:00:00,21.25,1309.63
2020-05-06 09:00:00,21.91,1355.57
2020-05-06 10:00:00,22.26,1283.62
2020-05-06 11:00:00,20.2,1217.52
2020-05-06 12:00:00,21.67,1219.67
2020-05-06 13:00:00,22.16,1165.28
2020-05-06 14:00:00,20.27,1159.47
2020-05-06 15:00:00,21.14,1222.93
2020-05-06 16:00:00,20.37,1307.96
2020-05-06 17:00:00,18.19,1304.57
2020-05-06 18:00:00,16.67,1365.96
2020-05-06 19:00:00,13.98,1381.05
2020-05-06 20:00:00,13.37,1343.2
2020-05-06 21:00:00,13.31,1321.7
2020-05-06 22:00:00,11.37,1248.64
2020-05-06 23:00:00,8.98,1250.84
2020-05-07 00:00:00,9.0,1158.42
2020-05-07 01:00:00,8.71,1110.26
2020-05-07 02:00:00,10.41,1099.63
2020-05-07 03:00:00,9.97,1081.36
2020-05-07 04:00:00,10.18,1144.55
2020-05-07 05:00:00,12.64,1110.88
2020-05-07 06:00:00,13.92,1208.3
2020-05-07 07:00:00,15.09,1252.95
2020-05-07 08:00:00,14.95,1348.25
2020-05-07 09:00:00,15.12,1323.43
2020-05-07 10:00:00,17.25,1286.18
2020-05-07 11:00:00,17.43,1214.04
2020-05-07 12:00:00,19.01,1192.15
2020-05-07 13:00:00,18.64,1180.71
2020-05-07 14:00:00,20.35,1213.71
2020-05-07 15:00:00,18.5,1234.85
2020-05-07 16:00:00,18.0,1244.66
2020-05-07 17:00:00,18.29,1306.27
2020-05-07 18:00:00,16.78,1412.47
2020-05-07 19:00:00,18.15,1354.3
2020-05-07 20:00:00,18.62,1307.48
2020-05-07 21:00:00,17.6,
2020-05-07 22:00:00,17.63,1235.68
2020-05-07 23:00:00,17.69,1165.31
2020-05-08 00:00:00,18.97,1149.71
2020-05-08 01:00:00,16.87,1081.11
2020-05-08 02:00:00,17.4,1038.75
2020-05-08 03:00:00,19.86,1037.8
2020-05-08 04:00:00,20.91,1058.18
2020-05-08 05:00:00,20.36,1100.99
2020-05-08 06:00:00,21.42,1216.15
2020-05-08 07:00:00,24.14,1278.87
2020-05-08 08:00:00,26.15,1356.61
2020-05-08 09:00:00,26.19,1332.4
2020-05-08 10:00:00,26.23,1303.06
2020-05-08 11:00:00,26.73,1270.31
2020-05-08 12:00:00,27.41,1185.07
2020-05-08 13:00:00,29.59,1256.23
2020-05-08 14:00:00,28.61,1236.11
2020-05-08 15:00:00,25.53,1221.96
2020-05-08 16:00:00,25.32,1235.79
2020-05-08 17:00:00,25.04,1343.01
2020-05-08 18:00:00,22.93,1380.2
2020-05-08 19:00:00,21.5,1426.65
2020-05-08 20:00:00,21.29,
2020-05-08 21:00:00,19.85,1238.0
2020-05-08 22:00:00,18.38,1218.0
2020-05-08 23:00:00,16.47,1208.4
2020-05-09 00:00:00,15.36,1090.78
2020-05-09 01:00:00,14.66,1054.7
2020-05-09 02:00:00,14.7,1003.47
2020-05-09 03:00:00,16.38,927.94
2020-05-09 04:00:00,16.9,979.18
2020-05-09 05:00:00,18.26,1094.12
2020-05-09 06:00:00,19.16,1154.7
2020-05-09 07:00:00,19.03,1043.59
2020-05-09 08:00:00,20.64,1131.57
2020-05-09 09:00:00,21.71,1179.43
2020-05-09 10:00:00,23.83,1081.88
2020-05-09 11:00:00,23.41,1038.6
2020-05-09 12:00:00,24.2,1034.48
2020-05-09 13:00:00,23.85,970.68
2020-05-09 14:00:00,24.78,1010.83
2020-05-09 15:00:00,23.43,1060.04
2020-05-09 16:00:00,24.03,1075.57
2020-05-09 17:00:00,22.66,1137.85
2020-05-09 18:00:00,20.02,1151.61
2020-05-09 19:00:00,19.08,1162.48
2020-05-09 20:00:00,17.06,1134.96
2020-05-09 21:00:00,16.82,1219.12
2020-05-09 22:00:00,15.79,1167.34
2020-05-09 23:00:00,16.66,1142.69
2020-05-10 00:00:00,16.77,1061.16
2020-05-10 01:00:00,18.6,1043.49
2020-05-10 02:00:00,18.88,1013.69
2020-05-10 03:00:00,19.28,996.25
2020-05-10 04:00:00,18.98,983.77
2020-05-10 05:00:00,20.58,1093.54
2020-05-10 06:00:00,21.33,1127.36
2020-05-10 07:00:00,20.49,1081.61
2020-05-10 08:00:00,22.17,1138.08
2020-05-10 09:00:00,23.08,1175.75
2020-05-10 10:00:00,24.26,1122.76
2020-05-10 11:00:00,25.35,1053.22
2020-05-10 12:00:00,25.0,1009.8
2020-05-10 13:00:00,24.06,993.02
2020-05-10 14:00:00,24.44,1034.62
2020-05-10 15:00:00,23.13,1063.14
2020-05-10 16:00:00,22.29,1111.64
2020-05-10 17:00:00,21.33,1179.4
2020-05-10 18:00:00,21.2,1193.53
2020-05-10 19:00:00,19.74,1186.19
2020-05-10 20:00:00,18.97,1141.47
2020-05-10 21:00:00,18.16,1203.49
2020-05-10 22:00:00,18.06,1198.66
2020-05-10 23:00:00,19.63,1144.05
2020-05-11 00:00:00,18.91,1123.0
2020-05-11 01:00:00,17.99,1115.91
2020-05-11 02:00:00,18.54,1068.2
2020-05-11 03:00:00,19.61,1026.32
2020-05-11 04:00:00,20.99,1031.28
2020-05-11 05:00:00,22.84,1118.39
2020-05-11 06:00:00,26.43,1225.21
2020-05-11 07:00:00,27.77,1296.54
2020-05-11 08:00:00,30.33,1402.18
2020-05-11 09:00:00,32.7,1469.74
2020-05-11 10:00:00,34.13,1463.35
2020-05-11 11:00:00,33.54,1390.32
2020-05-11 12:00:00,34.04,1365.13
2020-05-11 13:00:00,34.36,1335.31
2020-05-11 14:00:00,32.5,1284.57
2020-05-11 15:00:00,32.12,1373.62
2020-05-11 16:00:00,32.06,1411.54
2020-05-11 17:00:00,30.05,1427.66
2020-05-11 18:00:00,29.87,1424.72
2020-05-11 19:00:00,27.53,1415.39
2020-05-11 20:00:00,26.78,1294.23
2020-05-11 21:00:00,24.72,1235.35
2020-05-11 22:00:00,23.67,1158.32
2020-05-11 23:00:00,22.38,1149.19
2020-05-12 00:00:00,21.2,1139.32
2020-05-12 01:00:00,20.99,1085.93
2020-05-12 02:00:00,21.38,1027.12
2020-05-12 03:00:00,21.41,1057.76
2020-05-12 04:00:00,22.26,1084.87
2020-05-12 05:00:00,22.37,1099.34
2020-05-12 06:00:00,23.82,1187.52
2020-05-12 07:00:00,24.12,1250.76
2020-05-12 08:00:00,21.98,1333.45
2020-05-12 09:00:00,23.43,1348.02
2020-05-12 10:00:00,22.03,1269.93
2020-05-12 11:00:00,23.8,1246.14
2020-05-12 12:00:00,25.64,1205.7
2020-05-12 13:00:00,25.66,1201.71
2020-05-12 14:00:00,23.83,1197.97
2020-05-12 15:00:00,23.13,1219.24
2020-05-12 16:00:00,22.24,1264.38
2020-05-12 17:00:00,19.94,1251.9
2020-05-12 18:00:00,18.81,1348.11
2020-05-12 19:00:00,18.1,1416.84
2020-05-12 20:00:00,18.65,1288.99
2020-05-12 21:00:00,17.61,1325.96
2020-05-12 22:00:00,16.63,1206.03
2020-05-12 23:00:00,15.85,1232.84
2020-05-13 00:00:00,15.23,1111.04
2020-05-13 01:00:00,13.48,1097.31
2020-05-13 02:00:00,15.03,1070.72
2020-05-13 03:00:00,14.87,1008.32
2020-05-13 04:00:00,16.36,1062.41
2020-05-13 05:00:00,17.02,1133.68
2020-05-13 06:00:00,18.21,1170.55
2020-05-13 07:00:00,18.74,1281.8
2020-05-13 08:00:00,19.86,1314.06
2020-05-13 09:00:00,19.88,1332.39
2020-05-13 10:00:00,18.9,1273.77
2020-05-13 11:00:00,20.29,1227.63
2020-05-13 12:00:00,20.78,1216.98
2020-05-13 13:00:00,20.07,
2020-05-13 14:00:00,18.35,1212.03
2020-05-13 15:00:00,18.65,1232.39
2020-05-13 16:00:00,17.93,1277.18
2020-05-13 17:00:00,16.97,1319.05
2020-05-13 18:00:00,15.85,1365.71
2020-05-13 19:00:00,16.42,1371.38
2020-05-13 20:00:00,15.25,1363.75
2020-05-13 21:00:00,14.1,1275.64
2020-05-13 22:00:00,12.96,1238.79
2020-05-13 23:00:00,14.48,1175.07
2020-05-14 00:00:00,14.24,1152.59
2020-05-14 01:00:00,15.82,1100.62
2020-05-14 02:00:00,16.41,1090.98
2020-05-14 03:00:00,17.37,1027.91
2020-05-14 04:00:00,18.48,1031.36
2020-05-14 05:00:00,19.17,1105.3
2020-05-14 06:00:00,20.51,1184.51
2020-05-14 07:00:00,20.24,1277.28
2020-05-14 08:00:00,20.36,1327.83
2020-05-14 09:00:00,20.99,1327.51
2020-05-14 10:00:00,22.36,1269.54
2020-05-14 11:00:00,21.84,1225.99
2020-05-14 12:00:00,20.54,1206.73
2020-05-14 13:00:00,20.1,1159.25
2020-05-14 14:00:00,18.56,1186.77
2020-05-14 15:00:00,17.96,1205.76
2020-05-14 16:00:00,17.69,1338.97
2020-05-14 17:00:00,18.35,1394.51
2020-05-14 18:00:00,17.84,1418.13
2020-05-14 19:00:00,16.07,1359.14
2020-05-14 20:00:00,17.07,1356.46
2020-05-14 21:00:00,15.94,
2020-05-14 22:00:00,16.77,1247.15
2020-05-14 23:00:00,15.56,1151.79
2020-05-15 00:00:00,15.12,1133.32
2020-05-15 01:00:00,15.42,1070.91
2020-05-15 02:00:00,16.13,1059.21
2020-05-15 03:00:00,15.73,1075.53
2020-05-15 04:00:00,16.9,1080.39
2020-05-15 05:00:00,17.61,1177.7
2020-05-15 06:00:00,18.77,1210.31
2020-05-15 07:00:00,19.83,1239.05
2020-05-15 08:00:00,20.73,1335.56
2020-05-15 09:00:00,21.76,1299.33
2020-05-15 10:00:00,23.27,1309.22
2020-05-15 11:00:00,24.51,1234.23
2020-05-15 12:00:00,25.94,1203.6
2020-05-15 13:00:00,25.6,1183.58
2020-05-15 14:00:00,25.24,
2020-05-15 15:00:00,24.04,1193.26
2020-05-15 16:00:00,22.19,1285.86
2020-05-15 17:00:00,21.29,1369.97
2020-05-15 18:00:00,22.32,1380.95
2020-05-15 19:00:00,21.62,1388.17
2020-05-15 20:00:00,19.69,1299.1
2020-05-15 21:00:00,20.09,1286.7
2020-05-15 22:00:00,19.35,1241.38
2020-05-15 23:00:00,18.37,1176.7
2020-05-16 00:00:00,17.91,1070.06
2020-05-16 01:00:00,17.03,1050.53
2020-05-16 02:00:00,17.16,997.68
2020-05-16 03:00:00,17.19,985.07
2020-05-16 04:00:00,17.08,1045.63
2020-05-16 05:00:00,18.49,1076.66
2020-05-16 06:00:00,20.55,1154.51
2020-05-16 07:00:00,22.9,1083.48
2020-05-16 08:00:00,23.47,1161.29
2020-05-16 09:00:00,25.19,1181.5
2020-05-16 10:00:00,25.07,1117.48
2020-05-16 11:00:00,25.74,1025.46
2020-05-16 12:00:00,25.17,1006.87
2020-05-16 13:00:00,24.41,1005.67
2020-05-16 14:00:00,26.41,1048.98
2020-05-16 15:00:00,24.79,1049.91
2020-05-16 16:00:00,22.88,1117.48
2020-05-16 17:00:00,21.92,1187.55
2020-05-16 18:00:00,20.96,1178.39
2020-05-16 19:00:00,18.38,1222.36
2020-05-16 20:00:00,16.87,1144.03
2020-05-16 21:00:00,14.73,1242.08
2020-05-16 22:00:00,14.88,1179.1
2020-05-16 23:00:00,13.49,1126.74
2020-05-17 00:00:00,15.89,1090.25
2020-05-17 01:00:00,16.26,1039.83
2020-05-17 02:00:00,16.19,1026.36
2020-05-17 03:00:00,16.09,1014.1
2020-05-17 04:00:00,16.96,1018.02
2020-05-17 05:00:00,19.49,1090.11
2020-05-17 06:00:00,20.9,1155.92
2020-05-17 07:00:00,23.86,1095.93
2020-05-17 08:00:00,25.32,1176.07
2020-05-17 09:00:00,25.5,1165.32
2020-05-17 10:00:00,26.54,1110.18
2020-05-17 11:00:00,26.64,1092.26
2020-05-17 12:00:00,26.92,1024.14
2020-05-17 13:00:00,24.83,1014.24
2020-05-17 14:00:00,24.7,1027.93
2020-05-17 15:00:00,24.13,1011.59
2020-05-17 16:00:00,21.93,1111.72
2020-05-17 17:00:00,22.09,1133.75
2020-05-17 18:00:00,20.63,1108.39
2020-05-17 19:00:00,19.9,1200.66
2020-05-17 20:00:00,19.65,1148.79
2020-05-17 21:00:00,15.87,1201.51
2020-05-17 22:00:00,15.59,1170.17
2020-05-17 23:00:00,15.85,1117.16
2020-05-18 00:00:00,16.29,1129.86
2020-05-18 01:00:00,15.25,1093.7
2020-05-18 02:00:00,14.98,1069.68
2020-05-18 03:00:00,16.59,1020.16
2020-05-18 04:00:00,16.86,1066.35
2020-05-18 05:00:00,18.0,1091.49
2020-05-18 06:00:00,17.03,1208.46
2020-05-18 07:00:00,18.82,1275.62
2020-05-18 08:00:00,20.21,1309.04
2020-05-18 09:00:00,23.01,1328.78
2020-05-18 10:00:00,22.59,1262.74
2020-05-18 11:00:00,23.2,1236.67
2020-05-18 12:00:00,22.94,1208.59
2020-05-18 13:00:00,23.4,1176.12
2020-05-18 14:00:00,23.8,1188.81
2020-05-18 15:00:00,22.66,1234.24
2020-05-18 16:00:00,21.68,1274.73
2020-05-18 17:00:00,22.2,1342.93
2020-05-18 18:00:00,19.57,1352.01
2020-05-18 19:00:00,17.88,1380.86
2020-05-18 20:00:00,16.92,1282.17
2020-05-18 21:00:00,18.08,1306.96
2020-05-18 22:00:00,18.57,1201.01
2020-05-18 23:00:00,17.04,1183.65
2020-05-19 00:00:00,16.2,1121.1
2020-05-19 01:00:00,16.11,1083.86
2020-05-19 02:00:00,16.24,1060.8
2020-05-19 03:00:00,16.19,1065.74
2020-05-19 04:00:00,17.3,1080.48
2020-05-19 05:00:00,17.55,1114.14
2020-05-19 06:00:00,19.5,1209.5
2020-05-19 07:00:00,20.41,1282.03
2020-05-19 08:00:00,21.5,1303.13
2020-05-19 09:00:00,21.8,1329.09
2020-05-19 10:00:00,22.99,1259.24
2020-05-19 11:00:00,24.0,1193.52
2020-05-19 12:00:00,25.66,1203.9
2020-05-19 13:00:00,23.8,1160.17
2020-05-19 14:00:00,24.48,1216.2
2020-05-19 15:00:00,24.89,1231.47
2020-05-19 16:00:00,24.72,1249.66
2020-05-19 17:00:00,24.73,1307.48
2020-05-19 18:00:00,23.19,1409.5
2020-05-19 19:00:00,22.35,1346.54
2020-05-19 20:00:00,21.14,1359.05
2020-05-19 21:00:00,18.87,1326.29
2020-05-19 22:00:00,16.84,1215.45
2020-05-19 23:00:00,17.8,1186.17
2020-05-20 00:00:00,18.35,1120.15
2020-05-20 01:00:00,18.97,1074.27
2020-05-20 02:00:00,18.88,1050.23
2020-05-20 03:00:00,19.42,1011.97
2020-05-20 04:00:00,19.77,1103.31
2020-05-20 05:00:00,22.71,1125.55
2020-05-20 06:00:00,23.08,1191.06
2020-05-20 07:00:00,22.9,1240.72
2020-05-20 08:00:00,23.22,1324.36
2020-05-20 09:00:00,22.9,1349.36
2020-05-20 10:00:00,22.47,1282.91
2020-05-20 11:00:00,23.63,1202.28
2020-05-20 12:00:00,24.52,1209.84
2020-05-20 13:00:00,23.74,1171.74
2020-05-20 14:00:00,22.26,1176.35
2020-05-20 15:00:00,21.34,1219.29
2020-05-20 16:00:00,20.37,1239.84
2020-05-20 17:00:00,18.95,1327.02
2020-05-20 18:00:00,17.77,1396.59
2020-05-20 19:00:00,15.31,1355.85
2020-05-20 20:00:00,13.59,1334.33
2020-05-20 21:00:00,12.92,1277.41
2020-05-20 22:00:00,11.69,1226.9
2020-05-20 23:00:00,12.52,1230.14
2020-05-21 00:00:00,14.05,1106.62
2020-05-21 01:00:00,12.89,1104.31
2020-05-21 02:00:00,13.79,1048.5
2020-05-21 03:00:00,14.18,1028.35
2020-05-21 04:00:00,15.29,1077.61
2020-05-21 05:00:00,18.21,1079.63
2020-05-21 06:00:00,16.79,1213.17
2020-05-21 07:00:00,17.78,1240.04
2020-05-21 08:00:00,17.36,1313.45
2020-05-21 09:00:00,19.82,1347.64
2020-05-21 10:00:00,22.75,1295.53
2020-05-21 11:00:00,23.81,1220.57
2020-05-21 12:00:00,23.06,1188.86
2020-05-21 13:00:00,24.61,1189.04
2020-05-21 14:00:00,24.6,1232.62
2020-05-21 15:00:00,25.67,1198.32
2020-05-21 16:00:00,24.18,1325.53
2020-05-21 17:00:00,23.15,1338.21
2020-05-21 18:00:00,22.3,1367.05
2020-05-21 19:00:00,20.82,1373.31
2020-05-21 20:00:00,19.34,1405.51
2020-05-21 21:00:00,16.81,1267.9
2020-05-21 22:00:00,16.96,1220.05
2020-05-21 23:00:00,17.23,1175.22
2020-05-22 00:00:00,18.51,1141.35
2020-05-22 01:00:00,18.52,1026.36
2020-05-22 02:00:00,18.76,1072.64
2020-05-22 03:00:00,19.08,1058.87
2020-05-22 04:00:00,20.03,1044.5
2020-05-22 05:00:00,22.58,1146.91
2020-05-22 06:00:00,22.84,1196.88
2020-05-22 07:00:00,24.64,1267.34
2020-05-22 08:00:00,25.68,1328.36
2020-05-22 09:00:00,26.54,1365.7
2020-05-22 10:00:00,27.15,1310.91
2020-05-22 11:00:00,28.42,1266.05
2020-05-22 12:00:00,28.16,1257.44
2020-05-22 13:00:00,28.31,1267.61
2020-05-22 14:00:00,28.62,1229.03
2020-05-22 15:00:00,28.09,
2020-05-22 16:00:00,27.49,1339.68
2020-05-22 17:00:00,25.65,1356.0
2020-05-22 18:00:00,26.29,1432.16
2020-05-22 19:00:00,25.79,1376.72
2020-05-22 20:00:00,23.39,1334.17
2020-05-22 21:00:00,22.0,1260.95
2020-05-22 22:00:00,20.78,1225.52
2020-05-22 23:00:00,20.31,1176.9
2020-05-23 00:00:00,18.74,1055.29
2020-05-23 01:00:00,19.52,1048.29
2020-05-23 02:00:00,20.24,998.09
2020-05-23 03:00:00,23.37,1013.17
2020-05-23 04:00:00,22.12,1032.0
2020-05-23 05:00:00,21.13,1066.46
2020-05-23 06:00:00,23.41,1166.3
2020-05-23 07:00:00,24.61,1088.01
2020-05-23 08:00:00,26.76,1173.03
2020-05-23 09:00:00,26.57,1165.47
2020-05-23 10:00:00,29.54,1197.32
2020-05-23 11:00:00,28.62,1109.31
2020-05-23 12:00:00,28.12,1067.2
2020-05-23 13:00:00,27.02,1050.93
2020-05-23 14:00:00,27.18,1006.54
2020-05-23 15:00:00,24.95,1061.19
2020-05-23 16:00:00,23.66,1064.32
2020-05-23 17:00:00,22.79,1142.71
2020-05-23 18:00:00,22.51,1159.99
2020-05-23 19:00:00,21.63,1189.77
2020-05-23 20:00:00,19.92,1106.65
2020-05-23 21:00:00,19.4,1218.29
2020-05-23 22:00:00,19.62,1193.77
2020-05-23 23:00:00,19.4,1137.65
2020-05-24 00:00:00,18.32,1011.12
2020-05-24 01:00:00,19.58,993.13
2020-05-24 02:00:00,18.94,954.96
2020-05-24 03:00:00,19.28,942.97
2020-05-24 04:00:00,20.02,964.94
2020-05-24 05:00:00,19.48,1034.65
2020-05-24 06:00:00,19.48,1107.11
2020-05-24 07:00:00,22.02,996.11
2020-05-24 08:00:00,22.6,1020.11
2020-05-24 09:00:00,23.7,1064.27
2020-05-24 10:00:00,24.98,994.19
2020-05-24 11:00:00,27.67,952.73
2020-05-24 12:00:00,27.52,931.16
2020-05-24 13:00:00,26.56,885.01
2020-05-24 14:00:00,26.68,920.48
2020-05-24 15:00:00,25.48,916.01
2020-05-24 16:00:00,25.13,939.17
2020-05-24 17:00:00,23.01,1062.85
2020-05-24 18:00:00,21.21,1099.81
2020-05-24 19:00:00,20.25,1109.09
2020-05-24 20:00:00,18.68,1058.68
2020-05-24 21:00:00,19.41,1169.05
2020-05-24 22:00:00,18.96,1134.99
2020-05-24 23:00:00,16.91,1097.36
2020-05-25 00:00:00,15.98,1009.14
2020-05-25 01:00:00,16.11,
2020-05-25 02:00:00,15.99,912.87
2020-05-25 03:00:00,19.24,914.62
2020-05-25 04:00:00,21.34,932.11
2020-05-25 05:00:00,20.29,977.23
2020-05-25 06:00:00,22.51,1078.75
2020-05-25 07:00:00,24.0,912.53
2020-05-25 08:00:00,25.37,979.73
2020-05-25 09:00:00,25.72,998.97
2020-05-25 10:00:00,26.83,
2020-05-25 11:00:00,25.54,
2020-05-25 12:00:00,26.11,860.9
2020-05-25 13:00:00,26.0,844.58
2020-05-25 14:00:00,26.49,880.06
2020-05-25 15:00:00,25.34,840.25
2020-05-25 16:00:00,25.17,
2020-05-25 17:00:00,23.36,
2020-05-25 18:00:00,24.37,997.42
2020-05-25 19:00:00,24.84,1063.05
2020-05-25 20:00:00,23.93,980.54
2020-05-25 21:00:00,25.14,
2020-05-25 22:00:00,23.96,1117.33
2020-05-25 23:00:00,24.52,
2020-05-26 00:00:00,26.24,1104.55
2020-05-26 01:00:00,26.2,1082.01
2020-05-26 02:00:00,27.61,995.34
2020-05-26 03:00:00,28.43,1058.4
2020-05-26 04:00:00,30.52,1083.9
2020-05-26 05:00:00,31.53,1183.34
2020-05-26 06:00:00,31.58,1237.36
2020-05-26 07:00:00,32.52,1263.06
2020-05-26 08:00:00,33.8,1360.29
2020-05-26 09:00:00,34.59,1401.1
2020-05-26 10:00:00,36.25,1406.68
2020-05-26 11:00:00,36.78,1357.96
2020-05-26 12:00:00,35.75,1228.87
2020-05-26 13:00:00,36.78,1305.77
2020-05-26 14:00:00,35.16,1289.38
2020-05-26 15:00:00,33.42,1335.62
2020-05-26 16:00:00,33.65,1322.62
2020-05-26 17:00:00,31.84,1367.8
2020-05-26 18:00:00,29.2,1291.63
2020-05-26 19:00:00,26.57,1291.96
2020-05-26 20:00:00,25.45,1227.83
2020-05-26 21:00:00,24.97,1221.25
2020-05-26 22:00:00,24.36,1158.65
2020-05-26 23:00:00,23.82,1114.58
2020-05-27 00:00:00,23.52,1143.17
2020-05-27 01:00:00,24.18,
2020-05-27 02:00:00,22.54,1096.92
2020-05-27 03:00:00,20.91,1034.83
2020-05-27 04:00:00,21.42,1066.27
2020-05-27 05:00:00,23.54,1103.62
2020-05-27 06:00:00,22.51,1201.13
2020-05-27 07:00:00,24.11,1292.45
2020-05-27 08:00:00,23.18,1303.67
2020-05-27 09:00:00,25.03,1334.91
2020-05-27 10:00:00,24.69,1313.49
2020-05-27 11:00:00,26.09,1221.5
2020-05-27 12:00:00,26.73,1209.93
2020-05-27 13:00:00,26.4,1221.52
2020-05-27 14:00:00,25.2,
2020-05-27 15:00:00,25.83,1202.21
2020-05-27 16:00:00,23.41,
2020-05-27 17:00:00,22.4,1355.94
2020-05-27 18:00:00,20.3,1422.45
2020-05-27 19:00:00,20.02,1372.54
2020-05-27 20:00:00,17.94,1328.89
2020-05-27 21:00:00,17.4,
2020-05-27 22:00:00,16.76,1218.48
2020-05-27 23:00:00,17.25,1206.65
2020-05-28 00:00:00,16.26,1146.16
2020-05-28 01:00:00,18.07,1081.32
2020-05-28 02:00:00,18.09,1087.81
2020-05-28 03:00:00,18.43,1014.64
2020-05-28 04:00:00,18.37,1059.87
2020-05-28 05:00:00,19.5,1140.05
2020-05-28 06:00:00,20.02,1167.29
2020-05-28 07:00:00,20.78,1267.53
2020-05-28 08:00:00,22.32,1313.31
2020-05-28 09:00:00,24.27,1326.74
2020-05-28 10:00:00,24.84,1339.88
2020-05-28 11:00:00,24.18,1261.03
2020-05-28 12:00:00,24.94,1206.34
2020-05-28 13:00:00,25.16,1191.59
2020-05-28 14:00:00,23.76,1155.12
2020-05-28 15:00:00,22.16,1204.57
2020-05-28 16:00:00,22.92,1301.92
2020-05-28 17:00:00,23.03,1335.06
2020-05-28 18:00:00,21.44,1334.95
2020-05-28 19:00:00,20.39,1426.62
2020-05-28 20:00:00,18.45,1371.65
2020-05-28 21:00:00,17.99,1287.64
2020-05-28 22:00:00,17.35,1226.3
2020-05-28 23:00:00,15.35,1195.04
2020-05-29 00:00:00,15.0,1130.97
2020-05-29 01:00:00,16.91,1100.13
2020-05-29 02:00:00,17.25,1050.7
2020-05-29 03:00:00,18.58,1042.43
2020-05-29 04:00:00,20.22,1048.47
2020-05-29 05:00:00,22.35,1123.87
2020-05-29 06:00:00,24.76,1183.0
2020-05-29 07:00:00,26.68,1299.82
2020-05-29 08:00:00,27.93,1386.38
2020-05-29 09:00:00,28.95,1382.07
2020-05-29 10:00:00,27.57,1294.64
2020-05-29 11:00:00,27.62,1258.21
2020-05-29 12:00:00,26.96,1205.91
2020-05-29 13:00:00,26.16,1170.77
2020-05-29 14:00:00,25.94,
2020-05-29 15:00:00,25.63,1216.98
2020-05-29 16:00:00,25.44,1274.79
2020-05-29 17:00:00,25.01,1304.82
2020-05-29 18:00:00,24.69,1371.15
2020-05-29 19:00:00,22.46,1383.0
2020-05-29 20:00:00,21.73,1335.13
2020-05-29 21:00:00,21.67,1329.01
2020-05-29 22:00:00,20.78,1239.74
2020-05-29 23:00:00,22.54,1199.55
2020-05-30 00:00:00,23.32,1077.58
2020-05-30 01:00:00,23.94,
2020-05-30 02:00:00,25.55,1017.77
2020-05-30 03:00:00,24.59,981.16
2020-05-30 04:00:00,25.28,1006.48
2020-05-30 05:00:00,25.06,1060.76
2020-05-30 06:00:00,26.75,1134.87
2020-05-30 07:00:00,25.92,1106.64
2020-05-30 08:00:00,28.6,1187.97
2020-05-30 09:00:00,29.91,1173.07
2020-05-30 10:00:00,29.63,1158.39
2020-05-30 11:00:00,29.27,1113.09
2020-05-30 12:00:00,28.32,1061.87
2020-05-30 13:00:00,28.35,1033.16
2020-05-30 14:00:00,27.28,1038.54
2020-05-30 15:00:00,27.03,1078.28
2020-05-30 16:00:00,27.45,1149.0
2020-05-30 17:00:00,27.69,1169.84
2020-05-30 18:00:00,26.61,1175.9
2020-05-30 19:00:00,24.99,1185.77
2020-05-30 20:00:00,24.54,1160.06
2020-05-30 21:00:00,24.07,1237.24
2020-05-30 22:00:00,23.12,1179.41
2020-05-30 23:00:00,23.76,1099.59
2020-05-31 00:00:00,23.31,1091.73
2020-05-31 01:00:00,22.4,1020.15
2020-05-31 02:00:00,23.06,972.47
2020-05-31 03:00:00,23.42,982.07
2020-05-31 04:00:00,25.91,1012.79
2020-05-31 05:00:00,26.84,1081.66
2020-05-31 06:00:00,28.91,1198.42
2020-05-31 07:00:00,29.33,1110.21
2020-05-31 08:00:00,30.39,1233.18
2020-05-31 09:00:00,31.13,1231.03
2020-05-31 10:00:00,32.28,1231.86
2020-05-31 11:00:00,31.31,1137.62
2020-05-31 12:00:00,30.99,1092.46
2020-05-31 13:00:00,29.48,1074.63
2020-05-31 14:00:00,28.05,1049.19
2020-05-31 15:00:00,27.01,1068.83
2020-05-31 16:00:00,26.47,
2020-05-31 17:00:00,26.55,1176.86
2020-05-31 18:00:00,27.07,1207.51
2020-05-31 19:00:00,25.02,1178.2
2020-05-31 20:00:00,23.82,1148.59
2020-05-31 21:00:00,24.44,1200.21
2020-05-31 22:00:00,25.05,1179.01
2020-05-31 23:00:00,24.62,1135.89
2020-06-01 00:00:00,24.76,1154.27
2020-06-01 01:00:00,23.31,1113.17
2020-06-01 02:00:00,25.53,1060.47
2020-06-01 03:00:00,26.92,1060.46
2020-06-01 04:00:00,28.33,1121.28
2020-06-01 05:00:00,29.58,1161.04
2020-06-01 06:00:00,30.55,1292.66
2020-06-01 07:00:00,32.0,1395.51
2020-06-01 08:00:00,32.65,1477.57
2020-06-01 09:00:00,33.88,1436.57
2020-06-01 10:00:00,34.78,1411.47
2020-06-01 11:00:00,36.49,1456.05
2020-06-01 12:00:00,36.29,1414.51
2020-06-01 13:00:00,36.09,1416.49
2020-06-01 14:00:00,35.84,1437.4
2020-06-01 15:00:00,35.54,1430.57
2020-06-01 16:00:00,34.85,1459.56
2020-06-01 17:00:00,33.35,1496.95
2020-06-01 18:00:00,32.09,1516.19
2020-06-01 19:00:00,30.24,1447.1
2020-06-01 20:00:00,28.05,1395.93
2020-06-01 21:00:00,26.55,1282.94
2020-06-01 22:00:00,26.56,1233.92
2020-06-01 23:00:00,23.82,1199.27
2020-06-02 00:00:00,24.15,1123.83
2020-06-02 01:00:00,26.48,1107.27
2020-06-02 02:00:00,26.39,1085.08
2020-06-02 03:00:00,26.56,1034.48
2020-06-02 04:00:00,28.35,1081.63
2020-06-02 05:00:00,28.66,1151.32
2020-06-02 06:00:00,29.64,1257.36
2020-06-02 07:00:00,29.33,1304.7
2020-06-02 08:00:00,29.53,1364.61
2020-06-02 09:00:00,29.24,1371.22
2020-06-02 10:00:00,31.0,1360.98
2020-06-02 11:00:00,30.93,1353.95
2020-06-02 12:00:00,30.48,1310.43
2020-06-02 13:00:00,31.78,1293.34
2020-06-02 14:00:00,30.66,1306.15
2020-06-02 15:00:00,31.06,1356.82
2020-06-02 16:00:00,30.35,1380.19
2020-06-02 17:00:00,28.83,1374.06
2020-06-02 18:00:00,28.5,1416.03
2020-06-02 19:00:00,26.75,1385.04
2020-06-02 20:00:00,28.34,1395.05
2020-06-02 21:00:00,26.09,1303.64
2020-06-02 22:00:00,23.43,1256.75
2020-06-02 23:00:00,23.02,1188.44
2020-06-03 00:00:00,23.52,1122.04
2020-06-03 01:00:00,23.47,1089.26
2020-06-03 02:00:00,23.91,1045.33
2020-06-03 03:00:00,24.81,1070.12
2020-06-03 04:00:00,26.22,1069.84
2020-06-03 05:00:00,25.8,1162.71
2020-06-03 06:00:00,26.57,1184.06
2020-06-03 07:00:00,28.9,1320.97
2020-06-03 08:00:00,30.6,1391.61
2020-06-03 09:00:00,31.84,1470.91
2020-06-03 10:00:00,31.41,1412.74
2020-06-03 11:00:00,32.69,1339.57
2020-06-03 12:00:00,32.33,1302.2
2020-06-03 13:00:00,32.71,1372.93
2020-06-03 14:00:00,32.11,1304.6
2020-06-03 15:00:00,31.31,1324.42
2020-06-03 16:00:00,31.96,1385.77
2020-06-03 17:00:00,31.46,1430.25
2020-06-03 18:00:00,31.74,1409.05
2020-06-03 19:00:00,32.4,
2020-06-03 20:00:00,31.89,1392.75
2020-06-03 21:00:00,30.65,1314.3
2020-06-03 22:00:00,29.66,1263.18
2020-06-03 23:00:00,29.18,1239.69
2020-06-04 00:00:00,29.36,1168.3
2020-06-04 01:00:00,27.93,1129.33
2020-06-04 02:00:00,29.26,1100.3
2020-06-04 03:00:00,30.55,1082.08
2020-06-04 04:00:00,30.29,1119.58
2020-06-04 05:00:00,30.44,1240.13
2020-06-04 06:00:00,32.2,1294.94
2020-06-04 07:00:00,32.56,1422.73
2020-06-04 08:00:00,33.73,1523.8
2020-06-04 09:00:00,34.21,1470.22
2020-06-04 10:00:00,33.61,1425.95
2020-06-04 11:00:00,33.51,1376.8
2020-06-04 12:00:00,34.13,1336.47
2020-06-04 13:00:00,34.58,1362.65
2020-06-04 14:00:00,34.71,1363.34
2020-06-04 15:00:00,33.12,1378.66
2020-06-04 16:00:00,31.42,
2020-06-04 17:00:00,29.03,1347.08
2020-06-04 18:00:00,27.95,1449.58
2020-06-04 19:00:00,27.25,1410.7
2020-06-04 20:00:00,25.26,1347.67
2020-06-04 21:00:00,25.23,1312.04
2020-06-04 22:00:00,25.16,1276.45
2020-06-04 23:00:00,24.56,1185.7
2020-06-05 00:00:00,25.54,1138.49
2020-06-05 01:00:00,26.43,1127.6
2020-06-05 02:00:00,25.3,
2020-06-05 03:00:00,25.26,1076.49
2020-06-05 04:00:00,25.35,1071.21
2020-06-05 05:00:00,25.93,1123.92
2020-06-05 06:00:00,25.76,1189.95
2020-06-05 07:00:00,26.61,1258.49
2020-06-05 08:00:00,27.67,1369.21
2020-06-05 09:00:00,29.55,1384.97
2020-06-05 10:00:00,28.96,1344.74
2020-06-05 11:00:00,30.1,1353.25
2020-06-05 12:00:00,30.5,1302.39
2020-06-05 13:00:00,30.41,1278.08
2020-06-05 14:00:00,31.03,1273.62
2020-06-05 15:00:00,30.77,1298.33
2020-06-05 16:00:00,30.54,1370.22
2020-06-05 17:00:00,30.11,1401.44
2020-06-05 18:00:00,27.51,1421.56
2020-06-05 19:00:00,26.29,1402.14
2020-06-05 20:00:00,25.24,1404.48
2020-06-05 21:00:00,24.16,1292.22
2020-06-05 22:00:00,25.22,1234.3
2020-06-05 23:00:00,25.5,1220.72
2020-06-06 00:00:00,23.81,1083.71
2020-06-06 01:00:00,21.83,1039.44
2020-06-06 02:00:00,21.1,1009.79
2020-06-06 03:00:00,19.87,1012.6
2020-06-06 04:00:00,20.73,1020.03
2020-06-06 05:00:00,22.19,1073.72
2020-06-06 06:00:00,24.79,1152.01
2020-06-06 07:00:00,27.2,1109.95
2020-06-06 08:00:00,29.87,1222.19
2020-06-06 09:00:00,31.87,1265.39
2020-06-06 10:00:00,33.87,1232.77
2020-06-06 11:00:00,34.97,1249.34
2020-06-06 12:00:00,33.66,1174.0
2020-06-06 13:00:00,33.74,1204.51
2020-06-06 14:00:00,32.64,1158.67
2020-06-06 15:00:00,30.44,1123.1
2020-06-06 16:00:00,29.09,1153.37
2020-06-06 17:00:00,28.42,1230.29
2020-06-06 18:00:00,28.57,1254.03
2020-06-06 19:00:00,27.63,1177.76
2020-06-06 20:00:00,27.02,
2020-06-06 21:00:00,25.65,1276.84
2020-06-06 22:00:00,22.87,1207.46
2020-06-06 23:00:00,23.28,1150.8
2020-06-07 00:00:00,23.47,1076.23
2020-06-07 01:00:00,21.74,1027.31
2020-06-07 02:00:00,23.0,1022.87
2020-06-07 03:00:00,23.28,1008.81
2020-06-07 04:00:00,26.09,1010.89
2020-06-07 05:00:00,26.91,1065.74
2020-06-07 06:00:00,27.14,1164.32
2020-06-07 07:00:00,29.79,1150.83
2020-06-07 08:00:00,28.54,1226.09
2020-06-07 09:00:00,28.98,1178.6
2020-06-07 10:00:00,28.94,1185.1
2020-06-07 11:00:00,30.31,1148.84
2020-06-07 12:00:00,31.22,1103.46
2020-06-07 13:00:00,30.63,1130.48
2020-06-07 14:00:00,30.42,1128.27
2020-06-07 15:00:00,30.15,1118.67
2020-06-07 16:00:00,27.71,1149.7
2020-06-07 17:00:00,24.96,1156.67
2020-06-07 18:00:00,22.5,1242.65
2020-06-07 19:00:00,20.71,1183.72
2020-06-07 20:00:00,18.86,1229.15
2020-06-07 21:00:00,17.21,1281.21
2020-06-07 22:00:00,15.98,1158.81
2020-06-07 23:00:00,17.86,1131.74
2020-06-08 00:00:00,17.89,1134.58
2020-06-08 01:00:00,17.2,1105.16
2020-06-08 02:00:00,19.51,1060.47
2020-06-08 03:00:00,19.65,1054.45
2020-06-08 04:00:00,21.11,1052.04
2020-06-08 05:00:00,20.09,1114.79
2020-06-08 06:00:00,22.06,1213.65
2020-06-08 07:00:00,23.31,1273.18
2020-06-08 08:00:00,23.64,1335.81
2020-06-08 09:00:00,23.29,1335.39
2020-06-08 10:00:00,25.54,1310.27
2020-06-08 11:00:00,28.79,1292.87
2020-06-08 12:00:00,28.22,1249.44
2020-06-08 13:00:00,28.28,1216.55
2020-06-08 14:00:00,27.44,1214.17
2020-06-08 15:00:00,26.1,1260.95
2020-06-08 16:00:00,24.37,1269.33
2020-06-08 17:00:00,23.76,1315.69
2020-06-08 18:00:00,23.42,1387.25
2020-06-08 19:00:00,21.88,1418.28
2020-06-08 20:00:00,18.89,1326.82
2020-06-08 21:00:00,16.28,1312.77
2020-06-08 22:00:00,17.95,1293.93
2020-06-08 23:00:00,17.19,1207.55
2020-06-09 00:00:00,18.26,1125.8
2020-06-09 01:00:00,19.42,1102.25
2020-06-09 02:00:00,19.94,1063.21
2020-06-09 03:00:00,20.78,1068.59
2020-06-09 04:00:00,20.77,1046.04
2020-06-09 05:00:00,23.06,1105.65
2020-06-09 06:00:00,22.59,1224.67
2020-06-09 07:00:00,24.27,1271.7
2020-06-09 08:00:00,25.18,1343.15
2020-06-09 09:00:00,25.68,1334.03
2020-06-09 10:00:00,24.38,1265.5
2020-06-09 11:00:00,24.8,1246.68
2020-06-09 12:00:00,25.43,1209.94
2020-06-09 13:00:00,23.77,1184.91
2020-06-09 14:00:00,25.3,1155.29
2020-06-09 15:00:00,25.0,1286.5
2020-06-09 16:00:00,25.32,1288.02
2020-06-09 17:00:00,23.41,1382.71
2020-06-09 18:00:00,22.47,1392.55
2020-06-09 19:00:00,22.13,1425.53
2020-06-09 20:00:00,20.91,
2020-06-09 21:00:00,18.94,1293.83
2020-06-09 22:00:00,16.5,1212.03
2020-06-09 23:00:00,15.76,1197.48
2020-06-10 00:00:00,15.14,1158.65
2020-06-10 01:00:00,15.98,1081.2
2020-06-10 02:00:00,14.98,1089.87
2020-06-10 03:00:00,15.61,1057.73
2020-06-10 04:00:00,15.65,1055.3
2020-06-10 05:00:00,15.88,1136.84
2020-06-10 06:00:00,15.23,1196.09
2020-06-10 07:00:00,16.02,1284.22
2020-06-10 08:00:00,15.92,1343.08
2020-06-10 09:00:00,17.98,1363.98
2020-06-10 10:00:00,18.77,1295.68
2020-06-10 11:00:00,20.76,1224.66
2020-06-10 12:00:00,19.9,1178.07
2020-06-10 13:00:00,19.19,1158.92
2020-06-10 14:00:00,19.81,1218.27
2020-06-10 15:00:00,18.92,1285.56
2020-06-10 16:00:00,17.52,1315.66
2020-06-10 17:00:00,17.3,1346.77
2020-06-10 18:00:00,16.87,1361.29
2020-06-10 19:00:00,16.19,1350.9
2020-06-10 20:00:00,15.5,1373.67
2020-06-10 21:00:00,14.35,1291.76
2020-06-10 22:00:00,14.61,1247.57
2020-06-10 23:00:00,15.13,1193.08
2020-06-11 00:00:00,15.0,1120.74
2020-06-11 01:00:00,14.28,1116.27
2020-06-11 02:00:00,12.86,1086.85
2020-06-11 03:00:00,13.72,1092.02
2020-06-11 04:00:00,14.68,1075.17
2020-06-11 05:00:00,15.09,1124.92
2020-06-11 06:00:00,15.42,1214.61
2020-06-11 07:00:00,18.15,1286.87
2020-06-11 08:00:00,19.63,1381.89
2020-06-11 09:00:00,21.46,1326.41
2020-06-11 10:00:00,23.3,1310.11
2020-06-11 11:00:00,24.3,1225.77
2020-06-11 12:00:00,23.69,1229.76
2020-06-11 13:00:00,23.59,1174.16
2020-06-11 14:00:00,24.01,1160.31
2020-06-11 15:00:00,23.96,1212.29
2020-06-11 16:00:00,22.69,1276.16
2020-06-11 17:00:00,21.02,1369.43
2020-06-11 18:00:00,18.8,1371.05
2020-06-11 19:00:00,18.45,1379.01
2020-06-11 20:00:00,17.25,1342.75
2020-06-11 21:00:00,16.46,1314.06
2020-06-11 22:00:00,15.72,1238.39
2020-06-11 23:00:00,15.11,1228.82
2020-06-12 00:00:00,16.77,1159.71
2020-06-12 01:00:00,18.54,1096.47
2020-06-12 02:00:00,17.55,1042.47
2020-06-12 03:00:00,18.66,1027.06
2020-06-12 04:00:00,18.05,1102.63
2020-06-12 05:00:00,19.15,1106.34
2020-06-12 06:00:00,20.75,1196.38
2020-06-12 07:00:00,21.72,1277.69
2020-06-12 08:00:00,21.73,1349.83
2020-06-12 09:00:00,23.39,1339.58
2020-06-12 10:00:00,24.33,1309.24
2020-06-12 11:00:00,23.98,1267.39
2020-06-12 12:00:00,25.94,1210.83
2020-06-12 13:00:00,25.53,1197.87
2020-06-12 14:00:00,25.23,1206.57
2020-06-12 15:00:00,24.22,1252.41
2020-06-12 16:00:00,23.92,1286.66
2020-06-12 17:00:00,21.92,1322.91
2020-06-12 18:00:00,20.4,1417.97
2020-06-12 19:00:00,17.2,1406.61
2020-06-12 20:00:00,15.72,1347.68
2020-06-12 21:00:00,16.18,1320.05
2020-06-12 22:00:00,15.86,1215.77
2020-06-12 23:00:00,16.11,1185.0
2020-06-13 00:00:00,14.91,1100.17
2020-06-13 01:00:00,17.58,1054.11
2020-06-13 02:00:00,16.79,1025.72
2020-06-13 03:00:00,17.67,993.45
2020-06-13 04:00:00,20.47,999.33
2020-06-13 05:00:00,22.12,1073.7
2020-06-13 06:00:00,22.84,1153.32
2020-06-13 07:00:00,23.57,1076.66
2020-06-13 08:00:00,23.89,1141.34
2020-06-13 09:00:00,25.76,1170.51
2020-06-13 10:00:00,26.99,1123.35
2020-06-13 11:00:00,26.7,1085.04
2020-06-13 12:00:00,26.69,1035.95
2020-06-13 13:00:00,26.65,1022.23
2020-06-13 14:00:00,25.82,1009.74
2020-06-13 15:00:00,24.96,1053.64
2020-06-13 16:00:00,23.9,1074.28
2020-06-13 17:00:00,22.94,1172.05
2020-06-13 18:00:00,22.71,1222.86
2020-06-13 19:00:00,20.72,1257.38
2020-06-13 20:00:00,18.73,1147.71
2020-06-13 21:00:00,15.79,1271.07
2020-06-13 22:00:00,14.41,1184.25
2020-06-13 23:00:00,12.9,1153.69
2020-06-14 00:00:00,13.83,1101.22
2020-06-14 01:00:00,12.92,1063.56
2020-06-14 02:00:00,14.14,1010.69
2020-06-14 03:00:00,15.2,1000.57
2020-06-14 04:00:00,16.01,1009.1
2020-06-14 05:00:00,17.33,1079.67
2020-06-14 06:00:00,17.24,
2020-06-14 07:00:00,18.9,1090.5
2020-06-14 08:00:00,20.97,1155.6
2020-06-14 09:00:00,21.43,1205.64
2020-06-14 10:00:00,21.57,1132.34
2020-06-14 11:00:00,21.24,1048.98
2020-06-14 12:00:00,22.2,1007.71
2020-06-14 13:00:00,22.22,1015.58
2020-06-14 14:00:00,22.19,1004.94
2020-06-14 15:00:00,20.13,1043.53
2020-06-14 16:00:00,18.88,1114.94
2020-06-14 17:00:00,18.89,1201.32
2020-06-14 18:00:00,17.18,1211.64
2020-06-14 19:00:00,16.37,1214.67
2020-06-14 20:00:00,15.71,1176.43
2020-06-14 21:00:00,16.2,1265.71
2020-06-14 22:00:00,15.93,1184.29
2020-06-14 23:00:00,16.84,1154.44
2020-06-15 00:00:00,16.27,1156.67
2020-06-15 01:00:00,16.13,
2020-06-15 02:00:00,15.44,1067.86
2020-06-15 03:00:00,15.83,1059.35
2020-06-15 04:00:00,17.55,1080.09
2020-06-15 05:00:00,16.17,1105.61
2020-06-15 06:00:00,17.57,1189.47
2020-06-15 07:00:00,18.8,1317.64
2020-06-15 08:00:00,19.76,1328.43
2020-06-15 09:00:00,21.97,1352.33
2020-06-15 10:00:00,23.98,1296.79
2020-06-15 11:00:00,24.67,1240.96
2020-06-15 12:00:00,25.32,1217.62
2020-06-15 13:00:00,25.98,1256.26
2020-06-15 14:00:00,25.15,1205.9
2020-06-15 15:00:00,24.01,1232.44
2020-06-15 16:00:00,23.78,1257.87
2020-06-15 17:00:00,23.64,1371.78
2020-06-15 18:00:00,20.93,1369.25
2020-06-15 19:00:00,20.76,1426.97
2020-06-15 20:00:00,18.57,1314.24
2020-06-15 21:00:00,17.63,1285.41
2020-06-15 22:00:00,17.18,1238.86
2020-06-15 23:00:00,18.7,1182.93
2020-06-16 00:00:00,20.45,1122.21
2020-06-16 01:00:00,20.69,1106.41
2020-06-16 02:00:00,20.58,1067.35
2020-06-16 03:00:00,20.23,1074.87
2020-06-16 04:00:00,21.09,1088.99
2020-06-16 05:00:00,22.07,1112.38
2020-06-16 06:00:00,25.03,1213.16
2020-06-16 07:00:00,24.51,1279.85
2020-06-16 08:00:00,25.17,1338.81
2020-06-16 09:00:00,25.81,1356.07
2020-06-16 10:00:00,25.46,1284.96
2020-06-16 11:00:00,26.21,1256.69
2020-06-16 12:00:00,27.57,1240.82
2020-06-16 13:00:00,28.23,1244.03
2020-06-16 14:00:00,28.5,1241.29
2020-06-16 15:00:00,28.4,1284.68
2020-06-16 16:00:00,29.02,1321.86
2020-06-16 17:00:00,27.56,1400.02
2020-06-16 18:00:00,26.78,1364.32
2020-06-16 19:00:00,25.42,1384.46
2020-06-16 20:00:00,25.64,1273.63
2020-06-16 21:00:00,25.0,1279.84
2020-06-16 22:00:00,25.77,1266.7
2020-06-16 23:00:00,25.35,1188.67
2020-06-17 00:00:00,25.11,1133.74
2020-06-17 01:00:00,25.09,1095.24
2020-06-17 02:00:00,24.79,1043.56
2020-06-17 03:00:00,25.07,1013.04
2020-06-17 04:00:00,25.46,
2020-06-17 05:00:00,25.88,1121.64
2020-06-17 06:00:00,29.1,1247.31
2020-06-17 07:00:00,29.77,1365.13
2020-06-17 08:00:00,30.85,1424.62
2020-06-17 09:00:00,33.81,1489.94
2020-06-17 10:00:00,33.09,1435.35
2020-06-17 11:00:00,34.51,1409.42
2020-06-17 12:00:00,36.13,1426.22
2020-06-17 13:00:00,36.72,1405.25
2020-06-17 14:00:00,36.17,1457.09
2020-06-17 15:00:00,34.88,1420.24
2020-06-17 16:00:00,32.71,1414.23
2020-06-17 17:00:00,28.93,1394.67
2020-06-17 18:00:00,27.52,1398.93
2020-06-17 19:00:00,26.98,1373.05
2020-06-17 20:00:00,26.15,1386.12
2020-06-17 21:00:00,26.91,1315.98
2020-06-17 22:00:00,26.56,1283.39
2020-06-17 23:00:00,26.09,1226.94
2020-06-18 00:00:00,26.47,1126.09
2020-06-18 01:00:00,26.33,
2020-06-18 02:00:00,26.98,1077.96
2020-06-18 03:00:00,26.92,1051.36
2020-06-18 04:00:00,28.62,1128.11
2020-06-18 05:00:00,31.12,1241.77
2020-06-18 06:00:00,31.96,1268.89
2020-06-18 07:00:00,33.15,1422.0
2020-06-18 08:00:00,34.12,1441.07
2020-06-18 09:00:00,34.86,1489.39
2020-06-18 10:00:00,35.58,1517.34
2020-06-18 11:00:00,34.65,1452.94
2020-06-18 12:00:00,34.77,1457.9
2020-06-18 13:00:00,33.17,1373.2
2020-06-18 14:00:00,32.26,1327.6
2020-06-18 15:00:00,30.9,1313.56
2020-06-18 16:00:00,27.75,1336.08
2020-06-18 17:00:00,26.33,1386.51
2020-06-18 18:00:00,24.47,1360.03
2020-06-18 19:00:00,24.19,1395.18
2020-06-18 20:00:00,23.34,1338.84
2020-06-18 21:00:00,22.51,1274.64
2020-06-18 22:00:00,23.09,1217.53
2020-06-18 23:00:00,21.82,1188.13
2020-06-19 00:00:00,20.9,1103.23
2020-06-19 01:00:00,19.08,1101.16
2020-06-19 02:00:00,18.25,1061.63
2020-06-19 03:00:00,19.04,1028.98
2020-06-19 04:00:00,22.06,
2020-06-19 05:00:00,23.23,1131.05
2020-06-19 06:00:00,22.07,1199.27
2020-06-19 07:00:00,24.83,1272.55
2020-06-19 08:00:00,25.6,1338.23
2020-06-19 09:00:00,25.84,1346.09
2020-06-19 10:00:00,26.61,1328.1
2020-06-19 11:00:00,28.35,1281.6
2020-06-19 12:00:00,27.3,1221.6
2020-06-19 13:00:00,27.71,1227.97
2020-06-19 14:00:00,24.99,1231.48
2020-06-19 15:00:00,23.88,1269.21
2020-06-19 16:00:00,23.51,1337.45
2020-06-19 17:00:00,23.4,1370.24
2020-06-19 18:00:00,22.72,1281.85
2020-06-19 19:00:00,23.15,1385.89
2020-06-19 20:00:00,22.17,1306.65
2020-06-19 21:00:00,20.5,1294.12
2020-06-19 22:00:00,19.63,1253.44
2020-06-19 23:00:00,20.54,1216.23
2020-06-20 00:00:00,20.39,1070.36
2020-06-20 01:00:00,21.22,1057.91
2020-06-20 02:00:00,20.59,
2020-06-20 03:00:00,19.86,995.81
2020-06-20 04:00:00,20.99,1021.29
2020-06-20 05:00:00,23.52,1092.6
2020-06-20 06:00:00,26.62,1171.47
2020-06-20 07:00:00,28.56,
2020-06-20 08:00:00,28.5,1160.84
2020-06-20 09:00:00,28.06,1224.3
2020-06-20 10:00:00,29.18,1183.2
2020-06-20 11:00:00,30.01,1096.89
2020-06-20 12:00:00,31.48,1129.91
2020-06-20 13:00:00,32.22,1169.78
2020-06-20 14:00:00,32.19,1195.7
2020-06-20 15:00:00,29.39,1133.1
2020-06-20 16:00:00,28.64,1190.03
2020-06-20 17:00:00,28.8,1242.45
2020-06-20 18:00:00,27.56,1247.69
2020-06-20 19:00:00,25.41,1197.99
2020-06-20 20:00:00,25.01,1231.26
2020-06-20 21:00:00,23.35,1236.12
2020-06-20 22:00:00,21.62,1246.18
2020-06-20 23:00:00,21.93,1146.0
2020-06-21 00:00:00,21.0,1067.2
2020-06-21 01:00:00,21.13,1050.4
2020-06-21 02:00:00,21.48,1021.31
2020-06-21 03:00:00,20.45,991.31
2020-06-21 04:00:00,20.55,998.84
2020-06-21 05:00:00,21.4,1071.02
2020-06-21 06:00:00,23.63,1155.73
2020-06-21 07:00:00,25.44,1093.9
2020-06-21 08:00:00,25.53,1186.62
2020-06-21 09:00:00,27.62,1180.6
2020-06-21 10:00:00,27.26,1105.26
2020-06-21 11:00:00,28.85,1107.4
2020-06-21 12:00:00,28.39,1038.56
2020-06-21 13:00:00,26.83,1047.84
2020-06-21 14:00:00,28.52,1055.41
2020-06-21 15:00:00,28.23,1072.5
2020-06-21 16:00:00,28.23,1185.11
2020-06-21 17:00:00,27.75,1160.98
2020-06-21 18:00:00,27.57,1278.35
2020-06-21 19:00:00,26.12,1315.86
2020-06-21 20:00:00,24.07,1159.02
2020-06-21 21:00:00,22.8,1251.57
2020-06-21 22:00:00,21.72,1180.08
2020-06-21 23:00:00,20.93,1166.28
2020-06-22 00:00:00,20.14,1103.8
2020-06-22 01:00:00,20.66,1106.79
2020-06-22 02:00:00,22.16,1078.8
2020-06-22 03:00:00,23.47,1055.56
2020-06-22 04:00:00,24.93,1070.07
2020-06-22 05:00:00,27.23,1140.5
2020-06-22 06:00:00,30.24,1290.98
2020-06-22 07:00:00,31.52,1385.29
2020-06-22 08:00:00,32.8,1456.94
2020-06-22 09:00:00,32.22,1427.12
2020-06-22 10:00:00,30.7,1399.24
2020-06-22 11:00:00,32.44,1371.07
2020-06-22 12:00:00,32.53,1331.28
2020-06-22 13:00:00,31.67,1295.13
2020-06-22 14:00:00,31.5,1349.09
2020-06-22 15:00:00,29.01,1293.7
2020-06-22 16:00:00,27.12,1297.06
2020-06-22 17:00:00,26.28,1313.87
2020-06-22 18:00:00,24.72,1424.27
2020-06-22 19:00:00,22.86,1413.36
2020-06-22 20:00:00,22.46,1363.5
2020-06-22 21:00:00,21.55,1223.54
2020-06-22 22:00:00,21.51,1244.17
2020-06-22 23:00:00,22.15,1201.69
2020-06-23 00:00:00,20.76,1135.76
2020-06-23 01:00:00,21.85,1093.32
2020-06-23 02:00:00,23.03,1054.35
2020-06-23 03:00:00,24.44,1054.26
2020-06-23 04:00:00,25.25,1066.68
2020-06-23 05:00:00,25.44,1112.5
2020-06-23 06:00:00,26.06,1211.89
2020-06-23 07:00:00,27.25,1286.01
2020-06-23 08:00:00,28.71,1380.79
2020-06-23 09:00:00,30.33,1421.77
2020-06-23 10:00:00,31.3,1401.65
2020-06-23 11:00:00,31.88,1352.92
2020-06-23 12:00:00,32.58,1355.06
2020-06-23 13:00:00,33.38,1314.15
2020-06-23 14:00:00,33.45,1329.94
2020-06-23 15:00:00,34.68,1397.23
2020-06-23 16:00:00,33.64,1481.0
2020-06-23 17:00:00,32.2,1441.22
2020-06-23 18:00:00,31.25,1470.42
2020-06-23 19:00:00,31.8,1452.57
2020-06-23 20:00:00,30.99,1427.73
2020-06-23 21:00:00,30.39,1376.52
2020-06-23 22:00:00,29.36,1315.01
2020-06-23 23:00:00,30.05,1215.27
2020-06-24 00:00:00,28.58,1193.19
2020-06-24 01:00:00,28.99,1145.8
2020-06-24 02:00:00,27.24,1103.43
2020-06-24 03:00:00,29.13,1153.91
2020-06-24 04:00:00,29.08,1098.36
2020-06-24 05:00:00,32.08,1234.14
2020-06-24 06:00:00,34.22,1354.7
2020-06-24 07:00:00,33.99,1440.4
2020-06-24 08:00:00,34.8,1506.15
2020-06-24 09:00:00,33.68,1494.61
2020-06-24 10:00:00,33.99,1459.48
2020-06-24 11:00:00,33.37,1386.25
2020-06-24 12:00:00,34.09,1404.03
2020-06-24 13:00:00,35.81,1402.31
2020-06-24 14:00:00,33.91,1341.91
2020-06-24 15:00:00,32.33,1398.1
2020-06-24 16:00:00,33.06,1433.62
2020-06-24 17:00:00,31.02,1485.69
2020-06-24 18:00:00,28.38,1443.61
2020-06-24 19:00:00,26.75,1434.75
2020-06-24 20:00:00,26.38,1370.65
2020-06-24 21:00:00,25.76,1304.0
2020-06-24 22:00:00,24.38,1171.79
2020-06-24 23:00:00,22.81,1200.33
2020-06-25 00:00:00,22.0,1114.96
2020-06-25 01:00:00,21.25,1095.18
2020-06-25 02:00:00,20.62,1062.98
2020-06-25 03:00:00,22.52,1088.76
2020-06-25 04:00:00,23.36,1064.22
2020-06-25 05:00:00,25.34,1114.5
2020-06-25 06:00:00,25.46,1211.54
2020-06-25 07:00:00,26.12,1289.01
2020-06-25 08:00:00,26.32,1344.81
2020-06-25 09:00:00,29.74,1401.94
2020-06-25 10:00:00,30.62,1378.79
2020-06-25 11:00:00,31.5,1312.01
2020-06-25 12:00:00,31.95,1301.64
2020-06-25 13:00:00,33.33,1375.13
2020-06-25 14:00:00,32.16,1364.37
2020-06-25 15:00:00,31.54,1363.68
2020-06-25 16:00:00,30.77,1396.36
2020-06-25 17:00:00,29.02,1419.92
2020-06-25 18:00:00,29.95,
2020-06-25 19:00:00,28.54,1455.08
2020-06-25 20:00:00,27.58,1375.49
2020-06-25 21:00:00,26.62,1286.14
2020-06-25 22:00:00,26.71,1259.07
2020-06-25 23:00:00,26.14,1187.61
2020-06-26 00:00:00,23.47,1141.96
2020-06-26 01:00:00,23.89,1071.47
2020-06-26 02:00:00,25.62,1070.76
2020-06-26 03:00:00,25.21,1026.27
2020-06-26 04:00:00,25.49,1089.34
2020-06-26 05:00:00,26.29,1131.28
2020-06-26 06:00:00,28.04,1207.87
2020-06-26 07:00:00,28.32,1360.76
2020-06-26 08:00:00,29.15,1398.32
2020-06-26 09:00:00,29.68,1401.22
2020-06-26 10:00:00,30.29,1398.73
2020-06-26 11:00:00,30.05,1368.93
2020-06-26 12:00:00,31.13,1248.01
2020-06-26 13:00:00,31.11,1309.14
2020-06-26 14:00:00,30.17,1316.85
2020-06-26 15:00:00,30.34,1371.5
2020-06-26 16:00:00,28.39,1309.88
2020-06-26 17:00:00,27.51,1363.13
2020-06-26 18:00:00,26.27,1424.5
2020-06-26 19:00:00,25.27,1424.63
2020-06-26 20:00:00,24.95,1338.73
2020-06-26 21:00:00,22.63,1232.32
2020-06-26 22:00:00,20.56,1222.35
2020-06-26 23:00:00,20.57,1220.98
2020-06-27 00:00:00,20.68,1054.56
2020-06-27 01:00:00,20.05,1058.59
2020-06-27 02:00:00,21.54,1011.78
2020-06-27 03:00:00,21.29,1003.07
2020-06-27 04:00:00,21.68,1003.3
2020-06-27 05:00:00,20.88,1075.11
2020-06-27 06:00:00,21.68,1177.99
2020-06-27 07:00:00,21.8,1111.72
2020-06-27 08:00:00,23.94,1144.49
2020-06-27 09:00:00,25.9,1180.75
2020-06-27 10:00:00,27.64,1160.71
2020-06-27 11:00:00,28.05,1129.08
2020-06-27 12:00:00,28.74,1089.93
2020-06-27 13:00:00,29.34,1098.73
2020-06-27 14:00:00,28.3,1073.02
2020-06-27 15:00:00,29.4,1110.84
2020-06-27 16:00:00,29.56,1182.61
2020-06-27 17:00:00,28.97,1267.03
2020-06-27 18:00:00,27.27,1252.87
2020-06-27 19:00:00,25.08,1209.95
2020-06-27 20:00:00,23.51,1122.79
2020-06-27 21:00:00,21.9,1255.97
2020-06-27 22:00:00,20.4,1219.34
2020-06-27 23:00:00,20.34,1126.84
2020-06-28 00:00:00,19.35,1053.81
2020-06-28 01:00:00,20.49,1025.05
2020-06-28 02:00:00,20.56,1006.9
2020-06-28 03:00:00,20.6,1016.84
2020-06-28 04:00:00,23.65,984.1
2020-06-28 05:00:00,24.04,1074.88
2020-06-28 06:00:00,25.0,1164.93
2020-06-28 07:00:00,24.28,1155.67
2020-06-28 08:00:00,25.26,1148.41
2020-06-28 09:00:00,26.85,1154.08
2020-06-28 10:00:00,28.32,1160.9
2020-06-28 11:00:00,29.55,1118.27
2020-06-28 12:00:00,29.54,1114.93
2020-06-28 13:00:00,28.31,1069.46
2020-06-28 14:00:00,30.3,1061.51
2020-06-28 15:00:00,28.96,1107.54
2020-06-28 16:00:00,29.1,1166.23
2020-06-28 17:00:00,27.21,1210.72
2020-06-28 18:00:00,24.29,1207.09
2020-06-28 19:00:00,25.93,1250.43
2020-06-28 20:00:00,25.4,1195.99
2020-06-28 21:00:00,24.69,1225.03
2020-06-28 22:00:00,24.97,1176.28
2020-06-28 23:00:00,25.4,1177.32
2020-06-29 00:00:00,24.14,1137.71
2020-06-29 01:00:00,22.79,1086.93
2020-06-29 02:00:00,23.97,1068.1
2020-06-29 03:00:00,24.8,1047.12
2020-06-29 04:00:00,25.73,1107.03
2020-06-29 05:00:00,26.03,1162.55
2020-06-29 06:00:00,25.82,1211.78
2020-06-29 07:00:00,26.93,1293.54
2020-06-29 08:00:00,29.01,1375.27
2020-06-29 09:00:00,30.43,1403.97
2020-06-29 10:00:00,30.49,1376.91
2020-06-29 11:00:00,30.12,1307.73
2020-06-29 12:00:00,32.71,1357.94
2020-06-29 13:00:00,31.23,1361.06
2020-06-29 14:00:00,29.92,1282.19
2020-06-29 15:00:00,29.77,1281.8
2020-06-29 16:00:00,28.76,1405.87
2020-06-29 17:00:00,28.96,1459.11
2020-06-29 18:00:00,27.31,1397.13
2020-06-29 19:00:00,23.79,1344.05
2020-06-29 20:00:00,23.46,1345.86
2020-06-29 21:00:00,23.17,1249.19
2020-06-29 22:00:00,21.79,1195.89
2020-06-29 23:00:00,21.46,
2020-06-30 00:00:00,22.28,1117.73
2020-06-30 01:00:00,22.59,1060.65
2020-06-30 02:00:00,24.12,1080.49
2020-06-30 03:00:00,24.9,1065.64
2020-06-30 04:00:00,25.46,1101.09
2020-06-30 05:00:00,25.15,1149.0
2020-06-30 06:00:00,26.29,1230.5
2020-06-30 07:00:00,29.67,1350.01
2020-06-30 08:00:00,29.68,1399.75
2020-06-30 09:00:00,29.1,1387.27
2020-06-30 10:00:00,30.17,1380.8
2020-06-30 11:00:00,31.57,1352.37
2020-06-30 12:00:00,33.45,1358.06
2020-06-30 13:00:00,33.07,1346.47
2020-06-30 14:00:00,34.25,1377.88
2020-06-30 15:00:00,35.51,1409.78
2020-06-30 16:00:00,34.21,1399.51
2020-06-30 17:00:00,35.81,1517.4
2020-06-30 18:00:00,34.54,1507.09
2020-06-30 19:00:00,32.75,1483.68
2020-06-30 20:00:00,30.92,1403.43
2020-06-30 21:00:00,29.42,1393.41
2020-06-30 22:00:00,29.33,1299.86
2020-06-30 23:00:00,27.65,1222.04
2020-07-01 00:00:00,25.83,1173.45
2020-07-01 01:00:00,25.88,1091.35
2020-07-01 02:00:00,26.36,1085.92
2020-07-01 03:00:00,26.89,1039.64
2020-07-01 04:00:00,28.86,
2020-07-01 05:00:00,30.4,1189.1
2020-07-01 06:00:00,30.04,1250.44
2020-07-01 07:00:00,30.15,1341.59
2020-07-01 08:00:00,32.32,1478.99
2020-07-01 09:00:00,34.22,1491.89
2020-07-01 10:00:00,33.79,
2020-07-01 11:00:00,33.45,1375.84
2020-07-01 12:00:00,30.72,1327.22
2020-07-01 13:00:00,31.77,1264.13
2020-07-01 14:00:00,31.14,1325.4
2020-07-01 15:00:00,29.3,1302.85
2020-07-01 16:00:00,30.1,1350.2
2020-07-01 17:00:00,29.17,1377.76
2020-07-01 18:00:00,26.82,1415.93
2020-07-01 19:00:00,25.27,1362.2
2020-07-01 20:00:00,23.87,1374.71
2020-07-01 21:00:00,23.85,1229.26
2020-07-01 22:00:00,22.48,1251.57
2020-07-01 23:00:00,22.06,1209.89
2020-07-02 00:00:00,24.83,1149.57
2020-07-02 01:00:00,25.42,1097.74
2020-07-02 02:00:00,24.86,1079.91
2020-07-02 03:00:00,25.87,1069.84
2020-07-02 04:00:00,27.77,1109.63
2020-07-02 05:00:00,29.34,
2020-07-02 06:00:00,31.59,1273.88
2020-07-02 07:00:00,33.33,1363.86
2020-07-02 08:00:00,35.17,1538.91
2020-07-02 09:00:00,34.72,1532.51
2020-07-02 10:00:00,35.7,1537.19
2020-07-02 11:00:00,34.64,1434.03
2020-07-02 12:00:00,34.96,
2020-07-02 13:00:00,33.58,1354.62
2020-07-02 14:00:00,32.39,1369.5
2020-07-02 15:00:00,30.79,1347.88
2020-07-02 16:00:00,30.63,1383.8
2020-07-02 17:00:00,30.1,1427.74
2020-07-02 18:00:00,29.83,1492.27
2020-07-02 19:00:00,28.06,1491.81
2020-07-02 20:00:00,27.39,1346.48
2020-07-02 21:00:00,28.15,1321.05
2020-07-02 22:00:00,29.67,1344.8
2020-07-02 23:00:00,30.37,1280.82
2020-07-03 00:00:00,29.61,1145.0
2020-07-03 01:00:00,29.75,1112.57
2020-07-03 02:00:00,29.32,1070.36
2020-07-03 03:00:00,31.19,1071.67
2020-07-03 04:00:00,30.73,1069.14
2020-07-03 05:00:00,32.1,1148.17
2020-07-03 06:00:00,32.22,1239.05
2020-07-03 07:00:00,32.27,1297.57
2020-07-03 08:00:00,33.95,1354.78
2020-07-03 09:00:00,34.8,1388.0
2020-07-03 10:00:00,35.11,1384.33
2020-07-03 11:00:00,35.7,1346.24
2020-07-03 12:00:00,35.99,1329.05
2020-07-03 13:00:00,35.09,1280.68
2020-07-03 14:00:00,33.43,1235.31
2020-07-03 15:00:00,32.66,1266.42
2020-07-03 16:00:00,32.12,1273.98
2020-07-03 17:00:00,31.48,1349.4
2020-07-03 18:00:00,30.6,1434.92
2020-07-03 19:00:00,28.3,1309.65
2020-07-03 20:00:00,29.16,1244.96
2020-07-03 21:00:00,26.75,1265.97
2020-07-03 22:00:00,25.4,1223.65
2020-07-03 23:00:00,24.01,1162.26
2020-07-04 00:00:00,23.8,953.69
2020-07-04 01:00:00,24.16,902.64
2020-07-04 02:00:00,23.42,
2020-07-04 03:00:00,24.54,898.03
2020-07-04 04:00:00,25.28,896.29
2020-07-04 05:00:00,25.89,934.17
2020-07-04 06:00:00,28.56,1067.82
2020-07-04 07:00:00,29.53,
2020-07-04 08:00:00,30.6,904.93
2020-07-04 09:00:00,31.24,898.43
2020-07-04 10:00:00,31.06,842.9
2020-07-04 11:00:00,29.45,754.55
2020-07-04 12:00:00,28.99,719.24
2020-07-04 13:00:00,28.61,724.84
2020-07-04 14:00:00,30.42,
2020-07-04 15:00:00,28.58,709.34
2020-07-04 16:00:00,27.27,
2020-07-04 17:00:00,26.54,
2020-07-04 18:00:00,25.46,764.94
2020-07-04 19:00:00,24.35,850.03
2020-07-04 20:00:00,24.57,832.83
2020-07-04 21:00:00,24.28,
2020-07-04 22:00:00,23.32,
2020-07-04 23:00:00,23.24,1002.76
2020-07-05 00:00:00,21.64,1043.82
2020-07-05 01:00:00,22.77,954.51
2020-07-05 02:00:00,22.56,984.96
2020-07-05 03:00:00,24.25,938.65
2020-07-05 04:00:00,24.17,989.75
2020-07-05 05:00:00,23.96,1033.54
2020-07-05 06:00:00,23.71,1095.61
2020-07-05 07:00:00,24.68,961.58
2020-07-05 08:00:00,26.49,1061.23
2020-07-05 09:00:00,28.52,1093.5
2020-07-05 10:00:00,28.34,1061.9
2020-07-05 11:00:00,29.27,1053.76
2020-07-05 12:00:00,29.73,953.47
2020-07-05 13:00:00,29.24,949.02
2020-07-05 14:00:00,29.27,945.42
2020-07-05 15:00:00,28.7,990.36
2020-07-05 16:00:00,28.47,1053.83
2020-07-05 17:00:00,27.69,1071.16
2020-07-05 18:00:00,26.87,1075.33
2020-07-05 19:00:00,25.45,1108.59
2020-07-05 20:00:00,24.09,1062.08
2020-07-05 21:00:00,21.87,1183.19
2020-07-05 22:00:00,19.61,1150.96
2020-07-05 23:00:00,17.82,1117.85
2020-07-06 00:00:00,18.72,1151.38
2020-07-06 01:00:00,17.66,1131.41
2020-07-06 02:00:00,18.35,1071.41
2020-07-06 03:00:00,22.0,1061.4
2020-07-06 04:00:00,24.18,1072.27
2020-07-06 05:00:00,25.05,1130.17
2020-07-06 06:00:00,26.67,1240.47
2020-07-06 07:00:00,26.09,1303.78
2020-07-06 08:00:00,29.13,1387.5
2020-07-06 09:00:00,29.51,1410.0
2020-07-06 10:00:00,30.88,
2020-07-06 11:00:00,32.47,1406.46
2020-07-06 12:00:00,33.86,1381.15
2020-07-06 13:00:00,33.56,1379.5
2020-07-06 14:00:00,33.66,1367.25
2020-07-06 15:00:00,31.54,1323.8
2020-07-06 16:00:00,30.8,1403.99
2020-07-06 17:00:00,31.2,1470.46
2020-07-06 18:00:00,29.16,1458.12
2020-07-06 19:00:00,27.31,1411.61
2020-07-06 20:00:00,24.94,1333.76
2020-07-06 21:00:00,24.57,1277.39
2020-07-06 22:00:00,22.85,1231.4
2020-07-06 23:00:00,21.17,1149.6
2020-07-07 00:00:00,21.14,1127.83
2020-07-07 01:00:00,20.9,1120.9
2020-07-07 02:00:00,23.12,1054.12
2020-07-07 03:00:00,23.74,1058.8
2020-07-07 04:00:00,23.8,1094.82
2020-07-07 05:00:00,24.96,1134.79
2020-07-07 06:00:00,25.31,
2020-07-07 07:00:00,27.82,1347.72
2020-07-07 08:00:00,29.15,1391.31
2020-07-07 09:00:00,31.34,1444.88
2020-07-07 10:00:00,32.45,1394.93
2020-07-07 11:00:00,33.8,1408.83
2020-07-07 12:00:00,33.52,1408.99
2020-07-07 13:00:00,33.78,1353.75
2020-07-07 14:00:00,32.55,1299.22
2020-07-07 15:00:00,32.19,1281.06
2020-07-07 16:00:00,31.37,1401.12
2020-07-07 17:00:00,29.35,1428.64
2020-07-07 18:00:00,29.44,1449.26
2020-07-07 19:00:00,27.69,1413.85
2020-07-07 20:00:00,27.07,1381.57
2020-07-07 21:00:00,25.47,1278.49
2020-07-07 22:00:00,25.13,1235.39
2020-07-07 23:00:00,25.01,1186.08
2020-07-08 00:00:00,25.22,1137.85
2020-07-08 01:00:00,24.67,1097.42
2020-07-08 02:00:00,25.56,1081.78
2020-07-08 03:00:00,25.36,1035.05
2020-07-08 04:00:00,26.94,1130.77
2020-07-08 05:00:00,26.52,1181.72
2020-07-08 06:00:00,28.5,
2020-07-08 07:00:00,29.19,1305.23
2020-07-08 08:00:00,31.54,1419.17
2020-07-08 09:00:00,30.66,1438.49
2020-07-08 10:00:00,32.12,1433.21
2020-07-08 11:00:00,32.93,1419.1
2020-07-08 12:00:00,34.45,1376.12
2020-07-08 13:00:00,33.39,1324.18
2020-07-08 14:00:00,33.71,1339.09
2020-07-08 15:00:00,33.43,1408.36
2020-07-08 16:00:00,32.96,1425.09
2020-07-08 17:00:00,30.98,1462.22
2020-07-08 18:00:00,27.95,1433.86
2020-07-08 19:00:00,27.1,1403.28
2020-07-08 20:00:00,26.02,1421.14
2020-07-08 21:00:00,24.2,1292.61
2020-07-08 22:00:00,23.28,1209.95
2020-07-08 23:00:00,22.94,1165.92
2020-07-09 00:00:00,24.69,1146.26
2020-07-09 01:00:00,25.26,
2020-07-09 02:00:00,24.82,1067.98
2020-07-09 03:00:00,24.97,1081.86
2020-07-09 04:00:00,25.28,1062.83
2020-07-09 05:00:00,25.64,1126.97
2020-07-09 06:00:00,26.02,1225.51
2020-07-09 07:00:00,26.02,1288.24
2020-07-09 08:00:00,25.66,1323.64
2020-07-09 09:00:00,27.98,1390.93
2020-07-09 10:00:00,28.66,1383.72
2020-07-09 11:00:00,28.82,1309.07
2020-07-09 12:00:00,27.58,1231.15
2020-07-09 13:00:00,27.46,1224.86
2020-07-09 14:00:00,27.94,1230.46
2020-07-09 15:00:00,27.44,1269.82
2020-07-09 16:00:00,27.14,1355.09
2020-07-09 17:00:00,26.35,1335.2
2020-07-09 18:00:00,25.31,1378.59
2020-07-09 19:00:00,24.42,1436.37
2020-07-09 20:00:00,23.93,1386.9
2020-07-09 21:00:00,23.78,1293.51
2020-07-09 22:00:00,23.9,1222.76
2020-07-09 23:00:00,24.28,1169.14
2020-07-10 00:00:00,23.76,1146.47
2020-07-10 01:00:00,25.22,1089.14
2020-07-10 02:00:00,24.54,1059.36
2020-07-10 03:00:00,24.01,1080.95
2020-07-10 04:00:00,25.58,1067.47
2020-07-10 05:00:00,24.77,1151.76
2020-07-10 06:00:00,26.15,1197.02
2020-07-10 07:00:00,27.09,1323.86
2020-07-10 08:00:00,26.98,1408.32
2020-07-10 09:00:00,26.85,1404.92
2020-07-10 10:00:00,28.6,1371.84
2020-07-10 11:00:00,28.27,1294.14
2020-07-10 12:00:00,28.44,1265.17
2020-07-10 13:00:00,26.56,1227.92
2020-07-10 14:00:00,27.14,1207.99
2020-07-10 15:00:00,26.44,1314.74
2020-07-10 16:00:00,25.81,1315.14
2020-07-10 17:00:00,25.89,1359.64
2020-07-10 18:00:00,24.68,1389.54
2020-07-10 19:00:00,24.52,1394.75
2020-07-10 20:00:00,25.37,1376.36
2020-07-10 21:00:00,23.63,1301.29
2020-07-10 22:00:00,21.62,1244.45
2020-07-10 23:00:00,21.01,1191.47
2020-07-11 00:00:00,20.01,1118.71
2020-07-11 01:00:00,19.67,1043.54
2020-07-11 02:00:00,21.95,1022.02
2020-07-11 03:00:00,21.92,1002.62
2020-07-11 04:00:00,24.38,1010.73
2020-07-11 05:00:00,25.52,1101.69
2020-07-11 06:00:00,25.74,1154.66
2020-07-11 07:00:00,25.74,1121.41
2020-07-11 08:00:00,26.89,1182.04
2020-07-11 09:00:00,29.19,1252.57
2020-07-11 10:00:00,31.04,1224.73
2020-07-11 11:00:00,30.62,1126.6
2020-07-11 12:00:00,31.35,1103.26
2020-07-11 13:00:00,29.86,1108.18
2020-07-11 14:00:00,29.26,1094.8
2020-07-11 15:00:00,28.62,1111.25
2020-07-11 16:00:00,27.12,1162.15
2020-07-11 17:00:00,26.18,1195.71
2020-07-11 18:00:00,26.09,1261.71
2020-07-11 19:00:00,25.9,1211.08
2020-07-11 20:00:00,25.16,1208.3
2020-07-11 21:00:00,24.53,1249.75
2020-07-11 22:00:00,25.4,1186.47
2020-07-11 23:00:00,23.76,1142.21
2020-07-12 00:00:00,25.73,1102.23
2020-07-12 01:00:00,26.69,1070.64
2020-07-12 02:00:00,28.4,1084.58
2020-07-12 03:00:00,31.03,1096.87
2020-07-12 04:00:00,30.63,1085.51
2020-07-12 05:00:00,31.47,1147.98
2020-07-12 06:00:00,31.93,1257.37
2020-07-12 07:00:00,32.93,1248.63
2020-07-12 08:00:00,35.05,1330.63
2020-07-12 09:00:00,35.63,1346.39
2020-07-12 10:00:00,34.79,1305.91
2020-07-12 11:00:00,33.7,1197.64
2020-07-12 12:00:00,33.8,1181.0
2020-07-12 13:00:00,33.97,1164.5
2020-07-12 14:00:00,34.61,1234.57
2020-07-12 15:00:00,34.15,1189.06
2020-07-12 16:00:00,33.53,1284.72
2020-07-12 17:00:00,32.57,1380.73
2020-07-12 18:00:00,32.56,1298.4
2020-07-12 19:00:00,29.59,1221.67
2020-07-12 20:00:00,29.3,1244.28
2020-07-12 21:00:00,30.69,1327.54
2020-07-12 22:00:00,29.6,1205.36
2020-07-12 23:00:00,27.86,1208.15
2020-07-13 00:00:00,27.53,1191.78
2020-07-13 01:00:00,27.8,1117.95
2020-07-13 02:00:00,27.1,1099.57
2020-07-13 03:00:00,26.34,1098.56
2020-07-13 04:00:00,27.04,1115.57
2020-07-13 05:00:00,27.23,1128.59
2020-07-13 06:00:00,27.82,1275.87
2020-07-13 07:00:00,28.39,1322.98
2020-07-13 08:00:00,27.85,1359.53
2020-07-13 09:00:00,29.76,1418.63
2020-07-13 10:00:00,29.89,1368.68
2020-07-13 11:00:00,28.97,1271.27
2020-07-13 12:00:00,29.39,1292.32
2020-07-13 13:00:00,30.3,1284.13
2020-07-13 14:00:00,31.19,1262.84
2020-07-13 15:00:00,30.07,1269.92
2020-07-13 16:00:00,29.74,1320.34
2020-07-13 17:00:00,28.99,1405.59
2020-07-13 18:00:00,27.72,1434.07
2020-07-13 19:00:00,28.08,1437.7
2020-07-13 20:00:00,25.84,1374.8
2020-07-13 21:00:00,25.23,1278.23
2020-07-13 22:00:00,24.46,1241.35
2020-07-13 23:00:00,23.51,1196.36
2020-07-14 00:00:00,22.68,1161.52
2020-07-14 01:00:00,22.13,1103.28
2020-07-14 02:00:00,22.74,1084.13
2020-07-14 03:00:00,24.37,1074.08
2020-07-14 04:00:00,24.69,1081.55
2020-07-14 05:00:00,24.46,1129.88
2020-07-14 06:00:00,25.25,1216.35
2020-07-14 07:00:00,25.91,1290.93
2020-07-14 08:00:00,25.26,1349.7
2020-07-14 09:00:00,27.62,1357.55
2020-07-14 10:00:00,28.2,1349.54
2020-07-14 11:00:00,29.31,1319.4
2020-07-14 12:00:00,28.89,1262.84
2020-07-14 13:00:00,29.8,1289.67
2020-07-14 14:00:00,28.31,1290.3
2020-07-14 15:00:00,27.68,1281.89
2020-07-14 16:00:00,26.6,1291.83
2020-07-14 17:00:00,26.57,1340.13
2020-07-14 18:00:00,25.43,1343.02
2020-07-14 19:00:00,25.26,1412.5
2020-07-14 20:00:00,24.94,1353.55
2020-07-14 21:00:00,25.22,1328.7
2020-07-14 22:00:00,24.38,1211.14
2020-07-14 23:00:00,23.09,1212.18
2020-07-15 00:00:00,23.6,1158.17
2020-07-15 01:00:00,23.37,1090.76
2020-07-15 02:00:00,23.58,1087.92
2020-07-15 03:00:00,25.12,1063.25
2020-07-15 04:00:00,26.79,1086.54
2020-07-15 05:00:00,29.29,1184.63
2020-07-15 06:00:00,27.8,1241.78
2020-07-15 07:00:00,26.6,1297.94
2020-07-15 08:00:00,28.43,1380.62
2020-07-15 09:00:00,31.45,1468.26
2020-07-15 10:00:00,30.42,1414.36
2020-07-15 11:00:00,31.59,1342.65
2020-07-15 12:00:00,31.74,1310.97
2020-07-15 13:00:00,32.42,1336.06
2020-07-15 14:00:00,32.36,1325.29
2020-07-15 15:00:00,31.77,1350.19
2020-07-15 16:00:00,29.07,1419.59
2020-07-15 17:00:00,27.77,1353.94
2020-07-15 18:00:00,27.57,1395.84
2020-07-15 19:00:00,26.94,1459.77
2020-07-15 20:00:00,27.11,1394.79
2020-07-15 21:00:00,24.87,1266.62
2020-07-15 22:00:00,23.81,1219.97
2020-07-15 23:00:00,23.18,1211.6
2020-07-16 00:00:00,22.36,1137.47
2020-07-16 01:00:00,23.21,1104.1
2020-07-16 02:00:00,22.73,1060.72
2020-07-16 03:00:00,21.85,1047.86
2020-07-16 04:00:00,21.49,1108.57
2020-07-16 05:00:00,21.68,1110.58
2020-07-16 06:00:00,23.24,1213.77
2020-07-16 07:00:00,24.87,1281.54
2020-07-16 08:00:00,27.09,1328.62
2020-07-16 09:00:00,27.63,1400.39
2020-07-16 10:00:00,29.33,1316.17
2020-07-16 11:00:00,29.29,1278.75
2020-07-16 12:00:00,29.19,1253.02
2020-07-16 13:00:00,30.98,1273.02
2020-07-16 14:00:00,30.58,1258.7
2020-07-16 15:00:00,28.9,1296.17
2020-07-16 16:00:00,30.18,1379.18
2020-07-16 17:00:00,30.56,1446.79
2020-07-16 18:00:00,29.95,1436.74
2020-07-16 19:00:00,28.88,1437.59
2020-07-16 20:00:00,28.12,1343.69
2020-07-16 21:00:00,26.28,1320.89
2020-07-16 22:00:00,25.8,1290.25
2020-07-16 23:00:00,25.21,1181.74
2020-07-17 00:00:00,24.46,1148.87
2020-07-17 01:00:00,24.53,1133.53
2020-07-17 02:00:00,25.98,1087.38
2020-07-17 03:00:00,26.17,1071.21
2020-07-17 04:00:00,26.83,1103.98
2020-07-17 05:00:00,27.0,1185.91
2020-07-17 06:00:00,26.59,1221.78
2020-07-17 07:00:00,29.94,1357.96
2020-07-17 08:00:00,29.95,1414.52
2020-07-17 09:00:00,30.14,1410.21
2020-07-17 10:00:00,30.23,1391.86
2020-07-17 11:00:00,29.82,1362.84
2020-07-17 12:00:00,28.96,1259.73
2020-07-17 13:00:00,27.28,1245.64
2020-07-17 14:00:00,26.62,1213.36
2020-07-17 15:00:00,26.06,1250.47
2020-07-17 16:00:00,23.86,1296.49
2020-07-17 17:00:00,22.59,1362.45
2020-07-17 18:00:00,21.67,1371.84
2020-07-17 19:00:00,18.99,1440.64
2020-07-17 20:00:00,18.52,1418.65
2020-07-17 21:00:00,18.88,1262.63
2020-07-17 22:00:00,18.68,1214.96
2020-07-17 23:00:00,19.75,1199.71
2020-07-18 00:00:00,20.78,1083.76
2020-07-18 01:00:00,21.76,1078.49
2020-07-18 02:00:00,23.41,1045.23
2020-07-18 03:00:00,24.6,997.16
2020-07-18 04:00:00,27.77,1083.39
2020-07-18 05:00:00,27.67,1100.9
2020-07-18 06:00:00,26.89,1151.96
2020-07-18 07:00:00,28.79,1169.44
2020-07-18 08:00:00,28.86,1193.66
2020-07-18 09:00:00,30.34,1266.28
2020-07-18 10:00:00,33.38,1254.87
2020-07-18 11:00:00,33.66,1224.43
2020-07-18 12:00:00,33.5,1168.53
2020-07-18 13:00:00,34.61,1283.2
2020-07-18 14:00:00,33.42,1164.53
2020-07-18 15:00:00,31.57,1178.4
2020-07-18 16:00:00,30.02,1189.53
2020-07-18 17:00:00,28.19,1256.75
2020-07-18 18:00:00,27.09,1222.6
2020-07-18 19:00:00,26.77,1260.04
2020-07-18 20:00:00,25.94,1189.86
2020-07-18 21:00:00,25.68,1279.03
2020-07-18 22:00:00,25.35,1200.76
2020-07-18 23:00:00,24.01,1138.59
2020-07-19 00:00:00,23.98,1062.21
2020-07-19 01:00:00,24.02,1028.81
2020-07-19 02:00:00,23.47,1042.84
2020-07-19 03:00:00,22.34,1045.43
2020-07-19 04:00:00,22.95,986.43
2020-07-19 05:00:00,23.54,1104.04
2020-07-19 06:00:00,24.24,1116.28
2020-07-19 07:00:00,25.12,1085.55
2020-07-19 08:00:00,25.67,1180.85
2020-07-19 09:00:00,26.21,1200.09
2020-07-19 10:00:00,27.7,1148.74
2020-07-19 11:00:00,27.49,1091.46
2020-07-19 12:00:00,28.17,1104.76
2020-07-19 13:00:00,26.25,1013.68
2020-07-19 14:00:00,26.28,1056.74
2020-07-19 15:00:00,25.35,1079.36
2020-07-19 16:00:00,24.33,1095.63
2020-07-19 17:00:00,24.95,1223.96
2020-07-19 18:00:00,24.67,1219.12
2020-07-19 19:00:00,24.73,1280.44
2020-07-19 20:00:00,24.17,1236.75
2020-07-19 21:00:00,24.02,1236.65
2020-07-19 22:00:00,21.74,1256.21
2020-07-19 23:00:00,21.2,1160.89
2020-07-20 00:00:00,21.02,1124.39
2020-07-20 01:00:00,21.02,1112.44
2020-07-20 02:00:00,21.67,1058.49
2020-07-20 03:00:00,22.24,1044.02
2020-07-20 04:00:00,23.41,1115.6
2020-07-20 05:00:00,23.97,1133.63
2020-07-20 06:00:00,26.25,1200.84
2020-07-20 07:00:00,26.97,1326.24
2020-07-20 08:00:00,27.52,1360.26
2020-07-20 09:00:00,27.54,1389.02
2020-07-20 10:00:00,30.09,1381.06
2020-07-20 11:00:00,31.0,1331.93
2020-07-20 12:00:00,30.75,1286.62
2020-07-20 13:00:00,30.74,1272.84
2020-07-20 14:00:00,29.0,1260.3
2020-07-20 15:00:00,29.11,1311.14
2020-07-20 16:00:00,28.9,1332.11
2020-07-20 17:00:00,26.86,1404.01
2020-07-20 18:00:00,25.33,1404.91
2020-07-20 19:00:00,23.66,1371.75
2020-07-20 20:00:00,23.11,1338.75
2020-07-20 21:00:00,20.82,1294.17
2020-07-20 22:00:00,19.08,1243.03
2020-07-20 23:00:00,19.06,1220.82
2020-07-21 00:00:00,20.43,1144.94
2020-07-21 01:00:00,19.12,1127.17
2020-07-21 02:00:00,19.54,1078.53
2020-07-21 03:00:00,19.89,1067.29
2020-07-21 04:00:00,20.26,1095.07
2020-07-21 05:00:00,19.77,1093.48
2020-07-21 06:00:00,23.75,1187.07
2020-07-21 07:00:00,23.14,1302.73
2020-07-21 08:00:00,25.54,1359.09
2020-07-21 09:00:00,26.59,1349.7
2020-07-21 10:00:00,26.46,1322.94
2020-07-21 11:00:00,26.96,1278.69
2020-07-21 12:00:00,27.08,1225.61
2020-07-21 13:00:00,27.66,1247.57
2020-07-21 14:00:00,27.48,1247.58
2020-07-21 15:00:00,27.7,1298.66
2020-07-21 16:00:00,27.81,1335.34
2020-07-21 17:00:00,28.45,1381.73
2020-07-21 18:00:00,27.08,1368.69
2020-07-21 19:00:00,25.85,1431.41
2020-07-21 20:00:00,23.97,1369.11
2020-07-21 21:00:00,24.63,1289.76
2020-07-21 22:00:00,23.59,1265.47
2020-07-21 23:00:00,22.35,1231.49
2020-07-22 00:00:00,21.74,
2020-07-22 01:00:00,22.22,1105.95
2020-07-22 02:00:00,21.8,1041.41
2020-07-22 03:00:00,23.27,1012.8
2020-07-22 04:00:00,23.81,1096.59
2020-07-22 05:00:00,23.65,1147.56
2020-07-22 06:00:00,27.5,1237.72
2020-07-22 07:00:00,29.01,1341.93
2020-07-22 08:00:00,28.75,1382.84
2020-07-22 09:00:00,29.68,1426.09
2020-07-22 10:00:00,29.93,1356.95
2020-07-22 11:00:00,30.36,1325.09
2020-07-22 12:00:00,30.54,1304.1
2020-07-22 13:00:00,33.78,1344.49
2020-07-22 14:00:00,35.71,1450.47
2020-07-22 15:00:00,34.27,1373.3
2020-07-22 16:00:00,33.4,1430.93
2020-07-22 17:00:00,34.69,1495.98
2020-07-22 18:00:00,33.69,1489.93
2020-07-22 19:00:00,33.13,1530.58
2020-07-22 20:00:00,30.81,1463.33
2020-07-22 21:00:00,30.38,1389.51
2020-07-22 22:00:00,29.2,1242.22
2020-07-22 23:00:00,29.32,1236.46
2020-07-23 00:00:00,28.26,1154.22
2020-07-23 01:00:00,26.87,1085.21
2020-07-23 02:00:00,25.94,1079.86
2020-07-23 03:00:00,26.42,1040.66
2020-07-23 04:00:00,26.42,1100.78
2020-07-23 05:00:00,27.29,1170.68
2020-07-23 06:00:00,27.96,1255.79
2020-07-23 07:00:00,26.61,1309.34
2020-07-23 08:00:00,28.13,1388.87
2020-07-23 09:00:00,30.01,1421.43
2020-07-23 10:00:00,29.87,1427.41
2020-07-23 11:00:00,32.62,1386.5
2020-07-23 12:00:00,32.47,1348.64
2020-07-23 13:00:00,31.54,1328.44
2020-07-23 14:00:00,31.39,1296.27
2020-07-23 15:00:00,30.76,1337.09
2020-07-23 16:00:00,29.29,1383.99
2020-07-23 17:00:00,29.37,1358.62
2020-07-23 18:00:00,28.07,1398.45
2020-07-23 19:00:00,28.36,1437.65
2020-07-23 20:00:00,28.87,1443.89
2020-07-23 21:00:00,28.56,1325.24
2020-07-23 22:00:00,27.25,1260.42
2020-07-23 23:00:00,26.43,1235.5
2020-07-24 00:00:00,27.36,1152.96
2020-07-24 01:00:00,26.2,1106.06
2020-07-24 02:00:00,26.7,1097.9
2020-07-24 03:00:00,27.84,1086.61
2020-07-24 04:00:00,27.22,1088.08
2020-07-24 05:00:00,28.35,1164.58
2020-07-24 06:00:00,28.85,1271.9
2020-07-24 07:00:00,29.71,1382.37
2020-07-24 08:00:00,28.5,
2020-07-24 09:00:00,28.81,1398.95
2020-07-24 10:00:00,32.84,1474.71
2020-07-24 11:00:00,32.03,1314.47
2020-07-24 12:00:00,31.26,1273.83
2020-07-24 13:00:00,31.22,1331.4
2020-07-24 14:00:00,30.64,1271.43
2020-07-24 15:00:00,29.03,1309.96
2020-07-24 16:00:00,27.56,1324.54
2020-07-24 17:00:00,27.02,1388.22
2020-07-24 18:00:00,27.82,1405.13
2020-07-24 19:00:00,27.82,1422.35
2020-07-24 20:00:00,26.94,1406.05
2020-07-24 21:00:00,25.65,1316.15
2020-07-24 22:00:00,23.96,1288.43
2020-07-24 23:00:00,24.0,1186.57
2020-07-25 00:00:00,24.16,1080.13
2020-07-25 01:00:00,24.97,1071.63
2020-07-25 02:00:00,27.51,1045.85
2020-07-25 03:00:00,27.31,1016.59
2020-07-25 04:00:00,30.07,1090.75
2020-07-25 05:00:00,29.85,1157.48
2020-07-25 06:00:00,30.1,1216.21
2020-07-25 07:00:00,30.37,1171.37
2020-07-25 08:00:00,32.51,1306.86
2020-07-25 09:00:00,32.4,1301.6
2020-07-25 10:00:00,32.2,1197.24
2020-07-25 11:00:00,31.93,1155.75
2020-07-25 12:00:00,32.41,1158.91
2020-07-25 13:00:00,30.99,1132.44
2020-07-25 14:00:00,31.39,1137.13
2020-07-25 15:00:00,31.02,1142.44
2020-07-25 16:00:00,28.69,1166.5
2020-07-25 17:00:00,28.21,1195.4
2020-07-25 18:00:00,26.85,1165.19
2020-07-25 19:00:00,24.88,1176.0
2020-07-25 20:00:00,23.21,1251.03
2020-07-25 21:00:00,22.06,1219.61
2020-07-25 22:00:00,21.32,1179.57
2020-07-25 23:00:00,20.64,1143.5
2020-07-26 00:00:00,20.53,1103.07
2020-07-26 01:00:00,19.15,1063.44
2020-07-26 02:00:00,18.09,1040.19
2020-07-26 03:00:00,19.23,1001.47
2020-07-26 04:00:00,19.64,1018.81
2020-07-26 05:00:00,19.69,1082.63
2020-07-26 06:00:00,20.69,1164.89
2020-07-26 07:00:00,21.65,1121.78
2020-07-26 08:00:00,24.17,1155.91
2020-07-26 09:00:00,24.6,1168.62
2020-07-26 10:00:00,26.28,1126.88
2020-07-26 11:00:00,26.73,1071.58
2020-07-26 12:00:00,27.63,1044.14
2020-07-26 13:00:00,27.43,1007.91
2020-07-26 14:00:00,28.46,1064.4
2020-07-26 15:00:00,27.31,1069.13
2020-07-26 16:00:00,26.82,1196.53
2020-07-26 17:00:00,26.07,1216.6
2020-07-26 18:00:00,25.1,1235.44
2020-07-26 19:00:00,25.59,1227.8
2020-07-26 20:00:00,25.04,1180.61
2020-07-26 21:00:00,22.98,1199.24
2020-07-26 22:00:00,21.27,1179.0
2020-07-26 23:00:00,20.5,1140.45
2020-07-27 00:00:00,20.0,1139.31
2020-07-27 01:00:00,20.46,1112.84
2020-07-27 02:00:00,20.26,1056.21
2020-07-27 03:00:00,20.75,1066.07
2020-07-27 04:00:00,23.94,1082.77
2020-07-27 05:00:00,23.44,1156.28
2020-07-27 06:00:00,24.82,1213.2
2020-07-27 07:00:00,26.6,1343.15
2020-07-27 08:00:00,28.2,1430.37
2020-07-27 09:00:00,29.8,1425.22
2020-07-27 10:00:00,29.5,1390.76
2020-07-27 11:00:00,31.72,1380.98
2020-07-27 12:00:00,31.21,1291.41
2020-07-27 13:00:00,29.57,1299.86
2020-07-27 14:00:00,29.39,1299.89
2020-07-27 15:00:00,29.44,1305.85
2020-07-27 16:00:00,28.31,1359.64
2020-07-27 17:00:00,29.3,1453.79
2020-07-27 18:00:00,29.77,1475.48
2020-07-27 19:00:00,28.88,1477.15
2020-07-27 20:00:00,28.41,1444.54
2020-07-27 21:00:00,29.19,1279.82
2020-07-27 22:00:00,28.17,1282.34
2020-07-27 23:00:00,29.27,1236.82
2020-07-28 00:00:00,29.73,1187.22
2020-07-28 01:00:00,30.46,1121.45
2020-07-28 02:00:00,31.03,1167.09
2020-07-28 03:00:00,31.93,1158.33
2020-07-28 04:00:00,32.41,1187.8
2020-07-28 05:00:00,34.57,1277.73
2020-07-28 06:00:00,35.24,1336.79
2020-07-28 07:00:00,36.16,1483.67
2020-07-28 08:00:00,37.06,1544.94
2020-07-28 09:00:00,37.75,1599.42
2020-07-28 10:00:00,37.04,1576.92
2020-07-28 11:00:00,38.15,1526.84
2020-07-28 12:00:00,37.18,1490.89
2020-07-28 13:00:00,36.95,1452.75
2020-07-28 14:00:00,35.82,1462.09
2020-07-28 15:00:00,35.61,1448.02
2020-07-28 16:00:00,33.0,1393.55
2020-07-28 17:00:00,32.02,1443.44
2020-07-28 18:00:00,30.79,
2020-07-28 19:00:00,30.03,1445.29
2020-07-28 20:00:00,28.93,1464.0
2020-07-28 21:00:00,29.73,1336.68
2020-07-28 22:00:00,27.08,1302.36
2020-07-28 23:00:00,25.71,1227.3
2020-07-29 00:00:00,26.64,1150.12
2020-07-29 01:00:00,25.5,1098.5
2020-07-29 02:00:00,26.08,1083.85
2020-07-29 03:00:00,25.32,1080.69
2020-07-29 04:00:00,26.53,1123.13
2020-07-29 05:00:00,27.31,1192.03
2020-07-29 06:00:00,28.42,1263.9
2020-07-29 07:00:00,30.85,1375.5
2020-07-29 08:00:00,32.9,1414.93
2020-07-29 09:00:00,32.8,1472.94
2020-07-29 10:00:00,33.04,1468.78
2020-07-29 11:00:00,32.9,1390.78
2020-07-29 12:00:00,31.1,1341.12
2020-07-29 13:00:00,31.88,1369.48
2020-07-29 14:00:00,31.24,1293.7
2020-07-29 15:00:00,29.74,1339.48
2020-07-29 16:00:00,28.75,1353.06
2020-07-29 17:00:00,27.58,1398.18
2020-07-29 18:00:00,26.58,1407.37
2020-07-29 19:00:00,25.84,1420.42
2020-07-29 20:00:00,24.04,1352.83
2020-07-29 21:00:00,24.92,1297.65
2020-07-29 22:00:00,23.65,1273.22
2020-07-29 23:00:00,23.39,1225.45
2020-07-30 00:00:00,23.53,1156.72
2020-07-30 01:00:00,22.1,1087.14
2020-07-30 02:00:00,22.7,1080.54
2020-07-30 03:00:00,24.35,1077.03
2020-07-30 04:00:00,25.3,1061.28
2020-07-30 05:00:00,25.97,1145.42
2020-07-30 06:00:00,29.04,1266.57
2020-07-30 07:00:00,31.58,1392.48
2020-07-30 08:00:00,32.61,1449.08
2020-07-30 09:00:00,33.66,1477.38
2020-07-30 10:00:00,34.93,1485.02
2020-07-30 11:00:00,34.89,1423.14
2020-07-30 12:00:00,36.18,
2020-07-30 13:00:00,35.86,1390.27
2020-07-30 14:00:00,35.89,1434.71
2020-07-30 15:00:00,34.62,1477.52
2020-07-30 16:00:00,33.26,1416.66
2020-07-30 17:00:00,33.76,1485.34
2020-07-30 18:00:00,31.53,1459.96
2020-07-30 19:00:00,30.14,1420.07
2020-07-30 20:00:00,28.24,1380.39
2020-07-30 21:00:00,27.15,1345.23
2020-07-30 22:00:00,25.55,1250.37
2020-07-30 23:00:00,25.51,1211.69
2020-07-31 00:00:00,24.87,1155.2
2020-07-31 01:00:00,24.88,1096.64
2020-07-31 02:00:00,24.73,1087.54
2020-07-31 03:00:00,24.82,1038.35
2020-07-31 04:00:00,25.07,1048.03
2020-07-31 05:00:00,26.5,1135.97
2020-07-31 06:00:00,27.17,1267.54
2020-07-31 07:00:00,27.27,1340.98
2020-07-31 08:00:00,28.41,1405.73
2020-07-31 09:00:00,30.98,1433.67
2020-07-31 10:00:00,30.36,1384.73
2020-07-31 11:00:00,30.57,1338.87
2020-07-31 12:00:00,29.62,1286.2
2020-07-31 13:00:00,30.74,1309.82
2020-07-31 14:00:00,31.68,1336.53
2020-07-31 15:00:00,31.14,1397.13
2020-07-31 16:00:00,30.94,1353.45
2020-07-31 17:00:00,29.86,1456.43
2020-07-31 18:00:00,28.92,1404.63
2020-07-31 19:00:00,29.23,1490.52
2020-07-31 20:00:00,28.82,1402.86
2020-07-31 21:00:00,27.88,1315.71
2020-07-31 22:00:00,28.06,1269.89
2020-07-31 23:00:00,28.1,1207.49
2020-08-01 00:00:00,27.55,1109.93
2020-08-01 01:00:00,27.55,1088.72
2020-08-01 02:00:00,29.17,1072.91
2020-08-01 03:00:00,29.07,1016.43
2020-08-01 04:00:00,30.67,1124.96
2020-08-01 05:00:00,32.04,1160.39
2020-08-01 06:00:00,32.65,1257.23
2020-08-01 07:00:00,34.49,1264.74
2020-08-01 08:00:00,54.23,1306.83
2020-08-01 09:00:00,36.02,1362.07
2020-08-01 10:00:00,37.47,1391.06
2020-08-01 11:00:00,38.25,1385.57
2020-08-01 12:00:00,37.52,1337.4
2020-08-01 13:00:00,38.43,1219.79
2020-08-01 14:00:00,38.13,1367.45
2020-08-01 15:00:00,38.33,1342.37
2020-08-01 16:00:00,37.36,1364.56
2020-08-01 17:00:00,34.8,1406.17
2020-08-01 18:00:00,33.39,1341.75
2020-08-01 19:00:00,32.39,1371.04
2020-08-01 20:00:00,31.89,1258.8
2020-08-01 21:00:00,30.86,1298.98
2020-08-01 22:00:00,29.76,1205.0
2020-08-01 23:00:00,29.54,1200.63
2020-08-02 00:00:00,29.07,1118.35
2020-08-02 01:00:00,31.49,1094.17
2020-08-02 02:00:00,30.84,1068.02
2020-08-02 03:00:00,29.47,1038.78
2020-08-02 04:00:00,30.25,1099.94
2020-08-02 05:00:00,31.1,1142.94
2020-08-02 06:00:00,30.84,1185.76
2020-08-02 07:00:00,30.81,1188.58
2020-08-02 08:00:00,31.43,1230.0
2020-08-02 09:00:00,32.63,1283.46
2020-08-02 10:00:00,32.97,1244.59
2020-08-02 11:00:00,34.29,1255.82
2020-08-02 12:00:00,33.77,1148.49
2020-08-02 13:00:00,34.34,1204.46
2020-08-02 14:00:00,34.12,1169.34
2020-08-02 15:00:00,34.36,1246.27
2020-08-02 16:00:00,32.68,1190.68
2020-08-02 17:00:00,31.27,1243.0
2020-08-02 18:00:00,31.31,1294.71
2020-08-02 19:00:00,30.32,1274.54
2020-08-02 20:00:00,28.65,1166.45
2020-08-02 21:00:00,28.23,1292.19
2020-08-02 22:00:00,28.36,1250.97
2020-08-02 23:00:00,28.14,1153.23
2020-08-03 00:00:00,28.1,1196.02
2020-08-03 01:00:00,29.23,1146.06
2020-08-03 02:00:00,29.83,1128.72
2020-08-03 03:00:00,30.84,1111.79
2020-08-03 04:00:00,31.65,1179.11
2020-08-03 05:00:00,32.15,1184.03
2020-08-03 06:00:00,32.17,1316.09
2020-08-03 07:00:00,32.13,1388.53
2020-08-03 08:00:00,34.08,1510.88
2020-08-03 09:00:00,32.79,1472.54
2020-08-03 10:00:00,33.45,1462.76
2020-08-03 11:00:00,33.33,1387.06
2020-08-03 12:00:00,34.01,
2020-08-03 13:00:00,35.56,1404.37
2020-08-03 14:00:00,34.69,1393.06
2020-08-03 15:00:00,33.99,1398.83
2020-08-03 16:00:00,31.5,1423.49
2020-08-03 17:00:00,30.66,1425.65
2020-08-03 18:00:00,28.32,1476.8
2020-08-03 19:00:00,27.01,1469.57
2020-08-03 20:00:00,26.9,1368.93
2020-08-03 21:00:00,27.54,1295.9
2020-08-03 22:00:00,27.69,1269.18
2020-08-03 23:00:00,27.08,1207.09
2020-08-04 00:00:00,26.77,1136.44
2020-08-04 01:00:00,26.8,1137.61
2020-08-04 02:00:00,26.77,1084.06
2020-08-04 03:00:00,27.94,1088.55
2020-08-04 04:00:00,28.08,1099.58
2020-08-04 05:00:00,27.39,1184.09
2020-08-04 06:00:00,27.24,1215.73
2020-08-04 07:00:00,26.98,1293.08
2020-08-04 08:00:00,27.68,1355.44
2020-08-04 09:00:00,29.3,1422.07
2020-08-04 10:00:00,30.31,1364.55
2020-08-04 11:00:00,32.53,1342.96
2020-08-04 12:00:00,32.1,1357.76
2020-08-04 13:00:00,32.47,1282.63
2020-08-04 14:00:00,33.98,
2020-08-04 15:00:00,33.5,1409.79
2020-08-04 16:00:00,33.31,1370.69
2020-08-04 17:00:00,31.34,1482.2
2020-08-04 18:00:00,29.19,1432.19
2020-08-04 19:00:00,28.93,1439.59
2020-08-04 20:00:00,27.82,1419.48
2020-08-04 21:00:00,27.16,1265.4
2020-08-04 22:00:00,27.47,1265.4
2020-08-04 23:00:00,27.06,1236.82
2020-08-05 00:00:00,26.93,1123.9
2020-08-05 01:00:00,26.88,1106.78
2020-08-05 02:00:00,26.54,1065.62
2020-08-05 03:00:00,28.43,1101.18
2020-08-05 04:00:00,29.67,1129.86
2020-08-05 05:00:00,30.99,1231.72
2020-08-05 06:00:00,30.78,1267.36
2020-08-05 07:00:00,31.51,1383.39
2020-08-05 08:00:00,32.67,1473.13
2020-08-05 09:00:00,32.87,1501.65
2020-08-05 10:00:00,33.35,1442.05
2020-08-05 11:00:00,34.01,1429.1
2020-08-05 12:00:00,33.2,1374.9
2020-08-05 13:00:00,31.93,1302.17
2020-08-05 14:00:00,32.54,1302.06
2020-08-05 15:00:00,31.25,1302.07
2020-08-05 16:00:00,29.46,1364.6
2020-08-05 17:00:00,28.46,1441.13
2020-08-05 18:00:00,27.63,1422.91
2020-08-05 19:00:00,25.33,1337.97
2020-08-05 20:00:00,23.08,
2020-08-05 21:00:00,22.06,1243.98
2020-08-05 22:00:00,21.55,1264.21
2020-08-05 23:00:00,20.91,1171.99
2020-08-06 00:00:00,20.03,1131.7
2020-08-06 01:00:00,19.37,1067.75
2020-08-06 02:00:00,22.36,1059.01
2020-08-06 03:00:00,25.0,1008.55
2020-08-06 04:00:00,27.41,1096.73
2020-08-06 05:00:00,30.06,1219.01
2020-08-06 06:00:00,30.41,1257.22
2020-08-06 07:00:00,32.24,1356.63
2020-08-06 08:00:00,34.05,1462.09
2020-08-06 09:00:00,33.69,1497.74
2020-08-06 10:00:00,33.95,1434.89
2020-08-06 11:00:00,33.22,1406.04
2020-08-06 12:00:00,32.05,1353.97
2020-08-06 13:00:00,29.99,1272.41
2020-08-06 14:00:00,30.9,1304.46
2020-08-06 15:00:00,29.96,1331.43
2020-08-06 16:00:00,28.69,1325.89
2020-08-06 17:00:00,26.69,1380.68
2020-08-06 18:00:00,24.62,1361.54
2020-08-06 19:00:00,24.03,1353.05
2020-08-06 20:00:00,23.84,1301.65
2020-08-06 21:00:00,22.74,1311.82
2020-08-06 22:00:00,19.57,1220.16
2020-08-06 23:00:00,20.26,1216.72
2020-08-07 00:00:00,20.45,1124.88
2020-08-07 01:00:00,18.27,1107.13
2020-08-07 02:00:00,18.31,1061.44
2020-08-07 03:00:00,17.3,1034.1
2020-08-07 04:00:00,18.72,1071.39
2020-08-07 05:00:00,19.48,1099.35
2020-08-07 06:00:00,20.62,1192.46
2020-08-07 07:00:00,20.79,1238.36
2020-08-07 08:00:00,24.0,1342.44
2020-08-07 09:00:00,25.79,1351.0
2020-08-07 10:00:00,25.77,1313.56
2020-08-07 11:00:00,26.95,1256.77
2020-08-07 12:00:00,27.47,1216.64
2020-08-07 13:00:00,27.81,
2020-08-07 14:00:00,27.34,1167.23
2020-08-07 15:00:00,27.27,1249.08
2020-08-07 16:00:00,27.36,1295.59
2020-08-07 17:00:00,26.48,1324.77
2020-08-07 18:00:00,24.1,1396.54
2020-08-07 19:00:00,24.59,1339.0
2020-08-07 20:00:00,23.29,1325.56
2020-08-07 21:00:00,21.91,1247.99
2020-08-07 22:00:00,21.16,1253.05
2020-08-07 23:00:00,20.42,1197.62
2020-08-08 00:00:00,19.26,1061.58
2020-08-08 01:00:00,20.33,1035.98
2020-08-08 02:00:00,19.72,970.69
2020-08-08 03:00:00,20.59,986.84
2020-08-08 04:00:00,22.8,1068.1
2020-08-08 05:00:00,24.1,1047.94
2020-08-08 06:00:00,23.08,1142.56
2020-08-08 07:00:00,25.01,1062.97
2020-08-08 08:00:00,26.81,1161.31
2020-08-08 09:00:00,26.92,1169.46
2020-08-08 10:00:00,28.67,1168.92
2020-08-08 11:00:00,28.63,
2020-08-08 12:00:00,26.73,1063.07
2020-08-08 13:00:00,26.32,1029.0
2020-08-08 14:00:00,25.89,1011.23
2020-08-08 15:00:00,22.76,1070.28
2020-08-08 16:00:00,22.89,1118.13
2020-08-08 17:00:00,21.83,1148.05
2020-08-08 18:00:00,19.06,1183.83
2020-08-08 19:00:00,18.91,1205.69
2020-08-08 20:00:00,17.11,1191.07
2020-08-08 21:00:00,16.59,1250.71
2020-08-08 22:00:00,15.47,1223.56
2020-08-08 23:00:00,14.53,1171.85
2020-08-09 00:00:00,14.96,1089.1
2020-08-09 01:00:00,14.69,1054.0
2020-08-09 02:00:00,15.48,1026.1
2020-08-09 03:00:00,15.92,999.78
2020-08-09 04:00:00,18.49,1038.6
2020-08-09 05:00:00,19.26,1081.15
2020-08-09 06:00:00,18.94,1142.33
2020-08-09 07:00:00,20.29,1085.44
2020-08-09 08:00:00,22.51,1153.97
2020-08-09 09:00:00,24.92,1148.35
2020-08-09 10:00:00,26.73,1125.43
2020-08-09 11:00:00,25.78,1061.59
2020-08-09 12:00:00,25.94,1049.14
2020-08-09 13:00:00,24.49,1024.73
2020-08-09 14:00:00,22.45,1005.04
2020-08-09 15:00:00,22.02,999.96
2020-08-09 16:00:00,20.89,1097.4
2020-08-09 17:00:00,20.17,1165.09
2020-08-09 18:00:00,19.43,1195.68
2020-08-09 19:00:00,19.3,1221.64
2020-08-09 20:00:00,17.48,1194.16
2020-08-09 21:00:00,17.16,1251.53
2020-08-09 22:00:00,16.76,1162.53
2020-08-09 23:00:00,15.41,1145.26
2020-08-10 00:00:00,17.96,1119.62
2020-08-10 01:00:00,17.94,1108.46
2020-08-10 02:00:00,18.98,1059.19
2020-08-10 03:00:00,18.89,1088.29
2020-08-10 04:00:00,20.49,1047.62
2020-08-10 05:00:00,21.95,1129.82
2020-08-10 06:00:00,24.21,1207.0
2020-08-10 07:00:00,26.11,1308.16
2020-08-10 08:00:00,25.16,1330.36
2020-08-10 09:00:00,26.97,1368.08
2020-08-10 10:00:00,27.97,1313.26
2020-08-10 11:00:00,25.7,1232.23
2020-08-10 12:00:00,27.02,1198.3
2020-08-10 13:00:00,26.88,1245.42
2020-08-10 14:00:00,26.84,1280.02
2020-08-10 15:00:00,25.17,1278.21
2020-08-10 16:00:00,24.83,1266.43
2020-08-10 17:00:00,22.59,1306.19
2020-08-10 18:00:00,21.04,1357.73
2020-08-10 19:00:00,21.07,1369.4
2020-08-10 20:00:00,18.6,1388.01
2020-08-10 21:00:00,16.27,1333.17
2020-08-10 22:00:00,15.01,1247.34
2020-08-10 23:00:00,15.75,1198.1
2020-08-11 00:00:00,15.68,1116.45
2020-08-11 01:00:00,15.6,1100.19
2020-08-11 02:00:00,14.74,1089.69
2020-08-11 03:00:00,15.03,1062.5
2020-08-11 04:00:00,17.0,1059.21
2020-08-11 05:00:00,17.18,1132.19
2020-08-11 06:00:00,17.4,1174.54
2020-08-11 07:00:00,19.39,1282.94
2020-08-11 08:00:00,19.98,1344.5
2020-08-11 09:00:00,20.55,1331.28
2020-08-11 10:00:00,20.81,1283.51
2020-08-11 11:00:00,21.35,1245.18
2020-08-11 12:00:00,21.64,1200.5
2020-08-11 13:00:00,20.1,1173.32
2020-08-11 14:00:00,18.96,1224.91
2020-08-11 15:00:00,17.33,1278.17
2020-08-11 16:00:00,15.42,1293.83
2020-08-11 17:00:00,12.03,1379.99
2020-08-11 18:00:00,12.34,1395.16
2020-08-11 19:00:00,11.56,1419.0
2020-08-11 20:00:00,9.81,
2020-08-11 21:00:00,10.17,1371.94
2020-08-11 22:00:00,8.01,1346.5
2020-08-11 23:00:00,5.98,1365.74
2020-08-12 00:00:00,7.01,1210.89
2020-08-12 01:00:00,6.89,1189.76
2020-08-12 02:00:00,6.99,1140.11
2020-08-12 03:00:00,8.21,1121.74
2020-08-12 04:00:00,9.95,1092.95
2020-08-12 05:00:00,11.41,1165.6
2020-08-12 06:00:00,11.83,1224.22
2020-08-12 07:00:00,13.89,1280.2
2020-08-12 08:00:00,15.32,1332.99
2020-08-12 09:00:00,17.53,1394.13
2020-08-12 10:00:00,19.68,1319.09
2020-08-12 11:00:00,20.57,1220.19
2020-08-12 12:00:00,21.11,1209.29
2020-08-12 13:00:00,19.87,1148.66
2020-08-12 14:00:00,18.49,1193.69
2020-08-12 15:00:00,18.8,1224.08
2020-08-12 16:00:00,18.8,1312.61
2020-08-12 17:00:00,18.71,1307.76
2020-08-12 18:00:00,17.27,1383.6
2020-08-12 19:00:00,15.65,1354.71
2020-08-12 20:00:00,16.1,1327.53
2020-08-12 21:00:00,15.21,1334.3
2020-08-12 22:00:00,15.08,1191.93
2020-08-12 23:00:00,15.78,1241.91
2020-08-13 00:00:00,16.71,1155.06
2020-08-13 01:00:00,17.21,1099.98
2020-08-13 02:00:00,16.83,1110.86
2020-08-13 03:00:00,15.99,1018.72
2020-08-13 04:00:00,16.4,1050.66
2020-08-13 05:00:00,18.14,1117.59
2020-08-13 06:00:00,16.88,1181.35
2020-08-13 07:00:00,19.58,1313.7
2020-08-13 08:00:00,18.77,1349.21
2020-08-13 09:00:00,19.73,1344.67
2020-08-13 10:00:00,20.96,1276.94
2020-08-13 11:00:00,20.77,1272.1
2020-08-13 12:00:00,21.72,1228.09
2020-08-13 13:00:00,21.09,1178.32
2020-08-13 14:00:00,21.63,1194.28
2020-08-13 15:00:00,20.75,1230.76
2020-08-13 16:00:00,20.72,1261.07
2020-08-13 17:00:00,19.93,1325.33
2020-08-13 18:00:00,19.09,1387.93
2020-08-13 19:00:00,18.37,1394.33
2020-08-13 20:00:00,18.4,1339.84
2020-08-13 21:00:00,18.1,1301.62
2020-08-13 22:00:00,17.34,1214.08
2020-08-13 23:00:00,16.5,1179.45
2020-08-14 00:00:00,17.33,1158.88
2020-08-14 01:00:00,16.54,1148.39
2020-08-14 02:00:00,16.92,1036.47
2020-08-14 03:00:00,19.11,1036.21
2020-08-14 04:00:00,20.22,1083.23
2020-08-14 05:00:00,20.55,1119.91
2020-08-14 06:00:00,22.23,1218.85
2020-08-14 07:00:00,22.5,1274.89
2020-08-14 08:00:00,22.63,1351.49
2020-08-14 09:00:00,24.65,1323.3
2020-08-14 10:00:00,25.99,1338.38
2020-08-14 11:00:00,27.33,1259.52
2020-08-14 12:00:00,27.6,1236.44
2020-08-14 13:00:00,27.92,1210.95
2020-08-14 14:00:00,26.33,1227.18
2020-08-14 15:00:00,25.4,1256.85
2020-08-14 16:00:00,24.46,1288.12
2020-08-14 17:00:00,24.14,1321.94
2020-08-14 18:00:00,22.65,1349.4
2020-08-14 19:00:00,21.68,1376.36
2020-08-14 20:00:00,22.05,1338.84
2020-08-14 21:00:00,20.52,1297.81
2020-08-14 22:00:00,18.9,1230.87
2020-08-14 23:00:00,18.94,1216.3
2020-08-15 00:00:00,20.13,1101.93
2020-08-15 01:00:00,21.17,1045.52
2020-08-15 02:00:00,19.57,1008.77
2020-08-15 03:00:00,19.48,1018.77
2020-08-15 04:00:00,19.77,1049.96
2020-08-15 05:00:00,23.21,
2020-08-15 06:00:00,24.94,1137.18
2020-08-15 07:00:00,27.16,1128.54
2020-08-15 08:00:00,27.28,1186.77
2020-08-15 09:00:00,28.22,1165.36
2020-08-15 10:00:00,26.95,1163.72
2020-08-15 11:00:00,27.23,1050.58
2020-08-15 12:00:00,27.05,1023.86
2020-08-15 13:00:00,29.46,1063.15
2020-08-15 14:00:00,30.52,1123.74
2020-08-15 15:00:00,28.78,
2020-08-15 16:00:00,27.68,1085.63
2020-08-15 17:00:00,27.44,1218.51
2020-08-15 18:00:00,27.68,1231.4
2020-08-15 19:00:00,27.53,1210.04
2020-08-15 20:00:00,27.67,1188.5
2020-08-15 21:00:00,26.24,1265.96
2020-08-15 22:00:00,25.34,1204.01
2020-08-15 23:00:00,23.67,1136.14
2020-08-16 00:00:00,23.19,1047.42
2020-08-16 01:00:00,22.49,1087.58
2020-08-16 02:00:00,21.9,1025.12
2020-08-16 03:00:00,23.21,1022.97
2020-08-16 04:00:00,22.54,995.37
2020-08-16 05:00:00,21.99,1030.14
2020-08-16 06:00:00,24.14,1143.87
2020-08-16 07:00:00,24.81,1129.87
2020-08-16 08:00:00,25.65,1158.05
2020-08-16 09:00:00,25.43,1176.91
2020-08-16 10:00:00,26.79,1121.24
2020-08-16 11:00:00,28.71,1110.26
2020-08-16 12:00:00,29.35,1081.92
2020-08-16 13:00:00,28.29,1075.53
2020-08-16 14:00:00,27.56,1048.12
2020-08-16 15:00:00,27.29,1083.71
2020-08-16 16:00:00,26.71,1104.47
2020-08-16 17:00:00,26.42,1197.6
2020-08-16 18:00:00,24.33,1251.89
2020-08-16 19:00:00,25.16,1175.87
2020-08-16 20:00:00,24.35,1179.22
2020-08-16 21:00:00,24.09,1240.51
2020-08-16 22:00:00,22.21,1200.19
2020-08-16 23:00:00,19.72,1145.03
2020-08-17 00:00:00,18.34,1139.65
2020-08-17 01:00:00,20.34,1082.71
2020-08-17 02:00:00,21.09,1060.96
2020-08-17 03:00:00,22.45,1070.96
2020-08-17 04:00:00,21.8,1069.01
2020-08-17 05:00:00,23.61,1151.05
2020-08-17 06:00:00,24.77,1190.29
2020-08-17 07:00:00,25.7,1278.79
2020-08-17 08:00:00,26.79,1385.49
2020-08-17 09:00:00,26.74,1359.46
2020-08-17 10:00:00,27.05,1338.51
2020-08-17 11:00:00,27.81,1265.34
2020-08-17 12:00:00,26.81,1205.98
2020-08-17 13:00:00,27.09,1210.58
2020-08-17 14:00:00,25.89,1183.58
2020-08-17 15:00:00,26.01,1225.63
2020-08-17 16:00:00,25.0,1273.32
2020-08-17 17:00:00,24.37,1350.04
2020-08-17 18:00:00,23.94,1416.72
2020-08-17 19:00:00,25.17,1404.43
2020-08-17 20:00:00,24.42,1310.58
2020-08-17 21:00:00,22.6,1294.95
2020-08-17 22:00:00,21.25,1224.9
2020-08-17 23:00:00,20.72,1203.47
2020-08-18 00:00:00,20.69,1162.25
2020-08-18 01:00:00,20.09,1138.01
2020-08-18 02:00:00,19.9,1081.82
2020-08-18 03:00:00,20.65,1044.47
2020-08-18 04:00:00,21.02,1033.75
2020-08-18 05:00:00,21.97,1113.19
2020-08-18 06:00:00,23.42,1196.22
2020-08-18 07:00:00,23.99,1254.93
2020-08-18 08:00:00,24.28,1337.65
2020-08-18 09:00:00,24.73,1371.33
2020-08-18 10:00:00,25.72,1303.44
2020-08-18 11:00:00,26.45,1258.8
2020-08-18 12:00:00,26.28,
2020-08-18 13:00:00,27.71,1255.63
2020-08-18 14:00:00,27.03,1203.91
2020-08-18 15:00:00,26.57,1249.8
2020-08-18 16:00:00,24.52,1267.29
2020-08-18 17:00:00,23.61,1345.31
2020-08-18 18:00:00,22.26,1361.56
2020-08-18 19:00:00,20.37,1326.48
2020-08-18 20:00:00,21.28,1353.06
2020-08-18 21:00:00,19.93,1291.59
2020-08-18 22:00:00,19.13,1215.47
2020-08-18 23:00:00,19.72,1207.27
2020-08-19 00:00:00,20.99,1124.77
2020-08-19 01:00:00,20.17,
2020-08-19 02:00:00,21.46,1050.11
2020-08-19 03:00:00,22.36,1068.44
2020-08-19 04:00:00,23.12,1100.02
2020-08-19 05:00:00,27.03,1138.74
2020-08-19 06:00:00,26.53,1253.46
2020-08-19 07:00:00,27.76,1278.13
2020-08-19 08:00:00,28.87,1414.77
2020-08-19 09:00:00,29.07,
2020-08-19 10:00:00,29.82,1379.82
2020-08-19 11:00:00,29.71,1285.59
2020-08-19 12:00:00,29.28,1267.23
2020-08-19 13:00:00,28.7,1226.79
2020-08-19 14:00:00,29.24,1290.32
2020-08-19 15:00:00,27.71,1268.98
2020-08-19 16:00:00,26.0,1280.62
2020-08-19 17:00:00,25.18,1313.65
2020-08-19 18:00:00,24.62,1353.74
2020-08-19 19:00:00,24.39,1396.09
2020-08-19 20:00:00,24.56,1353.95
2020-08-19 21:00:00,21.83,1296.0
2020-08-19 22:00:00,22.1,1238.98
2020-08-19 23:00:00,22.56,1190.77
2020-08-20 00:00:00,23.45,1166.59
2020-08-20 01:00:00,21.16,1117.54
2020-08-20 02:00:00,21.65,1085.51
2020-08-20 03:00:00,20.47,1044.13
2020-08-20 04:00:00,21.39,1075.24
2020-08-20 05:00:00,23.31,1095.48
2020-08-20 06:00:00,25.15,1213.02
2020-08-20 07:00:00,26.63,1291.42
2020-08-20 08:00:00,25.29,1346.56
2020-08-20 09:00:00,26.75,1357.29
2020-08-20 10:00:00,27.07,1295.38
2020-08-20 11:00:00,28.59,1271.4
2020-08-20 12:00:00,29.38,1264.51
2020-08-20 13:00:00,28.65,1270.9
2020-08-20 14:00:00,27.41,1225.12
2020-08-20 15:00:00,27.93,1295.9
2020-08-20 16:00:00,26.02,1316.81
2020-08-20 17:00:00,22.59,1355.9
2020-08-20 18:00:00,20.91,1363.37
2020-08-20 19:00:00,19.94,1366.37
2020-08-20 20:00:00,18.63,1357.97
2020-08-20 21:00:00,16.75,1308.67
2020-08-20 22:00:00,16.53,1196.18
2020-08-20 23:00:00,16.83,1162.74
2020-08-21 00:00:00,16.96,1151.87
2020-08-21 01:00:00,17.51,1096.75
2020-08-21 02:00:00,19.17,1068.07
2020-08-21 03:00:00,20.36,1055.85
2020-08-21 04:00:00,19.67,1070.11
2020-08-21 05:00:00,20.85,1154.43
2020-08-21 06:00:00,21.58,1196.93
2020-08-21 07:00:00,20.65,1280.13
2020-08-21 08:00:00,19.67,1317.46
2020-08-21 09:00:00,21.76,1358.15
2020-08-21 10:00:00,25.04,1285.36
2020-08-21 11:00:00,25.71,1237.08
2020-08-21 12:00:00,24.22,1174.88
2020-08-21 13:00:00,24.22,1189.3
2020-08-21 14:00:00,23.5,1189.73
2020-08-21 15:00:00,22.64,1234.47
2020-08-21 16:00:00,22.18,1315.69
2020-08-21 17:00:00,21.02,1336.0
2020-08-21 18:00:00,20.36,1412.8
2020-08-21 19:00:00,19.38,1378.32
2020-08-21 20:00:00,18.32,1317.68
2020-08-21 21:00:00,17.19,1271.12
2020-08-21 22:00:00,16.29,1234.08
2020-08-21 23:00:00,15.79,1193.12
2020-08-22 00:00:00,16.91,1093.51
2020-08-22 01:00:00,18.11,1033.44
2020-08-22 02:00:00,18.51,
2020-08-22 03:00:00,20.77,985.95
2020-08-22 04:00:00,19.59,995.59
2020-08-22 05:00:00,20.68,1069.23
2020-08-22 06:00:00,22.76,1134.74
2020-08-22 07:00:00,23.35,1094.1
2020-08-22 08:00:00,23.37,1152.5
2020-08-22 09:00:00,23.26,1178.09
2020-08-22 10:00:00,23.5,1127.79
2020-08-22 11:00:00,22.33,1060.25
2020-08-22 12:00:00,23.06,1021.56
2020-08-22 13:00:00,23.55,1027.64
2020-08-22 14:00:00,22.59,1013.22
2020-08-22 15:00:00,22.56,1064.33
2020-08-22 16:00:00,20.92,1131.73
2020-08-22 17:00:00,20.58,1173.76
2020-08-22 18:00:00,20.46,1247.5
2020-08-22 19:00:00,19.95,1196.79
2020-08-22 20:00:00,18.79,1177.39
2020-08-22 21:00:00,18.35,1245.07
2020-08-22 22:00:00,19.36,1168.39
2020-08-22 23:00:00,18.78,1136.15
2020-08-23 00:00:00,17.29,1083.9
2020-08-23 01:00:00,17.12,1059.73
2020-08-23 02:00:00,18.59,998.9
2020-08-23 03:00:00,19.59,999.47
2020-08-23 04:00:00,17.96,1030.11
2020-08-23 05:00:00,19.81,1060.77
2020-08-23 06:00:00,21.84,1135.15
2020-08-23 07:00:00,22.54,1112.42
2020-08-23 08:00:00,23.38,
2020-08-23 09:00:00,23.79,1165.82
2020-08-23 10:00:00,25.28,1144.87
2020-08-23 11:00:00,27.38,1099.17
2020-08-23 12:00:00,28.66,1082.27
2020-08-23 13:00:00,27.78,1026.35
2020-08-23 14:00:00,27.51,1028.45
2020-08-23 15:00:00,27.45,1095.84
2020-08-23 16:00:00,27.06,1164.32
2020-08-23 17:00:00,26.68,1188.42
2020-08-23 18:00:00,25.42,1187.16
2020-08-23 19:00:00,24.18,1205.22
2020-08-23 20:00:00,23.03,1135.33
2020-08-23 21:00:00,20.9,1221.22
2020-08-23 22:00:00,20.53,1184.82
2020-08-23 23:00:00,21.14,
2020-08-24 00:00:00,20.29,1137.29
2020-08-24 01:00:00,20.46,1104.29
2020-08-24 02:00:00,21.43,1060.65
2020-08-24 03:00:00,19.81,1059.38
2020-08-24 04:00:00,21.39,1076.99
2020-08-24 05:00:00,22.97,1141.98
2020-08-24 06:00:00,23.84,1214.91
2020-08-24 07:00:00,26.44,1281.57
2020-08-24 08:00:00,26.19,
2020-08-24 09:00:00,26.76,1386.85
2020-08-24 10:00:00,27.53,1341.49
2020-08-24 11:00:00,28.5,1278.93
2020-08-24 12:00:00,27.9,1229.07
2020-08-24 13:00:00,29.05,1276.15
2020-08-24 14:00:00,27.94,1244.55
2020-08-24 15:00:00,28.1,1325.42
2020-08-24 16:00:00,27.66,1282.99
2020-08-24 17:00:00,27.42,1415.87
2020-08-24 18:00:00,25.4,1401.73
2020-08-24 19:00:00,25.45,
2020-08-24 20:00:00,24.04,1369.67
2020-08-24 21:00:00,23.1,1231.31
2020-08-24 22:00:00,19.95,1230.7
2020-08-24 23:00:00,20.86,1170.46
2020-08-25 00:00:00,23.08,1140.59
2020-08-25 01:00:00,22.53,1113.75
2020-08-25 02:00:00,23.77,1074.83
2020-08-25 03:00:00,25.75,1067.52
2020-08-25 04:00:00,25.42,1079.28
2020-08-25 05:00:00,26.66,1168.28
2020-08-25 06:00:00,26.82,1185.47
2020-08-25 07:00:00,27.63,1319.4
2020-08-25 08:00:00,29.17,1414.19
2020-08-25 09:00:00,29.91,1423.77
2020-08-25 10:00:00,29.91,1374.74
2020-08-25 11:00:00,29.87,1323.8
2020-08-25 12:00:00,29.86,1257.63
2020-08-25 13:00:00,30.26,1239.83
2020-08-25 14:00:00,29.62,1295.99
2020-08-25 15:00:00,27.34,1278.23
2020-08-25 16:00:00,24.73,1304.88
2020-08-25 17:00:00,24.64,1349.36
2020-08-25 18:00:00,24.48,1401.8
2020-08-25 19:00:00,25.21,1401.4
2020-08-25 20:00:00,24.85,1300.69
2020-08-25 21:00:00,24.49,1271.41
2020-08-25 22:00:00,25.83,1204.07
2020-08-25 23:00:00,25.05,1218.21
2020-08-26 00:00:00,25.42,1147.73
2020-08-26 01:00:00,26.59,1097.68
2020-08-26 02:00:00,26.8,1074.66
2020-08-26 03:00:00,26.45,1074.36
2020-08-26 04:00:00,26.52,1070.77
2020-08-26 05:00:00,29.74,1197.48
2020-08-26 06:00:00,31.82,1308.0
2020-08-26 07:00:00,34.02,1425.2
2020-08-26 08:00:00,34.23,1474.19
2020-08-26 09:00:00,32.57,1460.35
2020-08-26 10:00:00,33.06,1420.9
2020-08-26 11:00:00,35.35,1442.39
2020-08-26 12:00:00,36.88,1455.26
2020-08-26 13:00:00,33.27,1358.75
2020-08-26 14:00:00,34.21,1425.43
2020-08-26 15:00:00,33.63,1437.08
2020-08-26 16:00:00,33.21,1472.04
2020-08-26 17:00:00,30.21,1442.88
2020-08-26 18:00:00,29.79,1417.55
2020-08-26 19:00:00,31.24,1498.15
2020-08-26 20:00:00,30.24,1430.42
2020-08-26 21:00:00,28.59,1354.82
2020-08-26 22:00:00,27.65,1294.98
2020-08-26 23:00:00,28.31,1196.74
2020-08-27 00:00:00,25.39,1136.09
2020-08-27 01:00:00,24.9,1103.05
2020-08-27 02:00:00,25.47,1046.02
2020-08-27 03:00:00,26.88,1094.01
2020-08-27 04:00:00,28.59,1116.65
2020-08-27 05:00:00,30.16,1137.18
2020-08-27 06:00:00,32.14,1264.56
2020-08-27 07:00:00,32.21,1384.41
2020-08-27 08:00:00,32.09,1447.37
2020-08-27 09:00:00,28.95,1424.51
2020-08-27 10:00:00,29.98,
2020-08-27 11:00:00,29.12,1304.84
2020-08-27 12:00:00,29.0,1249.37
2020-08-27 13:00:00,27.1,1217.28
2020-08-27 14:00:00,25.88,1258.9
2020-08-27 15:00:00,26.81,
2020-08-27 16:00:00,25.39,1310.38
2020-08-27 17:00:00,23.72,1334.33
2020-08-27 18:00:00,22.1,1385.18
2020-08-27 19:00:00,23.22,1377.06
2020-08-27 20:00:00,23.22,1366.75
2020-08-27 21:00:00,23.23,1265.96
2020-08-27 22:00:00,23.0,1224.28
2020-08-27 23:00:00,21.77,1206.33
2020-08-28 00:00:00,19.1,1110.03
2020-08-28 01:00:00,20.56,1120.75
2020-08-28 02:00:00,20.42,1094.85
2020-08-28 03:00:00,20.51,1053.43
2020-08-28 04:00:00,22.53,1085.99
2020-08-28 05:00:00,22.32,1098.75
2020-08-28 06:00:00,22.56,1169.16
2020-08-28 07:00:00,24.5,1310.42
2020-08-28 08:00:00,26.08,1355.59
2020-08-28 09:00:00,25.68,1349.39
2020-08-28 10:00:00,27.79,1340.33
2020-08-28 11:00:00,28.26,1297.86
2020-08-28 12:00:00,26.47,1214.74
2020-08-28 13:00:00,25.7,1179.08
2020-08-28 14:00:00,24.91,1252.11
2020-08-28 15:00:00,23.62,1205.17
2020-08-28 16:00:00,22.52,1285.32
2020-08-28 17:00:00,22.3,1332.43
2020-08-28 18:00:00,20.88,1394.54
2020-08-28 19:00:00,20.4,1378.2
2020-08-28 20:00:00,19.78,1329.19
2020-08-28 21:00:00,19.04,1268.04
2020-08-28 22:00:00,19.21,1274.83
2020-08-28 23:00:00,18.58,1207.48
2020-08-29 00:00:00,19.08,1077.51
2020-08-29 01:00:00,19.75,1055.12
2020-08-29 02:00:00,19.07,1028.62
2020-08-29 03:00:00,20.56,1005.77
2020-08-29 04:00:00,19.98,1005.65
2020-08-29 05:00:00,19.76,1050.08
2020-08-29 06:00:00,20.4,1128.35
2020-08-29 07:00:00,21.9,1095.66
2020-08-29 08:00:00,23.56,1155.68
2020-08-29 09:00:00,23.89,1162.15
2020-08-29 10:00:00,24.23,1122.8
2020-08-29 11:00:00,24.08,1051.88
2020-08-29 12:00:00,24.74,1003.12
2020-08-29 13:00:00,24.94,1025.9
2020-08-29 14:00:00,23.59,1027.33
2020-08-29 15:00:00,22.0,1036.24
2020-08-29 16:00:00,22.84,1157.59
2020-08-29 17:00:00,21.77,1133.87
2020-08-29 18:00:00,20.41,1254.42
2020-08-29 19:00:00,18.11,1189.35
2020-08-29 20:00:00,16.27,1151.23
2020-08-29 21:00:00,16.48,1219.04
2020-08-29 22:00:00,16.33,1168.95
2020-08-29 23:00:00,16.17,1145.86
2020-08-30 00:00:00,17.28,1085.79
2020-08-30 01:00:00,16.86,1088.1
2020-08-30 02:00:00,17.52,1036.63
2020-08-30 03:00:00,18.87,1021.59
2020-08-30 04:00:00,19.81,1043.33
2020-08-30 05:00:00,20.81,1060.99
2020-08-30 06:00:00,21.88,1144.7
2020-08-30 07:00:00,22.6,1092.82
2020-08-30 08:00:00,23.54,1164.84
2020-08-30 09:00:00,23.6,1171.4
2020-08-30 10:00:00,23.34,1130.83
2020-08-30 11:00:00,23.88,1054.69
2020-08-30 12:00:00,24.12,1023.46
2020-08-30 13:00:00,26.34,1053.69
2020-08-30 14:00:00,24.46,1022.11
2020-08-30 15:00:00,25.32,1068.02
2020-08-30 16:00:00,23.88,1138.37
2020-08-30 17:00:00,22.91,1189.23
2020-08-30 18:00:00,21.14,1204.33
2020-08-30 19:00:00,21.46,1191.59
2020-08-30 20:00:00,20.02,1195.87
2020-08-30 21:00:00,19.15,1224.42
2020-08-30 22:00:00,18.46,1195.04
2020-08-30 23:00:00,18.96,1130.94
2020-08-31 00:00:00,19.9,1116.47
2020-08-31 01:00:00,21.43,1130.41
2020-08-31 02:00:00,21.91,1038.82
2020-08-31 03:00:00,23.16,1070.06
2020-08-31 04:00:00,23.93,1105.45
2020-08-31 05:00:00,24.25,1160.67
2020-08-31 06:00:00,25.56,1203.19
2020-08-31 07:00:00,27.82,1304.32
2020-08-31 08:00:00,29.22,1408.49
2020-08-31 09:00:00,29.41,1396.73
2020-08-31 10:00:00,30.92,1356.16
2020-08-31 11:00:00,31.39,1332.94
2020-08-31 12:00:00,31.53,1300.51
2020-08-31 13:00:00,31.4,1302.95
2020-08-31 14:00:00,30.54,1301.01
2020-08-31 15:00:00,30.1,1358.41
2020-08-31 16:00:00,29.22,1334.26
2020-08-31 17:00:00,29.32,1415.48
2020-08-31 18:00:00,28.72,1383.9
2020-08-31 19:00:00,27.18,1422.85
2020-08-31 20:00:00,26.59,1334.66
2020-08-31 21:00:00,25.19,1322.65
2020-08-31 22:00:00,22.41,1245.65
2020-08-31 23:00:00,19.93,1209.78
2020-09-01 00:00:00,21.39,1135.93
2020-09-01 01:00:00,21.66,1122.7
2020-09-01 02:00:00,22.27,1052.02
2020-09-01 03:00:00,21.65,1027.18
2020-09-01 04:00:00,21.6,1045.67
2020-09-01 05:00:00,24.26,1092.31
2020-09-01 06:00:00,25.0,1195.82
2020-09-01 07:00:00,26.86,1307.27
2020-09-01 08:00:00,28.62,
2020-09-01 09:00:00,29.38,1426.77
2020-09-01 10:00:00,30.38,1352.62
2020-09-01 11:00:00,29.48,1308.3
2020-09-01 12:00:00,27.55,1206.9
2020-09-01 13:00:00,27.36,1188.64
2020-09-01 14:00:00,27.37,1162.31
2020-09-01 15:00:00,26.0,1218.0
2020-09-01 16:00:00,24.53,1244.93
2020-09-01 17:00:00,22.97,1328.77
2020-09-01 18:00:00,21.03,1395.89
2020-09-01 19:00:00,23.27,1362.1
2020-09-01 20:00:00,21.97,1363.82
2020-09-01 21:00:00,20.33,1226.1
2020-09-01 22:00:00,21.83,1226.34
2020-09-01 23:00:00,20.7,1195.94
2020-09-02 00:00:00,18.84,1124.3
2020-09-02 01:00:00,19.22,1129.89
2020-09-02 02:00:00,19.39,1061.66
2020-09-02 03:00:00,18.18,1050.05
2020-09-02 04:00:00,18.29,1057.48
2020-09-02 05:00:00,20.37,1089.95
2020-09-02 06:00:00,22.06,1213.28
2020-09-02 07:00:00,23.55,1300.86
2020-09-02 08:00:00,24.5,1329.34
2020-09-02 09:00:00,25.64,1370.52
2020-09-02 10:00:00,26.5,1316.56
2020-09-02 11:00:00,26.4,1253.09
2020-09-02 12:00:00,25.32,1199.73
2020-09-02 13:00:00,24.83,1182.8
2020-09-02 14:00:00,23.52,1169.4
2020-09-02 15:00:00,23.2,1203.15
2020-09-02 16:00:00,21.51,1303.81
2020-09-02 17:00:00,22.65,1319.28
2020-09-02 18:00:00,21.75,1371.58
2020-09-02 19:00:00,21.05,1410.63
2020-09-02 20:00:00,19.72,1333.26
2020-09-02 21:00:00,19.79,1270.46
2020-09-02 22:00:00,17.77,1223.19
2020-09-02 23:00:00,17.02,1202.11
2020-09-03 00:00:00,14.84,1115.48
2020-09-03 01:00:00,14.16,1090.35
2020-09-03 02:00:00,15.85,1050.96
2020-09-03 03:00:00,17.08,1055.18
2020-09-03 04:00:00,18.73,1042.42
2020-09-03 05:00:00,19.78,1137.14
2020-09-03 06:00:00,19.76,1202.95
2020-09-03 07:00:00,22.47,1269.72
2020-09-03 08:00:00,24.33,1337.93
2020-09-03 09:00:00,24.19,1331.6
2020-09-03 10:00:00,25.9,1329.36
2020-09-03 11:00:00,26.69,1270.75
2020-09-03 12:00:00,28.24,1228.15
2020-09-03 13:00:00,28.34,1209.46
2020-09-03 14:00:00,30.15,1268.29
2020-09-03 15:00:00,30.19,1316.36
2020-09-03 16:00:00,30.48,1346.48
2020-09-03 17:00:00,27.26,1363.96
2020-09-03 18:00:00,26.06,1376.42
2020-09-03 19:00:00,27.04,1386.85
2020-09-03 20:00:00,25.78,1338.76
2020-09-03 21:00:00,23.94,1298.09
2020-09-03 22:00:00,20.44,1200.45
2020-09-03 23:00:00,19.94,1217.24
2020-09-04 00:00:00,18.29,1090.4
2020-09-04 01:00:00,19.33,1066.24
2020-09-04 02:00:00,19.76,1085.99
2020-09-04 03:00:00,20.8,1069.67
2020-09-04 04:00:00,21.77,1029.59
2020-09-04 05:00:00,21.27,1109.2
2020-09-04 06:00:00,21.95,1206.84
2020-09-04 07:00:00,23.55,1292.32
2020-09-04 08:00:00,24.86,1308.98
2020-09-04 09:00:00,24.86,1340.63
2020-09-04 10:00:00,25.04,1309.99
2020-09-04 11:00:00,25.48,1227.56
2020-09-04 12:00:00,25.94,1192.04
2020-09-04 13:00:00,27.12,1211.18
2020-09-04 14:00:00,27.02,1212.43
2020-09-04 15:00:00,26.7,1255.34
2020-09-04 16:00:00,25.74,1315.11
2020-09-04 17:00:00,23.52,1352.41
2020-09-04 18:00:00,22.05,1383.03
2020-09-04 19:00:00,20.53,1419.38
2020-09-04 20:00:00,19.31,1342.33
2020-09-04 21:00:00,19.01,1262.64
2020-09-04 22:00:00,18.71,1238.75
2020-09-04 23:00:00,18.75,1196.61
2020-09-05 00:00:00,17.56,1064.46
2020-09-05 01:00:00,18.85,1083.11
2020-09-05 02:00:00,19.99,1027.95
2020-09-05 03:00:00,21.48,967.32
2020-09-05 04:00:00,22.37,1013.38
2020-09-05 05:00:00,23.51,1034.22
2020-09-05 06:00:00,23.62,1132.96
2020-09-05 07:00:00,23.7,1052.86
2020-09-05 08:00:00,23.49,1148.75
2020-09-05 09:00:00,24.86,1142.51
2020-09-05 10:00:00,25.41,1106.87
2020-09-05 11:00:00,25.68,1052.64
2020-09-05 12:00:00,23.93,995.04
2020-09-05 13:00:00,23.9,998.83
2020-09-05 14:00:00,22.13,1002.84
2020-09-05 15:00:00,22.39,1066.08
2020-09-05 16:00:00,20.94,1064.77
2020-09-05 17:00:00,20.77,1154.73
2020-09-05 18:00:00,19.82,1173.92
2020-09-05 19:00:00,17.1,1227.18
2020-09-05 20:00:00,18.01,1148.3
2020-09-05 21:00:00,17.9,1200.16
2020-09-05 22:00:00,16.08,1147.59
2020-09-05 23:00:00,14.31,1090.5
2020-09-06 00:00:00,12.61,1007.14
2020-09-06 01:00:00,13.41,1002.24
2020-09-06 02:00:00,12.37,989.28
2020-09-06 03:00:00,13.45,921.27
2020-09-06 04:00:00,15.43,966.9
2020-09-06 05:00:00,18.19,1010.99
2020-09-06 06:00:00,20.13,1078.18
2020-09-06 07:00:00,22.03,992.26
2020-09-06 08:00:00,22.03,1015.89
2020-09-06 09:00:00,22.11,1041.16
2020-09-06 10:00:00,22.63,993.94
2020-09-06 11:00:00,24.57,929.03
2020-09-06 12:00:00,22.29,894.66
2020-09-06 13:00:00,21.94,881.42
2020-09-06 14:00:00,21.8,896.25
2020-09-06 15:00:00,20.68,913.34
2020-09-06 16:00:00,20.45,970.95
2020-09-06 17:00:00,18.13,1062.41
2020-09-06 18:00:00,16.77,1033.41
2020-09-06 19:00:00,17.7,1074.15
2020-09-06 20:00:00,16.21,1022.86
2020-09-06 21:00:00,16.0,1184.18
2020-09-06 22:00:00,16.23,1127.92
2020-09-06 23:00:00,16.35,1094.82
2020-09-07 00:00:00,15.72,1002.22
2020-09-07 01:00:00,14.22,931.28
2020-09-07 02:00:00,12.67,945.15
2020-09-07 03:00:00,14.57,921.72
2020-09-07 04:00:00,15.65,938.05
2020-09-07 05:00:00,16.11,981.42
2020-09-07 06:00:00,17.27,1097.41
2020-09-07 07:00:00,18.75,907.84
2020-09-07 08:00:00,20.05,
2020-09-07 09:00:00,21.64,
2020-09-07 10:00:00,23.51,
2020-09-07 11:00:00,25.29,894.47
2020-09-07 12:00:00,22.78,
2020-09-07 13:00:00,21.69,
2020-09-07 14:00:00,19.38,859.37
2020-09-07 15:00:00,19.59,
2020-09-07 16:00:00,20.57,926.46
2020-09-07 17:00:00,18.94,1015.86
2020-09-07 18:00:00,18.29,
2020-09-07 19:00:00,17.56,1006.85
2020-09-07 20:00:00,17.58,978.21
2020-09-07 21:00:00,15.75,1160.31
2020-09-07 22:00:00,15.36,
2020-09-07 23:00:00,13.84,1060.92
2020-09-08 00:00:00,13.26,1073.23
2020-09-08 01:00:00,14.17,1033.65
2020-09-08 02:00:00,15.11,996.59
2020-09-08 03:00:00,14.23,962.69
2020-09-08 04:00:00,15.72,1040.75
2020-09-08 05:00:00,16.14,1080.64
2020-09-08 06:00:00,19.67,1178.14
2020-09-08 07:00:00,21.55,1157.61
2020-09-08 08:00:00,23.8,1197.73
2020-09-08 09:00:00,23.86,1182.02
2020-09-08 10:00:00,25.44,1200.17
2020-09-08 11:00:00,24.51,1128.29
2020-09-08 12:00:00,25.63,1119.7
2020-09-08 13:00:00,25.69,1051.18
2020-09-08 14:00:00,25.01,1088.35
2020-09-08 15:00:00,24.73,1151.53
2020-09-08 16:00:00,22.62,1134.72
2020-09-08 17:00:00,20.36,1203.71
2020-09-08 18:00:00,20.03,1242.27
2020-09-08 19:00:00,19.12,1254.01
2020-09-08 20:00:00,17.95,1201.02
2020-09-08 21:00:00,16.56,1240.7
2020-09-08 22:00:00,17.09,1186.12
2020-09-08 23:00:00,16.64,1135.13
2020-09-09 00:00:00,16.93,1120.19
2020-09-09 01:00:00,18.28,1100.38
2020-09-09 02:00:00,17.57,1072.05
2020-09-09 03:00:00,19.4,1084.67
2020-09-09 04:00:00,18.67,1081.07
2020-09-09 05:00:00,19.65,1146.92
2020-09-09 06:00:00,20.92,1177.94
2020-09-09 07:00:00,22.13,1313.31
2020-09-09 08:00:00,23.25,1311.79
2020-09-09 09:00:00,24.45,1346.85
2020-09-09 10:00:00,25.54,1316.39
2020-09-09 11:00:00,25.81,1263.45
2020-09-09 12:00:00,27.17,1208.86
2020-09-09 13:00:00,27.62,1190.32
2020-09-09 14:00:00,29.46,1252.41
2020-09-09 15:00:00,29.16,1307.37
2020-09-09 16:00:00,28.74,1336.73
2020-09-09 17:00:00,26.8,1351.54
2020-09-09 18:00:00,26.91,1416.98
2020-09-09 19:00:00,25.21,1408.13
2020-09-09 20:00:00,24.43,1304.53
2020-09-09 21:00:00,21.88,1285.33
2020-09-09 22:00:00,20.64,1205.76
2020-09-09 23:00:00,19.79,1176.72
2020-09-10 00:00:00,18.65,1085.13
2020-09-10 01:00:00,19.8,1046.54
2020-09-10 02:00:00,19.5,1034.87
2020-09-10 03:00:00,20.28,1035.79
2020-09-10 04:00:00,19.6,1070.7
2020-09-10 05:00:00,19.6,1100.98
2020-09-10 06:00:00,22.6,1185.58
2020-09-10 07:00:00,22.87,1257.69
2020-09-10 08:00:00,25.0,1359.28
2020-09-10 09:00:00,24.0,1338.12
2020-09-10 10:00:00,26.02,1311.92
2020-09-10 11:00:00,27.3,1273.27
2020-09-10 12:00:00,26.29,1237.56
2020-09-10 13:00:00,26.44,1172.74
2020-09-10 14:00:00,25.28,1196.88
2020-09-10 15:00:00,23.16,1210.7
2020-09-10 16:00:00,22.13,1279.69
2020-09-10 17:00:00,20.55,1321.66
2020-09-10 18:00:00,18.54,1398.35
2020-09-10 19:00:00,17.72,1346.27
2020-09-10 20:00:00,19.45,1340.78
2020-09-10 21:00:00,18.96,1284.62
2020-09-10 22:00:00,16.54,1228.1
2020-09-10 23:00:00,14.99,1168.03
2020-09-11 00:00:00,14.05,1140.58
2020-09-11 01:00:00,14.81,1095.52
2020-09-11 02:00:00,16.64,1063.22
2020-09-11 03:00:00,17.67,1035.34
2020-09-11 04:00:00,17.6,1041.34
2020-09-11 05:00:00,18.18,1116.86
2020-09-11 06:00:00,18.03,1160.43
2020-09-11 07:00:00,19.08,1290.28
2020-09-11 08:00:00,21.85,1309.75
2020-09-11 09:00:00,20.86,1321.79
2020-09-11 10:00:00,21.0,1297.49
2020-09-11 11:00:00,23.03,1265.49
2020-09-11 12:00:00,22.84,1196.97
2020-09-11 13:00:00,21.56,1176.59
2020-09-11 14:00:00,22.57,1155.46
2020-09-11 15:00:00,22.15,1213.91
2020-09-11 16:00:00,20.9,1230.12
2020-09-11 17:00:00,19.59,1337.22
2020-09-11 18:00:00,17.11,1339.01
2020-09-11 19:00:00,16.17,1385.49
2020-09-11 20:00:00,15.39,1343.2
2020-09-11 21:00:00,16.28,1285.55
2020-09-11 22:00:00,16.17,1211.11
2020-09-11 23:00:00,16.21,1206.68
2020-09-12 00:00:00,14.38,1087.83
2020-09-12 01:00:00,16.56,1030.2
2020-09-12 02:00:00,17.97,
2020-09-12 03:00:00,17.41,997.75
2020-09-12 04:00:00,16.64,1023.79
2020-09-12 05:00:00,18.01,1066.82
2020-09-12 06:00:00,18.24,1150.68
2020-09-12 07:00:00,20.02,1091.16
2020-09-12 08:00:00,20.57,1111.41
2020-09-12 09:00:00,20.79,1132.63
2020-09-12 10:00:00,22.35,1115.05
2020-09-12 11:00:00,23.85,1066.47
2020-09-12 12:00:00,24.9,1024.17
2020-09-12 13:00:00,24.25,1031.85
2020-09-12 14:00:00,23.89,1059.0
2020-09-12 15:00:00,22.23,1047.78
2020-09-12 16:00:00,21.14,1092.32
2020-09-12 17:00:00,19.41,1145.5
2020-09-12 18:00:00,17.24,1173.32
2020-09-12 19:00:00,15.96,1206.35
2020-09-12 20:00:00,15.08,1142.83
2020-09-12 21:00:00,13.59,1219.59
2020-09-12 22:00:00,12.15,1212.04
2020-09-12 23:00:00,10.19,1179.59
2020-09-13 00:00:00,9.6,1101.11
2020-09-13 01:00:00,9.77,
2020-09-13 02:00:00,11.55,1033.49
2020-09-13 03:00:00,13.5,1011.18
2020-09-13 04:00:00,15.57,1017.41
2020-09-13 05:00:00,17.58,1056.87
2020-09-13 06:00:00,19.24,1139.19
2020-09-13 07:00:00,19.54,1036.54
2020-09-13 08:00:00,20.77,1146.93
2020-09-13 09:00:00,21.56,1157.22
2020-09-13 10:00:00,21.9,1089.12
2020-09-13 11:00:00,20.33,1056.14
2020-09-13 12:00:00,21.03,990.88
2020-09-13 13:00:00,20.63,1017.83
2020-09-13 14:00:00,21.31,1018.04
2020-09-13 15:00:00,20.84,1043.44
2020-09-13 16:00:00,21.43,1089.55
2020-09-13 17:00:00,20.75,1143.81
2020-09-13 18:00:00,18.81,1189.36
2020-09-13 19:00:00,16.37,1153.65
2020-09-13 20:00:00,14.99,1143.02
2020-09-13 21:00:00,15.07,1212.82
2020-09-13 22:00:00,13.87,1161.48
2020-09-13 23:00:00,14.31,1137.58
2020-09-14 00:00:00,15.37,1116.39
2020-09-14 01:00:00,14.65,1076.68
2020-09-14 02:00:00,12.9,1063.36
2020-09-14 03:00:00,14.74,1064.62
2020-09-14 04:00:00,16.18,1038.01
2020-09-14 05:00:00,17.31,1118.26
2020-09-14 06:00:00,19.12,1184.12
2020-09-14 07:00:00,20.64,1277.91
2020-09-14 08:00:00,20.35,1331.74
2020-09-14 09:00:00,22.14,1301.99
2020-09-14 10:00:00,22.2,1273.07
2020-09-14 11:00:00,21.95,1250.88
2020-09-14 12:00:00,21.72,1201.42
2020-09-14 13:00:00,20.6,1168.51
2020-09-14 14:00:00,19.83,1185.02
2020-09-14 15:00:00,20.06,1235.55
2020-09-14 16:00:00,18.43,1276.02
2020-09-14 17:00:00,17.05,1306.82
2020-09-14 18:00:00,16.87,1403.99
2020-09-14 19:00:00,16.64,1382.42
2020-09-14 20:00:00,14.41,1342.47
2020-09-14 21:00:00,13.31,1286.35
2020-09-14 22:00:00,12.18,1212.47
2020-09-14 23:00:00,11.73,1177.89
2020-09-15 00:00:00,11.67,1157.61
2020-09-15 01:00:00,12.44,1090.93
2020-09-15 02:00:00,13.07,1065.87
2020-09-15 03:00:00,13.61,1074.65
2020-09-15 04:00:00,14.45,1061.54
2020-09-15 05:00:00,14.95,1115.72
2020-09-15 06:00:00,16.81,1171.68
2020-09-15 07:00:00,18.9,1281.11
2020-09-15 08:00:00,18.8,1309.84
2020-09-15 09:00:00,21.27,1310.04
2020-09-15 10:00:00,22.46,1294.3
2020-09-15 11:00:00,22.19,1199.82
2020-09-15 12:00:00,21.33,1178.3
2020-09-15 13:00:00,22.98,1204.08
2020-09-15 14:00:00,18.42,1170.9
2020-09-15 15:00:00,16.12,1224.31
2020-09-15 16:00:00,14.65,1318.13
2020-09-15 17:00:00,12.53,1405.84
2020-09-15 18:00:00,13.09,1367.93
2020-09-15 19:00:00,11.04,1375.36
2020-09-15 20:00:00,11.15,1315.59
2020-09-15 21:00:00,9.79,1341.58
2020-09-15 22:00:00,7.43,1326.82
2020-09-15 23:00:00,7.65,1253.99
2020-09-16 00:00:00,8.4,1184.89
2020-09-16 01:00:00,7.87,1117.02
2020-09-16 02:00:00,8.72,1145.0
2020-09-16 03:00:00,10.76,1073.67
2020-09-16 04:00:00,10.82,1060.23
2020-09-16 05:00:00,11.31,1175.96
2020-09-16 06:00:00,11.48,1220.55
2020-09-16 07:00:00,13.21,1288.99
2020-09-16 08:00:00,12.32,1356.13
2020-09-16 09:00:00,14.94,1345.12
2020-09-16 10:00:00,15.28,1310.89
2020-09-16 11:00:00,16.2,1228.2
2020-09-16 12:00:00,15.6,1205.96
2020-09-16 13:00:00,15.82,1218.38
2020-09-16 14:00:00,16.75,1206.83
2020-09-16 15:00:00,15.77,1233.56
2020-09-16 16:00:00,15.72,1263.29
2020-09-16 17:00:00,12.35,1362.42
2020-09-16 18:00:00,10.63,1455.04
2020-09-16 19:00:00,11.48,1413.32
2020-09-16 20:00:00,11.42,1327.69
2020-09-16 21:00:00,8.92,1331.48
2020-09-16 22:00:00,10.6,1229.49
2020-09-16 23:00:00,9.17,1242.01
2020-09-17 00:00:00,8.53,1211.69
2020-09-17 01:00:00,10.02,1102.13
2020-09-17 02:00:00,10.48,1079.49
2020-09-17 03:00:00,10.65,1072.05
2020-09-17 04:00:00,12.62,1078.7
2020-09-17 05:00:00,13.77,1142.45
2020-09-17 06:00:00,14.09,1216.52
2020-09-17 07:00:00,14.19,1269.83
2020-09-17 08:00:00,14.05,1308.79
2020-09-17 09:00:00,15.15,1348.29
2020-09-17 10:00:00,15.52,1266.8
2020-09-17 11:00:00,14.51,1225.66
2020-09-17 12:00:00,12.35,1190.46
2020-09-17 13:00:00,12.67,1181.58
2020-09-17 14:00:00,11.55,1227.24
2020-09-17 15:00:00,10.69,1237.9
2020-09-17 16:00:00,8.95,1365.16
2020-09-17 17:00:00,8.1,1422.0
2020-09-17 18:00:00,6.47,1468.45
2020-09-17 19:00:00,6.03,1533.65
2020-09-17 20:00:00,5.27,1492.32
2020-09-17 21:00:00,3.44,1549.12
2020-09-17 22:00:00,3.2,1378.41
2020-09-17 23:00:00,4.03,1335.62
2020-09-18 00:00:00,4.57,1298.14
2020-09-18 01:00:00,5.41,1194.65
2020-09-18 02:00:00,6.37,1176.48
2020-09-18 03:00:00,7.0,1127.83
2020-09-18 04:00:00,8.14,1164.41
2020-09-18 05:00:00,8.49,1176.13
2020-09-18 06:00:00,9.23,1229.8
2020-09-18 07:00:00,10.73,1272.29
2020-09-18 08:00:00,12.11,1353.76
2020-09-18 09:00:00,13.22,1361.7
2020-09-18 10:00:00,13.05,1317.01
2020-09-18 11:00:00,15.18,1249.53
2020-09-18 12:00:00,14.29,1185.77
2020-09-18 13:00:00,15.86,1178.67
2020-09-18 14:00:00,14.96,
2020-09-18 15:00:00,14.81,1268.74
2020-09-18 16:00:00,14.16,1305.55
2020-09-18 17:00:00,11.94,1351.97
2020-09-18 18:00:00,9.39,1441.4
2020-09-18 19:00:00,9.65,1412.13
2020-09-18 20:00:00,10.02,
2020-09-18 21:00:00,9.31,1315.45
2020-09-18 22:00:00,8.25,1274.4
2020-09-18 23:00:00,6.89,1328.45
2020-09-19 00:00:00,7.78,1169.29
2020-09-19 01:00:00,7.27,1104.36
2020-09-19 02:00:00,8.1,1070.72
2020-09-19 03:00:00,8.92,1049.68
2020-09-19 04:00:00,9.28,1027.23
2020-09-19 05:00:00,10.04,1108.14
2020-09-19 06:00:00,11.76,1134.86
2020-09-19 07:00:00,12.71,1102.28
2020-09-19 08:00:00,14.26,1169.96
2020-09-19 09:00:00,17.62,1154.77
2020-09-19 10:00:00,18.72,1126.63
2020-09-19 11:00:00,17.87,1051.43
2020-09-19 12:00:00,17.27,997.28
2020-09-19 13:00:00,17.92,983.4
2020-09-19 14:00:00,17.86,1024.72
2020-09-19 15:00:00,15.34,1073.38
2020-09-19 16:00:00,14.73,1126.31
2020-09-19 17:00:00,14.66,1191.85
2020-09-19 18:00:00,12.67,1195.85
2020-09-19 19:00:00,10.75,1168.95
2020-09-19 20:00:00,8.75,1273.64
2020-09-19 21:00:00,6.71,1342.35
2020-09-19 22:00:00,5.35,1244.75
2020-09-19 23:00:00,4.88,1294.73
2020-09-20 00:00:00,6.34,1191.67
2020-09-20 01:00:00,8.63,1099.46
2020-09-20 02:00:00,7.71,1036.93
2020-09-20 03:00:00,8.5,1050.45
2020-09-20 04:00:00,10.16,1066.98
2020-09-20 05:00:00,12.84,1073.8
2020-09-20 06:00:00,13.31,1179.8
2020-09-20 07:00:00,14.56,1084.74
2020-09-20 08:00:00,16.46,1156.35
2020-09-20 09:00:00,16.39,1134.47
2020-09-20 10:00:00,17.78,1103.6
2020-09-20 11:00:00,17.73,1056.76
2020-09-20 12:00:00,16.91,991.05
2020-09-20 13:00:00,15.97,1001.93
2020-09-20 14:00:00,16.83,1027.58
2020-09-20 15:00:00,15.37,1031.36
2020-09-20 16:00:00,17.16,1102.1
2020-09-20 17:00:00,16.54,1122.95
2020-09-20 18:00:00,15.59,1207.45
2020-09-20 19:00:00,15.56,1188.33
2020-09-20 20:00:00,15.44,1133.32
2020-09-20 21:00:00,13.41,1237.3
2020-09-20 22:00:00,13.05,1177.05
2020-09-20 23:00:00,11.68,1138.35
2020-09-21 00:00:00,11.31,1148.04
2020-09-21 01:00:00,10.85,1149.67
2020-09-21 02:00:00,11.11,1084.63
2020-09-21 03:00:00,11.86,1054.5
2020-09-21 04:00:00,15.18,
2020-09-21 05:00:00,15.89,1118.92
2020-09-21 06:00:00,13.74,1211.22
2020-09-21 07:00:00,14.81,1239.51
2020-09-21 08:00:00,14.56,1314.6
2020-09-21 09:00:00,16.18,1308.56
2020-09-21 10:00:00,16.89,1290.1
2020-09-21 11:00:00,16.39,1242.02
2020-09-21 12:00:00,16.27,1219.19
2020-09-21 13:00:00,16.68,1194.67
2020-09-21 14:00:00,19.01,1181.05
2020-09-21 15:00:00,17.37,1216.26
2020-09-21 16:00:00,17.23,1272.37
2020-09-21 17:00:00,14.24,1357.08
2020-09-21 18:00:00,12.89,1404.84
2020-09-21 19:00:00,11.1,1464.83
2020-09-21 20:00:00,10.29,1385.54
2020-09-21 21:00:00,9.4,1332.46
2020-09-21 22:00:00,7.49,1346.66
2020-09-21 23:00:00,7.92,1275.21
2020-09-22 00:00:00,7.37,1219.56
2020-09-22 01:00:00,7.74,1185.13
2020-09-22 02:00:00,8.68,1156.46
2020-09-22 03:00:00,8.94,1119.03
2020-09-22 04:00:00,9.19,1124.96
2020-09-22 05:00:00,9.6,1132.08
2020-09-22 06:00:00,11.05,1234.99
2020-09-22 07:00:00,12.01,1290.1
2020-09-22 08:00:00,13.7,1303.99
2020-09-22 09:00:00,13.71,1329.81
2020-09-22 10:00:00,13.83,1310.52
2020-09-22 11:00:00,13.58,1223.87
2020-09-22 12:00:00,15.34,1209.89
2020-09-22 13:00:00,15.24,1166.51
2020-09-22 14:00:00,14.36,1221.3
2020-09-22 15:00:00,14.28,1224.68
2020-09-22 16:00:00,13.67,1283.94
2020-09-22 17:00:00,14.18,1331.11
2020-09-22 18:00:00,13.03,1397.83
2020-09-22 19:00:00,11.92,1375.84
2020-09-22 20:00:00,10.42,1374.82
2020-09-22 21:00:00,9.42,1348.59
2020-09-22 22:00:00,9.63,1293.71
2020-09-22 23:00:00,9.01,1222.56
2020-09-23 00:00:00,9.37,1169.08
2020-09-23 01:00:00,11.56,1153.92
2020-09-23 02:00:00,12.37,1058.12
2020-09-23 03:00:00,13.35,1020.78
2020-09-23 04:00:00,14.73,1067.8
2020-09-23 05:00:00,14.69,1095.58
2020-09-23 06:00:00,16.12,1169.17
2020-09-23 07:00:00,17.17,1260.29
2020-09-23 08:00:00,16.47,1323.13
2020-09-23 09:00:00,17.24,1370.81
2020-09-23 10:00:00,18.21,1286.37
2020-09-23 11:00:00,19.16,1250.91
2020-09-23 12:00:00,18.81,1212.75
2020-09-23 13:00:00,18.2,1182.62
2020-09-23 14:00:00,17.29,1189.36
2020-09-23 15:00:00,15.66,1192.83
2020-09-23 16:00:00,13.65,1306.12
2020-09-23 17:00:00,13.92,1355.96
2020-09-23 18:00:00,11.48,1444.61
2020-09-23 19:00:00,10.24,1380.79
2020-09-23 20:00:00,8.59,1454.64
2020-09-23 21:00:00,7.81,1353.15
2020-09-23 22:00:00,7.8,1297.14
2020-09-23 23:00:00,8.62,1234.42
2020-09-24 00:00:00,9.15,1157.58
2020-09-24 01:00:00,10.05,1135.18
2020-09-24 02:00:00,9.94,1112.36
2020-09-24 03:00:00,11.02,1068.31
2020-09-24 04:00:00,9.6,1126.81
2020-09-24 05:00:00,10.56,1162.08
2020-09-24 06:00:00,11.26,1234.68
2020-09-24 07:00:00,11.93,1287.15
2020-09-24 08:00:00,12.44,1354.14
2020-09-24 09:00:00,13.49,1349.98
2020-09-24 10:00:00,12.07,1316.24
2020-09-24 11:00:00,11.93,1241.91
2020-09-24 12:00:00,11.42,1236.22
2020-09-24 13:00:00,10.89,1259.12
2020-09-24 14:00:00,10.13,1234.65
2020-09-24 15:00:00,8.72,1357.26
2020-09-24 16:00:00,10.0,1332.17
2020-09-24 17:00:00,9.64,1376.77
2020-09-24 18:00:00,10.1,1472.14
2020-09-24 19:00:00,10.11,1425.75
2020-09-24 20:00:00,9.17,1349.12
2020-09-24 21:00:00,7.46,1364.05
2020-09-24 22:00:00,5.36,1356.28
2020-09-24 23:00:00,5.97,1322.82
2020-09-25 00:00:00,7.34,1207.88
2020-09-25 01:00:00,8.3,1164.08
2020-09-25 02:00:00,7.88,1123.37
2020-09-25 03:00:00,9.24,1137.4
2020-09-25 04:00:00,9.09,1081.54
2020-09-25 05:00:00,9.23,1152.94
2020-09-25 06:00:00,10.95,1234.59
2020-09-25 07:00:00,10.21,1323.85
2020-09-25 08:00:00,9.83,1411.36
2020-09-25 09:00:00,11.29,1375.58
2020-09-25 10:00:00,13.57,1317.3
2020-09-25 11:00:00,14.98,1234.75
2020-09-25 12:00:00,15.03,1208.67
2020-09-25 13:00:00,13.82,1169.9
2020-09-25 14:00:00,14.92,1178.99
2020-09-25 15:00:00,12.72,1239.66
2020-09-25 16:00:00,12.39,1282.88
2020-09-25 17:00:00,10.37,1345.67
2020-09-25 18:00:00,9.89,1431.7
2020-09-25 19:00:00,7.95,1437.09
2020-09-25 20:00:00,7.18,1435.38
2020-09-25 21:00:00,8.49,1347.94
2020-09-25 22:00:00,6.31,1300.62
2020-09-25 23:00:00,6.34,1283.65
2020-09-26 00:00:00,7.37,1177.05
2020-09-26 01:00:00,9.96,1085.92
2020-09-26 02:00:00,9.77,1036.07
2020-09-26 03:00:00,11.52,
2020-09-26 04:00:00,11.57,1022.39
2020-09-26 05:00:00,12.57,1094.48
2020-09-26 06:00:00,13.8,1155.25
2020-09-26 07:00:00,15.21,1096.12
2020-09-26 08:00:00,16.9,1155.92
2020-09-26 09:00:00,17.56,1166.32
2020-09-26 10:00:00,17.93,1095.4
2020-09-26 11:00:00,18.22,1052.23
2020-09-26 12:00:00,17.03,1013.52
2020-09-26 13:00:00,14.9,982.3
2020-09-26 14:00:00,15.13,1002.39
2020-09-26 15:00:00,14.5,1068.63
2020-09-26 16:00:00,12.66,1113.28
2020-09-26 17:00:00,12.06,1181.48
2020-09-26 18:00:00,10.67,1213.98
2020-09-26 19:00:00,8.28,1234.96
2020-09-26 20:00:00,8.12,1255.65
2020-09-26 21:00:00,7.64,1340.47
2020-09-26 22:00:00,6.96,1203.67
2020-09-26 23:00:00,6.94,1260.9
2020-09-27 00:00:00,7.06,1164.27
2020-09-27 01:00:00,6.68,1144.48
2020-09-27 02:00:00,7.23,1045.92
2020-09-27 03:00:00,6.4,1104.83
2020-09-27 04:00:00,7.84,1075.38
2020-09-27 05:00:00,9.42,1150.32
2020-09-27 06:00:00,8.17,1186.33
2020-09-27 07:00:00,8.17,1210.72
2020-09-27 08:00:00,9.0,1230.73
2020-09-27 09:00:00,10.9,1176.43
2020-09-27 10:00:00,12.82,1135.71
2020-09-27 11:00:00,11.55,1065.56
2020-09-27 12:00:00,13.32,984.65
2020-09-27 13:00:00,12.9,1023.36
2020-09-27 14:00:00,12.73,1059.8
2020-09-27 15:00:00,11.81,1082.33
2020-09-27 16:00:00,11.7,1117.13
2020-09-27 17:00:00,9.85,1203.23
2020-09-27 18:00:00,10.31,1231.49
2020-09-27 19:00:00,7.76,1266.65
2020-09-27 20:00:00,6.83,1260.11
2020-09-27 21:00:00,5.15,1405.03
2020-09-27 22:00:00,20.57,1331.51
2020-09-27 23:00:00,5.4,1277.64
2020-09-28 00:00:00,6.61,1276.06
2020-09-28 01:00:00,6.76,1176.96
2020-09-28 02:00:00,6.27,1186.39
2020-09-28 03:00:00,5.95,1180.26
2020-09-28 04:00:00,5.86,1223.1
2020-09-28 05:00:00,6.42,1221.69
2020-09-28 06:00:00,9.53,1273.52
2020-09-28 07:00:00,12.94,1290.61
2020-09-28 08:00:00,12.82,1368.9
2020-09-28 09:00:00,13.26,1335.64
2020-09-28 10:00:00,15.62,1288.83
2020-09-28 11:00:00,14.85,1237.75
2020-09-28 12:00:00,16.02,1185.07
2020-09-28 13:00:00,15.43,1174.82
2020-09-28 14:00:00,15.12,1182.28
2020-09-28 15:00:00,12.38,1248.96
2020-09-28 16:00:00,10.81,1375.17
2020-09-28 17:00:00,10.89,1373.99
2020-09-28 18:00:00,10.22,1422.77
2020-09-28 19:00:00,8.71,1442.35
2020-09-28 20:00:00,8.56,1426.29
2020-09-28 21:00:00,8.3,1310.1
2020-09-28 22:00:00,8.67,1311.51
2020-09-28 23:00:00,9.17,1203.25
2020-09-29 00:00:00,8.89,1186.12
2020-09-29 01:00:00,9.02,1128.02
2020-09-29 02:00:00,10.93,1063.69
2020-09-29 03:00:00,12.04,1068.29
2020-09-29 04:00:00,12.47,1082.23
2020-09-29 05:00:00,13.59,1107.07
2020-09-29 06:00:00,13.94,1202.12
2020-09-29 07:00:00,16.04,1280.71
2020-09-29 08:00:00,18.02,1369.87
2020-09-29 09:00:00,20.6,1318.87
2020-09-29 10:00:00,19.27,1294.49
2020-09-29 11:00:00,19.53,1214.12
2020-09-29 12:00:00,18.6,1213.87
2020-09-29 13:00:00,17.32,1166.49
2020-09-29 14:00:00,18.17,1190.84
2020-09-29 15:00:00,16.83,1227.66
2020-09-29 16:00:00,15.63,1288.53
2020-09-29 17:00:00,14.78,1332.7
2020-09-29 18:00:00,13.11,1355.25
2020-09-29 19:00:00,11.71,1423.15
2020-09-29 20:00:00,10.82,1353.95
2020-09-29 21:00:00,9.85,1325.15
2020-09-29 22:00:00,10.73,1278.64
2020-09-29 23:00:00,9.19,1254.24
2020-09-30 00:00:00,7.58,1155.7
2020-09-30 01:00:00,8.77,1198.01
2020-09-30 02:00:00,7.02,1117.23
2020-09-30 03:00:00,5.79,1181.7
2020-09-30 04:00:00,6.9,1207.73
2020-09-30 05:00:00,8.46,1140.48
2020-09-30 06:00:00,9.59,1233.3
2020-09-30 07:00:00,10.64,1288.7
2020-09-30 08:00:00,12.68,1349.06
2020-09-30 09:00:00,14.35,1348.83
2020-09-30 10:00:00,13.47,1308.27
2020-09-30 11:00:00,12.34,1243.58
2020-09-30 12:00:00,12.81,1208.2
2020-09-30 13:00:00,13.35,1176.79
2020-09-30 14:00:00,13.21,1188.46
2020-09-30 15:00:00,12.07,1252.62
2020-09-30 16:00:00,10.99,1345.99
2020-09-30 17:00:00,10.87,1406.37
2020-09-30 18:00:00,9.73,1430.59
2020-09-30 19:00:00,9.32,1489.74
2020-09-30 20:00:00,8.62,1396.52
2020-09-30 21:00:00,8.23,1361.34
2020-09-30 22:00:00,8.42,1329.22
2020-09-30 23:00:00,7.43,1281.62
2020-10-01 00:00:00,6.74,1184.79
2020-10-01 01:00:00,7.83,1190.27
2020-10-01 02:00:00,7.68,1170.82
2020-10-01 03:00:00,8.75,1095.07
2020-10-01 04:00:00,8.74,1157.71
2020-10-01 05:00:00,10.42,1189.44
2020-10-01 06:00:00,12.53,1211.85
2020-10-01 07:00:00,11.76,1311.06
2020-10-01 08:00:00,13.24,1345.26
2020-10-01 09:00:00,13.73,1388.47
2020-10-01 10:00:00,13.72,1299.91
2020-10-01 11:00:00,15.61,1266.57
2020-10-01 12:00:00,14.61,1182.69
2020-10-01 13:00:00,15.34,1177.64
2020-10-01 14:00:00,13.83,1226.44
2020-10-01 15:00:00,12.7,1257.32
2020-10-01 16:00:00,10.75,1359.63
2020-10-01 17:00:00,10.09,1423.55
2020-10-01 18:00:00,9.43,1470.61
2020-10-01 19:00:00,9.99,1448.96
2020-10-01 20:00:00,9.88,1379.62
2020-10-01 21:00:00,9.61,1348.53
2020-10-01 22:00:00,8.22,1306.11
2020-10-01 23:00:00,8.68,1247.66
2020-10-02 00:00:00,7.56,1217.55
2020-10-02 01:00:00,8.08,1198.17
2020-10-02 02:00:00,8.85,1122.89
2020-10-02 03:00:00,8.93,1081.68
2020-10-02 04:00:00,9.06,1122.5
2020-10-02 05:00:00,10.42,1137.31
2020-10-02 06:00:00,10.37,1281.64
2020-10-02 07:00:00,12.06,1314.29
2020-10-02 08:00:00,13.06,1368.68
2020-10-02 09:00:00,12.49,1396.98
2020-10-02 10:00:00,14.88,1302.8
2020-10-02 11:00:00,15.82,1239.64
2020-10-02 12:00:00,15.5,1217.52
2020-10-02 13:00:00,16.41,1208.0
2020-10-02 14:00:00,16.35,1201.88
2020-10-02 15:00:00,15.32,1226.7
2020-10-02 16:00:00,14.02,1333.72
2020-10-02 17:00:00,13.43,1369.21
2020-10-02 18:00:00,12.7,1385.71
2020-10-02 19:00:00,12.42,1411.27
2020-10-02 20:00:00,12.06,1368.8
2020-10-02 21:00:00,10.21,1394.56
2020-10-02 22:00:00,9.17,1297.5
2020-10-02 23:00:00,6.97,1279.35
2020-10-03 00:00:00,8.19,1155.68
2020-10-03 01:00:00,8.19,1148.48
2020-10-03 02:00:00,10.59,1029.67
2020-10-03 03:00:00,10.48,1012.01
2020-10-03 04:00:00,10.51,1041.68
2020-10-03 05:00:00,13.48,1091.41
2020-10-03 06:00:00,14.66,1171.0
2020-10-03 07:00:00,16.34,1131.66
2020-10-03 08:00:00,17.63,1151.7
2020-10-03 09:00:00,20.76,1177.86
2020-10-03 10:00:00,21.23,1094.67
2020-10-03 11:00:00,20.47,1074.88
2020-10-03 12:00:00,21.95,1039.31
2020-10-03 13:00:00,21.1,1012.11
2020-10-03 14:00:00,21.83,1027.91
2020-10-03 15:00:00,21.38,1071.36
2020-10-03 16:00:00,19.97,1099.08
2020-10-03 17:00:00,18.82,1208.69
2020-10-03 18:00:00,17.51,1235.61
2020-10-03 19:00:00,15.1,1225.55
2020-10-03 20:00:00,11.74,1184.46
2020-10-03 21:00:00,10.85,1284.4
2020-10-03 22:00:00,10.11,1193.21
2020-10-03 23:00:00,9.79,1214.46
2020-10-04 00:00:00,11.27,1126.71
2020-10-04 01:00:00,9.77,1098.35
2020-10-04 02:00:00,9.51,1077.61
2020-10-04 03:00:00,11.26,1039.69
2020-10-04 04:00:00,12.84,1065.14
2020-10-04 05:00:00,14.69,1089.56
2020-10-04 06:00:00,15.6,1182.45
2020-10-04 07:00:00,17.44,1129.0
2020-10-04 08:00:00,18.36,1169.07
2020-10-04 09:00:00,19.16,1162.29
2020-10-04 10:00:00,18.52,1110.08
2020-10-04 11:00:00,19.86,1060.0
2020-10-04 12:00:00,20.01,1057.73
2020-10-04 13:00:00,19.93,1024.1
2020-10-04 14:00:00,18.33,989.78
2020-10-04 15:00:00,17.41,1074.15
2020-10-04 16:00:00,41.0,1164.74
2020-10-04 17:00:00,14.94,1234.76
2020-10-04 18:00:00,12.9,1216.0
2020-10-04 19:00:00,11.81,
2020-10-04 20:00:00,10.84,1249.47
2020-10-04 21:00:00,8.96,1330.88
2020-10-04 22:00:00,7.77,1304.15
2020-10-04 23:00:00,6.5,1249.34
2020-10-05 00:00:00,6.73,1201.31
2020-10-05 01:00:00,8.68,1180.36
2020-10-05 02:00:00,7.75,1135.91
2020-10-05 03:00:00,9.72,1093.61
2020-10-05 04:00:00,11.04,1132.33
2020-10-05 05:00:00,11.06,1171.01
2020-10-05 06:00:00,11.77,1178.91
2020-10-05 07:00:00,11.85,1301.51
2020-10-05 08:00:00,13.32,1371.67
2020-10-05 09:00:00,14.46,1357.57
2020-10-05 10:00:00,13.72,1290.75
2020-10-05 11:00:00,15.27,1249.33
2020-10-05 12:00:00,14.74,1220.57
2020-10-05 13:00:00,15.75,1184.75
2020-10-05 14:00:00,14.24,1207.53
2020-10-05 15:00:00,11.9,1364.67
2020-10-05 16:00:00,12.14,1275.11
2020-10-05 17:00:00,12.04,1399.16
2020-10-05 18:00:00,12.28,1376.25
2020-10-05 19:00:00,11.63,1390.62
2020-10-05 20:00:00,12.75,1390.39
2020-10-05 21:00:00,11.87,1318.84
2020-10-05 22:00:00,12.17,
2020-10-05 23:00:00,12.55,1194.38
2020-10-06 00:00:00,12.42,1143.06
2020-10-06 01:00:00,10.49,1167.72
2020-10-06 02:00:00,10.43,
2020-10-06 03:00:00,13.1,1064.26
2020-10-06 04:00:00,13.35,1085.73
2020-10-06 05:00:00,11.07,1180.09
2020-10-06 06:00:00,12.44,1230.58
2020-10-06 07:00:00,13.17,1324.52
2020-10-06 08:00:00,14.44,1334.69
2020-10-06 09:00:00,15.26,1356.32
2020-10-06 10:00:00,16.41,1271.79
2020-10-06 11:00:00,16.37,1283.6
2020-10-06 12:00:00,16.78,1232.0
2020-10-06 13:00:00,16.98,1187.97
2020-10-06 14:00:00,14.98,1233.56
2020-10-06 15:00:00,14.44,1263.12
2020-10-06 16:00:00,11.76,1276.7
2020-10-06 17:00:00,11.64,1344.08
2020-10-06 18:00:00,10.24,1456.07
2020-10-06 19:00:00,9.99,1431.3
2020-10-06 20:00:00,9.44,1412.02
2020-10-06 21:00:00,9.52,1315.7
2020-10-06 22:00:00,8.48,1310.26
2020-10-06 23:00:00,8.32,1288.39
2020-10-07 00:00:00,6.96,1235.27
2020-10-07 01:00:00,7.22,1218.0
2020-10-07 02:00:00,7.84,1155.78
2020-10-07 03:00:00,7.92,1142.34
2020-10-07 04:00:00,8.19,1125.48
2020-10-07 05:00:00,8.31,1207.62
2020-10-07 06:00:00,9.52,1250.95
2020-10-07 07:00:00,11.09,1349.56
2020-10-07 08:00:00,11.75,1376.4
2020-10-07 09:00:00,13.5,1421.3
2020-10-07 10:00:00,15.1,1306.97
2020-10-07 11:00:00,14.66,1267.57
2020-10-07 12:00:00,16.53,1198.86
2020-10-07 13:00:00,15.55,1173.14
2020-10-07 14:00:00,16.05,1197.89
2020-10-07 15:00:00,15.65,1240.5
2020-10-07 16:00:00,14.64,1312.74
2020-10-07 17:00:00,13.02,1341.76
2020-10-07 18:00:00,11.78,1466.14
2020-10-07 19:00:00,10.89,1442.91
2020-10-07 20:00:00,10.46,1351.35
2020-10-07 21:00:00,9.96,1326.37
2020-10-07 22:00:00,9.48,1304.35
2020-10-07 23:00:00,9.27,1231.56
2020-10-08 00:00:00,9.42,1194.15
2020-10-08 01:00:00,11.51,1140.49
2020-10-08 02:00:00,12.81,1071.3
2020-10-08 03:00:00,12.74,1062.53
2020-10-08 04:00:00,13.19,1092.15
2020-10-08 05:00:00,13.21,1145.19
2020-10-08 06:00:00,12.19,1226.3
2020-10-08 07:00:00,14.08,
2020-10-08 08:00:00,15.31,1338.45
2020-10-08 09:00:00,16.92,1347.38
2020-10-08 10:00:00,17.73,1327.17
2020-10-08 11:00:00,18.85,1218.39
2020-10-08 12:00:00,20.21,1193.75
2020-10-08 13:00:00,18.85,1255.79
2020-10-08 14:00:00,20.32,1229.95
2020-10-08 15:00:00,18.43,1235.44
2020-10-08 16:00:00,18.69,1295.79
2020-10-08 17:00:00,15.77,1363.16
2020-10-08 18:00:00,15.2,1408.64
2020-10-08 19:00:00,16.32,1391.13
2020-10-08 20:00:00,14.12,1284.83
2020-10-08 21:00:00,13.61,1315.64
2020-10-08 22:00:00,13.46,1273.37
2020-10-08 23:00:00,10.96,1256.15
2020-10-09 00:00:00,9.43,1213.77
2020-10-09 01:00:00,9.33,1128.16
2020-10-09 02:00:00,9.39,1135.32
2020-10-09 03:00:00,9.66,1101.57
2020-10-09 04:00:00,9.13,1161.01
2020-10-09 05:00:00,9.4,1168.07
2020-10-09 06:00:00,11.46,1224.03
2020-10-09 07:00:00,11.65,1320.27
2020-10-09 08:00:00,10.76,1380.1
2020-10-09 09:00:00,12.79,1346.09
2020-10-09 10:00:00,14.08,1339.11
2020-10-09 11:00:00,13.97,1254.53
2020-10-09 12:00:00,15.94,1201.89
2020-10-09 13:00:00,15.15,1190.49
2020-10-09 14:00:00,17.86,1187.53
2020-10-09 15:00:00,19.33,1253.09
2020-10-09 16:00:00,19.04,1309.39
2020-10-09 17:00:00,18.5,1362.37
2020-10-09 18:00:00,16.01,1415.18
2020-10-09 19:00:00,14.02,1384.24
2020-10-09 20:00:00,11.28,1378.75
2020-10-09 21:00:00,11.6,1327.5
2020-10-09 22:00:00,9.2,1320.56
2020-10-09 23:00:00,7.93,1288.73
2020-10-10 00:00:00,8.33,1195.59
2020-10-10 01:00:00,9.13,1091.38
2020-10-10 02:00:00,9.84,1037.42
2020-10-10 03:00:00,10.61,1042.5
2020-10-10 04:00:00,9.87,1065.97
2020-10-10 05:00:00,11.48,1117.79
2020-10-10 06:00:00,12.66,1158.86
2020-10-10 07:00:00,11.29,1170.23
2020-10-10 08:00:00,14.13,1204.01
2020-10-10 09:00:00,15.8,1171.77
2020-10-10 10:00:00,16.66,1096.48
2020-10-10 11:00:00,14.48,1060.23
2020-10-10 12:00:00,16.92,1009.0
2020-10-10 13:00:00,16.96,1009.47
2020-10-10 14:00:00,17.79,1000.71
2020-10-10 15:00:00,17.14,1078.63
2020-10-10 16:00:00,15.69,1120.5
2020-10-10 17:00:00,14.95,1147.05
2020-10-10 18:00:00,14.46,1237.4
2020-10-10 19:00:00,14.53,1181.45
2020-10-10 20:00:00,14.14,1154.65
2020-10-10 21:00:00,11.8,
2020-10-10 22:00:00,11.04,1157.34
2020-10-10 23:00:00,8.52,1185.97
2020-10-11 00:00:00,9.36,1086.26
2020-10-11 01:00:00,9.93,1144.19
2020-10-11 02:00:00,10.9,1091.09
2020-10-11 03:00:00,12.22,1026.29
2020-10-11 04:00:00,13.55,1022.44
2020-10-11 05:00:00,13.85,1098.18
2020-10-11 06:00:00,13.73,1172.06
2020-10-11 07:00:00,15.57,1114.06
2020-10-11 08:00:00,17.08,1182.72
2020-10-11 09:00:00,17.83,1186.53
2020-10-11 10:00:00,18.44,1112.97
2020-10-11 11:00:00,19.94,1095.92
2020-10-11 12:00:00,21.8,1057.84
2020-10-11 13:00:00,21.52,1026.6
2020-10-11 14:00:00,20.68,988.58
2020-10-11 15:00:00,17.97,1066.11
2020-10-11 16:00:00,15.98,1103.52
2020-10-11 17:00:00,15.56,1159.08
2020-10-11 18:00:00,14.01,1184.18
2020-10-11 19:00:00,12.82,1267.86
2020-10-11 20:00:00,11.89,1168.89
2020-10-11 21:00:00,10.03,1282.65
2020-10-11 22:00:00,7.27,1292.73
2020-10-11 23:00:00,6.81,1262.4
2020-10-12 00:00:00,4.9,1248.76
2020-10-12 01:00:00,4.41,1279.82
2020-10-12 02:00:00,4.38,1278.5
2020-10-12 03:00:00,5.28,1240.21
2020-10-12 04:00:00,4.45,1208.8
2020-10-12 05:00:00,6.12,1244.72
2020-10-12 06:00:00,8.38,1252.2
2020-10-12 07:00:00,9.39,1326.49
2020-10-12 08:00:00,9.05,1395.36
2020-10-12 09:00:00,9.91,1401.92
2020-10-12 10:00:00,9.92,1330.62
2020-10-12 11:00:00,11.9,1269.19
2020-10-12 12:00:00,11.57,1211.66
2020-10-12 13:00:00,10.38,1261.59
2020-10-12 14:00:00,8.24,1271.18
2020-10-12 15:00:00,8.34,1350.79
2020-10-12 16:00:00,8.49,1438.8
2020-10-12 17:00:00,7.28,1506.68
2020-10-12 18:00:00,6.21,1565.46
2020-10-12 19:00:00,5.98,1466.62
2020-10-12 20:00:00,4.37,1549.84
2020-10-12 21:00:00,2.95,1518.13
2020-10-12 22:00:00,2.49,1476.49
2020-10-12 23:00:00,2.64,1456.3
2020-10-13 00:00:00,1.44,1357.45
2020-10-13 01:00:00,1.79,1310.93
2020-10-13 02:00:00,3.94,1237.63
2020-10-13 03:00:00,4.74,1237.71
2020-10-13 04:00:00,5.2,1197.25
2020-10-13 05:00:00,2.94,1345.71
2020-10-13 06:00:00,4.86,1369.57
2020-10-13 07:00:00,7.48,1404.39
2020-10-13 08:00:00,8.98,1422.05
2020-10-13 09:00:00,10.19,1395.88
2020-10-13 10:00:00,10.73,1344.94
2020-10-13 11:00:00,10.57,1307.71
2020-10-13 12:00:00,11.71,1258.52
2020-10-13 13:00:00,12.13,1251.87
2020-10-13 14:00:00,11.23,1274.06
2020-10-13 15:00:00,10.22,1235.62
2020-10-13 16:00:00,8.38,1385.68
2020-10-13 17:00:00,7.34,1464.09
2020-10-13 18:00:00,6.73,1499.54
2020-10-13 19:00:00,5.66,1443.93
2020-10-13 20:00:00,4.67,1601.53
2020-10-13 21:00:00,2.93,1456.25
2020-10-13 22:00:00,2.56,1406.36
2020-10-13 23:00:00,3.83,1357.27
2020-10-14 00:00:00,3.56,1313.44
2020-10-14 01:00:00,3.64,1296.5
2020-10-14 02:00:00,3.47,1242.14
2020-10-14 03:00:00,3.58,1277.32
2020-10-14 04:00:00,5.25,1211.46
2020-10-14 05:00:00,7.19,1243.48
2020-10-14 06:00:00,8.75,1269.6
2020-10-14 07:00:00,9.91,1336.47
2020-10-14 08:00:00,11.38,1386.13
2020-10-14 09:00:00,12.19,1356.98
2020-10-14 10:00:00,12.64,1295.4
2020-10-14 11:00:00,12.94,1252.68
2020-10-14 12:00:00,13.22,1198.28
2020-10-14 13:00:00,13.94,1193.77
2020-10-14 14:00:00,13.11,1198.84
2020-10-14 15:00:00,12.87,1273.51
2020-10-14 16:00:00,11.87,1315.08
2020-10-14 17:00:00,10.46,1362.82
2020-10-14 18:00:00,10.29,1468.77
2020-10-14 19:00:00,10.78,1482.69
2020-10-14 20:00:00,10.08,1370.81
2020-10-14 21:00:00,7.71,1288.27
2020-10-14 22:00:00,7.34,1318.1
2020-10-14 23:00:00,6.09,1362.69
2020-10-15 00:00:00,4.53,1275.03
2020-10-15 01:00:00,3.91,1230.03
2020-10-15 02:00:00,3.7,1260.73
2020-10-15 03:00:00,5.33,1178.3
2020-10-15 04:00:00,6.74,1175.07
2020-10-15 05:00:00,9.82,1145.76
2020-10-15 06:00:00,9.51,1255.77
2020-10-15 07:00:00,10.89,1313.52
2020-10-15 08:00:00,15.98,1370.67
2020-10-15 09:00:00,16.8,1350.13
2020-10-15 10:00:00,16.86,1298.05
2020-10-15 11:00:00,17.03,1222.13
2020-10-15 12:00:00,17.66,1211.73
2020-10-15 13:00:00,17.94,1186.96
2020-10-15 14:00:00,15.74,1230.08
2020-10-15 15:00:00,17.26,1225.3
2020-10-15 16:00:00,15.22,1288.92
2020-10-15 17:00:00,14.42,1279.3
2020-10-15 18:00:00,12.6,1399.39
2020-10-15 19:00:00,10.68,1418.74
2020-10-15 20:00:00,9.13,1426.1
2020-10-15 21:00:00,8.46,1401.62
2020-10-15 22:00:00,8.74,1303.95
2020-10-15 23:00:00,9.51,1258.58
2020-10-16 00:00:00,7.67,1224.25
2020-10-16 01:00:00,7.91,1171.65
2020-10-16 02:00:00,9.96,1069.73
2020-10-16 03:00:00,10.49,1117.76
2020-10-16 04:00:00,12.84,1087.56
2020-10-16 05:00:00,14.02,1138.01
2020-10-16 06:00:00,13.96,1212.99
2020-10-16 07:00:00,16.17,1296.89
2020-10-16 08:00:00,15.61,1356.71
2020-10-16 09:00:00,16.06,1319.95
2020-10-16 10:00:00,16.71,1325.43
2020-10-16 11:00:00,16.83,1227.54
2020-10-16 12:00:00,16.99,1183.13
2020-10-16 13:00:00,17.64,1215.13
2020-10-16 14:00:00,18.09,1235.18
2020-10-16 15:00:00,17.88,1225.8
2020-10-16 16:00:00,16.41,1291.79
2020-10-16 17:00:00,15.39,1338.45
2020-10-16 18:00:00,13.94,1418.07
2020-10-16 19:00:00,12.37,1373.11
2020-10-16 20:00:00,11.57,1351.22
2020-10-16 21:00:00,10.97,1291.24
2020-10-16 22:00:00,11.79,1251.0
2020-10-16 23:00:00,12.79,1229.98
2020-10-17 00:00:00,12.7,1119.59
2020-10-17 01:00:00,11.74,1088.3
2020-10-17 02:00:00,10.91,1072.35
2020-10-17 03:00:00,10.82,1045.3
2020-10-17 04:00:00,11.45,1040.5
2020-10-17 05:00:00,12.6,1103.25
2020-10-17 06:00:00,14.41,1176.53
2020-10-17 07:00:00,15.08,1137.34
2020-10-17 08:00:00,15.47,1197.33
2020-10-17 09:00:00,17.01,1164.78
2020-10-17 10:00:00,16.2,1151.56
2020-10-17 11:00:00,15.5,1061.53
2020-10-17 12:00:00,16.32,1020.2
2020-10-17 13:00:00,15.81,1001.19
2020-10-17 14:00:00,15.36,1024.91
2020-10-17 15:00:00,15.85,1061.25
2020-10-17 16:00:00,14.66,1095.21
2020-10-17 17:00:00,14.06,
2020-10-17 18:00:00,15.36,
2020-10-17 19:00:00,13.45,1207.51
2020-10-17 20:00:00,12.28,1193.61
2020-10-17 21:00:00,10.99,
2020-10-17 22:00:00,9.45,1255.74
2020-10-17 23:00:00,8.82,1173.12
2020-10-18 00:00:00,7.42,1226.6
2020-10-18 01:00:00,5.96,1193.58
2020-10-18 02:00:00,6.42,1066.47
2020-10-18 03:00:00,7.05,1083.86
2020-10-18 04:00:00,6.22,1173.99
2020-10-18 05:00:00,6.64,1171.76
2020-10-18 06:00:00,9.63,1218.9
2020-10-18 07:00:00,11.74,
2020-10-18 08:00:00,13.49,1203.0
2020-10-18 09:00:00,12.71,1194.96
2020-10-18 10:00:00,13.75,1145.62
2020-10-18 11:00:00,15.42,1067.12
2020-10-18 12:00:00,17.35,1003.69
2020-10-18 13:00:00,16.72,
2020-10-18 14:00:00,14.69,1041.75
2020-10-18 15:00:00,14.06,1045.71
2020-10-18 16:00:00,11.31,1134.5
2020-10-18 17:00:00,9.29,1171.89
2020-10-18 18:00:00,9.42,1321.34
2020-10-18 19:00:00,8.92,1317.87
2020-10-18 20:00:00,7.93,1253.18
2020-10-18 21:00:00,8.25,1346.54
2020-10-18 22:00:00,9.03,1241.07
2020-10-18 23:00:00,9.46,1206.59
2020-10-19 00:00:00,8.8,1190.5
2020-10-19 01:00:00,7.17,1181.16
2020-10-19 02:00:00,7.77,1142.11
2020-10-19 03:00:00,9.15,1114.82
2020-10-19 04:00:00,9.43,1180.98
2020-10-19 05:00:00,10.49,1162.64
2020-10-19 06:00:00,10.86,1261.67
2020-10-19 07:00:00,10.94,1302.62
2020-10-19 08:00:00,13.31,1378.1
2020-10-19 09:00:00,15.08,1360.44
2020-10-19 10:00:00,14.93,1315.16
2020-10-19 11:00:00,16.96,1246.9
2020-10-19 12:00:00,17.25,1218.31
2020-10-19 13:00:00,16.87,1178.68
2020-10-19 14:00:00,17.84,1198.41
2020-10-19 15:00:00,16.35,1222.25
2020-10-19 16:00:00,16.12,1286.07
2020-10-19 17:00:00,15.69,1428.44
2020-10-19 18:00:00,13.88,1398.77
2020-10-19 19:00:00,15.1,1371.54
2020-10-19 20:00:00,13.88,1351.72
2020-10-19 21:00:00,13.07,1307.65
2020-10-19 22:00:00,13.76,1218.2
2020-10-19 23:00:00,13.45,1232.43
2020-10-20 00:00:00,12.57,
2020-10-20 01:00:00,12.31,1121.04
2020-10-20 02:00:00,12.77,1088.11
2020-10-20 03:00:00,14.69,
2020-10-20 04:00:00,15.53,1104.06
2020-10-20 05:00:00,15.99,1138.96
2020-10-20 06:00:00,16.6,1214.91
2020-10-20 07:00:00,16.4,1301.76
2020-10-20 08:00:00,18.27,1338.97
2020-10-20 09:00:00,17.95,1351.04
2020-10-20 10:00:00,16.45,1308.59
2020-10-20 11:00:00,16.06,1265.65
2020-10-20 12:00:00,17.55,1199.3
2020-10-20 13:00:00,17.31,
2020-10-20 14:00:00,18.58,1222.55
2020-10-20 15:00:00,19.0,1194.4
2020-10-20 16:00:00,16.97,1321.28
2020-10-20 17:00:00,15.1,1368.7
2020-10-20 18:00:00,12.6,1482.35
2020-10-20 19:00:00,13.15,1381.31
2020-10-20 20:00:00,11.53,1328.38
2020-10-20 21:00:00,9.62,1326.72
2020-10-20 22:00:00,9.36,1301.25
2020-10-20 23:00:00,8.09,1342.19
2020-10-21 00:00:00,6.84,1207.07
2020-10-21 01:00:00,7.81,1182.96
2020-10-21 02:00:00,7.09,1152.07
2020-10-21 03:00:00,8.3,1109.69
2020-10-21 04:00:00,10.12,1073.21
2020-10-21 05:00:00,10.16,1177.62
2020-10-21 06:00:00,11.72,1244.95
2020-10-21 07:00:00,12.07,1307.52
2020-10-21 08:00:00,13.4,1384.03
2020-10-21 09:00:00,13.8,1360.13
2020-10-21 10:00:00,14.55,1278.18
2020-10-21 11:00:00,15.84,1270.92
2020-10-21 12:00:00,16.32,1168.72
2020-10-21 13:00:00,15.39,1195.39
2020-10-21 14:00:00,15.86,1198.83
2020-10-21 15:00:00,16.02,1236.53
2020-10-21 16:00:00,14.2,1312.04
2020-10-21 17:00:00,12.8,1388.33
2020-10-21 18:00:00,11.78,1403.3
2020-10-21 19:00:00,10.63,1399.02
2020-10-21 20:00:00,9.88,1418.57
2020-10-21 21:00:00,8.75,1351.22
2020-10-21 22:00:00,7.73,1280.39
2020-10-21 23:00:00,7.27,1295.25
2020-10-22 00:00:00,6.95,1256.02
2020-10-22 01:00:00,7.08,1176.51
2020-10-22 02:00:00,6.44,1220.7
2020-10-22 03:00:00,6.22,1178.33
2020-10-22 04:00:00,7.74,1194.43
2020-10-22 05:00:00,8.78,1178.15
2020-10-22 06:00:00,9.37,1263.56
2020-10-22 07:00:00,10.63,1305.69
2020-10-22 08:00:00,12.05,1360.22
2020-10-22 09:00:00,13.62,1347.54
2020-10-22 10:00:00,14.16,1270.13
2020-10-22 11:00:00,13.17,1272.51
2020-10-22 12:00:00,15.58,1242.06
2020-10-22 13:00:00,15.98,1176.54
2020-10-22 14:00:00,15.83,1219.6
2020-10-22 15:00:00,14.63,
2020-10-22 16:00:00,12.44,1342.4
2020-10-22 17:00:00,9.76,1417.34
2020-10-22 18:00:00,8.18,1437.07
2020-10-22 19:00:00,5.87,1535.46
2020-10-22 20:00:00,5.9,1538.58
2020-10-22 21:00:00,5.87,1471.09
2020-10-22 22:00:00,5.92,1343.7
2020-10-22 23:00:00,3.82,1395.33
2020-10-23 00:00:00,3.1,1339.73
2020-10-23 01:00:00,2.23,1332.56
2020-10-23 02:00:00,3.0,1254.9
2020-10-23 03:00:00,2.81,1270.7
2020-10-23 04:00:00,4.26,1240.79
2020-10-23 05:00:00,5.42,1279.54
2020-10-23 06:00:00,7.66,1294.77
2020-10-23 07:00:00,7.36,1377.47
2020-10-23 08:00:00,8.1,1435.57
2020-10-23 09:00:00,10.38,1378.44
2020-10-23 10:00:00,9.56,1335.8
2020-10-23 11:00:00,9.94,
2020-10-23 12:00:00,10.83,1273.58
2020-10-23 13:00:00,10.5,1252.32
2020-10-23 14:00:00,9.96,1280.78
2020-10-23 15:00:00,11.03,1286.96
2020-10-23 16:00:00,10.82,1375.31
2020-10-23 17:00:00,9.48,1408.34
2020-10-23 18:00:00,11.43,1436.03
2020-10-23 19:00:00,10.68,1399.66
2020-10-23 20:00:00,7.21,1491.91
2020-10-23 21:00:00,5.24,1493.06
2020-10-23 22:00:00,5.07,1371.81
2020-10-23 23:00:00,4.92,1316.87
2020-10-24 00:00:00,5.32,1251.58
2020-10-24 01:00:00,4.58,1172.22
2020-10-24 02:00:00,5.02,1191.74
2020-10-24 03:00:00,5.98,1109.95
2020-10-24 04:00:00,7.37,1154.9
2020-10-24 05:00:00,5.85,1247.19
2020-10-24 06:00:00,4.25,1354.03
2020-10-24 07:00:00,4.87,1279.61
2020-10-24 08:00:00,5.39,1357.68
2020-10-24 09:00:00,5.36,1305.59
2020-10-24 10:00:00,5.14,1270.77
2020-10-24 11:00:00,4.18,1258.96
2020-10-24 12:00:00,5.47,1227.1
2020-10-24 13:00:00,6.87,1145.73
2020-10-24 14:00:00,5.61,1210.15
2020-10-24 15:00:00,5.52,1269.97
2020-10-24 16:00:00,5.03,1244.83
2020-10-24 17:00:00,4.5,1378.69
2020-10-24 18:00:00,3.06,1481.71
2020-10-24 19:00:00,2.24,1525.33
2020-10-24 20:00:00,0.16,1523.0
2020-10-24 21:00:00,0.05,1626.15
2020-10-24 22:00:00,0.01,1508.76
2020-10-24 23:00:00,1.86,1409.14
2020-10-25 00:00:00,2.89,1303.35
2020-10-25 01:00:00,2.59,1252.92
2020-10-25 02:00:00,2.31,1235.17
2020-10-25 03:00:00,3.26,1205.09
2020-10-25 04:00:00,4.21,1231.32
2020-10-25 05:00:00,5.13,1226.23
2020-10-25 06:00:00,5.72,1254.0
2020-10-25 07:00:00,6.31,1219.88
2020-10-25 08:00:00,6.96,1274.43
2020-10-25 09:00:00,8.53,1287.48
2020-10-25 10:00:00,9.14,1186.91
2020-10-25 11:00:00,9.88,1114.78
2020-10-25 12:00:00,10.96,1044.44
2020-10-25 13:00:00,9.69,1038.99
2020-10-25 14:00:00,10.65,1078.54
2020-10-25 15:00:00,10.82,1128.72
2020-10-25 16:00:00,8.36,1205.52
2020-10-25 17:00:00,8.86,1277.96
2020-10-25 18:00:00,5.86,1405.05
2020-10-25 19:00:00,4.45,1417.25
2020-10-25 20:00:00,2.33,1369.59
2020-10-25 21:00:00,0.37,1495.55
2020-10-25 22:00:00,-0.04,1496.43
2020-10-25 23:00:00,-1.37,1412.47
2020-10-26 00:00:00,-1.74,1452.32
2020-10-26 01:00:00,-2.96,1494.74
2020-10-26 02:00:00,-3.72,1480.96
2020-10-26 03:00:00,-2.88,1405.35
2020-10-26 04:00:00,-3.1,1501.81
2020-10-26 05:00:00,-2.31,1532.75
2020-10-26 06:00:00,-1.26,1560.66
2020-10-26 07:00:00,0.68,1591.03
2020-10-26 08:00:00,1.05,1651.54
2020-10-26 09:00:00,2.79,1550.84
2020-10-26 10:00:00,3.93,1508.74
2020-10-26 11:00:00,5.33,1437.42
2020-10-26 12:00:00,5.16,1363.72
2020-10-26 13:00:00,5.26,1384.9
2020-10-26 14:00:00,6.13,1350.4
2020-10-26 15:00:00,5.94,1430.02
2020-10-26 16:00:00,6.8,1388.52
2020-10-26 17:00:00,6.59,1526.53
2020-10-26 18:00:00,5.63,
2020-10-26 19:00:00,2.71,1616.48
2020-10-26 20:00:00,1.91,1601.42
2020-10-26 21:00:00,1.8,1526.66
2020-10-26 22:00:00,0.91,1528.04
2020-10-26 23:00:00,1.37,1463.31
2020-10-27 00:00:00,-0.52,1413.82
2020-10-27 01:00:00,-1.26,1443.03
2020-10-27 02:00:00,-0.35,1354.15
2020-10-27 03:00:00,0.61,1349.95
2020-10-27 04:00:00,1.06,1329.69
2020-10-27 05:00:00,0.93,1342.68
2020-10-27 06:00:00,1.94,1402.81
2020-10-27 07:00:00,3.09,1513.96
2020-10-27 08:00:00,5.37,1477.87
2020-10-27 09:00:00,7.71,1485.63
2020-10-27 10:00:00,7.26,1450.82
2020-10-27 11:00:00,5.63,1438.74
2020-10-27 12:00:00,5.92,1388.36
2020-10-27 13:00:00,6.42,1410.9
2020-10-27 14:00:00,5.28,1371.13
2020-10-27 15:00:00,4.96,1442.07
2020-10-27 16:00:00,3.87,1571.39
2020-10-27 17:00:00,2.52,1616.11
2020-10-27 18:00:00,1.09,1756.29
2020-10-27 19:00:00,-0.5,1817.66
2020-10-27 20:00:00,-2.03,1716.7
2020-10-27 21:00:00,-1.59,1625.63
2020-10-27 22:00:00,-0.53,1584.27
2020-10-27 23:00:00,0.16,1465.64
2020-10-28 00:00:00,-0.86,1429.42
2020-10-28 01:00:00,-0.55,1433.43
2020-10-28 02:00:00,0.55,1361.08
2020-10-28 03:00:00,0.75,1309.7
2020-10-28 04:00:00,1.39,1279.75
2020-10-28 05:00:00,0.62,1403.92
2020-10-28 06:00:00,2.6,1471.73
2020-10-28 07:00:00,4.65,1439.56
2020-10-28 08:00:00,4.79,1522.28
2020-10-28 09:00:00,5.75,1525.28
2020-10-28 10:00:00,5.96,1419.86
2020-10-28 11:00:00,5.7,1393.45
2020-10-28 12:00:00,7.05,1323.89
2020-10-28 13:00:00,7.76,1255.98
2020-10-28 14:00:00,4.27,1424.33
2020-10-28 15:00:00,4.87,1432.69
2020-10-28 16:00:00,3.5,1499.85
2020-10-28 17:00:00,3.9,1591.07
2020-10-28 18:00:00,4.24,1610.02
2020-10-28 19:00:00,4.38,1630.5
2020-10-28 20:00:00,3.89,1539.32
2020-10-28 21:00:00,3.2,1539.51
2020-10-28 22:00:00,0.36,1508.16
2020-10-28 23:00:00,0.34,1498.71
2020-10-29 00:00:00,1.82,1374.14
2020-10-29 01:00:00,3.65,1284.05
2020-10-29 02:00:00,1.95,1259.63
2020-10-29 03:00:00,3.33,1210.24
2020-10-29 04:00:00,4.45,1227.4
2020-10-29 05:00:00,4.5,1309.45
2020-10-29 06:00:00,5.83,1356.55
2020-10-29 07:00:00,7.38,1380.71
2020-10-29 08:00:00,9.85,1413.49
2020-10-29 09:00:00,9.9,1406.47
2020-10-29 10:00:00,10.63,1334.97
2020-10-29 11:00:00,12.14,1307.29
2020-10-29 12:00:00,12.57,1228.29
2020-10-29 13:00:00,11.26,1247.49
2020-10-29 14:00:00,10.05,1279.75
2020-10-29 15:00:00,9.11,1316.21
2020-10-29 16:00:00,9.52,1394.01
2020-10-29 17:00:00,8.52,1422.35
2020-10-29 18:00:00,7.77,1505.01
2020-10-29 19:00:00,7.01,1503.45
2020-10-29 20:00:00,6.66,1468.75
2020-10-29 21:00:00,3.47,1488.16
2020-10-29 22:00:00,1.5,1482.05
2020-10-29 23:00:00,-0.04,1483.46
2020-10-30 00:00:00,-0.18,1438.36
2020-10-30 01:00:00,1.42,1310.39
2020-10-30 02:00:00,2.4,1210.38
2020-10-30 03:00:00,2.72,1246.59
2020-10-30 04:00:00,4.48,1254.5
2020-10-30 05:00:00,5.35,1302.38
2020-10-30 06:00:00,7.8,1303.08
2020-10-30 07:00:00,9.42,1340.09
2020-10-30 08:00:00,10.42,1365.57
2020-10-30 09:00:00,9.26,1407.63
2020-10-30 10:00:00,9.6,1350.58
2020-10-30 11:00:00,9.65,1340.35
2020-10-30 12:00:00,10.45,1262.32
2020-10-30 13:00:00,10.61,1233.03
2020-10-30 14:00:00,10.65,1230.59
2020-10-30 15:00:00,9.56,1331.34
2020-10-30 16:00:00,8.91,1401.14
2020-10-30 17:00:00,8.58,1521.2
2020-10-30 18:00:00,7.39,1491.15
2020-10-30 19:00:00,5.97,1513.56
2020-10-30 20:00:00,5.32,1582.21
2020-10-30 21:00:00,5.32,1407.76
2020-10-30 22:00:00,6.71,1375.18
2020-10-30 23:00:00,7.98,1212.6
2020-10-31 00:00:00,7.3,1159.67
2020-10-31 01:00:00,8.15,1113.42
2020-10-31 02:00:00,8.6,1048.07
2020-10-31 03:00:00,8.74,1075.08
2020-10-31 04:00:00,7.32,1107.31
2020-10-31 05:00:00,7.17,1191.21
2020-10-31 06:00:00,8.27,1244.6
2020-10-31 07:00:00,9.35,1166.44
2020-10-31 08:00:00,10.96,1198.32
2020-10-31 09:00:00,11.58,1197.52
2020-10-31 10:00:00,12.95,1135.77
2020-10-31 11:00:00,14.45,1062.01
2020-10-31 12:00:00,15.34,987.27
2020-10-31 13:00:00,15.06,1027.99
2020-10-31 14:00:00,15.12,1015.45
2020-10-31 15:00:00,15.08,1048.65
2020-10-31 16:00:00,14.79,1124.04
2020-10-31 17:00:00,14.22,1190.7
2020-10-31 18:00:00,12.25,1280.47
2020-10-31 19:00:00,11.06,
2020-10-31 20:00:00,8.98,1271.32
2020-10-31 21:00:00,8.42,1347.03
2020-10-31 22:00:00,8.05,1257.27
2020-10-31 23:00:00,7.53,1196.17
2020-11-01 00:00:00,6.88,1205.7
2020-11-01 01:00:00,6.32,1223.77
2020-11-01 02:00:00,7.51,1173.24
2020-11-01 03:00:00,6.96,1132.21
2020-11-01 04:00:00,10.39,1073.19
2020-11-01 05:00:00,11.28,1167.48
2020-11-01 06:00:00,11.07,1246.58
2020-11-01 07:00:00,11.88,1194.25
2020-11-01 08:00:00,11.57,1248.75
2020-11-01 09:00:00,11.67,1237.52
2020-11-01 10:00:00,12.68,1167.72
2020-11-01 11:00:00,14.27,1111.48
2020-11-01 12:00:00,14.97,1080.11
2020-11-01 13:00:00,15.43,1082.4
2020-11-01 14:00:00,14.69,1056.44
2020-11-01 15:00:00,15.62,1105.22
2020-11-01 16:00:00,15.38,1204.67
2020-11-01 17:00:00,14.1,1202.32
2020-11-01 18:00:00,11.89,1339.18
2020-11-01 19:00:00,12.4,1254.88
2020-11-01 20:00:00,12.04,1217.83
2020-11-01 21:00:00,13.33,1278.2
2020-11-01 22:00:00,11.46,1293.94
2020-11-01 23:00:00,12.0,1234.09
2020-11-02 00:00:00,11.82,1201.0
2020-11-02 01:00:00,11.84,1175.16
2020-11-02 02:00:00,12.53,1113.09
2020-11-02 03:00:00,11.71,1147.6
2020-11-02 04:00:00,13.83,1109.65
2020-11-02 05:00:00,14.0,1173.58
2020-11-02 06:00:00,15.84,1247.39
2020-11-02 07:00:00,16.67,1326.37
2020-11-02 08:00:00,18.15,1374.09
2020-11-02 09:00:00,17.72,1395.4
2020-11-02 10:00:00,19.98,1380.57
2020-11-02 11:00:00,19.72,1302.39
2020-11-02 12:00:00,19.55,1226.43
2020-11-02 13:00:00,18.88,1248.24
2020-11-02 14:00:00,17.8,1246.62
2020-11-02 15:00:00,15.27,1236.67
2020-11-02 16:00:00,14.04,1373.86
2020-11-02 17:00:00,11.29,1439.06
2020-11-02 18:00:00,11.76,1530.48
2020-11-02 19:00:00,9.01,1428.07
2020-11-02 20:00:00,8.0,1493.02
2020-11-02 21:00:00,7.32,1405.83
2020-11-02 22:00:00,6.69,1412.36
2020-11-02 23:00:00,6.01,1391.89
2020-11-03 00:00:00,6.9,1346.16
2020-11-03 01:00:00,6.99,1201.94
2020-11-03 02:00:00,7.87,
2020-11-03 03:00:00,6.6,1213.23
2020-11-03 04:00:00,8.83,1195.38
2020-11-03 05:00:00,9.43,1213.36
2020-11-03 06:00:00,10.02,1305.32
2020-11-03 07:00:00,10.66,1328.61
2020-11-03 08:00:00,10.29,1452.3
2020-11-03 09:00:00,10.78,1460.72
2020-11-03 10:00:00,11.8,1390.09
2020-11-03 11:00:00,11.39,1314.55
2020-11-03 12:00:00,11.34,1293.53
2020-11-03 13:00:00,10.6,1272.07
2020-11-03 14:00:00,11.64,1265.21
2020-11-03 15:00:00,11.27,1352.2
2020-11-03 16:00:00,11.2,1364.21
2020-11-03 17:00:00,10.98,1453.67
2020-11-03 18:00:00,10.24,1521.42
2020-11-03 19:00:00,7.3,1581.18
2020-11-03 20:00:00,5.35,1560.62
2020-11-03 21:00:00,5.66,1497.66
2020-11-03 22:00:00,4.64,1436.35
2020-11-03 23:00:00,4.24,1391.25
2020-11-04 00:00:00,4.72,1293.22
2020-11-04 01:00:00,5.02,1274.48
2020-11-04 02:00:00,5.9,1275.1
2020-11-04 03:00:00,7.02,1221.92
2020-11-04 04:00:00,5.15,1234.97
2020-11-04 05:00:00,5.69,1324.22
2020-11-04 06:00:00,6.19,1378.22
2020-11-04 07:00:00,8.02,1420.19
2020-11-04 08:00:00,7.85,1462.73
2020-11-04 09:00:00,9.43,1439.74
2020-11-04 10:00:00,8.36,1424.12
2020-11-04 11:00:00,9.28,1378.26
2020-11-04 12:00:00,8.32,1345.42
2020-11-04 13:00:00,7.88,1334.13
2020-11-04 14:00:00,6.65,1418.04
2020-11-04 15:00:00,6.48,1467.85
2020-11-04 16:00:00,5.79,1525.5
2020-11-04 17:00:00,5.44,1611.39
2020-11-04 18:00:00,5.26,1581.08
2020-11-04 19:00:00,3.78,1653.15
2020-11-04 20:00:00,2.85,1590.15
2020-11-04 21:00:00,1.66,1580.22
2020-11-04 22:00:00,1.15,1488.05
2020-11-04 23:00:00,2.66,1464.65
2020-11-05 00:00:00,4.49,1343.03
2020-11-05 01:00:00,3.96,1297.08
2020-11-05 02:00:00,4.44,1285.19
2020-11-05 03:00:00,5.46,1263.28
2020-11-05 04:00:00,5.47,1274.21
2020-11-05 05:00:00,6.92,1220.27
2020-11-05 06:00:00,9.46,1287.27
2020-11-05 07:00:00,12.44,1379.04
2020-11-05 08:00:00,13.54,1417.8
2020-11-05 09:00:00,13.78,1432.58
2020-11-05 10:00:00,14.85,1360.0
2020-11-05 11:00:00,15.01,1289.66
2020-11-05 12:00:00,16.11,1266.72
2020-11-05 13:00:00,16.18,1243.51
2020-11-05 14:00:00,14.91,1220.34
2020-11-05 15:00:00,13.91,1321.8
2020-11-05 16:00:00,12.28,1358.42
2020-11-05 17:00:00,12.25,1423.07
2020-11-05 18:00:00,11.82,1461.15
2020-11-05 19:00:00,11.87,1494.48
2020-11-05 20:00:00,12.0,1403.31
2020-11-05 21:00:00,9.8,1459.83
2020-11-05 22:00:00,9.65,1331.05
2020-11-05 23:00:00,9.04,1318.92
2020-11-06 00:00:00,7.7,1253.47
2020-11-06 01:00:00,6.78,1227.89
2020-11-06 02:00:00,5.51,1251.0
2020-11-06 03:00:00,6.25,1230.59
2020-11-06 04:00:00,8.52,1163.04
2020-11-06 05:00:00,10.37,1232.48
2020-11-06 06:00:00,11.79,1277.46
2020-11-06 07:00:00,13.32,1337.95
2020-11-06 08:00:00,13.38,1392.69
2020-11-06 09:00:00,14.55,1395.93
2020-11-06 10:00:00,14.84,1371.77
2020-11-06 11:00:00,13.27,1292.72
2020-11-06 12:00:00,12.58,1271.51
2020-11-06 13:00:00,11.94,1275.77
2020-11-06 14:00:00,14.09,1269.81
2020-11-06 15:00:00,12.92,1319.88
2020-11-06 16:00:00,11.33,1337.13
2020-11-06 17:00:00,11.84,1470.59
2020-11-06 18:00:00,11.98,
2020-11-06 19:00:00,9.04,1497.21
2020-11-06 20:00:00,6.01,1484.21
2020-11-06 21:00:00,6.06,1434.09
2020-11-06 22:00:00,3.34,1522.24
2020-11-06 23:00:00,2.54,1475.81
2020-11-07 00:00:00,1.68,1362.25
2020-11-07 01:00:00,1.68,1327.76
2020-11-07 02:00:00,2.7,1279.78
2020-11-07 03:00:00,3.64,1223.51
2020-11-07 04:00:00,4.51,1216.22
2020-11-07 05:00:00,5.67,1279.47
2020-11-07 06:00:00,5.76,1310.78
2020-11-07 07:00:00,3.99,1379.77
2020-11-07 08:00:00,5.68,1368.72
2020-11-07 09:00:00,3.74,1431.93
2020-11-07 10:00:00,2.75,1435.88
2020-11-07 11:00:00,3.35,1353.71
2020-11-07 12:00:00,4.06,1328.3
2020-11-07 13:00:00,2.82,1383.05
2020-11-07 14:00:00,2.32,1474.41
2020-11-07 15:00:00,1.88,1428.36
2020-11-07 16:00:00,1.6,1453.02
2020-11-07 17:00:00,0.82,1549.27
2020-11-07 18:00:00,-1.35,1691.04
2020-11-07 19:00:00,-0.94,1668.67
2020-11-07 20:00:00,-0.29,1532.32
2020-11-07 21:00:00,-1.78,1596.86
2020-11-07 22:00:00,-0.8,1560.07
2020-11-07 23:00:00,-1.0,1541.86
2020-11-08 00:00:00,-0.92,1465.92
2020-11-08 01:00:00,-1.02,1320.34
2020-11-08 02:00:00,-0.98,1370.69
2020-11-08 03:00:00,1.7,
2020-11-08 04:00:00,2.75,1265.96
2020-11-08 05:00:00,3.37,1328.09
2020-11-08 06:00:00,3.08,1429.21
2020-11-08 07:00:00,1.47,1392.21
2020-11-08 08:00:00,2.37,1462.46
2020-11-08 09:00:00,1.85,1468.73
2020-11-08 10:00:00,1.73,1458.21
2020-11-08 11:00:00,2.33,1359.86
2020-11-08 12:00:00,3.03,1309.09
2020-11-08 13:00:00,2.54,1362.08
2020-11-08 14:00:00,1.93,1351.51
2020-11-08 15:00:00,3.51,1276.85
2020-11-08 16:00:00,2.13,1452.66
2020-11-08 17:00:00,1.05,1525.53
2020-11-08 18:00:00,-1.1,1693.49
2020-11-08 19:00:00,-3.61,1743.36
2020-11-08 20:00:00,-5.09,1781.42
2020-11-08 21:00:00,-4.96,1839.28
2020-11-08 22:00:00,-4.68,1729.07
2020-11-08 23:00:00,-5.05,1718.62
2020-11-09 00:00:00,-4.94,1608.91
2020-11-09 01:00:00,-6.09,1686.08
2020-11-09 02:00:00,-4.83,1573.92
2020-11-09 03:00:00,-5.81,1601.38
2020-11-09 04:00:00,-5.89,1653.51
2020-11-09 05:00:00,-3.53,1627.66
2020-11-09 06:00:00,-1.84,1605.74
2020-11-09 07:00:00,-1.5,1750.67
2020-11-09 08:00:00,-1.37,1783.28
2020-11-09 09:00:00,-1.5,1843.73
2020-11-09 10:00:00,-1.31,1719.9
2020-11-09 11:00:00,-0.39,1712.54
2020-11-09 12:00:00,-0.12,1684.29
2020-11-09 13:00:00,-0.49,1614.04
2020-11-09 14:00:00,0.2,1567.29
2020-11-09 15:00:00,-0.48,1663.07
2020-11-09 16:00:00,-2.3,1848.07
2020-11-09 17:00:00,-3.51,1987.91
2020-11-09 18:00:00,-3.56,2017.47
2020-11-09 19:00:00,-3.99,1952.79
2020-11-09 20:00:00,-4.65,1984.28
2020-11-09 21:00:00,-4.47,1880.63
2020-11-09 22:00:00,-5.24,1784.42
2020-11-09 23:00:00,-6.0,1753.82
2020-11-10 00:00:00,-6.12,1699.11
2020-11-10 01:00:00,-6.25,1679.79
2020-11-10 02:00:00,-4.69,1542.59
2020-11-10 03:00:00,-2.85,1470.25
2020-11-10 04:00:00,-1.43,1448.83
2020-11-10 05:00:00,-0.09,1478.96
2020-11-10 06:00:00,0.37,1526.39
2020-11-10 07:00:00,2.34,1560.33
2020-11-10 08:00:00,1.5,1645.81
2020-11-10 09:00:00,3.22,1629.12
2020-11-10 10:00:00,3.23,1558.11
2020-11-10 11:00:00,3.6,1505.03
2020-11-10 12:00:00,5.18,1432.33
2020-11-10 13:00:00,4.67,1490.53
2020-11-10 14:00:00,3.4,1521.62
2020-11-10 15:00:00,3.71,1446.09
2020-11-10 16:00:00,2.72,1574.73
2020-11-10 17:00:00,3.67,1675.92
2020-11-10 18:00:00,2.01,1713.64
2020-11-10 19:00:00,1.16,1677.91
2020-11-10 20:00:00,1.21,1675.51
2020-11-10 21:00:00,1.02,1658.28
2020-11-10 22:00:00,-1.09,1674.61
2020-11-10 23:00:00,-2.75,1653.67
2020-11-11 00:00:00,-1.67,1509.24
2020-11-11 01:00:00,-0.41,1413.42
2020-11-11 02:00:00,-0.27,1321.93
2020-11-11 03:00:00,0.34,1349.86
2020-11-11 04:00:00,0.23,1393.27
2020-11-11 05:00:00,1.6,1394.59
2020-11-11 06:00:00,2.74,1500.4
2020-11-11 07:00:00,3.68,1550.22
2020-11-11 08:00:00,3.4,1642.79
2020-11-11 09:00:00,2.51,1674.97
2020-11-11 10:00:00,3.07,1574.55
2020-11-11 11:00:00,2.37,1611.8
2020-11-11 12:00:00,1.96,1550.16
2020-11-11 13:00:00,1.9,1532.57
2020-11-11 14:00:00,1.36,1570.45
2020-11-11 15:00:00,1.11,1623.48
2020-11-11 16:00:00,-0.13,1750.59
2020-11-11 17:00:00,-1.72,1852.58
2020-11-11 18:00:00,-3.33,1897.54
2020-11-11 19:00:00,-3.2,1938.57
2020-11-11 20:00:00,-4.43,1872.78
2020-11-11 21:00:00,-5.55,1869.5
2020-11-11 22:00:00,-5.51,1828.59
2020-11-11 23:00:00,-5.6,1718.56
2020-11-12 00:00:00,-5.63,1685.53
2020-11-12 01:00:00,-6.7,1666.63
2020-11-12 02:00:00,-5.0,1568.04
2020-11-12 03:00:00,-3.91,1495.21
2020-11-12 04:00:00,-3.25,1519.4
2020-11-12 05:00:00,-2.78,1613.71
2020-11-12 06:00:00,-0.7,1636.51
2020-11-12 07:00:00,1.48,1598.92
2020-11-12 08:00:00,3.3,1586.71
2020-11-12 09:00:00,4.38,1633.59
2020-11-12 10:00:00,4.56,1569.52
2020-11-12 11:00:00,4.58,1486.53
2020-11-12 12:00:00,3.03,1490.12
2020-11-12 13:00:00,2.93,1507.32
2020-11-12 14:00:00,2.8,1554.28
2020-11-12 15:00:00,1.09,1673.49
2020-11-12 16:00:00,-0.2,1771.35
2020-11-12 17:00:00,-1.45,1847.23
2020-11-12 18:00:00,-2.08,1921.26
2020-11-12 19:00:00,-3.44,1977.74
2020-11-12 20:00:00,-3.18,1782.08
2020-11-12 21:00:00,-4.12,1852.01
2020-11-12 22:00:00,-5.88,1847.72
2020-11-12 23:00:00,-7.37,1857.44
2020-11-13 00:00:00,-4.63,1612.18
2020-11-13 01:00:00,-2.92,1515.34
2020-11-13 02:00:00,-1.18,1440.79
2020-11-13 03:00:00,-0.77,1422.77
2020-11-13 04:00:00,-0.91,1447.0
2020-11-13 05:00:00,0.47,1408.03
2020-11-13 06:00:00,3.5,1453.58
2020-11-13 07:00:00,6.17,1445.8
2020-11-13 08:00:00,6.32,1510.03
2020-11-13 09:00:00,7.61,1490.17
2020-11-13 10:00:00,8.38,1405.15
2020-11-13 11:00:00,8.91,1317.32
2020-11-13 12:00:00,9.41,1316.03
2020-11-13 13:00:00,10.79,1257.73
2020-11-13 14:00:00,12.1,1267.88
2020-11-13 15:00:00,11.67,1292.54
2020-11-13 16:00:00,9.99,1378.63
2020-11-13 17:00:00,8.72,1528.08
2020-11-13 18:00:00,7.98,1492.59
2020-11-13 19:00:00,7.9,1473.52
2020-11-13 20:00:00,5.78,1577.02
2020-11-13 21:00:00,5.15,1501.01
2020-11-13 22:00:00,4.75,1405.61
2020-11-13 23:00:00,2.06,1426.49
2020-11-14 00:00:00,2.23,1345.9
2020-11-14 01:00:00,1.06,1328.28
2020-11-14 02:00:00,-0.24,1333.72
2020-11-14 03:00:00,-0.33,1334.54
2020-11-14 04:00:00,0.45,1344.31
2020-11-14 05:00:00,2.7,1317.68
2020-11-14 06:00:00,3.95,1370.55
2020-11-14 07:00:00,5.48,1325.03
2020-11-14 08:00:00,6.7,1354.35
2020-11-14 09:00:00,5.54,1351.46
2020-11-14 10:00:00,5.06,1323.37
2020-11-14 11:00:00,5.16,1305.25
2020-11-14 12:00:00,6.18,1204.96
2020-11-14 13:00:00,6.71,1181.19
2020-11-14 14:00:00,7.54,1168.04
2020-11-14 15:00:00,5.55,1262.74
2020-11-14 16:00:00,6.15,1263.0
2020-11-14 17:00:00,6.37,1362.34
2020-11-14 18:00:00,4.66,1451.54
2020-11-14 19:00:00,2.64,1517.75
2020-11-14 20:00:00,1.54,1422.02
2020-11-14 21:00:00,0.18,1618.44
2020-11-14 22:00:00,0.74,1554.05
2020-11-14 23:00:00,0.96,1436.03
2020-11-15 00:00:00,-0.33,
2020-11-15 01:00:00,-0.35,1415.28
2020-11-15 02:00:00,0.53,1331.0
2020-11-15 03:00:00,2.59,1250.99
2020-11-15 04:00:00,3.43,1260.59
2020-11-15 05:00:00,4.14,1299.04
2020-11-15 06:00:00,3.18,1397.59
2020-11-15 07:00:00,5.42,1361.53
2020-11-15 08:00:00,6.0,1372.94
2020-11-15 09:00:00,6.79,1367.98
2020-11-15 10:00:00,9.38,1234.29
2020-11-15 11:00:00,7.76,1243.96
2020-11-15 12:00:00,9.55,1119.32
2020-11-15 13:00:00,9.95,1139.41
2020-11-15 14:00:00,8.2,1174.91
2020-11-15 15:00:00,7.64,1252.62
2020-11-15 16:00:00,7.12,1236.32
2020-11-15 17:00:00,6.41,1371.03
2020-11-15 18:00:00,5.62,1363.54
2020-11-15 19:00:00,5.23,1427.09
2020-11-15 20:00:00,3.86,1423.0
2020-11-15 21:00:00,3.74,1498.9
2020-11-15 22:00:00,2.91,1428.35
2020-11-15 23:00:00,2.41,1393.63
2020-11-16 00:00:00,1.71,1405.22
2020-11-16 01:00:00,2.5,1387.25
2020-11-16 02:00:00,2.58,1303.35
2020-11-16 03:00:00,2.36,1336.89
2020-11-16 04:00:00,2.35,1411.13
2020-11-16 05:00:00,3.06,1381.33
2020-11-16 06:00:00,4.02,1441.18
2020-11-16 07:00:00,5.21,1503.26
2020-11-16 08:00:00,5.86,1493.59
2020-11-16 09:00:00,7.27,1497.66
2020-11-16 10:00:00,8.27,1421.44
2020-11-16 11:00:00,7.34,1413.81
2020-11-16 12:00:00,8.38,1390.8
2020-11-16 13:00:00,9.0,1325.69
2020-11-16 14:00:00,8.72,1302.28
2020-11-16 15:00:00,8.34,1374.24
2020-11-16 16:00:00,8.67,1465.07
2020-11-16 17:00:00,6.54,1503.42
2020-11-16 18:00:00,6.73,1534.55
2020-11-16 19:00:00,3.83,1635.27
2020-11-16 20:00:00,4.01,1612.91
2020-11-16 21:00:00,2.48,1536.46
2020-11-16 22:00:00,1.93,1515.03
2020-11-16 23:00:00,1.82,1452.87
2020-11-17 00:00:00,1.55,1392.09
2020-11-17 01:00:00,0.07,1419.46
2020-11-17 02:00:00,0.49,1336.54
2020-11-17 03:00:00,0.26,1400.62
2020-11-17 04:00:00,27.1,1382.52
2020-11-17 05:00:00,0.33,1466.54
2020-11-17 06:00:00,2.14,1526.76
2020-11-17 07:00:00,1.77,1597.62
2020-11-17 08:00:00,3.42,1598.29
2020-11-17 09:00:00,4.94,1563.88
2020-11-17 10:00:00,6.82,1500.12
2020-11-17 11:00:00,9.2,1369.24
2020-11-17 12:00:00,9.09,1309.71
2020-11-17 13:00:00,8.55,1374.05
2020-11-17 14:00:00,8.02,1381.18
2020-11-17 15:00:00,5.33,1485.49
2020-11-17 16:00:00,5.51,1475.55
2020-11-17 17:00:00,2.89,1662.87
2020-11-17 18:00:00,1.49,1754.14
2020-11-17 19:00:00,0.65,1786.96
2020-11-17 20:00:00,-0.79,1760.24
2020-11-17 21:00:00,-0.45,1711.85
2020-11-17 22:00:00,-1.42,1638.4
2020-11-17 23:00:00,-0.64,1566.41
2020-11-18 00:00:00,-1.46,1515.34
2020-11-18 01:00:00,-0.7,1517.68
2020-11-18 02:00:00,0.15,1432.63
2020-11-18 03:00:00,1.5,1347.65
2020-11-18 04:00:00,3.18,1339.6
2020-11-18 05:00:00,4.01,1350.96
2020-11-18 06:00:00,6.0,1371.71
2020-11-18 07:00:00,8.11,1381.26
2020-11-18 08:00:00,8.76,1448.76
2020-11-18 09:00:00,9.77,1454.44
2020-11-18 10:00:00,9.94,1390.91
2020-11-18 11:00:00,10.22,1361.58
2020-11-18 12:00:00,11.48,1294.37
2020-11-18 13:00:00,12.63,1268.16
2020-11-18 14:00:00,10.84,1271.05
2020-11-18 15:00:00,9.52,1335.09
2020-11-18 16:00:00,8.47,1460.18
2020-11-18 17:00:00,7.63,1544.63
2020-11-18 18:00:00,6.52,1613.19
2020-11-18 19:00:00,6.47,1560.36
2020-11-18 20:00:00,5.02,1536.81
2020-11-18 21:00:00,5.65,1452.04
2020-11-18 22:00:00,4.95,1456.94
2020-11-18 23:00:00,5.17,1400.88
2020-11-19 00:00:00,6.33,1316.22
2020-11-19 01:00:00,6.37,1228.02
2020-11-19 02:00:00,6.3,1242.08
2020-11-19 03:00:00,6.54,1209.07
2020-11-19 04:00:00,7.53,1229.69
2020-11-19 05:00:00,8.49,1202.47
2020-11-19 06:00:00,8.95,1315.49
2020-11-19 07:00:00,10.09,1354.2
2020-11-19 08:00:00,9.98,1450.87
2020-11-19 09:00:00,11.6,1444.6
2020-11-19 10:00:00,13.09,
2020-11-19 11:00:00,15.12,1286.04
2020-11-19 12:00:00,15.34,1272.55
2020-11-19 13:00:00,14.44,1241.42
2020-11-19 14:00:00,15.22,1249.97
2020-11-19 15:00:00,13.44,1300.62
2020-11-19 16:00:00,13.85,1341.46
2020-11-19 17:00:00,13.54,1464.31
2020-11-19 18:00:00,12.67,1455.51
2020-11-19 19:00:00,12.72,1453.19
2020-11-19 20:00:00,12.15,1415.25
2020-11-19 21:00:00,11.28,1370.04
2020-11-19 22:00:00,10.61,1334.87
2020-11-19 23:00:00,8.91,1355.53
2020-11-20 00:00:00,7.5,1264.38
2020-11-20 01:00:00,8.51,1223.96
2020-11-20 02:00:00,9.85,1172.83
2020-11-20 03:00:00,9.25,1145.25
2020-11-20 04:00:00,10.69,1150.45
2020-11-20 05:00:00,11.75,1178.75
2020-11-20 06:00:00,12.88,1256.02
2020-11-20 07:00:00,15.03,1329.83
2020-11-20 08:00:00,15.4,1382.69
2020-11-20 09:00:00,15.06,1404.14
2020-11-20 10:00:00,17.92,1358.78
2020-11-20 11:00:00,19.49,1281.49
2020-11-20 12:00:00,20.21,1261.66
2020-11-20 13:00:00,18.42,1251.31
2020-11-20 14:00:00,17.81,1274.33
2020-11-20 15:00:00,15.09,1310.03
2020-11-20 16:00:00,14.07,1323.63
2020-11-20 17:00:00,14.98,
2020-11-20 18:00:00,13.19,1457.43
2020-11-20 19:00:00,11.93,1456.63
2020-11-20 20:00:00,11.44,1437.41
2020-11-20 21:00:00,11.99,1387.76
2020-11-20 22:00:00,11.16,1350.22
2020-11-20 23:00:00,11.11,1221.75
2020-11-21 00:00:00,11.48,1147.47
2020-11-21 01:00:00,11.64,1125.95
2020-11-21 02:00:00,10.98,1083.34
2020-11-21 03:00:00,11.57,1093.43
2020-11-21 04:00:00,12.65,1088.34
2020-11-21 05:00:00,14.01,1147.2
2020-11-21 06:00:00,14.78,1220.16
2020-11-21 07:00:00,16.43,1124.6
2020-11-21 08:00:00,15.79,1221.57
2020-11-21 09:00:00,14.74,1201.11
2020-11-21 10:00:00,15.88,1158.22
2020-11-21 11:00:00,16.48,1141.27
2020-11-21 12:00:00,17.19,1067.74
2020-11-21 13:00:00,17.21,1061.82
2020-11-21 14:00:00,16.31,1075.91
2020-11-21 15:00:00,15.03,1052.07
2020-11-21 16:00:00,13.57,1179.12
2020-11-21 17:00:00,12.63,1277.14
2020-11-21 18:00:00,12.19,1248.44
2020-11-21 19:00:00,10.36,1260.47
2020-11-21 20:00:00,8.26,1263.6
2020-11-21 21:00:00,5.75,1421.95
2020-11-21 22:00:00,5.58,1345.73
2020-11-21 23:00:00,5.42,1316.16
2020-11-22 00:00:00,5.63,1244.32
2020-11-22 01:00:00,6.09,1227.35
2020-11-22 02:00:00,5.54,1181.32
2020-11-22 03:00:00,7.13,1128.07
2020-11-22 04:00:00,7.71,1133.11
2020-11-22 05:00:00,8.58,1159.21
2020-11-22 06:00:00,9.23,1233.78
2020-11-22 07:00:00,10.47,1192.9
2020-11-22 08:00:00,10.78,1252.53
2020-11-22 09:00:00,12.54,1239.72
2020-11-22 10:00:00,14.05,1169.08
2020-11-22 11:00:00,14.77,1104.75
2020-11-22 12:00:00,15.59,1113.54
2020-11-22 13:00:00,14.35,1098.7
2020-11-22 14:00:00,13.16,1105.43
2020-11-22 15:00:00,11.96,1184.1
2020-11-22 16:00:00,10.13,1169.06
2020-11-22 17:00:00,8.43,1234.21
2020-11-22 18:00:00,6.69,1419.09
2020-11-22 19:00:00,4.07,1460.52
2020-11-22 20:00:00,2.41,1454.74
2020-11-22 21:00:00,2.82,1561.29
2020-11-22 22:00:00,2.64,1428.57
2020-11-22 23:00:00,-0.01,1488.73
2020-11-23 00:00:00,-1.26,1476.28
2020-11-23 01:00:00,-0.52,1441.37
2020-11-23 02:00:00,0.2,1423.55
2020-11-23 03:00:00,-0.37,1375.15
2020-11-23 04:00:00,1.52,1371.32
2020-11-23 05:00:00,1.46,1396.59
2020-11-23 06:00:00,2.24,1554.02
2020-11-23 07:00:00,1.48,1600.84
2020-11-23 08:00:00,1.19,1667.22
2020-11-23 09:00:00,0.22,1692.77
2020-11-23 10:00:00,1.24,1640.11
2020-11-23 11:00:00,2.99,1565.17
2020-11-23 12:00:00,1.99,1544.53
2020-11-23 13:00:00,2.12,1519.56
2020-11-23 14:00:00,2.43,1563.45
2020-11-23 15:00:00,2.08,1593.4
2020-11-23 16:00:00,0.75,1699.46
2020-11-23 17:00:00,0.75,1794.51
2020-11-23 18:00:00,-0.33,1906.96
2020-11-23 19:00:00,-1.57,1889.88
2020-11-23 20:00:00,-2.67,1811.58
2020-11-23 21:00:00,-3.96,1876.25
2020-11-23 22:00:00,-2.33,1577.31
2020-11-23 23:00:00,-2.59,1699.31
2020-11-24 00:00:00,-2.81,1553.76
2020-11-24 01:00:00,-2.21,1531.41
2020-11-24 02:00:00,-2.38,1465.21
2020-11-24 03:00:00,-0.83,1413.97
2020-11-24 04:00:00,-1.47,1447.62
2020-11-24 05:00:00,-1.36,1440.53
2020-11-24 06:00:00,0.37,1540.03
2020-11-24 07:00:00,0.35,1621.03
2020-11-24 08:00:00,2.0,1665.05
2020-11-24 09:00:00,4.03,1593.05
2020-11-24 10:00:00,5.55,1509.44
2020-11-24 11:00:00,6.0,1436.32
2020-11-24 12:00:00,4.31,1417.32
2020-11-24 13:00:00,4.38,1437.31
2020-11-24 14:00:00,4.83,1401.73
2020-11-24 15:00:00,4.0,1542.07
2020-11-24 16:00:00,3.75,1606.87
2020-11-24 17:00:00,1.67,1718.04
2020-11-24 18:00:00,1.04,1793.79
2020-11-24 19:00:00,0.27,1744.98
2020-11-24 20:00:00,-1.58,1792.32
2020-11-24 21:00:00,-1.83,1754.1
2020-11-24 22:00:00,-3.64,1805.9
2020-11-24 23:00:00,-4.09,1616.42
2020-11-25 00:00:00,-2.84,1500.48
2020-11-25 01:00:00,-3.08,1490.37
2020-11-25 02:00:00,-5.21,1571.0
2020-11-25 03:00:00,-5.4,1496.38
2020-11-25 04:00:00,-3.51,1488.6
2020-11-25 05:00:00,-0.9,1419.06
2020-11-25 06:00:00,0.17,1463.59
2020-11-25 07:00:00,0.97,1517.28
2020-11-25 08:00:00,0.88,1522.81
2020-11-25 09:00:00,2.31,1510.53
2020-11-25 10:00:00,3.25,1497.66
2020-11-25 11:00:00,3.97,1421.32
2020-11-25 12:00:00,5.8,1291.9
2020-11-25 13:00:00,4.2,1322.25
2020-11-25 14:00:00,4.3,1345.47
2020-11-25 15:00:00,3.69,1387.31
2020-11-25 16:00:00,3.61,1417.18
2020-11-25 17:00:00,4.29,1518.1
2020-11-25 18:00:00,3.44,1620.81
2020-11-25 19:00:00,2.12,1562.02
2020-11-25 20:00:00,-0.29,1544.54
2020-11-25 21:00:00,1.38,1624.34
2020-11-25 22:00:00,0.26,1481.25
2020-11-25 23:00:00,-1.41,1568.8
2020-11-26 00:00:00,-0.63,1383.03
2020-11-26 01:00:00,-0.46,1270.43
2020-11-26 02:00:00,-0.7,
2020-11-26 03:00:00,-1.72,1285.39
2020-11-26 04:00:00,-3.55,1385.54
2020-11-26 05:00:00,-2.34,
2020-11-26 06:00:00,-2.23,1526.62
2020-11-26 07:00:00,-0.82,1275.98
2020-11-26 08:00:00,0.58,
2020-11-26 09:00:00,1.79,1315.57
2020-11-26 10:00:00,1.45,
2020-11-26 11:00:00,2.55,
2020-11-26 12:00:00,3.56,1202.5
2020-11-26 13:00:00,3.82,1141.58
2020-11-26 14:00:00,3.52,1101.11
2020-11-26 15:00:00,1.97,1181.9
2020-11-26 16:00:00,2.05,1223.93
2020-11-26 17:00:00,1.48,1427.4
2020-11-26 18:00:00,0.83,1339.45
2020-11-26 19:00:00,-2.25,1475.47
2020-11-26 20:00:00,-1.98,1420.86
2020-11-26 21:00:00,-2.88,1718.63
2020-11-26 22:00:00,-3.91,
2020-11-26 23:00:00,-4.45,
2020-11-27 00:00:00,-5.41,1639.1
2020-11-27 01:00:00,-4.46,1561.04
2020-11-27 02:00:00,-4.87,1526.6
2020-11-27 03:00:00,-4.32,1529.32
2020-11-27 04:00:00,-4.75,1516.88
2020-11-27 05:00:00,-2.85,1520.72
2020-11-27 06:00:00,-1.34,1577.67
2020-11-27 07:00:00,0.89,1495.09
2020-11-27 08:00:00,2.37,1510.78
2020-11-27 09:00:00,3.88,1477.23
2020-11-27 10:00:00,4.35,1432.69
2020-11-27 11:00:00,4.86,1352.2
2020-11-27 12:00:00,6.03,1293.41
2020-11-27 13:00:00,6.85,1251.62
2020-11-27 14:00:00,5.79,
2020-11-27 15:00:00,5.35,1408.45
2020-11-27 16:00:00,4.6,1383.59
2020-11-27 17:00:00,2.4,1492.83
2020-11-27 18:00:00,2.97,1623.52
2020-11-27 19:00:00,0.62,1672.71
2020-11-27 20:00:00,-1.13,1673.01
2020-11-27 21:00:00,-2.78,1677.87
2020-11-27 22:00:00,-3.32,1657.79
2020-11-27 23:00:00,-4.5,1669.3
2020-11-28 00:00:00,-5.08,1582.82
2020-11-28 01:00:00,-6.58,1617.29
2020-11-28 02:00:00,-5.7,1523.38
2020-11-28 03:00:00,-3.61,
2020-11-28 04:00:00,-1.4,1399.7
2020-11-28 05:00:00,-0.6,1479.78
2020-11-28 06:00:00,1.07,1464.52
2020-11-28 07:00:00,1.74,1408.55
2020-11-28 08:00:00,0.86,1518.8
2020-11-28 09:00:00,2.48,1449.37
2020-11-28 10:00:00,2.99,1442.66
2020-11-28 11:00:00,2.97,1425.04
2020-11-28 12:00:00,6.22,1218.14
2020-11-28 13:00:00,6.1,1198.41
2020-11-28 14:00:00,4.55,1248.92
2020-11-28 15:00:00,4.98,1246.99
2020-11-28 16:00:00,4.11,1424.63
2020-11-28 17:00:00,3.01,1517.48
2020-11-28 18:00:00,3.94,1543.97
2020-11-28 19:00:00,3.72,1499.5
2020-11-28 20:00:00,2.09,1410.97
2020-11-28 21:00:00,0.68,1532.1
2020-11-28 22:00:00,0.64,1508.12
2020-11-28 23:00:00,-1.43,1513.7
2020-11-29 00:00:00,-2.21,1460.58
2020-11-29 01:00:00,-1.72,1454.12
2020-11-29 02:00:00,-1.3,1389.73
2020-11-29 03:00:00,-1.1,1323.8
2020-11-29 04:00:00,-0.84,1381.88
2020-11-29 05:00:00,0.8,1353.63
2020-11-29 06:00:00,0.02,1467.6
2020-11-29 07:00:00,0.49,1486.5
2020-11-29 08:00:00,2.42,1465.09
2020-11-29 09:00:00,4.87,1351.01
2020-11-29 10:00:00,7.0,1268.17
2020-11-29 11:00:00,8.4,1168.74
2020-11-29 12:00:00,8.15,1163.27
2020-11-29 13:00:00,8.12,1134.3
2020-11-29 14:00:00,6.37,1186.15
2020-11-29 15:00:00,5.82,1344.82
2020-11-29 16:00:00,4.48,1312.86
2020-11-29 17:00:00,1.12,1548.7
2020-11-29 18:00:00,0.86,1527.89
2020-11-29 19:00:00,0.4,1608.95
2020-11-29 20:00:00,-0.12,1543.09
2020-11-29 21:00:00,-1.63,1722.72
2020-11-29 22:00:00,-2.03,1599.72
2020-11-29 23:00:00,-2.59,1546.04
2020-11-30 00:00:00,-3.16,1561.33
2020-11-30 01:00:00,-0.89,1451.22
2020-11-30 02:00:00,-1.7,1531.15
2020-11-30 03:00:00,0.86,1393.53
2020-11-30 04:00:00,0.87,1421.44
2020-11-30 05:00:00,3.82,1384.38
2020-11-30 06:00:00,4.27,1476.02
2020-11-30 07:00:00,4.43,1514.31
2020-11-30 08:00:00,4.33,1578.44
2020-11-30 09:00:00,4.32,1598.16
2020-11-30 10:00:00,4.67,1524.17
2020-11-30 11:00:00,5.19,1448.09
2020-11-30 12:00:00,4.37,1504.99
2020-11-30 13:00:00,4.94,1415.64
2020-11-30 14:00:00,4.67,1517.18
2020-11-30 15:00:00,4.15,1420.11
2020-11-30 16:00:00,3.5,1630.69
2020-11-30 17:00:00,2.0,1698.03
2020-11-30 18:00:00,-0.01,1784.91
2020-11-30 19:00:00,-0.51,1805.0
2020-11-30 20:00:00,-0.63,1679.5
2020-11-30 21:00:00,-0.78,1714.25
2020-11-30 22:00:00,-1.7,1699.24
2020-11-30 23:00:00,-2.1,1649.05
2020-12-01 00:00:00,-2.3,1607.28
2020-12-01 01:00:00,-2.31,1539.12
2020-12-01 02:00:00,-2.92,1564.36
2020-12-01 03:00:00,-2.01,1513.7
2020-12-01 04:00:00,-1.82,1546.88
2020-12-01 05:00:00,-0.15,1525.18
2020-12-01 06:00:00,3.79,1515.31
2020-12-01 07:00:00,4.48,1550.12
2020-12-01 08:00:00,5.24,1568.85
2020-12-01 09:00:00,5.33,1614.72
2020-12-01 10:00:00,7.69,1513.32
2020-12-01 11:00:00,7.26,1470.01
2020-12-01 12:00:00,7.18,1418.89
2020-12-01 13:00:00,6.89,1380.44
2020-12-01 14:00:00,5.2,1509.77
2020-12-01 15:00:00,2.86,1611.28
2020-12-01 16:00:00,2.06,1630.23
2020-12-01 17:00:00,2.11,1723.54
2020-12-01 18:00:00,0.64,1852.26
2020-12-01 19:00:00,-0.47,1864.73
2020-12-01 20:00:00,-1.37,1772.8
2020-12-01 21:00:00,-1.23,1839.16
2020-12-01 22:00:00,-1.15,1758.9
2020-12-01 23:00:00,-0.17,1574.84
2020-12-02 00:00:00,-1.21,1504.26
2020-12-02 01:00:00,-0.02,1514.2
2020-12-02 02:00:00,-1.12,1486.47
2020-12-02 03:00:00,-0.48,1424.86
2020-12-02 04:00:00,-0.34,1504.17
2020-12-02 05:00:00,0.12,1504.58
2020-12-02 06:00:00,-0.06,1610.03
2020-12-02 07:00:00,3.26,1575.66
2020-12-02 08:00:00,4.04,1616.19
2020-12-02 09:00:00,5.31,1611.65
2020-12-02 10:00:00,5.19,1535.88
2020-12-02 11:00:00,5.68,1486.7
2020-12-02 12:00:00,4.66,
2020-12-02 13:00:00,3.67,1489.37
2020-12-02 14:00:00,4.23,1614.64
2020-12-02 15:00:00,3.25,1610.1
2020-12-02 16:00:00,2.5,1685.74
2020-12-02 17:00:00,1.91,1760.13
2020-12-02 18:00:00,0.27,1843.87
2020-12-02 19:00:00,-1.47,1896.74
2020-12-02 20:00:00,-1.85,1829.56
2020-12-02 21:00:00,-1.2,1759.13
2020-12-02 22:00:00,-1.93,1711.19
2020-12-02 23:00:00,-1.14,1687.35
2020-12-03 00:00:00,-1.85,1579.92
2020-12-03 01:00:00,-2.22,1538.34
2020-12-03 02:00:00,-3.08,1593.91
2020-12-03 03:00:00,-2.6,1543.5
2020-12-03 04:00:00,-1.92,1512.59
2020-12-03 05:00:00,-0.75,1536.83
2020-12-03 06:00:00,2.09,1552.36
2020-12-03 07:00:00,4.16,1588.88
2020-12-03 08:00:00,6.06,1567.82
2020-12-03 09:00:00,5.67,1612.72
2020-12-03 10:00:00,5.84,1553.22
2020-12-03 11:00:00,7.14,1450.21
2020-12-03 12:00:00,7.34,1401.71
2020-12-03 13:00:00,7.08,1422.35
2020-12-03 14:00:00,6.89,1466.35
2020-12-03 15:00:00,5.4,1517.13
2020-12-03 16:00:00,5.0,1647.51
2020-12-03 17:00:00,3.6,1675.81
2020-12-03 18:00:00,1.79,1823.8
2020-12-03 19:00:00,0.57,1756.62
2020-12-03 20:00:00,-0.68,1804.15
2020-12-03 21:00:00,-3.93,1827.9
2020-12-03 22:00:00,-3.45,1767.25
2020-12-03 23:00:00,-4.23,1772.16
2020-12-04 00:00:00,-3.89,1594.69
2020-12-04 01:00:00,-3.65,1586.99
2020-12-04 02:00:00,-2.19,1456.58
2020-12-04 03:00:00,-2.72,1494.35
2020-12-04 04:00:00,-0.1,1430.29
2020-12-04 05:00:00,0.16,1464.02
2020-12-04 06:00:00,0.45,1583.36
2020-12-04 07:00:00,3.47,1629.01
2020-12-04 08:00:00,3.3,1632.49
2020-12-04 09:00:00,2.82,1652.22
2020-12-04 10:00:00,2.7,1662.1
2020-12-04 11:00:00,3.64,1589.66
2020-12-04 12:00:00,3.32,1540.84
2020-12-04 13:00:00,2.54,1582.12
2020-12-04 14:00:00,0.93,1580.05
2020-12-04 15:00:00,1.64,1706.19
2020-12-04 16:00:00,1.55,1658.67
2020-12-04 17:00:00,1.24,1768.33
2020-12-04 18:00:00,1.92,1719.15
2020-12-04 19:00:00,0.82,1817.42
2020-12-04 20:00:00,-0.12,1795.55
2020-12-04 21:00:00,-0.06,1689.93
2020-12-04 22:00:00,-0.97,1692.88
2020-12-04 23:00:00,-2.16,1673.92
2020-12-05 00:00:00,-2.4,1545.16
2020-12-05 01:00:00,-3.42,1541.78
2020-12-05 02:00:00,-2.29,1479.79
2020-12-05 03:00:00,-1.83,1500.82
2020-12-05 04:00:00,-1.08,1437.0
2020-12-05 05:00:00,-2.25,1556.88
2020-12-05 06:00:00,-0.92,1584.87
2020-12-05 07:00:00,-0.0,1567.81
2020-12-05 08:00:00,1.25,1535.0
2020-12-05 09:00:00,2.94,1544.46
2020-12-05 10:00:00,5.82,1369.44
2020-12-05 11:00:00,5.82,1323.05
2020-12-05 12:00:00,7.11,1240.51
2020-12-05 13:00:00,8.01,1192.05
2020-12-05 14:00:00,6.75,1319.88
2020-12-05 15:00:00,7.15,1271.36
2020-12-05 16:00:00,5.82,1345.92
2020-12-05 17:00:00,3.42,1535.03
2020-12-05 18:00:00,3.17,1618.72
2020-12-05 19:00:00,1.02,1633.09
2020-12-05 20:00:00,0.82,1578.0
2020-12-05 21:00:00,-1.08,1746.27
2020-12-05 22:00:00,-1.14,1698.88
2020-12-05 23:00:00,-0.91,1600.24
2020-12-06 00:00:00,-2.18,1503.51
2020-12-06 01:00:00,-1.57,1484.26
2020-12-06 02:00:00,-1.23,1391.27
2020-12-06 03:00:00,-0.89,1425.39
2020-12-06 04:00:00,0.81,1374.46
2020-12-06 05:00:00,2.04,1365.07
2020-12-06 06:00:00,4.57,1386.52
2020-12-06 07:00:00,5.82,1293.56
2020-12-06 08:00:00,5.64,1401.7
2020-12-06 09:00:00,6.77,1393.72
2020-12-06 10:00:00,6.84,1374.86
2020-12-06 11:00:00,7.23,1302.28
2020-12-06 12:00:00,6.73,1220.84
2020-12-06 13:00:00,5.78,1332.14
2020-12-06 14:00:00,6.94,1275.69
2020-12-06 15:00:00,6.97,1275.23
2020-12-06 16:00:00,7.24,1370.75
2020-12-06 17:00:00,6.69,1419.1
2020-12-06 18:00:00,5.45,1424.7
2020-12-06 19:00:00,4.77,1544.18
2020-12-06 20:00:00,4.98,1397.62
2020-12-06 21:00:00,3.48,1541.51
2020-12-06 22:00:00,3.47,1486.17
2020-12-06 23:00:00,3.4,1476.24
2020-12-07 00:00:00,3.17,1419.78
2020-12-07 01:00:00,2.45,1407.96
2020-12-07 02:00:00,2.02,1374.81
2020-12-07 03:00:00,3.01,1356.8
2020-12-07 04:00:00,5.23,1299.22
2020-12-07 05:00:00,5.88,1320.93
2020-12-07 06:00:00,5.39,1448.44
2020-12-07 07:00:00,7.46,1490.13
2020-12-07 08:00:00,7.4,
2020-12-07 09:00:00,8.46,1510.55
2020-12-07 10:00:00,8.18,1520.54
2020-12-07 11:00:00,8.67,1423.01
2020-12-07 12:00:00,8.16,1399.81
2020-12-07 13:00:00,9.92,1346.22
2020-12-07 14:00:00,8.97,1372.18
2020-12-07 15:00:00,7.54,1420.78
2020-12-07 16:00:00,5.67,1555.81
2020-12-07 17:00:00,4.56,1642.44
2020-12-07 18:00:00,2.67,1754.17
2020-12-07 19:00:00,0.52,1800.56
2020-12-07 20:00:00,0.38,1730.06
2020-12-07 21:00:00,-0.72,1726.99
2020-12-07 22:00:00,1.11,1642.01
2020-12-07 23:00:00,1.71,1559.26
2020-12-08 00:00:00,1.72,1412.39
2020-12-08 01:00:00,1.04,1456.26
2020-12-08 02:00:00,1.24,1398.6
2020-12-08 03:00:00,3.71,1308.38
2020-12-08 04:00:00,1.96,1335.75
2020-12-08 05:00:00,0.81,1503.38
2020-12-08 06:00:00,3.12,1512.84
2020-12-08 07:00:00,5.24,1552.87
2020-12-08 08:00:00,7.35,1595.08
2020-12-08 09:00:00,7.34,1550.03
2020-12-08 10:00:00,8.94,1499.95
2020-12-08 11:00:00,8.47,1439.41
2020-12-08 12:00:00,7.4,1453.01
2020-12-08 13:00:00,6.87,1408.78
2020-12-08 14:00:00,5.8,1482.13
2020-12-08 15:00:00,4.35,1532.01
2020-12-08 16:00:00,3.68,1694.1
2020-12-08 17:00:00,2.78,1646.21
2020-12-08 18:00:00,2.92,1793.74
2020-12-08 19:00:00,1.15,1775.62
2020-12-08 20:00:00,0.74,1744.57
2020-12-08 21:00:00,1.27,1675.77
2020-12-08 22:00:00,-1.02,1706.74
2020-12-08 23:00:00,-0.88,1600.2
2020-12-09 00:00:00,-1.07,1558.59
2020-12-09 01:00:00,-2.05,1558.29
2020-12-09 02:00:00,-1.6,1448.49
2020-12-09 03:00:00,0.18,1441.25
2020-12-09 04:00:00,1.25,1431.22
2020-12-09 05:00:00,2.23,1448.77
2020-12-09 06:00:00,2.84,1489.1
2020-12-09 07:00:00,2.49,1635.8
2020-12-09 08:00:00,2.9,1681.5
2020-12-09 09:00:00,4.52,1647.64
2020-12-09 10:00:00,5.34,1601.37
2020-12-09 11:00:00,5.62,1479.86
2020-12-09 12:00:00,4.57,1508.76
2020-12-09 13:00:00,4.64,1523.6
2020-12-09 14:00:00,4.97,1546.77
2020-12-09 15:00:00,4.09,1538.84
2020-12-09 16:00:00,2.35,1684.56
2020-12-09 17:00:00,1.9,1741.37
2020-12-09 18:00:00,-0.34,1804.51
2020-12-09 19:00:00,-1.76,2008.73
2020-12-09 20:00:00,-1.06,1820.78
2020-12-09 21:00:00,-2.63,1838.37
2020-12-09 22:00:00,-4.27,1805.73
2020-12-09 23:00:00,-5.8,1887.34
2020-12-10 00:00:00,-4.47,1653.21
2020-12-10 01:00:00,-4.31,1643.18
2020-12-10 02:00:00,-3.86,1563.94
2020-12-10 03:00:00,-2.96,1545.35
2020-12-10 04:00:00,-3.31,1636.68
2020-12-10 05:00:00,-3.68,1625.6
2020-12-10 06:00:00,-2.87,1693.76
2020-12-10 07:00:00,-1.1,1767.68
2020-12-10 08:00:00,0.15,1809.12
2020-12-10 09:00:00,-0.18,1765.07
2020-12-10 10:00:00,-0.66,1822.77
2020-12-10 11:00:00,1.38,1645.78
2020-12-10 12:00:00,3.18,1560.83
2020-12-10 13:00:00,3.42,1592.47
2020-12-10 14:00:00,3.82,1546.32
2020-12-10 15:00:00,2.14,1638.92
2020-12-10 16:00:00,0.82,1744.95
2020-12-10 17:00:00,-0.63,1892.21
2020-12-10 18:00:00,-1.5,1958.75
2020-12-10 19:00:00,-1.67,1826.18
2020-12-10 20:00:00,-1.99,1820.19
2020-12-10 21:00:00,-4.48,1822.53
2020-12-10 22:00:00,-4.93,1929.9
2020-12-10 23:00:00,-5.29,1812.44
2020-12-11 00:00:00,-4.02,1623.57
2020-12-11 01:00:00,-3.79,1557.03
2020-12-11 02:00:00,-3.16,1551.19
2020-12-11 03:00:00,-3.36,1623.35
2020-12-11 04:00:00,-3.37,1601.29
2020-12-11 05:00:00,-4.35,
2020-12-11 06:00:00,-2.61,1695.1
2020-12-11 07:00:00,0.04,1700.38
2020-12-11 08:00:00,1.03,1744.57
2020-12-11 09:00:00,1.37,1770.64
2020-12-11 10:00:00,1.38,1750.03
2020-12-11 11:00:00,3.97,1570.02
2020-12-11 12:00:00,6.51,1393.86
2020-12-11 13:00:00,7.39,1394.98
2020-12-11 14:00:00,5.08,1478.8
2020-12-11 15:00:00,5.04,1507.75
2020-12-11 16:00:00,5.38,1589.47
2020-12-11 17:00:00,4.41,1685.16
2020-12-11 18:00:00,2.7,1824.57
2020-12-11 19:00:00,1.52,1755.5
2020-12-11 20:00:00,0.23,1762.02
2020-12-11 21:00:00,-0.06,1665.44
2020-12-11 22:00:00,-0.04,1698.71
2020-12-11 23:00:00,-0.66,1542.61
2020-12-12 00:00:00,-0.67,1485.15
2020-12-12 01:00:00,-0.85,1412.13
2020-12-12 02:00:00,-0.4,1414.91
2020-12-12 03:00:00,-0.74,1398.78
2020-12-12 04:00:00,1.12,1341.34
2020-12-12 05:00:00,2.36,1434.25
2020-12-12 06:00:00,2.97,1474.93
2020-12-12 07:00:00,3.63,1426.7
2020-12-12 08:00:00,4.31,1435.42
2020-12-12 09:00:00,3.27,1465.45
2020-12-12 10:00:00,3.2,1457.92
2020-12-12 11:00:00,4.16,1366.21
2020-12-12 12:00:00,3.88,1375.33
2020-12-12 13:00:00,4.81,1344.07
2020-12-12 14:00:00,4.65,1397.86
2020-12-12 15:00:00,2.88,1467.82
2020-12-12 16:00:00,1.02,1542.68
2020-12-12 17:00:00,0.47,
2020-12-12 18:00:00,-0.62,1613.89
2020-12-12 19:00:00,-2.37,1731.43
2020-12-12 20:00:00,-2.84,1654.74
2020-12-12 21:00:00,-3.63,
2020-12-12 22:00:00,-4.54,1781.01
2020-12-12 23:00:00,-5.25,1815.87
2020-12-13 00:00:00,-4.8,1623.24
2020-12-13 01:00:00,-3.44,1553.45
2020-12-13 02:00:00,-3.43,1539.82
2020-12-13 03:00:00,-3.42,1508.25
2020-12-13 04:00:00,-3.14,1517.36
2020-12-13 05:00:00,-2.74,1538.76
2020-12-13 06:00:00,-0.8,1517.15
2020-12-13 07:00:00,-0.37,1503.31
2020-12-13 08:00:00,0.52,1557.83
2020-12-13 09:00:00,1.19,1581.63
2020-12-13 10:00:00,1.23,1515.1
2020-12-13 11:00:00,1.69,1510.9
2020-12-13 12:00:00,2.29,1417.88
2020-12-13 13:00:00,3.52,1416.23
2020-12-13 14:00:00,3.61,1369.76
2020-12-13 15:00:00,3.15,
2020-12-13 16:00:00,1.21,1504.87
2020-12-13 17:00:00,0.13,1651.1
2020-12-13 18:00:00,-1.9,1786.92
2020-12-13 19:00:00,-2.46,1743.18
2020-12-13 20:00:00,-2.26,1705.66
2020-12-13 21:00:00,-1.56,1692.69
2020-12-13 22:00:00,-2.84,1678.4
2020-12-13 23:00:00,-4.3,1698.17
2020-12-14 00:00:00,-5.65,1734.17
2020-12-14 01:00:00,-5.83,1662.5
2020-12-14 02:00:00,-5.35,1608.16
2020-12-14 03:00:00,-6.55,1705.18
2020-12-14 04:00:00,-6.76,1738.21
2020-12-14 05:00:00,-3.78,1639.45
2020-12-14 06:00:00,-3.92,1777.37
2020-12-14 07:00:00,-4.0,1844.06
2020-12-14 08:00:00,-1.0,1802.48
2020-12-14 09:00:00,-0.69,1845.53
2020-12-14 10:00:00,1.97,1703.23
2020-12-14 11:00:00,2.77,1610.96
2020-12-14 12:00:00,3.43,1553.81
2020-12-14 13:00:00,3.22,1520.46
2020-12-14 14:00:00,2.0,1557.79
2020-12-14 15:00:00,0.89,1683.36
2020-12-14 16:00:00,-0.07,1827.57
2020-12-14 17:00:00,-1.38,1817.94
2020-12-14 18:00:00,-1.67,1880.56
2020-12-14 19:00:00,-3.01,1948.13
2020-12-14 20:00:00,-4.32,1903.86
2020-12-14 21:00:00,-3.67,1818.05
2020-12-14 22:00:00,-4.64,1835.0
2020-12-14 23:00:00,-5.85,1813.3
2020-12-15 00:00:00,-7.6,1811.0
2020-12-15 01:00:00,-8.88,1846.44
2020-12-15 02:00:00,-9.5,1866.17
2020-12-15 03:00:00,-8.08,1745.85
2020-12-15 04:00:00,-10.01,1908.54
2020-12-15 05:00:00,-8.48,1877.02
2020-12-15 06:00:00,-5.72,1812.34
2020-12-15 07:00:00,-4.25,1896.77
2020-12-15 08:00:00,-3.26,1899.12
2020-12-15 09:00:00,-3.74,1916.11
2020-12-15 10:00:00,-3.14,1936.67
2020-12-15 11:00:00,-2.41,1799.2
2020-12-15 12:00:00,-0.68,1782.71
2020-12-15 13:00:00,0.74,1670.55
2020-12-15 14:00:00,-0.15,1687.95
2020-12-15 15:00:00,0.51,1739.65
2020-12-15 16:00:00,0.15,1757.58
2020-12-15 17:00:00,-1.61,1928.78
2020-12-15 18:00:00,-1.83,1923.53
2020-12-15 19:00:00,-2.64,1913.36
2020-12-15 20:00:00,-3.97,2001.16
2020-12-15 21:00:00,-6.55,1965.76
2020-12-15 22:00:00,-5.74,1837.59
2020-12-15 23:00:00,-4.46,1763.55
2020-12-16 00:00:00,-5.48,1686.2
2020-12-16 01:00:00,-4.87,1681.57
2020-12-16 02:00:00,-5.53,1640.04
2020-12-16 03:00:00,-4.18,1578.64
2020-12-16 04:00:00,-3.02,1582.38
2020-12-16 05:00:00,-0.54,1529.92
2020-12-16 06:00:00,0.16,1617.3
2020-12-16 07:00:00,2.86,1582.94
2020-12-16 08:00:00,4.15,1682.49
2020-12-16 09:00:00,5.0,1638.09
2020-12-16 10:00:00,4.42,1591.25
2020-12-16 11:00:00,5.3,1528.95
2020-12-16 12:00:00,7.08,1441.08
2020-12-16 13:00:00,6.38,1399.14
2020-12-16 14:00:00,5.75,1472.22
2020-12-16 15:00:00,6.14,1468.92
2020-12-16 16:00:00,3.35,1584.33
2020-12-16 17:00:00,3.37,1648.65
2020-12-16 18:00:00,3.61,1654.65
2020-12-16 19:00:00,2.05,1831.67
2020-12-16 20:00:00,0.09,1747.39
2020-12-16 21:00:00,-1.81,1708.19
2020-12-16 22:00:00,-3.83,1765.85
2020-12-16 23:00:00,-4.57,1749.56
2020-12-17 00:00:00,-4.27,1694.63
2020-12-17 01:00:00,-3.45,1591.4
2020-12-17 02:00:00,-2.75,1539.8
2020-12-17 03:00:00,-3.77,1591.66
2020-12-17 04:00:00,-1.42,1469.99
2020-12-17 05:00:00,-0.84,1593.57
2020-12-17 06:00:00,-0.27,1655.75
2020-12-17 07:00:00,-0.78,1736.92
2020-12-17 08:00:00,-1.56,1829.31
2020-12-17 09:00:00,-1.94,1862.43
2020-12-17 10:00:00,-1.49,1805.44
2020-12-17 11:00:00,-0.41,1758.74
2020-12-17 12:00:00,-0.2,1714.09
2020-12-17 13:00:00,0.45,1628.71
2020-12-17 14:00:00,-0.8,1746.45
2020-12-17 15:00:00,-1.67,1807.89
2020-12-17 16:00:00,-3.42,1934.51
2020-12-17 17:00:00,-4.93,2003.69
2020-12-17 18:00:00,12.83,2115.16
2020-12-17 19:00:00,-7.98,2175.93
2020-12-17 20:00:00,-7.6,2124.1
2020-12-17 21:00:00,-9.62,2159.52
2020-12-17 22:00:00,-9.52,2026.09
2020-12-17 23:00:00,-10.44,2085.37
2020-12-18 00:00:00,-10.36,1941.62
2020-12-18 01:00:00,-10.14,1907.84
2020-12-18 02:00:00,-10.23,1863.46
2020-12-18 03:00:00,-10.32,1894.58
2020-12-18 04:00:00,-7.91,1779.88
2020-12-18 05:00:00,-6.13,1737.63
2020-12-18 06:00:00,-6.33,1747.29
2020-12-18 07:00:00,-4.04,1902.72
2020-12-18 08:00:00,-2.91,1916.45
2020-12-18 09:00:00,-3.1,1913.13
2020-12-18 10:00:00,-3.82,1929.63
2020-12-18 11:00:00,-4.08,1908.98
2020-12-18 12:00:00,-5.02,1982.32
2020-12-18 13:00:00,-5.88,2003.51
2020-12-18 14:00:00,-6.72,2057.54
2020-12-18 15:00:00,-9.03,2344.0
2020-12-18 16:00:00,-9.7,2331.41
2020-12-18 17:00:00,-9.91,2405.13
2020-12-18 18:00:00,-11.57,2475.38
2020-12-18 19:00:00,-12.3,2516.56
2020-12-18 20:00:00,-12.56,2309.53
2020-12-18 21:00:00,-13.55,2360.36
2020-12-18 22:00:00,-12.61,2238.68
2020-12-18 23:00:00,-12.13,2129.89
2020-12-19 00:00:00,-12.4,2043.95
2020-12-19 01:00:00,-10.23,1825.46
2020-12-19 02:00:00,-10.18,1852.13
2020-12-19 03:00:00,-10.45,1787.36
2020-12-19 04:00:00,-9.17,1796.9
2020-12-19 05:00:00,-7.63,1718.35
2020-12-19 06:00:00,-6.81,1863.51
2020-12-19 07:00:00,-5.32,1738.15
2020-12-19 08:00:00,-4.67,1734.05
2020-12-19 09:00:00,-3.05,1705.82
2020-12-19 10:00:00,-2.42,1636.77
2020-12-19 11:00:00,-2.37,1678.27
2020-12-19 12:00:00,-1.58,1580.78
2020-12-19 13:00:00,-1.12,1527.19
2020-12-19 14:00:00,-1.22,1535.91
2020-12-19 15:00:00,-1.29,1591.62
2020-12-19 16:00:00,-1.88,
2020-12-19 17:00:00,-4.14,1876.06
2020-12-19 18:00:00,-5.83,1987.56
2020-12-19 19:00:00,-7.6,2039.72
2020-12-19 20:00:00,-7.14,1992.38
2020-12-19 21:00:00,-8.19,1895.84
2020-12-19 22:00:00,-8.96,2019.02
2020-12-19 23:00:00,-9.62,1988.67
2020-12-20 00:00:00,-8.94,1810.09
2020-12-20 01:00:00,-9.21,1762.99
2020-12-20 02:00:00,-9.93,1861.98
2020-12-20 03:00:00,-8.78,1797.32
2020-12-20 04:00:00,-8.84,1730.96
2020-12-20 05:00:00,-4.95,1699.86
2020-12-20 06:00:00,-3.5,1677.62
2020-12-20 07:00:00,-3.01,1665.4
2020-12-20 08:00:00,-1.41,1649.16
2020-12-20 09:00:00,-1.37,1651.23
2020-12-20 10:00:00,-0.8,1611.27
2020-12-20 11:00:00,1.17,1448.81
2020-12-20 12:00:00,2.7,1387.0
2020-12-20 13:00:00,2.81,1383.24
2020-12-20 14:00:00,3.73,1351.64
2020-12-20 15:00:00,3.03,1379.53
2020-12-20 16:00:00,2.42,1467.59
2020-12-20 17:00:00,-0.2,1685.93
2020-12-20 18:00:00,-2.37,1738.64
2020-12-20 19:00:00,-3.17,1692.02
2020-12-20 20:00:00,-4.31,1714.61
2020-12-20 21:00:00,-5.75,1884.81
2020-12-20 22:00:00,-2.96,1684.2
2020-12-20 23:00:00,-3.87,1751.97
2020-12-21 00:00:00,-3.17,1608.09
2020-12-21 01:00:00,-2.11,1585.56
2020-12-21 02:00:00,-1.12,1500.44
2020-12-21 03:00:00,-1.4,1446.26
2020-12-21 04:00:00,-0.75,1498.26
2020-12-21 05:00:00,-0.2,1480.7
2020-12-21 06:00:00,-0.21,1606.14
2020-12-21 07:00:00,0.01,1647.69
2020-12-21 08:00:00,1.2,1721.99
2020-12-21 09:00:00,2.39,1668.25
2020-12-21 10:00:00,4.22,1573.11
2020-12-21 11:00:00,5.13,1547.29
2020-12-21 12:00:00,5.59,1434.82
2020-12-21 13:00:00,5.93,1427.2
2020-12-21 14:00:00,3.4,1604.98
2020-12-21 15:00:00,2.3,1614.59
2020-12-21 16:00:00,1.35,1736.76
2020-12-21 17:00:00,-0.62,1869.41
2020-12-21 18:00:00,-2.6,1848.14
2020-12-21 19:00:00,-2.1,1964.68
2020-12-21 20:00:00,-3.68,1853.4
2020-12-21 21:00:00,-4.81,1978.5
2020-12-21 22:00:00,-5.99,2038.69
2020-12-21 23:00:00,-6.09,1775.3
2020-12-22 00:00:00,-6.1,1691.36
2020-12-22 01:00:00,-2.74,1599.93
2020-12-22 02:00:00,-1.98,1543.27
2020-12-22 03:00:00,-0.53,1526.23
2020-12-22 04:00:00,-0.64,1587.14
2020-12-22 05:00:00,-0.14,1516.22
2020-12-22 06:00:00,0.78,1606.29
2020-12-22 07:00:00,2.73,1571.56
2020-12-22 08:00:00,5.33,
2020-12-22 09:00:00,7.05,1548.36
2020-12-22 10:00:00,7.55,1515.91
2020-12-22 11:00:00,7.56,1437.76
2020-12-22 12:00:00,8.17,1368.07
2020-12-22 13:00:00,6.72,1424.37
2020-12-22 14:00:00,5.72,1492.53
2020-12-22 15:00:00,4.71,1501.83
2020-12-22 16:00:00,3.3,1631.26
2020-12-22 17:00:00,2.41,1764.41
2020-12-22 18:00:00,1.47,1830.69
2020-12-22 19:00:00,-0.06,1862.74
2020-12-22 20:00:00,-1.04,1845.86
2020-12-22 21:00:00,-2.06,1795.01
2020-12-22 22:00:00,-2.18,1752.03
2020-12-22 23:00:00,-2.97,1680.48
2020-12-23 00:00:00,-2.37,1640.1
2020-12-23 01:00:00,-1.18,1535.08
2020-12-23 02:00:00,-1.27,1437.86
2020-12-23 03:00:00,0.95,1415.25
2020-12-23 04:00:00,2.49,1390.1
2020-12-23 05:00:00,3.68,1395.95
2020-12-23 06:00:00,2.86,1516.39
2020-12-23 07:00:00,3.8,1537.77
2020-12-23 08:00:00,5.3,1613.97
2020-12-23 09:00:00,7.17,1552.82
2020-12-23 10:00:00,7.91,1505.79
2020-12-23 11:00:00,8.58,1480.36
2020-12-23 12:00:00,7.73,1417.86
2020-12-23 13:00:00,7.61,1407.94
2020-12-23 14:00:00,5.95,1496.99
2020-12-23 15:00:00,5.77,1475.2
2020-12-23 16:00:00,3.67,1560.65
2020-12-23 17:00:00,2.85,1761.31
2020-12-23 18:00:00,1.01,1751.73
2020-12-23 19:00:00,0.52,1766.41
2020-12-23 20:00:00,0.16,1789.44
2020-12-23 21:00:00,0.19,1650.42
2020-12-23 22:00:00,-2.72,1744.13
2020-12-23 23:00:00,-3.77,1775.32
2020-12-24 00:00:00,-3.49,1570.67
2020-12-24 01:00:00,-3.44,1520.92
2020-12-24 02:00:00,-4.31,1595.51
2020-12-24 03:00:00,-2.94,1509.01
2020-12-24 04:00:00,-1.68,1492.18
2020-12-24 05:00:00,0.09,1459.63
2020-12-24 06:00:00,1.18,1535.28
2020-12-24 07:00:00,3.7,1474.72
2020-12-24 08:00:00,4.35,1517.68
2020-12-24 09:00:00,4.15,1508.85
2020-12-24 10:00:00,5.34,1467.68
2020-12-24 11:00:00,6.08,1355.07
2020-12-24 12:00:00,6.29,1353.46
2020-12-24 13:00:00,5.16,1389.52
2020-12-24 14:00:00,4.13,1384.54
2020-12-24 15:00:00,2.9,1490.82
2020-12-24 16:00:00,1.12,1576.69
2020-12-24 17:00:00,-1.22,1772.73
2020-12-24 18:00:00,-1.25,1802.96
2020-12-24 19:00:00,-3.78,1786.4
2020-12-24 20:00:00,-5.0,1941.21
2020-12-24 21:00:00,-4.82,1803.22
2020-12-24 22:00:00,-6.52,1922.87
2020-12-24 23:00:00,-7.47,1869.38
2020-12-25 00:00:00,-5.79,
2020-12-25 01:00:00,-6.14,1544.74
2020-12-25 02:00:00,-6.53,1623.93
2020-12-25 03:00:00,-5.69,
2020-12-25 04:00:00,-4.12,1490.47
2020-12-25 05:00:00,-2.18,
2020-12-25 06:00:00,-1.73,1575.84
2020-12-25 07:00:00,-0.36,1440.73
2020-12-25 08:00:00,-0.75,1468.93
2020-12-25 09:00:00,-0.16,1446.29
2020-12-25 10:00:00,-0.08,1445.59
2020-12-25 11:00:00,-0.79,1392.26
2020-12-25 12:00:00,-0.81,
2020-12-25 13:00:00,0.75,1260.97
2020-12-25 14:00:00,-1.53,1402.71
2020-12-25 15:00:00,-1.43,1418.34
2020-12-25 16:00:00,-1.78,1524.97
2020-12-25 17:00:00,-1.88,1477.0
2020-12-25 18:00:00,-4.38,
2020-12-25 19:00:00,-3.99,
2020-12-25 20:00:00,-6.52,
2020-12-25 21:00:00,-5.76,1784.02
2020-12-25 22:00:00,-5.79,1684.72
2020-12-25 23:00:00,-5.84,1615.18
2020-12-26 00:00:00,-5.79,1621.14
2020-12-26 01:00:00,-4.91,1512.9
2020-12-26 02:00:00,-3.61,
2020-12-26 03:00:00,-3.74,1400.38
2020-12-26 04:00:00,-2.44,1514.42
2020-12-26 05:00:00,-1.14,1522.03
2020-12-26 06:00:00,-0.95,1564.24
2020-12-26 07:00:00,0.78,1366.48
2020-12-26 08:00:00,1.64,1450.65
2020-12-26 09:00:00,4.07,1364.18
2020-12-26 10:00:00,2.26,1340.09
2020-12-26 11:00:00,2.59,1304.69
2020-12-26 12:00:00,2.74,1297.35
2020-12-26 13:00:00,2.65,1280.31
2020-12-26 14:00:00,3.3,1286.11
2020-12-26 15:00:00,3.04,1325.97
2020-12-26 16:00:00,1.59,1439.13
2020-12-26 17:00:00,0.95,1496.84
2020-12-26 18:00:00,0.45,1506.75
2020-12-26 19:00:00,-0.52,1567.8
2020-12-26 20:00:00,-3.08,
2020-12-26 21:00:00,-2.94,1799.66
2020-12-26 22:00:00,-2.91,1653.69
2020-12-26 23:00:00,-3.65,1653.24
2020-12-27 00:00:00,-2.86,1615.71
2020-12-27 01:00:00,-1.54,1500.83
2020-12-27 02:00:00,-3.67,1558.2
2020-12-27 03:00:00,-1.72,1413.5
2020-12-27 04:00:00,0.77,1408.51
2020-12-27 05:00:00,1.69,1404.0
2020-12-27 06:00:00,3.71,1419.57
2020-12-27 07:00:00,4.92,1364.31
2020-12-27 08:00:00,5.89,1377.18
2020-12-27 09:00:00,5.84,1384.89
2020-12-27 10:00:00,5.3,1411.37
2020-12-27 11:00:00,7.22,1281.24
2020-12-27 12:00:00,5.59,1283.87
2020-12-27 13:00:00,5.73,1281.28
2020-12-27 14:00:00,5.69,1299.87
2020-12-27 15:00:00,4.88,1344.85
2020-12-27 16:00:00,2.86,1456.28
2020-12-27 17:00:00,0.89,1653.2
2020-12-27 18:00:00,-1.19,1741.39
2020-12-27 19:00:00,-3.96,1807.91
2020-12-27 20:00:00,-4.35,1751.37
2020-12-27 21:00:00,-6.66,1950.01
2020-12-27 22:00:00,-6.79,1836.66
2020-12-27 23:00:00,-8.98,1924.81
2020-12-28 00:00:00,-9.76,1882.95
2020-12-28 01:00:00,-10.71,1888.5
2020-12-28 02:00:00,-9.66,1798.73
2020-12-28 03:00:00,-7.92,1768.57
2020-12-28 04:00:00,-5.76,1641.57
2020-12-28 05:00:00,-4.92,1723.94
2020-12-28 06:00:00,-5.23,1837.08
2020-12-28 07:00:00,-5.41,1880.28
2020-12-28 08:00:00,-2.9,1882.91
2020-12-28 09:00:00,-2.63,1807.1
2020-12-28 10:00:00,-3.61,1924.75
2020-12-28 11:00:00,-3.42,1839.13
2020-12-28 12:00:00,-3.76,1808.76
2020-12-28 13:00:00,-3.78,1802.71
2020-12-28 14:00:00,-2.39,1784.05
2020-12-28 15:00:00,-2.65,1878.85
2020-12-28 16:00:00,-3.83,1981.54
2020-12-28 17:00:00,-5.11,1995.54
2020-12-28 18:00:00,-6.53,2147.0
2020-12-28 19:00:00,-7.79,2131.54
2020-12-28 20:00:00,-10.09,2305.65
2020-12-28 21:00:00,-10.59,2129.58
2020-12-28 22:00:00,-11.4,2183.91
2020-12-28 23:00:00,-10.68,2127.9
2020-12-29 00:00:00,-11.53,1928.34
2020-12-29 01:00:00,-12.31,1979.91
2020-12-29 02:00:00,-12.2,1961.41
2020-12-29 03:00:00,-12.41,1945.7
2020-12-29 04:00:00,-12.01,1973.44
2020-12-29 05:00:00,-11.64,2046.04
2020-12-29 06:00:00,-11.96,2125.44
2020-12-29 07:00:00,-10.03,2106.64
2020-12-29 08:00:00,-8.37,2154.42
2020-12-29 09:00:00,-7.43,2133.11
2020-12-29 10:00:00,-5.48,1956.81
2020-12-29 11:00:00,-6.82,2020.68
2020-12-29 12:00:00,-7.54,2088.04
2020-12-29 13:00:00,-8.22,2149.29
2020-12-29 14:00:00,-8.72,2216.05
2020-12-29 15:00:00,-8.91,2238.74
2020-12-29 16:00:00,-10.7,2386.02
2020-12-29 17:00:00,-10.86,2380.27
2020-12-29 18:00:00,-9.67,2364.28
2020-12-29 19:00:00,-10.18,2398.35
2020-12-29 20:00:00,-11.06,2247.64
2020-12-29 21:00:00,-12.51,2300.93
2020-12-29 22:00:00,-14.76,2351.32
2020-12-29 23:00:00,-15.46,2357.42
2020-12-30 00:00:00,-16.26,2294.49
2020-12-30 01:00:00,-15.98,2224.87
2020-12-30 02:00:00,-15.14,2163.68
2020-12-30 03:00:00,-15.13,2098.93
2020-12-30 04:00:00,-14.45,2110.54
2020-12-30 05:00:00,-13.41,2126.92
2020-12-30 06:00:00,-12.28,2142.46
2020-12-30 07:00:00,-11.22,2177.03
2020-12-30 08:00:00,-8.23,2161.18
2020-12-30 09:00:00,-6.88,2114.94
2020-12-30 10:00:00,-5.13,2014.53
2020-12-30 11:00:00,-3.71,1833.05
2020-12-30 12:00:00,-3.68,1813.4
2020-12-30 13:00:00,-5.31,1977.97
2020-12-30 14:00:00,-4.78,1916.1
2020-12-30 15:00:00,-2.48,1862.29
2020-12-30 16:00:00,-3.1,1911.68
2020-12-30 17:00:00,-3.08,1980.24
2020-12-30 18:00:00,-3.87,2010.8
2020-12-30 19:00:00,-7.33,2257.58
2020-12-30 20:00:00,-8.13,2272.17
2020-12-30 21:00:00,-7.04,2018.49
2020-12-30 22:00:00,-7.09,2010.73
2020-12-30 23:00:00,-6.84,1936.23
2020-12-31 00:00:00,-7.52,1763.97
2020-12-31 01:00:00,-7.04,1705.56
2020-12-31 02:00:00,-7.44,1649.25
2020-12-31 03:00:00,-7.63,1643.44
2020-12-31 04:00:00,-5.66,1631.22
2020-12-31 05:00:00,-1.54,1587.56
2020-12-31 06:00:00,0.36,1518.16
2020-12-31 07:00:00,2.38,1509.02
2020-12-31 08:00:00,3.2,1513.41
2020-12-31 09:00:00,4.08,1572.51
2020-12-31 10:00:00,4.15,1491.06
2020-12-31 11:00:00,2.84,1464.02
2020-12-31 12:00:00,2.31,1511.21
2020-12-31 13:00:00,1.92,1446.07
2020-12-31 14:00:00,2.22,1481.02
2020-12-31 15:00:00,2.03,1542.6
2020-12-31 16:00:00,1.8,1551.24
2020-12-31 17:00:00,-0.49,1832.43
2020-12-31 18:00:00,-1.53,1773.33
2020-12-31 19:00:00,-1.54,1713.27
2020-12-31 20:00:00,-2.17,1684.68
2020-12-31 21:00:00,-2.42,1733.6
2020-12-31 22:00:00,-2.48,1665.57
2020-12-31 23:00:00,-3.39,1708.44
2021-01-01 00:00:00,-5.26,
2021-01-01 01:00:00,-6.5,
2021-01-01 02:00:00,-6.53,
2021-01-01 03:00:00,-8.01,1618.61
2021-01-01 04:00:00,-7.62,1632.69
2021-01-01 05:00:00,-6.24,1658.33
2021-01-01 06:00:00,-6.96,
2021-01-01 07:00:00,-8.24,1733.87
2021-01-01 08:00:00,-7.18,1822.18
2021-01-01 09:00:00,-6.26,
2021-01-01 10:00:00,-7.22,1751.31
2021-01-01 11:00:00,-8.39,1880.03
2021-01-01 12:00:00,-6.92,
2021-01-01 13:00:00,-7.29,1730.29
2021-01-01 14:00:00,-8.57,1877.96
2021-01-01 15:00:00,-8.5,1881.24
2021-01-01 16:00:00,-9.98,1993.87
2021-01-01 17:00:00,-10.54,2165.3
2021-01-01 18:00:00,-11.03,2089.74
2021-01-01 19:00:00,-13.41,
2021-01-01 20:00:00,-11.84,2059.95
2021-01-01 21:00:00,-13.16,2304.22
2021-01-01 22:00:00,-13.54,2128.28
2021-01-01 23:00:00,-13.97,2111.74
2021-01-02 00:00:00,-14.01,2095.17
2021-01-02 01:00:00,-15.73,2096.35
2021-01-02 02:00:00,-17.35,2193.99
2021-01-02 03:00:00,-17.17,2200.19
2021-01-02 04:00:00,-16.11,2145.26
2021-01-02 05:00:00,-15.01,2184.9
2021-01-02 06:00:00,-14.99,2178.01
2021-01-02 07:00:00,-13.68,2084.5
2021-01-02 08:00:00,-12.58,2096.14
2021-01-02 09:00:00,-11.41,2124.79
2021-01-02 10:00:00,-11.9,2159.97
2021-01-02 11:00:00,-9.81,1949.12
2021-01-02 12:00:00,-9.19,1890.12
2021-01-02 13:00:00,-9.04,1929.11
2021-01-02 14:00:00,-10.88,1999.45
2021-01-02 15:00:00,-11.18,2139.28
2021-01-02 16:00:00,-11.92,2183.0
2021-01-02 17:00:00,-11.21,2130.58
2021-01-02 18:00:00,-13.13,2360.33
2021-01-02 19:00:00,-12.96,2197.65
2021-01-02 20:00:00,-15.13,2279.81
2021-01-02 21:00:00,-15.85,2479.39
2021-01-02 22:00:00,-16.1,2302.75
2021-01-02 23:00:00,-15.92,2285.83
2021-01-03 00:00:00,-16.76,2223.83
2021-01-03 01:00:00,-18.35,2295.81
2021-01-03 02:00:00,-17.95,2242.12
2021-01-03 03:00:00,-17.25,2169.32
2021-01-03 04:00:00,-16.32,2190.57
2021-01-03 05:00:00,-15.21,2211.23
2021-01-03 06:00:00,-13.55,2178.84
2021-01-03 07:00:00,-11.57,2060.01
2021-01-03 08:00:00,-12.5,2271.77
2021-01-03 09:00:00,-11.72,2218.66
2021-01-03 10:00:00,-10.33,2146.59
2021-01-03 11:00:00,-9.67,2030.97
2021-01-03 12:00:00,-9.1,2024.01
2021-01-03 13:00:00,-8.39,1944.33
2021-01-03 14:00:00,-8.17,1976.87
2021-01-03 15:00:00,-8.88,2087.2
2021-01-03 16:00:00,-8.8,2125.48
2021-01-03 17:00:00,-9.84,2134.31
2021-01-03 18:00:00,-10.57,2229.33
2021-01-03 19:00:00,-12.05,2381.45
2021-01-03 20:00:00,-12.41,2279.07
2021-01-03 21:00:00,-12.55,2262.49
2021-01-03 22:00:00,-13.5,2268.57
2021-01-03 23:00:00,-13.66,2181.36
2021-01-04 00:00:00,-14.46,2181.39
2021-01-04 01:00:00,-14.58,2076.61
2021-01-04 02:00:00,-13.95,2078.94
2021-01-04 03:00:00,-14.2,2163.34
2021-01-04 04:00:00,-13.23,2134.7
2021-01-04 05:00:00,-12.33,2038.73
2021-01-04 06:00:00,-11.7,2158.35
2021-01-04 07:00:00,-11.22,2267.13
2021-01-04 08:00:00,-10.92,2293.46
2021-01-04 09:00:00,-9.92,2315.78
2021-01-04 10:00:00,-10.28,2312.49
2021-01-04 11:00:00,-10.43,2286.44
2021-01-04 12:00:00,-9.12,2198.15
2021-01-04 13:00:00,-10.72,2338.13
2021-01-04 14:00:00,-12.33,2383.96
2021-01-04 15:00:00,-14.01,2579.76
2021-01-04 16:00:00,-14.34,2615.91
2021-01-04 17:00:00,-15.33,2775.4
2021-01-04 18:00:00,-16.3,2918.32
2021-01-04 19:00:00,-18.79,2875.99
2021-01-04 20:00:00,-18.34,2760.99
2021-01-04 21:00:00,-18.12,2719.73
2021-01-04 22:00:00,-18.17,2638.08
2021-01-04 23:00:00,-18.97,2626.92
2021-01-05 00:00:00,-17.2,2317.51
2021-01-05 01:00:00,-16.31,2214.7
2021-01-05 02:00:00,-13.96,2083.04
2021-01-05 03:00:00,-14.56,2107.56
2021-01-05 04:00:00,-14.51,2214.84
2021-01-05 05:00:00,-12.78,2072.92
2021-01-05 06:00:00,-11.22,2049.0
2021-01-05 07:00:00,-10.48,2255.26
2021-01-05 08:00:00,-7.63,2150.91
2021-01-05 09:00:00,-7.41,2181.91
2021-01-05 10:00:00,-7.04,2098.83
2021-01-05 11:00:00,-5.99,2060.25
2021-01-05 12:00:00,-6.12,1970.67
2021-01-05 13:00:00,-6.43,2061.0
2021-01-05 14:00:00,-7.61,2146.38
2021-01-05 15:00:00,-8.62,2262.75
2021-01-05 16:00:00,-8.04,2154.26
2021-01-05 17:00:00,-9.04,2252.75
2021-01-05 18:00:00,-11.2,2372.63
2021-01-05 19:00:00,-13.28,2501.27
2021-01-05 20:00:00,-13.16,2514.0
2021-01-05 21:00:00,-15.49,2445.2
2021-01-05 22:00:00,-15.13,2461.11
2021-01-05 23:00:00,-17.94,2504.49
2021-01-06 00:00:00,-16.4,2228.87
2021-01-06 01:00:00,-15.9,2204.44
2021-01-06 02:00:00,-15.01,2098.58
2021-01-06 03:00:00,-15.4,2113.28
2021-01-06 04:00:00,-13.24,2156.52
2021-01-06 05:00:00,-12.36,2135.84
2021-01-06 06:00:00,-12.57,2220.02
2021-01-06 07:00:00,-11.11,2212.78
2021-01-06 08:00:00,-8.61,2252.18
2021-01-06 09:00:00,-8.25,2147.2
2021-01-06 10:00:00,-7.95,2209.05
2021-01-06 11:00:00,-7.64,2106.6
2021-01-06 12:00:00,-7.45,2141.8
2021-01-06 13:00:00,-7.42,2148.78
2021-01-06 14:00:00,-7.89,2204.95
2021-01-06 15:00:00,-6.34,2102.63
2021-01-06 16:00:00,-9.1,2369.15
2021-01-06 17:00:00,-10.14,2355.55
2021-01-06 18:00:00,-10.89,2399.08
2021-01-06 19:00:00,-11.77,2455.76
2021-01-06 20:00:00,-12.53,2407.81
2021-01-06 21:00:00,-14.11,2324.94
2021-01-06 22:00:00,-14.39,2318.49
2021-01-06 23:00:00,-15.91,2394.12
2021-01-07 00:00:00,-13.86,2115.88
2021-01-07 01:00:00,-14.81,2113.42
2021-01-07 02:00:00,-15.76,2133.21
2021-01-07 03:00:00,-14.75,2146.03
2021-01-07 04:00:00,-13.46,2164.18
2021-01-07 05:00:00,-11.29,2047.81
2021-01-07 06:00:00,-9.5,
2021-01-07 07:00:00,-7.88,2047.63
2021-01-07 08:00:00,-7.04,2121.41
2021-01-07 09:00:00,-7.35,2225.15
2021-01-07 10:00:00,-7.68,2156.41
2021-01-07 11:00:00,-7.68,2162.86
2021-01-07 12:00:00,-7.28,2041.13
2021-01-07 13:00:00,-5.97,2014.6
2021-01-07 14:00:00,-6.2,2080.29
2021-01-07 15:00:00,-7.09,2191.29
2021-01-07 16:00:00,-6.26,2068.46
2021-01-07 17:00:00,-7.67,2251.01
2021-01-07 18:00:00,-8.83,2346.87
2021-01-07 19:00:00,-9.48,2262.93
2021-01-07 20:00:00,-9.57,2274.9
2021-01-07 21:00:00,-10.66,2209.44
2021-01-07 22:00:00,-13.16,2335.94
2021-01-07 23:00:00,-12.41,2251.6
2021-01-08 00:00:00,-13.69,2080.01
2021-01-08 01:00:00,-11.22,1968.33
2021-01-08 02:00:00,-11.36,1911.06
2021-01-08 03:00:00,-12.55,1998.13
2021-01-08 04:00:00,-11.79,2035.91
2021-01-08 05:00:00,-10.17,1983.58
2021-01-08 06:00:00,-9.51,2035.74
2021-01-08 07:00:00,-7.75,1996.2
2021-01-08 08:00:00,-5.54,2004.74
2021-01-08 09:00:00,-4.23,2000.0
2021-01-08 10:00:00,-2.42,1852.21
2021-01-08 11:00:00,-1.32,1793.86
2021-01-08 12:00:00,-0.04,1665.45
2021-01-08 13:00:00,1.35,1637.82
2021-01-08 14:00:00,1.28,1692.03
2021-01-08 15:00:00,1.54,1676.93
2021-01-08 16:00:00,1.99,1688.98
2021-01-08 17:00:00,0.72,1825.22
2021-01-08 18:00:00,1.17,1852.02
2021-01-08 19:00:00,-1.11,1858.58
2021-01-08 20:00:00,-1.26,1860.34
2021-01-08 21:00:00,-3.55,1928.78
2021-01-08 22:00:00,-4.21,1822.79
2021-01-08 23:00:00,-5.87,1820.05
2021-01-09 00:00:00,-5.33,1705.27
2021-01-09 01:00:00,-4.71,1654.28
2021-01-09 02:00:00,-3.63,1556.27
2021-01-09 03:00:00,-3.93,1510.91
2021-01-09 04:00:00,-3.17,1582.13
2021-01-09 05:00:00,-1.59,1525.79
2021-01-09 06:00:00,-0.25,1608.51
2021-01-09 07:00:00,0.78,1507.36
2021-01-09 08:00:00,2.79,1520.91
2021-01-09 09:00:00,4.73,1504.04
2021-01-09 10:00:00,4.93,1397.01
2021-01-09 11:00:00,5.35,1362.32
2021-01-09 12:00:00,6.06,1312.94
2021-01-09 13:00:00,8.51,1201.42
2021-01-09 14:00:00,7.33,1270.1
2021-01-09 15:00:00,7.13,1273.12
2021-01-09 16:00:00,6.88,1445.18
2021-01-09 17:00:00,5.75,1483.06
2021-01-09 18:00:00,5.86,1415.76
2021-01-09 19:00:00,3.44,1565.08
2021-01-09 20:00:00,2.78,1525.29
2021-01-09 21:00:00,0.12,1718.32
2021-01-09 22:00:00,0.32,
2021-01-09 23:00:00,-1.06,1558.37
2021-01-10 00:00:00,-0.72,1521.99
2021-01-10 01:00:00,0.3,1419.32
2021-01-10 02:00:00,-0.25,1409.28
2021-01-10 03:00:00,0.37,1373.83
2021-01-10 04:00:00,0.0,1430.85
2021-01-10 05:00:00,0.35,1503.51
2021-01-10 06:00:00,2.56,1506.97
2021-01-10 07:00:00,4.55,1428.63
2021-01-10 08:00:00,5.07,1457.4
2021-01-10 09:00:00,5.75,1441.9
2021-01-10 10:00:00,6.81,1367.33
2021-01-10 11:00:00,5.93,1341.17
2021-01-10 12:00:00,5.64,1334.81
2021-01-10 13:00:00,5.5,1298.19
2021-01-10 14:00:00,3.99,1383.33
2021-01-10 15:00:00,3.52,1437.6
2021-01-10 16:00:00,2.22,1561.78
2021-01-10 17:00:00,2.66,1578.8
2021-01-10 18:00:00,2.51,1629.94
2021-01-10 19:00:00,0.48,
2021-01-10 20:00:00,1.09,1599.37
2021-01-10 21:00:00,-0.76,1713.41
2021-01-10 22:00:00,-1.83,1645.33
2021-01-10 23:00:00,-3.26,1653.53
2021-01-11 00:00:00,-3.28,1596.89
2021-01-11 01:00:00,-3.35,1604.65
2021-01-11 02:00:00,-2.15,1563.28
2021-01-11 03:00:00,-1.94,1523.66
2021-01-11 04:00:00,-0.16,1493.04
2021-01-11 05:00:00,0.07,1504.23
2021-01-11 06:00:00,1.39,1553.68
2021-01-11 07:00:00,2.95,1661.28
2021-01-11 08:00:00,5.5,1599.14
2021-01-11 09:00:00,8.61,1574.0
2021-01-11 10:00:00,9.06,1467.0
2021-01-11 11:00:00,9.13,1444.02
2021-01-11 12:00:00,9.18,1377.82
2021-01-11 13:00:00,8.91,1423.22
2021-01-11 14:00:00,7.17,1437.89
2021-01-11 15:00:00,6.72,1542.42
2021-01-11 16:00:00,5.42,1530.94
2021-01-11 17:00:00,2.86,1701.68
2021-01-11 18:00:00,0.65,1845.19
2021-01-11 19:00:00,-1.23,1858.4
2021-01-11 20:00:00,-2.99,1912.63
2021-01-11 21:00:00,-2.09,1711.0
2021-01-11 22:00:00,-2.18,1778.81
2021-01-11 23:00:00,-1.09,1708.84
2021-01-12 00:00:00,-3.24,1662.84
2021-01-12 01:00:00,-1.76,1562.1
2021-01-12 02:00:00,-0.12,1441.73
2021-01-12 03:00:00,0.42,1432.52
2021-01-12 04:00:00,2.37,1441.27
2021-01-12 05:00:00,1.99,1426.83
2021-01-12 06:00:00,3.7,1539.16
2021-01-12 07:00:00,5.01,1570.95
2021-01-12 08:00:00,5.53,1598.83
2021-01-12 09:00:00,7.03,1557.48
2021-01-12 10:00:00,5.4,1592.17
2021-01-12 11:00:00,6.4,1523.53
2021-01-12 12:00:00,4.11,1563.99
2021-01-12 13:00:00,4.18,1516.66
2021-01-12 14:00:00,4.74,1504.02
2021-01-12 15:00:00,1.91,1658.98
2021-01-12 16:00:00,0.55,1800.79
2021-01-12 17:00:00,-0.16,1816.79
2021-01-12 18:00:00,-2.87,1862.03
2021-01-12 19:00:00,-4.56,2026.95
2021-01-12 20:00:00,-7.35,2127.29
2021-01-12 21:00:00,-9.41,2209.23
2021-01-12 22:00:00,-11.39,2165.56
2021-01-12 23:00:00,-9.81,2057.18
2021-01-13 00:00:00,-9.21,1924.1
2021-01-13 01:00:00,-9.7,1836.26
2021-01-13 02:00:00,-8.35,1770.86
2021-01-13 03:00:00,-4.83,1670.42
2021-01-13 04:00:00,-5.59,1745.49
2021-01-13 05:00:00,-3.33,1623.94
2021-01-13 06:00:00,-3.65,
2021-01-13 07:00:00,-2.32,1830.27
2021-01-13 08:00:00,-0.96,1814.07
2021-01-13 09:00:00,-0.46,1816.19
2021-01-13 10:00:00,1.89,1754.36
2021-01-13 11:00:00,2.53,1596.59
2021-01-13 12:00:00,2.03,1661.34
2021-01-13 13:00:00,2.85,1597.23
2021-01-13 14:00:00,3.11,1640.81
2021-01-13 15:00:00,2.54,1588.85
2021-01-13 16:00:00,1.41,
2021-01-13 17:00:00,1.18,1797.97
2021-01-13 18:00:00,-1.04,1928.1
2021-01-13 19:00:00,-1.08,1900.5
2021-01-13 20:00:00,-2.0,1895.68
2021-01-13 21:00:00,-2.17,1775.61
2021-01-13 22:00:00,-0.93,1716.59
2021-01-13 23:00:00,0.22,1605.44
2021-01-14 00:00:00,1.3,1545.39
2021-01-14 01:00:00,1.03,
2021-01-14 02:00:00,1.34,1428.47
2021-01-14 03:00:00,1.5,1439.44
2021-01-14 04:00:00,1.4,1448.93
2021-01-14 05:00:00,2.11,1490.49
2021-01-14 06:00:00,0.74,1631.07
2021-01-14 07:00:00,1.15,1701.52
2021-01-14 08:00:00,0.14,1875.43
2021-01-14 09:00:00,2.1,1736.61
2021-01-14 10:00:00,2.34,1681.18
2021-01-14 11:00:00,2.75,1629.84
2021-01-14 12:00:00,3.71,1549.43
2021-01-14 13:00:00,3.88,1536.96
2021-01-14 14:00:00,2.04,1616.0
2021-01-14 15:00:00,2.75,1628.8
2021-01-14 16:00:00,0.53,1779.39
2021-01-14 17:00:00,-0.22,1831.97
2021-01-14 18:00:00,-0.34,1920.39
2021-01-14 19:00:00,-0.63,1850.91
2021-01-14 20:00:00,-3.66,1948.58
2021-01-14 21:00:00,-4.81,1897.24
2021-01-14 22:00:00,-4.29,1873.4
2021-01-14 23:00:00,-2.75,1760.1
2021-01-15 00:00:00,-3.73,1717.99
2021-01-15 01:00:00,-2.82,1529.49
2021-01-15 02:00:00,-2.69,1569.02
2021-01-15 03:00:00,-3.22,1577.62
2021-01-15 04:00:00,-2.75,1608.02
2021-01-15 05:00:00,-1.98,1591.29
2021-01-15 06:00:00,-1.01,1619.51
2021-01-15 07:00:00,-0.71,1809.84
2021-01-15 08:00:00,-0.13,1795.96
2021-01-15 09:00:00,0.69,1808.36
2021-01-15 10:00:00,-0.65,1771.9
2021-01-15 11:00:00,1.48,1700.71
2021-01-15 12:00:00,2.12,1659.84
2021-01-15 13:00:00,0.61,1688.69
2021-01-15 14:00:00,-1.1,1767.3
2021-01-15 15:00:00,-1.71,1894.57
2021-01-15 16:00:00,-1.49,1765.86
2021-01-15 17:00:00,-1.57,1943.5
2021-01-15 18:00:00,-3.06,1933.0
2021-01-15 19:00:00,-4.29,2017.9
2021-01-15 20:00:00,-5.42,2028.77
2021-01-15 21:00:00,-5.04,1904.53
2021-01-15 22:00:00,-7.21,1970.27
2021-01-15 23:00:00,-6.56,1912.81
2021-01-16 00:00:00,-5.54,
2021-01-16 01:00:00,-5.93,1684.15
2021-01-16 02:00:00,-6.51,1680.37
2021-01-16 03:00:00,-6.23,1679.34
2021-01-16 04:00:00,-4.19,1546.91
2021-01-16 05:00:00,-2.24,1597.04
2021-01-16 06:00:00,-2.42,1683.34
2021-01-16 07:00:00,-2.08,1654.88
2021-01-16 08:00:00,0.06,
2021-01-16 09:00:00,0.24,1598.12
2021-01-16 10:00:00,0.32,1590.1
2021-01-16 11:00:00,0.62,1501.1
2021-01-16 12:00:00,1.84,1454.15
2021-01-16 13:00:00,3.3,1404.59
2021-01-16 14:00:00,2.73,1408.67
2021-01-16 15:00:00,2.33,1497.34
2021-01-16 16:00:00,2.0,1674.52
2021-01-16 17:00:00,0.09,1768.29
2021-01-16 18:00:00,-1.76,1819.63
2021-01-16 19:00:00,-3.0,1752.2
2021-01-16 20:00:00,-2.82,1659.26
2021-01-16 21:00:00,-4.06,1905.13
2021-01-16 22:00:00,-4.84,1825.76
2021-01-16 23:00:00,-7.41,1892.02
2021-01-17 00:00:00,-8.04,1783.62
2021-01-17 01:00:00,-6.57,1720.87
2021-01-17 02:00:00,-7.61,1708.22
2021-01-17 03:00:00,-6.59,1678.96
2021-01-17 04:00:00,-6.06,1640.22
2021-01-17 05:00:00,-6.42,1786.25
2021-01-17 06:00:00,-2.98,1737.2
2021-01-17 07:00:00,-1.03,1633.03
2021-01-17 08:00:00,-0.46,1664.07
2021-01-17 09:00:00,0.25,1577.06
2021-01-17 10:00:00,-1.2,1676.15
2021-01-17 11:00:00,-0.31,1570.64
2021-01-17 12:00:00,-1.04,1607.73
2021-01-17 13:00:00,-0.86,1572.48
2021-01-17 14:00:00,-0.88,1603.1
2021-01-17 15:00:00,-0.5,1622.92
2021-01-17 16:00:00,-1.16,1673.51
2021-01-17 17:00:00,-2.99,1859.3
2021-01-17 18:00:00,-3.78,1917.5
2021-01-17 19:00:00,-5.31,1954.4
2021-01-17 20:00:00,-7.0,1877.01
2021-01-17 21:00:00,-8.56,2044.8
2021-01-17 22:00:00,-9.95,2041.26
2021-01-17 23:00:00,-9.86,1960.91
2021-01-18 00:00:00,-8.08,1871.41
2021-01-18 01:00:00,-6.13,1723.41
2021-01-18 02:00:00,-4.4,1643.87
2021-01-18 03:00:00,-3.72,1591.55
2021-01-18 04:00:00,-3.1,1595.07
2021-01-18 05:00:00,-2.06,1634.67
2021-01-18 06:00:00,-1.13,1676.38
2021-01-18 07:00:00,0.63,1724.17
2021-01-18 08:00:00,0.83,1781.25
2021-01-18 09:00:00,2.82,1696.22
2021-01-18 10:00:00,4.95,1603.71
2021-01-18 11:00:00,3.93,1579.19
2021-01-18 12:00:00,3.5,1633.18
2021-01-18 13:00:00,1.99,1643.22
2021-01-18 14:00:00,0.66,1756.68
2021-01-18 15:00:00,-0.58,1794.29
2021-01-18 16:00:00,-2.31,1954.05
2021-01-18 17:00:00,-4.48,2043.47
2021-01-18 18:00:00,-5.78,2129.62
2021-01-18 19:00:00,-8.89,2332.33
2021-01-18 20:00:00,-10.56,2292.87
2021-01-18 21:00:00,-11.96,2285.78
2021-01-18 22:00:00,-14.08,2357.55
2021-01-18 23:00:00,-14.71,2278.19
2021-01-19 00:00:00,-16.47,2212.89
2021-01-19 01:00:00,-17.29,2342.52
2021-01-19 02:00:00,-15.95,2156.5
2021-01-19 03:00:00,-12.78,2088.13
2021-01-19 04:00:00,-10.6,1961.34
2021-01-19 05:00:00,-9.64,1925.72
2021-01-19 06:00:00,-7.89,1946.74
2021-01-19 07:00:00,-5.62,2021.94
2021-01-19 08:00:00,-2.76,1897.15
2021-01-19 09:00:00,-2.22,1965.26
2021-01-19 10:00:00,-0.34,1802.45
2021-01-19 11:00:00,0.61,1735.2
2021-01-19 12:00:00,0.9,1661.62
2021-01-19 13:00:00,-0.62,1666.79
2021-01-19 14:00:00,-0.75,1772.51
2021-01-19 15:00:00,-1.15,1815.23
2021-01-19 16:00:00,-2.62,1926.56
2021-01-19 17:00:00,-5.03,2054.38
2021-01-19 18:00:00,-7.53,2233.94
2021-01-19 19:00:00,-9.75,2260.02
2021-01-19 20:00:00,-10.33,2257.75
2021-01-19 21:00:00,-9.98,2206.97
2021-01-19 22:00:00,-10.35,2165.17
2021-01-19 23:00:00,-11.72,2109.69
2021-01-20 00:00:00,-11.26,1999.23
2021-01-20 01:00:00,-10.73,1941.94
2021-01-20 02:00:00,-7.82,1841.21
2021-01-20 03:00:00,-5.58,1637.36
2021-01-20 04:00:00,-5.0,1684.32
2021-01-20 05:00:00,-4.78,1774.83
2021-01-20 06:00:00,-4.05,1786.56
2021-01-20 07:00:00,-2.77,1850.06
2021-01-20 08:00:00,-1.15,1840.24
2021-01-20 09:00:00,0.08,1827.14
2021-01-20 10:00:00,1.24,1765.01
2021-01-20 11:00:00,0.06,1731.84
2021-01-20 12:00:00,-1.63,1804.37
2021-01-20 13:00:00,-2.15,1821.04
2021-01-20 14:00:00,-2.43,1871.39
2021-01-20 15:00:00,-4.18,1935.86
2021-01-20 16:00:00,-4.25,1977.38
2021-01-20 17:00:00,-5.27,1981.16
2021-01-20 18:00:00,-8.66,2314.45
2021-01-20 19:00:00,-8.52,2351.73
2021-01-20 20:00:00,-9.81,2356.59
2021-01-20 21:00:00,-10.06,2122.39
2021-01-20 22:00:00,-10.5,2129.41
2021-01-20 23:00:00,-11.05,2134.71
2021-01-21 00:00:00,-11.27,1947.19
2021-01-21 01:00:00,-11.16,1881.55
2021-01-21 02:00:00,-11.28,1929.57
2021-01-21 03:00:00,-11.15,1940.57
2021-01-21 04:00:00,-10.03,1925.14
2021-01-21 05:00:00,-8.77,1958.31
2021-01-21 06:00:00,-6.86,1890.46
2021-01-21 07:00:00,-6.16,2006.13
2021-01-21 08:00:00,-4.55,
2021-01-21 09:00:00,-5.04,2091.77
2021-01-21 10:00:00,-5.31,1999.12
2021-01-21 11:00:00,-3.8,1945.96
2021-01-21 12:00:00,-3.68,1920.54
2021-01-21 13:00:00,-3.72,1828.48
2021-01-21 14:00:00,-5.46,1995.42
2021-01-21 15:00:00,-4.62,1897.05
2021-01-21 16:00:00,-4.84,
2021-01-21 17:00:00,-6.64,2281.13
2021-01-21 18:00:00,-7.69,2264.81
2021-01-21 19:00:00,-8.54,2198.57
2021-01-21 20:00:00,-10.04,2340.71
2021-01-21 21:00:00,-10.45,2191.43
2021-01-21 22:00:00,-10.41,2046.25
2021-01-21 23:00:00,-10.4,2097.72
2021-01-22 00:00:00,-10.75,1920.7
2021-01-22 01:00:00,-9.36,1861.74
2021-01-22 02:00:00,-7.89,1761.84
2021-01-22 03:00:00,-5.87,1681.96
2021-01-22 04:00:00,-4.23,1665.85
2021-01-22 05:00:00,-3.45,1618.93
2021-01-22 06:00:00,-2.63,1746.02
2021-01-22 07:00:00,-0.76,1777.02
2021-01-22 08:00:00,0.85,1865.24
2021-01-22 09:00:00,1.97,
2021-01-22 10:00:00,1.87,1714.14
2021-01-22 11:00:00,1.49,1689.22
2021-01-22 12:00:00,1.96,1621.99
2021-01-22 13:00:00,1.44,1701.96
2021-01-22 14:00:00,-1.8,1813.77
2021-01-22 15:00:00,-3.22,
2021-01-22 16:00:00,-5.4,2055.79
2021-01-22 17:00:00,-4.87,1988.17
2021-01-22 18:00:00,-4.96,2019.75
2021-01-22 19:00:00,-7.7,2297.89
2021-01-22 20:00:00,-7.38,2119.03
2021-01-22 21:00:00,-8.91,2128.31
2021-01-22 22:00:00,-8.13,1919.65
2021-01-22 23:00:00,-7.46,1927.36
2021-01-23 00:00:00,-7.93,1774.64
2021-01-23 01:00:00,-8.33,1714.28
2021-01-23 02:00:00,-8.55,1728.76
2021-01-23 03:00:00,-6.97,1729.9
2021-01-23 04:00:00,-6.76,1676.29
2021-01-23 05:00:00,-4.58,1660.57
2021-01-23 06:00:00,-4.23,1731.14
2021-01-23 07:00:00,-2.11,1676.64
2021-01-23 08:00:00,1.47,1584.52
2021-01-23 09:00:00,1.72,
2021-01-23 10:00:00,1.63,1577.26
2021-01-23 11:00:00,2.76,1453.24
2021-01-23 12:00:00,2.51,1442.74
2021-01-23 13:00:00,2.64,1377.05
2021-01-23 14:00:00,1.39,1501.91
2021-01-23 15:00:00,-0.81,1624.68
2021-01-23 16:00:00,-1.74,1705.7
2021-01-23 17:00:00,-1.63,1762.38
2021-01-23 18:00:00,-3.97,1902.84
2021-01-23 19:00:00,-3.69,1862.22
2021-01-23 20:00:00,-2.39,1637.17
2021-01-23 21:00:00,-1.52,1754.06
2021-01-23 22:00:00,-0.85,1610.25
2021-01-23 23:00:00,-3.14,1666.89
2021-01-24 00:00:00,-4.69,1655.55
2021-01-24 01:00:00,-6.45,1734.99
2021-01-24 02:00:00,-7.14,1683.85
2021-01-24 03:00:00,-6.51,1621.37
2021-01-24 04:00:00,-6.74,1690.32
2021-01-24 05:00:00,-4.89,1676.83
2021-01-24 06:00:00,-2.76,1680.69
2021-01-24 07:00:00,-1.42,1597.13
2021-01-24 08:00:00,-0.8,1642.71
2021-01-24 09:00:00,1.32,1585.98
2021-01-24 10:00:00,2.12,1546.51
2021-01-24 11:00:00,2.03,1522.91
2021-01-24 12:00:00,3.86,1395.0
2021-01-24 13:00:00,4.71,1353.35
2021-01-24 14:00:00,4.61,1325.97
2021-01-24 15:00:00,6.27,1283.96
2021-01-24 16:00:00,5.49,1400.38
2021-01-24 17:00:00,6.01,1499.05
2021-01-24 18:00:00,5.23,1522.47
2021-01-24 19:00:00,3.96,1515.23
2021-01-24 20:00:00,1.62,1564.1
2021-01-24 21:00:00,-0.08,1672.02
2021-01-24 22:00:00,-2.13,1694.87
2021-01-24 23:00:00,-2.38,1737.97
2021-01-25 00:00:00,-3.04,1633.61
2021-01-25 01:00:00,-1.77,1583.74
2021-01-25 02:00:00,-2.11,1602.89
2021-01-25 03:00:00,-2.93,1590.5
2021-01-25 04:00:00,-1.75,1599.23
2021-01-25 05:00:00,-1.55,1597.19
2021-01-25 06:00:00,0.46,1631.41
2021-01-25 07:00:00,2.5,1644.04
2021-01-25 08:00:00,3.93,1661.16
2021-01-25 09:00:00,4.87,1624.07
2021-01-25 10:00:00,5.34,1565.41
2021-01-25 11:00:00,5.98,1501.06
2021-01-25 12:00:00,7.33,1467.14
2021-01-25 13:00:00,8.08,1397.2
2021-01-25 14:00:00,9.28,1416.17
2021-01-25 15:00:00,8.7,1431.39
2021-01-25 16:00:00,8.62,1466.22
2021-01-25 17:00:00,8.16,1587.77
2021-01-25 18:00:00,5.68,1689.48
2021-01-25 19:00:00,4.31,1729.72
2021-01-25 20:00:00,2.85,1773.93
2021-01-25 21:00:00,2.7,1659.7
2021-01-25 22:00:00,2.0,1577.35
2021-01-25 23:00:00,0.67,1545.41
2021-01-26 00:00:00,1.17,1532.4
2021-01-26 01:00:00,0.51,1519.01
2021-01-26 02:00:00,1.11,1438.45
2021-01-26 03:00:00,0.9,1441.36
2021-01-26 04:00:00,0.13,1546.35
2021-01-26 05:00:00,0.13,1580.37
2021-01-26 06:00:00,0.69,1590.58
2021-01-26 07:00:00,1.04,1687.82
2021-01-26 08:00:00,2.4,1710.87
2021-01-26 09:00:00,1.0,1791.76
2021-01-26 10:00:00,3.24,1633.42
2021-01-26 11:00:00,4.7,1527.12
2021-01-26 12:00:00,5.21,1520.59
2021-01-26 13:00:00,7.33,1429.99
2021-01-26 14:00:00,8.69,1382.25
2021-01-26 15:00:00,6.67,1508.64
2021-01-26 16:00:00,5.69,1608.66
2021-01-26 17:00:00,5.65,1640.0
2021-01-26 18:00:00,4.79,1726.42
2021-01-26 19:00:00,3.09,1779.63
2021-01-26 20:00:00,1.19,1794.95
2021-01-26 21:00:00,-0.0,1697.97
2021-01-26 22:00:00,-1.67,1711.89
2021-01-26 23:00:00,-0.48,1644.41
2021-01-27 00:00:00,-0.41,1555.3
2021-01-27 01:00:00,-0.89,1493.73
2021-01-27 02:00:00,-1.58,1549.88
2021-01-27 03:00:00,-2.67,1586.43
2021-01-27 04:00:00,-2.65,
2021-01-27 05:00:00,-1.73,1643.56
2021-01-27 06:00:00,-1.02,1688.1
2021-01-27 07:00:00,0.21,1700.65
2021-01-27 08:00:00,1.0,1774.42
2021-01-27 09:00:00,1.45,1795.81
2021-01-27 10:00:00,0.09,1814.12
2021-01-27 11:00:00,-0.49,1795.43
2021-01-27 12:00:00,-0.6,1731.66
2021-01-27 13:00:00,0.97,1639.52
2021-01-27 14:00:00,-0.0,1735.58
2021-01-27 15:00:00,-0.48,1817.05
2021-01-27 16:00:00,-1.66,1915.55
2021-01-27 17:00:00,-2.17,
2021-01-27 18:00:00,-4.32,2064.2
2021-01-27 19:00:00,-4.71,2123.96
2021-01-27 20:00:00,-5.91,2086.92
2021-01-27 21:00:00,-6.94,2016.73
2021-01-27 22:00:00,-8.25,1930.02
2021-01-27 23:00:00,-8.05,2006.31
2021-01-28 00:00:00,-6.66,1783.48
2021-01-28 01:00:00,-7.95,1813.39
2021-01-28 02:00:00,-7.67,1745.37
2021-01-28 03:00:00,-6.39,1716.47
2021-01-28 04:00:00,-4.36,1642.36
2021-01-28 05:00:00,-3.53,1670.67
2021-01-28 06:00:00,-1.86,1748.93
2021-01-28 07:00:00,-1.24,1790.37
2021-01-28 08:00:00,0.01,1752.87
2021-01-28 09:00:00,1.67,1753.53
2021-01-28 10:00:00,2.08,1634.04
2021-01-28 11:00:00,2.04,1626.86
2021-01-28 12:00:00,2.37,1558.09
2021-01-28 13:00:00,2.72,1630.56
2021-01-28 14:00:00,3.25,1633.12
2021-01-28 15:00:00,4.17,1574.3
2021-01-28 16:00:00,3.19,1668.13
2021-01-28 17:00:00,2.86,1748.54
2021-01-28 18:00:00,0.75,1794.96
2021-01-28 19:00:00,-1.26,2004.46
2021-01-28 20:00:00,-2.15,1957.53
2021-01-28 21:00:00,-0.87,1775.96
2021-01-28 22:00:00,-0.53,1708.15
2021-01-28 23:00:00,-1.09,1666.57
2021-01-29 00:00:00,-0.54,1541.07
2021-01-29 01:00:00,-0.56,1547.03
2021-01-29 02:00:00,0.75,1481.01
2021-01-29 03:00:00,0.99,1434.64
2021-01-29 04:00:00,1.22,1473.39
2021-01-29 05:00:00,1.41,1493.81
2021-01-29 06:00:00,2.39,1532.57
2021-01-29 07:00:00,4.6,1574.87
2021-01-29 08:00:00,5.88,1576.56
2021-01-29 09:00:00,6.4,1608.38
2021-01-29 10:00:00,7.59,1561.22
2021-01-29 11:00:00,8.14,1474.77
2021-01-29 12:00:00,9.28,1367.31
2021-01-29 13:00:00,8.74,1407.18
2021-01-29 14:00:00,7.05,1469.78
2021-01-29 15:00:00,5.36,1593.8
2021-01-29 16:00:00,5.19,1610.35
2021-01-29 17:00:00,5.35,1675.49
2021-01-29 18:00:00,4.82,1678.5
2021-01-29 19:00:00,2.8,1741.44
2021-01-29 20:00:00,1.05,1814.16
2021-01-29 21:00:00,-0.49,1745.37
2021-01-29 22:00:00,-1.11,1675.62
2021-01-29 23:00:00,-1.26,1601.1
2021-01-30 00:00:00,-1.47,1531.77
2021-01-30 01:00:00,-2.64,1553.09
2021-01-30 02:00:00,-1.87,
2021-01-30 03:00:00,-1.21,1466.37
2021-01-30 04:00:00,-3.18,1547.18
2021-01-30 05:00:00,-2.32,1540.91
2021-01-30 06:00:00,0.12,1601.44
2021-01-30 07:00:00,1.01,1487.38
2021-01-30 08:00:00,1.5,1547.11
2021-01-30 09:00:00,1.7,1589.55
2021-01-30 10:00:00,0.98,1558.47
2021-01-30 11:00:00,-0.45,1568.48
2021-01-30 12:00:00,0.0,1500.28
2021-01-30 13:00:00,0.22,1516.41
2021-01-30 14:00:00,-0.28,1559.9
2021-01-30 15:00:00,-0.38,1680.35
2021-01-30 16:00:00,-1.47,1636.15
2021-01-30 17:00:00,-2.94,1754.87
2021-01-30 18:00:00,-3.95,1851.82
2021-01-30 19:00:00,-5.98,1931.88
2021-01-30 20:00:00,-7.0,1983.26
2021-01-30 21:00:00,-9.22,2085.83
2021-01-30 22:00:00,-10.95,
2021-01-30 23:00:00,-11.52,2028.35
2021-01-31 00:00:00,-11.5,1880.8
2021-01-31 01:00:00,-11.56,1930.89
2021-01-31 02:00:00,-11.12,1862.86
2021-01-31 03:00:00,-9.97,1855.83
2021-01-31 04:00:00,-8.88,1841.22
2021-01-31 05:00:00,-9.48,1865.86
2021-01-31 06:00:00,-8.33,1899.83
2021-01-31 07:00:00,-9.75,1929.08
2021-01-31 08:00:00,-7.44,2004.17
2021-01-31 09:00:00,-6.75,1961.66
2021-01-31 10:00:00,-7.42,1914.42
2021-01-31 11:00:00,-6.09,1839.47
2021-01-31 12:00:00,-5.71,1773.26
2021-01-31 13:00:00,-5.57,1781.06
2021-01-31 14:00:00,-6.35,1775.02
2021-01-31 15:00:00,-6.93,2006.11
2021-01-31 16:00:00,-6.87,1968.89
2021-01-31 17:00:00,-7.41,2063.12
2021-01-31 18:00:00,-8.39,2182.25
2021-01-31 19:00:00,-9.88,2160.8
2021-01-31 20:00:00,-10.81,2183.01
2021-01-31 21:00:00,-12.19,2276.75
2021-01-31 22:00:00,-12.44,2222.17
2021-01-31 23:00:00,-13.23,2124.7
2021-02-01 00:00:00,-10.76,1918.57
2021-02-01 01:00:00,-10.47,1895.05
2021-02-01 02:00:00,-10.86,1884.46
2021-02-01 03:00:00,-11.03,1831.8
2021-02-01 04:00:00,-10.56,1879.06
2021-02-01 05:00:00,-8.17,1859.98
2021-02-01 06:00:00,-7.32,1872.73
2021-02-01 07:00:00,-6.73,1944.73
2021-02-01 08:00:00,-6.01,2035.88
2021-02-01 09:00:00,-6.6,2061.86
2021-02-01 10:00:00,-6.09,2092.39
2021-02-01 11:00:00,-4.83,1989.75
2021-02-01 12:00:00,-5.28,1966.67
2021-02-01 13:00:00,-4.95,1877.37
2021-02-01 14:00:00,-4.78,1928.44
2021-02-01 15:00:00,-4.99,1970.36
2021-02-01 16:00:00,-6.55,2109.34
2021-02-01 17:00:00,-7.4,2212.33
2021-02-01 18:00:00,-7.36,2272.54
2021-02-01 19:00:00,-7.67,2144.91
2021-02-01 20:00:00,-10.49,2292.5
2021-02-01 21:00:00,-9.95,2160.95
2021-02-01 22:00:00,-11.13,2148.35
2021-02-01 23:00:00,-10.84,2050.23
2021-02-02 00:00:00,-12.29,2001.07
2021-02-02 01:00:00,-11.66,2024.28
2021-02-02 02:00:00,-11.17,1867.16
2021-02-02 03:00:00,-10.14,1846.0
2021-02-02 04:00:00,-9.32,1896.56
2021-02-02 05:00:00,-7.91,1861.95
2021-02-02 06:00:00,-7.84,1884.77
2021-02-02 07:00:00,-5.9,1904.44
2021-02-02 08:00:00,-5.55,2040.35
2021-02-02 09:00:00,-6.49,2051.51
2021-02-02 10:00:00,-4.99,1973.88
2021-02-02 11:00:00,-3.67,1931.7
2021-02-02 12:00:00,-3.75,1896.51
2021-02-02 13:00:00,-4.83,1880.05
2021-02-02 14:00:00,-6.76,2044.49
2021-02-02 15:00:00,-7.27,
2021-02-02 16:00:00,-7.05,2150.62
2021-02-02 17:00:00,-8.42,
2021-02-02 18:00:00,-9.4,2378.24
2021-02-02 19:00:00,-9.57,2250.39
2021-02-02 20:00:00,-11.43,2425.49
2021-02-02 21:00:00,-12.6,2281.98
2021-02-02 22:00:00,-13.28,
2021-02-02 23:00:00,-12.56,2167.52
2021-02-03 00:00:00,-9.91,1914.58
2021-02-03 01:00:00,-11.5,1976.65
2021-02-03 02:00:00,-11.68,1921.4
2021-02-03 03:00:00,-10.95,1821.4
2021-02-03 04:00:00,-8.85,1809.77
2021-02-03 05:00:00,-6.62,1788.58
2021-02-03 06:00:00,-4.78,1895.92
2021-02-03 07:00:00,-1.84,1782.53
2021-02-03 08:00:00,-0.86,1839.51
2021-02-03 09:00:00,0.18,1752.9
2021-02-03 10:00:00,1.48,1729.07
2021-02-03 11:00:00,1.28,1672.66
2021-02-03 12:00:00,1.01,1681.57
2021-02-03 13:00:00,1.57,1572.26
2021-02-03 14:00:00,0.64,1682.05
2021-02-03 15:00:00,-0.15,1727.63
2021-02-03 16:00:00,-0.36,1803.72
2021-02-03 17:00:00,-1.16,1887.07
2021-02-03 18:00:00,-2.36,1994.0
2021-02-03 19:00:00,-3.01,1974.21
2021-02-03 20:00:00,-4.37,2040.45
2021-02-03 21:00:00,-5.9,1899.19
2021-02-03 22:00:00,-6.72,1919.74
2021-02-03 23:00:00,-6.11,1874.49
2021-02-04 00:00:00,-6.84,1732.96
2021-02-04 01:00:00,-6.61,1726.26
2021-02-04 02:00:00,-6.59,1687.8
2021-02-04 03:00:00,-5.75,1711.21
2021-02-04 04:00:00,-4.27,1616.07
2021-02-04 05:00:00,-4.01,1678.87
2021-02-04 06:00:00,-1.56,1662.58
2021-02-04 07:00:00,-1.0,1738.57
2021-02-04 08:00:00,1.59,1678.48
2021-02-04 09:00:00,2.21,1727.23
2021-02-04 10:00:00,3.83,1598.84
2021-02-04 11:00:00,2.18,1675.79
2021-02-04 12:00:00,2.78,1597.65
2021-02-04 13:00:00,2.53,1586.26
2021-02-04 14:00:00,3.61,1587.73
2021-02-04 15:00:00,3.16,1630.75
2021-02-04 16:00:00,2.5,1635.88
2021-02-04 17:00:00,0.86,1781.97
2021-02-04 18:00:00,-1.14,1974.53
2021-02-04 19:00:00,-3.19,1970.51
2021-02-04 20:00:00,-4.84,2038.91
2021-02-04 21:00:00,-6.69,1990.8
2021-02-04 22:00:00,-7.19,2029.41
2021-02-04 23:00:00,-6.61,1905.54
2021-02-05 00:00:00,-6.41,1776.11
2021-02-05 01:00:00,-7.58,1775.99
2021-02-05 02:00:00,-6.84,1706.0
2021-02-05 03:00:00,-6.08,1694.9
2021-02-05 04:00:00,-4.67,1610.3
2021-02-05 05:00:00,-4.0,1653.47
2021-02-05 06:00:00,-2.31,1682.82
2021-02-05 07:00:00,-0.16,1710.23
2021-02-05 08:00:00,1.7,1696.23
2021-02-05 09:00:00,1.42,1737.19
2021-02-05 10:00:00,1.19,1745.85
2021-02-05 11:00:00,1.84,1632.74
2021-02-05 12:00:00,1.47,1676.35
2021-02-05 13:00:00,1.14,1657.82
2021-02-05 14:00:00,0.05,1694.17
2021-02-05 15:00:00,0.48,1744.99
2021-02-05 16:00:00,-0.31,1770.85
2021-02-05 17:00:00,-2.16,1972.52
2021-02-05 18:00:00,-3.97,2041.52
2021-02-05 19:00:00,-5.0,1972.05
2021-02-05 20:00:00,-4.91,1993.47
2021-02-05 21:00:00,-7.88,2074.95
2021-02-05 22:00:00,-7.76,1982.19
2021-02-05 23:00:00,-7.16,1908.95
2021-02-06 00:00:00,-5.83,1634.82
2021-02-06 01:00:00,-6.51,1663.27
2021-02-06 02:00:00,-6.21,
2021-02-06 03:00:00,-5.14,
2021-02-06 04:00:00,-3.5,1462.24
2021-02-06 05:00:00,-4.85,1639.9
2021-02-06 06:00:00,-3.98,1725.11
2021-02-06 07:00:00,-2.38,1613.35
2021-02-06 08:00:00,-1.18,1620.8
2021-02-06 09:00:00,-1.38,1656.89
2021-02-06 10:00:00,-0.87,1638.96
2021-02-06 11:00:00,-0.14,1588.52
2021-02-06 12:00:00,1.73,1507.96
2021-02-06 13:00:00,2.07,1415.81
2021-02-06 14:00:00,1.94,1415.97
2021-02-06 15:00:00,3.09,1388.83
2021-02-06 16:00:00,2.73,1424.85
2021-02-06 17:00:00,0.68,1680.38
2021-02-06 18:00:00,-0.23,1711.95
2021-02-06 19:00:00,0.14,1705.52
2021-02-06 20:00:00,1.21,
2021-02-06 21:00:00,1.12,1612.73
2021-02-06 22:00:00,-0.03,1632.63
2021-02-06 23:00:00,-1.73,1622.08
2021-02-07 00:00:00,-1.08,1489.08
2021-02-07 01:00:00,-1.15,1520.82
2021-02-07 02:00:00,-0.75,1477.9
2021-02-07 03:00:00,0.14,1403.41
2021-02-07 04:00:00,0.74,1374.94
2021-02-07 05:00:00,0.77,1433.69
2021-02-07 06:00:00,1.71,1491.19
2021-02-07 07:00:00,1.77,1442.16
2021-02-07 08:00:00,3.4,1501.76
2021-02-07 09:00:00,2.83,1551.6
2021-02-07 10:00:00,2.57,1456.73
2021-02-07 11:00:00,3.41,1424.93
2021-02-07 12:00:00,3.1,1340.76
2021-02-07 13:00:00,3.68,1316.52
2021-02-07 14:00:00,1.54,1495.78
2021-02-07 15:00:00,-1.0,1529.08
2021-02-07 16:00:00,-3.49,
2021-02-07 17:00:00,-6.03,2030.91
2021-02-07 18:00:00,-5.99,1827.56
2021-02-07 19:00:00,-5.95,1889.91
2021-02-07 20:00:00,-6.95,1958.02
2021-02-07 21:00:00,-8.55,2117.89
2021-02-07 22:00:00,-10.71,2097.02
2021-02-07 23:00:00,-12.04,2124.98
2021-02-08 00:00:00,-11.63,2026.83
2021-02-08 01:00:00,-11.65,1991.69
2021-02-08 02:00:00,-11.84,1948.02
2021-02-08 03:00:00,-12.39,1935.06
2021-02-08 04:00:00,-10.91,1964.87
2021-02-08 05:00:00,-8.55,1901.69
2021-02-08 06:00:00,-6.41,1916.65
2021-02-08 07:00:00,-4.83,1872.43
2021-02-08 08:00:00,-0.9,1849.9
2021-02-08 09:00:00,-0.39,1820.23
2021-02-08 10:00:00,0.78,1665.35
2021-02-08 11:00:00,1.64,1657.68
2021-02-08 12:00:00,1.85,1612.12
2021-02-08 13:00:00,1.03,1634.14
2021-02-08 14:00:00,0.02,1701.21
2021-02-08 15:00:00,-0.89,1791.26
2021-02-08 16:00:00,-1.04,1842.36
2021-02-08 17:00:00,-2.43,1864.87
2021-02-08 18:00:00,-4.33,2025.79
2021-02-08 19:00:00,-5.79,2102.44
2021-02-08 20:00:00,-6.43,2061.17
2021-02-08 21:00:00,-7.16,1988.29
2021-02-08 22:00:00,-9.22,2092.53
2021-02-08 23:00:00,-10.17,2021.35
2021-02-09 00:00:00,-9.98,1903.06
2021-02-09 01:00:00,-9.2,1837.59
2021-02-09 02:00:00,-7.41,1772.77
2021-02-09 03:00:00,-7.14,1649.41
2021-02-09 04:00:00,-6.52,1691.59
2021-02-09 05:00:00,-5.6,1739.45
2021-02-09 06:00:00,-4.95,1829.08
2021-02-09 07:00:00,-2.59,1774.12
2021-02-09 08:00:00,-1.72,1801.07
2021-02-09 09:00:00,-1.74,1845.27
2021-02-09 10:00:00,-0.77,1785.68
2021-02-09 11:00:00,-0.23,1733.64
2021-02-09 12:00:00,-0.2,1705.96
2021-02-09 13:00:00,0.13,1661.62
2021-02-09 14:00:00,0.77,1683.14
2021-02-09 15:00:00,0.06,1741.47
2021-02-09 16:00:00,-0.11,1751.87
2021-02-09 17:00:00,-0.81,1889.66
2021-02-09 18:00:00,-0.53,1850.73
2021-02-09 19:00:00,-0.73,1896.24
2021-02-09 20:00:00,-0.5,1786.92
2021-02-09 21:00:00,-4.8,1887.81
2021-02-09 22:00:00,-5.56,1842.86
2021-02-09 23:00:00,-6.34,1768.31
2021-02-10 00:00:00,-8.31,1838.52
2021-02-10 01:00:00,-9.35,1835.37
2021-02-10 02:00:00,-8.02,1714.32
2021-02-10 03:00:00,-7.21,1746.71
2021-02-10 04:00:00,-5.92,1664.9
2021-02-10 05:00:00,-5.74,1726.52
2021-02-10 06:00:00,-3.91,1761.06
2021-02-10 07:00:00,-1.56,1814.69
2021-02-10 08:00:00,-0.48,1777.27
2021-02-10 09:00:00,2.54,1690.9
2021-02-10 10:00:00,2.23,1691.53
2021-02-10 11:00:00,2.3,1589.45
2021-02-10 12:00:00,2.59,1571.35
2021-02-10 13:00:00,2.12,1614.41
2021-02-10 14:00:00,3.05,1602.4
2021-02-10 15:00:00,2.08,1636.99
2021-02-10 16:00:00,-0.02,1825.04
2021-02-10 17:00:00,-0.52,1821.7
2021-02-10 18:00:00,0.43,1835.2
2021-02-10 19:00:00,-0.71,1900.24
2021-02-10 20:00:00,-3.06,1937.51
2021-02-10 21:00:00,-4.75,1897.42
2021-02-10 22:00:00,-4.87,1799.89
2021-02-10 23:00:00,-4.72,1735.32
2021-02-11 00:00:00,-5.09,1787.1
2021-02-11 01:00:00,-4.62,1691.45
2021-02-11 02:00:00,-5.17,1611.21
2021-02-11 03:00:00,-4.56,1579.95
2021-02-11 04:00:00,-2.05,1527.26
2021-02-11 05:00:00,-1.24,1540.51
2021-02-11 06:00:00,-1.65,1707.69
2021-02-11 07:00:00,-1.1,1758.88
2021-02-11 08:00:00,-0.12,1704.78
2021-02-11 09:00:00,1.3,1733.11
2021-02-11 10:00:00,4.25,1595.97
2021-02-11 11:00:00,3.14,1635.5
2021-02-11 12:00:00,3.61,1507.31
2021-02-11 13:00:00,3.94,1582.04
2021-02-11 14:00:00,4.48,1534.16
2021-02-11 15:00:00,4.17,1572.43
2021-02-11 16:00:00,2.41,1705.48
2021-02-11 17:00:00,0.2,1813.82
2021-02-11 18:00:00,-1.07,1905.15
2021-02-11 19:00:00,-1.18,1863.35
2021-02-11 20:00:00,-1.6,1805.34
2021-02-11 21:00:00,-2.69,1790.45
2021-02-11 22:00:00,-4.13,1797.34
2021-02-11 23:00:00,-3.19,1751.58
2021-02-12 00:00:00,-5.42,1717.39
2021-02-12 01:00:00,-5.76,1711.64
2021-02-12 02:00:00,-3.37,1624.15
2021-02-12 03:00:00,-4.44,1621.34
2021-02-12 04:00:00,-2.27,1522.45
2021-02-12 05:00:00,-2.72,1692.27
2021-02-12 06:00:00,-2.32,1631.32
2021-02-12 07:00:00,-0.18,1663.49
2021-02-12 08:00:00,0.93,1710.48
2021-02-12 09:00:00,0.02,1836.4
2021-02-12 10:00:00,-0.67,1777.24
2021-02-12 11:00:00,-0.25,1704.21
2021-02-12 12:00:00,0.82,1596.86
2021-02-12 13:00:00,1.47,1613.56
2021-02-12 14:00:00,0.89,1667.7
2021-02-12 15:00:00,-0.56,1802.07
2021-02-12 16:00:00,-2.63,1958.56
2021-02-12 17:00:00,-4.55,1978.74
2021-02-12 18:00:00,-6.67,2176.82
2021-02-12 19:00:00,-8.63,2232.86
2021-02-12 20:00:00,-7.51,2134.62
2021-02-12 21:00:00,-7.48,2037.27
2021-02-12 22:00:00,-7.1,1931.69
2021-02-12 23:00:00,-7.14,1893.61
2021-02-13 00:00:00,-7.62,1746.72
2021-02-13 01:00:00,-7.25,1687.18
2021-02-13 02:00:00,-7.38,1727.12
2021-02-13 03:00:00,-7.93,1666.16
2021-02-13 04:00:00,-6.85,1721.26
2021-02-13 05:00:00,-5.83,1699.97
2021-02-13 06:00:00,-4.63,1751.18
2021-02-13 07:00:00,-4.35,1719.22
2021-02-13 08:00:00,-2.24,1671.07
2021-02-13 09:00:00,-0.91,1674.29
2021-02-13 10:00:00,-1.25,1636.85
2021-02-13 11:00:00,-0.55,1586.89
2021-02-13 12:00:00,0.59,1486.73
2021-02-13 13:00:00,2.46,1382.63
2021-02-13 14:00:00,4.15,1390.52
2021-02-13 15:00:00,4.92,1303.78
2021-02-13 16:00:00,2.93,1437.99
2021-02-13 17:00:00,2.46,1526.29
2021-02-13 18:00:00,2.69,1546.81
2021-02-13 19:00:00,2.85,1583.4
2021-02-13 20:00:00,-0.29,1706.69
2021-02-13 21:00:00,-1.95,1738.37
2021-02-13 22:00:00,-2.66,1685.29
2021-02-13 23:00:00,-3.98,1695.41
2021-02-14 00:00:00,-6.01,1643.31
2021-02-14 01:00:00,-5.91,1649.48
2021-02-14 02:00:00,-5.21,1626.77
2021-02-14 03:00:00,-4.76,1563.98
2021-02-14 04:00:00,-4.97,1687.22
2021-02-14 05:00:00,-1.61,1553.9
2021-02-14 06:00:00,-0.62,1557.74
2021-02-14 07:00:00,-1.68,1588.15
2021-02-14 08:00:00,0.55,1520.01
2021-02-14 09:00:00,0.97,1536.96
2021-02-14 10:00:00,1.5,1556.63
2021-02-14 11:00:00,2.07,1482.16
2021-02-14 12:00:00,1.28,1488.46
2021-02-14 13:00:00,1.74,1462.85
2021-02-14 14:00:00,1.51,1427.04
2021-02-14 15:00:00,2.53,1452.24
2021-02-14 16:00:00,-0.12,1555.65
2021-02-14 17:00:00,-1.03,1681.81
2021-02-14 18:00:00,-1.7,1760.04
2021-02-14 19:00:00,-4.52,1831.29
2021-02-14 20:00:00,-5.78,1903.91
2021-02-14 21:00:00,-6.07,1913.79
2021-02-14 22:00:00,-6.0,1863.75
2021-02-14 23:00:00,-5.37,1794.8
2021-02-15 00:00:00,-5.68,1722.99
2021-02-15 01:00:00,-5.76,1725.46
2021-02-15 02:00:00,-5.69,1624.34
2021-02-15 03:00:00,-5.44,1626.88
2021-02-15 04:00:00,-6.39,1753.18
2021-02-15 05:00:00,-6.92,1795.97
2021-02-15 06:00:00,-5.62,1847.54
2021-02-15 07:00:00,-5.74,1902.25
2021-02-15 08:00:00,-4.09,1926.44
2021-02-15 09:00:00,-2.39,1861.74
2021-02-15 10:00:00,-1.21,1795.76
2021-02-15 11:00:00,-0.55,1710.43
2021-02-15 12:00:00,-0.46,1707.43
2021-02-15 13:00:00,-1.8,1799.43
2021-02-15 14:00:00,-1.92,1843.15
2021-02-15 15:00:00,-2.6,1867.36
2021-02-15 16:00:00,-2.51,1820.04
2021-02-15 17:00:00,-2.97,1839.9
2021-02-15 18:00:00,-3.83,2083.15
2021-02-15 19:00:00,-4.67,2086.16
2021-02-15 20:00:00,-5.46,2048.36
2021-02-15 21:00:00,-5.07,1947.91
2021-02-15 22:00:00,-5.6,1864.5
2021-02-15 23:00:00,-5.38,1772.67
2021-02-16 00:00:00,-5.99,1685.46
2021-02-16 01:00:00,-5.67,1666.39
2021-02-16 02:00:00,-7.24,1719.46
2021-02-16 03:00:00,-6.81,1722.79
2021-02-16 04:00:00,-4.54,1646.56
2021-02-16 05:00:00,-4.04,1660.15
2021-02-16 06:00:00,-3.71,1753.2
2021-02-16 07:00:00,-2.87,1809.05
2021-02-16 08:00:00,0.34,1799.09
2021-02-16 09:00:00,0.0,1797.33
2021-02-16 10:00:00,0.55,1715.3
2021-02-16 11:00:00,0.27,1643.62
2021-02-16 12:00:00,0.83,1664.44
2021-02-16 13:00:00,1.38,1680.01
2021-02-16 14:00:00,1.27,1627.99
2021-02-16 15:00:00,1.17,1733.69
2021-02-16 16:00:00,0.42,1805.34
2021-02-16 17:00:00,-2.31,1944.0
2021-02-16 18:00:00,-2.78,1968.77
2021-02-16 19:00:00,-4.51,1990.0
2021-02-16 20:00:00,-6.15,2121.89
2021-02-16 21:00:00,-6.43,1939.33
2021-02-16 22:00:00,-7.92,1981.42
2021-02-16 23:00:00,-8.37,1886.21
2021-02-17 00:00:00,-7.91,1821.56
2021-02-17 01:00:00,-7.09,1787.18
2021-02-17 02:00:00,-5.96,1677.09
2021-02-17 03:00:00,-5.54,1657.95
2021-02-17 04:00:00,-2.93,1513.97
2021-02-17 05:00:00,-2.42,1619.82
2021-02-17 06:00:00,-1.22,1650.4
2021-02-17 07:00:00,-0.31,1720.96
2021-02-17 08:00:00,-0.67,1766.59
2021-02-17 09:00:00,-0.07,1885.75
2021-02-17 10:00:00,-0.42,1723.48
2021-02-17 11:00:00,-0.96,1818.13
2021-02-17 12:00:00,-0.94,1695.13
2021-02-17 13:00:00,-1.21,1721.96
2021-02-17 14:00:00,-2.06,1805.99
2021-02-17 15:00:00,-1.18,1786.84
2021-02-17 16:00:00,-2.19,1924.33
2021-02-17 17:00:00,-2.53,1954.13
2021-02-17 18:00:00,-3.85,2011.34
2021-02-17 19:00:00,-6.09,2144.3
2021-02-17 20:00:00,-6.07,2052.92
2021-02-17 21:00:00,-7.8,2084.33
2021-02-17 22:00:00,-8.4,2037.95
2021-02-17 23:00:00,-9.13,2068.31
2021-02-18 00:00:00,-7.59,1737.36
2021-02-18 01:00:00,-5.62,1664.61
2021-02-18 02:00:00,-4.92,1596.92
2021-02-18 03:00:00,-3.61,1578.88
2021-02-18 04:00:00,-1.19,1461.7
2021-02-18 05:00:00,0.27,1521.11
2021-02-18 06:00:00,0.84,1599.81
2021-02-18 07:00:00,0.96,1702.09
2021-02-18 08:00:00,0.09,1810.31
2021-02-18 09:00:00,1.48,1765.42
2021-02-18 10:00:00,2.94,1624.72
2021-02-18 11:00:00,3.56,1559.85
2021-02-18 12:00:00,3.84,1537.71
2021-02-18 13:00:00,3.3,1527.94
2021-02-18 14:00:00,1.73,1611.94
2021-02-18 15:00:00,1.7,1624.06
2021-02-18 16:00:00,1.61,1620.7
2021-02-18 17:00:00,-1.51,1922.51
2021-02-18 18:00:00,-1.26,1843.98
2021-02-18 19:00:00,-1.74,1887.08
2021-02-18 20:00:00,-3.82,1992.66
2021-02-18 21:00:00,-4.44,1863.21
2021-02-18 22:00:00,-4.74,1719.95
2021-02-18 23:00:00,-3.2,1698.94
2021-02-19 00:00:00,-3.15,1629.98
2021-02-19 01:00:00,-3.59,1668.61
2021-02-19 02:00:00,-4.36,1647.19
2021-02-19 03:00:00,-3.69,1577.48
2021-02-19 04:00:00,-4.94,1634.75
2021-02-19 05:00:00,-3.46,1622.42
2021-02-19 06:00:00,-1.98,1669.22
2021-02-19 07:00:00,0.83,1650.42
2021-02-19 08:00:00,1.23,1726.45
2021-02-19 09:00:00,1.82,1729.31
2021-02-19 10:00:00,2.58,1660.4
2021-02-19 11:00:00,3.96,1569.97
2021-02-19 12:00:00,3.63,1587.4
2021-02-19 13:00:00,2.08,1612.75
2021-02-19 14:00:00,3.09,1592.98
2021-02-19 15:00:00,3.53,1600.28
2021-02-19 16:00:00,3.29,1678.38
2021-02-19 17:00:00,2.63,1715.0
2021-02-19 18:00:00,-0.84,1919.78
2021-02-19 19:00:00,-0.56,1896.6
2021-02-19 20:00:00,-1.93,1874.6
2021-02-19 21:00:00,-2.27,1906.38
2021-02-19 22:00:00,-2.64,1701.43
2021-02-19 23:00:00,-5.65,1849.12
2021-02-20 00:00:00,-3.89,1573.05
2021-02-20 01:00:00,-2.58,1484.76
2021-02-20 02:00:00,-3.05,1478.42
2021-02-20 03:00:00,-2.35,1508.78
2021-02-20 04:00:00,0.96,1433.93
2021-02-20 05:00:00,2.2,1447.05
2021-02-20 06:00:00,-0.17,1525.62
2021-02-20 07:00:00,0.44,1446.67
2021-02-20 08:00:00,1.39,1524.63
2021-02-20 09:00:00,3.12,1507.94
2021-02-20 10:00:00,4.22,1437.36
2021-02-20 11:00:00,3.27,1408.26
2021-02-20 12:00:00,4.31,1350.84
2021-02-20 13:00:00,2.39,1409.04
2021-02-20 14:00:00,2.62,1397.27
2021-02-20 15:00:00,2.26,1431.87
2021-02-20 16:00:00,1.99,1519.82
2021-02-20 17:00:00,2.02,1551.2
2021-02-20 18:00:00,1.31,1618.86
2021-02-20 19:00:00,0.01,1607.84
2021-02-20 20:00:00,-0.76,1613.86
2021-02-20 21:00:00,-3.07,1750.14
2021-02-20 22:00:00,-1.88,1698.95
2021-02-20 23:00:00,-1.51,1613.0
2021-02-21 00:00:00,-0.78,1498.11
2021-02-21 01:00:00,-0.94,1506.13
2021-02-21 02:00:00,0.07,1451.36
2021-02-21 03:00:00,0.62,1351.05
2021-02-21 04:00:00,0.26,1379.06
2021-02-21 05:00:00,1.31,1461.56
2021-02-21 06:00:00,3.2,1461.88
2021-02-21 07:00:00,3.08,1416.15
2021-02-21 08:00:00,3.78,1472.4
2021-02-21 09:00:00,4.7,1456.77
2021-02-21 10:00:00,6.89,1309.62
2021-02-21 11:00:00,8.45,1201.31
2021-02-21 12:00:00,8.2,1253.61
2021-02-21 13:00:00,8.35,1183.41
2021-02-21 14:00:00,8.11,1218.7
2021-02-21 15:00:00,7.37,1275.51
2021-02-21 16:00:00,5.57,1320.83
2021-02-21 17:00:00,5.62,1437.09
2021-02-21 18:00:00,3.46,1611.59
2021-02-21 19:00:00,2.08,1604.54
2021-02-21 20:00:00,-0.05,1582.08
2021-02-21 21:00:00,-1.19,1690.48
2021-02-21 22:00:00,-1.75,1665.33
2021-02-21 23:00:00,0.23,1499.81
2021-02-22 00:00:00,1.67,1442.2
2021-02-22 01:00:00,1.86,1405.09
2021-02-22 02:00:00,0.82,1474.08
2021-02-22 03:00:00,1.84,1412.59
2021-02-22 04:00:00,2.48,1367.49
2021-02-22 05:00:00,4.02,
2021-02-22 06:00:00,6.59,
2021-02-22 07:00:00,9.17,1413.19
2021-02-22 08:00:00,9.27,1497.77
2021-02-22 09:00:00,10.75,1503.29
2021-02-22 10:00:00,11.7,1436.01
2021-02-22 11:00:00,13.96,1325.93
2021-02-22 12:00:00,15.54,1311.56
2021-02-22 13:00:00,14.23,1295.49
2021-02-22 14:00:00,13.64,1360.64
2021-02-22 15:00:00,11.47,1391.12
2021-02-22 16:00:00,9.94,1478.56
2021-02-22 17:00:00,9.2,1535.42
2021-02-22 18:00:00,9.35,1509.84
2021-02-22 19:00:00,8.31,1527.85
2021-02-22 20:00:00,7.55,1520.86
2021-02-22 21:00:00,7.75,1457.45
2021-02-22 22:00:00,6.03,1496.16
2021-02-22 23:00:00,5.9,1425.67
2021-02-23 00:00:00,5.23,1383.69
2021-02-23 01:00:00,5.77,1304.42
2021-02-23 02:00:00,4.81,1307.43
2021-02-23 03:00:00,5.49,1308.3
2021-02-23 04:00:00,5.32,1316.6
2021-02-23 05:00:00,7.44,1284.5
2021-02-23 06:00:00,6.61,1398.63
2021-02-23 07:00:00,7.32,1472.6
2021-02-23 08:00:00,6.66,1565.8
2021-02-23 09:00:00,8.87,1526.17
2021-02-23 10:00:00,10.36,1446.2
2021-02-23 11:00:00,11.66,1369.02
2021-02-23 12:00:00,11.23,1329.28
2021-02-23 13:00:00,9.83,1418.07
2021-02-23 14:00:00,9.79,1358.53
2021-02-23 15:00:00,8.15,1469.23
2021-02-23 16:00:00,6.81,1506.53
2021-02-23 17:00:00,2.83,1594.86
2021-02-23 18:00:00,0.43,1867.1
2021-02-23 19:00:00,-0.26,1791.06
2021-02-23 20:00:00,-0.09,1729.69
2021-02-23 21:00:00,-1.34,1758.85
2021-02-23 22:00:00,-2.69,1760.61
2021-02-23 23:00:00,-2.24,1674.1
2021-02-24 00:00:00,-0.2,1521.96
2021-02-24 01:00:00,-0.51,1438.3
2021-02-24 02:00:00,-1.51,1492.7
2021-02-24 03:00:00,-1.51,1516.21
2021-02-24 04:00:00,-0.88,1473.9
2021-02-24 05:00:00,0.88,1477.15
2021-02-24 06:00:00,2.39,1562.02
2021-02-24 07:00:00,4.97,1529.7
2021-02-24 08:00:00,5.45,1579.23
2021-02-24 09:00:00,5.65,1643.55
2021-02-24 10:00:00,7.47,1510.65
2021-02-24 11:00:00,8.55,1372.6
2021-02-24 12:00:00,8.23,1392.21
2021-02-24 13:00:00,6.82,1416.0
2021-02-24 14:00:00,6.08,1468.25
2021-02-24 15:00:00,6.15,1535.86
2021-02-24 16:00:00,4.95,1610.44
2021-02-24 17:00:00,5.96,1608.53
2021-02-24 18:00:00,7.05,1712.38
2021-02-24 19:00:00,6.58,1648.63
2021-02-24 20:00:00,4.13,1670.76
2021-02-24 21:00:00,3.55,1573.62
2021-02-24 22:00:00,2.66,1505.92
2021-02-24 23:00:00,-0.31,1604.79
2021-02-25 00:00:00,1.23,1459.19
2021-02-25 01:00:00,0.38,1438.7
2021-02-25 02:00:00,0.11,1443.76
2021-02-25 03:00:00,1.31,1416.94
2021-02-25 04:00:00,2.17,1396.35
2021-02-25 05:00:00,3.24,1390.06
2021-02-25 06:00:00,5.41,1470.68
2021-02-25 07:00:00,7.43,1474.66
2021-02-25 08:00:00,7.19,1538.65
2021-02-25 09:00:00,8.75,1525.86
2021-02-25 10:00:00,8.84,1500.48
2021-02-25 11:00:00,7.39,1504.07
2021-02-25 12:00:00,6.65,1454.6
2021-02-25 13:00:00,6.95,1404.52
2021-02-25 14:00:00,6.36,
2021-02-25 15:00:00,5.57,1496.09
2021-02-25 16:00:00,3.79,1674.39
2021-02-25 17:00:00,3.08,1704.07
2021-02-25 18:00:00,2.06,1846.06
2021-02-25 19:00:00,2.37,1744.65
2021-02-25 20:00:00,1.85,1697.2
2021-02-25 21:00:00,0.95,1648.71
2021-02-25 22:00:00,1.15,1629.54
2021-02-25 23:00:00,0.51,1621.58
2021-02-26 00:00:00,0.6,1483.58
2021-02-26 01:00:00,-0.19,1479.17
2021-02-26 02:00:00,-0.27,1411.73
2021-02-26 03:00:00,1.53,1370.76
2021-02-26 04:00:00,3.69,1340.94
2021-02-26 05:00:00,3.65,1400.51
2021-02-26 06:00:00,5.19,1432.24
2021-02-26 07:00:00,5.28,1532.52
2021-02-26 08:00:00,6.31,1541.26
2021-02-26 09:00:00,7.7,1563.78
2021-02-26 10:00:00,7.56,1510.94
2021-02-26 11:00:00,7.14,1460.53
2021-02-26 12:00:00,6.17,1477.86
2021-02-26 13:00:00,7.47,1403.75
2021-02-26 14:00:00,7.05,1420.59
2021-02-26 15:00:00,7.19,1421.62
2021-02-26 16:00:00,6.26,1547.83
2021-02-26 17:00:00,4.1,1631.43
2021-02-26 18:00:00,3.06,1717.64
2021-02-26 19:00:00,1.48,1742.4
2021-02-26 20:00:00,0.46,1782.47
2021-02-26 21:00:00,0.14,1691.68
2021-02-26 22:00:00,-0.69,1705.08
2021-02-26 23:00:00,-0.18,1624.37
2021-02-27 00:00:00,-0.47,1435.22
2021-02-27 01:00:00,-2.13,1457.25
2021-02-27 02:00:00,-0.71,1405.74
2021-02-27 03:00:00,-0.13,1401.2
2021-02-27 04:00:00,2.26,1383.99
2021-02-27 05:00:00,4.27,1336.24
2021-02-27 06:00:00,4.0,1464.57
2021-02-27 07:00:00,4.26,1396.98
2021-02-27 08:00:00,5.82,1412.06
2021-02-27 09:00:00,6.39,1401.66
2021-02-27 10:00:00,8.69,1268.64
2021-02-27 11:00:00,8.96,1218.01
2021-02-27 12:00:00,7.72,1221.23
2021-02-27 13:00:00,6.94,1241.6
2021-02-27 14:00:00,6.44,1232.93
2021-02-27 15:00:00,5.56,1328.41
2021-02-27 16:00:00,4.28,1463.12
2021-02-27 17:00:00,2.9,1462.83
2021-02-27 18:00:00,1.64,1630.46
2021-02-27 19:00:00,-0.93,1661.42
2021-02-27 20:00:00,-1.61,1643.77
2021-02-27 21:00:00,0.52,1659.34
2021-02-27 22:00:00,0.84,1566.44
2021-02-27 23:00:00,-0.26,1562.12
2021-02-28 00:00:00,1.69,1386.92
2021-02-28 01:00:00,0.6,1452.03
2021-02-28 02:00:00,0.48,1392.6
2021-02-28 03:00:00,2.63,1350.28
2021-02-28 04:00:00,4.15,1267.47
2021-02-28 05:00:00,3.35,1367.34
2021-02-28 06:00:00,3.38,1455.64
2021-02-28 07:00:00,4.39,1419.75
2021-02-28 08:00:00,5.59,1384.92
2021-02-28 09:00:00,7.58,1390.59
2021-02-28 10:00:00,8.63,1279.97
2021-02-28 11:00:00,8.55,1271.19
2021-02-28 12:00:00,9.23,1181.09
2021-02-28 13:00:00,8.98,1181.65
2021-02-28 14:00:00,6.71,1228.72
2021-02-28 15:00:00,4.63,1322.15
2021-02-28 16:00:00,3.38,1497.23
2021-02-28 17:00:00,2.38,1510.73
2021-02-28 18:00:00,1.09,
2021-02-28 19:00:00,0.4,1654.93
2021-02-28 20:00:00,-0.49,1608.24
2021-02-28 21:00:00,-0.01,1658.39
2021-02-28 22:00:00,-1.37,1662.63
2021-02-28 23:00:00,-1.02,1598.56
2021-03-01 00:00:00,0.03,1413.97
2021-03-01 01:00:00,2.37,1306.68
2021-03-01 02:00:00,3.86,1292.73
2021-03-01 03:00:00,5.36,1280.41
2021-03-01 04:00:00,7.96,1204.41
2021-03-01 05:00:00,8.9,1208.73
2021-03-01 06:00:00,9.44,1297.42
2021-03-01 07:00:00,11.02,1377.98
2021-03-01 08:00:00,11.16,1429.71
2021-03-01 09:00:00,12.96,1411.28
2021-03-01 10:00:00,12.26,1375.73
2021-03-01 11:00:00,13.79,1303.94
2021-03-01 12:00:00,14.57,1285.29
2021-03-01 13:00:00,11.6,1250.81
2021-03-01 14:00:00,11.14,1317.02
2021-03-01 15:00:00,10.48,1295.44
2021-03-01 16:00:00,11.55,1350.3
2021-03-01 17:00:00,10.28,1435.12
2021-03-01 18:00:00,10.07,1506.61
2021-03-01 19:00:00,8.32,1549.63
2021-03-01 20:00:00,5.84,1509.31
2021-03-01 21:00:00,2.14,1609.34
2021-03-01 22:00:00,-0.19,1621.91
2021-03-01 23:00:00,-0.33,1481.87
2021-03-02 00:00:00,-1.39,1571.35
2021-03-02 01:00:00,-2.98,1544.33
2021-03-02 02:00:00,-1.32,1397.01
2021-03-02 03:00:00,-1.21,1442.36
2021-03-02 04:00:00,-2.35,1535.33
2021-03-02 05:00:00,-0.06,1474.74
2021-03-02 06:00:00,2.84,1456.65
2021-03-02 07:00:00,4.97,1470.2
2021-03-02 08:00:00,6.5,1529.35
2021-03-02 09:00:00,7.58,1494.95
2021-03-02 10:00:00,7.99,1498.75
2021-03-02 11:00:00,9.37,1355.65
2021-03-02 12:00:00,9.96,1325.51
2021-03-02 13:00:00,10.91,1259.31
2021-03-02 14:00:00,11.09,1280.5
2021-03-02 15:00:00,11.33,1345.47
2021-03-02 16:00:00,9.0,1412.3
2021-03-02 17:00:00,7.95,1502.2
2021-03-02 18:00:00,7.56,1519.1
2021-03-02 19:00:00,6.69,1539.62
2021-03-02 20:00:00,8.33,1503.16
2021-03-02 21:00:00,7.86,1371.18
2021-03-02 22:00:00,6.67,1441.18
2021-03-02 23:00:00,5.65,1410.26
2021-03-03 00:00:00,5.4,1294.56
2021-03-03 01:00:00,5.01,1283.85
2021-03-03 02:00:00,5.62,1277.33
2021-03-03 03:00:00,7.91,1198.57
2021-03-03 04:00:00,9.96,1172.87
2021-03-03 05:00:00,9.09,1238.51
2021-03-03 06:00:00,8.75,1307.25
2021-03-03 07:00:00,10.2,
2021-03-03 08:00:00,9.95,1431.89
2021-03-03 09:00:00,11.98,1422.97
2021-03-03 10:00:00,12.33,1359.88
2021-03-03 11:00:00,12.52,1313.03
2021-03-03 12:00:00,12.49,1307.03
2021-03-03 13:00:00,12.23,1254.54
2021-03-03 14:00:00,12.05,1260.92
2021-03-03 15:00:00,11.91,1287.56
2021-03-03 16:00:00,9.39,1427.05
2021-03-03 17:00:00,8.9,1522.04
2021-03-03 18:00:00,7.84,1527.64
2021-03-03 19:00:00,5.41,1565.91
2021-03-03 20:00:00,3.52,1594.98
2021-03-03 21:00:00,1.31,1671.12
2021-03-03 22:00:00,0.38,1612.59
2021-03-03 23:00:00,1.24,1475.09
2021-03-04 00:00:00,2.03,1432.83
2021-03-04 01:00:00,2.93,
2021-03-04 02:00:00,2.78,1344.61
2021-03-04 03:00:00,3.62,1277.11
2021-03-04 04:00:00,5.57,1281.65
2021-03-04 05:00:00,7.45,1262.13
2021-03-04 06:00:00,7.82,1354.92
2021-03-04 07:00:00,9.15,1369.68
2021-03-04 08:00:00,10.4,1441.76
2021-03-04 09:00:00,10.09,1484.99
2021-03-04 10:00:00,9.86,1399.46
2021-03-04 11:00:00,10.92,1316.36
2021-03-04 12:00:00,9.85,1281.86
2021-03-04 13:00:00,8.44,1364.83
2021-03-04 14:00:00,9.85,1302.52
2021-03-04 15:00:00,9.92,1323.21
2021-03-04 16:00:00,8.15,1436.39
2021-03-04 17:00:00,7.77,1545.29
2021-03-04 18:00:00,5.65,1584.54
2021-03-04 19:00:00,5.0,1661.04
2021-03-04 20:00:00,4.03,
2021-03-04 21:00:00,2.6,1583.75
2021-03-04 22:00:00,1.41,1516.18
2021-03-04 23:00:00,1.94,1458.21
2021-03-05 00:00:00,1.72,1410.04
2021-03-05 01:00:00,0.93,1442.96
2021-03-05 02:00:00,1.25,1365.64
2021-03-05 03:00:00,1.24,1369.84
2021-03-05 04:00:00,0.91,1363.63
2021-03-05 05:00:00,0.71,1451.28
2021-03-05 06:00:00,1.41,1490.04
2021-03-05 07:00:00,3.44,1530.41
2021-03-05 08:00:00,6.86,1515.74
2021-03-05 09:00:00,8.47,1430.68
2021-03-05 10:00:00,9.93,1389.1
2021-03-05 11:00:00,9.45,1357.06
2021-03-05 12:00:00,9.23,1334.98
2021-03-05 13:00:00,11.5,1318.91
2021-03-05 14:00:00,12.38,1254.93
2021-03-05 15:00:00,12.27,1296.54
2021-03-05 16:00:00,11.98,1328.38
2021-03-05 17:00:00,9.61,1462.71
2021-03-05 18:00:00,7.14,1552.98
2021-03-05 19:00:00,8.81,1488.12
2021-03-05 20:00:00,7.32,1491.93
2021-03-05 21:00:00,6.48,1405.05
2021-03-05 22:00:00,7.89,1366.83
2021-03-05 23:00:00,8.98,1300.21
2021-03-06 00:00:00,9.38,1148.76
2021-03-06 01:00:00,6.89,1222.16
2021-03-06 02:00:00,7.6,1104.52
2021-03-06 03:00:00,10.05,1094.8
2021-03-06 04:00:00,12.16,1085.99
2021-03-06 05:00:00,12.44,1155.69
2021-03-06 06:00:00,12.4,1249.29
2021-03-06 07:00:00,13.88,1149.78
2021-03-06 08:00:00,15.59,1224.82
2021-03-06 09:00:00,15.54,1226.53
2021-03-06 10:00:00,16.13,1175.78
2021-03-06 11:00:00,17.13,1113.15
2021-03-06 12:00:00,15.7,
2021-03-06 13:00:00,13.85,1075.79
2021-03-06 14:00:00,12.19,1073.07
2021-03-06 15:00:00,11.7,1094.93
2021-03-06 16:00:00,11.91,1193.9
2021-03-06 17:00:00,12.38,1213.19
2021-03-06 18:00:00,9.49,1317.62
2021-03-06 19:00:00,7.79,1317.62
2021-03-06 20:00:00,8.85,1351.25
2021-03-06 21:00:00,9.45,1337.13
2021-03-06 22:00:00,8.15,1247.96
2021-03-06 23:00:00,7.42,1254.6
2021-03-07 00:00:00,6.8,1200.13
2021-03-07 01:00:00,5.79,1243.24
2021-03-07 02:00:00,6.82,1162.85
2021-03-07 03:00:00,8.02,1150.5
2021-03-07 04:00:00,8.4,1149.48
2021-03-07 05:00:00,9.01,1197.28
2021-03-07 06:00:00,8.41,1312.42
2021-03-07 07:00:00,9.75,1213.16
2021-03-07 08:00:00,10.46,1258.98
2021-03-07 09:00:00,10.24,1314.22
2021-03-07 10:00:00,11.71,1183.15
2021-03-07 11:00:00,10.68,1159.72
2021-03-07 12:00:00,12.06,1076.06
2021-03-07 13:00:00,10.34,1161.02
2021-03-07 14:00:00,10.11,1109.87
2021-03-07 15:00:00,8.91,1224.67
2021-03-07 16:00:00,9.76,1211.89
2021-03-07 17:00:00,7.46,1360.71
2021-03-07 18:00:00,7.56,1433.52
2021-03-07 19:00:00,7.38,1293.61
2021-03-07 20:00:00,7.53,1339.32
2021-03-07 21:00:00,5.42,1439.6
2021-03-07 22:00:00,5.66,1345.33
2021-03-07 23:00:00,6.2,1316.32
2021-03-08 00:00:00,5.97,1298.66
2021-03-08 01:00:00,5.07,1301.63
2021-03-08 02:00:00,6.14,1238.75
2021-03-08 03:00:00,6.36,1209.62
2021-03-08 04:00:00,6.88,
2021-03-08 05:00:00,6.94,1293.08
2021-03-08 06:00:00,6.83,1340.97
2021-03-08 07:00:00,7.68,1405.78
2021-03-08 08:00:00,8.5,1454.29
2021-03-08 09:00:00,10.09,1431.46
2021-03-08 10:00:00,9.59,1443.04
2021-03-08 11:00:00,11.17,1383.53
2021-03-08 12:00:00,11.95,1262.31
2021-03-08 13:00:00,11.64,1236.1
2021-03-08 14:00:00,9.31,1283.92
2021-03-08 15:00:00,7.35,1419.66
2021-03-08 16:00:00,6.87,1457.26
2021-03-08 17:00:00,7.41,1483.18
2021-03-08 18:00:00,8.1,1483.38
2021-03-08 19:00:00,6.26,1571.62
2021-03-08 20:00:00,5.1,1592.59
2021-03-08 21:00:00,3.2,1523.96
2021-03-08 22:00:00,2.74,1480.4
2021-03-08 23:00:00,1.73,1443.71
2021-03-09 00:00:00,2.46,1382.34
2021-03-09 01:00:00,3.26,1317.74
2021-03-09 02:00:00,2.28,1343.39
2021-03-09 03:00:00,3.4,1303.87
2021-03-09 04:00:00,3.39,1287.73
2021-03-09 05:00:00,3.45,1390.66
2021-03-09 06:00:00,6.04,1404.96
2021-03-09 07:00:00,7.64,1433.13
2021-03-09 08:00:00,8.36,1455.61
2021-03-09 09:00:00,10.66,1432.72
2021-03-09 10:00:00,11.46,1407.63
2021-03-09 11:00:00,11.11,1303.48
2021-03-09 12:00:00,11.13,1307.73
2021-03-09 13:00:00,11.73,1268.7
2021-03-09 14:00:00,11.31,1322.39
2021-03-09 15:00:00,10.76,1341.55
2021-03-09 16:00:00,10.36,1369.73
2021-03-09 17:00:00,9.31,1443.83
2021-03-09 18:00:00,8.19,1540.65
2021-03-09 19:00:00,6.65,1631.23
2021-03-09 20:00:00,4.85,1562.91
2021-03-09 21:00:00,3.32,1479.45
2021-03-09 22:00:00,2.4,1510.44
2021-03-09 23:00:00,1.41,1522.07
2021-03-10 00:00:00,1.78,1425.99
2021-03-10 01:00:00,2.56,1296.17
2021-03-10 02:00:00,1.91,1358.09
2021-03-10 03:00:00,2.67,1342.89
2021-03-10 04:00:00,5.34,
2021-03-10 05:00:00,8.13,1282.16
2021-03-10 06:00:00,9.28,1296.97
2021-03-10 07:00:00,11.01,1373.93
2021-03-10 08:00:00,10.82,1450.61
2021-03-10 09:00:00,12.46,1419.0
2021-03-10 10:00:00,12.81,1356.37
2021-03-10 11:00:00,13.46,1263.36
2021-03-10 12:00:00,13.71,1268.09
2021-03-10 13:00:00,12.62,1247.34
2021-03-10 14:00:00,12.68,1238.02
2021-03-10 15:00:00,11.76,1313.08
2021-03-10 16:00:00,11.35,1409.67
2021-03-10 17:00:00,8.57,1506.19
2021-03-10 18:00:00,9.38,1504.62
2021-03-10 19:00:00,9.1,1471.03
2021-03-10 20:00:00,8.85,1439.45
2021-03-10 21:00:00,7.53,1410.96
2021-03-10 22:00:00,6.68,1410.12
2021-03-10 23:00:00,4.28,1397.79
2021-03-11 00:00:00,5.69,1330.77
2021-03-11 01:00:00,6.18,1214.66
2021-03-11 02:00:00,6.76,1222.14
2021-03-11 03:00:00,6.83,1226.11
2021-03-11 04:00:00,9.45,1186.69
2021-03-11 05:00:00,11.29,1224.84
2021-03-11 06:00:00,11.83,1292.14
2021-03-11 07:00:00,12.82,1343.41
2021-03-11 08:00:00,13.81,1394.29
2021-03-11 09:00:00,15.75,1390.61
2021-03-11 10:00:00,15.95,1351.01
2021-03-11 11:00:00,14.75,1325.4
2021-03-11 12:00:00,16.05,1241.57
2021-03-11 13:00:00,17.56,1241.67
2021-03-11 14:00:00,17.22,1263.14
2021-03-11 15:00:00,16.63,1271.58
2021-03-11 16:00:00,15.88,1322.75
2021-03-11 17:00:00,13.79,1453.84
2021-03-11 18:00:00,12.79,1471.71
2021-03-11 19:00:00,11.78,1487.24
2021-03-11 20:00:00,10.92,1382.25
2021-03-11 21:00:00,11.03,1392.11
2021-03-11 22:00:00,9.25,1369.54
2021-03-11 23:00:00,7.13,1364.62
2021-03-12 00:00:00,8.8,1240.13
2021-03-12 01:00:00,8.47,1191.23
2021-03-12 02:00:00,9.88,1168.92
2021-03-12 03:00:00,11.03,1146.08
2021-03-12 04:00:00,12.67,1161.79
2021-03-12 05:00:00,13.82,1166.56
2021-03-12 06:00:00,13.37,1252.77
2021-03-12 07:00:00,13.64,
2021-03-12 08:00:00,15.05,1382.86
2021-03-12 09:00:00,15.58,1388.05
2021-03-12 10:00:00,16.53,1379.0
2021-03-12 11:00:00,14.19,1340.54
2021-03-12 12:00:00,16.25,1230.41
2021-03-12 13:00:00,14.4,1226.93
2021-03-12 14:00:00,12.98,1271.69
2021-03-12 15:00:00,12.19,1296.86
2021-03-12 16:00:00,12.23,1372.17
2021-03-12 17:00:00,11.46,1443.26
2021-03-12 18:00:00,10.73,1477.24
2021-03-12 19:00:00,11.23,1475.98
2021-03-12 20:00:00,9.49,1418.39
2021-03-12 21:00:00,6.92,1450.5
2021-03-12 22:00:00,7.52,1414.97
2021-03-12 23:00:00,6.23,1373.12
2021-03-13 00:00:00,4.79,1281.56
2021-03-13 01:00:00,4.57,1221.96
2021-03-13 02:00:00,5.04,1219.5
2021-03-13 03:00:00,5.38,1191.15
2021-03-13 04:00:00,6.1,1196.94
2021-03-13 05:00:00,6.64,1221.29
2021-03-13 06:00:00,5.53,1338.01
2021-03-13 07:00:00,6.95,1202.39
2021-03-13 08:00:00,6.89,1333.23
2021-03-13 09:00:00,7.01,1315.91
2021-03-13 10:00:00,8.17,1245.45
2021-03-13 11:00:00,7.89,1237.15
2021-03-13 12:00:00,7.32,1176.12
2021-03-13 13:00:00,8.48,1152.89
2021-03-13 14:00:00,6.71,1207.48
2021-03-13 15:00:00,5.32,1352.04
2021-03-13 16:00:00,4.39,1336.6
2021-03-13 17:00:00,2.47,1515.93
2021-03-13 18:00:00,1.49,1554.71
2021-03-13 19:00:00,1.23,1579.93
2021-03-13 20:00:00,0.08,1598.82
2021-03-13 21:00:00,-0.05,1537.48
2021-03-13 22:00:00,-2.14,1630.21
2021-03-13 23:00:00,-2.29,1666.03
2021-03-14 00:00:00,-1.32,1516.38
2021-03-14 01:00:00,-1.72,1437.94
2021-03-14 02:00:00,-1.06,1438.76
2021-03-14 03:00:00,-2.11,1398.73
2021-03-14 04:00:00,-0.16,1388.48
2021-03-14 05:00:00,0.16,1462.48
2021-03-14 06:00:00,1.56,1455.63
2021-03-14 07:00:00,2.69,1353.48
2021-03-14 08:00:00,4.85,1426.04
2021-03-14 09:00:00,6.34,1333.86
2021-03-14 10:00:00,5.95,1368.61
2021-03-14 11:00:00,5.17,1292.69
2021-03-14 12:00:00,5.99,1268.95
2021-03-14 13:00:00,5.23,1254.89
2021-03-14 14:00:00,3.93,1332.63
2021-03-14 15:00:00,5.14,1340.58
2021-03-14 16:00:00,4.48,1385.71
2021-03-14 17:00:00,2.96,
2021-03-14 18:00:00,2.02,1557.13
2021-03-14 19:00:00,2.83,1473.83
2021-03-14 20:00:00,1.32,1541.58
2021-03-14 21:00:00,0.73,1625.05
2021-03-14 22:00:00,0.34,1487.65
2021-03-14 23:00:00,0.31,1526.15
2021-03-15 00:00:00,1.31,1428.43
2021-03-15 01:00:00,0.68,1421.9
2021-03-15 02:00:00,1.57,1378.63
2021-03-15 03:00:00,2.9,1310.93
2021-03-15 04:00:00,4.1,1332.82
2021-03-15 05:00:00,5.54,1295.34
2021-03-15 06:00:00,7.66,1318.57
2021-03-15 07:00:00,8.12,1423.55
2021-03-15 08:00:00,9.16,1479.97
2021-03-15 09:00:00,9.24,1428.86
2021-03-15 10:00:00,7.32,1459.31
2021-03-15 11:00:00,5.33,1458.49
2021-03-15 12:00:00,6.36,1348.34
2021-03-15 13:00:00,5.31,1426.62
2021-03-15 14:00:00,5.74,1408.49
2021-03-15 15:00:00,5.31,1513.8
2021-03-15 16:00:00,4.0,1579.11
2021-03-15 17:00:00,5.14,1576.93
2021-03-15 18:00:00,1.44,1759.18
2021-03-15 19:00:00,1.57,1724.27
2021-03-15 20:00:00,0.28,1739.18
2021-03-15 21:00:00,-0.48,1706.59
2021-03-15 22:00:00,-1.37,1705.44
2021-03-15 23:00:00,-1.79,1565.01
2021-03-16 00:00:00,-1.27,1473.27
2021-03-16 01:00:00,0.11,1498.03
2021-03-16 02:00:00,-0.01,1398.6
2021-03-16 03:00:00,0.79,1422.2
2021-03-16 04:00:00,1.26,
2021-03-16 05:00:00,2.26,1425.53
2021-03-16 06:00:00,4.18,1468.73
2021-03-16 07:00:00,4.46,1518.85
2021-03-16 08:00:00,5.05,1544.34
2021-03-16 09:00:00,6.87,1528.68
2021-03-16 10:00:00,8.19,1405.7
2021-03-16 11:00:00,7.43,1380.76
2021-03-16 12:00:00,5.6,1402.38
2021-03-16 13:00:00,8.85,1336.02
2021-03-16 14:00:00,7.28,1341.97
2021-03-16 15:00:00,8.71,1386.96
2021-03-16 16:00:00,8.27,1472.87
2021-03-16 17:00:00,6.43,1526.1
2021-03-16 18:00:00,5.3,1634.11
2021-03-16 19:00:00,4.13,1645.44
2021-03-16 20:00:00,3.24,1582.22
2021-03-16 21:00:00,1.58,1622.5
2021-03-16 22:00:00,-0.7,1691.64
2021-03-16 23:00:00,-0.92,1561.73
2021-03-17 00:00:00,0.58,1438.68
2021-03-17 01:00:00,1.13,1422.12
2021-03-17 02:00:00,1.04,1363.29
2021-03-17 03:00:00,1.39,1396.4
2021-03-17 04:00:00,2.37,1409.76
2021-03-17 05:00:00,3.37,1347.21
2021-03-17 06:00:00,4.66,1424.67
2021-03-17 07:00:00,5.33,1481.87
2021-03-17 08:00:00,6.98,1503.72
2021-03-17 09:00:00,8.01,1517.82
2021-03-17 10:00:00,8.66,1416.89
2021-03-17 11:00:00,8.47,1367.86
2021-03-17 12:00:00,9.27,1352.89
2021-03-17 13:00:00,9.67,1287.86
2021-03-17 14:00:00,10.28,1306.93
2021-03-17 15:00:00,9.24,1403.08
2021-03-17 16:00:00,7.62,1463.6
2021-03-17 17:00:00,6.34,1545.35
2021-03-17 18:00:00,5.42,1669.14
2021-03-17 19:00:00,6.03,1569.72
2021-03-17 20:00:00,4.46,1600.76
2021-03-17 21:00:00,2.92,1598.81
2021-03-17 22:00:00,2.13,1592.63
2021-03-17 23:00:00,1.99,1504.15
2021-03-18 00:00:00,0.16,1480.72
2021-03-18 01:00:00,0.14,1470.04
2021-03-18 02:00:00,-1.0,1382.38
2021-03-18 03:00:00,-0.27,1466.45
2021-03-18 04:00:00,0.33,1399.56
2021-03-18 05:00:00,0.81,1465.26
2021-03-18 06:00:00,1.97,1484.03
2021-03-18 07:00:00,2.48,1600.93
2021-03-18 08:00:00,5.14,1546.91
2021-03-18 09:00:00,7.13,1467.49
2021-03-18 10:00:00,6.8,1433.92
2021-03-18 11:00:00,6.17,1427.54
2021-03-18 12:00:00,6.7,1374.43
2021-03-18 13:00:00,5.8,1444.65
2021-03-18 14:00:00,5.58,1447.09
2021-03-18 15:00:00,4.59,1462.31
2021-03-18 16:00:00,5.56,1549.82
2021-03-18 17:00:00,2.9,1686.5
2021-03-18 18:00:00,2.33,1725.88
2021-03-18 19:00:00,1.67,1836.61
2021-03-18 20:00:00,0.3,1752.08
2021-03-18 21:00:00,-0.19,1617.36
2021-03-18 22:00:00,-0.5,1593.46
2021-03-18 23:00:00,-0.7,1660.04
2021-03-19 00:00:00,-1.53,1507.2
2021-03-19 01:00:00,-0.43,1436.55
2021-03-19 02:00:00,-0.02,1352.68
2021-03-19 03:00:00,1.33,1358.0
2021-03-19 04:00:00,2.65,1371.77
2021-03-19 05:00:00,2.89,1428.87
2021-03-19 06:00:00,4.41,1409.81
2021-03-19 07:00:00,4.84,1492.32
2021-03-19 08:00:00,5.04,1562.46
2021-03-19 09:00:00,5.53,1537.68
2021-03-19 10:00:00,7.0,1467.21
2021-03-19 11:00:00,7.46,1398.31
2021-03-19 12:00:00,5.14,1449.51
2021-03-19 13:00:00,4.84,1414.81
2021-03-19 14:00:00,4.75,1457.5
2021-03-19 15:00:00,4.54,1529.17
2021-03-19 16:00:00,3.38,1622.4
2021-03-19 17:00:00,3.44,1605.81
2021-03-19 18:00:00,0.84,1734.71
2021-03-19 19:00:00,0.05,1828.38
2021-03-19 20:00:00,0.89,1638.83
2021-03-19 21:00:00,0.95,1625.05
2021-03-19 22:00:00,0.97,1521.09
2021-03-19 23:00:00,0.45,1522.14
2021-03-20 00:00:00,0.46,1433.05
2021-03-20 01:00:00,-0.01,1374.16
2021-03-20 02:00:00,-0.7,1373.61
2021-03-20 03:00:00,1.66,1356.85
2021-03-20 04:00:00,3.12,1288.89
2021-03-20 05:00:00,5.67,1293.3
2021-03-20 06:00:00,8.09,1290.84
2021-03-20 07:00:00,9.41,1201.03
2021-03-20 08:00:00,10.79,1234.86
2021-03-20 09:00:00,10.91,1280.63
2021-03-20 10:00:00,10.22,1214.56
2021-03-20 11:00:00,9.09,
2021-03-20 12:00:00,8.61,1170.66
2021-03-20 13:00:00,7.29,1189.51
2021-03-20 14:00:00,6.59,1219.79
2021-03-20 15:00:00,6.45,1258.7
2021-03-20 16:00:00,4.73,1303.65
2021-03-20 17:00:00,4.53,1433.56
2021-03-20 18:00:00,3.74,1528.4
2021-03-20 19:00:00,3.13,1518.63
2021-03-20 20:00:00,2.74,1444.72
2021-03-20 21:00:00,2.27,1520.24
2021-03-20 22:00:00,1.9,1481.82
2021-03-20 23:00:00,2.74,1367.19
2021-03-21 00:00:00,4.82,1340.8
2021-03-21 01:00:00,5.55,1201.3
2021-03-21 02:00:00,5.67,1181.81
2021-03-21 03:00:00,5.43,1206.39
2021-03-21 04:00:00,5.51,1194.31
2021-03-21 05:00:00,5.44,1264.92
2021-03-21 06:00:00,6.11,1326.03
2021-03-21 07:00:00,6.68,1287.58
2021-03-21 08:00:00,7.05,1330.96
2021-03-21 09:00:00,7.47,1305.31
2021-03-21 10:00:00,8.32,1253.22
2021-03-21 11:00:00,6.51,1221.74
2021-03-21 12:00:00,7.6,1184.31
2021-03-21 13:00:00,6.87,1176.43
2021-03-21 14:00:00,6.77,1210.62
2021-03-21 15:00:00,6.49,1256.8
2021-03-21 16:00:00,4.46,1344.05
2021-03-21 17:00:00,2.9,1492.43
2021-03-21 18:00:00,1.04,
2021-03-21 19:00:00,-0.35,1536.78
2021-03-21 20:00:00,0.68,1545.81
2021-03-21 21:00:00,-0.66,1653.6
2021-03-21 22:00:00,-0.45,1520.45
2021-03-21 23:00:00,0.28,1498.24
2021-03-22 00:00:00,-0.07,1528.17
2021-03-22 01:00:00,-0.28,1431.44
2021-03-22 02:00:00,0.44,1349.32
2021-03-22 03:00:00,-0.1,1360.01
2021-03-22 04:00:00,1.17,1371.52
2021-03-22 05:00:00,2.72,1372.51
2021-03-22 06:00:00,3.24,1451.78
2021-03-22 07:00:00,4.54,1502.92
2021-03-22 08:00:00,4.76,1576.76
2021-03-22 09:00:00,4.98,1617.06
2021-03-22 10:00:00,5.77,1537.73
2021-03-22 11:00:00,6.98,1437.7
2021-03-22 12:00:00,6.61,1395.16
2021-03-22 13:00:00,6.16,1427.42
2021-03-22 14:00:00,7.39,1364.06
2021-03-22 15:00:00,7.21,1429.73
2021-03-22 16:00:00,6.1,1521.23
2021-03-22 17:00:00,4.52,1621.51
2021-03-22 18:00:00,2.54,1696.42
2021-03-22 19:00:00,1.03,1723.82
2021-03-22 20:00:00,0.19,1744.33
2021-03-22 21:00:00,-1.5,1630.54
2021-03-22 22:00:00,-1.34,
2021-03-22 23:00:00,-3.32,1632.03
2021-03-23 00:00:00,-3.38,1609.81
2021-03-23 01:00:00,-2.59,1467.96
2021-03-23 02:00:00,-1.21,1501.99
2021-03-23 03:00:00,-1.15,1447.27
2021-03-23 04:00:00,0.4,1434.61
2021-03-23 05:00:00,0.33,1482.69
2021-03-23 06:00:00,0.91,1546.0
2021-03-23 07:00:00,2.15,1541.8
2021-03-23 08:00:00,2.97,1641.06
2021-03-23 09:00:00,3.19,1600.27
2021-03-23 10:00:00,2.67,1628.83
2021-03-23 11:00:00,4.49,1502.33
2021-03-23 12:00:00,4.43,1486.3
2021-03-23 13:00:00,6.47,1376.06
2021-03-23 14:00:00,5.58,1437.66
2021-03-23 15:00:00,5.42,1532.7
2021-03-23 16:00:00,3.89,1572.24
2021-03-23 17:00:00,2.54,1619.15
2021-03-23 18:00:00,1.24,1756.91
2021-03-23 19:00:00,0.97,1774.38
2021-03-23 20:00:00,0.36,1709.77
2021-03-23 21:00:00,-0.52,1702.45
2021-03-23 22:00:00,-0.89,1609.45
2021-03-23 23:00:00,-1.03,1593.03
2021-03-24 00:00:00,0.93,1471.44
2021-03-24 01:00:00,0.25,1418.77
2021-03-24 02:00:00,1.31,1323.37
2021-03-24 03:00:00,1.92,1357.1
2021-03-24 04:00:00,1.96,1355.24
2021-03-24 05:00:00,2.25,1395.23
2021-03-24 06:00:00,2.94,1447.54
2021-03-24 07:00:00,5.03,1483.41
2021-03-24 08:00:00,5.14,1486.33
2021-03-24 09:00:00,5.97,1535.81
2021-03-24 10:00:00,5.13,1559.45
2021-03-24 11:00:00,5.75,1435.52
2021-03-24 12:00:00,3.31,1525.3
2021-03-24 13:00:00,4.77,1432.02
2021-03-24 14:00:00,6.67,1340.01
2021-03-24 15:00:00,5.44,1480.07
2021-03-24 16:00:00,6.08,1545.75
2021-03-24 17:00:00,5.88,1536.92
2021-03-24 18:00:00,4.96,1689.17
2021-03-24 19:00:00,4.78,1664.81
2021-03-24 20:00:00,3.01,1632.32
2021-03-24 21:00:00,3.14,1455.71
2021-03-24 22:00:00,3.51,1505.9
2021-03-24 23:00:00,2.39,1415.02
2021-03-25 00:00:00,2.58,1357.95
2021-03-25 01:00:00,2.94,1397.96
2021-03-25 02:00:00,4.02,1269.17
2021-03-25 03:00:00,3.04,1318.32
2021-03-25 04:00:00,4.12,1289.82
2021-03-25 05:00:00,4.96,1332.45
2021-03-25 06:00:00,6.47,1333.0
2021-03-25 07:00:00,7.72,1408.94
2021-03-25 08:00:00,8.7,
2021-03-25 09:00:00,10.27,1432.81
2021-03-25 10:00:00,12.13,1362.3
2021-03-25 11:00:00,13.76,1322.88
2021-03-25 12:00:00,14.07,1265.93
2021-03-25 13:00:00,13.12,1290.28
2021-03-25 14:00:00,13.74,1229.07
2021-03-25 15:00:00,13.26,1321.68
2021-03-25 16:00:00,10.61,1386.67
2021-03-25 17:00:00,8.99,1435.39
2021-03-25 18:00:00,7.35,1602.11
2021-03-25 19:00:00,5.96,1633.65
2021-03-25 20:00:00,5.22,1604.78
2021-03-25 21:00:00,4.84,1496.64
2021-03-25 22:00:00,5.75,1390.92
2021-03-25 23:00:00,5.68,1381.04
2021-03-26 00:00:00,6.0,1316.4
2021-03-26 01:00:00,5.66,1286.6
2021-03-26 02:00:00,8.34,
2021-03-26 03:00:00,10.07,1168.33
2021-03-26 04:00:00,10.9,1154.47
2021-03-26 05:00:00,10.19,1226.59
2021-03-26 06:00:00,11.95,1286.8
2021-03-26 07:00:00,13.23,1352.98
2021-03-26 08:00:00,12.94,1377.17
2021-03-26 09:00:00,12.37,1388.39
2021-03-26 10:00:00,12.52,1396.95
2021-03-26 11:00:00,13.05,1310.19
2021-03-26 12:00:00,12.1,1296.43
2021-03-26 13:00:00,12.48,1237.28
2021-03-26 14:00:00,12.07,1291.32
2021-03-26 15:00:00,12.2,1283.93
2021-03-26 16:00:00,13.04,1342.52
2021-03-26 17:00:00,11.79,1436.99
2021-03-26 18:00:00,9.93,1508.55
2021-03-26 19:00:00,9.65,1486.88
2021-03-26 20:00:00,9.48,1434.37
2021-03-26 21:00:00,10.3,1391.86
2021-03-26 22:00:00,8.71,1348.56
2021-03-26 23:00:00,8.1,1318.76
2021-03-27 00:00:00,8.95,1164.66
2021-03-27 01:00:00,8.85,1163.16
2021-03-27 02:00:00,8.23,
2021-03-27 03:00:00,8.14,1095.06
2021-03-27 04:00:00,8.85,1129.3
2021-03-27 05:00:00,11.38,1149.97
2021-03-27 06:00:00,13.35,1215.62
2021-03-27 07:00:00,13.3,1149.0
2021-03-27 08:00:00,13.49,1215.31
2021-03-27 09:00:00,13.99,1240.64
2021-03-27 10:00:00,14.57,1173.98
2021-03-27 11:00:00,14.07,1112.76
2021-03-27 12:00:00,14.72,1106.46
2021-03-27 13:00:00,13.91,1079.93
2021-03-27 14:00:00,13.78,1077.03
2021-03-27 15:00:00,13.0,1146.92
2021-03-27 16:00:00,12.45,1180.1
2021-03-27 17:00:00,11.53,1247.34
2021-03-27 18:00:00,9.8,1303.84
2021-03-27 19:00:00,7.1,1394.14
2021-03-27 20:00:00,6.18,1371.0
2021-03-27 21:00:00,5.74,1407.44
2021-03-27 22:00:00,3.73,1449.34
2021-03-27 23:00:00,3.3,1379.82
2021-03-28 00:00:00,3.72,1298.82
2021-03-28 01:00:00,3.75,1250.65
2021-03-28 02:00:00,4.33,1202.89
2021-03-28 03:00:00,4.8,1179.08
2021-03-28 04:00:00,6.15,1199.08
2021-03-28 05:00:00,8.43,1187.78
2021-03-28 06:00:00,9.79,1251.07
2021-03-28 07:00:00,10.48,1202.16
2021-03-28 08:00:00,11.48,1259.87
2021-03-28 09:00:00,13.18,1219.66
2021-03-28 10:00:00,15.18,1144.47
2021-03-28 11:00:00,14.24,1104.14
2021-03-28 12:00:00,15.8,1068.63
2021-03-28 13:00:00,15.3,1018.49
2021-03-28 14:00:00,14.9,1105.6
2021-03-28 15:00:00,13.37,1144.24
2021-03-28 16:00:00,12.52,1179.58
2021-03-28 17:00:00,12.78,
2021-03-28 18:00:00,11.8,1302.52
2021-03-28 19:00:00,9.1,1367.09
2021-03-28 20:00:00,6.51,1350.24
2021-03-28 21:00:00,7.69,1367.81
2021-03-28 22:00:00,5.8,1403.3
2021-03-28 23:00:00,6.59,1291.59
2021-03-29 00:00:00,7.46,1301.47
2021-03-29 01:00:00,7.05,1215.98
2021-03-29 02:00:00,8.77,1197.05
2021-03-29 03:00:00,8.99,1145.48
2021-03-29 04:00:00,10.26,1192.95
2021-03-29 05:00:00,10.63,1209.13
2021-03-29 06:00:00,13.37,1280.14
2021-03-29 07:00:00,13.32,1344.61
2021-03-29 08:00:00,14.18,1381.07
2021-03-29 09:00:00,16.63,1386.59
2021-03-29 10:00:00,19.22,1366.28
2021-03-29 11:00:00,19.12,1311.08
2021-03-29 12:00:00,19.02,1283.48
2021-03-29 13:00:00,17.68,1238.0
2021-03-29 14:00:00,15.23,1248.03
2021-03-29 15:00:00,14.15,1284.59
2021-03-29 16:00:00,14.89,1330.65
2021-03-29 17:00:00,13.42,1386.66
2021-03-29 18:00:00,11.56,1459.09
2021-03-29 19:00:00,8.35,1507.13
2021-03-29 20:00:00,6.0,1461.68
2021-03-29 21:00:00,4.43,1464.8
2021-03-29 22:00:00,4.36,1472.34
2021-03-29 23:00:00,2.23,1471.91
2021-03-30 00:00:00,2.37,1389.05
2021-03-30 01:00:00,2.05,1328.91
2021-03-30 02:00:00,2.68,1326.01
2021-03-30 03:00:00,1.61,1302.46
2021-03-30 04:00:00,2.51,1376.16
2021-03-30 05:00:00,3.63,1340.43
2021-03-30 06:00:00,6.17,1370.63
2021-03-30 07:00:00,8.78,1384.87
2021-03-30 08:00:00,9.59,1466.9
2021-03-30 09:00:00,11.33,1433.4
2021-03-30 10:00:00,11.84,1373.54
2021-03-30 11:00:00,12.57,1310.51
2021-03-30 12:00:00,11.0,1318.72
2021-03-30 13:00:00,10.95,1250.26
2021-03-30 14:00:00,12.85,1318.54
2021-03-30 15:00:00,8.77,1345.8
2021-03-30 16:00:00,7.33,1491.17
2021-03-30 17:00:00,7.9,1507.09
2021-03-30 18:00:00,8.44,
2021-03-30 19:00:00,8.84,1504.85
2021-03-30 20:00:00,6.68,1507.25
2021-03-30 21:00:00,6.23,1417.28
2021-03-30 22:00:00,5.91,1458.77
2021-03-30 23:00:00,6.17,1399.19
2021-03-31 00:00:00,5.99,1326.72
2021-03-31 01:00:00,7.2,1253.8
2021-03-31 02:00:00,7.59,1185.06
2021-03-31 03:00:00,7.15,1190.62
2021-03-31 04:00:00,8.77,1152.28
2021-03-31 05:00:00,9.47,1245.51
2021-03-31 06:00:00,10.59,1306.82
2021-03-31 07:00:00,11.98,1329.03
2021-03-31 08:00:00,14.33,1395.62
2021-03-31 09:00:00,15.25,1384.23
2021-03-31 10:00:00,17.97,1337.84
2021-03-31 11:00:00,17.34,1309.66
2021-03-31 12:00:00,17.46,1257.31
2021-03-31 13:00:00,16.83,1262.25
2021-03-31 14:00:00,16.04,1244.78
2021-03-31 15:00:00,16.08,1278.66
2021-03-31 16:00:00,14.47,1345.16
2021-03-31 17:00:00,13.59,1398.05
2021-03-31 18:00:00,11.68,1442.66
2021-03-31 19:00:00,11.25,1510.41
2021-03-31 20:00:00,11.22,1425.93
2021-03-31 21:00:00,11.23,1354.08
2021-03-31 22:00:00,8.61,1357.37
2021-03-31 23:00:00,6.63,1387.92
2021-04-01 00:00:00,5.98,1256.51
2021-04-01 01:00:00,6.51,1162.53
2021-04-01 02:00:00,7.3,1181.14
2021-04-01 03:00:00,7.29,1163.43
2021-04-01 04:00:00,7.69,1160.45
2021-04-01 05:00:00,9.13,1195.9
2021-04-01 06:00:00,9.41,1271.09
2021-04-01 07:00:00,9.46,1364.0
2021-04-01 08:00:00,10.74,1375.87
2021-04-01 09:00:00,12.57,1375.96
2021-04-01 10:00:00,12.15,1345.69
2021-04-01 11:00:00,11.94,1280.42
2021-04-01 12:00:00,12.96,1194.88
2021-04-01 13:00:00,12.18,1223.41
2021-04-01 14:00:00,10.97,1223.06
2021-04-01 15:00:00,12.51,1253.86
2021-04-01 16:00:00,12.83,1286.85
2021-04-01 17:00:00,10.47,1401.99
2021-04-01 18:00:00,9.13,1418.36
2021-04-01 19:00:00,6.81,1493.12
2021-04-01 20:00:00,4.73,1507.84
2021-04-01 21:00:00,5.56,1443.89
2021-04-01 22:00:00,4.38,1399.82
2021-04-01 23:00:00,4.81,1407.57
2021-04-02 00:00:00,6.39,1251.63
2021-04-02 01:00:00,7.9,1184.41
2021-04-02 02:00:00,9.67,1120.24
2021-04-02 03:00:00,10.34,1093.97
2021-04-02 04:00:00,10.9,1131.97
2021-04-02 05:00:00,11.17,1192.57
2021-04-02 06:00:00,13.01,1202.14
2021-04-02 07:00:00,13.32,1269.39
2021-04-02 08:00:00,15.26,1361.3
2021-04-02 09:00:00,17.64,1345.56
2021-04-02 10:00:00,17.47,1303.67
2021-04-02 11:00:00,17.23,1222.45
2021-04-02 12:00:00,17.3,1233.86
2021-04-02 13:00:00,17.39,1181.78
2021-04-02 14:00:00,14.73,
2021-04-02 15:00:00,13.91,1284.77
2021-04-02 16:00:00,9.85,1338.59
2021-04-02 17:00:00,9.07,1426.92
2021-04-02 18:00:00,7.13,1460.46
2021-04-02 19:00:00,5.94,1524.57
2021-04-02 20:00:00,2.75,1615.36
2021-04-02 21:00:00,1.98,1530.04
2021-04-02 22:00:00,1.84,1496.33
2021-04-02 23:00:00,2.53,1405.78
2021-04-03 00:00:00,1.57,1298.52
2021-04-03 01:00:00,2.48,1299.47
2021-04-03 02:00:00,3.96,1162.28
2021-04-03 03:00:00,4.39,1155.78
2021-04-03 04:00:00,7.56,1117.77
2021-04-03 05:00:00,10.26,1129.12
2021-04-03 06:00:00,11.85,1195.79
2021-04-03 07:00:00,11.2,1132.74
2021-04-03 08:00:00,11.47,1210.1
2021-04-03 09:00:00,13.08,1179.57
2021-04-03 10:00:00,14.6,1132.64
2021-04-03 11:00:00,13.33,1096.66
2021-04-03 12:00:00,12.6,1030.87
2021-04-03 13:00:00,10.55,1047.66
2021-04-03 14:00:00,9.78,1036.87
2021-04-03 15:00:00,8.71,1174.72
2021-04-03 16:00:00,7.93,1230.41
2021-04-03 17:00:00,8.21,1211.6
2021-04-03 18:00:00,8.19,1294.09
2021-04-03 19:00:00,7.77,1352.04
2021-04-03 20:00:00,4.83,1357.63
2021-04-03 21:00:00,4.77,1453.11
2021-04-03 22:00:00,3.88,1365.08
2021-04-03 23:00:00,3.65,1295.42
2021-04-04 00:00:00,4.6,1256.33
2021-04-04 01:00:00,6.21,1133.01
2021-04-04 02:00:00,6.36,1129.54
2021-04-04 03:00:00,5.64,1108.68
2021-04-04 04:00:00,5.75,1135.04
2021-04-04 05:00:00,6.02,1177.9
2021-04-04 06:00:00,5.85,1275.69
2021-04-04 07:00:00,6.34,1231.45
2021-04-04 08:00:00,6.62,1288.26
2021-04-04 09:00:00,6.61,1288.14
2021-04-04 10:00:00,5.34,1327.21
2021-04-04 11:00:00,6.09,1221.96
2021-04-04 12:00:00,5.05,1214.14
2021-04-04 13:00:00,7.3,1118.79
2021-04-04 14:00:00,7.76,1110.06
2021-04-04 15:00:00,7.32,1133.37
2021-04-04 16:00:00,7.06,1192.04
2021-04-04 17:00:00,9.28,1261.8
2021-04-04 18:00:00,8.79,1267.25
2021-04-04 19:00:00,7.31,1335.83
2021-04-04 20:00:00,6.4,1333.17
2021-04-04 21:00:00,6.24,1347.76
2021-04-04 22:00:00,5.99,1304.57
2021-04-04 23:00:00,4.77,1247.86
2021-04-05 00:00:00,6.41,1226.2
2021-04-05 01:00:00,6.03,1199.75
2021-04-05 02:00:00,8.01,1154.38
2021-04-05 03:00:00,8.17,1163.15
2021-04-05 04:00:00,8.72,1174.46
2021-04-05 05:00:00,9.76,1172.73
2021-04-05 06:00:00,9.82,1248.84
2021-04-05 07:00:00,11.32,1320.99
2021-04-05 08:00:00,10.83,1393.27
2021-04-05 09:00:00,11.71,1420.72
2021-04-05 10:00:00,11.43,1356.27
2021-04-05 11:00:00,10.5,1273.4
2021-04-05 12:00:00,10.16,1262.12
2021-04-05 13:00:00,11.88,1209.29
2021-04-05 14:00:00,11.22,1268.11
2021-04-05 15:00:00,10.06,1224.43
2021-04-05 16:00:00,9.95,1301.06
2021-04-05 17:00:00,9.22,1399.66
2021-04-05 18:00:00,6.36,1535.59
2021-04-05 19:00:00,3.84,1562.21
2021-04-05 20:00:00,2.01,1544.97
2021-04-05 21:00:00,1.11,1537.83
2021-04-05 22:00:00,-1.1,1594.62
2021-04-05 23:00:00,-0.54,1525.26
2021-04-06 00:00:00,1.38,1410.1
2021-04-06 01:00:00,0.28,1433.1
2021-04-06 02:00:00,1.16,1379.35
2021-04-06 03:00:00,2.09,1275.79
2021-04-06 04:00:00,2.27,1311.85
2021-04-06 05:00:00,1.72,1392.81
2021-04-06 06:00:00,5.28,1355.24
2021-04-06 07:00:00,6.36,1427.05
2021-04-06 08:00:00,8.92,1402.96
2021-04-06 09:00:00,8.16,1437.41
2021-04-06 10:00:00,9.45,1348.3
2021-04-06 11:00:00,10.36,1273.34
2021-04-06 12:00:00,12.43,1190.95
2021-04-06 13:00:00,12.99,1205.13
2021-04-06 14:00:00,14.96,1201.71
2021-04-06 15:00:00,14.04,1237.3
2021-04-06 16:00:00,12.9,1312.82
2021-04-06 17:00:00,13.28,1364.13
2021-04-06 18:00:00,11.71,1461.86
2021-04-06 19:00:00,10.44,1462.1
2021-04-06 20:00:00,9.51,1385.46
2021-04-06 21:00:00,9.06,1356.69
2021-04-06 22:00:00,9.02,1314.44
2021-04-06 23:00:00,10.43,1195.33
2021-04-07 00:00:00,10.63,1167.87
2021-04-07 01:00:00,10.48,1109.81
2021-04-07 02:00:00,11.54,1124.22
2021-04-07 03:00:00,12.99,1084.5
2021-04-07 04:00:00,14.56,1085.62
2021-04-07 05:00:00,14.17,1127.01
2021-04-07 06:00:00,13.9,1194.23
2021-04-07 07:00:00,13.12,1360.61
2021-04-07 08:00:00,12.99,1334.26
2021-04-07 09:00:00,14.5,1365.93
2021-04-07 10:00:00,15.87,1323.2
2021-04-07 11:00:00,17.05,1263.81
2021-04-07 12:00:00,18.61,1204.57
2021-04-07 13:00:00,16.17,1198.77
2021-04-07 14:00:00,14.69,1223.2
2021-04-07 15:00:00,14.65,1231.23
2021-04-07 16:00:00,14.09,1291.65
2021-04-07 17:00:00,12.09,1412.13
2021-04-07 18:00:00,11.74,1428.3
2021-04-07 19:00:00,9.97,1472.78
2021-04-07 20:00:00,9.54,1396.38
2021-04-07 21:00:00,8.76,1379.07
2021-04-07 22:00:00,8.41,1272.15
2021-04-07 23:00:00,7.62,1264.39
2021-04-08 00:00:00,7.78,
2021-04-08 01:00:00,8.31,1212.99
2021-04-08 02:00:00,6.65,1177.74
2021-04-08 03:00:00,7.9,1132.98
2021-04-08 04:00:00,9.97,1066.0
2021-04-08 05:00:00,11.61,1166.51
2021-04-08 06:00:00,13.6,1190.19
2021-04-08 07:00:00,14.94,1306.18
2021-04-08 08:00:00,16.95,1320.11
2021-04-08 09:00:00,16.74,1374.99
2021-04-08 10:00:00,18.0,1308.14
2021-04-08 11:00:00,18.2,1262.57
2021-04-08 12:00:00,18.62,1202.27
2021-04-08 13:00:00,18.59,1197.19
2021-04-08 14:00:00,18.53,1199.06
2021-04-08 15:00:00,17.08,1226.2
2021-04-08 16:00:00,15.4,1287.59
2021-04-08 17:00:00,15.17,1315.25
2021-04-08 18:00:00,12.93,1436.91
2021-04-08 19:00:00,10.04,1445.49
2021-04-08 20:00:00,6.94,1481.94
2021-04-08 21:00:00,5.85,1421.46
2021-04-08 22:00:00,5.93,1326.1
2021-04-08 23:00:00,6.01,1323.15
2021-04-09 00:00:00,3.62,1330.77
2021-04-09 01:00:00,3.57,1308.55
2021-04-09 02:00:00,3.74,1286.47
2021-04-09 03:00:00,3.19,1287.63
2021-04-09 04:00:00,3.22,1304.1
2021-04-09 05:00:00,6.59,1205.85
2021-04-09 06:00:00,7.27,1286.36
2021-04-09 07:00:00,9.2,1351.27
2021-04-09 08:00:00,9.94,1368.83
2021-04-09 09:00:00,12.26,1365.82
2021-04-09 10:00:00,13.34,1339.47
2021-04-09 11:00:00,13.49,1265.61
2021-04-09 12:00:00,12.69,1236.96
2021-04-09 13:00:00,11.75,1223.33
2021-04-09 14:00:00,10.66,1255.06
2021-04-09 15:00:00,10.59,1269.41
2021-04-09 16:00:00,10.47,1333.6
2021-04-09 17:00:00,10.35,1412.0
2021-04-09 18:00:00,10.28,1430.22
2021-04-09 19:00:00,8.93,1419.76
2021-04-09 20:00:00,7.57,1436.4
2021-04-09 21:00:00,7.36,1344.2
2021-04-09 22:00:00,8.28,1310.46
2021-04-09 23:00:00,6.97,1353.14
2021-04-10 00:00:00,6.55,1228.48
2021-04-10 01:00:00,6.23,
2021-04-10 02:00:00,7.54,1090.66
2021-04-10 03:00:00,8.4,1084.36
2021-04-10 04:00:00,10.68,1068.68
2021-04-10 05:00:00,10.76,1105.36
2021-04-10 06:00:00,10.28,1224.07
2021-04-10 07:00:00,11.05,1168.43
2021-04-10 08:00:00,11.27,1189.51
2021-04-10 09:00:00,11.72,1192.35
2021-04-10 10:00:00,13.92,1126.98
2021-04-10 11:00:00,16.29,1061.87
2021-04-10 12:00:00,14.68,1059.69
2021-04-10 13:00:00,14.6,1017.14
2021-04-10 14:00:00,13.37,1037.91
2021-04-10 15:00:00,11.37,1114.5
2021-04-10 16:00:00,10.52,1157.69
2021-04-10 17:00:00,9.78,1223.48
2021-04-10 18:00:00,10.05,1249.16
2021-04-10 19:00:00,9.37,1300.12
2021-04-10 20:00:00,9.33,1164.56
2021-04-10 21:00:00,8.93,1391.05
2021-04-10 22:00:00,9.16,1264.83
2021-04-10 23:00:00,8.21,1207.69
2021-04-11 00:00:00,8.41,1126.12
2021-04-11 01:00:00,8.01,1178.64
2021-04-11 02:00:00,8.11,1059.6
2021-04-11 03:00:00,7.64,1108.27
2021-04-11 04:00:00,6.97,1112.69
2021-04-11 05:00:00,8.7,1131.83
2021-04-11 06:00:00,9.13,1240.5
2021-04-11 07:00:00,9.54,1145.61
2021-04-11 08:00:00,10.92,1222.0
2021-04-11 09:00:00,12.88,1172.02
2021-04-11 10:00:00,12.98,1138.16
2021-04-11 11:00:00,12.43,1086.22
2021-04-11 12:00:00,14.33,1037.28
2021-04-11 13:00:00,13.72,963.16
2021-04-11 14:00:00,13.38,1047.78
2021-04-11 15:00:00,11.87,1103.22
2021-04-11 16:00:00,11.32,1176.0
2021-04-11 17:00:00,10.35,1214.05
2021-04-11 18:00:00,9.22,1285.13
2021-04-11 19:00:00,7.61,1321.33
2021-04-11 20:00:00,7.66,1309.28
2021-04-11 21:00:00,8.33,1357.53
2021-04-11 22:00:00,7.18,1293.82
2021-04-11 23:00:00,5.96,1288.15
2021-04-12 00:00:00,4.99,1287.69
2021-04-12 01:00:00,6.48,1236.46
2021-04-12 02:00:00,5.74,1185.77
2021-04-12 03:00:00,6.65,1145.3
2021-04-12 04:00:00,7.08,1200.69
2021-04-12 05:00:00,8.31,1219.62
2021-04-12 06:00:00,10.36,1255.66
2021-04-12 07:00:00,11.03,1334.97
2021-04-12 08:00:00,9.64,1401.93
2021-04-12 09:00:00,9.66,1422.42
2021-04-12 10:00:00,10.11,1368.1
2021-04-12 11:00:00,10.33,1280.77
2021-04-12 12:00:00,10.46,1262.4
2021-04-12 13:00:00,9.16,1266.67
2021-04-12 14:00:00,7.76,1315.9
2021-04-12 15:00:00,7.08,1401.77
2021-04-12 16:00:00,5.75,
2021-04-12 17:00:00,4.83,1531.1
2021-04-12 18:00:00,4.86,1539.99
2021-04-12 19:00:00,5.28,1519.83
2021-04-12 20:00:00,5.1,1553.92
2021-04-12 21:00:00,4.49,
2021-04-12 22:00:00,2.04,1465.57
2021-04-12 23:00:00,0.87,1515.66
2021-04-13 00:00:00,2.58,1346.13
2021-04-13 01:00:00,2.21,1337.6
2021-04-13 02:00:00,3.87,1275.59
2021-04-13 03:00:00,5.08,1189.49
2021-04-13 04:00:00,4.71,1239.88
2021-04-13 05:00:00,4.38,1277.49
2021-04-13 06:00:00,6.35,1287.61
2021-04-13 07:00:00,7.86,1338.25
2021-04-13 08:00:00,9.38,1385.91
2021-04-13 09:00:00,12.44,1381.13
2021-04-13 10:00:00,12.77,1299.88
2021-04-13 11:00:00,12.75,1283.88
2021-04-13 12:00:00,12.45,1194.33
2021-04-13 13:00:00,12.3,
2021-04-13 14:00:00,10.89,1240.08
2021-04-13 15:00:00,9.41,1362.17
2021-04-13 16:00:00,9.76,1374.93
2021-04-13 17:00:00,7.36,1549.93
2021-04-13 18:00:00,6.98,1568.92
2021-04-13 19:00:00,6.6,1587.96
2021-04-13 20:00:00,5.76,1538.54
2021-04-13 21:00:00,6.28,1486.61
2021-04-13 22:00:00,5.52,1368.76
2021-04-13 23:00:00,6.64,1318.59
2021-04-14 00:00:00,5.49,1246.59
2021-04-14 01:00:00,5.92,1180.29
2021-04-14 02:00:00,7.95,1173.22
2021-04-14 03:00:00,7.84,1197.78
2021-04-14 04:00:00,8.21,
2021-04-14 05:00:00,10.34,1158.05
2021-04-14 06:00:00,10.53,1216.7
2021-04-14 07:00:00,12.16,1334.02
2021-04-14 08:00:00,11.8,1390.39
2021-04-14 09:00:00,12.0,1360.84
2021-04-14 10:00:00,12.51,1368.69
2021-04-14 11:00:00,12.32,1250.85
2021-04-14 12:00:00,11.69,1273.58
2021-04-14 13:00:00,11.19,1235.73
2021-04-14 14:00:00,11.4,1260.86
2021-04-14 15:00:00,11.63,1292.22
2021-04-14 16:00:00,9.94,1347.1
2021-04-14 17:00:00,10.95,1397.17
2021-04-14 18:00:00,10.44,1491.71
2021-04-14 19:00:00,11.04,1425.02
2021-04-14 20:00:00,9.63,1409.84
2021-04-14 21:00:00,11.55,1337.38
2021-04-14 22:00:00,10.25,1278.09
2021-04-14 23:00:00,9.49,1303.25
2021-04-15 00:00:00,11.37,1184.49
2021-04-15 01:00:00,13.03,1111.29
2021-04-15 02:00:00,14.02,1040.13
2021-04-15 03:00:00,14.87,1046.66
2021-04-15 04:00:00,16.0,1053.77
2021-04-15 05:00:00,15.89,1117.91
2021-04-15 06:00:00,17.2,1216.31
2021-04-15 07:00:00,18.07,1306.77
2021-04-15 08:00:00,18.9,1367.98
2021-04-15 09:00:00,21.1,1376.35
2021-04-15 10:00:00,22.01,1329.18
2021-04-15 11:00:00,22.06,1204.62
2021-04-15 12:00:00,23.07,1212.3
2021-04-15 13:00:00,20.74,1172.14
2021-04-15 14:00:00,19.46,1159.21
2021-04-15 15:00:00,17.77,1225.92
2021-04-15 16:00:00,16.83,1320.82
2021-04-15 17:00:00,16.08,1384.08
2021-04-15 18:00:00,15.43,1411.94
2021-04-15 19:00:00,11.77,
2021-04-15 20:00:00,8.72,1431.82
2021-04-15 21:00:00,6.54,1454.79
2021-04-15 22:00:00,5.7,1367.08
2021-04-15 23:00:00,4.04,1381.98
2021-04-16 00:00:00,3.61,1290.71
2021-04-16 01:00:00,1.93,1291.8
2021-04-16 02:00:00,2.98,1279.14
2021-04-16 03:00:00,3.57,1260.91
2021-04-16 04:00:00,3.77,1256.67
2021-04-16 05:00:00,3.99,1324.52
2021-04-16 06:00:00,4.68,
2021-04-16 07:00:00,6.21,1429.74
2021-04-16 08:00:00,5.37,1528.94
2021-04-16 09:00:00,7.64,1446.4
2021-04-16 10:00:00,7.58,1410.05
2021-04-16 11:00:00,8.91,1358.46
2021-04-16 12:00:00,8.44,1276.1
2021-04-16 13:00:00,8.75,1304.6
2021-04-16 14:00:00,9.69,1281.64
2021-04-16 15:00:00,8.32,1337.96
2021-04-16 16:00:00,6.94,1401.11
2021-04-16 17:00:00,7.37,1412.56
2021-04-16 18:00:00,6.48,1552.45
2021-04-16 19:00:00,5.08,1528.3
2021-04-16 20:00:00,3.98,1594.21
2021-04-16 21:00:00,2.81,1476.79
2021-04-16 22:00:00,3.31,1449.95
2021-04-16 23:00:00,3.52,1370.28
2021-04-17 00:00:00,3.33,1282.45
2021-04-17 01:00:00,4.39,1217.66
2021-04-17 02:00:00,5.12,1166.15
2021-04-17 03:00:00,4.46,1193.15
2021-04-17 04:00:00,5.75,1165.3
2021-04-17 05:00:00,5.15,1227.11
2021-04-17 06:00:00,5.73,1304.04
2021-04-17 07:00:00,7.62,1177.8
2021-04-17 08:00:00,8.75,1221.39
2021-04-17 09:00:00,8.8,1229.7
2021-04-17 10:00:00,10.53,1181.56
2021-04-17 11:00:00,8.64,1140.51
2021-04-17 12:00:00,7.8,1127.42
2021-04-17 13:00:00,5.68,1184.33
2021-04-17 14:00:00,4.46,1290.64
2021-04-17 15:00:00,4.54,1330.43
2021-04-17 16:00:00,3.41,1405.66
2021-04-17 17:00:00,4.62,1419.06
2021-04-17 18:00:00,3.25,1434.94
2021-04-17 19:00:00,3.01,1464.34
2021-04-17 20:00:00,3.13,1387.96
2021-04-17 21:00:00,1.73,1516.94
2021-04-17 22:00:00,0.8,1508.28
2021-04-17 23:00:00,1.33,1394.28
2021-04-18 00:00:00,-1.56,
2021-04-18 01:00:00,-0.46,1326.19
2021-04-18 02:00:00,1.15,1269.13
2021-04-18 03:00:00,1.66,1210.1
2021-04-18 04:00:00,1.07,1279.37
2021-04-18 05:00:00,1.0,1360.8
2021-04-18 06:00:00,0.76,1471.21
2021-04-18 07:00:00,0.0,1388.45
2021-04-18 08:00:00,2.68,1371.76
2021-04-18 09:00:00,4.39,1315.43
2021-04-18 10:00:00,4.3,1319.6
2021-04-18 11:00:00,5.61,1212.23
2021-04-18 12:00:00,6.46,1205.66
2021-04-18 13:00:00,6.1,1182.62
2021-04-18 14:00:00,6.49,1184.38
2021-04-18 15:00:00,6.42,1215.0
2021-04-18 16:00:00,7.11,1154.03
2021-04-18 17:00:00,6.65,1280.6
2021-04-18 18:00:00,5.74,1339.88
2021-04-18 19:00:00,4.36,1424.21
2021-04-18 20:00:00,4.18,1302.6
2021-04-18 21:00:00,4.18,1425.77
2021-04-18 22:00:00,2.6,1384.07
2021-04-18 23:00:00,3.12,1376.39
2021-04-19 00:00:00,2.45,1381.47
2021-04-19 01:00:00,4.27,1230.84
2021-04-19 02:00:00,3.81,1180.92
2021-04-19 03:00:00,5.08,1193.7
2021-04-19 04:00:00,7.15,1200.57
2021-04-19 05:00:00,8.97,1198.28
2021-04-19 06:00:00,8.98,1253.86
2021-04-19 07:00:00,9.83,1323.14
2021-04-19 08:00:00,10.32,1403.9
2021-04-19 09:00:00,14.8,1354.74
2021-04-19 10:00:00,14.92,1344.88
2021-04-19 11:00:00,13.88,1269.69
2021-04-19 12:00:00,15.68,1219.73
2021-04-19 13:00:00,16.53,1204.99
2021-04-19 14:00:00,16.7,1203.1
2021-04-19 15:00:00,17.27,1264.92
2021-04-19 16:00:00,15.65,1298.24
2021-04-19 17:00:00,14.04,1329.87
2021-04-19 18:00:00,15.75,1427.89
2021-04-19 19:00:00,13.85,1390.55
2021-04-19 20:00:00,13.08,1348.43
2021-04-19 21:00:00,11.51,1336.89
2021-04-19 22:00:00,9.9,1297.1
2021-04-19 23:00:00,8.48,1265.5
2021-04-20 00:00:00,9.88,1187.01
2021-04-20 01:00:00,8.66,1148.56
2021-04-20 02:00:00,9.52,1139.12
2021-04-20 03:00:00,10.15,1082.82
2021-04-20 04:00:00,10.86,1099.47
2021-04-20 05:00:00,11.73,1151.45
2021-04-20 06:00:00,13.11,1211.22
2021-04-20 07:00:00,14.99,1268.36
2021-04-20 08:00:00,15.27,1342.15
2021-04-20 09:00:00,14.86,1346.97
2021-04-20 10:00:00,15.24,1326.35
2021-04-20 11:00:00,15.14,1230.2
2021-04-20 12:00:00,15.29,1183.05
2021-04-20 13:00:00,14.53,1174.44
2021-04-20 14:00:00,13.89,1178.7
2021-04-20 15:00:00,13.9,1250.77
2021-04-20 16:00:00,11.45,1304.09
2021-04-20 17:00:00,11.82,1372.71
2021-04-20 18:00:00,10.33,1382.18
2021-04-20 19:00:00,9.21,1509.33
2021-04-20 20:00:00,9.41,1418.98
2021-04-20 21:00:00,7.62,1440.35
2021-04-20 22:00:00,6.58,1346.78
2021-04-20 23:00:00,5.96,1306.92
2021-04-21 00:00:00,6.64,1222.54
2021-04-21 01:00:00,4.94,1220.45
2021-04-21 02:00:00,5.56,1242.15
2021-04-21 03:00:00,4.37,1223.51
2021-04-21 04:00:00,6.99,1179.53
2021-04-21 05:00:00,6.96,
2021-04-21 06:00:00,7.16,1295.55
2021-04-21 07:00:00,7.53,1399.61
2021-04-21 08:00:00,8.29,1418.18
2021-04-21 09:00:00,10.56,1401.54
2021-04-21 10:00:00,10.92,1342.29
2021-04-21 11:00:00,13.33,1244.36
2021-04-21 12:00:00,13.93,1213.09
2021-04-21 13:00:00,13.4,1191.88
2021-04-21 14:00:00,12.36,1226.29
2021-04-21 15:00:00,11.45,1253.87
2021-04-21 16:00:00,11.98,1327.36
2021-04-21 17:00:00,10.59,1353.88
2021-04-21 18:00:00,9.41,1435.72
2021-04-21 19:00:00,9.74,1427.98
2021-04-21 20:00:00,8.55,1389.32
2021-04-21 21:00:00,6.74,1351.57
2021-04-21 22:00:00,6.88,1328.19
2021-04-21 23:00:00,6.69,1275.23
2021-04-22 00:00:00,7.41,1221.51
2021-04-22 01:00:00,8.49,1170.29
2021-04-22 02:00:00,8.06,1133.65
2021-04-22 03:00:00,8.79,1130.54
2021-04-22 04:00:00,9.3,1106.35
2021-04-22 05:00:00,10.57,1124.01
2021-04-22 06:00:00,12.18,1237.45
2021-04-22 07:00:00,13.6,1297.58
2021-04-22 08:00:00,13.11,1344.96
2021-04-22 09:00:00,12.56,1404.32
2021-04-22 10:00:00,13.55,1321.86
2021-04-22 11:00:00,14.01,1254.45
2021-04-22 12:00:00,14.69,1230.09
2021-04-22 13:00:00,15.58,1168.13
2021-04-22 14:00:00,15.58,1208.22
2021-04-22 15:00:00,13.24,1233.13
2021-04-22 16:00:00,12.95,1332.14
2021-04-22 17:00:00,13.44,1351.45
2021-04-22 18:00:00,12.78,1381.01
2021-04-22 19:00:00,11.91,1441.65
2021-04-22 20:00:00,12.22,1384.9
2021-04-22 21:00:00,11.04,1289.91
2021-04-22 22:00:00,9.3,1320.02
2021-04-22 23:00:00,8.09,1264.58
2021-04-23 00:00:00,8.63,1198.62
2021-04-23 01:00:00,8.59,1145.47
2021-04-23 02:00:00,10.39,1070.5
2021-04-23 03:00:00,12.08,1084.0
2021-04-23 04:00:00,11.59,1118.2
2021-04-23 05:00:00,11.29,1184.95
2021-04-23 06:00:00,11.61,1251.18
2021-04-23 07:00:00,11.78,1299.63
2021-04-23 08:00:00,11.29,1370.87
2021-04-23 09:00:00,14.41,1354.3
2021-04-23 10:00:00,14.91,1309.11
2021-04-23 11:00:00,14.61,1263.39
2021-04-23 12:00:00,15.4,1183.74
2021-04-23 13:00:00,16.41,1206.86
2021-04-23 14:00:00,15.61,1210.25
2021-04-23 15:00:00,17.2,1203.11
2021-04-23 16:00:00,16.15,1266.91
2021-04-23 17:00:00,13.69,1431.53
2021-04-23 18:00:00,13.36,1436.16
2021-04-23 19:00:00,13.01,1471.23
2021-04-23 20:00:00,12.71,1359.6
2021-04-23 21:00:00,13.94,1322.63
2021-04-23 22:00:00,13.45,1248.37
2021-04-23 23:00:00,12.48,1238.32
2021-04-24 00:00:00,12.75,1107.74
2021-04-24 01:00:00,12.79,1052.97
2021-04-24 02:00:00,13.06,1029.91
2021-04-24 03:00:00,12.0,1033.23
2021-04-24 04:00:00,11.91,1057.63
2021-04-24 05:00:00,14.55,1077.3
2021-04-24 06:00:00,14.82,1152.53
2021-04-24 07:00:00,15.72,1094.89
2021-04-24 08:00:00,15.79,1140.64
2021-04-24 09:00:00,16.71,1137.12
2021-04-24 10:00:00,17.75,1122.67
2021-04-24 11:00:00,16.77,1101.68
2021-04-24 12:00:00,16.61,1046.96
2021-04-24 13:00:00,15.37,1013.15
2021-04-24 14:00:00,16.47,1021.29
2021-04-24 15:00:00,17.34,1069.67
2021-04-24 16:00:00,17.28,1103.51
2021-04-24 17:00:00,17.32,1161.36
2021-04-24 18:00:00,16.51,1189.86
2021-04-24 19:00:00,14.65,1251.42
2021-04-24 20:00:00,12.49,1204.56
2021-04-24 21:00:00,12.78,1210.79
2021-04-24 22:00:00,11.79,1196.08
2021-04-24 23:00:00,9.91,1206.65
2021-04-25 00:00:00,9.17,1152.24
2021-04-25 01:00:00,10.46,1101.94
2021-04-25 02:00:00,10.56,1086.16
2021-04-25 03:00:00,11.09,1050.33
2021-04-25 04:00:00,11.6,1075.03
2021-04-25 05:00:00,13.88,1047.07
2021-04-25 06:00:00,14.0,1161.55
2021-04-25 07:00:00,14.77,1100.09
2021-04-25 08:00:00,15.34,1186.38
2021-04-25 09:00:00,15.79,1162.09
2021-04-25 10:00:00,16.78,1145.27
2021-04-25 11:00:00,17.41,1052.03
2021-04-25 12:00:00,18.39,1008.03
2021-04-25 13:00:00,18.13,1030.13
2021-04-25 14:00:00,16.07,1021.7
2021-04-25 15:00:00,15.7,1058.97
2021-04-25 16:00:00,16.76,1130.39
2021-04-25 17:00:00,15.07,1165.02
2021-04-25 18:00:00,13.95,1211.93
2021-04-25 19:00:00,13.35,1170.11
2021-04-25 20:00:00,10.86,1209.98
2021-04-25 21:00:00,8.96,1332.97
2021-04-25 22:00:00,9.04,1274.86
2021-04-25 23:00:00,8.39,1184.51
2021-04-26 00:00:00,7.77,1186.46
2021-04-26 01:00:00,8.47,1169.52
2021-04-26 02:00:00,9.63,1139.42
2021-04-26 03:00:00,10.52,1089.65
2021-04-26 04:00:00,13.07,1068.5
2021-04-26 05:00:00,12.91,1132.95
2021-04-26 06:00:00,13.75,1206.45
2021-04-26 07:00:00,13.82,1288.23
2021-04-26 08:00:00,15.82,1327.59
2021-04-26 09:00:00,16.73,1356.79
2021-04-26 10:00:00,16.64,1340.72
2021-04-26 11:00:00,17.47,1283.49
2021-04-26 12:00:00,18.48,1224.9
2021-04-26 13:00:00,19.24,1191.45
2021-04-26 14:00:00,18.25,1203.55
2021-04-26 15:00:00,18.35,1233.8
2021-04-26 16:00:00,16.75,1329.1
2021-04-26 17:00:00,16.52,1383.8
2021-04-26 18:00:00,14.4,1397.16
2021-04-26 19:00:00,13.44,1392.24
2021-04-26 20:00:00,10.63,1404.2
2021-04-26 21:00:00,8.65,1382.42
2021-04-26 22:00:00,6.82,1358.36
2021-04-26 23:00:00,7.25,1302.04
2021-04-27 00:00:00,6.64,1251.2
2021-04-27 01:00:00,7.99,1185.54
2021-04-27 02:00:00,10.22,1116.32
2021-04-27 03:00:00,9.57,1126.77
2021-04-27 04:00:00,11.26,1103.27
2021-04-27 05:00:00,10.18,1174.81
2021-04-27 06:00:00,11.29,1249.24
2021-04-27 07:00:00,13.05,1323.61
2021-04-27 08:00:00,12.73,1361.49
2021-04-27 09:00:00,14.15,1333.7
2021-04-27 10:00:00,14.92,1304.08
2021-04-27 11:00:00,15.25,1232.89
2021-04-27 12:00:00,14.96,1191.76
2021-04-27 13:00:00,14.52,
2021-04-27 14:00:00,14.23,1255.0
2021-04-27 15:00:00,13.29,1283.5
2021-04-27 16:00:00,12.87,1293.19
2021-04-27 17:00:00,11.7,1345.34
2021-04-27 18:00:00,10.21,1434.19
2021-04-27 19:00:00,8.89,1471.67
2021-04-27 20:00:00,7.49,1372.76
2021-04-27 21:00:00,5.79,1453.76
2021-04-27 22:00:00,4.01,1459.24
2021-04-27 23:00:00,2.55,1485.67
2021-04-28 00:00:00,3.0,1346.39
2021-04-28 01:00:00,3.45,1270.35
2021-04-28 02:00:00,3.89,1257.47
2021-04-28 03:00:00,4.58,1226.98
2021-04-28 04:00:00,5.39,1258.23
2021-04-28 05:00:00,7.07,1209.05
2021-04-28 06:00:00,7.24,1307.11
2021-04-28 07:00:00,8.49,1356.34
2021-04-28 08:00:00,9.21,1385.08
2021-04-28 09:00:00,12.34,1363.75
2021-04-28 10:00:00,12.21,1313.75
2021-04-28 11:00:00,11.41,1298.44
2021-04-28 12:00:00,10.24,1227.55
2021-04-28 13:00:00,9.67,1272.59
2021-04-28 14:00:00,8.49,1276.68
2021-04-28 15:00:00,8.58,1285.77
2021-04-28 16:00:00,9.39,1412.76
2021-04-28 17:00:00,7.34,1441.64
2021-04-28 18:00:00,8.18,1445.98
2021-04-28 19:00:00,6.92,1481.36
2021-04-28 20:00:00,5.99,1520.32
2021-04-28 21:00:00,5.81,1493.76
2021-04-28 22:00:00,3.75,1419.74
2021-04-28 23:00:00,4.04,1360.39
2021-04-29 00:00:00,4.54,1306.71
2021-04-29 01:00:00,5.02,1208.78
2021-04-29 02:00:00,6.7,1205.25
2021-04-29 03:00:00,6.37,1151.67
2021-04-29 04:00:00,8.28,1170.87
2021-04-29 05:00:00,11.64,1159.84
2021-04-29 06:00:00,12.76,1219.18
2021-04-29 07:00:00,13.91,1335.91
2021-04-29 08:00:00,15.06,1377.4
2021-04-29 09:00:00,15.39,1387.23
2021-04-29 10:00:00,15.3,1316.04
2021-04-29 11:00:00,15.63,1272.01
2021-04-29 12:00:00,14.92,1194.86
2021-04-29 13:00:00,15.13,1222.13
2021-04-29 14:00:00,13.46,1220.7
2021-04-29 15:00:00,12.33,1260.4
2021-04-29 16:00:00,12.57,1284.88
2021-04-29 17:00:00,11.79,1348.86
2021-04-29 18:00:00,9.37,1422.09
2021-04-29 19:00:00,10.03,1433.44
2021-04-29 20:00:00,11.08,1380.67
2021-04-29 21:00:00,10.56,1327.74
2021-04-29 22:00:00,9.63,1281.93
2021-04-29 23:00:00,9.54,1218.32
2021-04-30 00:00:00,11.05,1149.93
2021-04-30 01:00:00,12.86,1124.42
2021-04-30 02:00:00,14.25,1069.65
2021-04-30 03:00:00,15.91,1054.85
2021-04-30 04:00:00,17.5,1059.24
2021-04-30 05:00:00,18.61,
2021-04-30 06:00:00,19.87,1232.99
2021-04-30 07:00:00,20.36,1263.52
2021-04-30 08:00:00,22.92,1348.2
2021-04-30 09:00:00,23.28,1315.27
2021-04-30 10:00:00,24.46,1333.43
2021-04-30 11:00:00,24.88,1233.52
2021-04-30 12:00:00,26.63,1228.45
2021-04-30 13:00:00,27.47,1229.34
2021-04-30 14:00:00,26.51,1212.24
2021-04-30 15:00:00,26.14,1220.34
2021-04-30 16:00:00,25.1,1291.9
2021-04-30 17:00:00,24.6,1362.95
2021-04-30 18:00:00,22.94,1420.87
2021-04-30 19:00:00,21.45,1459.96
2021-04-30 20:00:00,22.61,1285.41
2021-04-30 21:00:00,20.9,1312.02
2021-04-30 22:00:00,18.34,1251.23
2021-04-30 23:00:00,17.96,1210.63
2021-05-01 00:00:00,18.29,1087.52
2021-05-01 01:00:00,16.1,1030.58
2021-05-01 02:00:00,16.47,1018.21
2021-05-01 03:00:00,19.13,1009.29
2021-05-01 04:00:00,19.14,1027.56
2021-05-01 05:00:00,19.54,1068.07
2021-05-01 06:00:00,18.91,1152.66
2021-05-01 07:00:00,21.82,1115.97
2021-05-01 08:00:00,21.16,1155.24
2021-05-01 09:00:00,20.86,1158.06
2021-05-01 10:00:00,22.27,1117.74
2021-05-01 11:00:00,21.52,1070.2
2021-05-01 12:00:00,19.74,1022.97
2021-05-01 13:00:00,17.29,967.27
2021-05-01 14:00:00,18.35,1013.6
2021-05-01 15:00:00,18.13,1016.25
2021-05-01 16:00:00,18.38,1095.65
2021-05-01 17:00:00,16.95,1161.11
2021-05-01 18:00:00,17.01,1252.61
2021-05-01 19:00:00,17.0,1173.56
2021-05-01 20:00:00,15.68,1134.33
2021-05-01 21:00:00,13.43,1232.13
2021-05-01 22:00:00,11.22,1210.44
2021-05-01 23:00:00,11.73,1156.6
2021-05-02 00:00:00,10.35,1159.35
2021-05-02 01:00:00,12.2,1087.55
2021-05-02 02:00:00,13.65,1018.08
2021-05-02 03:00:00,15.3,1015.38
2021-05-02 04:00:00,15.83,996.91
2021-05-02 05:00:00,18.29,1059.58
2021-05-02 06:00:00,20.55,1154.51
2021-05-02 07:00:00,21.99,1090.83
2021-05-02 08:00:00,21.73,1140.8
2021-05-02 09:00:00,22.12,1171.34
2021-05-02 10:00:00,23.84,1125.88
2021-05-02 11:00:00,24.8,1081.34
2021-05-02 12:00:00,25.54,1032.94
2021-05-02 13:00:00,25.16,1019.04
2021-05-02 14:00:00,24.14,1040.87
2021-05-02 15:00:00,24.09,1023.05
2021-05-02 16:00:00,24.93,1063.35
2021-05-02 17:00:00,25.07,1158.87
2021-05-02 18:00:00,24.53,1258.61
2021-05-02 19:00:00,22.46,1193.45
2021-05-02 20:00:00,21.78,1194.77
2021-05-02 21:00:00,21.13,1212.56
2021-05-02 22:00:00,21.08,1191.66
2021-05-02 23:00:00,21.91,1113.94
2021-05-03 00:00:00,21.83,1135.51
2021-05-03 01:00:00,21.32,1105.38
2021-05-03 02:00:00,20.78,1045.87
2021-05-03 03:00:00,21.69,1069.29
2021-05-03 04:00:00,21.81,1059.65
2021-05-03 05:00:00,22.37,1138.51
2021-05-03 06:00:00,22.62,1179.23
2021-05-03 07:00:00,23.8,1275.38
2021-05-03 08:00:00,24.9,1341.44
2021-05-03 09:00:00,25.54,1355.56
2021-05-03 10:00:00,25.11,1274.31
2021-05-03 11:00:00,24.99,1221.91
2021-05-03 12:00:00,25.37,1221.27
2021-05-03 13:00:00,24.42,1137.57
2021-05-03 14:00:00,24.22,1197.08
2021-05-03 15:00:00,24.65,1231.25
2021-05-03 16:00:00,23.44,1228.8
2021-05-03 17:00:00,20.66,1347.51
2021-05-03 18:00:00,18.1,1338.6
2021-05-03 19:00:00,18.31,1348.22
2021-05-03 20:00:00,16.6,1344.39
2021-05-03 21:00:00,15.6,1295.76
2021-05-03 22:00:00,16.3,1247.57
2021-05-03 23:00:00,16.71,1217.51
2021-05-04 00:00:00,15.39,1134.49
2021-05-04 01:00:00,14.92,1106.98
2021-05-04 02:00:00,16.2,1063.76
2021-05-04 03:00:00,18.82,1022.88
2021-05-04 04:00:00,18.68,1085.77
2021-05-04 05:00:00,20.11,1107.68
2021-05-04 06:00:00,21.43,1201.56
2021-05-04 07:00:00,22.01,1257.17
2021-05-04 08:00:00,22.78,1310.07
2021-05-04 09:00:00,23.38,1333.56
2021-05-04 10:00:00,20.88,1273.7
2021-05-04 11:00:00,19.37,1229.5
2021-05-04 12:00:00,20.32,1191.75
2021-05-04 13:00:00,20.45,1185.01
2021-05-04 14:00:00,20.74,1228.86
2021-05-04 15:00:00,20.1,1227.41
2021-05-04 16:00:00,19.8,1249.34
2021-05-04 17:00:00,18.54,1297.42
2021-05-04 18:00:00,19.98,1397.31
2021-05-04 19:00:00,18.91,1400.09
2021-05-04 20:00:00,19.12,1281.63
2021-05-04 21:00:00,18.41,1291.84
2021-05-04 22:00:00,17.84,1227.66
2021-05-04 23:00:00,16.43,1217.25
2021-05-05 00:00:00,16.88,
2021-05-05 01:00:00,15.19,1077.52
2021-05-05 02:00:00,14.75,1044.01
2021-05-05 03:00:00,15.07,1056.14
2021-05-05 04:00:00,14.67,1034.29
2021-05-05 05:00:00,15.34,1100.07
2021-05-05 06:00:00,13.9,1193.51
2021-05-05 07:00:00,15.55,1298.22
2021-05-05 08:00:00,17.51,1320.39
2021-05-05 09:00:00,18.68,
2021-05-05 10:00:00,19.56,1310.78
2021-05-05 11:00:00,18.66,1217.01
2021-05-05 12:00:00,19.15,1220.0
2021-05-05 13:00:00,19.46,1203.74
2021-05-05 14:00:00,18.96,1208.0
2021-05-05 15:00:00,18.23,1223.46
2021-05-05 16:00:00,17.4,1330.32
2021-05-05 17:00:00,17.71,1347.19
2021-05-05 18:00:00,16.04,1350.19
2021-05-05 19:00:00,15.74,1380.97
2021-05-05 20:00:00,13.27,1358.95
2021-05-05 21:00:00,12.34,1333.06
2021-05-05 22:00:00,12.66,1261.65
2021-05-05 23:00:00,11.95,1225.39
2021-05-06 00:00:00,11.93,1174.59
2021-05-06 01:00:00,11.11,1145.46
2021-05-06 02:00:00,11.59,1079.9
2021-05-06 03:00:00,13.18,1069.62
2021-05-06 04:00:00,16.81,1060.03
2021-05-06 05:00:00,18.04,1117.22
2021-05-06 06:00:00,18.07,1165.44
2021-05-06 07:00:00,17.58,1278.88
2021-05-06 08:00:00,18.72,1327.97
2021-05-06 09:00:00,19.07,1332.92
2021-05-06 10:00:00,19.67,1313.74
2021-05-06 11:00:00,20.73,1233.37
2021-05-06 12:00:00,20.5,1200.17
2021-05-06 13:00:00,22.07,1190.5
2021-05-06 14:00:00,22.61,1190.55
2021-05-06 15:00:00,21.98,1234.9
2021-05-06 16:00:00,19.79,1322.19
2021-05-06 17:00:00,19.64,1300.09
2021-05-06 18:00:00,17.22,1361.98
2021-05-06 19:00:00,15.86,1378.15
2021-05-06 20:00:00,15.74,1359.09
2021-05-06 21:00:00,16.1,1285.4
2021-05-06 22:00:00,15.84,1246.83
2021-05-06 23:00:00,15.06,1173.73
2021-05-07 00:00:00,13.02,1135.39
2021-05-07 01:00:00,12.38,1116.46
2021-05-07 02:00:00,12.36,1049.61
2021-05-07 03:00:00,12.25,1070.2
2021-05-07 04:00:00,12.08,1091.64
2021-05-07 05:00:00,13.62,1131.67
2021-05-07 06:00:00,15.53,1181.61
2021-05-07 07:00:00,16.91,1256.03
2021-05-07 08:00:00,18.04,1329.43
2021-05-07 09:00:00,19.18,1369.85
2021-05-07 10:00:00,19.67,1292.51
2021-05-07 11:00:00,21.03,1224.04
2021-05-07 12:00:00,21.04,1211.97
2021-05-07 13:00:00,20.77,1227.66
2021-05-07 14:00:00,19.17,1204.41
2021-05-07 15:00:00,17.14,
2021-05-07 16:00:00,15.99,1317.43
2021-05-07 17:00:00,16.4,1349.93
2021-05-07 18:00:00,17.09,1402.06
2021-05-07 19:00:00,15.61,1387.22
2021-05-07 20:00:00,15.47,1308.48
2021-05-07 21:00:00,14.5,1305.37
2021-05-07 22:00:00,14.91,
2021-05-07 23:00:00,14.28,1168.13
2021-05-08 00:00:00,15.82,1067.18
2021-05-08 01:00:00,15.54,1059.75
2021-05-08 02:00:00,15.83,1008.26
2021-05-08 03:00:00,13.74,1021.12
2021-05-08 04:00:00,16.31,1026.6
2021-05-08 05:00:00,17.47,1059.57
2021-05-08 06:00:00,19.03,1140.67
2021-05-08 07:00:00,18.9,1059.85
2021-05-08 08:00:00,18.93,1156.82
2021-05-08 09:00:00,19.28,
2021-05-08 10:00:00,19.92,1106.45
2021-05-08 11:00:00,20.67,1009.42
2021-05-08 12:00:00,20.92,995.79
2021-05-08 13:00:00,19.61,990.2
2021-05-08 14:00:00,19.14,1039.1
2021-05-08 15:00:00,16.63,1004.28
2021-05-08 16:00:00,14.47,1106.75
2021-05-08 17:00:00,13.81,1217.29
2021-05-08 18:00:00,11.94,1209.24
2021-05-08 19:00:00,11.25,1178.08
2021-05-08 20:00:00,11.55,1198.73
2021-05-08 21:00:00,9.11,1293.11
2021-05-08 22:00:00,8.54,1257.18
2021-05-08 23:00:00,9.54,1189.03
2021-05-09 00:00:00,9.86,1153.17
2021-05-09 01:00:00,10.49,1045.16
2021-05-09 02:00:00,11.47,1020.18
2021-05-09 03:00:00,11.04,1048.77
2021-05-09 04:00:00,11.96,1032.15
2021-05-09 05:00:00,13.51,1100.74
2021-05-09 06:00:00,14.36,1136.99
2021-05-09 07:00:00,15.88,1109.41
2021-05-09 08:00:00,16.4,1164.03
2021-05-09 09:00:00,18.7,1162.77
2021-05-09 10:00:00,18.96,1127.11
2021-05-09 11:00:00,19.7,1063.78
2021-05-09 12:00:00,18.11,1028.7
2021-05-09 13:00:00,19.08,
2021-05-09 14:00:00,17.51,1032.93
2021-05-09 15:00:00,15.09,1042.32
2021-05-09 16:00:00,15.46,1076.05
2021-05-09 17:00:00,13.96,1198.72
2021-05-09 18:00:00,12.38,1232.73
2021-05-09 19:00:00,12.33,1237.97
2021-05-09 20:00:00,12.5,1167.25
2021-05-09 21:00:00,11.05,1290.66
2021-05-09 22:00:00,10.26,1212.93
2021-05-09 23:00:00,10.19,1189.05
2021-05-10 00:00:00,11.9,1176.8
2021-05-10 01:00:00,13.35,1112.53
2021-05-10 02:00:00,12.31,1070.34
2021-05-10 03:00:00,13.6,1081.47
2021-05-10 04:00:00,15.22,1040.67
2021-05-10 05:00:00,14.41,1123.7
2021-05-10 06:00:00,16.91,1217.76
2021-05-10 07:00:00,18.51,1258.16
2021-05-10 08:00:00,19.87,1344.37
2021-05-10 09:00:00,20.92,1319.44
2021-05-10 10:00:00,22.3,1309.58
2021-05-10 11:00:00,23.19,1226.02
2021-05-10 12:00:00,22.86,1184.66
2021-05-10 13:00:00,24.0,1198.04
2021-05-10 14:00:00,23.77,1209.58
2021-05-10 15:00:00,22.69,1209.17
2021-05-10 16:00:00,22.06,1223.17
2021-05-10 17:00:00,21.21,1329.08
2021-05-10 18:00:00,20.3,1436.47
2021-05-10 19:00:00,21.4,1401.09
2021-05-10 20:00:00,19.88,1385.23
2021-05-10 21:00:00,17.57,1246.62
2021-05-10 22:00:00,15.72,1198.9
2021-05-10 23:00:00,15.41,1190.89
2021-05-11 00:00:00,16.14,1130.75
2021-05-11 01:00:00,16.54,1120.41
2021-05-11 02:00:00,17.72,1066.43
2021-05-11 03:00:00,18.0,1067.14
2021-05-11 04:00:00,19.15,1091.22
2021-05-11 05:00:00,20.28,1114.41
2021-05-11 06:00:00,23.26,1195.32
2021-05-11 07:00:00,23.92,1276.51
2021-05-11 08:00:00,26.34,1359.8
2021-05-11 09:00:00,28.97,1369.2
2021-05-11 10:00:00,28.32,1340.43
2021-05-11 11:00:00,28.67,1303.32
2021-05-11 12:00:00,29.27,1259.91
2021-05-11 13:00:00,29.16,1252.55
2021-05-11 14:00:00,29.41,1268.95
2021-05-11 15:00:00,28.69,1261.09
2021-05-11 16:00:00,26.71,1301.62
2021-05-11 17:00:00,25.75,1378.94
2021-05-11 18:00:00,23.02,1402.95
2021-05-11 19:00:00,21.68,1368.9
2021-05-11 20:00:00,20.19,1312.19
2021-05-11 21:00:00,18.5,1267.33
2021-05-11 22:00:00,17.65,1218.16
2021-05-11 23:00:00,16.03,1177.2
2021-05-12 00:00:00,16.62,1125.02
2021-05-12 01:00:00,16.26,
2021-05-12 02:00:00,17.03,1065.87
2021-05-12 03:00:00,17.96,1014.11
2021-05-12 04:00:00,17.78,1057.05
2021-05-12 05:00:00,18.5,1119.56
2021-05-12 06:00:00,19.63,1215.41
2021-05-12 07:00:00,21.56,1300.77
2021-05-12 08:00:00,23.23,1346.51
2021-05-12 09:00:00,23.97,1344.54
2021-05-12 10:00:00,26.35,1286.53
2021-05-12 11:00:00,25.73,1281.43
2021-05-12 12:00:00,25.28,1200.82
2021-05-12 13:00:00,25.68,1191.12
2021-05-12 14:00:00,26.15,1175.65
2021-05-12 15:00:00,27.57,1234.86
2021-05-12 16:00:00,26.97,1308.21
2021-05-12 17:00:00,25.41,1324.93
2021-05-12 18:00:00,24.54,1395.02
2021-05-12 19:00:00,22.34,1354.83
2021-05-12 20:00:00,22.31,1389.41
2021-05-12 21:00:00,23.51,1278.73
2021-05-12 22:00:00,23.25,1224.66
2021-05-12 23:00:00,23.2,1210.67
2021-05-13 00:00:00,24.09,1125.9
2021-05-13 01:00:00,24.32,1082.46
2021-05-13 02:00:00,23.84,1067.57
2021-05-13 03:00:00,24.71,1044.25
2021-05-13 04:00:00,25.41,1073.64
2021-05-13 05:00:00,26.77,1149.73
2021-05-13 06:00:00,28.59,1248.99
2021-05-13 07:00:00,30.25,1343.49
2021-05-13 08:00:00,31.34,1411.83
2021-05-13 09:00:00,31.85,
2021-05-13 10:00:00,32.27,1405.77
2021-05-13 11:00:00,34.04,1402.77
2021-05-13 12:00:00,32.94,1309.27
2021-05-13 13:00:00,31.27,1256.05
2021-05-13 14:00:00,30.38,1274.79
2021-05-13 15:00:00,30.66,1359.29
2021-05-13 16:00:00,29.31,1396.92
2021-05-13 17:00:00,28.74,1360.69
2021-05-13 18:00:00,27.38,1393.21
2021-05-13 19:00:00,28.08,1404.13
2021-05-13 20:00:00,26.86,1319.68
2021-05-13 21:00:00,26.54,1277.35
2021-05-13 22:00:00,25.24,1213.44
2021-05-13 23:00:00,24.83,1194.85
2021-05-14 00:00:00,24.65,1129.77
2021-05-14 01:00:00,25.74,1104.77
2021-05-14 02:00:00,25.72,1083.49
2021-05-14 03:00:00,26.13,1029.62
2021-05-14 04:00:00,26.83,1115.65
2021-05-14 05:00:00,27.45,1131.64
2021-05-14 06:00:00,28.04,1250.04
2021-05-14 07:00:00,28.59,1321.42
2021-05-14 08:00:00,30.56,1395.63
2021-05-14 09:00:00,32.59,1465.29
2021-05-14 10:00:00,33.21,1429.84
2021-05-14 11:00:00,33.29,1391.6
2021-05-14 12:00:00,34.66,1442.15
2021-05-14 13:00:00,32.52,1264.87
2021-05-14 14:00:00,30.49,1284.77
2021-05-14 15:00:00,29.1,1261.49
2021-05-14 16:00:00,28.71,1325.54
2021-05-14 17:00:00,26.89,1352.32
2021-05-14 18:00:00,23.59,1312.67
2021-05-14 19:00:00,22.32,
2021-05-14 20:00:00,20.6,1331.11
2021-05-14 21:00:00,21.89,1231.73
2021-05-14 22:00:00,20.89,1200.54
2021-05-14 23:00:00,20.15,1172.25
2021-05-15 00:00:00,18.86,1071.54
2021-05-15 01:00:00,19.39,1066.8
2021-05-15 02:00:00,20.72,1022.55
2021-05-15 03:00:00,22.18,993.17
2021-05-15 04:00:00,23.83,1011.18
2021-05-15 05:00:00,25.26,1059.82
2021-05-15 06:00:00,26.13,
2021-05-15 07:00:00,28.66,
2021-05-15 08:00:00,29.35,1206.92
2021-05-15 09:00:00,31.23,1243.69
2021-05-15 10:00:00,29.72,1181.35
2021-05-15 11:00:00,30.42,1128.18
2021-05-15 12:00:00,29.92,1102.31
2021-05-15 13:00:00,31.58,1132.39
2021-05-15 14:00:00,31.68,1100.78
2021-05-15 15:00:00,31.83,1167.63
2021-05-15 16:00:00,31.77,1209.07
2021-05-15 17:00:00,31.02,1239.3
2021-05-15 18:00:00,29.1,1264.48
2021-05-15 19:00:00,27.38,1187.51
2021-05-15 20:00:00,27.45,1179.79
2021-05-15 21:00:00,25.09,1260.76
2021-05-15 22:00:00,21.28,1189.72
2021-05-15 23:00:00,18.58,1152.85
2021-05-16 00:00:00,18.73,1074.4
2021-05-16 01:00:00,18.29,1068.94
2021-05-16 02:00:00,18.64,1016.99
2021-05-16 03:00:00,20.29,997.41
2021-05-16 04:00:00,18.88,1006.82
2021-05-16 05:00:00,20.94,1073.87
2021-05-16 06:00:00,21.77,1139.2
2021-05-16 07:00:00,24.18,1091.5
2021-05-16 08:00:00,24.23,1171.76
2021-05-16 09:00:00,26.03,1143.27
2021-05-16 10:00:00,25.53,1134.42
2021-05-16 11:00:00,24.47,1038.23
2021-05-16 12:00:00,23.84,984.13
2021-05-16 13:00:00,25.05,993.23
2021-05-16 14:00:00,23.02,1020.84
2021-05-16 15:00:00,21.16,1015.58
2021-05-16 16:00:00,21.73,1107.84
2021-05-16 17:00:00,20.4,1140.97
2021-05-16 18:00:00,19.13,1176.29
2021-05-16 19:00:00,19.06,1215.45
2021-05-16 20:00:00,19.78,1169.04
2021-05-16 21:00:00,19.25,1193.86
2021-05-16 22:00:00,19.9,1145.7
2021-05-16 23:00:00,20.68,1126.71
2021-05-17 00:00:00,20.59,1143.49
2021-05-17 01:00:00,19.97,1073.12
2021-05-17 02:00:00,20.98,1047.99
2021-05-17 03:00:00,21.81,1058.49
2021-05-17 04:00:00,22.32,1078.57
2021-05-17 05:00:00,24.08,1099.02
2021-05-17 06:00:00,26.09,1167.81
2021-05-17 07:00:00,25.28,1250.68
2021-05-17 08:00:00,25.34,1354.41
2021-05-17 09:00:00,27.57,1362.01
2021-05-17 10:00:00,29.64,1394.34
2021-05-17 11:00:00,30.25,1332.14
2021-05-17 12:00:00,32.07,1301.42
2021-05-17 13:00:00,32.64,1288.71
2021-05-17 14:00:00,31.7,1275.22
2021-05-17 15:00:00,29.95,1299.02
2021-05-17 16:00:00,28.71,1301.88
2021-05-17 17:00:00,28.3,
2021-05-17 18:00:00,26.46,1394.16
2021-05-17 19:00:00,25.81,1403.92
2021-05-17 20:00:00,22.6,1324.66
2021-05-17 21:00:00,21.84,1294.57
2021-05-17 22:00:00,19.86,1232.52
2021-05-17 23:00:00,19.58,1184.48
2021-05-18 00:00:00,19.82,1136.14
2021-05-18 01:00:00,19.2,1101.08
2021-05-18 02:00:00,18.28,1066.44
2021-05-18 03:00:00,18.45,1038.5
2021-05-18 04:00:00,19.21,1034.13
2021-05-18 05:00:00,18.82,1123.66
2021-05-18 06:00:00,20.44,1178.08
2021-05-18 07:00:00,20.63,1277.18
2021-05-18 08:00:00,20.07,1363.11
2021-05-18 09:00:00,20.15,1326.99
2021-05-18 10:00:00,20.52,1290.58
2021-05-18 11:00:00,19.65,1275.65
2021-05-18 12:00:00,20.01,1194.37
2021-05-18 13:00:00,19.14,1205.78
2021-05-18 14:00:00,20.53,1184.08
2021-05-18 15:00:00,20.21,1209.47
2021-05-18 16:00:00,20.48,1281.03
2021-05-18 17:00:00,19.47,1364.47
2021-05-18 18:00:00,19.86,1355.13
2021-05-18 19:00:00,20.26,1381.05
2021-05-18 20:00:00,18.91,1311.44
2021-05-18 21:00:00,17.14,1261.57
2021-05-18 22:00:00,17.66,1188.6
2021-05-18 23:00:00,19.12,1187.16
2021-05-19 00:00:00,18.85,1142.09
2021-05-19 01:00:00,20.44,1120.63
2021-05-19 02:00:00,21.45,1069.36
2021-05-19 03:00:00,21.86,1073.13
2021-05-19 04:00:00,22.27,1022.52
2021-05-19 05:00:00,23.14,1130.83
2021-05-19 06:00:00,23.67,1200.33
2021-05-19 07:00:00,22.97,1284.59
2021-05-19 08:00:00,22.77,1324.12
2021-05-19 09:00:00,23.12,1334.08
2021-05-19 10:00:00,22.61,1271.91
2021-05-19 11:00:00,23.74,1221.09
2021-05-19 12:00:00,23.33,1207.07
2021-05-19 13:00:00,23.14,1127.51
2021-05-19 14:00:00,24.33,1199.12
2021-05-19 15:00:00,23.85,1214.22
2021-05-19 16:00:00,22.92,1296.56
2021-05-19 17:00:00,20.61,1373.05
2021-05-19 18:00:00,21.03,1379.19
2021-05-19 19:00:00,21.67,1398.1
2021-05-19 20:00:00,19.64,1309.3
2021-05-19 21:00:00,18.29,1265.12
2021-05-19 22:00:00,17.3,1223.89
2021-05-19 23:00:00,15.04,1182.9
2021-05-20 00:00:00,15.88,1133.36
2021-05-20 01:00:00,15.73,1095.85
2021-05-20 02:00:00,15.97,1063.63
2021-05-20 03:00:00,17.4,1020.91
2021-05-20 04:00:00,18.43,1045.84
2021-05-20 05:00:00,19.4,1141.53
2021-05-20 06:00:00,20.63,1196.01
2021-05-20 07:00:00,21.17,1290.85
2021-05-20 08:00:00,22.64,1314.85
2021-05-20 09:00:00,23.87,1316.04
2021-05-20 10:00:00,23.23,1288.83
2021-05-20 11:00:00,24.2,1230.71
2021-05-20 12:00:00,25.97,1213.29
2021-05-20 13:00:00,25.23,
2021-05-20 14:00:00,25.33,1184.95
2021-05-20 15:00:00,25.51,1167.63
2021-05-20 16:00:00,24.74,1290.68
2021-05-20 17:00:00,24.62,1369.79
2021-05-20 18:00:00,24.0,
2021-05-20 19:00:00,23.36,1369.23
2021-05-20 20:00:00,21.89,1377.27
2021-05-20 21:00:00,22.29,1244.89
2021-05-20 22:00:00,20.91,1226.97
2021-05-20 23:00:00,21.26,1200.41
2021-05-21 00:00:00,21.06,1127.31
2021-05-21 01:00:00,22.03,1097.75
2021-05-21 02:00:00,21.14,1071.68
2021-05-21 03:00:00,21.64,1054.26
2021-05-21 04:00:00,21.79,1067.76
2021-05-21 05:00:00,22.9,1112.93
2021-05-21 06:00:00,25.79,1225.28
2021-05-21 07:00:00,27.11,1316.4
2021-05-21 08:00:00,28.02,1383.14
2021-05-21 09:00:00,29.31,1386.84
2021-05-21 10:00:00,30.19,1351.93
2021-05-21 11:00:00,29.12,1286.58
2021-05-21 12:00:00,27.77,1223.46
2021-05-21 13:00:00,27.67,1241.41
2021-05-21 14:00:00,29.37,1235.55
2021-05-21 15:00:00,28.49,1284.1
2021-05-21 16:00:00,27.92,1345.53
2021-05-21 17:00:00,25.88,1347.62
2021-05-21 18:00:00,23.62,1420.63
2021-05-21 19:00:00,22.79,1410.2
2021-05-21 20:00:00,22.63,1347.75
2021-05-21 21:00:00,22.15,1300.21
2021-05-21 22:00:00,22.29,1255.55
2021-05-21 23:00:00,20.88,1213.2
2021-05-22 00:00:00,21.07,1106.99
2021-05-22 01:00:00,20.04,1045.04
2021-05-22 02:00:00,20.27,1011.25
2021-05-22 03:00:00,20.35,1027.39
2021-05-22 04:00:00,21.02,1040.99
2021-05-22 05:00:00,21.28,1036.88
2021-05-22 06:00:00,21.88,1172.0
2021-05-22 07:00:00,24.25,1077.69
2021-05-22 08:00:00,25.17,1137.7
2021-05-22 09:00:00,26.05,1169.39
2021-05-22 10:00:00,25.95,1136.02
2021-05-22 11:00:00,26.09,1037.88
2021-05-22 12:00:00,26.12,1053.78
2021-05-22 13:00:00,26.19,1024.32
2021-05-22 14:00:00,25.48,983.12
2021-05-22 15:00:00,24.93,
2021-05-22 16:00:00,23.98,1047.41
2021-05-22 17:00:00,24.07,1181.32
2021-05-22 18:00:00,22.93,1194.33
2021-05-22 19:00:00,22.65,1196.27
2021-05-22 20:00:00,21.25,1175.42
2021-05-22 21:00:00,19.86,1228.05
2021-05-22 22:00:00,19.43,1143.51
2021-05-22 23:00:00,17.93,
2021-05-23 00:00:00,18.57,1048.47
2021-05-23 01:00:00,18.82,1034.62
2021-05-23 02:00:00,20.23,1013.02
2021-05-23 03:00:00,21.36,996.66
2021-05-23 04:00:00,20.83,1036.44
2021-05-23 05:00:00,21.57,1046.6
2021-05-23 06:00:00,23.5,1167.58
2021-05-23 07:00:00,24.34,1099.9
2021-05-23 08:00:00,22.87,1179.08
2021-05-23 09:00:00,23.85,1143.24
2021-05-23 10:00:00,25.67,1117.49
2021-05-23 11:00:00,26.4,1072.64
2021-05-23 12:00:00,25.44,1016.8
2021-05-23 13:00:00,22.86,1026.31
2021-05-23 14:00:00,21.7,1000.93
2021-05-23 15:00:00,20.72,1086.56
2021-05-23 16:00:00,19.27,1117.77
2021-05-23 17:00:00,18.78,1192.62
2021-05-23 18:00:00,17.7,1135.39
2021-05-23 19:00:00,17.01,1228.5
2021-05-23 20:00:00,14.25,1168.67
2021-05-23 21:00:00,13.54,1223.79
2021-05-23 22:00:00,12.63,1224.15
2021-05-23 23:00:00,12.26,1189.54
2021-05-24 00:00:00,12.85,1171.32
2021-05-24 01:00:00,13.67,1059.02
2021-05-24 02:00:00,14.98,1046.51
2021-05-24 03:00:00,15.7,1033.6
2021-05-24 04:00:00,15.71,1069.3
2021-05-24 05:00:00,18.23,1121.28
2021-05-24 06:00:00,19.49,1200.18
2021-05-24 07:00:00,20.61,1278.73
2021-05-24 08:00:00,23.17,1364.2
2021-05-24 09:00:00,25.4,1349.93
2021-05-24 10:00:00,26.66,1282.2
2021-05-24 11:00:00,26.5,1291.46
2021-05-24 12:00:00,25.52,1221.31
2021-05-24 13:00:00,25.65,1185.69
2021-05-24 14:00:00,26.09,1199.78
2021-05-24 15:00:00,25.84,1213.22
2021-05-24 16:00:00,24.02,1294.44
2021-05-24 17:00:00,23.6,1336.24
2021-05-24 18:00:00,22.35,1366.27
2021-05-24 19:00:00,20.92,1398.37
2021-05-24 20:00:00,19.7,1351.16
2021-05-24 21:00:00,19.88,1262.83
2021-05-24 22:00:00,17.91,1229.67
2021-05-24 23:00:00,17.11,1176.91
2021-05-25 00:00:00,16.86,1105.28
2021-05-25 01:00:00,17.56,1083.58
2021-05-25 02:00:00,17.24,1068.37
2021-05-25 03:00:00,18.18,
2021-05-25 04:00:00,18.99,1081.86
2021-05-25 05:00:00,19.27,1115.28
2021-05-25 06:00:00,19.69,1213.3
2021-05-25 07:00:00,18.66,1272.56
2021-05-25 08:00:00,18.58,1313.59
2021-05-25 09:00:00,20.53,1337.04
2021-05-25 10:00:00,22.62,1294.59
2021-05-25 11:00:00,23.45,1207.9
2021-05-25 12:00:00,25.02,1228.7
2021-05-25 13:00:00,25.55,1206.94
2021-05-25 14:00:00,24.82,1201.08
2021-05-25 15:00:00,25.45,1220.4
2021-05-25 16:00:00,24.69,1237.96
2021-05-25 17:00:00,25.43,1348.32
2021-05-25 18:00:00,24.18,1386.33
2021-05-25 19:00:00,22.94,1367.42
2021-05-25 20:00:00,21.8,1323.23
2021-05-25 21:00:00,20.96,1305.6
2021-05-25 22:00:00,21.14,1195.1
2021-05-25 23:00:00,21.13,1170.13
2021-05-26 00:00:00,21.36,1107.13
2021-05-26 01:00:00,20.41,1093.86
2021-05-26 02:00:00,22.61,1046.12
2021-05-26 03:00:00,22.83,1052.87
2021-05-26 04:00:00,23.86,1096.89
2021-05-26 05:00:00,24.1,1132.31
2021-05-26 06:00:00,24.41,1185.53
2021-05-26 07:00:00,25.49,1292.85
2021-05-26 08:00:00,25.9,1352.01
2021-05-26 09:00:00,24.97,1326.45
2021-05-26 10:00:00,25.94,1282.24
2021-05-26 11:00:00,26.86,1250.22
2021-05-26 12:00:00,27.54,1232.9
2021-05-26 13:00:00,27.04,1211.33
2021-05-26 14:00:00,27.04,1190.35
2021-05-26 15:00:00,27.14,1248.9
2021-05-26 16:00:00,26.19,1302.97
2021-05-26 17:00:00,23.34,1358.41
2021-05-26 18:00:00,20.81,1376.41
2021-05-26 19:00:00,20.08,1364.27
2021-05-26 20:00:00,20.36,1300.04
2021-05-26 21:00:00,17.06,1298.51
2021-05-26 22:00:00,16.44,1224.72
2021-05-26 23:00:00,16.47,1210.47
2021-05-27 00:00:00,16.34,1141.75
2021-05-27 01:00:00,16.29,1079.44
2021-05-27 02:00:00,16.5,1065.74
2021-05-27 03:00:00,17.65,1060.76
2021-05-27 04:00:00,18.71,1071.44
2021-05-27 05:00:00,20.46,1125.74
2021-05-27 06:00:00,22.63,1185.68
2021-05-27 07:00:00,23.53,1267.69
2021-05-27 08:00:00,25.64,1346.67
2021-05-27 09:00:00,25.44,1338.69
2021-05-27 10:00:00,26.67,1289.54
2021-05-27 11:00:00,25.97,1259.63
2021-05-27 12:00:00,26.11,1196.28
2021-05-27 13:00:00,25.1,1209.89
2021-05-27 14:00:00,24.93,1173.26
2021-05-27 15:00:00,24.46,1234.28
2021-05-27 16:00:00,22.87,1307.28
2021-05-27 17:00:00,21.6,1285.45
2021-05-27 18:00:00,19.38,1367.36
2021-05-27 19:00:00,17.98,1331.81
2021-05-27 20:00:00,15.68,1297.84
2021-05-27 21:00:00,13.23,1303.18
2021-05-27 22:00:00,13.07,1233.46
2021-05-27 23:00:00,13.31,1213.55
2021-05-28 00:00:00,14.79,1146.04
2021-05-28 01:00:00,14.88,1096.08
2021-05-28 02:00:00,14.42,1034.22
2021-05-28 03:00:00,16.42,1036.98
2021-05-28 04:00:00,18.61,1052.62
2021-05-28 05:00:00,21.0,1138.98
2021-05-28 06:00:00,21.68,1192.67
2021-05-28 07:00:00,25.03,
2021-05-28 08:00:00,24.51,1345.82
2021-05-28 09:00:00,26.11,1334.55
2021-05-28 10:00:00,25.09,1280.45
2021-05-28 11:00:00,26.94,1256.15
2021-05-28 12:00:00,27.41,1204.24
2021-05-28 13:00:00,27.67,1228.72
2021-05-28 14:00:00,27.74,1259.39
2021-05-28 15:00:00,26.27,1229.1
2021-05-28 16:00:00,24.92,1271.27
2021-05-28 17:00:00,24.56,1327.9
2021-05-28 18:00:00,24.55,1366.74
2021-05-28 19:00:00,23.84,1430.63
2021-05-28 20:00:00,24.26,1368.28
2021-05-28 21:00:00,24.97,1240.11
2021-05-28 22:00:00,22.95,1194.65
2021-05-28 23:00:00,22.29,1164.12
2021-05-29 00:00:00,20.52,1097.22
2021-05-29 01:00:00,19.97,1038.21
2021-05-29 02:00:00,20.62,1003.61
2021-05-29 03:00:00,20.82,1008.9
2021-05-29 04:00:00,21.23,1021.6
2021-05-29 05:00:00,22.67,1063.4
2021-05-29 06:00:00,24.98,1188.96
2021-05-29 07:00:00,25.77,1080.7
2021-05-29 08:00:00,25.43,1171.67
2021-05-29 09:00:00,25.99,1172.94
2021-05-29 10:00:00,26.39,1147.97
2021-05-29 11:00:00,28.16,1103.23
2021-05-29 12:00:00,28.65,1090.15
2021-05-29 13:00:00,27.66,1061.64
2021-05-29 14:00:00,27.43,1077.36
2021-05-29 15:00:00,26.01,1050.91
2021-05-29 16:00:00,25.14,1097.75
2021-05-29 17:00:00,24.25,
2021-05-29 18:00:00,23.49,1167.88
2021-05-29 19:00:00,22.72,1209.26
2021-05-29 20:00:00,23.24,1110.66
2021-05-29 21:00:00,22.58,1243.77
2021-05-29 22:00:00,23.68,1159.23
2021-05-29 23:00:00,23.3,1139.72
2021-05-30 00:00:00,22.76,1006.19
2021-05-30 01:00:00,21.75,983.64
2021-05-30 02:00:00,22.64,988.65
2021-05-30 03:00:00,23.1,938.63
2021-05-30 04:00:00,25.13,991.66
2021-05-30 05:00:00,26.07,1020.1
2021-05-30 06:00:00,28.56,1160.77
2021-05-30 07:00:00,29.2,1060.56
2021-05-30 08:00:00,29.36,1116.84
2021-05-30 09:00:00,28.97,1062.33
2021-05-30 10:00:00,28.19,1040.93
2021-05-30 11:00:00,28.6,971.57
2021-05-30 12:00:00,29.69,933.47
2021-05-30 13:00:00,30.2,1032.56
2021-05-30 14:00:00,29.39,936.4
2021-05-30 15:00:00,26.93,994.56
2021-05-30 16:00:00,28.04,965.58
2021-05-30 17:00:00,27.45,1041.46
2021-05-30 18:00:00,25.44,1060.2
2021-05-30 19:00:00,24.58,1110.45
2021-05-30 20:00:00,21.76,1000.22
2021-05-30 21:00:00,21.26,1147.09
2021-05-30 22:00:00,22.01,1102.5
2021-05-30 23:00:00,21.9,1076.11
2021-05-31 00:00:00,22.18,
2021-05-31 01:00:00,21.61,
2021-05-31 02:00:00,21.56,925.64
2021-05-31 03:00:00,22.25,
2021-05-31 04:00:00,22.63,955.99
2021-05-31 05:00:00,24.33,997.93
2021-05-31 06:00:00,26.12,
2021-05-31 07:00:00,26.48,968.96
2021-05-31 08:00:00,27.19,1017.27
2021-05-31 09:00:00,29.06,
2021-05-31 10:00:00,28.68,995.51
2021-05-31 11:00:00,27.91,940.92
2021-05-31 12:00:00,28.44,883.49
2021-05-31 13:00:00,28.48,897.77
2021-05-31 14:00:00,28.08,916.78
2021-05-31 15:00:00,27.63,897.57
2021-05-31 16:00:00,26.26,
2021-05-31 17:00:00,26.0,
2021-05-31 18:00:00,26.65,1044.8
2021-05-31 19:00:00,25.15,1026.47
2021-05-31 20:00:00,24.81,
2021-05-31 21:00:00,23.7,1127.42
2021-05-31 22:00:00,24.15,1070.4
2021-05-31 23:00:00,22.85,1049.52
2021-06-01 00:00:00,23.18,1103.18
2021-06-01 01:00:00,23.82,1018.52
2021-06-01 02:00:00,23.79,1003.47
2021-06-01 03:00:00,25.64,1017.42
2021-06-01 04:00:00,27.8,1072.56
2021-06-01 05:00:00,29.89,1144.02
2021-06-01 06:00:00,30.16,1181.53
2021-06-01 07:00:00,31.64,1277.05
2021-06-01 08:00:00,35.06,1418.57
2021-06-01 09:00:00,34.88,1399.97
2021-06-01 10:00:00,35.19,1389.26
2021-06-01 11:00:00,34.34,1307.37
2021-06-01 12:00:00,32.66,1220.83
2021-06-01 13:00:00,32.19,1195.15
2021-06-01 14:00:00,31.96,1203.35
2021-06-01 15:00:00,31.13,1222.43
2021-06-01 16:00:00,29.48,1217.17
2021-06-01 17:00:00,28.42,1274.26
2021-06-01 18:00:00,28.3,1352.49
2021-06-01 19:00:00,27.73,1318.19
2021-06-01 20:00:00,25.03,1183.51
2021-06-01 21:00:00,23.89,1280.75
2021-06-01 22:00:00,24.03,1196.86
2021-06-01 23:00:00,24.2,1190.03
2021-06-02 00:00:00,21.88,1154.22
2021-06-02 01:00:00,21.38,1086.94
2021-06-02 02:00:00,20.96,1064.05
2021-06-02 03:00:00,19.0,
2021-06-02 04:00:00,19.13,1055.79
2021-06-02 05:00:00,19.68,1121.92
2021-06-02 06:00:00,20.64,1173.54
2021-06-02 07:00:00,25.16,1311.33
2021-06-02 08:00:00,27.82,1362.34
2021-06-02 09:00:00,30.19,1445.74
2021-06-02 10:00:00,30.52,1393.49
2021-06-02 11:00:00,29.91,1327.17
2021-06-02 12:00:00,27.48,1249.5
2021-06-02 13:00:00,27.83,1239.04
2021-06-02 14:00:00,26.78,1249.77
2021-06-02 15:00:00,26.78,1215.78
2021-06-02 16:00:00,25.64,1297.96
2021-06-02 17:00:00,25.57,1380.55
2021-06-02 18:00:00,23.26,1344.37
2021-06-02 19:00:00,22.61,1390.04
2021-06-02 20:00:00,19.39,1358.94
2021-06-02 21:00:00,18.73,1300.21
2021-06-02 22:00:00,18.59,1232.95
2021-06-02 23:00:00,17.96,1232.96
2021-06-03 00:00:00,19.13,1130.11
2021-06-03 01:00:00,19.51,1096.09
2021-06-03 02:00:00,18.22,1060.79
2021-06-03 03:00:00,19.23,1049.82
2021-06-03 04:00:00,19.93,1071.87
2021-06-03 05:00:00,21.5,1119.56
2021-06-03 06:00:00,23.91,1194.99
2021-06-03 07:00:00,25.2,1295.69
2021-06-03 08:00:00,28.04,1405.16
2021-06-03 09:00:00,28.74,1383.04
2021-06-03 10:00:00,31.17,1436.02
2021-06-03 11:00:00,32.3,1409.79
2021-06-03 12:00:00,32.01,1335.77
2021-06-03 13:00:00,32.48,1337.66
2021-06-03 14:00:00,29.49,1281.07
2021-06-03 15:00:00,29.2,1310.26
2021-06-03 16:00:00,29.12,1356.71
2021-06-03 17:00:00,28.96,
2021-06-03 18:00:00,26.62,1423.59
2021-06-03 19:00:00,25.19,1384.24
2021-06-03 20:00:00,24.52,1368.0
2021-06-03 21:00:00,25.09,1282.8
2021-06-03 22:00:00,23.62,1271.33
2021-06-03 23:00:00,21.24,1219.78
2021-06-04 00:00:00,21.87,1121.07
2021-06-04 01:00:00,22.53,1082.01
2021-06-04 02:00:00,22.26,1052.48
2021-06-04 03:00:00,22.11,1059.02
2021-06-04 04:00:00,23.57,1059.78
2021-06-04 05:00:00,21.76,1117.82
2021-06-04 06:00:00,22.63,1194.65
2021-06-04 07:00:00,24.54,1298.63
2021-06-04 08:00:00,26.58,1385.91
2021-06-04 09:00:00,27.86,1409.08
2021-06-04 10:00:00,27.09,1302.46
2021-06-04 11:00:00,27.6,1296.87
2021-06-04 12:00:00,28.79,1237.04
2021-06-04 13:00:00,29.54,1273.64
2021-06-04 14:00:00,28.66,1238.46
2021-06-04 15:00:00,27.75,1271.67
2021-06-04 16:00:00,26.79,1312.86
2021-06-04 17:00:00,25.83,1322.24
2021-06-04 18:00:00,25.4,1414.08
2021-06-04 19:00:00,24.4,1403.62
2021-06-04 20:00:00,23.39,1334.28
2021-06-04 21:00:00,23.65,1267.59
2021-06-04 22:00:00,21.4,1247.34
2021-06-04 23:00:00,20.03,1183.56
2021-06-05 00:00:00,20.98,1097.94
2021-06-05 01:00:00,21.87,
2021-06-05 02:00:00,22.73,1022.67
2021-06-05 03:00:00,24.67,1009.27
2021-06-05 04:00:00,26.26,1024.64
2021-06-05 05:00:00,29.33,1130.63
2021-06-05 06:00:00,30.05,1178.55
2021-06-05 07:00:00,30.75,1153.96
2021-06-05 08:00:00,32.28,1240.2
2021-06-05 09:00:00,34.47,1318.5
2021-06-05 10:00:00,35.11,1295.97
2021-06-05 11:00:00,36.78,1288.27
2021-06-05 12:00:00,35.81,1220.53
2021-06-05 13:00:00,36.33,1245.48
2021-06-05 14:00:00,36.92,
2021-06-05 15:00:00,36.27,1279.56
2021-06-05 16:00:00,32.92,1280.39
2021-06-05 17:00:00,30.7,1312.91
2021-06-05 18:00:00,30.25,1287.64
2021-06-05 19:00:00,28.25,1204.84
2021-06-05 20:00:00,27.26,1203.15
2021-06-05 21:00:00,25.88,1253.83
2021-06-05 22:00:00,24.58,1227.02
2021-06-05 23:00:00,23.21,1141.07
2021-06-06 00:00:00,24.31,1096.23
2021-06-06 01:00:00,24.1,1049.71
2021-06-06 02:00:00,22.86,1027.22
2021-06-06 03:00:00,22.61,1014.7
2021-06-06 04:00:00,22.38,1033.73
2021-06-06 05:00:00,24.82,1068.49
2021-06-06 06:00:00,26.47,1166.49
2021-06-06 07:00:00,28.4,
2021-06-06 08:00:00,30.04,1244.64
2021-06-06 09:00:00,31.25,1266.35
2021-06-06 10:00:00,33.35,1297.72
2021-06-06 11:00:00,33.36,1212.78
2021-06-06 12:00:00,33.64,1196.19
2021-06-06 13:00:00,32.13,1181.13
2021-06-06 14:00:00,31.83,1147.82
2021-06-06 15:00:00,31.71,1171.6
2021-06-06 16:00:00,32.69,1243.54
2021-06-06 17:00:00,32.57,1317.72
2021-06-06 18:00:00,30.28,1323.96
2021-06-06 19:00:00,29.05,1283.99
2021-06-06 20:00:00,29.13,1179.46
2021-06-06 21:00:00,28.96,1239.16
2021-06-06 22:00:00,25.99,1175.61
2021-06-06 23:00:00,25.22,1165.38
2021-06-07 00:00:00,25.96,1133.62
2021-06-07 01:00:00,26.65,1123.1
2021-06-07 02:00:00,26.26,1091.84
2021-06-07 03:00:00,25.74,1060.94
2021-06-07 04:00:00,23.7,1113.35
2021-06-07 05:00:00,23.94,1133.48
2021-06-07 06:00:00,23.98,1223.06
2021-06-07 07:00:00,26.83,1264.33
2021-06-07 08:00:00,26.88,1364.21
2021-06-07 09:00:00,28.08,1400.38
2021-06-07 10:00:00,29.28,1367.37
2021-06-07 11:00:00,30.02,1338.07
2021-06-07 12:00:00,28.35,1250.06
2021-06-07 13:00:00,27.73,1216.77
2021-06-07 14:00:00,27.7,1260.16
2021-06-07 15:00:00,26.51,1234.06
2021-06-07 16:00:00,24.58,1281.76
2021-06-07 17:00:00,24.76,1333.14
2021-06-07 18:00:00,23.74,1443.72
2021-06-07 19:00:00,22.1,1365.66
2021-06-07 20:00:00,20.39,1334.47
2021-06-07 21:00:00,20.52,1280.74
2021-06-07 22:00:00,19.81,1245.54
2021-06-07 23:00:00,17.83,1179.67
2021-06-08 00:00:00,17.47,1137.48
2021-06-08 01:00:00,15.79,1114.7
2021-06-08 02:00:00,16.39,1100.69
2021-06-08 03:00:00,19.28,1021.39
2021-06-08 04:00:00,18.92,1079.73
2021-06-08 05:00:00,19.84,1120.97
2021-06-08 06:00:00,18.92,1200.83
2021-06-08 07:00:00,19.22,1292.49
2021-06-08 08:00:00,20.21,1329.87
2021-06-08 09:00:00,20.35,1335.7
2021-06-08 10:00:00,22.56,1302.11
2021-06-08 11:00:00,25.0,1246.73
2021-06-08 12:00:00,25.64,1225.68
2021-06-08 13:00:00,26.35,1209.24
2021-06-08 14:00:00,25.25,1254.15
2021-06-08 15:00:00,26.01,1198.2
2021-06-08 16:00:00,25.83,1298.39
2021-06-08 17:00:00,24.97,
2021-06-08 18:00:00,24.64,1366.9
2021-06-08 19:00:00,25.08,1423.92
2021-06-08 20:00:00,25.41,1364.78
2021-06-08 21:00:00,24.39,1289.51
2021-06-08 22:00:00,23.7,1252.66
2021-06-08 23:00:00,25.02,1233.76
2021-06-09 00:00:00,22.26,1146.0
2021-06-09 01:00:00,21.5,1081.57
2021-06-09 02:00:00,23.96,1066.83
2021-06-09 03:00:00,23.87,1066.22
2021-06-09 04:00:00,22.92,1049.9
2021-06-09 05:00:00,24.7,1108.88
2021-06-09 06:00:00,27.93,1200.83
2021-06-09 07:00:00,28.23,1303.41
2021-06-09 08:00:00,29.01,1398.75
2021-06-09 09:00:00,30.2,1444.55
2021-06-09 10:00:00,31.18,1412.08
2021-06-09 11:00:00,32.67,1386.14
2021-06-09 12:00:00,33.26,1331.42
2021-06-09 13:00:00,31.57,1304.47
2021-06-09 14:00:00,30.28,1286.72
2021-06-09 15:00:00,29.96,1322.31
2021-06-09 16:00:00,29.74,1345.15
2021-06-09 17:00:00,27.91,1324.22
2021-06-09 18:00:00,27.59,
2021-06-09 19:00:00,25.03,1374.59
2021-06-09 20:00:00,23.63,1287.92
2021-06-09 21:00:00,22.24,1275.08
2021-06-09 22:00:00,23.52,1235.99
2021-06-09 23:00:00,23.28,1210.67
2021-06-10 00:00:00,22.95,1110.9
2021-06-10 01:00:00,23.15,1072.78
2021-06-10 02:00:00,22.52,1093.27
2021-06-10 03:00:00,23.87,1077.16
2021-06-10 04:00:00,23.04,1059.73
2021-06-10 05:00:00,24.39,1102.78
2021-06-10 06:00:00,24.19,1222.31
2021-06-10 07:00:00,25.77,1296.09
2021-06-10 08:00:00,27.33,1380.68
2021-06-10 09:00:00,30.43,1466.81
2021-06-10 10:00:00,30.9,1412.37
2021-06-10 11:00:00,31.03,1329.14
2021-06-10 12:00:00,31.58,1283.56
2021-06-10 13:00:00,31.83,1329.58
2021-06-10 14:00:00,31.42,1299.4
2021-06-10 15:00:00,31.47,1314.68
2021-06-10 16:00:00,30.77,1373.14
2021-06-10 17:00:00,28.42,1367.09
2021-06-10 18:00:00,28.27,1451.55
2021-06-10 19:00:00,27.5,1459.91
2021-06-10 20:00:00,25.91,1376.89
2021-06-10 21:00:00,23.48,1299.37
2021-06-10 22:00:00,22.3,1257.76
2021-06-10 23:00:00,22.53,1220.05
2021-06-11 00:00:00,22.02,1121.81
2021-06-11 01:00:00,20.91,1095.4
2021-06-11 02:00:00,21.91,1064.9
2021-06-11 03:00:00,22.19,1038.81
2021-06-11 04:00:00,23.89,1061.35
2021-06-11 05:00:00,25.03,1100.89
2021-06-11 06:00:00,25.82,1217.0
2021-06-11 07:00:00,28.22,1312.6
2021-06-11 08:00:00,30.05,1439.33
2021-06-11 09:00:00,32.0,1483.88
2021-06-11 10:00:00,33.72,1430.18
2021-06-11 11:00:00,33.07,1373.9
2021-06-11 12:00:00,33.0,1363.38
2021-06-11 13:00:00,32.92,1319.82
2021-06-11 14:00:00,31.12,1323.45
2021-06-11 15:00:00,30.69,1297.92
2021-06-11 16:00:00,29.43,1342.56
2021-06-11 17:00:00,28.62,1422.02
2021-06-11 18:00:00,27.62,
2021-06-11 19:00:00,27.14,1386.96
2021-06-11 20:00:00,27.8,
2021-06-11 21:00:00,26.25,1298.4
2021-06-11 22:00:00,24.76,1257.1
2021-06-11 23:00:00,24.81,1166.64
2021-06-12 00:00:00,24.24,1074.05
2021-06-12 01:00:00,22.9,1064.96
2021-06-12 02:00:00,23.51,1026.53
2021-06-12 03:00:00,25.21,1030.69
2021-06-12 04:00:00,25.96,1050.12
2021-06-12 05:00:00,26.29,1082.72
2021-06-12 06:00:00,26.17,1181.18
2021-06-12 07:00:00,26.38,1127.1
2021-06-12 08:00:00,28.25,1219.07
2021-06-12 09:00:00,29.64,1223.26
2021-06-12 10:00:00,31.16,1226.69
2021-06-12 11:00:00,31.63,1199.33
2021-06-12 12:00:00,31.42,1161.65
2021-06-12 13:00:00,31.68,1151.82
2021-06-12 14:00:00,32.08,1187.91
2021-06-12 15:00:00,31.49,1126.34
2021-06-12 16:00:00,31.42,1200.96
2021-06-12 17:00:00,31.89,1296.67
2021-06-12 18:00:00,29.38,1274.84
2021-06-12 19:00:00,27.34,1232.11
2021-06-12 20:00:00,26.62,1190.76
2021-06-12 21:00:00,25.95,1264.05
2021-06-12 22:00:00,27.22,1213.57
2021-06-12 23:00:00,28.09,1178.08
2021-06-13 00:00:00,28.1,1123.94
2021-06-13 01:00:00,28.18,1095.8
2021-06-13 02:00:00,30.59,1057.64
2021-06-13 03:00:00,31.14,1063.93
2021-06-13 04:00:00,32.34,1134.17
2021-06-13 05:00:00,32.95,1174.16
2021-06-13 06:00:00,32.97,1251.86
2021-06-13 07:00:00,34.0,1223.97
2021-06-13 08:00:00,33.36,1244.84
2021-06-13 09:00:00,33.77,1318.43
2021-06-13 10:00:00,34.67,1265.36
2021-06-13 11:00:00,34.21,1226.15
2021-06-13 12:00:00,34.65,1199.03
2021-06-13 13:00:00,33.62,1210.27
2021-06-13 14:00:00,31.3,1123.03
2021-06-13 15:00:00,32.09,1172.66
2021-06-13 16:00:00,30.35,1220.02
2021-06-13 17:00:00,28.4,1208.98
2021-06-13 18:00:00,28.52,1286.19
2021-06-13 19:00:00,25.47,1178.89
2021-06-13 20:00:00,24.71,1161.59
2021-06-13 21:00:00,24.8,1226.95
2021-06-13 22:00:00,23.7,1180.06
2021-06-13 23:00:00,21.55,1135.51
2021-06-14 00:00:00,20.54,1160.62
2021-06-14 01:00:00,19.46,1092.12
2021-06-14 02:00:00,20.12,
2021-06-14 03:00:00,20.77,1086.74
2021-06-14 04:00:00,21.97,1073.25
2021-06-14 05:00:00,24.2,1130.47
2021-06-14 06:00:00,23.48,1208.38
2021-06-14 07:00:00,24.02,1286.08
2021-06-14 08:00:00,24.68,1348.33
2021-06-14 09:00:00,26.89,1357.24
2021-06-14 10:00:00,26.84,1328.35
2021-06-14 11:00:00,27.15,1277.42
2021-06-14 12:00:00,26.04,1213.49
2021-06-14 13:00:00,25.31,1207.32
2021-06-14 14:00:00,24.49,1227.79
2021-06-14 15:00:00,24.76,1231.37
2021-06-14 16:00:00,22.97,1320.16
2021-06-14 17:00:00,22.33,1343.13
2021-06-14 18:00:00,23.19,1362.27
2021-06-14 19:00:00,21.86,1368.41
2021-06-14 20:00:00,22.9,1337.25
2021-06-14 21:00:00,23.38,1328.45
2021-06-14 22:00:00,22.49,1244.6
2021-06-14 23:00:00,22.66,1199.24
2021-06-15 00:00:00,22.09,1148.72
2021-06-15 01:00:00,-0.2,1087.94
2021-06-15 02:00:00,23.47,1075.81
2021-06-15 03:00:00,24.18,1042.24
2021-06-15 04:00:00,24.28,1044.93
2021-06-15 05:00:00,26.61,1153.08
2021-06-15 06:00:00,27.63,1210.68
2021-06-15 07:00:00,27.47,1291.59
2021-06-15 08:00:00,27.7,1401.45
2021-06-15 09:00:00,27.66,1367.21
2021-06-15 10:00:00,29.49,
2021-06-15 11:00:00,31.42,1375.21
2021-06-15 12:00:00,29.61,1272.43
2021-06-15 13:00:00,28.96,1245.8
2021-06-15 14:00:00,28.74,1267.74
2021-06-15 15:00:00,26.5,1242.15
2021-06-15 16:00:00,27.24,1297.76
2021-06-15 17:00:00,27.15,1346.08
2021-06-15 18:00:00,28.29,1443.47
2021-06-15 19:00:00,26.51,1432.93
2021-06-15 20:00:00,26.74,
2021-06-15 21:00:00,25.25,1296.41
2021-06-15 22:00:00,25.5,1264.71
2021-06-15 23:00:00,25.49,1223.62
2021-06-16 00:00:00,24.23,1128.49
2021-06-16 01:00:00,23.81,1107.53
2021-06-16 02:00:00,7.57,1037.07
2021-06-16 03:00:00,25.2,1032.22
2021-06-16 04:00:00,25.72,1078.12
2021-06-16 05:00:00,24.52,1113.98
2021-06-16 06:00:00,26.1,1223.38
2021-06-16 07:00:00,27.54,1335.2
2021-06-16 08:00:00,28.31,1362.77
2021-06-16 09:00:00,28.99,1371.33
2021-06-16 10:00:00,28.82,1346.17
2021-06-16 11:00:00,28.11,1260.32
2021-06-16 12:00:00,27.13,1223.94
2021-06-16 13:00:00,25.83,1184.29
2021-06-16 14:00:00,27.17,1208.25
2021-06-16 15:00:00,27.37,1276.04
2021-06-16 16:00:00,26.94,1309.32
2021-06-16 17:00:00,26.39,1413.56
2021-06-16 18:00:00,26.81,1430.34
2021-06-16 19:00:00,26.92,1436.82
2021-06-16 20:00:00,25.58,1388.5
2021-06-16 21:00:00,24.77,1293.83
2021-06-16 22:00:00,27.23,1291.13
2021-06-16 23:00:00,27.34,1243.29
2021-06-17 00:00:00,28.9,1135.38
2021-06-17 01:00:00,28.45,1161.25
2021-06-17 02:00:00,28.86,1064.6
2021-06-17 03:00:00,29.39,1102.0
2021-06-17 04:00:00,29.44,1133.58
2021-06-17 05:00:00,31.13,1225.75
2021-06-17 06:00:00,29.9,1275.74
2021-06-17 07:00:00,30.69,1354.25
2021-06-17 08:00:00,32.2,1471.36
2021-06-17 09:00:00,33.73,1509.06
2021-06-17 10:00:00,32.6,1432.18
2021-06-17 11:00:00,33.47,1404.93
2021-06-17 12:00:00,32.17,1383.75
2021-06-17 13:00:00,31.99,1311.1
2021-06-17 14:00:00,31.81,1332.69
2021-06-17 15:00:00,30.99,1308.02
2021-06-17 16:00:00,29.85,1370.65
2021-06-17 17:00:00,28.89,1429.7
2021-06-17 18:00:00,28.91,1415.25
2021-06-17 19:00:00,29.4,1460.2
2021-06-17 20:00:00,28.72,1421.22
2021-06-17 21:00:00,28.18,1312.29
2021-06-17 22:00:00,27.2,1276.35
2021-06-17 23:00:00,25.31,1223.53
2021-06-18 00:00:00,25.27,1120.09
2021-06-18 01:00:00,25.37,1110.41
2021-06-18 02:00:00,26.37,1064.39
2021-06-18 03:00:00,25.88,1035.64
2021-06-18 04:00:00,25.66,1103.91
2021-06-18 05:00:00,26.35,1146.46
2021-06-18 06:00:00,27.26,1226.59
2021-06-18 07:00:00,27.48,1294.96
2021-06-18 08:00:00,28.68,1429.39
2021-06-18 09:00:00,29.55,1416.41
2021-06-18 10:00:00,29.64,1397.89
2021-06-18 11:00:00,29.41,1323.14
2021-06-18 12:00:00,30.0,1274.96
2021-06-18 13:00:00,29.9,1278.62
2021-06-18 14:00:00,29.36,1273.6
2021-06-18 15:00:00,27.13,1267.86
2021-06-18 16:00:00,25.82,1294.13
2021-06-18 17:00:00,24.52,1361.29
2021-06-18 18:00:00,22.99,1386.33
2021-06-18 19:00:00,21.76,1398.66
2021-06-18 20:00:00,21.83,1391.14
2021-06-18 21:00:00,22.63,1291.78
2021-06-18 22:00:00,20.75,1239.83
2021-06-18 23:00:00,19.66,1233.28
2021-06-19 00:00:00,19.2,1083.75
2021-06-19 01:00:00,19.16,1051.42
2021-06-19 02:00:00,20.56,1015.98
2021-06-19 03:00:00,20.3,1016.29
2021-06-19 04:00:00,19.58,995.22
2021-06-19 05:00:00,20.89,1087.36
2021-06-19 06:00:00,23.76,1201.55
2021-06-19 07:00:00,26.09,1097.4
2021-06-19 08:00:00,25.41,1182.57
2021-06-19 09:00:00,26.5,1154.77
2021-06-19 10:00:00,27.31,1169.39
2021-06-19 11:00:00,29.06,1156.77
2021-06-19 12:00:00,27.78,1066.97
2021-06-19 13:00:00,27.92,1053.52
2021-06-19 14:00:00,26.59,1061.78
2021-06-19 15:00:00,25.65,1089.77
2021-06-19 16:00:00,25.08,1110.57
2021-06-19 17:00:00,24.83,1153.09
2021-06-19 18:00:00,22.87,1201.66
2021-06-19 19:00:00,22.37,1203.95
2021-06-19 20:00:00,20.76,1180.99
2021-06-19 21:00:00,19.03,1245.18
2021-06-19 22:00:00,17.31,1181.77
2021-06-19 23:00:00,16.56,1169.37
2021-06-20 00:00:00,16.95,1110.31
2021-06-20 01:00:00,18.04,1050.52
2021-06-20 02:00:00,19.08,1034.3
2021-06-20 03:00:00,18.97,1045.48
2021-06-20 04:00:00,18.41,998.38
2021-06-20 05:00:00,18.21,1082.23
2021-06-20 06:00:00,21.32,
2021-06-20 07:00:00,22.76,1125.03
2021-06-20 08:00:00,25.58,1170.28
2021-06-20 09:00:00,25.81,1184.36
2021-06-20 10:00:00,27.7,1182.97
2021-06-20 11:00:00,29.49,1116.97
2021-06-20 12:00:00,30.59,1094.98
2021-06-20 13:00:00,30.27,1104.14
2021-06-20 14:00:00,30.45,1116.26
2021-06-20 15:00:00,30.01,1145.7
2021-06-20 16:00:00,28.05,1148.07
2021-06-20 17:00:00,28.11,1209.61
2021-06-20 18:00:00,27.75,1277.9
2021-06-20 19:00:00,25.82,1241.12
2021-06-20 20:00:00,28.16,1213.41
2021-06-20 21:00:00,26.3,1267.43
2021-06-20 22:00:00,24.63,1199.72
2021-06-20 23:00:00,24.45,1202.37
2021-06-21 00:00:00,24.75,1143.1
2021-06-21 01:00:00,25.4,1085.96
2021-06-21 02:00:00,25.78,1064.67
2021-06-21 03:00:00,25.61,1062.47
2021-06-21 04:00:00,26.81,1108.75
2021-06-21 05:00:00,27.67,1137.93
2021-06-21 06:00:00,28.9,1233.52
2021-06-21 07:00:00,30.88,1355.68
2021-06-21 08:00:00,32.77,1469.76
2021-06-21 09:00:00,34.1,1500.3
2021-06-21 10:00:00,35.24,1488.43
2021-06-21 11:00:00,35.87,1428.18
2021-06-21 12:00:00,37.05,1429.06
2021-06-21 13:00:00,36.57,1379.27
2021-06-21 14:00:00,35.48,1486.47
2021-06-21 15:00:00,34.65,1509.54
2021-06-21 16:00:00,32.25,1371.1
2021-06-21 17:00:00,32.12,1487.09
2021-06-21 18:00:00,31.21,1520.35
2021-06-21 19:00:00,32.35,1507.49
2021-06-21 20:00:00,31.28,1461.57
2021-06-21 21:00:00,30.77,1373.24
2021-06-21 22:00:00,29.7,1278.72
2021-06-21 23:00:00,28.64,1288.79
2021-06-22 00:00:00,28.05,1153.02
2021-06-22 01:00:00,26.55,1129.78
2021-06-22 02:00:00,27.34,1079.05
2021-06-22 03:00:00,26.72,1074.87
2021-06-22 04:00:00,25.58,1076.21
2021-06-22 05:00:00,24.65,1122.83
2021-06-22 06:00:00,26.36,1200.53
2021-06-22 07:00:00,26.61,1293.63
2021-06-22 08:00:00,26.51,1366.96
2021-06-22 09:00:00,28.35,1399.21
2021-06-22 10:00:00,27.09,1343.07
2021-06-22 11:00:00,26.9,
2021-06-22 12:00:00,26.47,1251.22
2021-06-22 13:00:00,27.68,1212.42
2021-06-22 14:00:00,25.24,1229.51
2021-06-22 15:00:00,25.39,1269.39
2021-06-22 16:00:00,23.5,1275.74
2021-06-22 17:00:00,21.47,1406.3
2021-06-22 18:00:00,19.03,1372.8
2021-06-22 19:00:00,16.72,1386.17
2021-06-22 20:00:00,14.85,1394.73
2021-06-22 21:00:00,14.31,1264.7
2021-06-22 22:00:00,15.09,1284.98
2021-06-22 23:00:00,14.06,1218.24
2021-06-23 00:00:00,14.09,1134.35
2021-06-23 01:00:00,15.61,1113.55
2021-06-23 02:00:00,15.82,1043.28
2021-06-23 03:00:00,16.29,1055.2
2021-06-23 04:00:00,18.07,1101.71
2021-06-23 05:00:00,18.1,1121.85
2021-06-23 06:00:00,18.2,1225.95
2021-06-23 07:00:00,20.13,1276.29
2021-06-23 08:00:00,21.92,1335.21
2021-06-23 09:00:00,23.66,1344.65
2021-06-23 10:00:00,23.07,1313.45
2021-06-23 11:00:00,23.25,1252.29
2021-06-23 12:00:00,23.54,1219.01
2021-06-23 13:00:00,23.05,1190.71
2021-06-23 14:00:00,22.41,1239.59
2021-06-23 15:00:00,19.78,1233.51
2021-06-23 16:00:00,18.35,1304.87
2021-06-23 17:00:00,17.1,1380.21
2021-06-23 18:00:00,15.68,1367.45
2021-06-23 19:00:00,14.91,1384.22
2021-06-23 20:00:00,15.02,1340.41
2021-06-23 21:00:00,13.07,1276.49
2021-06-23 22:00:00,13.45,1286.59
2021-06-23 23:00:00,12.57,1200.16
2021-06-24 00:00:00,14.08,1173.17
2021-06-24 01:00:00,16.75,1106.26
2021-06-24 02:00:00,18.25,1068.67
2021-06-24 03:00:00,19.07,1087.71
2021-06-24 04:00:00,19.45,1086.56
2021-06-24 05:00:00,21.29,1141.06
2021-06-24 06:00:00,21.81,1216.03
2021-06-24 07:00:00,23.4,1303.33
2021-06-24 08:00:00,22.03,1386.01
2021-06-24 09:00:00,22.01,1373.75
2021-06-24 10:00:00,22.17,1319.2
2021-06-24 11:00:00,23.28,1235.73
2021-06-24 12:00:00,23.06,1214.44
2021-06-24 13:00:00,24.52,1207.87
2021-06-24 14:00:00,23.18,1203.7
2021-06-24 15:00:00,23.82,1229.25
2021-06-24 16:00:00,23.5,1280.46
2021-06-24 17:00:00,20.59,1369.81
2021-06-24 18:00:00,18.52,1359.93
2021-06-24 19:00:00,15.72,1404.08
2021-06-24 20:00:00,13.15,1390.99
2021-06-24 21:00:00,12.62,1304.99
2021-06-24 22:00:00,11.83,1267.47
2021-06-24 23:00:00,12.45,1239.41
2021-06-25 00:00:00,12.56,1173.74
2021-06-25 01:00:00,12.94,1099.76
2021-06-25 02:00:00,13.51,1111.22
2021-06-25 03:00:00,15.82,1070.29
2021-06-25 04:00:00,15.97,1063.18
2021-06-25 05:00:00,16.55,1133.17
2021-06-25 06:00:00,17.42,1162.16
2021-06-25 07:00:00,18.74,1303.91
2021-06-25 08:00:00,20.16,1318.11
2021-06-25 09:00:00,23.34,1373.75
2021-06-25 10:00:00,23.97,1318.02
2021-06-25 11:00:00,24.22,1249.71
2021-06-25 12:00:00,24.93,1207.18
2021-06-25 13:00:00,26.2,1196.66
2021-06-25 14:00:00,25.37,1233.58
2021-06-25 15:00:00,25.1,1281.68
2021-06-25 16:00:00,23.94,1280.12
2021-06-25 17:00:00,22.6,1373.5
2021-06-25 18:00:00,23.35,1362.52
2021-06-25 19:00:00,22.02,1365.91
2021-06-25 20:00:00,21.35,1349.99
2021-06-25 21:00:00,20.98,1274.16
2021-06-25 22:00:00,19.84,1217.14
2021-06-25 23:00:00,20.16,1194.85
2021-06-26 00:00:00,23.0,1102.5
2021-06-26 01:00:00,21.7,1080.65
2021-06-26 02:00:00,23.7,1008.13
2021-06-26 03:00:00,23.38,1011.29
2021-06-26 04:00:00,24.87,998.43
2021-06-26 05:00:00,24.66,1089.43
2021-06-26 06:00:00,26.59,1167.76
2021-06-26 07:00:00,29.39,1124.86
2021-06-26 08:00:00,30.38,1242.98
2021-06-26 09:00:00,30.0,1216.26
2021-06-26 10:00:00,31.55,1232.21
2021-06-26 11:00:00,32.59,1209.7
2021-06-26 12:00:00,33.73,1202.49
2021-06-26 13:00:00,33.32,1183.79
2021-06-26 14:00:00,32.43,1184.57
2021-06-26 15:00:00,32.1,1155.54
2021-06-26 16:00:00,31.65,1226.07
2021-06-26 17:00:00,29.44,1212.68
2021-06-26 18:00:00,29.0,1297.72
2021-06-26 19:00:00,26.65,1183.76
2021-06-26 20:00:00,24.35,1237.8
2021-06-26 21:00:00,22.63,1237.96
2021-06-26 22:00:00,21.83,1207.87
2021-06-26 23:00:00,20.73,1178.64
2021-06-27 00:00:00,20.29,1082.11
2021-06-27 01:00:00,19.78,1085.12
2021-06-27 02:00:00,20.95,1026.13
2021-06-27 03:00:00,20.71,1016.75
2021-06-27 04:00:00,21.54,1038.42
2021-06-27 05:00:00,20.9,1080.83
2021-06-27 06:00:00,20.87,1184.62
2021-06-27 07:00:00,23.01,1105.55
2021-06-27 08:00:00,23.67,1124.99
2021-06-27 09:00:00,25.57,1160.01
2021-06-27 10:00:00,25.94,1143.13
2021-06-27 11:00:00,28.11,1041.96
2021-06-27 12:00:00,29.34,1113.75
2021-06-27 13:00:00,29.92,1092.81
2021-06-27 14:00:00,28.44,1056.66
2021-06-27 15:00:00,26.34,1053.07
2021-06-27 16:00:00,25.35,1084.39
2021-06-27 17:00:00,23.75,1155.9
2021-06-27 18:00:00,24.0,1212.59
2021-06-27 19:00:00,24.06,1232.11
2021-06-27 20:00:00,23.49,1140.63
2021-06-27 21:00:00,21.29,1226.24
2021-06-27 22:00:00,21.13,1181.19
2021-06-27 23:00:00,22.64,1180.66
2021-06-28 00:00:00,22.21,1131.17
2021-06-28 01:00:00,22.05,1105.25
2021-06-28 02:00:00,23.69,1067.29
2021-06-28 03:00:00,24.77,1076.29
2021-06-28 04:00:00,24.76,1065.71
2021-06-28 05:00:00,26.74,1148.82
2021-06-28 06:00:00,27.76,1222.69
2021-06-28 07:00:00,28.82,1348.03
2021-06-28 08:00:00,30.69,1417.95
2021-06-28 09:00:00,32.89,1460.76
2021-06-28 10:00:00,32.66,1421.0
2021-06-28 11:00:00,34.2,1434.91
2021-06-28 12:00:00,32.71,1315.89
2021-06-28 13:00:00,31.96,1294.05
2021-06-28 14:00:00,31.84,1307.44
2021-06-28 15:00:00,31.44,1344.41
2021-06-28 16:00:00,30.66,1411.42
2021-06-28 17:00:00,28.22,1350.34
2021-06-28 18:00:00,26.33,1424.43
2021-06-28 19:00:00,24.88,1402.43
2021-06-28 20:00:00,24.46,1358.78
2021-06-28 21:00:00,22.96,1308.31
2021-06-28 22:00:00,21.22,1262.57
2021-06-28 23:00:00,19.9,1190.23
2021-06-29 00:00:00,19.98,1130.53
2021-06-29 01:00:00,20.63,1084.38
2021-06-29 02:00:00,20.55,1046.77
2021-06-29 03:00:00,21.17,1053.82
2021-06-29 04:00:00,21.09,1080.46
2021-06-29 05:00:00,20.29,1120.89
2021-06-29 06:00:00,21.35,1199.09
2021-06-29 07:00:00,22.3,1278.08
2021-06-29 08:00:00,24.04,1331.27
2021-06-29 09:00:00,25.73,1353.19
2021-06-29 10:00:00,25.27,1319.29
2021-06-29 11:00:00,24.26,1218.57
2021-06-29 12:00:00,24.28,1211.57
2021-06-29 13:00:00,25.12,1184.1
2021-06-29 14:00:00,24.3,1204.25
2021-06-29 15:00:00,26.48,1259.29
2021-06-29 16:00:00,26.89,1333.16
2021-06-29 17:00:00,26.34,1359.03
2021-06-29 18:00:00,25.02,1317.68
2021-06-29 19:00:00,25.49,1385.72
2021-06-29 20:00:00,25.1,1404.76
2021-06-29 21:00:00,24.14,1329.11
2021-06-29 22:00:00,23.99,1294.81
2021-06-29 23:00:00,21.94,1194.7
2021-06-30 00:00:00,22.17,1133.42
2021-06-30 01:00:00,22.44,1107.52
2021-06-30 02:00:00,21.26,1061.62
2021-06-30 03:00:00,24.0,1071.01
2021-06-30 04:00:00,24.08,1076.63
2021-06-30 05:00:00,24.76,1124.87
2021-06-30 06:00:00,26.93,1222.74
2021-06-30 07:00:00,26.82,1314.2
2021-06-30 08:00:00,28.01,1399.45
2021-06-30 09:00:00,29.77,1381.84
2021-06-30 10:00:00,30.23,1360.37
2021-06-30 11:00:00,31.13,1312.98
2021-06-30 12:00:00,30.99,1275.21
2021-06-30 13:00:00,30.67,1258.8
2021-06-30 14:00:00,31.56,1306.48
2021-06-30 15:00:00,30.56,1347.56
2021-06-30 16:00:00,29.02,1312.13
2021-06-30 17:00:00,28.81,1474.6
2021-06-30 18:00:00,27.82,1444.21
2021-06-30 19:00:00,26.52,1403.09
2021-06-30 20:00:00,24.05,1342.31
2021-06-30 21:00:00,23.13,1252.22
2021-06-30 22:00:00,22.41,1193.65
2021-06-30 23:00:00,21.26,1215.53
2021-07-01 00:00:00,20.95,1138.21
2021-07-01 01:00:00,22.54,1108.46
2021-07-01 02:00:00,24.15,1030.55
2021-07-01 03:00:00,22.73,1072.6
2021-07-01 04:00:00,22.9,1095.38
2021-07-01 05:00:00,24.29,1138.47
2021-07-01 06:00:00,26.33,1263.52
2021-07-01 07:00:00,26.88,1316.61
2021-07-01 08:00:00,27.9,1370.79
2021-07-01 09:00:00,26.99,1360.17
2021-07-01 10:00:00,27.72,1321.26
2021-07-01 11:00:00,29.26,1292.0
2021-07-01 12:00:00,28.11,1257.54
2021-07-01 13:00:00,26.63,1232.85
2021-07-01 14:00:00,26.66,1226.61
2021-07-01 15:00:00,25.51,1244.7
2021-07-01 16:00:00,24.59,1279.99
2021-07-01 17:00:00,21.85,1372.28
2021-07-01 18:00:00,20.12,1453.86
2021-07-01 19:00:00,17.15,1387.26
2021-07-01 20:00:00,16.73,1338.96
2021-07-01 21:00:00,17.4,1309.01
2021-07-01 22:00:00,18.23,1234.98
2021-07-01 23:00:00,20.41,1200.53
2021-07-02 00:00:00,19.85,1129.96
2021-07-02 01:00:00,18.87,1085.61
2021-07-02 02:00:00,21.08,1094.76
2021-07-02 03:00:00,21.77,1042.35
2021-07-02 04:00:00,21.75,1081.17
2021-07-02 05:00:00,23.76,1129.12
2021-07-02 06:00:00,25.91,1226.25
2021-07-02 07:00:00,26.21,1300.42
2021-07-02 08:00:00,27.59,1364.35
2021-07-02 09:00:00,28.62,1429.89
2021-07-02 10:00:00,28.92,1344.11
2021-07-02 11:00:00,29.0,1291.72
2021-07-02 12:00:00,29.1,1271.67
2021-07-02 13:00:00,29.55,1258.85
2021-07-02 14:00:00,29.83,1274.24
2021-07-02 15:00:00,29.57,1300.26
2021-07-02 16:00:00,28.76,1329.46
2021-07-02 17:00:00,27.05,1354.12
2021-07-02 18:00:00,25.48,1442.76
2021-07-02 19:00:00,25.37,1433.05
2021-07-02 20:00:00,24.64,1352.66
2021-07-02 21:00:00,22.5,1283.76
2021-07-02 22:00:00,21.61,1260.61
2021-07-02 23:00:00,21.08,1205.45
2021-07-03 00:00:00,20.65,1041.28
2021-07-03 01:00:00,18.4,999.03
2021-07-03 02:00:00,19.51,983.8
2021-07-03 03:00:00,19.28,962.42
2021-07-03 04:00:00,20.6,981.32
2021-07-03 05:00:00,22.73,1048.53
2021-07-03 06:00:00,23.69,1119.11
2021-07-03 07:00:00,25.93,1001.77
2021-07-03 08:00:00,25.98,1054.3
2021-07-03 09:00:00,28.7,1055.0
2021-07-03 10:00:00,31.06,1096.45
2021-07-03 11:00:00,33.12,1033.14
2021-07-03 12:00:00,33.57,1105.49
2021-07-03 13:00:00,31.49,983.42
2021-07-03 14:00:00,30.49,977.87
2021-07-03 15:00:00,29.76,1059.76
2021-07-03 16:00:00,28.38,
2021-07-03 17:00:00,26.27,1085.85
2021-07-03 18:00:00,28.94,1082.91
2021-07-03 19:00:00,28.23,1177.72
2021-07-03 20:00:00,29.63,1159.15
2021-07-03 21:00:00,27.92,1235.42
2021-07-03 22:00:00,27.8,1167.82
2021-07-03 23:00:00,26.58,1138.86
2021-07-04 00:00:00,25.45,993.21
2021-07-04 01:00:00,25.09,960.1
2021-07-04 02:00:00,25.93,913.97
2021-07-04 03:00:00,28.76,
2021-07-04 04:00:00,29.03,910.09
2021-07-04 05:00:00,30.42,1058.99
2021-07-04 06:00:00,31.62,1111.23
2021-07-04 07:00:00,33.17,862.65
2021-07-04 08:00:00,34.05,947.88
2021-07-04 09:00:00,36.16,1040.9
2021-07-04 10:00:00,35.98,
2021-07-04 11:00:00,34.34,
2021-07-04 12:00:00,33.49,856.01
2021-07-04 13:00:00,34.22,843.26
2021-07-04 14:00:00,33.59,840.86
2021-07-04 15:00:00,34.34,915.89
2021-07-04 16:00:00,33.33,
2021-07-04 17:00:00,32.86,1003.83
2021-07-04 18:00:00,33.59,1017.75
2021-07-04 19:00:00,33.68,
2021-07-04 20:00:00,32.18,
2021-07-04 21:00:00,30.52,1226.54
2021-07-04 22:00:00,30.89,
2021-07-04 23:00:00,29.85,
2021-07-05 00:00:00,30.91,1139.47
2021-07-05 01:00:00,31.77,1159.81
2021-07-05 02:00:00,30.78,1125.52
2021-07-05 03:00:00,29.56,1066.73
2021-07-05 04:00:00,28.79,1059.47
2021-07-05 05:00:00,27.71,1120.07
2021-07-05 06:00:00,29.88,1197.61
2021-07-05 07:00:00,28.55,1195.33
2021-07-05 08:00:00,29.69,1262.18
2021-07-05 09:00:00,30.75,1298.0
2021-07-05 10:00:00,33.99,1347.66
2021-07-05 11:00:00,32.17,1272.54
2021-07-05 12:00:00,31.92,1215.93
2021-07-05 13:00:00,31.78,1209.52
2021-07-05 14:00:00,31.13,1164.69
2021-07-05 15:00:00,30.91,1250.83
2021-07-05 16:00:00,29.98,1213.23
2021-07-05 17:00:00,27.61,1250.08
2021-07-05 18:00:00,24.25,1291.66
2021-07-05 19:00:00,23.57,1258.4
2021-07-05 20:00:00,21.91,1224.6
2021-07-05 21:00:00,21.26,1245.33
2021-07-05 22:00:00,20.64,1214.25
2021-07-05 23:00:00,19.35,1176.14
2021-07-06 00:00:00,17.81,1132.79
2021-07-06 01:00:00,16.95,1088.72
2021-07-06 02:00:00,18.67,1073.13
2021-07-06 03:00:00,19.78,1079.78
2021-07-06 04:00:00,20.46,1066.68
2021-07-06 05:00:00,20.89,1145.22
2021-07-06 06:00:00,21.02,1216.71
2021-07-06 07:00:00,22.66,1296.02
2021-07-06 08:00:00,24.15,1374.09
2021-07-06 09:00:00,24.48,1365.0
2021-07-06 10:00:00,26.32,1338.98
2021-07-06 11:00:00,27.32,1268.02
2021-07-06 12:00:00,27.47,1254.82
2021-07-06 13:00:00,27.93,1250.95
2021-07-06 14:00:00,27.92,1252.54
2021-07-06 15:00:00,27.59,1266.82
2021-07-06 16:00:00,26.05,1340.99
2021-07-06 17:00:00,25.05,1340.53
2021-07-06 18:00:00,21.93,1396.37
2021-07-06 19:00:00,20.79,1374.28
2021-07-06 20:00:00,21.94,1359.71
2021-07-06 21:00:00,22.45,1281.02
2021-07-06 22:00:00,22.29,1225.4
2021-07-06 23:00:00,20.05,1225.16
2021-07-07 00:00:00,19.62,1144.46
2021-07-07 01:00:00,20.71,1109.63
2021-07-07 02:00:00,20.87,1059.05
2021-07-07 03:00:00,21.54,1043.25
2021-07-07 04:00:00,23.15,1081.6
2021-07-07 05:00:00,26.0,1155.03
2021-07-07 06:00:00,25.2,1210.95
2021-07-07 07:00:00,26.43,1291.57
2021-07-07 08:00:00,25.7,1347.77
2021-07-07 09:00:00,28.26,1403.37
2021-07-07 10:00:00,30.16,1372.02
2021-07-07 11:00:00,30.05,1292.73
2021-07-07 12:00:00,30.69,1350.25
2021-07-07 13:00:00,29.83,1211.34
2021-07-07 14:00:00,29.45,1306.62
2021-07-07 15:00:00,28.38,1320.05
2021-07-07 16:00:00,27.36,1360.7
2021-07-07 17:00:00,23.68,1324.85
2021-07-07 18:00:00,22.99,1393.19
2021-07-07 19:00:00,21.22,1363.3
2021-07-07 20:00:00,19.77,1357.06
2021-07-07 21:00:00,19.24,1337.87
2021-07-07 22:00:00,18.27,1228.68
2021-07-07 23:00:00,16.61,1194.22
2021-07-08 00:00:00,16.62,1129.17
2021-07-08 01:00:00,17.94,1115.83
2021-07-08 02:00:00,19.08,1083.5
2021-07-08 03:00:00,21.18,1087.42
2021-07-08 04:00:00,21.93,1115.91
2021-07-08 05:00:00,22.88,1138.29
2021-07-08 06:00:00,23.51,1208.49
2021-07-08 07:00:00,24.74,1292.69
2021-07-08 08:00:00,24.0,1337.37
2021-07-08 09:00:00,25.45,1353.01
2021-07-08 10:00:00,26.29,1314.08
2021-07-08 11:00:00,25.26,1275.67
2021-07-08 12:00:00,24.91,1204.97
2021-07-08 13:00:00,23.82,1213.42
2021-07-08 14:00:00,25.16,1235.48
2021-07-08 15:00:00,24.57,1252.04
2021-07-08 16:00:00,23.82,1312.59
2021-07-08 17:00:00,23.84,1325.4
2021-07-08 18:00:00,21.89,1382.3
2021-07-08 19:00:00,19.47,
2021-07-08 20:00:00,19.99,1363.89
2021-07-08 21:00:00,20.94,1287.23
2021-07-08 22:00:00,19.56,1235.52
2021-07-08 23:00:00,18.75,1213.84
2021-07-09 00:00:00,18.01,1150.9
2021-07-09 01:00:00,17.12,1096.19
2021-07-09 02:00:00,17.62,1070.19
2021-07-09 03:00:00,19.91,1053.22
2021-07-09 04:00:00,20.59,1081.96
2021-07-09 05:00:00,22.73,1162.61
2021-07-09 06:00:00,24.52,1233.22
2021-07-09 07:00:00,25.83,1310.57
2021-07-09 08:00:00,27.42,1375.83
2021-07-09 09:00:00,26.97,1386.99
2021-07-09 10:00:00,28.38,1359.05
2021-07-09 11:00:00,28.71,1313.27
2021-07-09 12:00:00,28.18,
2021-07-09 13:00:00,27.45,1232.16
2021-07-09 14:00:00,25.26,1200.55
2021-07-09 15:00:00,24.1,1244.51
2021-07-09 16:00:00,23.09,1314.53
2021-07-09 17:00:00,23.04,1332.04
2021-07-09 18:00:00,22.41,1410.61
2021-07-09 19:00:00,23.13,1372.91
2021-07-09 20:00:00,23.79,1349.04
2021-07-09 21:00:00,22.25,1276.4
2021-07-09 22:00:00,20.0,
2021-07-09 23:00:00,20.76,1220.68
2021-07-10 00:00:00,20.74,
2021-07-10 01:00:00,21.69,1061.86
2021-07-10 02:00:00,22.68,1004.08
2021-07-10 03:00:00,22.1,1026.51
2021-07-10 04:00:00,22.23,1033.84
2021-07-10 05:00:00,23.76,1100.52
2021-07-10 06:00:00,26.15,1139.3
2021-07-10 07:00:00,27.27,1127.57
2021-07-10 08:00:00,30.33,1229.46
2021-07-10 09:00:00,33.68,1279.67
2021-07-10 10:00:00,34.66,1270.82
2021-07-10 11:00:00,35.07,1232.1
2021-07-10 12:00:00,35.23,1238.9
2021-07-10 13:00:00,34.99,1184.25
2021-07-10 14:00:00,33.49,1204.06
2021-07-10 15:00:00,31.48,1172.29
2021-07-10 16:00:00,30.65,1198.7
2021-07-10 17:00:00,29.79,1310.36
2021-07-10 18:00:00,29.66,1310.03
2021-07-10 19:00:00,28.27,1250.1
2021-07-10 20:00:00,26.27,1202.56
2021-07-10 21:00:00,27.37,1243.63
2021-07-10 22:00:00,28.62,1240.55
2021-07-10 23:00:00,29.57,1213.54
2021-07-11 00:00:00,30.4,1155.11
2021-07-11 01:00:00,30.65,1130.59
2021-07-11 02:00:00,29.5,1062.25
2021-07-11 03:00:00,29.41,1073.22
2021-07-11 04:00:00,30.23,1109.78
2021-07-11 05:00:00,30.5,1159.72
2021-07-11 06:00:00,31.92,1259.33
2021-07-11 07:00:00,31.71,1212.95
2021-07-11 08:00:00,33.44,1282.74
2021-07-11 09:00:00,33.42,1304.63
2021-07-11 10:00:00,34.23,1270.71
2021-07-11 11:00:00,33.81,1268.46
2021-07-11 12:00:00,34.95,1277.32
2021-07-11 13:00:00,34.48,1233.42
2021-07-11 14:00:00,34.07,1233.83
2021-07-11 15:00:00,33.72,1257.93
2021-07-11 16:00:00,33.53,1226.42
2021-07-11 17:00:00,32.78,1306.33
2021-07-11 18:00:00,32.3,1397.95
2021-07-11 19:00:00,30.81,1339.75
2021-07-11 20:00:00,31.4,1287.76
2021-07-11 21:00:00,28.58,1244.57
2021-07-11 22:00:00,28.98,1229.27
2021-07-11 23:00:00,28.54,1184.12
2021-07-12 00:00:00,29.06,1160.08
2021-07-12 01:00:00,29.29,1111.21
2021-07-12 02:00:00,29.96,1155.42
2021-07-12 03:00:00,29.07,1075.84
2021-07-12 04:00:00,31.06,1169.15
2021-07-12 05:00:00,32.84,1270.36
2021-07-12 06:00:00,34.47,1357.27
2021-07-12 07:00:00,35.57,1495.72
2021-07-12 08:00:00,37.96,1612.62
2021-07-12 09:00:00,38.28,1571.96
2021-07-12 10:00:00,39.46,1584.91
2021-07-12 11:00:00,40.91,1618.49
2021-07-12 12:00:00,39.99,1567.98
2021-07-12 13:00:00,40.24,1532.69
2021-07-12 14:00:00,38.01,1478.96
2021-07-12 15:00:00,37.36,1594.45
2021-07-12 16:00:00,35.79,1501.68
2021-07-12 17:00:00,34.33,1573.85
2021-07-12 18:00:00,32.19,1455.58
2021-07-12 19:00:00,30.24,1461.36
2021-07-12 20:00:00,29.82,1412.84
2021-07-12 21:00:00,26.84,1264.85
2021-07-12 22:00:00,27.84,1302.32
2021-07-12 23:00:00,28.2,1205.65
2021-07-13 00:00:00,28.98,1165.02
2021-07-13 01:00:00,28.26,1154.37
2021-07-13 02:00:00,27.29,1105.11
2021-07-13 03:00:00,27.47,1097.15
2021-07-13 04:00:00,27.95,1126.73
2021-07-13 05:00:00,29.08,1186.44
2021-07-13 06:00:00,27.8,1227.3
2021-07-13 07:00:00,28.72,1353.83
2021-07-13 08:00:00,29.75,1389.98
2021-07-13 09:00:00,29.99,1446.27
2021-07-13 10:00:00,28.76,1382.24
2021-07-13 11:00:00,28.5,1304.9
2021-07-13 12:00:00,27.44,1251.57
2021-07-13 13:00:00,26.94,1229.16
2021-07-13 14:00:00,27.17,1278.03
2021-07-13 15:00:00,26.68,1265.99
2021-07-13 16:00:00,25.52,1273.07
2021-07-13 17:00:00,24.69,1370.33
2021-07-13 18:00:00,23.39,1450.37
2021-07-13 19:00:00,22.59,1371.64
2021-07-13 20:00:00,20.5,1405.9
2021-07-13 21:00:00,20.49,1286.81
2021-07-13 22:00:00,19.69,1285.6
2021-07-13 23:00:00,18.92,1227.29
2021-07-14 00:00:00,20.24,1168.58
2021-07-14 01:00:00,20.84,1107.33
2021-07-14 02:00:00,22.42,1062.84
2021-07-14 03:00:00,23.46,1043.31
2021-07-14 04:00:00,23.93,1087.5
2021-07-14 05:00:00,23.51,1121.77
2021-07-14 06:00:00,25.4,1227.67
2021-07-14 07:00:00,27.14,1300.6
2021-07-14 08:00:00,27.75,1392.69
2021-07-14 09:00:00,30.54,
2021-07-14 10:00:00,31.02,1416.97
2021-07-14 11:00:00,32.75,1385.18
2021-07-14 12:00:00,32.67,1354.91
2021-07-14 13:00:00,33.84,1381.59
2021-07-14 14:00:00,34.7,1407.62
2021-07-14 15:00:00,33.34,1397.06
2021-07-14 16:00:00,31.76,1445.05
2021-07-14 17:00:00,31.51,1495.43
2021-07-14 18:00:00,30.91,1465.46
2021-07-14 19:00:00,29.96,1465.39
2021-07-14 20:00:00,30.76,1418.86
2021-07-14 21:00:00,30.32,1402.29
2021-07-14 22:00:00,28.69,1315.26
2021-07-14 23:00:00,28.95,1241.61
2021-07-15 00:00:00,28.7,1188.43
2021-07-15 01:00:00,28.91,1130.94
2021-07-15 02:00:00,29.14,1101.65
2021-07-15 03:00:00,30.37,1149.08
2021-07-15 04:00:00,31.21,1152.33
2021-07-15 05:00:00,30.88,1235.7
2021-07-15 06:00:00,30.8,1306.51
2021-07-15 07:00:00,30.02,1331.6
2021-07-15 08:00:00,30.55,1456.82
2021-07-15 09:00:00,32.09,1449.27
2021-07-15 10:00:00,32.24,1371.87
2021-07-15 11:00:00,31.88,1337.41
2021-07-15 12:00:00,30.87,1272.54
2021-07-15 13:00:00,31.9,1319.37
2021-07-15 14:00:00,32.68,1370.33
2021-07-15 15:00:00,31.52,1309.04
2021-07-15 16:00:00,31.37,1402.68
2021-07-15 17:00:00,29.94,1375.82
2021-07-15 18:00:00,26.16,1412.24
2021-07-15 19:00:00,26.05,1430.71
2021-07-15 20:00:00,23.76,1346.52
2021-07-15 21:00:00,24.68,1294.27
2021-07-15 22:00:00,24.48,1226.66
2021-07-15 23:00:00,24.64,
2021-07-16 00:00:00,24.14,1151.6
2021-07-16 01:00:00,25.76,1109.93
2021-07-16 02:00:00,26.3,1099.97
2021-07-16 03:00:00,27.14,1071.76
2021-07-16 04:00:00,26.94,1107.81
2021-07-16 05:00:00,28.69,1182.01
2021-07-16 06:00:00,31.15,1313.5
2021-07-16 07:00:00,31.1,1367.94
2021-07-16 08:00:00,31.89,1462.87
2021-07-16 09:00:00,34.02,1492.25
2021-07-16 10:00:00,35.14,1484.55
2021-07-16 11:00:00,34.41,1430.02
2021-07-16 12:00:00,35.45,1417.52
2021-07-16 13:00:00,34.53,1369.3
2021-07-16 14:00:00,32.9,1349.01
2021-07-16 15:00:00,33.25,1428.65
2021-07-16 16:00:00,32.67,1488.84
2021-07-16 17:00:00,31.47,1467.16
2021-07-16 18:00:00,32.19,1503.78
2021-07-16 19:00:00,29.78,1527.84
2021-07-16 20:00:00,26.47,1351.77
2021-07-16 21:00:00,26.26,1350.67
2021-07-16 22:00:00,27.43,1243.48
2021-07-16 23:00:00,27.55,1253.09
2021-07-17 00:00:00,28.46,1134.11
2021-07-17 01:00:00,30.07,1112.33
2021-07-17 02:00:00,30.24,1082.93
2021-07-17 03:00:00,31.33,1084.47
2021-07-17 04:00:00,31.79,1153.65
2021-07-17 05:00:00,32.6,1184.2
2021-07-17 06:00:00,33.1,1266.03
2021-07-17 07:00:00,34.46,1221.21
2021-07-17 08:00:00,37.05,1432.54
2021-07-17 09:00:00,38.35,1493.7
2021-07-17 10:00:00,37.51,1368.52
2021-07-17 11:00:00,35.67,1278.03
2021-07-17 12:00:00,35.88,1239.71
2021-07-17 13:00:00,36.24,1250.96
2021-07-17 14:00:00,34.24,1231.9
2021-07-17 15:00:00,32.39,1259.53
2021-07-17 16:00:00,32.12,1189.87
2021-07-17 17:00:00,30.41,1275.94
2021-07-17 18:00:00,28.7,1279.49
2021-07-17 19:00:00,26.3,1158.49
2021-07-17 20:00:00,25.39,1148.0
2021-07-17 21:00:00,26.3,1243.18
2021-07-17 22:00:00,26.98,1213.07
2021-07-17 23:00:00,28.71,1169.5
2021-07-18 00:00:00,29.96,1167.81
2021-07-18 01:00:00,30.53,1114.97
2021-07-18 02:00:00,31.61,1137.82
2021-07-18 03:00:00,31.45,1120.94
2021-07-18 04:00:00,32.06,1134.91
2021-07-18 05:00:00,34.72,1244.04
2021-07-18 06:00:00,37.17,1392.96
2021-07-18 07:00:00,37.05,1324.18
2021-07-18 08:00:00,37.92,1451.97
2021-07-18 09:00:00,39.33,1448.82
2021-07-18 10:00:00,39.58,1478.64
2021-07-18 11:00:00,39.06,1344.24
2021-07-18 12:00:00,41.83,1444.15
2021-07-18 13:00:00,41.78,1444.28
2021-07-18 14:00:00,40.95,1475.96
2021-07-18 15:00:00,39.41,1368.62
2021-07-18 16:00:00,38.92,1457.98
2021-07-18 17:00:00,37.5,1480.17
2021-07-18 18:00:00,35.5,1466.88
2021-07-18 19:00:00,34.46,1425.62
2021-07-18 20:00:00,31.4,1248.84
2021-07-18 21:00:00,30.51,1337.73
2021-07-18 22:00:00,28.87,1224.43
2021-07-18 23:00:00,28.51,1167.69
2021-07-19 00:00:00,28.91,1182.5
2021-07-19 01:00:00,29.82,1173.78
2021-07-19 02:00:00,29.63,1096.13
2021-07-19 03:00:00,30.64,1144.95
2021-07-19 04:00:00,31.75,1181.88
2021-07-19 05:00:00,34.15,1307.38
2021-07-19 06:00:00,33.21,1349.47
2021-07-19 07:00:00,34.38,1429.51
2021-07-19 08:00:00,34.41,1532.84
2021-07-19 09:00:00,34.52,1514.58
2021-07-19 10:00:00,35.21,1497.75
2021-07-19 11:00:00,36.21,1519.49
2021-07-19 12:00:00,36.38,1399.43
2021-07-19 13:00:00,34.89,1371.36
2021-07-19 14:00:00,34.13,1330.39
2021-07-19 15:00:00,33.91,1422.43
2021-07-19 16:00:00,32.99,1382.25
2021-07-19 17:00:00,32.59,1447.54
2021-07-19 18:00:00,33.15,1506.09
2021-07-19 19:00:00,31.76,1526.94
2021-07-19 20:00:00,31.83,1457.41
2021-07-19 21:00:00,30.55,1416.11
2021-07-19 22:00:00,28.68,1297.19
2021-07-19 23:00:00,27.84,1237.11
2021-07-20 00:00:00,28.65,1195.38
2021-07-20 01:00:00,27.34,1131.85
2021-07-20 02:00:00,28.02,1114.17
2021-07-20 03:00:00,28.8,1109.62
2021-07-20 04:00:00,30.77,1165.25
2021-07-20 05:00:00,33.09,1263.91
2021-07-20 06:00:00,34.53,1347.77
2021-07-20 07:00:00,36.61,1459.13
2021-07-20 08:00:00,36.27,1552.51
2021-07-20 09:00:00,37.52,1575.78
2021-07-20 10:00:00,36.62,1540.18
2021-07-20 11:00:00,37.47,1515.61
2021-07-20 12:00:00,37.78,1462.28
2021-07-20 13:00:00,36.06,1469.4
2021-07-20 14:00:00,36.45,1422.75
2021-07-20 15:00:00,36.84,1460.49
2021-07-20 16:00:00,33.2,1419.34
2021-07-20 17:00:00,31.53,1507.0
2021-07-20 18:00:00,29.68,1468.56
2021-07-20 19:00:00,28.38,1446.49
2021-07-20 20:00:00,26.5,1328.55
2021-07-20 21:00:00,25.79,1310.83
2021-07-20 22:00:00,27.19,1296.33
2021-07-20 23:00:00,26.32,1213.56
2021-07-21 00:00:00,25.1,1131.05
2021-07-21 01:00:00,26.32,1128.62
2021-07-21 02:00:00,26.3,1066.48
2021-07-21 03:00:00,27.13,
2021-07-21 04:00:00,28.2,1107.75
2021-07-21 05:00:00,30.05,1178.57
2021-07-21 06:00:00,29.9,1265.07
2021-07-21 07:00:00,28.18,1348.15
2021-07-21 08:00:00,28.73,1429.47
2021-07-21 09:00:00,30.67,1450.42
2021-07-21 10:00:00,32.4,1438.82
2021-07-21 11:00:00,32.11,1410.79
2021-07-21 12:00:00,32.6,1353.94
2021-07-21 13:00:00,32.81,1341.99
2021-07-21 14:00:00,33.13,1287.89
2021-07-21 15:00:00,31.46,1355.24
2021-07-21 16:00:00,31.88,
2021-07-21 17:00:00,31.0,1498.85
2021-07-21 18:00:00,30.96,1499.26
2021-07-21 19:00:00,29.27,1428.98
2021-07-21 20:00:00,27.25,1433.83
2021-07-21 21:00:00,27.19,1304.61
2021-07-21 22:00:00,25.9,1287.27
2021-07-21 23:00:00,24.07,1226.88
2021-07-22 00:00:00,22.48,1157.54
2021-07-22 01:00:00,23.05,1110.36
2021-07-22 02:00:00,24.36,1089.79
2021-07-22 03:00:00,25.57,1070.84
2021-07-22 04:00:00,25.61,1094.24
2021-07-22 05:00:00,26.19,1122.39
2021-07-22 06:00:00,28.23,1255.12
2021-07-22 07:00:00,29.32,1343.62
2021-07-22 08:00:00,31.33,1474.43
2021-07-22 09:00:00,30.38,1417.23
2021-07-22 10:00:00,32.39,1428.35
2021-07-22 11:00:00,31.3,1325.42
2021-07-22 12:00:00,30.65,1281.58
2021-07-22 13:00:00,31.8,1342.75
2021-07-22 14:00:00,33.44,1436.55
2021-07-22 15:00:00,33.34,1338.74
2021-07-22 16:00:00,32.38,1429.9
2021-07-22 17:00:00,31.98,1504.04
2021-07-22 18:00:00,29.64,1430.91
2021-07-22 19:00:00,27.44,1438.25
2021-07-22 20:00:00,24.11,1337.97
2021-07-22 21:00:00,22.8,1313.13
2021-07-22 22:00:00,21.66,1241.17
2021-07-22 23:00:00,21.37,1246.76
2021-07-23 00:00:00,19.76,1118.88
2021-07-23 01:00:00,21.7,1092.52
2021-07-23 02:00:00,21.23,1082.06
2021-07-23 03:00:00,21.55,1037.89
2021-07-23 04:00:00,21.83,1093.61
2021-07-23 05:00:00,22.22,1150.25
2021-07-23 06:00:00,22.52,1201.97
2021-07-23 07:00:00,24.92,1320.05
2021-07-23 08:00:00,26.11,1369.56
2021-07-23 09:00:00,26.63,1375.0
2021-07-23 10:00:00,28.26,
2021-07-23 11:00:00,29.31,1337.65
2021-07-23 12:00:00,30.31,1340.92
2021-07-23 13:00:00,30.48,1321.09
2021-07-23 14:00:00,29.73,1280.18
2021-07-23 15:00:00,28.94,1286.41
2021-07-23 16:00:00,28.49,1344.9
2021-07-23 17:00:00,29.66,1447.78
2021-07-23 18:00:00,29.32,1433.27
2021-07-23 19:00:00,27.57,1408.8
2021-07-23 20:00:00,24.1,1371.6
2021-07-23 21:00:00,23.08,1310.3
2021-07-23 22:00:00,21.94,1245.08
2021-07-23 23:00:00,22.41,1187.52
2021-07-24 00:00:00,22.25,1082.19
2021-07-24 01:00:00,21.83,1026.34
2021-07-24 02:00:00,21.23,1033.74
2021-07-24 03:00:00,20.87,1014.69
2021-07-24 04:00:00,21.04,1033.69
2021-07-24 05:00:00,22.98,1098.24
2021-07-24 06:00:00,23.55,1149.34
2021-07-24 07:00:00,22.98,1126.52
2021-07-24 08:00:00,22.4,1173.15
2021-07-24 09:00:00,22.69,1181.43
2021-07-24 10:00:00,25.27,1143.54
2021-07-24 11:00:00,25.11,1049.97
2021-07-24 12:00:00,23.84,1028.91
2021-07-24 13:00:00,23.85,1040.21
2021-07-24 14:00:00,23.25,1040.29
2021-07-24 15:00:00,23.02,1053.67
2021-07-24 16:00:00,22.52,1149.33
2021-07-24 17:00:00,21.32,1175.46
2021-07-24 18:00:00,18.88,1218.74
2021-07-24 19:00:00,18.33,1249.39
2021-07-24 20:00:00,16.21,1189.1
2021-07-24 21:00:00,14.86,1259.48
2021-07-24 22:00:00,14.88,1206.98
2021-07-24 23:00:00,13.18,1213.76
2021-07-25 00:00:00,13.25,1104.26
2021-07-25 01:00:00,13.73,1058.31
2021-07-25 02:00:00,16.45,1010.91
2021-07-25 03:00:00,16.91,1035.1
2021-07-25 04:00:00,18.0,1035.23
2021-07-25 05:00:00,20.58,1080.87
2021-07-25 06:00:00,22.72,1174.81
2021-07-25 07:00:00,23.69,1106.34
2021-07-25 08:00:00,26.29,1171.81
2021-07-25 09:00:00,26.58,1190.8
2021-07-25 10:00:00,27.39,
2021-07-25 11:00:00,27.85,1140.15
2021-07-25 12:00:00,26.35,1079.01
2021-07-25 13:00:00,26.9,1067.49
2021-07-25 14:00:00,26.78,1050.78
2021-07-25 15:00:00,27.86,1074.99
2021-07-25 16:00:00,25.33,1132.31
2021-07-25 17:00:00,25.02,1195.73
2021-07-25 18:00:00,23.6,1219.55
2021-07-25 19:00:00,23.16,1202.63
2021-07-25 20:00:00,22.5,1193.75
2021-07-25 21:00:00,21.59,1237.59
2021-07-25 22:00:00,21.16,1136.83
2021-07-25 23:00:00,20.68,1187.29
2021-07-26 00:00:00,20.72,1133.66
2021-07-26 01:00:00,22.17,1087.73
2021-07-26 02:00:00,21.34,1065.73
2021-07-26 03:00:00,19.86,1086.11
2021-07-26 04:00:00,20.4,1083.9
2021-07-26 05:00:00,22.04,1120.26
2021-07-26 06:00:00,24.9,1203.25
2021-07-26 07:00:00,26.02,1308.27
2021-07-26 08:00:00,28.79,1397.51
2021-07-26 09:00:00,28.57,1410.15
2021-07-26 10:00:00,29.69,1329.82
2021-07-26 11:00:00,30.31,1341.93
2021-07-26 12:00:00,29.12,
2021-07-26 13:00:00,28.87,
2021-07-26 14:00:00,29.25,1290.2
2021-07-26 15:00:00,28.97,1295.38
2021-07-26 16:00:00,26.78,1309.79
2021-07-26 17:00:00,26.88,1398.78
2021-07-26 18:00:00,26.46,1416.56
2021-07-26 19:00:00,26.31,1439.83
2021-07-26 20:00:00,25.62,1379.98
2021-07-26 21:00:00,24.73,1252.91
2021-07-26 22:00:00,24.85,1214.5
2021-07-26 23:00:00,23.94,1252.66
2021-07-27 00:00:00,23.61,1135.51
2021-07-27 01:00:00,23.19,1114.5
2021-07-27 02:00:00,23.08,1096.58
2021-07-27 03:00:00,24.39,1070.14
2021-07-27 04:00:00,26.29,1106.11
2021-07-27 05:00:00,27.26,1156.39
2021-07-27 06:00:00,28.43,1236.28
2021-07-27 07:00:00,29.6,1397.26
2021-07-27 08:00:00,30.99,1444.13
2021-07-27 09:00:00,32.52,1481.95
2021-07-27 10:00:00,34.41,1445.22
2021-07-27 11:00:00,34.71,1427.41
2021-07-27 12:00:00,36.09,1449.06
2021-07-27 13:00:00,37.23,1454.03
2021-07-27 14:00:00,37.61,1510.05
2021-07-27 15:00:00,37.36,1464.16
2021-07-27 16:00:00,37.52,1523.77
2021-07-27 17:00:00,37.23,1584.45
2021-07-27 18:00:00,36.11,1585.83
2021-07-27 19:00:00,35.25,1583.94
2021-07-27 20:00:00,34.34,1519.11
2021-07-27 21:00:00,32.62,1369.9
2021-07-27 22:00:00,31.73,1359.44
2021-07-27 23:00:00,31.47,1286.53
2021-07-28 00:00:00,31.63,1264.32
2021-07-28 01:00:00,30.5,1166.01
2021-07-28 02:00:00,31.36,1137.9
2021-07-28 03:00:00,31.42,1140.37
2021-07-28 04:00:00,31.67,1126.84
2021-07-28 05:00:00,31.14,1196.15
2021-07-28 06:00:00,32.45,1273.07
2021-07-28 07:00:00,33.57,1399.14
2021-07-28 08:00:00,31.6,1429.32
2021-07-28 09:00:00,34.12,1525.67
2021-07-28 10:00:00,33.47,1428.0
2021-07-28 11:00:00,33.6,1437.09
2021-07-28 12:00:00,31.94,1342.33
2021-07-28 13:00:00,31.15,1320.76
2021-07-28 14:00:00,31.99,1338.21
2021-07-28 15:00:00,31.04,1346.59
2021-07-28 16:00:00,31.28,1440.72
2021-07-28 17:00:00,29.87,1425.7
2021-07-28 18:00:00,28.63,1478.34
2021-07-28 19:00:00,26.72,1472.11
2021-07-28 20:00:00,25.39,1354.32
2021-07-28 21:00:00,27.47,1360.53
2021-07-28 22:00:00,28.64,1281.43
2021-07-28 23:00:00,28.43,1223.09
2021-07-29 00:00:00,28.29,1202.25
2021-07-29 01:00:00,27.98,
2021-07-29 02:00:00,29.23,1108.6
2021-07-29 03:00:00,30.48,1116.31
2021-07-29 04:00:00,32.02,1175.82
2021-07-29 05:00:00,30.3,1203.43
2021-07-29 06:00:00,30.28,1263.12
2021-07-29 07:00:00,31.83,1414.1
2021-07-29 08:00:00,33.25,1473.45
2021-07-29 09:00:00,34.29,1479.42
2021-07-29 10:00:00,35.68,1496.19
2021-07-29 11:00:00,34.97,1466.19
2021-07-29 12:00:00,37.52,1460.56
2021-07-29 13:00:00,37.26,1438.53
2021-07-29 14:00:00,36.38,1480.7
2021-07-29 15:00:00,36.47,1517.29
2021-07-29 16:00:00,35.25,1466.93
2021-07-29 17:00:00,33.84,1570.6
2021-07-29 18:00:00,32.26,1539.16
2021-07-29 19:00:00,29.19,1468.94
2021-07-29 20:00:00,26.12,1389.28
2021-07-29 21:00:00,24.82,1302.94
2021-07-29 22:00:00,23.5,1249.24
2021-07-29 23:00:00,23.41,1166.62
2021-07-30 00:00:00,20.85,1126.78
2021-07-30 01:00:00,21.52,1107.72
2021-07-30 02:00:00,22.23,1041.26
2021-07-30 03:00:00,20.94,1037.46
2021-07-30 04:00:00,22.73,1062.86
2021-07-30 05:00:00,23.0,1160.82
2021-07-30 06:00:00,23.37,1202.57
2021-07-30 07:00:00,25.07,1301.94
2021-07-30 08:00:00,25.92,1355.01
2021-07-30 09:00:00,27.02,1382.76
2021-07-30 10:00:00,28.48,1372.78
2021-07-30 11:00:00,29.15,1334.86
2021-07-30 12:00:00,28.23,
2021-07-30 13:00:00,27.52,1226.33
2021-07-30 14:00:00,26.72,1195.78
2021-07-30 15:00:00,27.31,1265.83
2021-07-30 16:00:00,23.89,1318.24
2021-07-30 17:00:00,21.58,1343.71
2021-07-30 18:00:00,21.76,1413.92
2021-07-30 19:00:00,20.66,1354.23
2021-07-30 20:00:00,19.35,1371.1
2021-07-30 21:00:00,17.81,1324.32
2021-07-30 22:00:00,19.66,1220.69
2021-07-30 23:00:00,18.83,1179.78
2021-07-31 00:00:00,20.58,1070.85
2021-07-31 01:00:00,20.65,1081.05
2021-07-31 02:00:00,20.19,1036.03
2021-07-31 03:00:00,22.12,1023.39
2021-07-31 04:00:00,22.85,1057.2
2021-07-31 05:00:00,23.86,1071.28
2021-07-31 06:00:00,24.58,1166.16
2021-07-31 07:00:00,25.44,1142.53
2021-07-31 08:00:00,26.61,1193.84
2021-07-31 09:00:00,28.28,1203.2
2021-07-31 10:00:00,30.68,1204.35
2021-07-31 11:00:00,29.96,1127.38
2021-07-31 12:00:00,30.98,1170.72
2021-07-31 13:00:00,29.76,1107.02
2021-07-31 14:00:00,30.21,1108.02
2021-07-31 15:00:00,29.29,1105.15
2021-07-31 16:00:00,29.45,1158.57
2021-07-31 17:00:00,28.22,1231.7
2021-07-31 18:00:00,27.23,1288.62
2021-07-31 19:00:00,26.28,1232.96
2021-07-31 20:00:00,25.83,1162.74
2021-07-31 21:00:00,24.17,1286.07
2021-07-31 22:00:00,23.46,1208.6
2021-07-31 23:00:00,23.43,1142.95
2021-08-01 00:00:00,23.7,1063.32
2021-08-01 01:00:00,22.62,1024.56
2021-08-01 02:00:00,22.75,1032.54
2021-08-01 03:00:00,23.39,993.78
2021-08-01 04:00:00,23.46,1012.94
2021-08-01 05:00:00,24.61,1078.14
2021-08-01 06:00:00,26.38,1159.7
2021-08-01 07:00:00,27.8,1142.48
2021-08-01 08:00:00,29.68,1218.14
2021-08-01 09:00:00,30.82,1252.4
2021-08-01 10:00:00,30.03,1176.62
2021-08-01 11:00:00,31.44,1149.64
2021-08-01 12:00:00,31.91,1166.68
2021-08-01 13:00:00,31.69,1172.1
2021-08-01 14:00:00,31.48,1089.19
2021-08-01 15:00:00,32.03,1186.02
2021-08-01 16:00:00,30.67,1173.05
2021-08-01 17:00:00,29.37,1248.64
2021-08-01 18:00:00,28.77,1280.88
2021-08-01 19:00:00,27.46,1240.63
2021-08-01 20:00:00,26.22,1181.25
2021-08-01 21:00:00,24.32,1213.91
2021-08-01 22:00:00,24.0,1163.68
2021-08-01 23:00:00,23.95,1126.4
2021-08-02 00:00:00,24.98,1138.84
2021-08-02 01:00:00,24.74,1089.15
2021-08-02 02:00:00,26.38,1071.95
2021-08-02 03:00:00,24.71,1103.8
2021-08-02 04:00:00,23.98,1071.72
2021-08-02 05:00:00,24.43,1101.33
2021-08-02 06:00:00,25.36,1204.82
2021-08-02 07:00:00,25.6,1283.29
2021-08-02 08:00:00,24.9,1357.2
2021-08-02 09:00:00,27.73,
2021-08-02 10:00:00,27.21,1295.52
2021-08-02 11:00:00,27.72,1297.53
2021-08-02 12:00:00,27.13,1249.08
2021-08-02 13:00:00,26.77,1199.97
2021-08-02 14:00:00,24.79,1187.68
2021-08-02 15:00:00,24.69,1216.54
2021-08-02 16:00:00,23.67,1255.92
2021-08-02 17:00:00,23.17,1381.82
2021-08-02 18:00:00,21.35,1374.94
2021-08-02 19:00:00,21.12,1418.06
2021-08-02 20:00:00,21.35,1345.32
2021-08-02 21:00:00,20.78,1296.6
2021-08-02 22:00:00,20.28,1253.82
2021-08-02 23:00:00,21.08,1194.25
2021-08-03 00:00:00,21.39,1130.68
2021-08-03 01:00:00,21.13,1116.19
2021-08-03 02:00:00,23.24,1057.36
2021-08-03 03:00:00,24.99,1059.01
2021-08-03 04:00:00,24.74,1062.84
2021-08-03 05:00:00,27.02,1107.68
2021-08-03 06:00:00,26.47,1208.94
2021-08-03 07:00:00,28.13,1298.55
2021-08-03 08:00:00,29.21,1373.58
2021-08-03 09:00:00,31.54,1442.29
2021-08-03 10:00:00,31.1,1411.75
2021-08-03 11:00:00,30.89,1314.81
2021-08-03 12:00:00,31.06,1316.64
2021-08-03 13:00:00,31.41,1322.13
2021-08-03 14:00:00,32.5,1346.4
2021-08-03 15:00:00,31.57,1355.92
2021-08-03 16:00:00,30.98,1431.71
2021-08-03 17:00:00,29.6,1452.9
2021-08-03 18:00:00,29.44,1444.5
2021-08-03 19:00:00,28.46,1434.58
2021-08-03 20:00:00,27.45,1347.09
2021-08-03 21:00:00,28.14,1312.52
2021-08-03 22:00:00,27.49,1285.61
2021-08-03 23:00:00,24.79,1203.02
2021-08-04 00:00:00,25.38,1166.35
2021-08-04 01:00:00,24.34,1106.74
2021-08-04 02:00:00,25.53,1074.03
2021-08-04 03:00:00,25.99,1056.8
2021-08-04 04:00:00,26.25,1107.15
2021-08-04 05:00:00,26.67,1140.98
2021-08-04 06:00:00,26.89,1231.05
2021-08-04 07:00:00,27.73,1313.33
2021-08-04 08:00:00,29.71,1423.66
2021-08-04 09:00:00,31.23,1443.98
2021-08-04 10:00:00,31.38,1408.04
2021-08-04 11:00:00,30.62,1330.24
2021-08-04 12:00:00,32.11,1326.04
2021-08-04 13:00:00,33.93,1399.16
2021-08-04 14:00:00,33.22,1371.58
2021-08-04 15:00:00,32.8,1399.22
2021-08-04 16:00:00,32.73,
2021-08-04 17:00:00,29.58,1464.6
2021-08-04 18:00:00,29.75,1469.49
2021-08-04 19:00:00,30.14,1444.15
2021-08-04 20:00:00,30.73,1472.81
2021-08-04 21:00:00,31.72,1362.63
2021-08-04 22:00:00,32.67,1400.6
2021-08-04 23:00:00,32.9,1287.25
2021-08-05 00:00:00,34.22,1237.57
2021-08-05 01:00:00,33.77,1245.78
2021-08-05 02:00:00,34.27,1206.78
2021-08-05 03:00:00,36.18,1236.52
2021-08-05 04:00:00,37.06,1245.42
2021-08-05 05:00:00,39.32,1370.01
2021-08-05 06:00:00,41.35,1522.16
2021-08-05 07:00:00,40.56,1632.5
2021-08-05 08:00:00,41.72,1687.91
2021-08-05 09:00:00,41.5,1718.55
2021-08-05 10:00:00,42.68,1752.94
2021-08-05 11:00:00,43.12,1701.58
2021-08-05 12:00:00,44.07,1683.49
2021-08-05 13:00:00,43.28,1678.15
2021-08-05 14:00:00,43.94,1662.08
2021-08-05 15:00:00,43.07,1718.23
2021-08-05 16:00:00,41.24,1660.77
2021-08-05 17:00:00,38.82,1653.68
2021-08-05 18:00:00,37.36,1600.66
2021-08-05 19:00:00,36.34,1621.0
2021-08-05 20:00:00,33.1,1465.66
2021-08-05 21:00:00,30.43,1343.34
2021-08-05 22:00:00,30.24,1278.65
2021-08-05 23:00:00,29.93,1284.27
2021-08-06 00:00:00,30.23,1186.65
2021-08-06 01:00:00,29.65,
2021-08-06 02:00:00,30.88,1141.35
2021-08-06 03:00:00,31.53,1145.96
2021-08-06 04:00:00,32.09,1202.23
2021-08-06 05:00:00,33.94,1282.97
2021-08-06 06:00:00,34.38,1370.93
2021-08-06 07:00:00,34.42,1422.26
2021-08-06 08:00:00,37.47,1562.6
2021-08-06 09:00:00,37.69,1576.21
2021-08-06 10:00:00,36.32,1528.53
2021-08-06 11:00:00,35.78,1493.88
2021-08-06 12:00:00,36.86,1458.52
2021-08-06 13:00:00,35.12,1387.19
2021-08-06 14:00:00,34.62,1414.82
2021-08-06 15:00:00,33.41,1376.15
2021-08-06 16:00:00,33.91,1441.21
2021-08-06 17:00:00,32.19,1505.69
2021-08-06 18:00:00,30.81,1503.87
2021-08-06 19:00:00,31.2,1500.88
2021-08-06 20:00:00,28.04,1399.59
2021-08-06 21:00:00,26.67,1293.96
2021-08-06 22:00:00,25.67,1244.54
2021-08-06 23:00:00,24.92,1222.81
2021-08-07 00:00:00,24.95,1068.07
2021-08-07 01:00:00,24.67,1022.96
2021-08-07 02:00:00,24.6,1014.49
2021-08-07 03:00:00,25.36,1010.85
2021-08-07 04:00:00,25.58,1021.91
2021-08-07 05:00:00,26.47,1088.22
2021-08-07 06:00:00,27.65,1188.96
2021-08-07 07:00:00,29.15,1167.36
2021-08-07 08:00:00,30.97,1267.3
2021-08-07 09:00:00,30.2,1229.58
2021-08-07 10:00:00,30.19,1208.83
2021-08-07 11:00:00,30.37,1154.26
2021-08-07 12:00:00,31.67,1131.65
2021-08-07 13:00:00,30.7,1135.54
2021-08-07 14:00:00,28.52,1111.93
2021-08-07 15:00:00,29.92,1151.03
2021-08-07 16:00:00,30.66,1182.73
2021-08-07 17:00:00,29.79,1239.46
2021-08-07 18:00:00,28.67,1221.9
2021-08-07 19:00:00,25.99,1223.68
2021-08-07 20:00:00,24.71,1178.61
2021-08-07 21:00:00,24.82,1283.95
2021-08-07 22:00:00,24.01,1213.72
2021-08-07 23:00:00,24.79,1142.31
2021-08-08 00:00:00,26.3,1127.99
2021-08-08 01:00:00,25.77,1082.88
2021-08-08 02:00:00,26.33,1034.7
2021-08-08 03:00:00,29.04,1029.21
2021-08-08 04:00:00,29.9,1054.36
2021-08-08 05:00:00,30.95,1174.45
2021-08-08 06:00:00,32.15,1227.86
2021-08-08 07:00:00,32.77,1216.1
2021-08-08 08:00:00,35.17,1315.81
2021-08-08 09:00:00,35.39,1370.24
2021-08-08 10:00:00,34.9,1317.3
2021-08-08 11:00:00,34.3,1238.2
2021-08-08 12:00:00,35.09,1257.46
2021-08-08 13:00:00,33.82,1182.96
2021-08-08 14:00:00,32.61,1147.68
2021-08-08 15:00:00,31.19,1180.57
2021-08-08 16:00:00,29.76,1190.02
2021-08-08 17:00:00,28.87,1270.59
2021-08-08 18:00:00,27.38,1209.87
2021-08-08 19:00:00,25.64,1254.79
2021-08-08 20:00:00,24.89,1239.88
2021-08-08 21:00:00,23.1,
2021-08-08 22:00:00,21.38,1170.84
2021-08-08 23:00:00,23.95,1162.67
2021-08-09 00:00:00,23.08,1119.67
2021-08-09 01:00:00,21.77,1093.56
2021-08-09 02:00:00,21.44,
2021-08-09 03:00:00,20.73,1040.41
2021-08-09 04:00:00,22.98,1068.39
2021-08-09 05:00:00,24.44,1147.16
2021-08-09 06:00:00,24.18,1201.69
2021-08-09 07:00:00,26.2,1320.17
2021-08-09 08:00:00,25.8,1348.12
2021-08-09 09:00:00,26.97,1374.0
2021-08-09 10:00:00,27.33,1320.92
2021-08-09 11:00:00,28.5,1312.27
2021-08-09 12:00:00,30.42,1229.08
2021-08-09 13:00:00,31.43,1286.51
2021-08-09 14:00:00,29.98,
2021-08-09 15:00:00,29.12,1310.44
2021-08-09 16:00:00,28.49,1362.41
2021-08-09 17:00:00,28.73,1427.74
2021-08-09 18:00:00,27.99,1453.84
2021-08-09 19:00:00,26.91,1409.64
2021-08-09 20:00:00,26.5,1349.5
2021-08-09 21:00:00,25.96,1284.86
2021-08-09 22:00:00,26.19,1237.28
2021-08-09 23:00:00,25.49,1198.64
2021-08-10 00:00:00,24.96,1117.3
2021-08-10 01:00:00,24.25,1103.72
2021-08-10 02:00:00,26.04,1089.59
2021-08-10 03:00:00,26.06,1079.37
2021-08-10 04:00:00,27.48,1085.22
2021-08-10 05:00:00,28.71,1180.83
2021-08-10 06:00:00,27.81,1254.4
2021-08-10 07:00:00,28.71,1363.09
2021-08-10 08:00:00,30.2,1406.49
2021-08-10 09:00:00,31.08,1450.56
2021-08-10 10:00:00,33.49,1497.94
2021-08-10 11:00:00,31.06,1306.72
2021-08-10 12:00:00,30.28,1304.62
2021-08-10 13:00:00,29.03,1207.34
2021-08-10 14:00:00,27.31,1234.74
2021-08-10 15:00:00,27.47,1238.59
2021-08-10 16:00:00,26.04,1281.39
2021-08-10 17:00:00,25.67,1365.52
2021-08-10 18:00:00,26.14,1425.14
2021-08-10 19:00:00,24.91,1407.37
2021-08-10 20:00:00,23.49,1374.28
2021-08-10 21:00:00,21.74,1267.07
2021-08-10 22:00:00,21.37,1234.56
2021-08-10 23:00:00,20.29,1187.68
2021-08-11 00:00:00,19.0,1172.37
2021-08-11 01:00:00,20.45,1103.78
2021-08-11 02:00:00,19.87,1061.98
2021-08-11 03:00:00,21.73,1042.9
2021-08-11 04:00:00,22.2,1077.06
2021-08-11 05:00:00,22.74,1113.67
2021-08-11 06:00:00,23.36,1216.86
2021-08-11 07:00:00,24.09,1281.38
2021-08-11 08:00:00,25.8,1343.55
2021-08-11 09:00:00,26.19,1357.49
2021-08-11 10:00:00,26.68,1317.36
2021-08-11 11:00:00,25.99,1296.82
2021-08-11 12:00:00,25.34,1212.33
2021-08-11 13:00:00,24.47,1194.91
2021-08-11 14:00:00,25.15,1254.22
2021-08-11 15:00:00,25.01,1235.73
2021-08-11 16:00:00,25.05,1318.17
2021-08-11 17:00:00,22.85,1365.59
2021-08-11 18:00:00,22.85,1362.6
2021-08-11 19:00:00,21.58,1359.56
2021-08-11 20:00:00,21.18,1361.81
2021-08-11 21:00:00,18.54,1286.53
2021-08-11 22:00:00,18.42,1207.56
2021-08-11 23:00:00,17.32,1224.52
2021-08-12 00:00:00,16.62,1115.87
2021-08-12 01:00:00,16.46,1053.6
2021-08-12 02:00:00,17.22,1031.01
2021-08-12 03:00:00,16.35,1033.3
2021-08-12 04:00:00,18.53,1070.13
2021-08-12 05:00:00,20.38,1106.2
2021-08-12 06:00:00,21.05,1181.61
2021-08-12 07:00:00,21.01,1247.21
2021-08-12 08:00:00,20.63,1355.41
2021-08-12 09:00:00,20.91,1323.01
2021-08-12 10:00:00,22.3,1284.07
2021-08-12 11:00:00,22.91,1274.61
2021-08-12 12:00:00,22.55,1193.1
2021-08-12 13:00:00,22.83,1167.95
2021-08-12 14:00:00,22.91,1195.19
2021-08-12 15:00:00,22.81,1240.16
2021-08-12 16:00:00,22.74,1346.61
2021-08-12 17:00:00,22.5,1319.48
2021-08-12 18:00:00,19.64,1363.67
2021-08-12 19:00:00,18.47,1369.39
2021-08-12 20:00:00,16.92,1361.42
2021-08-12 21:00:00,14.66,1282.4
2021-08-12 22:00:00,15.36,1235.43
2021-08-12 23:00:00,13.26,1190.76
2021-08-13 00:00:00,14.44,1117.61
2021-08-13 01:00:00,13.68,1095.77
2021-08-13 02:00:00,13.43,1094.67
2021-08-13 03:00:00,13.63,1069.99
2021-08-13 04:00:00,15.56,1076.73
2021-08-13 05:00:00,16.54,1150.36
2021-08-13 06:00:00,20.17,1191.7
2021-08-13 07:00:00,20.88,1270.25
2021-08-13 08:00:00,20.26,1339.07
2021-08-13 09:00:00,21.33,1336.93
2021-08-13 10:00:00,20.91,1290.25
2021-08-13 11:00:00,20.92,1247.04
2021-08-13 12:00:00,22.98,1240.35
2021-08-13 13:00:00,23.57,1186.67
2021-08-13 14:00:00,24.68,1183.29
2021-08-13 15:00:00,23.27,1263.75
2021-08-13 16:00:00,23.13,1275.63
2021-08-13 17:00:00,23.33,1367.9
2021-08-13 18:00:00,26.11,1384.74
2021-08-13 19:00:00,24.48,1379.36
2021-08-13 20:00:00,25.51,1347.81
2021-08-13 21:00:00,23.8,1297.89
2021-08-13 22:00:00,23.45,1236.87
2021-08-13 23:00:00,24.46,1209.58
2021-08-14 00:00:00,24.44,1083.68
2021-08-14 01:00:00,22.59,1049.64
2021-08-14 02:00:00,23.35,997.53
2021-08-14 03:00:00,23.6,1008.42
2021-08-14 04:00:00,23.74,1048.59
2021-08-14 05:00:00,23.83,1078.66
2021-08-14 06:00:00,26.97,1152.61
2021-08-14 07:00:00,28.29,1125.66
2021-08-14 08:00:00,31.1,1266.92
2021-08-14 09:00:00,30.39,1228.0
2021-08-14 10:00:00,31.39,1189.82
2021-08-14 11:00:00,33.64,1195.61
2021-08-14 12:00:00,34.09,1188.49
2021-08-14 13:00:00,34.35,1153.46
2021-08-14 14:00:00,32.82,1123.27
2021-08-14 15:00:00,29.87,1104.94
2021-08-14 16:00:00,29.55,1219.77
2021-08-14 17:00:00,28.46,1191.45
2021-08-14 18:00:00,26.53,1227.66
2021-08-14 19:00:00,26.19,1234.01
2021-08-14 20:00:00,24.85,1220.41
2021-08-14 21:00:00,24.99,
2021-08-14 22:00:00,24.1,1228.57
2021-08-14 23:00:00,22.58,1184.66
2021-08-15 00:00:00,22.72,1068.13
2021-08-15 01:00:00,22.54,1031.67
2021-08-15 02:00:00,22.6,1024.83
2021-08-15 03:00:00,22.39,1002.93
2021-08-15 04:00:00,21.78,1041.09
2021-08-15 05:00:00,21.67,1098.23
2021-08-15 06:00:00,23.16,1165.21
2021-08-15 07:00:00,23.39,1099.26
2021-08-15 08:00:00,25.48,1123.61
2021-08-15 09:00:00,26.44,1171.32
2021-08-15 10:00:00,28.33,1165.41
2021-08-15 11:00:00,29.08,1123.67
2021-08-15 12:00:00,29.35,1094.11
2021-08-15 13:00:00,29.97,1119.49
2021-08-15 14:00:00,30.72,1060.03
2021-08-15 15:00:00,29.8,1140.34
2021-08-15 16:00:00,27.16,
2021-08-15 17:00:00,26.19,1181.8
2021-08-15 18:00:00,25.92,1244.08
2021-08-15 19:00:00,25.42,1205.32
2021-08-15 20:00:00,23.35,1179.56
2021-08-15 21:00:00,21.85,1230.74
2021-08-15 22:00:00,21.95,1182.82
2021-08-15 23:00:00,21.96,1164.35
2021-08-16 00:00:00,22.45,1124.2
2021-08-16 01:00:00,22.7,1091.78
2021-08-16 02:00:00,23.5,1043.89
2021-08-16 03:00:00,23.01,1056.7
2021-08-16 04:00:00,24.34,1043.95
2021-08-16 05:00:00,23.06,1149.39
2021-08-16 06:00:00,25.17,1222.87
2021-08-16 07:00:00,25.37,1287.31
2021-08-16 08:00:00,24.35,1331.31
2021-08-16 09:00:00,25.8,1371.86
2021-08-16 10:00:00,26.23,1272.85
2021-08-16 11:00:00,25.28,1247.85
2021-08-16 12:00:00,27.06,
2021-08-16 13:00:00,26.79,1219.13
2021-08-16 14:00:00,27.66,1223.39
2021-08-16 15:00:00,26.48,1275.47
2021-08-16 16:00:00,25.67,1338.73
2021-08-16 17:00:00,24.52,1382.21
2021-08-16 18:00:00,22.55,1351.48
2021-08-16 19:00:00,20.44,1380.91
2021-08-16 20:00:00,20.71,1378.63
2021-08-16 21:00:00,20.14,1295.48
2021-08-16 22:00:00,18.11,1250.13
2021-08-16 23:00:00,18.7,1191.95
2021-08-17 00:00:00,19.03,1131.11
2021-08-17 01:00:00,20.78,1100.47
2021-08-17 02:00:00,22.72,1034.27
2021-08-17 03:00:00,23.58,1051.99
2021-08-17 04:00:00,25.45,1072.62
2021-08-17 05:00:00,25.79,1127.97
2021-08-17 06:00:00,26.41,1178.37
2021-08-17 07:00:00,27.18,1326.72
2021-08-17 08:00:00,27.98,1386.4
2021-08-17 09:00:00,28.27,1417.27
2021-08-17 10:00:00,29.33,1363.56
2021-08-17 11:00:00,29.82,1331.92
2021-08-17 12:00:00,29.78,1287.46
2021-08-17 13:00:00,31.03,1318.29
2021-08-17 14:00:00,29.91,1308.77
2021-08-17 15:00:00,29.17,1297.14
2021-08-17 16:00:00,28.36,1309.77
2021-08-17 17:00:00,27.18,1404.95
2021-08-17 18:00:00,25.61,1395.77
2021-08-17 19:00:00,24.61,1378.56
2021-08-17 20:00:00,23.04,1381.22
2021-08-17 21:00:00,22.05,1302.64
2021-08-17 22:00:00,19.22,1254.7
2021-08-17 23:00:00,18.43,1226.91
2021-08-18 00:00:00,17.67,1138.54
2021-08-18 01:00:00,17.78,1101.02
2021-08-18 02:00:00,18.95,1053.89
2021-08-18 03:00:00,19.05,1058.75
2021-08-18 04:00:00,20.56,1077.98
2021-08-18 05:00:00,20.68,1133.51
2021-08-18 06:00:00,22.96,1199.51
2021-08-18 07:00:00,24.77,1313.56
2021-08-18 08:00:00,24.41,1348.13
2021-08-18 09:00:00,25.56,1379.24
2021-08-18 10:00:00,24.4,1319.48
2021-08-18 11:00:00,26.28,1264.39
2021-08-18 12:00:00,25.63,1201.42
2021-08-18 13:00:00,25.16,1153.71
2021-08-18 14:00:00,25.14,1167.42
2021-08-18 15:00:00,24.04,1269.14
2021-08-18 16:00:00,23.42,1324.38
2021-08-18 17:00:00,22.46,1336.34
2021-08-18 18:00:00,22.53,1376.83
2021-08-18 19:00:00,20.02,1336.12
2021-08-18 20:00:00,18.1,1344.86
2021-08-18 21:00:00,18.81,1268.91
2021-08-18 22:00:00,18.81,1258.46
2021-08-18 23:00:00,19.46,1209.84
2021-08-19 00:00:00,18.58,1141.77
2021-08-19 01:00:00,19.5,1091.84
2021-08-19 02:00:00,18.35,1064.42
2021-08-19 03:00:00,17.92,1089.78
2021-08-19 04:00:00,19.43,1068.77
2021-08-19 05:00:00,21.06,1147.95
2021-08-19 06:00:00,21.51,1205.24
2021-08-19 07:00:00,20.85,1298.6
2021-08-19 08:00:00,21.17,1347.3
2021-08-19 09:00:00,21.7,1344.49
2021-08-19 10:00:00,22.16,1303.71
2021-08-19 11:00:00,21.84,1257.34
2021-08-19 12:00:00,21.49,1172.81
2021-08-19 13:00:00,22.74,1200.05
2021-08-19 14:00:00,21.2,1182.08
2021-08-19 15:00:00,20.12,1201.65
2021-08-19 16:00:00,21.2,1258.94
2021-08-19 17:00:00,20.59,1372.13
2021-08-19 18:00:00,19.36,1373.49
2021-08-19 19:00:00,15.85,1442.86
2021-08-19 20:00:00,15.5,1381.13
2021-08-19 21:00:00,14.77,1270.54
2021-08-19 22:00:00,12.89,1240.04
2021-08-19 23:00:00,11.66,1210.23
2021-08-20 00:00:00,12.3,1156.43
2021-08-20 01:00:00,13.34,1129.99
2021-08-20 02:00:00,14.24,1070.13
2021-08-20 03:00:00,15.51,1054.75
2021-08-20 04:00:00,19.19,1077.59
2021-08-20 05:00:00,19.47,1161.02
2021-08-20 06:00:00,21.76,1216.56
2021-08-20 07:00:00,22.48,1328.33
2021-08-20 08:00:00,22.62,1358.48
2021-08-20 09:00:00,22.29,1333.09
2021-08-20 10:00:00,21.93,1337.04
2021-08-20 11:00:00,23.81,1252.35
2021-08-20 12:00:00,23.69,1217.45
2021-08-20 13:00:00,23.75,1217.84
2021-08-20 14:00:00,26.0,1245.14
2021-08-20 15:00:00,27.31,1250.99
2021-08-20 16:00:00,26.08,1240.51
2021-08-20 17:00:00,25.59,1307.29
2021-08-20 18:00:00,26.22,1370.07
2021-08-20 19:00:00,25.48,1414.93
2021-08-20 20:00:00,24.68,1299.85
2021-08-20 21:00:00,22.68,1294.89
2021-08-20 22:00:00,22.36,1235.04
2021-08-20 23:00:00,21.87,1168.87
2021-08-21 00:00:00,21.6,1085.11
2021-08-21 01:00:00,21.22,1047.8
2021-08-21 02:00:00,23.76,1032.51
2021-08-21 03:00:00,25.8,1031.31
2021-08-21 04:00:00,27.75,
2021-08-21 05:00:00,30.05,1125.6
2021-08-21 06:00:00,30.92,1255.79
2021-08-21 07:00:00,31.37,1220.14
2021-08-21 08:00:00,31.71,1278.81
2021-08-21 09:00:00,33.06,1307.77
2021-08-21 10:00:00,32.27,1206.43
2021-08-21 11:00:00,32.4,1183.85
2021-08-21 12:00:00,33.1,1170.0
2021-08-21 13:00:00,32.49,1142.47
2021-08-21 14:00:00,31.72,1100.53
2021-08-21 15:00:00,30.92,1180.66
2021-08-21 16:00:00,31.82,1219.97
2021-08-21 17:00:00,32.6,1320.66
2021-08-21 18:00:00,31.59,1340.87
2021-08-21 19:00:00,29.2,1271.45
2021-08-21 20:00:00,27.68,1201.47
2021-08-21 21:00:00,26.14,1212.07
2021-08-21 22:00:00,24.66,1184.12
2021-08-21 23:00:00,22.6,1194.56
2021-08-22 00:00:00,21.83,1072.22
2021-08-22 01:00:00,21.51,1013.38
2021-08-22 02:00:00,21.46,1019.28
2021-08-22 03:00:00,22.55,1008.23
2021-08-22 04:00:00,23.13,1052.78
2021-08-22 05:00:00,23.93,1083.95
2021-08-22 06:00:00,25.34,1140.35
2021-08-22 07:00:00,25.04,1096.58
2021-08-22 08:00:00,24.25,1165.38
2021-08-22 09:00:00,25.73,1191.4
2021-08-22 10:00:00,26.53,1148.67
2021-08-22 11:00:00,27.76,1125.14
2021-08-22 12:00:00,30.13,1106.22
2021-08-22 13:00:00,31.08,1114.58
2021-08-22 14:00:00,31.63,1168.35
2021-08-22 15:00:00,29.98,1160.36
2021-08-22 16:00:00,28.3,1152.57
2021-08-22 17:00:00,27.61,1212.97
2021-08-22 18:00:00,25.89,1219.27
2021-08-22 19:00:00,23.86,1203.91
2021-08-22 20:00:00,22.84,1192.96
2021-08-22 21:00:00,21.08,1244.52
2021-08-22 22:00:00,19.94,1184.69
2021-08-22 23:00:00,18.77,1146.35
2021-08-23 00:00:00,17.17,1139.23
2021-08-23 01:00:00,16.95,1105.21
2021-08-23 02:00:00,17.31,1066.0
2021-08-23 03:00:00,17.5,1071.38
2021-08-23 04:00:00,19.69,1066.61
2021-08-23 05:00:00,19.93,1111.89
2021-08-23 06:00:00,20.6,1221.1
2021-08-23 07:00:00,20.23,1275.75
2021-08-23 08:00:00,19.62,1337.98
2021-08-23 09:00:00,18.13,1327.0
2021-08-23 10:00:00,17.91,1309.59
2021-08-23 11:00:00,18.53,1239.6
2021-08-23 12:00:00,19.02,1205.51
2021-08-23 13:00:00,17.81,1182.95
2021-08-23 14:00:00,17.01,1188.59
2021-08-23 15:00:00,19.35,1213.63
2021-08-23 16:00:00,18.36,1292.62
2021-08-23 17:00:00,16.74,1365.94
2021-08-23 18:00:00,16.24,1393.65
2021-08-23 19:00:00,14.67,1434.32
2021-08-23 20:00:00,14.32,1397.08
2021-08-23 21:00:00,12.84,1282.58
2021-08-23 22:00:00,12.54,1310.62
2021-08-23 23:00:00,12.66,1237.83
2021-08-24 00:00:00,11.81,1176.43
2021-08-24 01:00:00,11.95,1134.37
2021-08-24 02:00:00,11.75,1108.83
2021-08-24 03:00:00,12.43,1044.76
2021-08-24 04:00:00,14.64,1061.97
2021-08-24 05:00:00,16.61,1137.15
2021-08-24 06:00:00,16.83,1227.88
2021-08-24 07:00:00,15.31,1277.72
2021-08-24 08:00:00,17.91,1343.91
2021-08-24 09:00:00,19.03,1348.83
2021-08-24 10:00:00,21.66,1283.89
2021-08-24 11:00:00,22.49,1235.14
2021-08-24 12:00:00,22.03,1234.88
2021-08-24 13:00:00,20.96,1218.52
2021-08-24 14:00:00,21.75,1179.84
2021-08-24 15:00:00,21.57,1245.21
2021-08-24 16:00:00,20.55,1324.92
2021-08-24 17:00:00,19.64,1323.54
2021-08-24 18:00:00,17.92,1367.83
2021-08-24 19:00:00,18.31,1410.59
2021-08-24 20:00:00,17.66,1338.94
2021-08-24 21:00:00,15.42,1265.95
2021-08-24 22:00:00,15.07,1219.55
2021-08-24 23:00:00,15.16,1207.26
2021-08-25 00:00:00,15.29,1145.02
2021-08-25 01:00:00,16.76,
2021-08-25 02:00:00,16.05,1074.47
2021-08-25 03:00:00,15.92,1063.01
2021-08-25 04:00:00,16.62,1055.4
2021-08-25 05:00:00,17.71,1126.57
2021-08-25 06:00:00,17.34,1233.8
2021-08-25 07:00:00,17.94,1282.52
2021-08-25 08:00:00,17.45,1347.79
2021-08-25 09:00:00,16.6,1311.11
2021-08-25 10:00:00,17.56,1307.1
2021-08-25 11:00:00,19.98,1248.2
2021-08-25 12:00:00,20.76,1208.25
2021-08-25 13:00:00,20.61,1165.0
2021-08-25 14:00:00,19.95,1185.08
2021-08-25 15:00:00,20.11,1260.45
2021-08-25 16:00:00,19.58,1286.92
2021-08-25 17:00:00,19.2,1351.49
2021-08-25 18:00:00,19.26,1356.17
2021-08-25 19:00:00,18.94,1346.72
2021-08-25 20:00:00,17.5,1366.94
2021-08-25 21:00:00,15.54,1296.23
2021-08-25 22:00:00,15.71,
2021-08-25 23:00:00,13.62,1200.66
2021-08-26 00:00:00,13.78,1132.12
2021-08-26 01:00:00,13.68,1123.19
2021-08-26 02:00:00,13.29,1066.77
2021-08-26 03:00:00,13.29,1079.7
2021-08-26 04:00:00,13.1,1082.23
2021-08-26 05:00:00,14.93,1143.75
2021-08-26 06:00:00,17.52,1183.38
2021-08-26 07:00:00,20.08,1273.72
2021-08-26 08:00:00,22.71,1353.2
2021-08-26 09:00:00,24.44,1340.05
2021-08-26 10:00:00,23.98,1293.56
2021-08-26 11:00:00,24.2,1267.9
2021-08-26 12:00:00,24.17,1244.88
2021-08-26 13:00:00,25.04,1200.4
2021-08-26 14:00:00,24.46,1195.7
2021-08-26 15:00:00,24.37,1234.72
2021-08-26 16:00:00,23.85,1329.93
2021-08-26 17:00:00,22.96,1334.36
2021-08-26 18:00:00,21.91,1460.42
2021-08-26 19:00:00,23.15,1356.34
2021-08-26 20:00:00,21.45,
2021-08-26 21:00:00,20.39,1290.41
2021-08-26 22:00:00,20.4,1198.78
2021-08-26 23:00:00,19.5,1235.43
2021-08-27 00:00:00,19.06,1118.82
2021-08-27 01:00:00,20.77,1105.5
2021-08-27 02:00:00,19.55,1089.84
2021-08-27 03:00:00,21.27,1033.08
2021-08-27 04:00:00,21.14,1086.67
2021-08-27 05:00:00,22.72,1112.91
2021-08-27 06:00:00,24.58,1211.27
2021-08-27 07:00:00,25.67,1283.87
2021-08-27 08:00:00,27.03,1381.0
2021-08-27 09:00:00,26.23,1336.55
2021-08-27 10:00:00,24.69,
2021-08-27 11:00:00,25.02,1253.05
2021-08-27 12:00:00,27.13,1211.49
2021-08-27 13:00:00,25.42,1190.05
2021-08-27 14:00:00,24.74,1213.21
2021-08-27 15:00:00,24.8,1207.93
2021-08-27 16:00:00,24.02,1321.84
2021-08-27 17:00:00,22.78,1338.46
2021-08-27 18:00:00,23.04,1423.43
2021-08-27 19:00:00,21.34,1398.52
2021-08-27 20:00:00,21.26,1414.64
2021-08-27 21:00:00,19.79,1316.69
2021-08-27 22:00:00,19.07,1241.51
2021-08-27 23:00:00,18.7,1202.11
2021-08-28 00:00:00,17.9,1120.45
2021-08-28 01:00:00,17.77,1043.2
2021-08-28 02:00:00,19.54,1008.86
2021-08-28 03:00:00,19.84,977.55
2021-08-28 04:00:00,22.53,
2021-08-28 05:00:00,25.05,1078.41
2021-08-28 06:00:00,26.16,1157.52
2021-08-28 07:00:00,27.39,1124.71
2021-08-28 08:00:00,28.04,1217.17
2021-08-28 09:00:00,29.32,1177.64
2021-08-28 10:00:00,29.37,1194.95
2021-08-28 11:00:00,30.17,1152.3
2021-08-28 12:00:00,31.11,1117.71
2021-08-28 13:00:00,31.06,1095.29
2021-08-28 14:00:00,30.65,1128.75
2021-08-28 15:00:00,28.79,1125.06
2021-08-28 16:00:00,27.72,1148.4
2021-08-28 17:00:00,25.9,1160.23
2021-08-28 18:00:00,24.73,1228.63
2021-08-28 19:00:00,22.42,1217.99
2021-08-28 20:00:00,23.76,1183.63
2021-08-28 21:00:00,22.72,1271.65
2021-08-28 22:00:00,20.9,1199.86
2021-08-28 23:00:00,20.25,1137.02
2021-08-29 00:00:00,20.27,1087.31
2021-08-29 01:00:00,21.43,1050.65
2021-08-29 02:00:00,23.12,1015.72
2021-08-29 03:00:00,24.1,1004.48
2021-08-29 04:00:00,23.87,1043.32
2021-08-29 05:00:00,22.63,1055.66
2021-08-29 06:00:00,24.74,1168.04
2021-08-29 07:00:00,25.35,1081.35
2021-08-29 08:00:00,25.95,1140.36
2021-08-29 09:00:00,26.45,1162.43
2021-08-29 10:00:00,24.67,1152.22
2021-08-29 11:00:00,25.6,1062.99
2021-08-29 12:00:00,24.7,1031.42
2021-08-29 13:00:00,25.68,1052.43
2021-08-29 14:00:00,24.52,1019.19
2021-08-29 15:00:00,23.6,1058.94
2021-08-29 16:00:00,23.42,1145.62
2021-08-29 17:00:00,24.27,1191.33
2021-08-29 18:00:00,22.5,1181.78
2021-08-29 19:00:00,21.33,1217.47
2021-08-29 20:00:00,19.56,1162.46
2021-08-29 21:00:00,20.59,1269.75
2021-08-29 22:00:00,19.49,1188.33
2021-08-29 23:00:00,18.04,1134.81
2021-08-30 00:00:00,17.47,1148.88
2021-08-30 01:00:00,17.65,1138.09
2021-08-30 02:00:00,17.33,1088.29
2021-08-30 03:00:00,16.52,1072.11
2021-08-30 04:00:00,16.75,1039.76
2021-08-30 05:00:00,16.43,1132.04
2021-08-30 06:00:00,17.52,1203.38
2021-08-30 07:00:00,18.24,1247.24
2021-08-30 08:00:00,20.47,1317.14
2021-08-30 09:00:00,20.5,1345.99
2021-08-30 10:00:00,22.05,1309.41
2021-08-30 11:00:00,22.21,1233.3
2021-08-30 12:00:00,21.65,1193.0
2021-08-30 13:00:00,22.68,1163.14
2021-08-30 14:00:00,21.67,1198.28
2021-08-30 15:00:00,22.59,1258.19
2021-08-30 16:00:00,20.15,1319.64
2021-08-30 17:00:00,20.04,1341.56
2021-08-30 18:00:00,19.25,1424.13
2021-08-30 19:00:00,18.94,1436.39
2021-08-30 20:00:00,18.33,1374.86
2021-08-30 21:00:00,18.24,1310.33
2021-08-30 22:00:00,16.52,1276.47
2021-08-30 23:00:00,16.94,1209.43
2021-08-31 00:00:00,15.59,1128.58
2021-08-31 01:00:00,15.82,1092.7
2021-08-31 02:00:00,14.31,1075.27
2021-08-31 03:00:00,13.57,1069.24
2021-08-31 04:00:00,12.19,1072.59
2021-08-31 05:00:00,14.41,1140.91
2021-08-31 06:00:00,13.86,1237.83
2021-08-31 07:00:00,16.24,1304.08
2021-08-31 08:00:00,18.98,1325.54
2021-08-31 09:00:00,19.33,1337.8
2021-08-31 10:00:00,19.73,1316.04
2021-08-31 11:00:00,19.51,1234.3
2021-08-31 12:00:00,21.15,1209.61
2021-08-31 13:00:00,21.6,1135.12
2021-08-31 14:00:00,19.39,1191.66
2021-08-31 15:00:00,19.18,1246.59
2021-08-31 16:00:00,17.47,1285.04
2021-08-31 17:00:00,17.45,1363.79
2021-08-31 18:00:00,15.89,1358.81
2021-08-31 19:00:00,15.01,1382.17
2021-08-31 20:00:00,14.81,1338.12
2021-08-31 21:00:00,15.44,1322.44
2021-08-31 22:00:00,14.29,1218.57
2021-08-31 23:00:00,15.88,1234.83
2021-09-01 00:00:00,15.06,1128.65
2021-09-01 01:00:00,13.55,1124.55
2021-09-01 02:00:00,14.06,1064.63
2021-09-01 03:00:00,13.93,1055.5
2021-09-01 04:00:00,15.41,1037.41
2021-09-01 05:00:00,16.96,1122.82
2021-09-01 06:00:00,18.21,1180.5
2021-09-01 07:00:00,18.92,1305.56
2021-09-01 08:00:00,19.61,1333.06
2021-09-01 09:00:00,19.05,1307.83
2021-09-01 10:00:00,19.54,1285.49
2021-09-01 11:00:00,19.85,1250.21
2021-09-01 12:00:00,19.32,1206.44
2021-09-01 13:00:00,18.55,1205.08
2021-09-01 14:00:00,17.46,1204.52
2021-09-01 15:00:00,17.6,1217.38
2021-09-01 16:00:00,16.31,1287.86
2021-09-01 17:00:00,16.71,1327.93
2021-09-01 18:00:00,15.64,1375.16
2021-09-01 19:00:00,15.45,1339.61
2021-09-01 20:00:00,14.15,1348.63
2021-09-01 21:00:00,13.17,1300.97
2021-09-01 22:00:00,11.4,1273.57
2021-09-01 23:00:00,11.1,1220.31
2021-09-02 00:00:00,12.08,1124.01
2021-09-02 01:00:00,11.23,1098.86
2021-09-02 02:00:00,11.96,1080.0
2021-09-02 03:00:00,12.08,1110.17
2021-09-02 04:00:00,11.86,1097.59
2021-09-02 05:00:00,12.05,1110.43
2021-09-02 06:00:00,11.98,1235.18
2021-09-02 07:00:00,12.68,1302.51
2021-09-02 08:00:00,15.65,1350.13
2021-09-02 09:00:00,17.51,1380.73
2021-09-02 10:00:00,16.85,1299.15
2021-09-02 11:00:00,17.17,1257.97
2021-09-02 12:00:00,17.77,1165.92
2021-09-02 13:00:00,17.23,1231.15
2021-09-02 14:00:00,16.15,1210.53
2021-09-02 15:00:00,17.66,1264.11
2021-09-02 16:00:00,16.5,1310.19
2021-09-02 17:00:00,16.41,1334.97
2021-09-02 18:00:00,16.85,1369.82
2021-09-02 19:00:00,15.89,1359.01
2021-09-02 20:00:00,13.81,1364.6
2021-09-02 21:00:00,14.89,1261.55
2021-09-02 22:00:00,13.2,1232.38
2021-09-02 23:00:00,12.57,1222.68
2021-09-03 00:00:00,11.58,1171.16
2021-09-03 01:00:00,11.11,1109.43
2021-09-03 02:00:00,9.85,1106.79
2021-09-03 03:00:00,12.0,1079.97
2021-09-03 04:00:00,13.22,1091.24
2021-09-03 05:00:00,14.02,1133.76
2021-09-03 06:00:00,15.1,1194.48
2021-09-03 07:00:00,15.48,1296.83
2021-09-03 08:00:00,16.24,1309.67
2021-09-03 09:00:00,17.0,1333.99
2021-09-03 10:00:00,20.18,1302.0
2021-09-03 11:00:00,20.22,1240.86
2021-09-03 12:00:00,20.77,1243.01
2021-09-03 13:00:00,20.48,
2021-09-03 14:00:00,20.92,1202.29
2021-09-03 15:00:00,22.05,1232.83
2021-09-03 16:00:00,21.55,1244.53
2021-09-03 17:00:00,20.7,1274.4
2021-09-03 18:00:00,20.73,1352.18
2021-09-03 19:00:00,19.66,1354.63
2021-09-03 20:00:00,20.35,1329.05
2021-09-03 21:00:00,19.04,1292.41
2021-09-03 22:00:00,17.05,1185.05
2021-09-03 23:00:00,15.15,1230.49
2021-09-04 00:00:00,14.38,1072.13
2021-09-04 01:00:00,14.63,1056.35
2021-09-04 02:00:00,14.02,1039.67
2021-09-04 03:00:00,16.24,997.49
2021-09-04 04:00:00,16.51,1046.43
2021-09-04 05:00:00,18.0,1046.77
2021-09-04 06:00:00,19.33,1119.34
2021-09-04 07:00:00,22.53,1101.63
2021-09-04 08:00:00,23.1,1162.38
2021-09-04 09:00:00,22.76,1144.97
2021-09-04 10:00:00,22.32,1130.82
2021-09-04 11:00:00,22.64,1034.7
2021-09-04 12:00:00,22.49,990.8
2021-09-04 13:00:00,23.85,1003.19
2021-09-04 14:00:00,23.96,1009.31
2021-09-04 15:00:00,22.53,1042.65
2021-09-04 16:00:00,24.09,1115.04
2021-09-04 17:00:00,23.4,1166.37
2021-09-04 18:00:00,21.8,1181.42
2021-09-04 19:00:00,20.69,1190.42
2021-09-04 20:00:00,19.3,1079.91
2021-09-04 21:00:00,18.49,1219.48
2021-09-04 22:00:00,18.0,1179.74
2021-09-04 23:00:00,18.07,1127.46
2021-09-05 00:00:00,18.61,1026.37
2021-09-05 01:00:00,18.56,1012.18
2021-09-05 02:00:00,19.77,957.85
2021-09-05 03:00:00,19.42,947.11
2021-09-05 04:00:00,19.81,942.73
2021-09-05 05:00:00,20.73,1027.16
2021-09-05 06:00:00,22.76,1101.43
2021-09-05 07:00:00,22.71,990.15
2021-09-05 08:00:00,25.31,1048.69
2021-09-05 09:00:00,25.49,1069.64
2021-09-05 10:00:00,25.29,1016.59
2021-09-05 11:00:00,26.47,949.23
2021-09-05 12:00:00,26.76,910.35
2021-09-05 13:00:00,26.37,879.4
2021-09-05 14:00:00,26.04,944.81
2021-09-05 15:00:00,24.84,899.4
2021-09-05 16:00:00,23.11,990.28
2021-09-05 17:00:00,22.89,1087.46
2021-09-05 18:00:00,21.86,1066.82
2021-09-05 19:00:00,20.64,1072.72
2021-09-05 20:00:00,21.23,1082.63
2021-09-05 21:00:00,20.51,1215.99
2021-09-05 22:00:00,21.02,1133.44
2021-09-05 23:00:00,20.27,1093.85
2021-09-06 00:00:00,19.5,1012.49
2021-09-06 01:00:00,19.34,953.83
2021-09-06 02:00:00,20.16,942.77
2021-09-06 03:00:00,20.75,
2021-09-06 04:00:00,20.71,924.19
2021-09-06 05:00:00,21.72,990.89
2021-09-06 06:00:00,23.31,1068.34
2021-09-06 07:00:00,23.02,
2021-09-06 08:00:00,26.49,
2021-09-06 09:00:00,28.27,1051.23
2021-09-06 10:00:00,29.25,981.67
2021-09-06 11:00:00,29.76,
2021-09-06 12:00:00,31.11,955.91
2021-09-06 13:00:00,30.67,939.51
2021-09-06 14:00:00,30.42,906.81
2021-09-06 15:00:00,29.77,946.99
2021-09-06 16:00:00,28.51,
2021-09-06 17:00:00,27.26,1068.51
2021-09-06 18:00:00,26.04,
2021-09-06 19:00:00,24.85,1034.8
2021-09-06 20:00:00,23.98,993.57
2021-09-06 21:00:00,23.76,1171.53
2021-09-06 22:00:00,22.57,1027.98
2021-09-06 23:00:00,21.91,
2021-09-07 00:00:00,19.77,1067.37
2021-09-07 01:00:00,19.64,1020.73
2021-09-07 02:00:00,19.39,1033.26
2021-09-07 03:00:00,18.83,1014.81
2021-09-07 04:00:00,21.26,1037.41
2021-09-07 05:00:00,22.19,1082.33
2021-09-07 06:00:00,23.09,1159.79
2021-09-07 07:00:00,25.57,1164.17
2021-09-07 08:00:00,26.5,1257.06
2021-09-07 09:00:00,26.66,1197.53
2021-09-07 10:00:00,27.63,1228.4
2021-09-07 11:00:00,28.84,1223.6
2021-09-07 12:00:00,29.04,1135.75
2021-09-07 13:00:00,28.59,1098.73
2021-09-07 14:00:00,30.88,1187.3
2021-09-07 15:00:00,29.74,1180.61
2021-09-07 16:00:00,29.87,1233.87
2021-09-07 17:00:00,27.73,1291.58
2021-09-07 18:00:00,26.52,1332.39
2021-09-07 19:00:00,24.5,1264.35
2021-09-07 20:00:00,22.66,1193.3
2021-09-07 21:00:00,21.18,1226.27
2021-09-07 22:00:00,20.54,1202.63
2021-09-07 23:00:00,21.59,1129.18
2021-09-08 00:00:00,21.39,1130.76
2021-09-08 01:00:00,19.91,1097.6
2021-09-08 02:00:00,20.44,1066.98
2021-09-08 03:00:00,21.58,1057.48
2021-09-08 04:00:00,22.72,1066.11
2021-09-08 05:00:00,24.04,1111.63
2021-09-08 06:00:00,24.7,1188.61
2021-09-08 07:00:00,25.1,1286.77
2021-09-08 08:00:00,25.41,1341.12
2021-09-08 09:00:00,25.74,1340.91
2021-09-08 10:00:00,27.24,1305.35
2021-09-08 11:00:00,26.22,1236.89
2021-09-08 12:00:00,25.07,1231.65
2021-09-08 13:00:00,26.12,1175.87
2021-09-08 14:00:00,26.69,1210.03
2021-09-08 15:00:00,25.03,1227.12
2021-09-08 16:00:00,25.24,
2021-09-08 17:00:00,23.56,1267.07
2021-09-08 18:00:00,23.13,1349.06
2021-09-08 19:00:00,22.36,1400.04
2021-09-08 20:00:00,21.48,1390.12
2021-09-08 21:00:00,21.25,1319.93
2021-09-08 22:00:00,21.21,
2021-09-08 23:00:00,22.02,1176.62
2021-09-09 00:00:00,23.26,1152.45
2021-09-09 01:00:00,23.43,1108.37
2021-09-09 02:00:00,25.19,1058.32
2021-09-09 03:00:00,26.81,1050.12
2021-09-09 04:00:00,26.43,1083.82
2021-09-09 05:00:00,25.19,1091.34
2021-09-09 06:00:00,25.96,1204.46
2021-09-09 07:00:00,26.15,1288.34
2021-09-09 08:00:00,26.39,1335.9
2021-09-09 09:00:00,26.5,1382.04
2021-09-09 10:00:00,27.73,1321.74
2021-09-09 11:00:00,29.37,1256.99
2021-09-09 12:00:00,29.48,1285.14
2021-09-09 13:00:00,30.32,1272.23
2021-09-09 14:00:00,29.95,1296.81
2021-09-09 15:00:00,28.6,1287.62
2021-09-09 16:00:00,26.74,1336.83
2021-09-09 17:00:00,25.88,1416.25
2021-09-09 18:00:00,25.9,1393.12
2021-09-09 19:00:00,22.76,1372.57
2021-09-09 20:00:00,22.83,1324.41
2021-09-09 21:00:00,21.54,1259.78
2021-09-09 22:00:00,18.78,1257.85
2021-09-09 23:00:00,19.63,1200.33
2021-09-10 00:00:00,20.74,1111.68
2021-09-10 01:00:00,20.81,1089.74
2021-09-10 02:00:00,21.92,1042.29
2021-09-10 03:00:00,24.21,1054.51
2021-09-10 04:00:00,24.24,1073.77
2021-09-10 05:00:00,25.3,1127.19
2021-09-10 06:00:00,26.52,1228.94
2021-09-10 07:00:00,27.36,1274.86
2021-09-10 08:00:00,28.91,1411.34
2021-09-10 09:00:00,31.02,1439.3
2021-09-10 10:00:00,32.09,1410.42
2021-09-10 11:00:00,32.13,1353.92
2021-09-10 12:00:00,32.2,1346.98
2021-09-10 13:00:00,31.38,1310.89
2021-09-10 14:00:00,32.14,1343.22
2021-09-10 15:00:00,31.23,1280.35
2021-09-10 16:00:00,29.72,1394.61
2021-09-10 17:00:00,29.4,1447.04
2021-09-10 18:00:00,27.64,1424.23
2021-09-10 19:00:00,25.47,1415.32
2021-09-10 20:00:00,26.32,1365.54
2021-09-10 21:00:00,24.0,1251.2
2021-09-10 22:00:00,21.19,1241.33
2021-09-10 23:00:00,20.46,1210.99
2021-09-11 00:00:00,19.85,1039.77
2021-09-11 01:00:00,19.53,1021.6
2021-09-11 02:00:00,20.49,1040.31
2021-09-11 03:00:00,21.06,1010.76
2021-09-11 04:00:00,20.98,987.27
2021-09-11 05:00:00,22.73,1109.81
2021-09-11 06:00:00,23.89,1128.54
2021-09-11 07:00:00,23.35,1076.88
2021-09-11 08:00:00,23.31,1161.68
2021-09-11 09:00:00,23.97,1184.46
2021-09-11 10:00:00,25.85,1117.98
2021-09-11 11:00:00,24.6,1039.35
2021-09-11 12:00:00,23.88,1023.71
2021-09-11 13:00:00,22.84,1016.43
2021-09-11 14:00:00,23.03,1042.63
2021-09-11 15:00:00,23.32,1028.58
2021-09-11 16:00:00,22.37,1067.24
2021-09-11 17:00:00,22.76,1099.19
2021-09-11 18:00:00,21.58,1203.59
2021-09-11 19:00:00,20.12,1217.6
2021-09-11 20:00:00,18.81,1161.27
2021-09-11 21:00:00,18.5,1264.87
2021-09-11 22:00:00,18.28,1171.86
2021-09-11 23:00:00,19.2,1135.63
2021-09-12 00:00:00,17.55,1069.06
2021-09-12 01:00:00,18.36,1035.11
2021-09-12 02:00:00,19.22,994.38
2021-09-12 03:00:00,19.62,950.99
2021-09-12 04:00:00,21.47,1025.18
2021-09-12 05:00:00,22.03,1074.56
2021-09-12 06:00:00,22.89,1171.58
2021-09-12 07:00:00,24.06,1106.49
2021-09-12 08:00:00,24.91,1120.9
2021-09-12 09:00:00,25.38,1138.01
2021-09-12 10:00:00,26.1,1104.64
2021-09-12 11:00:00,26.0,1047.93
2021-09-12 12:00:00,26.94,1016.36
2021-09-12 13:00:00,26.79,1020.13
2021-09-12 14:00:00,26.63,1003.94
2021-09-12 15:00:00,25.84,1035.16
2021-09-12 16:00:00,26.55,1118.92
2021-09-12 17:00:00,27.1,1151.14
2021-09-12 18:00:00,26.0,1208.61
2021-09-12 19:00:00,25.33,1213.54
2021-09-12 20:00:00,23.96,1124.7
2021-09-12 21:00:00,21.89,1209.38
2021-09-12 22:00:00,19.51,1192.28
2021-09-12 23:00:00,20.01,1118.64
2021-09-13 00:00:00,19.66,1136.25
2021-09-13 01:00:00,20.15,1102.1
2021-09-13 02:00:00,20.1,1041.9
2021-09-13 03:00:00,20.41,1068.94
2021-09-13 04:00:00,19.6,1062.22
2021-09-13 05:00:00,20.44,1145.58
2021-09-13 06:00:00,21.06,1187.98
2021-09-13 07:00:00,23.85,1260.16
2021-09-13 08:00:00,24.95,1354.71
2021-09-13 09:00:00,26.89,1357.51
2021-09-13 10:00:00,28.63,1344.88
2021-09-13 11:00:00,26.81,1249.86
2021-09-13 12:00:00,26.07,1190.01
2021-09-13 13:00:00,24.9,1180.68
2021-09-13 14:00:00,22.68,1176.9
2021-09-13 15:00:00,20.29,1267.91
2021-09-13 16:00:00,18.37,1238.31
2021-09-13 17:00:00,14.03,1349.24
2021-09-13 18:00:00,13.47,1390.47
2021-09-13 19:00:00,11.75,1384.47
2021-09-13 20:00:00,10.43,1387.78
2021-09-13 21:00:00,8.19,1328.48
2021-09-13 22:00:00,10.43,1255.06
2021-09-13 23:00:00,7.7,1293.32
2021-09-14 00:00:00,7.02,1227.92
2021-09-14 01:00:00,6.84,1203.04
2021-09-14 02:00:00,8.02,1163.71
2021-09-14 03:00:00,9.68,1072.37
2021-09-14 04:00:00,10.7,1090.52
2021-09-14 05:00:00,11.37,1129.63
2021-09-14 06:00:00,12.22,1206.66
2021-09-14 07:00:00,12.95,1297.79
2021-09-14 08:00:00,13.51,1347.63
2021-09-14 09:00:00,13.96,1359.47
2021-09-14 10:00:00,13.68,1292.03
2021-09-14 11:00:00,15.46,1246.57
2021-09-14 12:00:00,16.25,1170.46
2021-09-14 13:00:00,16.0,1183.74
2021-09-14 14:00:00,14.77,1214.13
2021-09-14 15:00:00,15.49,1237.2
2021-09-14 16:00:00,14.95,1294.89
2021-09-14 17:00:00,14.43,1349.82
2021-09-14 18:00:00,11.87,1405.11
2021-09-14 19:00:00,11.2,1423.67
2021-09-14 20:00:00,11.6,1379.88
2021-09-14 21:00:00,11.0,1282.43
2021-09-14 22:00:00,10.82,1267.3
2021-09-14 23:00:00,12.71,1223.16
2021-09-15 00:00:00,12.4,1155.64
2021-09-15 01:00:00,12.41,1109.26
2021-09-15 02:00:00,12.83,1083.13
2021-09-15 03:00:00,13.19,1040.17
2021-09-15 04:00:00,12.34,1082.04
2021-09-15 05:00:00,13.96,1121.15
2021-09-15 06:00:00,15.38,1190.17
2021-09-15 07:00:00,15.62,1257.74
2021-09-15 08:00:00,16.16,1345.96
2021-09-15 09:00:00,17.91,1361.99
2021-09-15 10:00:00,18.55,1272.04
2021-09-15 11:00:00,18.39,1236.89
2021-09-15 12:00:00,17.85,1179.13
2021-09-15 13:00:00,17.06,1203.55
2021-09-15 14:00:00,16.91,1178.29
2021-09-15 15:00:00,14.89,1265.8
2021-09-15 16:00:00,14.28,1274.79
2021-09-15 17:00:00,12.86,1357.07
2021-09-15 18:00:00,11.56,1439.31
2021-09-15 19:00:00,9.73,1366.49
2021-09-15 20:00:00,8.22,1396.93
2021-09-15 21:00:00,7.73,1307.17
2021-09-15 22:00:00,6.8,1380.12
2021-09-15 23:00:00,6.37,1324.43
2021-09-16 00:00:00,7.57,1189.69
2021-09-16 01:00:00,7.8,1217.74
2021-09-16 02:00:00,7.73,1152.56
2021-09-16 03:00:00,9.49,1114.83
2021-09-16 04:00:00,10.84,1079.87
2021-09-16 05:00:00,12.61,1135.11
2021-09-16 06:00:00,13.68,1207.93
2021-09-16 07:00:00,16.08,1274.57
2021-09-16 08:00:00,18.46,1329.75
2021-09-16 09:00:00,19.54,1341.03
2021-09-16 10:00:00,21.27,1308.69
2021-09-16 11:00:00,20.24,1229.35
2021-09-16 12:00:00,19.53,1194.85
2021-09-16 13:00:00,18.95,1138.9
2021-09-16 14:00:00,18.51,1213.51
2021-09-16 15:00:00,17.74,1195.69
2021-09-16 16:00:00,17.44,1266.82
2021-09-16 17:00:00,16.16,1353.26
2021-09-16 18:00:00,15.75,1387.91
2021-09-16 19:00:00,14.66,1371.21
2021-09-16 20:00:00,13.49,1341.72
2021-09-16 21:00:00,13.03,1269.71
2021-09-16 22:00:00,11.56,1275.75
2021-09-16 23:00:00,10.29,1232.5
2021-09-17 00:00:00,11.98,1168.22
2021-09-17 01:00:00,10.64,1092.69
2021-09-17 02:00:00,10.44,1089.92
2021-09-17 03:00:00,11.23,1089.89
2021-09-17 04:00:00,12.25,1098.06
2021-09-17 05:00:00,14.65,1116.68
2021-09-17 06:00:00,15.01,1179.68
2021-09-17 07:00:00,15.41,1273.65
2021-09-17 08:00:00,16.24,1321.58
2021-09-17 09:00:00,17.94,1330.53
2021-09-17 10:00:00,19.79,1295.56
2021-09-17 11:00:00,21.13,1240.98
2021-09-17 12:00:00,22.59,1205.05
2021-09-17 13:00:00,21.71,1215.29
2021-09-17 14:00:00,20.23,1206.83
2021-09-17 15:00:00,20.28,1217.38
2021-09-17 16:00:00,19.45,1272.8
2021-09-17 17:00:00,17.78,1363.3
2021-09-17 18:00:00,17.66,1448.8
2021-09-17 19:00:00,16.84,1333.46
2021-09-17 20:00:00,15.78,1347.34
2021-09-17 21:00:00,14.76,1295.65
2021-09-17 22:00:00,13.41,1222.02
2021-09-17 23:00:00,14.57,1183.12
2021-09-18 00:00:00,13.67,1098.59
2021-09-18 01:00:00,13.09,1028.74
2021-09-18 02:00:00,13.18,1029.09
2021-09-18 03:00:00,12.39,1019.21
2021-09-18 04:00:00,14.08,1018.51
2021-09-18 05:00:00,15.02,1079.59
2021-09-18 06:00:00,14.5,1147.77
2021-09-18 07:00:00,16.34,1120.88
2021-09-18 08:00:00,17.02,1131.34
2021-09-18 09:00:00,18.94,1107.38
2021-09-18 10:00:00,21.49,1102.55
2021-09-18 11:00:00,22.26,1034.77
2021-09-18 12:00:00,21.19,1035.99
2021-09-18 13:00:00,20.08,1004.22
2021-09-18 14:00:00,17.78,1037.63
2021-09-18 15:00:00,16.12,1056.05
2021-09-18 16:00:00,13.78,1127.09
2021-09-18 17:00:00,11.52,1222.64
2021-09-18 18:00:00,9.59,1343.04
2021-09-18 19:00:00,8.41,1286.0
2021-09-18 20:00:00,7.62,1258.68
2021-09-18 21:00:00,8.38,1291.06
2021-09-18 22:00:00,9.25,1247.67
2021-09-18 23:00:00,9.63,1209.05
2021-09-19 00:00:00,9.65,1107.58
2021-09-19 01:00:00,9.42,1096.58
2021-09-19 02:00:00,7.79,1094.58
2021-09-19 03:00:00,9.85,1063.54
2021-09-19 04:00:00,9.81,1053.13
2021-09-19 05:00:00,11.21,1099.55
2021-09-19 06:00:00,10.08,1197.22
2021-09-19 07:00:00,10.77,1153.85
2021-09-19 08:00:00,12.72,1184.49
2021-09-19 09:00:00,12.94,1186.76
2021-09-19 10:00:00,15.37,1108.57
2021-09-19 11:00:00,15.1,1013.11
2021-09-19 12:00:00,17.04,1000.05
2021-09-19 13:00:00,17.19,993.9
2021-09-19 14:00:00,16.37,1004.77
2021-09-19 15:00:00,14.52,1063.75
2021-09-19 16:00:00,12.81,1125.48
2021-09-19 17:00:00,13.61,1200.89
2021-09-19 18:00:00,13.75,1216.13
2021-09-19 19:00:00,12.73,1210.87
2021-09-19 20:00:00,11.32,1153.62
2021-09-19 21:00:00,10.14,1299.73
2021-09-19 22:00:00,10.42,1228.5
2021-09-19 23:00:00,10.67,1175.34
2021-09-20 00:00:00,8.38,1205.04
2021-09-20 01:00:00,9.96,1094.67
2021-09-20 02:00:00,7.33,1127.45
2021-09-20 03:00:00,7.77,1156.91
2021-09-20 04:00:00,8.23,1129.59
2021-09-20 05:00:00,8.1,1204.41
2021-09-20 06:00:00,9.75,1208.43
2021-09-20 07:00:00,11.3,1305.48
2021-09-20 08:00:00,12.31,1356.9
2021-09-20 09:00:00,13.64,1369.76
2021-09-20 10:00:00,14.87,1287.49
2021-09-20 11:00:00,16.7,1240.76
2021-09-20 12:00:00,17.56,1191.83
2021-09-20 13:00:00,16.93,1215.51
2021-09-20 14:00:00,17.07,1253.83
2021-09-20 15:00:00,16.69,1267.99
2021-09-20 16:00:00,14.9,1274.3
2021-09-20 17:00:00,13.89,1365.22
2021-09-20 18:00:00,15.09,1401.17
2021-09-20 19:00:00,15.67,1390.79
2021-09-20 20:00:00,14.08,1316.84
2021-09-20 21:00:00,12.12,1276.24
2021-09-20 22:00:00,10.98,1218.12
2021-09-20 23:00:00,9.2,1244.39
2021-09-21 00:00:00,7.55,1153.23
2021-09-21 01:00:00,6.98,1162.87
2021-09-21 02:00:00,7.89,1112.21
2021-09-21 03:00:00,8.87,1099.88
2021-09-21 04:00:00,10.47,1069.89
2021-09-21 05:00:00,11.07,1148.92
2021-09-21 06:00:00,12.54,1226.5
2021-09-21 07:00:00,13.47,1286.96
2021-09-21 08:00:00,14.92,
2021-09-21 09:00:00,16.8,1337.64
2021-09-21 10:00:00,18.81,1263.67
2021-09-21 11:00:00,18.86,1250.3
2021-09-21 12:00:00,17.59,1188.3
2021-09-21 13:00:00,17.33,1175.15
2021-09-21 14:00:00,17.08,1211.5
2021-09-21 15:00:00,15.48,1212.03
2021-09-21 16:00:00,15.99,1274.05
2021-09-21 17:00:00,15.21,1289.68
2021-09-21 18:00:00,15.85,1388.84
2021-09-21 19:00:00,15.66,1377.77
2021-09-21 20:00:00,15.08,1370.36
2021-09-21 21:00:00,14.14,1313.22
2021-09-21 22:00:00,12.49,1245.89
2021-09-21 23:00:00,10.83,1271.74
2021-09-22 00:00:00,11.15,1154.18
2021-09-22 01:00:00,13.75,1116.75
2021-09-22 02:00:00,13.38,1123.57
2021-09-22 03:00:00,12.81,1076.04
2021-09-22 04:00:00,14.57,1079.05
2021-09-22 05:00:00,13.43,1110.2
2021-09-22 06:00:00,13.82,1195.87
2021-09-22 07:00:00,13.5,1299.94
2021-09-22 08:00:00,15.53,1308.77
2021-09-22 09:00:00,17.71,1352.97
2021-09-22 10:00:00,18.44,1250.85
2021-09-22 11:00:00,19.08,1231.37
2021-09-22 12:00:00,20.64,1207.68
2021-09-22 13:00:00,19.04,1171.26
2021-09-22 14:00:00,18.5,1200.51
2021-09-22 15:00:00,18.05,1237.03
2021-09-22 16:00:00,17.93,1265.1
2021-09-22 17:00:00,16.4,1339.91
2021-09-22 18:00:00,15.68,1411.05
2021-09-22 19:00:00,13.53,1400.1
2021-09-22 20:00:00,14.62,1373.07
2021-09-22 21:00:00,13.86,1299.07
2021-09-22 22:00:00,14.73,1218.47
2021-09-22 23:00:00,14.84,1204.33
2021-09-23 00:00:00,13.55,1152.64
2021-09-23 01:00:00,14.57,1104.2
2021-09-23 02:00:00,15.57,1069.94
2021-09-23 03:00:00,16.65,1055.03
2021-09-23 04:00:00,17.74,1038.21
2021-09-23 05:00:00,18.55,1126.51
2021-09-23 06:00:00,17.75,1205.56
2021-09-23 07:00:00,18.92,1252.12
2021-09-23 08:00:00,20.38,1349.89
2021-09-23 09:00:00,21.02,1312.5
2021-09-23 10:00:00,21.59,1301.08
2021-09-23 11:00:00,23.95,1219.34
2021-09-23 12:00:00,23.43,1235.25
2021-09-23 13:00:00,21.99,1162.81
2021-09-23 14:00:00,20.67,1223.2
2021-09-23 15:00:00,19.96,1236.48
2021-09-23 16:00:00,19.34,
2021-09-23 17:00:00,18.36,1364.37
2021-09-23 18:00:00,18.16,1434.78
2021-09-23 19:00:00,16.24,1338.74
2021-09-23 20:00:00,14.29,1353.23
2021-09-23 21:00:00,12.93,1265.92
2021-09-23 22:00:00,12.41,1227.86
2021-09-23 23:00:00,11.72,1200.76
2021-09-24 00:00:00,12.63,1152.46
2021-09-24 01:00:00,12.94,1098.07
2021-09-24 02:00:00,14.1,1064.71
2021-09-24 03:00:00,14.58,1052.24
2021-09-24 04:00:00,16.23,
2021-09-24 05:00:00,18.87,1125.08
2021-09-24 06:00:00,17.67,1186.91
2021-09-24 07:00:00,19.7,1277.34
2021-09-24 08:00:00,20.94,1366.12
2021-09-24 09:00:00,22.08,1331.55
2021-09-24 10:00:00,23.2,1287.71
2021-09-24 11:00:00,25.58,1278.1
2021-09-24 12:00:00,26.36,1188.55
2021-09-24 13:00:00,27.9,1230.82
2021-09-24 14:00:00,29.84,1238.21
2021-09-24 15:00:00,30.09,1310.17
2021-09-24 16:00:00,29.7,1354.48
2021-09-24 17:00:00,28.74,1425.07
2021-09-24 18:00:00,29.14,1432.83
2021-09-24 19:00:00,26.52,1394.69
2021-09-24 20:00:00,25.04,1318.25
2021-09-24 21:00:00,24.72,1296.38
2021-09-24 22:00:00,21.37,1215.15
2021-09-24 23:00:00,22.21,1207.08
2021-09-25 00:00:00,22.14,1079.1
2021-09-25 01:00:00,23.91,1064.21
2021-09-25 02:00:00,23.4,998.45
2021-09-25 03:00:00,23.33,973.84
2021-09-25 04:00:00,23.84,1024.78
2021-09-25 05:00:00,25.06,1082.62
2021-09-25 06:00:00,25.49,1155.43
2021-09-25 07:00:00,25.32,1099.21
2021-09-25 08:00:00,23.81,1137.61
2021-09-25 09:00:00,24.59,1167.9
2021-09-25 10:00:00,25.87,1097.78
2021-09-25 11:00:00,26.66,1080.39
2021-09-25 12:00:00,27.65,1067.58
2021-09-25 13:00:00,27.06,1045.77
2021-09-25 14:00:00,27.54,1062.23
2021-09-25 15:00:00,26.5,1035.85
2021-09-25 16:00:00,25.27,1146.0
2021-09-25 17:00:00,23.96,1124.82
2021-09-25 18:00:00,23.13,1178.78
2021-09-25 19:00:00,20.8,1190.41
2021-09-25 20:00:00,20.09,1144.4
2021-09-25 21:00:00,19.14,1209.75
2021-09-25 22:00:00,17.98,1176.82
2021-09-25 23:00:00,16.31,1162.4
2021-09-26 00:00:00,15.57,1078.6
2021-09-26 01:00:00,16.29,1035.87
2021-09-26 02:00:00,17.29,1026.76
2021-09-26 03:00:00,16.0,987.52
2021-09-26 04:00:00,17.26,1036.14
2021-09-26 05:00:00,18.03,1050.06
2021-09-26 06:00:00,19.09,1119.79
2021-09-26 07:00:00,19.45,1122.05
2021-09-26 08:00:00,20.85,1160.31
2021-09-26 09:00:00,21.39,1161.93
2021-09-26 10:00:00,20.67,1086.66
2021-09-26 11:00:00,22.0,1069.46
2021-09-26 12:00:00,22.43,1045.65
2021-09-26 13:00:00,22.81,1027.09
2021-09-26 14:00:00,20.6,1012.07
2021-09-26 15:00:00,20.77,1101.99
2021-09-26 16:00:00,19.86,1127.96
2021-09-26 17:00:00,18.21,1165.0
2021-09-26 18:00:00,18.1,1237.38
2021-09-26 19:00:00,18.9,1209.23
2021-09-26 20:00:00,19.05,1203.79
2021-09-26 21:00:00,16.62,1246.25
2021-09-26 22:00:00,16.21,1208.42
2021-09-26 23:00:00,15.83,1134.91
2021-09-27 00:00:00,15.73,1158.74
2021-09-27 01:00:00,14.96,1099.19
2021-09-27 02:00:00,15.07,1041.21
2021-09-27 03:00:00,16.34,1047.63
2021-09-27 04:00:00,16.54,1077.6
2021-09-27 05:00:00,18.87,1091.29
2021-09-27 06:00:00,19.36,1202.14
2021-09-27 07:00:00,21.06,1294.05
2021-09-27 08:00:00,22.06,1339.78
2021-09-27 09:00:00,22.82,1305.8
2021-09-27 10:00:00,24.0,1300.96
2021-09-27 11:00:00,22.99,1235.38
2021-09-27 12:00:00,22.85,1190.21
2021-09-27 13:00:00,22.13,1202.16
2021-09-27 14:00:00,22.25,1206.89
2021-09-27 15:00:00,21.93,1239.96
2021-09-27 16:00:00,18.79,1242.13
2021-09-27 17:00:00,17.52,1296.79
2021-09-27 18:00:00,15.62,1378.82
2021-09-27 19:00:00,13.91,1394.79
2021-09-27 20:00:00,12.88,1346.7
2021-09-27 21:00:00,12.18,1294.77
2021-09-27 22:00:00,11.78,1263.68
2021-09-27 23:00:00,11.81,
2021-09-28 00:00:00,12.64,1148.14
2021-09-28 01:00:00,12.85,1128.81
2021-09-28 02:00:00,13.24,1075.33
2021-09-28 03:00:00,12.86,1058.78
2021-09-28 04:00:00,12.59,1101.31
2021-09-28 05:00:00,13.8,1125.36
2021-09-28 06:00:00,14.38,1182.53
2021-09-28 07:00:00,17.77,1253.84
2021-09-28 08:00:00,18.59,1335.17
2021-09-28 09:00:00,19.83,1364.15
2021-09-28 10:00:00,20.65,1330.22
2021-09-28 11:00:00,21.81,1245.5
2021-09-28 12:00:00,21.18,1175.15
2021-09-28 13:00:00,21.92,1193.23
2021-09-28 14:00:00,21.88,1194.61
2021-09-28 15:00:00,22.22,1227.3
2021-09-28 16:00:00,22.34,1283.46
2021-09-28 17:00:00,20.97,1308.9
2021-09-28 18:00:00,20.99,1378.28
2021-09-28 19:00:00,19.22,1386.87
2021-09-28 20:00:00,17.76,1344.05
2021-09-28 21:00:00,16.73,1246.0
2021-09-28 22:00:00,16.41,1245.66
2021-09-28 23:00:00,18.22,1185.8
2021-09-29 00:00:00,18.49,1154.93
2021-09-29 01:00:00,20.06,1104.39
2021-09-29 02:00:00,20.62,1039.47
2021-09-29 03:00:00,19.68,1064.4
2021-09-29 04:00:00,21.3,1063.03
2021-09-29 05:00:00,22.13,1129.78
2021-09-29 06:00:00,25.48,1193.63
2021-09-29 07:00:00,26.71,1294.28
2021-09-29 08:00:00,27.3,1355.78
2021-09-29 09:00:00,28.7,1385.31
2021-09-29 10:00:00,29.02,1354.39
2021-09-29 11:00:00,30.38,1316.53
2021-09-29 12:00:00,29.48,1246.94
2021-09-29 13:00:00,30.12,1267.9
2021-09-29 14:00:00,29.27,1249.08
2021-09-29 15:00:00,27.93,1216.94
2021-09-29 16:00:00,27.77,1319.66
2021-09-29 17:00:00,25.3,1336.6
2021-09-29 18:00:00,24.12,1371.8
2021-09-29 19:00:00,22.08,1403.51
2021-09-29 20:00:00,20.93,1327.37
2021-09-29 21:00:00,21.5,1275.88
2021-09-29 22:00:00,20.14,1212.84
2021-09-29 23:00:00,19.51,1192.14
2021-09-30 00:00:00,17.32,1142.43
2021-09-30 01:00:00,17.17,1082.18
2021-09-30 02:00:00,14.92,1070.95
2021-09-30 03:00:00,15.7,1044.21
2021-09-30 04:00:00,16.54,1075.17
2021-09-30 05:00:00,16.66,1129.14
2021-09-30 06:00:00,16.52,1182.91
2021-09-30 07:00:00,16.67,1280.8
2021-09-30 08:00:00,17.93,1301.23
2021-09-30 09:00:00,19.41,1345.85
2021-09-30 10:00:00,19.86,1302.45
2021-09-30 11:00:00,21.08,1229.64
2021-09-30 12:00:00,19.96,1161.11
2021-09-30 13:00:00,20.86,1193.07
2021-09-30 14:00:00,21.11,1188.57
2021-09-30 15:00:00,20.64,1200.34
2021-09-30 16:00:00,19.38,1260.21
2021-09-30 17:00:00,16.86,1330.18
2021-09-30 18:00:00,16.71,1394.33
2021-09-30 19:00:00,13.95,1394.11
2021-09-30 20:00:00,11.8,1373.36
2021-09-30 21:00:00,12.28,1262.4
2021-09-30 22:00:00,11.76,1269.22
2021-09-30 23:00:00,11.98,1214.85
2021-10-01 00:00:00,13.06,1180.87
2021-10-01 01:00:00,13.09,1135.15
2021-10-01 02:00:00,13.62,1099.97
2021-10-01 03:00:00,11.0,1078.96
2021-10-01 04:00:00,9.96,1138.56
2021-10-01 05:00:00,11.47,1209.52
2021-10-01 06:00:00,13.54,1229.82
2021-10-01 07:00:00,13.37,1294.26
2021-10-01 08:00:00,14.44,1362.38
2021-10-01 09:00:00,15.74,1377.56
2021-10-01 10:00:00,17.18,1321.73
2021-10-01 11:00:00,15.9,1279.65
2021-10-01 12:00:00,17.44,1232.26
2021-10-01 13:00:00,15.51,1187.77
2021-10-01 14:00:00,15.86,1208.97
2021-10-01 15:00:00,16.17,1267.64
2021-10-01 16:00:00,15.03,1312.4
2021-10-01 17:00:00,14.77,1327.81
2021-10-01 18:00:00,14.3,1390.24
2021-10-01 19:00:00,12.25,1370.75
2021-10-01 20:00:00,10.88,1380.46
2021-10-01 21:00:00,11.26,1343.38
2021-10-01 22:00:00,10.52,1337.8
2021-10-01 23:00:00,9.53,1282.88
2021-10-02 00:00:00,10.41,1172.22
2021-10-02 01:00:00,9.53,1107.51
2021-10-02 02:00:00,11.54,1051.57
2021-10-02 03:00:00,12.33,1013.39
2021-10-02 04:00:00,13.52,1008.89
2021-10-02 05:00:00,13.77,1103.37
2021-10-02 06:00:00,15.44,1129.39
2021-10-02 07:00:00,15.04,1078.54
2021-10-02 08:00:00,15.76,1183.19
2021-10-02 09:00:00,16.41,1160.03
2021-10-02 10:00:00,16.16,1134.8
2021-10-02 11:00:00,16.54,1097.07
2021-10-02 12:00:00,15.56,1020.07
2021-10-02 13:00:00,16.56,1010.62
2021-10-02 14:00:00,15.54,1029.83
2021-10-02 15:00:00,14.06,1056.27
2021-10-02 16:00:00,14.15,1097.39
2021-10-02 17:00:00,12.45,1174.67
2021-10-02 18:00:00,10.4,1261.78
2021-10-02 19:00:00,10.76,1269.96
2021-10-02 20:00:00,7.65,1286.1
2021-10-02 21:00:00,5.85,1349.52
2021-10-02 22:00:00,5.78,1334.23
2021-10-02 23:00:00,4.22,1336.79
2021-10-03 00:00:00,4.53,1252.69
2021-10-03 01:00:00,4.43,1198.15
2021-10-03 02:00:00,5.96,1124.11
2021-10-03 03:00:00,6.93,1096.98
2021-10-03 04:00:00,7.67,1113.77
2021-10-03 05:00:00,8.32,1144.37
2021-10-03 06:00:00,9.56,1242.48
2021-10-03 07:00:00,12.48,1147.38
2021-10-03 08:00:00,11.07,1219.67
2021-10-03 09:00:00,11.82,1192.38
2021-10-03 10:00:00,12.29,1156.28
2021-10-03 11:00:00,12.84,1081.29
2021-10-03 12:00:00,12.1,1109.61
2021-10-03 13:00:00,13.04,1016.43
2021-10-03 14:00:00,13.08,1044.29
2021-10-03 15:00:00,12.75,1137.76
2021-10-03 16:00:00,9.97,1190.72
2021-10-03 17:00:00,9.15,1242.53
2021-10-03 18:00:00,8.07,1317.25
2021-10-03 19:00:00,6.88,1379.62
2021-10-03 20:00:00,6.37,1323.81
2021-10-03 21:00:00,6.14,1399.83
2021-10-03 22:00:00,5.75,1268.38
2021-10-03 23:00:00,5.44,1292.27
2021-10-04 00:00:00,4.95,1285.21
2021-10-04 01:00:00,5.21,1265.22
2021-10-04 02:00:00,6.92,1151.65
2021-10-04 03:00:00,9.62,1091.95
2021-10-04 04:00:00,10.69,1139.77
2021-10-04 05:00:00,12.65,1130.99
2021-10-04 06:00:00,13.74,1247.79
2021-10-04 07:00:00,15.53,1311.96
2021-10-04 08:00:00,15.62,1355.97
2021-10-04 09:00:00,16.38,1343.7
2021-10-04 10:00:00,17.83,1285.85
2021-10-04 11:00:00,18.42,1273.32
2021-10-04 12:00:00,18.09,1233.79
2021-10-04 13:00:00,17.05,1200.19
2021-10-04 14:00:00,16.67,1227.58
2021-10-04 15:00:00,15.93,1276.6
2021-10-04 16:00:00,15.21,1294.09
2021-10-04 17:00:00,16.43,1322.59
2021-10-04 18:00:00,15.0,1434.69
2021-10-04 19:00:00,14.23,1442.45
2021-10-04 20:00:00,12.69,1375.41
2021-10-04 21:00:00,12.63,
2021-10-04 22:00:00,11.73,1259.53
2021-10-04 23:00:00,11.48,1222.91
2021-10-05 00:00:00,10.29,1201.28
2021-10-05 01:00:00,10.27,1173.07
2021-10-05 02:00:00,9.98,1147.79
2021-10-05 03:00:00,9.96,1108.74
2021-10-05 04:00:00,9.48,1165.97
2021-10-05 05:00:00,11.07,1205.14
2021-10-05 06:00:00,12.01,1225.56
2021-10-05 07:00:00,13.72,1303.31
2021-10-05 08:00:00,15.58,1354.76
2021-10-05 09:00:00,15.26,1350.58
2021-10-05 10:00:00,15.54,1331.78
2021-10-05 11:00:00,15.71,1234.83
2021-10-05 12:00:00,15.22,1249.15
2021-10-05 13:00:00,14.39,1198.89
2021-10-05 14:00:00,14.83,1175.2
2021-10-05 15:00:00,14.44,1253.88
2021-10-05 16:00:00,14.84,1280.76
2021-10-05 17:00:00,14.01,1341.26
2021-10-05 18:00:00,15.16,1408.04
2021-10-05 19:00:00,15.49,1414.37
2021-10-05 20:00:00,15.09,1361.55
2021-10-05 21:00:00,12.49,1319.94
2021-10-05 22:00:00,11.37,1296.2
2021-10-05 23:00:00,9.88,1248.95
2021-10-06 00:00:00,9.33,1195.1
2021-10-06 01:00:00,10.94,1122.02
2021-10-06 02:00:00,10.22,1120.02
2021-10-06 03:00:00,11.06,1097.01
2021-10-06 04:00:00,12.34,1096.69
2021-10-06 05:00:00,14.47,1138.28
2021-10-06 06:00:00,17.66,1207.06
2021-10-06 07:00:00,20.06,1300.85
2021-10-06 08:00:00,20.48,1356.58
2021-10-06 09:00:00,19.61,1356.31
2021-10-06 10:00:00,20.58,1317.2
2021-10-06 11:00:00,22.23,1250.75
2021-10-06 12:00:00,23.22,1211.71
2021-10-06 13:00:00,25.66,1201.26
2021-10-06 14:00:00,25.44,1189.57
2021-10-06 15:00:00,25.07,1282.67
2021-10-06 16:00:00,23.32,1291.76
2021-10-06 17:00:00,21.44,1350.3
2021-10-06 18:00:00,19.82,1428.52
2021-10-06 19:00:00,19.2,1401.6
2021-10-06 20:00:00,20.69,1402.04
2021-10-06 21:00:00,18.32,1293.74
2021-10-06 22:00:00,17.0,1222.03
2021-10-06 23:00:00,16.32,1217.55
2021-10-07 00:00:00,14.12,1142.78
2021-10-07 01:00:00,13.89,1099.85
2021-10-07 02:00:00,13.75,1101.38
2021-10-07 03:00:00,14.11,1074.68
2021-10-07 04:00:00,16.56,1064.9
2021-10-07 05:00:00,18.9,1157.45
2021-10-07 06:00:00,21.36,1214.41
2021-10-07 07:00:00,23.23,1317.59
2021-10-07 08:00:00,22.72,1345.18
2021-10-07 09:00:00,24.97,1382.68
2021-10-07 10:00:00,26.08,1331.58
2021-10-07 11:00:00,23.82,1271.52
2021-10-07 12:00:00,23.95,1203.61
2021-10-07 13:00:00,23.88,1199.85
2021-10-07 14:00:00,22.66,1184.54
2021-10-07 15:00:00,23.28,1256.59
2021-10-07 16:00:00,21.99,1339.59
2021-10-07 17:00:00,18.68,1349.48
2021-10-07 18:00:00,19.47,1421.76
2021-10-07 19:00:00,17.11,1385.22
2021-10-07 20:00:00,17.39,1352.67
2021-10-07 21:00:00,15.71,1339.85
2021-10-07 22:00:00,13.86,
2021-10-07 23:00:00,13.53,1213.53
2021-10-08 00:00:00,13.05,1137.73
2021-10-08 01:00:00,13.53,1121.56
2021-10-08 02:00:00,12.92,1061.5
2021-10-08 03:00:00,15.05,1077.13
2021-10-08 04:00:00,16.24,1102.94
2021-10-08 05:00:00,17.13,1134.25
2021-10-08 06:00:00,16.4,1219.83
2021-10-08 07:00:00,18.14,1275.62
2021-10-08 08:00:00,19.26,1345.49
2021-10-08 09:00:00,20.45,1325.57
2021-10-08 10:00:00,20.91,1283.87
2021-10-08 11:00:00,21.35,1245.06
2021-10-08 12:00:00,22.09,1186.35
2021-10-08 13:00:00,22.81,1198.18
2021-10-08 14:00:00,23.24,1222.21
2021-10-08 15:00:00,21.41,1253.72
2021-10-08 16:00:00,20.96,1274.08
2021-10-08 17:00:00,19.87,1381.03
2021-10-08 18:00:00,19.69,1349.23
2021-10-08 19:00:00,19.16,1409.6
2021-10-08 20:00:00,17.5,1336.49
2021-10-08 21:00:00,16.16,1277.74
2021-10-08 22:00:00,13.57,1259.26
2021-10-08 23:00:00,11.69,1245.58
2021-10-09 00:00:00,10.63,1141.59
2021-10-09 01:00:00,10.73,1093.15
2021-10-09 02:00:00,10.55,1063.56
2021-10-09 03:00:00,12.43,1025.98
2021-10-09 04:00:00,12.77,1030.06
2021-10-09 05:00:00,13.16,1096.64
2021-10-09 06:00:00,13.24,1163.12
2021-10-09 07:00:00,14.08,1127.99
2021-10-09 08:00:00,16.76,
2021-10-09 09:00:00,18.54,1151.58
2021-10-09 10:00:00,18.81,1098.62
2021-10-09 11:00:00,20.29,1058.63
2021-10-09 12:00:00,20.26,1025.22
2021-10-09 13:00:00,20.62,1049.78
2021-10-09 14:00:00,19.8,
2021-10-09 15:00:00,18.88,1069.0
2021-10-09 16:00:00,19.13,1112.12
2021-10-09 17:00:00,17.73,1177.91
2021-10-09 18:00:00,15.25,1164.58
2021-10-09 19:00:00,13.46,1274.46
2021-10-09 20:00:00,12.35,1146.91
2021-10-09 21:00:00,11.26,1260.12
2021-10-09 22:00:00,10.33,1277.24
2021-10-09 23:00:00,8.62,1248.68
2021-10-10 00:00:00,7.73,1131.61
2021-10-10 01:00:00,8.06,1095.67
2021-10-10 02:00:00,9.88,1064.12
2021-10-10 03:00:00,10.55,1033.57
2021-10-10 04:00:00,11.42,1064.63
2021-10-10 05:00:00,12.59,1089.14
2021-10-10 06:00:00,13.4,1202.77
2021-10-10 07:00:00,15.63,1139.3
2021-10-10 08:00:00,14.89,1173.71
2021-10-10 09:00:00,14.48,1143.79
2021-10-10 10:00:00,15.69,1145.15
2021-10-10 11:00:00,16.7,1099.5
2021-10-10 12:00:00,17.23,1042.36
2021-10-10 13:00:00,18.39,994.77
2021-10-10 14:00:00,17.48,1073.33
2021-10-10 15:00:00,17.97,1084.17
2021-10-10 16:00:00,17.18,1152.08
2021-10-10 17:00:00,16.74,1194.71
2021-10-10 18:00:00,15.14,
2021-10-10 19:00:00,12.56,
2021-10-10 20:00:00,11.98,1207.59
2021-10-10 21:00:00,12.58,1242.75
2021-10-10 22:00:00,13.41,1221.89
2021-10-10 23:00:00,13.26,1186.55
2021-10-11 00:00:00,12.22,1152.04
2021-10-11 01:00:00,14.33,1112.6
2021-10-11 02:00:00,14.6,1108.7
2021-10-11 03:00:00,14.56,1063.59
2021-10-11 04:00:00,15.62,1063.27
2021-10-11 05:00:00,17.18,1119.53
2021-10-11 06:00:00,17.82,1235.76
2021-10-11 07:00:00,19.27,1274.86
2021-10-11 08:00:00,20.43,1340.18
2021-10-11 09:00:00,21.71,1354.16
2021-10-11 10:00:00,23.35,1305.95
2021-10-11 11:00:00,23.82,1245.9
2021-10-11 12:00:00,24.83,1210.5
2021-10-11 13:00:00,25.62,1221.74
2021-10-11 14:00:00,25.13,1222.71
2021-10-11 15:00:00,24.24,1234.33
2021-10-11 16:00:00,21.9,1298.98
2021-10-11 17:00:00,21.07,1339.42
2021-10-11 18:00:00,19.67,1396.54
2021-10-11 19:00:00,17.57,1408.6
2021-10-11 20:00:00,17.39,1378.18
2021-10-11 21:00:00,16.51,1288.9
2021-10-11 22:00:00,15.03,1231.22
2021-10-11 23:00:00,12.48,1209.85
2021-10-12 00:00:00,12.01,1168.85
2021-10-12 01:00:00,11.75,1141.37
2021-10-12 02:00:00,12.56,1055.89
2021-10-12 03:00:00,13.24,1066.46
2021-10-12 04:00:00,15.13,1080.65
2021-10-12 05:00:00,15.05,1134.91
2021-10-12 06:00:00,15.26,1196.59
2021-10-12 07:00:00,16.83,1278.98
2021-10-12 08:00:00,19.49,1380.17
2021-10-12 09:00:00,22.68,1376.93
2021-10-12 10:00:00,22.27,1302.35
2021-10-12 11:00:00,23.14,1233.55
2021-10-12 12:00:00,23.44,1230.49
2021-10-12 13:00:00,23.31,1162.95
2021-10-12 14:00:00,23.58,1240.98
2021-10-12 15:00:00,24.15,1243.88
2021-10-12 16:00:00,23.69,1293.73
2021-10-12 17:00:00,22.93,1376.22
2021-10-12 18:00:00,22.41,1405.98
2021-10-12 19:00:00,21.1,1419.78
2021-10-12 20:00:00,22.42,1339.94
2021-10-12 21:00:00,21.77,1261.93
2021-10-12 22:00:00,19.49,1210.26
2021-10-12 23:00:00,19.46,1225.37
2021-10-13 00:00:00,19.85,1140.82
2021-10-13 01:00:00,20.43,1116.52
2021-10-13 02:00:00,20.06,1101.08
2021-10-13 03:00:00,21.32,1026.99
2021-10-13 04:00:00,23.51,1041.88
2021-10-13 05:00:00,23.32,1133.39
2021-10-13 06:00:00,22.8,1221.49
2021-10-13 07:00:00,22.84,1314.08
2021-10-13 08:00:00,23.11,1347.58
2021-10-13 09:00:00,24.22,1362.78
2021-10-13 10:00:00,22.75,1322.9
2021-10-13 11:00:00,23.0,1251.29
2021-10-13 12:00:00,21.82,1238.93
2021-10-13 13:00:00,20.19,1191.41
2021-10-13 14:00:00,19.28,1247.64
2021-10-13 15:00:00,17.53,1281.94
2021-10-13 16:00:00,17.18,1287.47
2021-10-13 17:00:00,15.99,1377.6
2021-10-13 18:00:00,13.86,1389.28
2021-10-13 19:00:00,13.13,1388.46
2021-10-13 20:00:00,11.15,1392.68
2021-10-13 21:00:00,10.05,1359.02
2021-10-13 22:00:00,9.6,1300.27
2021-10-13 23:00:00,9.09,1277.49
2021-10-14 00:00:00,9.56,1188.45
2021-10-14 01:00:00,9.54,1129.34
2021-10-14 02:00:00,9.66,1110.64
2021-10-14 03:00:00,10.46,1109.38
2021-10-14 04:00:00,10.0,1125.32
2021-10-14 05:00:00,8.7,1177.03
2021-10-14 06:00:00,10.33,1279.14
2021-10-14 07:00:00,9.87,1356.92
2021-10-14 08:00:00,9.51,1392.82
2021-10-14 09:00:00,8.74,1457.01
2021-10-14 10:00:00,9.85,1332.78
2021-10-14 11:00:00,10.4,1283.04
2021-10-14 12:00:00,10.96,1272.49
2021-10-14 13:00:00,8.57,1269.17
2021-10-14 14:00:00,8.85,1277.49
2021-10-14 15:00:00,9.35,1311.65
2021-10-14 16:00:00,9.12,1358.0
2021-10-14 17:00:00,10.37,1318.03
2021-10-14 18:00:00,10.6,1471.43
2021-10-14 19:00:00,10.89,1408.58
2021-10-14 20:00:00,10.68,1367.65
2021-10-14 21:00:00,7.97,1384.19
2021-10-14 22:00:00,5.93,1411.01
2021-10-14 23:00:00,5.09,1357.71
2021-10-15 00:00:00,5.37,1334.87
2021-10-15 01:00:00,4.58,1298.82
2021-10-15 02:00:00,6.81,1180.57
2021-10-15 03:00:00,8.97,
2021-10-15 04:00:00,6.73,1172.43
2021-10-15 05:00:00,6.4,
2021-10-15 06:00:00,7.14,1346.17
2021-10-15 07:00:00,10.38,1312.21
2021-10-15 08:00:00,11.62,1372.41
2021-10-15 09:00:00,11.81,1364.31
2021-10-15 10:00:00,12.92,1347.43
2021-10-15 11:00:00,15.18,1225.95
2021-10-15 12:00:00,15.49,1207.02
2021-10-15 13:00:00,14.73,1200.33
2021-10-15 14:00:00,15.16,1180.44
2021-10-15 15:00:00,15.15,1245.88
2021-10-15 16:00:00,14.09,1323.27
2021-10-15 17:00:00,12.01,1357.46
2021-10-15 18:00:00,10.05,1465.32
2021-10-15 19:00:00,10.1,
2021-10-15 20:00:00,8.39,1390.74
2021-10-15 21:00:00,7.88,1407.33
2021-10-15 22:00:00,8.48,1342.47
2021-10-15 23:00:00,7.19,1250.77
2021-10-16 00:00:00,5.46,1211.64
2021-10-16 01:00:00,7.11,1128.03
2021-10-16 02:00:00,7.76,1105.12
2021-10-16 03:00:00,7.74,1109.28
2021-10-16 04:00:00,8.69,1099.53
2021-10-16 05:00:00,10.18,1137.14
2021-10-16 06:00:00,9.97,1246.37
2021-10-16 07:00:00,11.16,1156.1
2021-10-16 08:00:00,12.09,1193.14
2021-10-16 09:00:00,12.92,1187.88
2021-10-16 10:00:00,13.05,1136.46
2021-10-16 11:00:00,11.84,1074.47
2021-10-16 12:00:00,11.01,1072.01
2021-10-16 13:00:00,9.69,1076.54
2021-10-16 14:00:00,11.38,1054.29
2021-10-16 15:00:00,11.75,1096.78
2021-10-16 16:00:00,9.03,1120.91
2021-10-16 17:00:00,9.72,1205.94
2021-10-16 18:00:00,9.99,1236.02
2021-10-16 19:00:00,9.18,1264.9
2021-10-16 20:00:00,7.36,1267.28
2021-10-16 21:00:00,6.74,1379.01
2021-10-16 22:00:00,6.97,1271.59
2021-10-16 23:00:00,5.91,1303.97
2021-10-17 00:00:00,4.96,1193.35
2021-10-17 01:00:00,3.53,1275.02
2021-10-17 02:00:00,3.2,1182.41
2021-10-17 03:00:00,3.06,1181.12
2021-10-17 04:00:00,3.69,1237.7
2021-10-17 05:00:00,4.77,1213.41
2021-10-17 06:00:00,6.9,1250.28
2021-10-17 07:00:00,8.2,1208.42
2021-10-17 08:00:00,8.85,1229.14
2021-10-17 09:00:00,10.07,1200.47
2021-10-17 10:00:00,11.3,1132.09
2021-10-17 11:00:00,10.65,1119.9
2021-10-17 12:00:00,11.36,1078.85
2021-10-17 13:00:00,10.72,1091.61
2021-10-17 14:00:00,9.57,1122.38
2021-10-17 15:00:00,10.56,1087.25
2021-10-17 16:00:00,10.07,1185.04
2021-10-17 17:00:00,9.52,
2021-10-17 18:00:00,6.86,1320.47
2021-10-17 19:00:00,5.56,1411.57
2021-10-17 20:00:00,5.73,1291.49
2021-10-17 21:00:00,5.65,1363.32
2021-10-17 22:00:00,4.53,1394.06
2021-10-17 23:00:00,5.52,1312.33
2021-10-18 00:00:00,6.12,
2021-10-18 01:00:00,5.8,1202.75
2021-10-18 02:00:00,5.96,1190.9
2021-10-18 03:00:00,7.85,1126.53
2021-10-18 04:00:00,10.52,1137.02
2021-10-18 05:00:00,10.46,1169.78
2021-10-18 06:00:00,10.44,1274.36
2021-10-18 07:00:00,12.62,1304.52
2021-10-18 08:00:00,14.49,1370.31
2021-10-18 09:00:00,14.07,1350.31
2021-10-18 10:00:00,15.46,1311.65
2021-10-18 11:00:00,16.94,1239.89
2021-10-18 12:00:00,18.62,1199.76
2021-10-18 13:00:00,18.72,1231.24
2021-10-18 14:00:00,19.21,1186.16
2021-10-18 15:00:00,18.33,1242.44
2021-10-18 16:00:00,16.7,1357.38
2021-10-18 17:00:00,15.93,1356.31
2021-10-18 18:00:00,15.47,1394.5
2021-10-18 19:00:00,14.71,1426.49
2021-10-18 20:00:00,14.2,1346.34
2021-10-18 21:00:00,12.25,1276.9
2021-10-18 22:00:00,11.04,1308.7
2021-10-18 23:00:00,11.02,1243.44
2021-10-19 00:00:00,11.57,1177.51
2021-10-19 01:00:00,12.21,1131.38
2021-10-19 02:00:00,10.42,1111.02
2021-10-19 03:00:00,10.84,1131.64
2021-10-19 04:00:00,10.57,1107.09
2021-10-19 05:00:00,10.03,1130.86
2021-10-19 06:00:00,10.8,1246.83
2021-10-19 07:00:00,12.21,1329.18
2021-10-19 08:00:00,11.72,1343.66
2021-10-19 09:00:00,11.78,1374.53
2021-10-19 10:00:00,12.14,1314.06
2021-10-19 11:00:00,11.65,1265.06
2021-10-19 12:00:00,11.9,1254.61
2021-10-19 13:00:00,11.69,1209.59
2021-10-19 14:00:00,9.99,1272.69
2021-10-19 15:00:00,8.98,1300.19
2021-10-19 16:00:00,8.1,1365.44
2021-10-19 17:00:00,7.22,1503.56
2021-10-19 18:00:00,5.26,1604.48
2021-10-19 19:00:00,3.9,1623.38
2021-10-19 20:00:00,1.75,1645.28
2021-10-19 21:00:00,1.93,1627.28
2021-10-19 22:00:00,2.84,1410.89
2021-10-19 23:00:00,2.13,1438.27
2021-10-20 00:00:00,3.03,1279.36
2021-10-20 01:00:00,2.32,1346.56
2021-10-20 02:00:00,3.64,1262.1
2021-10-20 03:00:00,4.42,1241.02
2021-10-20 04:00:00,3.73,1257.8
2021-10-20 05:00:00,3.83,1337.22
2021-10-20 06:00:00,4.76,1390.47
2021-10-20 07:00:00,4.42,1435.0
2021-10-20 08:00:00,3.84,1526.87
2021-10-20 09:00:00,4.04,1612.33
2021-10-20 10:00:00,4.58,1508.58
2021-10-20 11:00:00,4.05,1447.63
2021-10-20 12:00:00,5.43,1372.21
2021-10-20 13:00:00,4.68,1402.82
2021-10-20 14:00:00,4.16,1473.14
2021-10-20 15:00:00,3.87,1483.54
2021-10-20 16:00:00,3.27,1595.98
2021-10-20 17:00:00,2.87,1557.84
2021-10-20 18:00:00,2.36,1709.07
2021-10-20 19:00:00,-0.03,1761.91
2021-10-20 20:00:00,0.05,1620.14
2021-10-20 21:00:00,-2.61,1757.01
2021-10-20 22:00:00,-3.62,1675.16
2021-10-20 23:00:00,-4.74,1731.24
2021-10-21 00:00:00,-6.43,1636.72
2021-10-21 01:00:00,-4.39,1521.89
2021-10-21 02:00:00,-2.87,1506.6
2021-10-21 03:00:00,-1.76,1405.25
2021-10-21 04:00:00,-0.06,1368.17
2021-10-21 05:00:00,1.3,1378.59
2021-10-21 06:00:00,2.21,1467.03
2021-10-21 07:00:00,4.5,1477.81
2021-10-21 08:00:00,4.32,1560.36
2021-10-21 09:00:00,6.18,1487.18
2021-10-21 10:00:00,8.24,1399.24
2021-10-21 11:00:00,10.91,1307.39
2021-10-21 12:00:00,10.32,1252.63
2021-10-21 13:00:00,11.08,1240.51
2021-10-21 14:00:00,11.5,1226.68
2021-10-21 15:00:00,10.56,1285.86
2021-10-21 16:00:00,8.85,1372.63
2021-10-21 17:00:00,7.08,1459.9
2021-10-21 18:00:00,5.42,1529.34
2021-10-21 19:00:00,5.64,1555.21
2021-10-21 20:00:00,5.82,1511.68
2021-10-21 21:00:00,6.06,1407.72
2021-10-21 22:00:00,3.14,1465.5
2021-10-21 23:00:00,1.93,1462.71
2021-10-22 00:00:00,2.52,1365.76
2021-10-22 01:00:00,5.25,1258.3
2021-10-22 02:00:00,4.79,1165.3
2021-10-22 03:00:00,6.16,1205.75
2021-10-22 04:00:00,7.62,1144.9
2021-10-22 05:00:00,9.18,1161.65
2021-10-22 06:00:00,11.03,1249.48
2021-10-22 07:00:00,12.16,1324.94
2021-10-22 08:00:00,12.88,1354.19
2021-10-22 09:00:00,14.42,1361.32
2021-10-22 10:00:00,14.0,1291.97
2021-10-22 11:00:00,16.14,1277.06
2021-10-22 12:00:00,16.84,1251.73
2021-10-22 13:00:00,17.48,1204.98
2021-10-22 14:00:00,16.62,1179.73
2021-10-22 15:00:00,16.84,1235.64
2021-10-22 16:00:00,15.81,1289.2
2021-10-22 17:00:00,15.0,1391.05
2021-10-22 18:00:00,12.48,1397.78
2021-10-22 19:00:00,12.84,1431.93
2021-10-22 20:00:00,10.51,1396.45
2021-10-22 21:00:00,9.46,1319.1
2021-10-22 22:00:00,9.44,1324.26
2021-10-22 23:00:00,9.61,1299.19
2021-10-23 00:00:00,10.07,
2021-10-23 01:00:00,8.97,1138.97
2021-10-23 02:00:00,11.43,1066.55
2021-10-23 03:00:00,11.46,1022.21
2021-10-23 04:00:00,10.67,1079.51
2021-10-23 05:00:00,11.74,1113.79
2021-10-23 06:00:00,14.4,1171.35
2021-10-23 07:00:00,15.91,1075.77
2021-10-23 08:00:00,16.29,1164.41
2021-10-23 09:00:00,16.44,1185.93
2021-10-23 10:00:00,14.55,1138.94
2021-10-23 11:00:00,16.31,1081.88
2021-10-23 12:00:00,14.74,1055.04
2021-10-23 13:00:00,14.35,1028.64
2021-10-23 14:00:00,14.32,1031.01
2021-10-23 15:00:00,14.77,1055.84
2021-10-23 16:00:00,14.14,1126.65
2021-10-23 17:00:00,12.06,1184.88
2021-10-23 18:00:00,9.09,1357.96
2021-10-23 19:00:00,7.89,1322.86
2021-10-23 20:00:00,6.8,1277.04
2021-10-23 21:00:00,7.66,1313.65
2021-10-23 22:00:00,6.32,1291.59
2021-10-23 23:00:00,5.51,1263.79
2021-10-24 00:00:00,4.94,1168.9
2021-10-24 01:00:00,4.92,1168.76
2021-10-24 02:00:00,4.79,1135.97
2021-10-24 03:00:00,3.48,1179.7
2021-10-24 04:00:00,5.66,1141.33
2021-10-24 05:00:00,5.91,1212.28
2021-10-24 06:00:00,7.65,1262.43
2021-10-24 07:00:00,8.6,1158.15
2021-10-24 08:00:00,10.41,1214.9
2021-10-24 09:00:00,11.54,1212.83
2021-10-24 10:00:00,12.63,1134.92
2021-10-24 11:00:00,14.94,1099.31
2021-10-24 12:00:00,14.2,1017.36
2021-10-24 13:00:00,14.83,
2021-10-24 14:00:00,14.58,1006.16
2021-10-24 15:00:00,14.9,1109.36
2021-10-24 16:00:00,14.03,1147.53
2021-10-24 17:00:00,12.82,1174.0
2021-10-24 18:00:00,11.98,1267.38
2021-10-24 19:00:00,11.14,1239.98
2021-10-24 20:00:00,10.29,1232.95
2021-10-24 21:00:00,9.84,1286.91
2021-10-24 22:00:00,10.56,1239.41
2021-10-24 23:00:00,9.89,1178.12
2021-10-25 00:00:00,9.15,
2021-10-25 01:00:00,9.77,1149.9
2021-10-25 02:00:00,9.59,1100.42
2021-10-25 03:00:00,8.88,1154.16
2021-10-25 04:00:00,8.87,1136.75
2021-10-25 05:00:00,9.6,1188.08
2021-10-25 06:00:00,11.25,1217.25
2021-10-25 07:00:00,11.86,1330.44
2021-10-25 08:00:00,12.01,1350.39
2021-10-25 09:00:00,12.04,1380.57
2021-10-25 10:00:00,13.11,1322.4
2021-10-25 11:00:00,13.88,1305.37
2021-10-25 12:00:00,13.86,1197.39
2021-10-25 13:00:00,14.17,1227.47
2021-10-25 14:00:00,13.74,1239.36
2021-10-25 15:00:00,12.31,1262.7
2021-10-25 16:00:00,9.58,1361.91
2021-10-25 17:00:00,9.44,1465.83
2021-10-25 18:00:00,7.42,1494.61
2021-10-25 19:00:00,5.36,1589.36
2021-10-25 20:00:00,4.61,1549.6
2021-10-25 21:00:00,3.32,1513.81
2021-10-25 22:00:00,4.45,1414.53
2021-10-25 23:00:00,4.24,1366.09
2021-10-26 00:00:00,4.85,1283.25
2021-10-26 01:00:00,3.67,1338.58
2021-10-26 02:00:00,2.28,1298.35
2021-10-26 03:00:00,1.68,1299.56
2021-10-26 04:00:00,3.14,1284.19
2021-10-26 05:00:00,4.72,1338.98
2021-10-26 06:00:00,5.4,1373.93
2021-10-26 07:00:00,6.38,1413.69
2021-10-26 08:00:00,6.19,1503.29
2021-10-26 09:00:00,8.12,1423.35
2021-10-26 10:00:00,8.39,1377.9
2021-10-26 11:00:00,10.91,1302.33
2021-10-26 12:00:00,9.29,1261.44
2021-10-26 13:00:00,8.91,1281.67
2021-10-26 14:00:00,9.21,1246.55
2021-10-26 15:00:00,10.1,1295.11
2021-10-26 16:00:00,7.67,1404.9
2021-10-26 17:00:00,7.4,1404.16
2021-10-26 18:00:00,8.18,1469.01
2021-10-26 19:00:00,9.76,1440.07
2021-10-26 20:00:00,9.89,1382.22
2021-10-26 21:00:00,8.77,1398.86
2021-10-26 22:00:00,10.97,1266.3
2021-10-26 23:00:00,10.85,1228.85
2021-10-27 00:00:00,11.19,1123.72
2021-10-27 01:00:00,9.72,1143.16
2021-10-27 02:00:00,9.32,1173.46
2021-10-27 03:00:00,10.38,1127.96
2021-10-27 04:00:00,10.42,1166.14
2021-10-27 05:00:00,11.7,1192.81
2021-10-27 06:00:00,10.7,1238.93
2021-10-27 07:00:00,10.09,1322.71
2021-10-27 08:00:00,11.06,1370.42
2021-10-27 09:00:00,13.18,1340.74
2021-10-27 10:00:00,12.55,1289.64
2021-10-27 11:00:00,12.4,1288.24
2021-10-27 12:00:00,12.11,1225.52
2021-10-27 13:00:00,11.76,1256.1
2021-10-27 14:00:00,12.13,1260.66
2021-10-27 15:00:00,11.5,1306.02
2021-10-27 16:00:00,10.88,1361.09
2021-10-27 17:00:00,9.43,1381.76
2021-10-27 18:00:00,6.22,1600.25
2021-10-27 19:00:00,4.68,1614.22
2021-10-27 20:00:00,2.28,1613.71
2021-10-27 21:00:00,1.24,1590.81
2021-10-27 22:00:00,1.9,1496.27
2021-10-27 23:00:00,1.6,1466.89
2021-10-28 00:00:00,1.08,1415.16
2021-10-28 01:00:00,2.37,1294.89
2021-10-28 02:00:00,2.71,1254.33
2021-10-28 03:00:00,3.43,1243.13
2021-10-28 04:00:00,4.88,1224.16
2021-10-28 05:00:00,5.78,1292.79
2021-10-28 06:00:00,8.68,1256.94
2021-10-28 07:00:00,8.55,1408.21
2021-10-28 08:00:00,9.48,1432.28
2021-10-28 09:00:00,12.07,
2021-10-28 10:00:00,13.4,1320.15
2021-10-28 11:00:00,13.88,1259.32
2021-10-28 12:00:00,14.99,1252.01
2021-10-28 13:00:00,14.28,1189.41
2021-10-28 14:00:00,14.16,1207.0
2021-10-28 15:00:00,14.09,1283.73
2021-10-28 16:00:00,12.98,1242.37
2021-10-28 17:00:00,12.15,1328.42
2021-10-28 18:00:00,10.45,1405.66
2021-10-28 19:00:00,9.61,1391.51
2021-10-28 20:00:00,9.87,1408.63
2021-10-28 21:00:00,9.84,1290.9
2021-10-28 22:00:00,10.24,1267.31
2021-10-28 23:00:00,9.14,1250.74
2021-10-29 00:00:00,10.59,1172.53
2021-10-29 01:00:00,8.47,1162.86
2021-10-29 02:00:00,9.29,1150.41
2021-10-29 03:00:00,8.63,1106.5
2021-10-29 04:00:00,9.57,1107.57
2021-10-29 05:00:00,10.2,1156.81
2021-10-29 06:00:00,11.17,1249.31
2021-10-29 07:00:00,11.88,1334.21
2021-10-29 08:00:00,11.33,1376.72
2021-10-29 09:00:00,10.62,1374.97
2021-10-29 10:00:00,11.38,1336.54
2021-10-29 11:00:00,11.71,1292.91
2021-10-29 12:00:00,12.15,1250.13
2021-10-29 13:00:00,12.73,1227.95
2021-10-29 14:00:00,13.1,1230.33
2021-10-29 15:00:00,10.39,1326.09
2021-10-29 16:00:00,11.29,1307.56
2021-10-29 17:00:00,10.97,1459.43
2021-10-29 18:00:00,9.82,1436.22
2021-10-29 19:00:00,9.73,1419.45
2021-10-29 20:00:00,10.71,1384.11
2021-10-29 21:00:00,10.47,1322.21
2021-10-29 22:00:00,11.05,1284.69
2021-10-29 23:00:00,10.25,1235.91
2021-10-30 00:00:00,11.22,1087.69
2021-10-30 01:00:00,10.19,1117.28
2021-10-30 02:00:00,9.22,1093.41
2021-10-30 03:00:00,11.28,1057.48
2021-10-30 04:00:00,12.71,1049.64
2021-10-30 05:00:00,14.38,1076.93
2021-10-30 06:00:00,15.56,1180.28
2021-10-30 07:00:00,17.34,1130.01
2021-10-30 08:00:00,17.5,1153.59
2021-10-30 09:00:00,16.57,1149.91
2021-10-30 10:00:00,17.56,1131.82
2021-10-30 11:00:00,17.18,1054.53
2021-10-30 12:00:00,16.99,1060.72
2021-10-30 13:00:00,16.97,1062.15
2021-10-30 14:00:00,18.18,1056.34
2021-10-30 15:00:00,18.65,1084.66
2021-10-30 16:00:00,17.7,1128.86
2021-10-30 17:00:00,17.61,1191.36
2021-10-30 18:00:00,13.31,1242.2
2021-10-30 19:00:00,13.25,1261.6
2021-10-30 20:00:00,13.08,1171.75
2021-10-30 21:00:00,12.22,1258.39
2021-10-30 22:00:00,11.51,1250.21
2021-10-30 23:00:00,10.05,1207.23
2021-10-31 00:00:00,10.23,1136.04
2021-10-31 01:00:00,8.14,1147.6
2021-10-31 02:00:00,6.9,1142.38
2021-10-31 03:00:00,8.81,1106.01
2021-10-31 04:00:00,11.48,1033.66
2021-10-31 05:00:00,15.22,1079.53
2021-10-31 06:00:00,14.55,1155.33
2021-10-31 07:00:00,16.45,1146.63
2021-10-31 08:00:00,16.89,1184.36
2021-10-31 09:00:00,16.02,1170.99
2021-10-31 10:00:00,17.46,1134.01
2021-10-31 11:00:00,18.98,1086.18
2021-10-31 12:00:00,19.02,1022.34
2021-10-31 13:00:00,17.84,1013.98
2021-10-31 14:00:00,16.14,1023.95
2021-10-31 15:00:00,16.72,1064.23
2021-10-31 16:00:00,14.52,1097.86
2021-10-31 17:00:00,14.95,1198.87
2021-10-31 18:00:00,11.65,1289.6
2021-10-31 19:00:00,10.46,1282.38
2021-10-31 20:00:00,8.93,1190.3
2021-10-31 21:00:00,8.29,1256.66
2021-10-31 22:00:00,7.59,1268.69
2021-10-31 23:00:00,8.44,1237.24
2021-11-01 00:00:00,5.8,1275.12
2021-11-01 01:00:00,6.07,1299.32
2021-11-01 02:00:00,5.05,1234.49
2021-11-01 03:00:00,5.68,1250.51
2021-11-01 04:00:00,7.3,1235.75
2021-11-01 05:00:00,8.29,1278.94
2021-11-01 06:00:00,11.13,1271.03
2021-11-01 07:00:00,10.83,1386.18
2021-11-01 08:00:00,12.74,1421.35
2021-11-01 09:00:00,11.12,1444.76
2021-11-01 10:00:00,11.73,1363.27
2021-11-01 11:00:00,13.07,1299.3
2021-11-01 12:00:00,12.05,1319.54
2021-11-01 13:00:00,10.12,1284.81
2021-11-01 14:00:00,9.03,1329.56
2021-11-01 15:00:00,8.46,1351.01
2021-11-01 16:00:00,6.62,1492.93
2021-11-01 17:00:00,7.07,1550.67
2021-11-01 18:00:00,4.7,1685.14
2021-11-01 19:00:00,2.07,
2021-11-01 20:00:00,-0.17,1691.79
2021-11-01 21:00:00,-0.69,1685.38
2021-11-01 22:00:00,-0.81,1664.31
2021-11-01 23:00:00,0.47,1525.45
2021-11-02 00:00:00,-1.63,1525.57
2021-11-02 01:00:00,-1.14,1455.87
2021-11-02 02:00:00,0.3,1467.53
2021-11-02 03:00:00,1.53,1352.45
2021-11-02 04:00:00,2.97,1331.04
2021-11-02 05:00:00,3.68,1421.25
2021-11-02 06:00:00,3.93,1437.92
2021-11-02 07:00:00,6.88,1502.72
2021-11-02 08:00:00,7.84,1516.57
2021-11-02 09:00:00,8.14,1477.59
2021-11-02 10:00:00,8.59,1412.32
2021-11-02 11:00:00,8.85,1344.78
2021-11-02 12:00:00,8.65,1381.24
2021-11-02 13:00:00,7.81,1334.79
2021-11-02 14:00:00,6.58,1413.46
2021-11-02 15:00:00,5.39,1491.36
2021-11-02 16:00:00,5.38,1507.97
2021-11-02 17:00:00,5.77,1496.91
2021-11-02 18:00:00,4.91,1580.47
2021-11-02 19:00:00,5.17,1644.0
2021-11-02 20:00:00,4.4,1609.38
2021-11-02 21:00:00,3.36,1531.3
2021-11-02 22:00:00,1.5,1543.19
2021-11-02 23:00:00,-0.74,1564.66
2021-11-03 00:00:00,-1.86,1468.9
2021-11-03 01:00:00,-1.75,1485.3
2021-11-03 02:00:00,-0.93,1416.95
2021-11-03 03:00:00,1.77,1362.05
2021-11-03 04:00:00,1.02,1369.71
2021-11-03 05:00:00,3.82,1329.18
2021-11-03 06:00:00,2.85,1456.74
2021-11-03 07:00:00,4.11,1517.92
2021-11-03 08:00:00,7.54,1482.94
2021-11-03 09:00:00,8.92,1449.84
2021-11-03 10:00:00,10.83,1407.13
2021-11-03 11:00:00,10.37,1330.88
2021-11-03 12:00:00,10.73,1311.34
2021-11-03 13:00:00,10.84,1254.59
2021-11-03 14:00:00,11.09,1295.99
2021-11-03 15:00:00,10.48,1302.53
2021-11-03 16:00:00,10.05,1366.37
2021-11-03 17:00:00,8.42,1422.96
2021-11-03 18:00:00,7.43,1539.86
2021-11-03 19:00:00,6.25,1596.43
2021-11-03 20:00:00,5.55,1550.78
2021-11-03 21:00:00,4.32,1526.02
2021-11-03 22:00:00,3.99,1397.37
2021-11-03 23:00:00,4.82,1382.96
2021-11-04 00:00:00,3.98,1364.01
2021-11-04 01:00:00,3.59,1320.48
2021-11-04 02:00:00,5.47,1247.01
2021-11-04 03:00:00,6.03,1224.79
2021-11-04 04:00:00,5.65,1254.96
2021-11-04 05:00:00,6.92,1302.11
2021-11-04 06:00:00,8.8,1330.86
2021-11-04 07:00:00,8.45,1439.92
2021-11-04 08:00:00,10.52,1439.84
2021-11-04 09:00:00,10.46,1442.16
2021-11-04 10:00:00,10.25,1375.98
2021-11-04 11:00:00,11.25,1340.39
2021-11-04 12:00:00,12.06,1291.12
2021-11-04 13:00:00,12.13,1297.44
2021-11-04 14:00:00,10.49,1305.35
2021-11-04 15:00:00,10.76,1359.23
2021-11-04 16:00:00,8.5,1404.67
2021-11-04 17:00:00,7.84,1478.69
2021-11-04 18:00:00,6.59,1575.36
2021-11-04 19:00:00,6.25,1651.59
2021-11-04 20:00:00,6.99,1520.72
2021-11-04 21:00:00,4.29,1555.32
2021-11-04 22:00:00,4.85,1397.36
2021-11-04 23:00:00,4.5,1468.29
2021-11-05 00:00:00,2.33,1412.99
2021-11-05 01:00:00,2.59,1329.87
2021-11-05 02:00:00,3.45,1299.61
2021-11-05 03:00:00,3.25,1301.53
2021-11-05 04:00:00,6.08,1217.85
2021-11-05 05:00:00,6.73,1245.68
2021-11-05 06:00:00,7.59,1320.79
2021-11-05 07:00:00,8.39,1420.45
2021-11-05 08:00:00,9.32,1477.46
2021-11-05 09:00:00,9.75,1438.84
2021-11-05 10:00:00,10.27,1382.82
2021-11-05 11:00:00,10.2,1350.04
2021-11-05 12:00:00,9.38,1344.78
2021-11-05 13:00:00,9.87,1312.69
2021-11-05 14:00:00,8.6,1328.95
2021-11-05 15:00:00,9.95,1338.19
2021-11-05 16:00:00,9.79,1373.53
2021-11-05 17:00:00,7.51,1443.44
2021-11-05 18:00:00,7.73,
2021-11-05 19:00:00,8.85,1511.17
2021-11-05 20:00:00,6.79,1504.15
2021-11-05 21:00:00,6.09,1436.93
2021-11-05 22:00:00,4.5,
2021-11-05 23:00:00,4.79,1434.7
2021-11-06 00:00:00,3.04,1287.85
2021-11-06 01:00:00,3.21,1272.81
2021-11-06 02:00:00,2.25,1272.12
2021-11-06 03:00:00,4.25,1216.39
2021-11-06 04:00:00,6.05,1171.98
2021-11-06 05:00:00,8.41,1162.51
2021-11-06 06:00:00,10.08,1239.93
2021-11-06 07:00:00,11.03,1223.88
2021-11-06 08:00:00,11.22,1283.2
2021-11-06 09:00:00,13.58,1243.08
2021-11-06 10:00:00,14.56,1207.63
2021-11-06 11:00:00,14.07,1130.36
2021-11-06 12:00:00,13.59,1117.93
2021-11-06 13:00:00,13.33,1069.27
2021-11-06 14:00:00,12.73,1099.25
2021-11-06 15:00:00,12.92,1092.9
2021-11-06 16:00:00,11.26,
2021-11-06 17:00:00,10.62,1257.18
2021-11-06 18:00:00,8.87,1343.17
2021-11-06 19:00:00,5.87,1397.0
2021-11-06 20:00:00,3.63,1424.84
2021-11-06 21:00:00,3.41,1506.06
2021-11-06 22:00:00,2.51,
2021-11-06 23:00:00,1.87,1434.61
2021-11-07 00:00:00,1.77,1406.42
2021-11-07 01:00:00,3.28,1216.48
2021-11-07 02:00:00,4.52,1248.46
2021-11-07 03:00:00,4.82,1214.79
2021-11-07 04:00:00,6.57,1176.59
2021-11-07 05:00:00,7.74,1224.38
2021-11-07 06:00:00,10.19,1255.43
2021-11-07 07:00:00,11.05,1205.44
2021-11-07 08:00:00,11.76,1253.03
2021-11-07 09:00:00,11.65,1280.47
2021-11-07 10:00:00,10.25,1198.49
2021-11-07 11:00:00,9.47,1197.08
2021-11-07 12:00:00,7.66,1172.77
2021-11-07 13:00:00,6.89,1163.93
2021-11-07 14:00:00,7.3,1203.88
2021-11-07 15:00:00,7.02,1257.02
2021-11-07 16:00:00,6.3,1357.15
2021-11-07 17:00:00,4.88,1376.25
2021-11-07 18:00:00,3.44,1500.79
2021-11-07 19:00:00,1.63,1589.78
2021-11-07 20:00:00,1.94,1446.36
2021-11-07 21:00:00,-0.14,1579.45
2021-11-07 22:00:00,-1.71,1637.43
2021-11-07 23:00:00,-2.58,1601.81
2021-11-08 00:00:00,-2.91,1528.53
2021-11-08 01:00:00,-3.24,1576.15
2021-11-08 02:00:00,-2.52,1469.8
2021-11-08 03:00:00,-1.51,1501.77
2021-11-08 04:00:00,-2.45,1544.51
2021-11-08 05:00:00,-3.26,1562.36
2021-11-08 06:00:00,-1.92,1601.19
2021-11-08 07:00:00,0.06,1642.52
2021-11-08 08:00:00,0.36,1675.15
2021-11-08 09:00:00,1.62,1634.29
2021-11-08 10:00:00,0.43,
2021-11-08 11:00:00,-0.0,1676.7
2021-11-08 12:00:00,2.28,1592.14
2021-11-08 13:00:00,2.62,1501.46
2021-11-08 14:00:00,2.06,1562.03
2021-11-08 15:00:00,1.52,1609.88
2021-11-08 16:00:00,-0.74,1715.74
2021-11-08 17:00:00,-2.16,1872.5
2021-11-08 18:00:00,-3.77,1938.02
2021-11-08 19:00:00,-5.35,1986.29
2021-11-08 20:00:00,-6.13,2031.62
2021-11-08 21:00:00,-6.81,1938.26
2021-11-08 22:00:00,-7.46,1943.42
2021-11-08 23:00:00,-8.56,1854.68
2021-11-09 00:00:00,-9.25,1827.38
2021-11-09 01:00:00,-8.01,1722.72
2021-11-09 02:00:00,-6.71,1643.37
2021-11-09 03:00:00,-6.45,1633.69
2021-11-09 04:00:00,-4.06,1658.66
2021-11-09 05:00:00,-2.46,1557.1
2021-11-09 06:00:00,-1.01,1600.75
2021-11-09 07:00:00,0.31,1677.68
2021-11-09 08:00:00,1.72,1735.04
2021-11-09 09:00:00,3.53,1629.98
2021-11-09 10:00:00,3.35,1632.2
2021-11-09 11:00:00,3.84,1550.1
2021-11-09 12:00:00,4.36,1507.85
2021-11-09 13:00:00,3.73,1511.36
2021-11-09 14:00:00,4.09,1469.89
2021-11-09 15:00:00,2.73,1586.33
2021-11-09 16:00:00,1.65,1675.04
2021-11-09 17:00:00,-0.55,1770.93
2021-11-09 18:00:00,-0.59,1851.63
2021-11-09 19:00:00,-0.4,1818.24
2021-11-09 20:00:00,-1.32,1874.57
2021-11-09 21:00:00,-1.9,1718.37
2021-11-09 22:00:00,0.69,1558.02
2021-11-09 23:00:00,-0.71,1607.18
2021-11-10 00:00:00,-0.65,1506.64
2021-11-10 01:00:00,0.4,1422.75
2021-11-10 02:00:00,0.8,
2021-11-10 03:00:00,-0.14,1355.67
2021-11-10 04:00:00,0.65,1442.67
2021-11-10 05:00:00,1.63,1408.51
2021-11-10 06:00:00,3.38,1431.39
2021-11-10 07:00:00,5.03,1459.17
2021-11-10 08:00:00,6.65,1492.85
2021-11-10 09:00:00,7.91,1494.25
2021-11-10 10:00:00,7.37,1507.74
2021-11-10 11:00:00,6.54,1464.51
2021-11-10 12:00:00,5.99,1389.12
2021-11-10 13:00:00,5.69,1396.94
2021-11-10 14:00:00,6.19,1424.33
2021-11-10 15:00:00,5.15,
2021-11-10 16:00:00,6.02,1466.78
2021-11-10 17:00:00,4.91,1663.52
2021-11-10 18:00:00,1.63,1809.25
2021-11-10 19:00:00,-0.7,1762.88
2021-11-10 20:00:00,-1.44,1772.07
2021-11-10 21:00:00,-2.78,1811.25
2021-11-10 22:00:00,-3.92,1680.69
2021-11-10 23:00:00,-4.96,1721.01
2021-11-11 00:00:00,-4.4,1633.02
2021-11-11 01:00:00,-4.76,1552.22
2021-11-11 02:00:00,-3.35,1537.81
2021-11-11 03:00:00,-2.67,1473.17
2021-11-11 04:00:00,-0.6,1447.45
2021-11-11 05:00:00,1.02,1425.89
2021-11-11 06:00:00,1.49,1490.43
2021-11-11 07:00:00,2.91,1581.25
2021-11-11 08:00:00,4.18,1540.23
2021-11-11 09:00:00,4.35,1553.66
2021-11-11 10:00:00,4.97,1560.56
2021-11-11 11:00:00,6.4,1434.22
2021-11-11 12:00:00,5.4,1409.85
2021-11-11 13:00:00,5.47,1443.02
2021-11-11 14:00:00,6.77,1410.22
2021-11-11 15:00:00,6.42,1437.05
2021-11-11 16:00:00,4.71,1570.07
2021-11-11 17:00:00,5.02,1565.83
2021-11-11 18:00:00,4.77,1646.29
2021-11-11 19:00:00,4.86,1586.41
2021-11-11 20:00:00,3.12,1587.35
2021-11-11 21:00:00,1.95,1544.94
2021-11-11 22:00:00,1.35,1551.11
2021-11-11 23:00:00,0.35,1518.65
2021-11-12 00:00:00,3.45,1374.81
2021-11-12 01:00:00,2.36,1340.05
2021-11-12 02:00:00,1.81,1330.03
2021-11-12 03:00:00,3.32,1256.46
2021-11-12 04:00:00,4.84,1306.31
2021-11-12 05:00:00,5.88,1358.94
2021-11-12 06:00:00,5.0,1439.47
2021-11-12 07:00:00,7.09,1427.02
2021-11-12 08:00:00,6.27,1503.23
2021-11-12 09:00:00,6.63,1491.79
2021-11-12 10:00:00,7.21,1433.95
2021-11-12 11:00:00,7.08,1407.18
2021-11-12 12:00:00,7.56,1352.48
2021-11-12 13:00:00,7.74,1345.0
2021-11-12 14:00:00,7.72,1412.32
2021-11-12 15:00:00,8.05,1442.88
2021-11-12 16:00:00,7.47,1521.27
2021-11-12 17:00:00,4.98,1626.74
2021-11-12 18:00:00,4.2,1649.64
2021-11-12 19:00:00,3.28,1713.98
2021-11-12 20:00:00,2.58,1678.4
2021-11-12 21:00:00,1.0,1631.05
2021-11-12 22:00:00,0.15,1570.36
2021-11-12 23:00:00,-0.98,1544.86
2021-11-13 00:00:00,-3.17,1533.16
2021-11-13 01:00:00,-3.61,1521.48
2021-11-13 02:00:00,-2.27,1425.93
2021-11-13 03:00:00,-1.29,1383.68
2021-11-13 04:00:00,-1.36,1386.95
2021-11-13 05:00:00,0.44,1393.88
2021-11-13 06:00:00,1.45,1476.53
2021-11-13 07:00:00,1.86,1378.77
2021-11-13 08:00:00,3.54,1472.67
2021-11-13 09:00:00,5.15,1440.03
2021-11-13 10:00:00,6.88,1274.83
2021-11-13 11:00:00,7.37,1236.2
2021-11-13 12:00:00,6.25,1197.58
2021-11-13 13:00:00,8.85,1125.05
2021-11-13 14:00:00,8.4,1164.51
2021-11-13 15:00:00,5.4,1322.07
2021-11-13 16:00:00,5.86,1279.47
2021-11-13 17:00:00,5.23,1416.06
2021-11-13 18:00:00,4.47,1482.12
2021-11-13 19:00:00,3.43,1462.74
2021-11-13 20:00:00,2.28,1476.57
2021-11-13 21:00:00,1.85,1502.09
2021-11-13 22:00:00,1.41,1437.13
2021-11-13 23:00:00,-0.6,1546.99
2021-11-14 00:00:00,-1.32,1476.94
2021-11-14 01:00:00,-0.51,1408.48
2021-11-14 02:00:00,1.12,1324.45
2021-11-14 03:00:00,1.24,1258.82
2021-11-14 04:00:00,3.35,1215.14
2021-11-14 05:00:00,5.18,1305.86
2021-11-14 06:00:00,4.45,1377.08
2021-11-14 07:00:00,5.58,1273.47
2021-11-14 08:00:00,7.74,1331.39
2021-11-14 09:00:00,6.66,1375.2
2021-11-14 10:00:00,5.48,1326.06
2021-11-14 11:00:00,3.79,1340.07
2021-11-14 12:00:00,4.84,1323.37
2021-11-14 13:00:00,5.08,1220.73
2021-11-14 14:00:00,3.98,1239.31
2021-11-14 15:00:00,4.83,1304.74
2021-11-14 16:00:00,3.29,1383.67
2021-11-14 17:00:00,2.13,1519.47
2021-11-14 18:00:00,1.37,1461.45
2021-11-14 19:00:00,0.81,1630.57
2021-11-14 20:00:00,-0.02,1457.68
2021-11-14 21:00:00,0.66,1576.9
2021-11-14 22:00:00,0.42,1534.84
2021-11-14 23:00:00,-0.64,1509.76
2021-11-15 00:00:00,-1.27,1479.02
2021-11-15 01:00:00,-2.24,1480.81
2021-11-15 02:00:00,-0.99,1462.89
2021-11-15 03:00:00,-0.67,1388.42
2021-11-15 04:00:00,0.08,1383.28
2021-11-15 05:00:00,1.2,1489.47
2021-11-15 06:00:00,1.04,1545.61
2021-11-15 07:00:00,2.9,1556.54
2021-11-15 08:00:00,1.4,1712.0
2021-11-15 09:00:00,2.31,1702.39
2021-11-15 10:00:00,2.19,1587.48
2021-11-15 11:00:00,1.89,1593.19
2021-11-15 12:00:00,1.2,1582.03
2021-11-15 13:00:00,1.78,1510.5
2021-11-15 14:00:00,1.24,1601.7
2021-11-15 15:00:00,1.74,1621.35
2021-11-15 16:00:00,1.56,1651.39
2021-11-15 17:00:00,0.84,1700.25
2021-11-15 18:00:00,0.72,1762.46
2021-11-15 19:00:00,-0.52,1855.54
2021-11-15 20:00:00,-0.65,1779.56
2021-11-15 21:00:00,-2.25,1792.73
2021-11-15 22:00:00,-3.43,1746.75
2021-11-15 23:00:00,-3.66,1683.82
2021-11-16 00:00:00,-2.08,1578.25
2021-11-16 01:00:00,-2.3,1548.82
2021-11-16 02:00:00,-1.46,1440.56
2021-11-16 03:00:00,-0.18,1378.93
2021-11-16 04:00:00,0.95,1394.38
2021-11-16 05:00:00,0.83,1446.37
2021-11-16 06:00:00,3.15,
2021-11-16 07:00:00,2.8,1608.43
2021-11-16 08:00:00,2.18,1631.98
2021-11-16 09:00:00,2.51,1705.9
2021-11-16 10:00:00,2.23,1634.07
2021-11-16 11:00:00,3.31,1544.69
2021-11-16 12:00:00,3.36,1490.31
2021-11-16 13:00:00,2.75,1525.63
2021-11-16 14:00:00,2.79,1520.65
2021-11-16 15:00:00,2.11,1587.49
2021-11-16 16:00:00,2.67,1653.5
2021-11-16 17:00:00,1.84,1741.28
2021-11-16 18:00:00,1.54,1770.61
2021-11-16 19:00:00,-1.87,1887.67
2021-11-16 20:00:00,-2.75,1858.39
2021-11-16 21:00:00,-2.96,1759.87
2021-11-16 22:00:00,-4.03,1708.68
2021-11-16 23:00:00,-5.24,1765.47
2021-11-17 00:00:00,-4.54,1649.82
2021-11-17 01:00:00,-5.18,1635.43
2021-11-17 02:00:00,-3.93,1532.68
2021-11-17 03:00:00,-3.79,1543.14
2021-11-17 04:00:00,-3.44,1473.49
2021-11-17 05:00:00,-2.86,1591.23
2021-11-17 06:00:00,-1.9,1612.04
2021-11-17 07:00:00,-0.4,1731.21
2021-11-17 08:00:00,0.64,1712.71
2021-11-17 09:00:00,1.1,1755.53
2021-11-17 10:00:00,1.74,1609.46
2021-11-17 11:00:00,1.84,1569.51
2021-11-17 12:00:00,2.32,1523.03
2021-11-17 13:00:00,1.21,1544.23
2021-11-17 14:00:00,0.59,1643.96
2021-11-17 15:00:00,-0.49,1728.33
2021-11-17 16:00:00,-2.2,1773.37
2021-11-17 17:00:00,-3.93,1971.91
2021-11-17 18:00:00,-4.65,1992.87
2021-11-17 19:00:00,-3.82,1983.91
2021-11-17 20:00:00,-5.94,1981.24
2021-11-17 21:00:00,-4.86,1783.17
2021-11-17 22:00:00,-4.7,1760.37
2021-11-17 23:00:00,-5.15,1732.32
2021-11-18 00:00:00,-5.47,1683.25
2021-11-18 01:00:00,-5.42,1627.43
2021-11-18 02:00:00,-5.32,1620.47
2021-11-18 03:00:00,-5.36,1579.83
2021-11-18 04:00:00,-3.98,1582.85
2021-11-18 05:00:00,-2.7,1582.32
2021-11-18 06:00:00,-2.61,1641.69
2021-11-18 07:00:00,-2.34,1739.36
2021-11-18 08:00:00,-1.02,1711.16
2021-11-18 09:00:00,1.37,1731.91
2021-11-18 10:00:00,1.56,1646.64
2021-11-18 11:00:00,4.23,1504.67
2021-11-18 12:00:00,3.76,1503.08
2021-11-18 13:00:00,4.79,1485.53
2021-11-18 14:00:00,3.76,1445.76
2021-11-18 15:00:00,3.43,1540.92
2021-11-18 16:00:00,0.58,1675.24
2021-11-18 17:00:00,-0.23,1785.04
2021-11-18 18:00:00,-1.65,1985.75
2021-11-18 19:00:00,-3.26,1986.37
2021-11-18 20:00:00,-4.08,1936.35
2021-11-18 21:00:00,-4.48,1852.27
2021-11-18 22:00:00,-6.26,1777.9
2021-11-18 23:00:00,-3.89,1728.94
2021-11-19 00:00:00,-4.86,1648.07
2021-11-19 01:00:00,-5.8,1673.61
2021-11-19 02:00:00,-7.0,1673.87
2021-11-19 03:00:00,-3.95,1541.27
2021-11-19 04:00:00,-2.48,1488.67
2021-11-19 05:00:00,-3.67,1593.11
2021-11-19 06:00:00,-3.82,1727.27
2021-11-19 07:00:00,-2.89,
2021-11-19 08:00:00,-1.18,1731.14
2021-11-19 09:00:00,-1.75,1890.61
2021-11-19 10:00:00,-1.93,1793.6
2021-11-19 11:00:00,0.16,
2021-11-19 12:00:00,1.58,1581.55
2021-11-19 13:00:00,1.3,1604.61
2021-11-19 14:00:00,0.85,1627.89
2021-11-19 15:00:00,-0.47,1674.2
2021-11-19 16:00:00,-1.57,1769.31
2021-11-19 17:00:00,-1.15,1868.11
2021-11-19 18:00:00,-2.61,1918.23
2021-11-19 19:00:00,-4.16,1959.5
2021-11-19 20:00:00,-5.63,2049.96
2021-11-19 21:00:00,-4.14,1851.26
2021-11-19 22:00:00,-4.89,1776.97
2021-11-19 23:00:00,-4.34,1711.45
2021-11-20 00:00:00,-4.78,1552.39
2021-11-20 01:00:00,-4.84,1587.8
2021-11-20 02:00:00,-3.81,1516.95
2021-11-20 03:00:00,-2.46,1450.74
2021-11-20 04:00:00,-2.78,1497.3
2021-11-20 05:00:00,-1.61,1509.28
2021-11-20 06:00:00,-1.94,1551.04
2021-11-20 07:00:00,-0.9,1490.14
2021-11-20 08:00:00,-1.82,1621.16
2021-11-20 09:00:00,-0.58,1581.54
2021-11-20 10:00:00,1.04,1531.42
2021-11-20 11:00:00,1.56,1462.77
2021-11-20 12:00:00,4.02,1306.54
2021-11-20 13:00:00,3.85,1284.52
2021-11-20 14:00:00,3.24,1357.26
2021-11-20 15:00:00,0.52,1470.29
2021-11-20 16:00:00,1.43,1490.01
2021-11-20 17:00:00,1.46,1525.08
2021-11-20 18:00:00,-0.38,1632.84
2021-11-20 19:00:00,-1.79,1655.93
2021-11-20 20:00:00,-0.79,1587.77
2021-11-20 21:00:00,-0.69,1516.45
2021-11-20 22:00:00,-0.51,1520.13
2021-11-20 23:00:00,0.36,1515.56
2021-11-21 00:00:00,-0.66,1430.91
2021-11-21 01:00:00,-1.06,1437.87
2021-11-21 02:00:00,-1.26,1397.18
2021-11-21 03:00:00,0.81,1342.56
2021-11-21 04:00:00,3.07,1310.43
2021-11-21 05:00:00,4.11,1281.91
2021-11-21 06:00:00,4.54,1412.63
2021-11-21 07:00:00,5.85,1302.57
2021-11-21 08:00:00,6.57,1334.68
2021-11-21 09:00:00,8.89,1298.82
2021-11-21 10:00:00,9.45,1204.9
2021-11-21 11:00:00,7.77,1206.67
2021-11-21 12:00:00,7.39,1180.91
2021-11-21 13:00:00,5.85,1179.57
2021-11-21 14:00:00,4.84,1296.57
2021-11-21 15:00:00,3.19,1317.22
2021-11-21 16:00:00,3.88,1354.01
2021-11-21 17:00:00,3.93,1479.92
2021-11-21 18:00:00,0.38,1629.29
2021-11-21 19:00:00,-0.97,1704.63
2021-11-21 20:00:00,-3.05,1634.94
2021-11-21 21:00:00,-3.02,1694.58
2021-11-21 22:00:00,-2.07,1686.45
2021-11-21 23:00:00,-2.28,1556.19
2021-11-22 00:00:00,-2.25,1561.17
2021-11-22 01:00:00,-1.31,1469.53
2021-11-22 02:00:00,-0.51,1408.93
2021-11-22 03:00:00,-0.68,1413.37
2021-11-22 04:00:00,0.18,1424.47
2021-11-22 05:00:00,2.13,1405.09
2021-11-22 06:00:00,2.8,1475.97
2021-11-22 07:00:00,3.18,1587.58
2021-11-22 08:00:00,5.08,1522.51
2021-11-22 09:00:00,6.26,1533.67
2021-11-22 10:00:00,6.13,1511.65
2021-11-22 11:00:00,7.17,1421.13
2021-11-22 12:00:00,6.93,1364.64
2021-11-22 13:00:00,7.38,1371.87
2021-11-22 14:00:00,5.9,
2021-11-22 15:00:00,5.08,1432.48
2021-11-22 16:00:00,4.1,1575.2
2021-11-22 17:00:00,3.26,1618.21
2021-11-22 18:00:00,0.55,1777.6
2021-11-22 19:00:00,-0.13,1783.86
2021-11-22 20:00:00,0.06,1646.03
2021-11-22 21:00:00,-1.09,1621.9
2021-11-22 22:00:00,-1.57,1644.53
2021-11-22 23:00:00,-2.31,1621.2
2021-11-23 00:00:00,-2.74,1559.47
2021-11-23 01:00:00,-2.25,1511.68
2021-11-23 02:00:00,-3.32,1556.99
2021-11-23 03:00:00,-4.4,1537.11
2021-11-23 04:00:00,-3.43,1584.99
2021-11-23 05:00:00,-3.05,1537.99
2021-11-23 06:00:00,-3.12,
2021-11-23 07:00:00,-0.66,1681.0
2021-11-23 08:00:00,0.36,1720.78
2021-11-23 09:00:00,-0.1,1770.12
2021-11-23 10:00:00,-0.14,1724.41
2021-11-23 11:00:00,-0.08,1708.14
2021-11-23 12:00:00,1.27,1575.21
2021-11-23 13:00:00,0.41,1619.98
2021-11-23 14:00:00,-0.59,1651.25
2021-11-23 15:00:00,-2.55,1843.51
2021-11-23 16:00:00,-4.3,1897.07
2021-11-23 17:00:00,-4.34,2022.88
2021-11-23 18:00:00,-3.99,2047.45
2021-11-23 19:00:00,-4.31,2033.72
2021-11-23 20:00:00,-4.83,1943.79
2021-11-23 21:00:00,-5.97,1890.5
2021-11-23 22:00:00,-6.22,1891.74
2021-11-23 23:00:00,-6.62,1854.57
2021-11-24 00:00:00,-8.01,1753.68
2021-11-24 01:00:00,-7.8,1647.45
2021-11-24 02:00:00,-7.6,1634.85
2021-11-24 03:00:00,-5.49,1572.91
2021-11-24 04:00:00,-3.31,1469.29
2021-11-24 05:00:00,-3.14,1565.39
2021-11-24 06:00:00,-3.93,1678.44
2021-11-24 07:00:00,-2.72,1721.01
2021-11-24 08:00:00,-2.38,1677.04
2021-11-24 09:00:00,-0.54,
2021-11-24 10:00:00,2.18,1486.44
2021-11-24 11:00:00,3.05,1437.77
2021-11-24 12:00:00,5.05,1330.5
2021-11-24 13:00:00,4.31,1352.36
2021-11-24 14:00:00,4.29,1364.72
2021-11-24 15:00:00,3.31,1489.38
2021-11-24 16:00:00,0.95,1488.33
2021-11-24 17:00:00,0.11,1649.45
2021-11-24 18:00:00,0.17,1651.57
2021-11-24 19:00:00,-1.98,1750.48
2021-11-24 20:00:00,-3.0,1751.01
2021-11-24 21:00:00,-5.06,1811.8
2021-11-24 22:00:00,-2.74,1648.62
2021-11-24 23:00:00,-4.11,1698.47
2021-11-25 00:00:00,-2.69,1430.74
2021-11-25 01:00:00,-3.12,1379.0
2021-11-25 02:00:00,-3.72,1399.01
2021-11-25 03:00:00,-2.33,
2021-11-25 04:00:00,-1.19,
2021-11-25 05:00:00,-0.86,1286.97
2021-11-25 06:00:00,3.26,1322.57
2021-11-25 07:00:00,4.47,1151.7
2021-11-25 08:00:00,4.23,1209.59
2021-11-25 09:00:00,5.57,1215.57
2021-11-25 10:00:00,7.11,1115.15
2021-11-25 11:00:00,8.81,
2021-11-25 12:00:00,9.19,
2021-11-25 13:00:00,9.84,965.71
2021-11-25 14:00:00,8.36,986.12
2021-11-25 15:00:00,9.08,962.45
2021-11-25 16:00:00,7.6,1087.87
2021-11-25 17:00:00,7.09,
2021-11-25 18:00:00,5.17,
2021-11-25 19:00:00,2.76,
2021-11-25 20:00:00,0.63,1310.2
2021-11-25 21:00:00,-0.46,1495.99
2021-11-25 22:00:00,-1.24,1522.89
2021-11-25 23:00:00,-0.93,1476.75
2021-11-26 00:00:00,-2.64,1461.83
2021-11-26 01:00:00,-1.8,
2021-11-26 02:00:00,-1.79,1415.82
2021-11-26 03:00:00,-3.04,1444.69
2021-11-26 04:00:00,-2.01,1425.29
2021-11-26 05:00:00,-1.61,1485.2
2021-11-26 06:00:00,-0.93,1523.77
2021-11-26 07:00:00,-0.01,1511.93
2021-11-26 08:00:00,2.08,1546.17
2021-11-26 09:00:00,3.21,1533.98
2021-11-26 10:00:00,4.98,1439.56
2021-11-26 11:00:00,6.31,1335.29
2021-11-26 12:00:00,6.88,1302.5
2021-11-26 13:00:00,6.46,1268.74
2021-11-26 14:00:00,7.08,1201.67
2021-11-26 15:00:00,4.63,1323.06
2021-11-26 16:00:00,4.11,1514.4
2021-11-26 17:00:00,3.42,1556.0
2021-11-26 18:00:00,2.28,1613.46
2021-11-26 19:00:00,0.85,1656.24
2021-11-26 20:00:00,-1.08,1664.36
2021-11-26 21:00:00,-2.53,1711.09
2021-11-26 22:00:00,-1.77,1698.9
2021-11-26 23:00:00,-2.74,1602.11
2021-11-27 00:00:00,-3.49,1543.5
2021-11-27 01:00:00,-1.99,1416.4
2021-11-27 02:00:00,-2.11,1360.09
2021-11-27 03:00:00,0.24,1335.01
2021-11-27 04:00:00,2.43,1266.25
2021-11-27 05:00:00,5.3,1269.89
2021-11-27 06:00:00,5.76,1375.74
2021-11-27 07:00:00,6.12,1270.0
2021-11-27 08:00:00,6.21,1406.32
2021-11-27 09:00:00,6.75,1384.48
2021-11-27 10:00:00,8.42,1234.6
2021-11-27 11:00:00,8.0,1207.29
2021-11-27 12:00:00,8.75,1145.28
2021-11-27 13:00:00,9.47,1105.71
2021-11-27 14:00:00,8.36,1170.4
2021-11-27 15:00:00,8.24,1242.25
2021-11-27 16:00:00,5.39,1348.97
2021-11-27 17:00:00,5.14,1415.8
2021-11-27 18:00:00,3.97,1453.14
2021-11-27 19:00:00,2.63,1459.93
2021-11-27 20:00:00,-0.3,1578.62
2021-11-27 21:00:00,-0.57,1641.32
2021-11-27 22:00:00,-0.53,1556.69
2021-11-27 23:00:00,-1.05,1526.46
2021-11-28 00:00:00,-3.92,1521.06
2021-11-28 01:00:00,-3.6,1451.77
2021-11-28 02:00:00,-2.18,1464.64
2021-11-28 03:00:00,-2.99,1473.2
2021-11-28 04:00:00,-1.27,1405.05
2021-11-28 05:00:00,-0.9,1427.8
2021-11-28 06:00:00,0.04,1469.75
2021-11-28 07:00:00,0.71,1485.29
2021-11-28 08:00:00,1.41,1555.68
2021-11-28 09:00:00,3.33,1426.13
2021-11-28 10:00:00,4.47,1379.12
2021-11-28 11:00:00,6.1,1255.41
2021-11-28 12:00:00,6.06,1230.54
2021-11-28 13:00:00,6.45,1221.75
2021-11-28 14:00:00,6.26,1239.81
2021-11-28 15:00:00,5.86,1233.85
2021-11-28 16:00:00,3.69,
2021-11-28 17:00:00,4.07,1409.52
2021-11-28 18:00:00,2.5,1477.97
2021-11-28 19:00:00,1.76,1493.12
2021-11-28 20:00:00,1.04,1409.16
2021-11-28 21:00:00,-1.69,1593.95
2021-11-28 22:00:00,-3.02,1612.69
2021-11-28 23:00:00,-4.32,1662.44
2021-11-29 00:00:00,-6.06,1675.56
2021-11-29 01:00:00,-6.85,
2021-11-29 02:00:00,-5.15,1521.78
2021-11-29 03:00:00,-4.58,1553.82
2021-11-29 04:00:00,-3.92,
2021-11-29 05:00:00,-1.4,1611.22
2021-11-29 06:00:00,1.54,1516.11
2021-11-29 07:00:00,1.45,1625.72
2021-11-29 08:00:00,1.41,1629.26
2021-11-29 09:00:00,2.51,1623.48
2021-11-29 10:00:00,2.75,1626.35
2021-11-29 11:00:00,3.53,1572.02
2021-11-29 12:00:00,1.86,1546.49
2021-11-29 13:00:00,1.7,
2021-11-29 14:00:00,-0.28,1684.12
2021-11-29 15:00:00,-0.44,1704.37
2021-11-29 16:00:00,-2.76,1892.77
2021-11-29 17:00:00,-3.96,2038.66
2021-11-29 18:00:00,-3.82,2068.51
2021-11-29 19:00:00,-2.67,1999.83
2021-11-29 20:00:00,-3.46,1913.35
2021-11-29 21:00:00,-4.33,1774.89
2021-11-29 22:00:00,-4.13,1765.27
2021-11-29 23:00:00,-3.95,1681.6
2021-11-30 00:00:00,-2.51,1526.48
2021-11-30 01:00:00,-1.86,1473.19
2021-11-30 02:00:00,-1.34,1446.29
2021-11-30 03:00:00,-1.24,1442.87
2021-11-30 04:00:00,0.09,1462.44
2021-11-30 05:00:00,0.37,1496.8
2021-11-30 06:00:00,0.74,1526.89
2021-11-30 07:00:00,1.24,1607.11
2021-11-30 08:00:00,1.86,1663.7
2021-11-30 09:00:00,4.1,1598.34
2021-11-30 10:00:00,3.88,1561.8
2021-11-30 11:00:00,4.34,1563.33
2021-11-30 12:00:00,3.85,1491.48
2021-11-30 13:00:00,2.5,1543.9
2021-11-30 14:00:00,3.06,1518.43
2021-11-30 15:00:00,3.06,1537.14
2021-11-30 16:00:00,3.35,1523.08
2021-11-30 17:00:00,2.91,1623.53
2021-11-30 18:00:00,1.06,1780.71
2021-11-30 19:00:00,-0.26,1848.85
2021-11-30 20:00:00,-1.29,1787.8
2021-11-30 21:00:00,-1.17,1770.31
2021-11-30 22:00:00,-1.05,1681.43
2021-11-30 23:00:00,-0.49,1584.35
2021-12-01 00:00:00,-2.43,1605.04
2021-12-01 01:00:00,-1.66,1552.16
2021-12-01 02:00:00,-0.1,1443.52
2021-12-01 03:00:00,0.1,1428.87
2021-12-01 04:00:00,1.04,1500.72
2021-12-01 05:00:00,1.07,1565.36
2021-12-01 06:00:00,3.3,1536.63
2021-12-01 07:00:00,3.3,1601.21
2021-12-01 08:00:00,3.22,1674.39
2021-12-01 09:00:00,5.0,1629.57
2021-12-01 10:00:00,5.36,1584.67
2021-12-01 11:00:00,7.14,1449.78
2021-12-01 12:00:00,7.22,1458.6
2021-12-01 13:00:00,7.12,1455.98
2021-12-01 14:00:00,7.44,1370.31
2021-12-01 15:00:00,6.85,1526.56
2021-12-01 16:00:00,5.16,1593.31
2021-12-01 17:00:00,3.93,1673.51
2021-12-01 18:00:00,3.94,1757.82
2021-12-01 19:00:00,3.02,1777.43
2021-12-01 20:00:00,2.42,1728.8
2021-12-01 21:00:00,2.19,1646.62
2021-12-01 22:00:00,0.83,1619.59
2021-12-01 23:00:00,1.57,1574.51
2021-12-02 00:00:00,0.8,1493.64
2021-12-02 01:00:00,0.82,1403.53
2021-12-02 02:00:00,0.84,1441.01
2021-12-02 03:00:00,3.89,1316.27
2021-12-02 04:00:00,3.38,1350.11
2021-12-02 05:00:00,4.76,1389.04
2021-12-02 06:00:00,6.22,1413.12
2021-12-02 07:00:00,6.09,1477.16
2021-12-02 08:00:00,7.73,1543.19
2021-12-02 09:00:00,9.42,1502.75
2021-12-02 10:00:00,9.55,1469.3
2021-12-02 11:00:00,10.01,1404.13
2021-12-02 12:00:00,10.26,1421.45
2021-12-02 13:00:00,10.41,1315.03
2021-12-02 14:00:00,8.26,1363.64
2021-12-02 15:00:00,6.7,1460.29
2021-12-02 16:00:00,5.78,1585.41
2021-12-02 17:00:00,4.99,1657.86
2021-12-02 18:00:00,3.25,
2021-12-02 19:00:00,2.01,1842.19
2021-12-02 20:00:00,-0.61,1810.81
2021-12-02 21:00:00,-0.87,1714.53
2021-12-02 22:00:00,-1.61,1716.5
2021-12-02 23:00:00,-0.95,1641.91
2021-12-03 00:00:00,-1.38,1538.62
2021-12-03 01:00:00,-1.51,1532.1
2021-12-03 02:00:00,-0.86,1496.52
2021-12-03 03:00:00,0.07,1435.4
2021-12-03 04:00:00,1.51,1454.57
2021-12-03 05:00:00,1.5,1470.83
2021-12-03 06:00:00,2.92,1511.72
2021-12-03 07:00:00,3.22,1585.08
2021-12-03 08:00:00,2.98,1651.06
2021-12-03 09:00:00,3.54,1666.11
2021-12-03 10:00:00,4.04,1649.37
2021-12-03 11:00:00,4.2,1535.93
2021-12-03 12:00:00,4.47,1528.25
2021-12-03 13:00:00,3.8,1562.51
2021-12-03 14:00:00,2.26,1611.3
2021-12-03 15:00:00,1.6,1667.44
2021-12-03 16:00:00,0.76,1801.13
2021-12-03 17:00:00,0.2,1854.9
2021-12-03 18:00:00,-0.92,1929.34
2021-12-03 19:00:00,-0.38,1782.27
2021-12-03 20:00:00,-1.95,1815.03
2021-12-03 21:00:00,-2.34,1818.94
2021-12-03 22:00:00,-3.3,1701.27
2021-12-03 23:00:00,-3.82,1709.55
2021-12-04 00:00:00,-4.09,1611.47
2021-12-04 01:00:00,-3.22,1574.48
2021-12-04 02:00:00,-1.65,1446.32
2021-12-04 03:00:00,-0.37,1412.77
2021-12-04 04:00:00,1.53,1364.85
2021-12-04 05:00:00,1.02,1442.79
2021-12-04 06:00:00,2.8,1456.63
2021-12-04 07:00:00,5.19,1337.14
2021-12-04 08:00:00,5.86,1397.17
2021-12-04 09:00:00,5.28,1433.94
2021-12-04 10:00:00,7.32,1344.48
2021-12-04 11:00:00,6.99,1322.36
2021-12-04 12:00:00,7.18,1220.99
2021-12-04 13:00:00,7.36,1205.44
2021-12-04 14:00:00,6.11,1290.55
2021-12-04 15:00:00,5.82,1358.28
2021-12-04 16:00:00,4.16,1452.78
2021-12-04 17:00:00,3.28,1461.21
2021-12-04 18:00:00,1.73,1700.98
2021-12-04 19:00:00,1.08,1639.01
2021-12-04 20:00:00,0.47,
2021-12-04 21:00:00,0.87,1748.58
2021-12-04 22:00:00,0.34,1619.42
2021-12-04 23:00:00,0.24,1517.08
2021-12-05 00:00:00,-0.82,1529.48
2021-12-05 01:00:00,-1.05,1508.87
2021-12-05 02:00:00,-0.79,1455.13
2021-12-05 03:00:00,0.13,1339.95
2021-12-05 04:00:00,0.96,1453.51
2021-12-05 05:00:00,4.16,1349.43
2021-12-05 06:00:00,5.94,1337.75
2021-12-05 07:00:00,7.21,1320.94
2021-12-05 08:00:00,9.15,1326.1
2021-12-05 09:00:00,8.9,1326.13
2021-12-05 10:00:00,9.84,1272.49
2021-12-05 11:00:00,11.9,1221.21
2021-12-05 12:00:00,12.4,1099.84
2021-12-05 13:00:00,14.02,1134.03
2021-12-05 14:00:00,13.15,1134.24
2021-12-05 15:00:00,12.34,1191.45
2021-12-05 16:00:00,11.66,1224.94
2021-12-05 17:00:00,11.93,1306.8
2021-12-05 18:00:00,11.8,1338.21
2021-12-05 19:00:00,10.4,1341.28
2021-12-05 20:00:00,8.51,1290.26
2021-12-05 21:00:00,7.82,1451.13
2021-12-05 22:00:00,6.41,1425.14
2021-12-05 23:00:00,6.94,1343.68
2021-12-06 00:00:00,6.26,1339.88
2021-12-06 01:00:00,5.78,1292.14
2021-12-06 02:00:00,7.56,1264.9
2021-12-06 03:00:00,8.75,1212.24
2021-12-06 04:00:00,10.34,1239.05
2021-12-06 05:00:00,11.13,1261.89
2021-12-06 06:00:00,12.16,1310.44
2021-12-06 07:00:00,14.94,1410.38
2021-12-06 08:00:00,15.74,1432.42
2021-12-06 09:00:00,15.69,1437.82
2021-12-06 10:00:00,15.35,1451.7
2021-12-06 11:00:00,14.72,1337.96
2021-12-06 12:00:00,12.85,1343.68
2021-12-06 13:00:00,12.27,1304.93
2021-12-06 14:00:00,10.69,1330.88
2021-12-06 15:00:00,9.44,1427.54
2021-12-06 16:00:00,7.09,1539.64
2021-12-06 17:00:00,6.1,1603.67
2021-12-06 18:00:00,4.33,1649.66
2021-12-06 19:00:00,3.52,1705.05
2021-12-06 20:00:00,1.62,1746.22
2021-12-06 21:00:00,-0.68,1649.5
2021-12-06 22:00:00,-0.83,1672.76
2021-12-06 23:00:00,-2.43,1712.58
2021-12-07 00:00:00,-3.95,1691.34
2021-12-07 01:00:00,-2.53,1562.56
2021-12-07 02:00:00,-2.29,1553.01
2021-12-07 03:00:00,-0.87,1420.78
2021-12-07 04:00:00,0.15,1481.54
2021-12-07 05:00:00,1.86,1447.95
2021-12-07 06:00:00,3.94,1489.08
2021-12-07 07:00:00,5.2,1566.68
2021-12-07 08:00:00,5.85,1605.77
2021-12-07 09:00:00,7.16,1577.11
2021-12-07 10:00:00,6.94,1511.59
2021-12-07 11:00:00,7.32,1476.65
2021-12-07 12:00:00,6.81,1393.24
2021-12-07 13:00:00,4.8,1447.25
2021-12-07 14:00:00,4.63,1533.33
2021-12-07 15:00:00,4.87,1570.57
2021-12-07 16:00:00,5.32,1597.42
2021-12-07 17:00:00,3.84,1713.68
2021-12-07 18:00:00,1.43,1811.33
2021-12-07 19:00:00,-0.21,1732.49
2021-12-07 20:00:00,-2.44,1824.24
2021-12-07 21:00:00,-3.07,1838.46
2021-12-07 22:00:00,-5.44,1873.03
2021-12-07 23:00:00,-6.88,1852.12
2021-12-08 00:00:00,-5.62,1774.43
2021-12-08 01:00:00,-5.36,1706.81
2021-12-08 02:00:00,-5.52,1637.57
2021-12-08 03:00:00,-5.07,1628.49
2021-12-08 04:00:00,-5.25,1671.65
2021-12-08 05:00:00,-5.44,1731.92
2021-12-08 06:00:00,-4.17,1794.26
2021-12-08 07:00:00,-2.89,1833.73
2021-12-08 08:00:00,-2.22,1866.81
2021-12-08 09:00:00,-0.17,1838.27
2021-12-08 10:00:00,-0.1,1768.16
2021-12-08 11:00:00,0.31,1714.66
2021-12-08 12:00:00,0.58,1637.56
2021-12-08 13:00:00,1.82,1600.92
2021-12-08 14:00:00,1.2,1682.18
2021-12-08 15:00:00,0.78,1648.23
2021-12-08 16:00:00,-0.7,1856.97
2021-12-08 17:00:00,-1.53,1871.35
2021-12-08 18:00:00,-3.02,2014.27
2021-12-08 19:00:00,-4.54,1971.34
2021-12-08 20:00:00,-4.54,1921.03
2021-12-08 21:00:00,-4.99,1899.42
2021-12-08 22:00:00,-4.93,1862.97
2021-12-08 23:00:00,-4.38,1747.68
2021-12-09 00:00:00,-3.6,1688.59
2021-12-09 01:00:00,-5.83,
2021-12-09 02:00:00,-4.79,1634.06
2021-12-09 03:00:00,-4.86,1605.31
2021-12-09 04:00:00,-4.84,1602.12
2021-12-09 05:00:00,-4.88,1705.99
2021-12-09 06:00:00,-4.68,1799.08
2021-12-09 07:00:00,-3.02,1805.87
2021-12-09 08:00:00,-1.85,1862.68
2021-12-09 09:00:00,0.76,1772.99
2021-12-09 10:00:00,1.07,1721.88
2021-12-09 11:00:00,0.58,1655.2
2021-12-09 12:00:00,1.82,1559.58
2021-12-09 13:00:00,1.43,1627.31
2021-12-09 14:00:00,0.82,
2021-12-09 15:00:00,1.56,1744.12
2021-12-09 16:00:00,1.02,1725.47
2021-12-09 17:00:00,0.83,
2021-12-09 18:00:00,-0.33,1842.01
2021-12-09 19:00:00,-0.43,1851.79
2021-12-09 20:00:00,-2.59,1853.88
2021-12-09 21:00:00,-2.53,1769.21
2021-12-09 22:00:00,-3.35,1858.48
2021-12-09 23:00:00,-4.36,1725.5
2021-12-10 00:00:00,-4.89,1713.9
2021-12-10 01:00:00,-7.11,1731.94
2021-12-10 02:00:00,-6.64,1680.84
2021-12-10 03:00:00,-6.03,1635.44
2021-12-10 04:00:00,-6.44,1684.85
2021-12-10 05:00:00,-5.29,1709.13
2021-12-10 06:00:00,-3.43,1712.87
2021-12-10 07:00:00,-2.76,1846.26
2021-12-10 08:00:00,-2.22,1897.32
2021-12-10 09:00:00,-1.77,1868.04
2021-12-10 10:00:00,-1.42,1836.4
2021-12-10 11:00:00,-1.13,1767.03
2021-12-10 12:00:00,-0.74,1711.9
2021-12-10 13:00:00,0.4,1657.55
2021-12-10 14:00:00,-2.42,1810.22
2021-12-10 15:00:00,-4.03,1862.92
2021-12-10 16:00:00,-4.36,1973.95
2021-12-10 17:00:00,-5.65,2111.21
2021-12-10 18:00:00,-6.43,2173.56
2021-12-10 19:00:00,-7.67,2228.01
2021-12-10 20:00:00,-8.31,2169.4
2021-12-10 21:00:00,-7.67,1985.78
2021-12-10 22:00:00,-8.65,2038.23
2021-12-10 23:00:00,-8.81,2004.83
2021-12-11 00:00:00,-9.35,1812.15
2021-12-11 01:00:00,-7.62,1765.61
2021-12-11 02:00:00,-6.63,1646.86
2021-12-11 03:00:00,-6.65,1661.55
2021-12-11 04:00:00,-7.67,1640.91
2021-12-11 05:00:00,-7.01,1755.74
2021-12-11 06:00:00,-4.43,1763.78
2021-12-11 07:00:00,-3.1,1633.51
2021-12-11 08:00:00,-1.37,1677.86
2021-12-11 09:00:00,-1.23,1687.81
2021-12-11 10:00:00,0.22,1551.84
2021-12-11 11:00:00,-1.32,1610.34
2021-12-11 12:00:00,-2.03,1596.08
2021-12-11 13:00:00,-1.62,1562.24
2021-12-11 14:00:00,-1.21,1543.8
2021-12-11 15:00:00,-1.76,1640.45
2021-12-11 16:00:00,-2.71,1723.88
2021-12-11 17:00:00,-1.91,1747.06
2021-12-11 18:00:00,-2.32,1846.61
2021-12-11 19:00:00,-2.26,1752.99
2021-12-11 20:00:00,-4.29,1720.11
2021-12-11 21:00:00,-5.23,1895.59
2021-12-11 22:00:00,-6.12,1827.39
2021-12-11 23:00:00,-5.06,1769.01
2021-12-12 00:00:00,-6.06,1683.98
2021-12-12 01:00:00,-5.85,1612.37
2021-12-12 02:00:00,-5.59,1582.79
2021-12-12 03:00:00,-5.33,1601.64
2021-12-12 04:00:00,-4.85,1618.23
2021-12-12 05:00:00,-3.57,1594.04
2021-12-12 06:00:00,-1.44,1660.05
2021-12-12 07:00:00,-0.68,1552.14
2021-12-12 08:00:00,-1.01,1677.16
2021-12-12 09:00:00,-1.01,1656.94
2021-12-12 10:00:00,-0.03,1548.97
2021-12-12 11:00:00,0.2,1474.14
2021-12-12 12:00:00,1.62,1462.88
2021-12-12 13:00:00,2.9,1413.23
2021-12-12 14:00:00,3.25,1349.26
2021-12-12 15:00:00,0.62,1537.12
2021-12-12 16:00:00,1.85,1531.2
2021-12-12 17:00:00,-0.08,1695.56
2021-12-12 18:00:00,-1.4,1703.47
2021-12-12 19:00:00,-2.89,1807.24
2021-12-12 20:00:00,-4.2,1804.21
2021-12-12 21:00:00,-5.89,1853.51
2021-12-12 22:00:00,-5.34,1794.47
2021-12-12 23:00:00,-6.48,1790.87
2021-12-13 00:00:00,-6.34,1790.14
2021-12-13 01:00:00,-7.67,1772.9
2021-12-13 02:00:00,-8.27,1786.92
2021-12-13 03:00:00,-7.54,1716.32
2021-12-13 04:00:00,-4.87,1645.61
2021-12-13 05:00:00,-4.55,1750.16
2021-12-13 06:00:00,-3.0,1728.69
2021-12-13 07:00:00,-2.2,1786.54
2021-12-13 08:00:00,-1.8,1838.6
2021-12-13 09:00:00,-0.75,1790.23
2021-12-13 10:00:00,0.43,1699.39
2021-12-13 11:00:00,2.48,1609.96
2021-12-13 12:00:00,2.72,1576.21
2021-12-13 13:00:00,2.84,1506.28
2021-12-13 14:00:00,2.36,1632.2
2021-12-13 15:00:00,0.73,1658.5
2021-12-13 16:00:00,-0.11,1795.84
2021-12-13 17:00:00,-2.43,1915.93
2021-12-13 18:00:00,-3.83,2020.41
2021-12-13 19:00:00,-6.0,2054.57
2021-12-13 20:00:00,-5.51,2003.12
2021-12-13 21:00:00,-6.86,1969.7
2021-12-13 22:00:00,-8.44,2088.34
2021-12-13 23:00:00,-9.51,2013.79
2021-12-14 00:00:00,-9.06,1929.2
2021-12-14 01:00:00,-7.62,1759.96
2021-12-14 02:00:00,-6.8,1747.29
2021-12-14 03:00:00,-7.38,1718.56
2021-12-14 04:00:00,-6.35,1719.18
2021-12-14 05:00:00,-5.29,1780.77
2021-12-14 06:00:00,-4.4,1770.79
2021-12-14 07:00:00,-4.29,1895.66
2021-12-14 08:00:00,-4.78,1991.76
2021-12-14 09:00:00,-4.16,1921.74
2021-12-14 10:00:00,-3.68,1951.66
2021-12-14 11:00:00,-3.82,1894.06
2021-12-14 12:00:00,-4.6,1966.14
2021-12-14 13:00:00,-5.3,1941.58
2021-12-14 14:00:00,-5.64,2013.04
2021-12-14 15:00:00,-5.74,
2021-12-14 16:00:00,-6.74,2125.59
2021-12-14 17:00:00,-7.12,2124.27
2021-12-14 18:00:00,-26.55,2244.18
2021-12-14 19:00:00,-9.34,2336.87
2021-12-14 20:00:00,-10.3,2216.03
2021-12-14 21:00:00,-12.94,2369.24
2021-12-14 22:00:00,-13.73,2298.19
2021-12-14 23:00:00,-13.81,2242.98
2021-12-15 00:00:00,-13.9,2148.13
2021-12-15 01:00:00,-12.25,2010.18
2021-12-15 02:00:00,-12.15,1995.1
2021-12-15 03:00:00,-12.04,1941.04
2021-12-15 04:00:00,-10.8,1956.9
2021-12-15 05:00:00,-8.71,1918.12
2021-12-15 06:00:00,-7.73,1928.94
2021-12-15 07:00:00,-8.41,2134.12
2021-12-15 08:00:00,-8.86,2142.15
2021-12-15 09:00:00,-8.86,2236.44
2021-12-15 10:00:00,-6.99,
2021-12-15 11:00:00,-5.83,2009.8
2021-12-15 12:00:00,-5.79,1985.59
2021-12-15 13:00:00,-5.45,1983.28
2021-12-15 14:00:00,-6.98,2020.74
2021-12-15 15:00:00,-7.69,2134.41
2021-12-15 16:00:00,-8.36,2214.05
2021-12-15 17:00:00,-9.5,2254.91
2021-12-15 18:00:00,-9.81,2345.7
2021-12-15 19:00:00,-12.64,2471.18
2021-12-15 20:00:00,-13.68,2417.58
2021-12-15 21:00:00,-15.13,2467.06
2021-12-15 22:00:00,-16.08,2283.88
2021-12-15 23:00:00,-16.22,2410.05
2021-12-16 00:00:00,-15.59,2176.23
2021-12-16 01:00:00,-16.41,2223.02
2021-12-16 02:00:00,-17.31,2285.1
2021-12-16 03:00:00,-16.84,2161.76
2021-12-16 04:00:00,-16.49,2212.96
2021-12-16 05:00:00,-15.97,2335.24
2021-12-16 06:00:00,-16.3,2358.04
2021-12-16 07:00:00,-15.24,2521.68
2021-12-16 08:00:00,-12.68,2434.46
2021-12-16 09:00:00,-11.14,2322.81
2021-12-16 10:00:00,-9.23,2206.6
2021-12-16 11:00:00,-7.92,2104.85
2021-12-16 12:00:00,-8.61,2163.75
2021-12-16 13:00:00,-9.97,2223.71
2021-12-16 14:00:00,-10.2,2218.53
2021-12-16 15:00:00,-10.39,2350.15
2021-12-16 16:00:00,-11.85,2494.65
2021-12-16 17:00:00,-13.55,2574.64
2021-12-16 18:00:00,-12.56,2587.74
2021-12-16 19:00:00,-12.34,2437.39
2021-12-16 20:00:00,-12.25,
2021-12-16 21:00:00,-12.39,2288.57
2021-12-16 22:00:00,-12.03,2236.97
2021-12-16 23:00:00,-12.74,2176.84
2021-12-17 00:00:00,-12.53,1966.13
2021-12-17 01:00:00,-13.79,2085.26
2021-12-17 02:00:00,-12.42,2016.78
2021-12-17 03:00:00,-12.33,1989.55
2021-12-17 04:00:00,-12.05,2025.95
2021-12-17 05:00:00,-12.13,2053.12
2021-12-17 06:00:00,-11.45,2196.68
2021-12-17 07:00:00,-10.63,2137.07
2021-12-17 08:00:00,-10.38,2276.99
2021-12-17 09:00:00,-9.8,2280.73
2021-12-17 10:00:00,-9.94,2192.29
2021-12-17 11:00:00,-7.73,2098.62
2021-12-17 12:00:00,-9.2,2161.92
2021-12-17 13:00:00,-8.61,2121.63
2021-12-17 14:00:00,-7.37,2117.24
2021-12-17 15:00:00,-5.93,2018.72
2021-12-17 16:00:00,-6.52,
2021-12-17 17:00:00,-7.18,2251.29
2021-12-17 18:00:00,-8.34,2313.77
2021-12-17 19:00:00,-10.44,2403.88
2021-12-17 20:00:00,-11.58,2288.3
2021-12-17 21:00:00,-9.56,2050.8
2021-12-17 22:00:00,-9.29,2014.86
2021-12-17 23:00:00,-9.26,1920.46
2021-12-18 00:00:00,-9.97,1905.35
2021-12-18 01:00:00,-9.1,1803.21
2021-12-18 02:00:00,-9.69,1857.4
2021-12-18 03:00:00,-8.06,1700.74
2021-12-18 04:00:00,-7.78,1705.27
2021-12-18 05:00:00,-6.97,1763.7
2021-12-18 06:00:00,-7.75,1841.03
2021-12-18 07:00:00,-6.29,1793.57
2021-12-18 08:00:00,-5.8,1845.3
2021-12-18 09:00:00,-4.43,1852.94
2021-12-18 10:00:00,-4.92,1756.56
2021-12-18 11:00:00,-3.81,1770.28
2021-12-18 12:00:00,-1.55,1522.18
2021-12-18 13:00:00,-0.92,1515.92
2021-12-18 14:00:00,-2.11,1662.05
2021-12-18 15:00:00,-2.54,1618.45
2021-12-18 16:00:00,-4.62,1796.07
2021-12-18 17:00:00,-4.58,1850.98
2021-12-18 18:00:00,-4.53,1902.75
2021-12-18 19:00:00,-4.14,1825.25
2021-12-18 20:00:00,-6.67,1829.8
2021-12-18 21:00:00,-10.43,2111.77
2021-12-18 22:00:00,-12.16,2172.68
2021-12-18 23:00:00,-11.79,2060.78
2021-12-19 00:00:00,-10.64,1850.95
2021-12-19 01:00:00,-11.46,1914.5
2021-12-19 02:00:00,-8.57,1716.08
2021-12-19 03:00:00,-7.86,1701.17
2021-12-19 04:00:00,-8.22,1701.0
2021-12-19 05:00:00,-6.3,1742.33
2021-12-19 06:00:00,-4.61,1690.22
2021-12-19 07:00:00,-3.8,1714.27
2021-12-19 08:00:00,-3.93,1753.61
2021-12-19 09:00:00,-3.4,1707.55
2021-12-19 10:00:00,-2.66,1700.39
2021-12-19 11:00:00,-1.26,1612.51
2021-12-19 12:00:00,-2.67,1649.6
2021-12-19 13:00:00,-3.03,1712.44
2021-12-19 14:00:00,-4.45,1775.69
2021-12-19 15:00:00,-5.11,1811.52
2021-12-19 16:00:00,-6.08,1851.2
2021-12-19 17:00:00,-7.13,1927.34
2021-12-19 18:00:00,-6.1,2038.33
2021-12-19 19:00:00,-7.21,2059.97
2021-12-19 20:00:00,-6.15,1949.93
2021-12-19 21:00:00,-6.91,1929.66
2021-12-19 22:00:00,-5.64,1762.16
2021-12-19 23:00:00,-6.21,1837.45
2021-12-20 00:00:00,-6.95,1751.12
2021-12-20 01:00:00,-6.5,1748.89
2021-12-20 02:00:00,-6.19,1736.05
2021-12-20 03:00:00,-3.72,1569.42
2021-12-20 04:00:00,-2.65,1596.11
2021-12-20 05:00:00,-2.57,1620.26
2021-12-20 06:00:00,-1.44,1675.14
2021-12-20 07:00:00,0.64,1689.31
2021-12-20 08:00:00,1.14,1723.22
2021-12-20 09:00:00,3.25,1645.5
2021-12-20 10:00:00,3.51,1646.47
2021-12-20 11:00:00,4.44,1549.7
2021-12-20 12:00:00,4.98,1447.27
2021-12-20 13:00:00,3.64,1608.97
2021-12-20 14:00:00,4.55,1550.6
2021-12-20 15:00:00,3.65,1547.82
2021-12-20 16:00:00,1.82,1646.5
2021-12-20 17:00:00,1.45,1767.56
2021-12-20 18:00:00,0.78,1800.19
2021-12-20 19:00:00,-1.13,1851.22
2021-12-20 20:00:00,-3.53,1862.83
2021-12-20 21:00:00,-3.89,1815.65
2021-12-20 22:00:00,-4.56,1845.8
2021-12-20 23:00:00,-4.61,1831.01
2021-12-21 00:00:00,-5.09,1747.52
2021-12-21 01:00:00,-3.46,1593.68
2021-12-21 02:00:00,-3.9,
2021-12-21 03:00:00,-4.1,1608.06
2021-12-21 04:00:00,-3.34,1601.17
2021-12-21 05:00:00,-4.55,1688.5
2021-12-21 06:00:00,-3.7,1775.74
2021-12-21 07:00:00,-1.4,1787.33
2021-12-21 08:00:00,-2.46,1890.04
2021-12-21 09:00:00,-2.35,1902.2
2021-12-21 10:00:00,-0.98,1872.66
2021-12-21 11:00:00,0.35,1664.69
2021-12-21 12:00:00,-0.76,1691.28
2021-12-21 13:00:00,-0.51,1688.75
2021-12-21 14:00:00,0.0,1719.75
2021-12-21 15:00:00,-0.99,1785.63
2021-12-21 16:00:00,-1.25,1844.18
2021-12-21 17:00:00,-2.21,1906.22
2021-12-21 18:00:00,-3.28,2119.77
2021-12-21 19:00:00,-4.2,1987.36
2021-12-21 20:00:00,-4.54,1994.33
2021-12-21 21:00:00,-3.97,1841.55
2021-12-21 22:00:00,-4.31,1815.48
2021-12-21 23:00:00,-4.89,1764.45
2021-12-22 00:00:00,-4.73,1692.56
2021-12-22 01:00:00,-3.78,1637.95
2021-12-22 02:00:00,-4.13,1599.3
2021-12-22 03:00:00,-3.38,1550.17
2021-12-22 04:00:00,-2.82,1542.07
2021-12-22 05:00:00,-1.73,1622.36
2021-12-22 06:00:00,-0.74,1660.82
2021-12-22 07:00:00,-0.7,1750.67
2021-12-22 08:00:00,0.57,1776.55
2021-12-22 09:00:00,-0.02,1779.7
2021-12-22 10:00:00,0.36,1711.19
2021-12-22 11:00:00,1.23,1616.49
2021-12-22 12:00:00,0.71,1619.36
2021-12-22 13:00:00,0.8,1638.41
2021-12-22 14:00:00,1.04,1580.26
2021-12-22 15:00:00,-1.65,1910.12
2021-12-22 16:00:00,-2.64,1885.64
2021-12-22 17:00:00,-4.81,1993.89
2021-12-22 18:00:00,-5.55,2203.93
2021-12-22 19:00:00,-6.9,2121.54
2021-12-22 20:00:00,-7.8,2132.46
2021-12-22 21:00:00,-9.44,2086.0
2021-12-22 22:00:00,-10.8,2175.72
2021-12-22 23:00:00,-11.84,2147.04
2021-12-23 00:00:00,-12.23,2043.77
2021-12-23 01:00:00,-12.46,1962.47
2021-12-23 02:00:00,-10.85,1873.07
2021-12-23 03:00:00,-10.31,1807.82
2021-12-23 04:00:00,-9.06,1854.32
2021-12-23 05:00:00,-9.44,1921.26
2021-12-23 06:00:00,-8.23,1967.74
2021-12-23 07:00:00,-7.43,2034.55
2021-12-23 08:00:00,-8.33,2215.13
2021-12-23 09:00:00,-9.05,
2021-12-23 10:00:00,-9.67,2255.68
2021-12-23 11:00:00,-11.46,2366.6
2021-12-23 12:00:00,-11.45,2372.55
2021-12-23 13:00:00,-12.52,2368.7
2021-12-23 14:00:00,-12.46,2482.19
2021-12-23 15:00:00,-12.95,2565.99
2021-12-23 16:00:00,-13.3,2730.6
2021-12-23 17:00:00,-14.73,2779.16
2021-12-23 18:00:00,-15.09,2658.78
2021-12-23 19:00:00,-15.18,2682.18
2021-12-23 20:00:00,-15.76,2684.08
2021-12-23 21:00:00,-17.24,2577.81
2021-12-23 22:00:00,-19.28,2654.71
2021-12-23 23:00:00,-19.03,2539.75
2021-12-24 00:00:00,-18.8,2312.65
2021-12-24 01:00:00,-18.38,2387.68
2021-12-24 02:00:00,-17.7,2289.62
2021-12-24 03:00:00,-16.32,2216.64
2021-12-24 04:00:00,-14.45,2024.05
2021-12-24 05:00:00,-13.47,2123.91
2021-12-24 06:00:00,-12.0,2112.68
2021-12-24 07:00:00,-11.26,2114.39
2021-12-24 08:00:00,-10.13,2126.49
2021-12-24 09:00:00,-8.14,2000.52
2021-12-24 10:00:00,-7.97,2000.05
2021-12-24 11:00:00,-7.14,1960.85
2021-12-24 12:00:00,-6.93,1909.79
2021-12-24 13:00:00,-7.98,2033.04
2021-12-24 14:00:00,-7.58,2008.96
2021-12-24 15:00:00,-8.43,2070.46
2021-12-24 16:00:00,-6.25,1947.52
2021-12-24 17:00:00,-7.13,2071.24
2021-12-24 18:00:00,-7.13,2086.95
2021-12-24 19:00:00,-10.44,2238.2
2021-12-24 20:00:00,-9.19,2115.66
2021-12-24 21:00:00,-8.03,2040.25
2021-12-24 22:00:00,-9.4,2007.94
2021-12-24 23:00:00,-9.29,1968.67
2021-12-25 00:00:00,-9.55,1692.46
2021-12-25 01:00:00,-9.34,1644.95
2021-12-25 02:00:00,-9.92,1687.81
2021-12-25 03:00:00,-9.07,1634.15
2021-12-25 04:00:00,-9.45,1651.58
2021-12-25 05:00:00,-7.75,
2021-12-25 06:00:00,-6.11,1720.01
2021-12-25 07:00:00,-6.37,
2021-12-25 08:00:00,-5.02,1458.66
2021-12-25 09:00:00,-4.22,
2021-12-25 10:00:00,-5.48,1472.89
2021-12-25 11:00:00,-5.46,1428.33
2021-12-25 12:00:00,-3.11,
2021-12-25 13:00:00,-2.37,1303.03
2021-12-25 14:00:00,-2.14,1236.98
2021-12-25 15:00:00,-3.1,1379.03
2021-12-25 16:00:00,-2.91,1444.21
2021-12-25 17:00:00,-3.25,
2021-12-25 18:00:00,-4.7,
2021-12-25 19:00:00,-5.5,
2021-12-25 20:00:00,-6.84,1580.16
2021-12-25 21:00:00,-8.64,1905.64
2021-12-25 22:00:00,-8.03,1812.29
2021-12-25 23:00:00,-10.44,1764.38
2021-12-26 00:00:00,-8.65,1733.36
2021-12-26 01:00:00,-8.29,1654.81
2021-12-26 02:00:00,-8.85,1665.05
2021-12-26 03:00:00,-6.22,1575.12
2021-12-26 04:00:00,-4.95,1581.48
2021-12-26 05:00:00,-3.82,1536.67
2021-12-26 06:00:00,-2.84,1590.07
2021-12-26 07:00:00,-3.13,1522.45
2021-12-26 08:00:00,-2.38,1557.19
2021-12-26 09:00:00,-2.55,
2021-12-26 10:00:00,-1.77,1521.11
2021-12-26 11:00:00,-2.73,1575.21
2021-12-26 12:00:00,-2.1,1486.08
2021-12-26 13:00:00,-1.83,1492.66
2021-12-26 14:00:00,-2.36,1537.08
2021-12-26 15:00:00,-4.05,1630.19
2021-12-26 16:00:00,-6.58,1772.49
2021-12-26 17:00:00,-5.44,1745.97
2021-12-26 18:00:00,-6.23,1772.49
2021-12-26 19:00:00,-6.25,1789.61
2021-12-26 20:00:00,-8.59,1955.65
2021-12-26 21:00:00,-9.99,2126.51
2021-12-26 22:00:00,-11.86,2235.07
2021-12-26 23:00:00,-11.13,1997.87
2021-12-27 00:00:00,-10.89,2005.09
2021-12-27 01:00:00,-10.57,1932.27
2021-12-27 02:00:00,-9.55,1824.66
2021-12-27 03:00:00,-8.98,1768.47
2021-12-27 04:00:00,-6.87,1787.82
2021-12-27 05:00:00,-5.88,1791.86
2021-12-27 06:00:00,-2.89,1669.41
2021-12-27 07:00:00,-1.46,1757.54
2021-12-27 08:00:00,-1.93,1833.26
2021-12-27 09:00:00,-1.34,1841.29
2021-12-27 10:00:00,0.29,1710.23
2021-12-27 11:00:00,-0.57,1735.07
2021-12-27 12:00:00,0.52,1660.29
2021-12-27 13:00:00,1.28,1607.31
2021-12-27 14:00:00,0.99,1638.22
2021-12-27 15:00:00,0.08,1735.98
2021-12-27 16:00:00,-1.24,1836.05
2021-12-27 17:00:00,-2.95,1983.94
2021-12-27 18:00:00,-4.34,2106.09
2021-12-27 19:00:00,-4.11,2043.25
2021-12-27 20:00:00,-4.93,1942.75
2021-12-27 21:00:00,-4.98,1937.58
2021-12-27 22:00:00,-4.95,1859.05
2021-12-27 23:00:00,-5.1,1819.15
2021-12-28 00:00:00,-5.58,1744.11
2021-12-28 01:00:00,-5.26,1685.52
2021-12-28 02:00:00,-6.13,1726.4
2021-12-28 03:00:00,-5.78,1698.84
2021-12-28 04:00:00,-4.41,1598.84
2021-12-28 05:00:00,-3.03,1665.09
2021-12-28 06:00:00,-3.59,1705.59
2021-12-28 07:00:00,-3.69,1890.02
2021-12-28 08:00:00,-1.45,1845.76
2021-12-28 09:00:00,-1.5,1859.91
2021-12-28 10:00:00,-1.2,1848.06
2021-12-28 11:00:00,-0.32,1770.48
2021-12-28 12:00:00,0.01,1703.45
2021-12-28 13:00:00,0.25,1671.75
2021-12-28 14:00:00,0.76,
2021-12-28 15:00:00,0.66,1667.81
2021-12-28 16:00:00,-0.59,1858.0
2021-12-28 17:00:00,-2.16,1960.79
2021-12-28 18:00:00,-1.67,
2021-12-28 19:00:00,-2.25,1947.12
2021-12-28 20:00:00,-2.56,1893.81
2021-12-28 21:00:00,-4.17,1964.02
2021-12-28 22:00:00,-4.05,1756.16
2021-12-28 23:00:00,-2.66,1727.38
2021-12-29 00:00:00,-1.79,1513.85
2021-12-29 01:00:00,-1.0,1519.3
2021-12-29 02:00:00,-1.87,1524.42
2021-12-29 03:00:00,-1.34,1510.5
2021-12-29 04:00:00,-0.6,1498.45
2021-12-29 05:00:00,-1.66,1641.04
2021-12-29 06:00:00,-1.02,1646.95
2021-12-29 07:00:00,1.21,1678.51
2021-12-29 08:00:00,2.35,1670.27
2021-12-29 09:00:00,3.25,1691.71
2021-12-29 10:00:00,3.61,1671.33
2021-12-29 11:00:00,4.36,1552.04
2021-12-29 12:00:00,3.6,1565.68
2021-12-29 13:00:00,1.89,1543.45
2021-12-29 14:00:00,0.4,1706.69
2021-12-29 15:00:00,-0.52,1762.56
2021-12-29 16:00:00,-1.5,1827.43
2021-12-29 17:00:00,-2.94,1980.72
2021-12-29 18:00:00,-3.1,1983.13
2021-12-29 19:00:00,-3.71,2018.15
2021-12-29 20:00:00,-4.61,1894.54
2021-12-29 21:00:00,-6.25,1890.37
2021-12-29 22:00:00,-5.92,1898.51
2021-12-29 23:00:00,-7.13,1931.4
2021-12-30 00:00:00,-6.91,1732.14
2021-12-30 01:00:00,-7.87,1805.33
2021-12-30 02:00:00,-6.99,
2021-12-30 03:00:00,-6.14,1669.29
2021-12-30 04:00:00,-3.71,1598.66
2021-12-30 05:00:00,-3.95,1697.65
2021-12-30 06:00:00,-3.76,1775.17
2021-12-30 07:00:00,-2.14,1814.15
2021-12-30 08:00:00,-0.47,1840.16
2021-12-30 09:00:00,1.07,1758.99
2021-12-30 10:00:00,2.4,1681.36
2021-12-30 11:00:00,2.41,1629.01
2021-12-30 12:00:00,-0.13,1691.72
2021-12-30 13:00:00,-0.89,1738.16
2021-12-30 14:00:00,-1.57,1816.16
2021-12-30 15:00:00,-2.46,1825.64
2021-12-30 16:00:00,-3.06,1965.64
2021-12-30 17:00:00,-3.38,1951.31
2021-12-30 18:00:00,-4.03,2080.9
2021-12-30 19:00:00,-4.08,2133.45
2021-12-30 20:00:00,-4.94,2054.46
2021-12-30 21:00:00,-5.95,1969.38
2021-12-30 22:00:00,-6.74,1855.73
2021-12-30 23:00:00,-8.41,1891.07
2021-12-31 00:00:00,-7.46,1757.15
2021-12-31 01:00:00,-7.57,1785.0
2021-12-31 02:00:00,-8.09,1723.31
2021-12-31 03:00:00,-7.75,1757.85
2021-12-31 04:00:00,-6.73,
2021-12-31 05:00:00,-6.82,1745.38
2021-12-31 06:00:00,-4.69,1741.9
2021-12-31 07:00:00,-3.17,1722.79
2021-12-31 08:00:00,-3.34,1809.92
2021-12-31 09:00:00,-2.0,1764.06
2021-12-31 10:00:00,-0.82,1692.27
2021-12-31 11:00:00,-0.48,1668.11
2021-12-31 12:00:00,-0.72,1580.0
2021-12-31 13:00:00,-1.19,1670.31
2021-12-31 14:00:00,-1.49,1658.26
2021-12-31 15:00:00,-1.84,1630.33
2021-12-31 16:00:00,-3.74,1832.62
2021-12-31 17:00:00,-5.15,2018.82
2021-12-31 18:00:00,-6.18,2001.48
2021-12-31 19:00:00,-6.1,1999.24
2021-12-31 20:00:00,-7.35,1908.87
2021-12-31 21:00:00,-8.64,2021.65
2021-12-31 22:00:00,-9.11,1993.93
2021-12-31 23:00:00,-9.83,2056.22
