date,evaporation
1995-01-01,0.364906
1995-01-02,0.152792
1995-01-03,0.245200
1995-01-04,0.279983
1995-01-05,0.330353
1995-01-06,0.154512
1995-01-07,0.061134
1995-01-08,0.114401
1995-01-09,0.316206
1995-01-10,0.000000
1995-01-11,0.301988
1995-01-12,0.142087
1995-01-13,0.191192
1995-01-14,0.090245
1995-01-15,0.399355
1995-01-16,0.420070
1995-01-17,0.147025
1995-01-18,0.325778
1995-01-19,0.000000
1995-01-20,0.258802
1995-01-21,0.130711
1995-01-22,0.483723
1995-01-23,0.457231
1995-01-24,0.468688
1995-01-25,0.452734
1995-01-26,0.504015
1995-01-27,0.098809
1995-01-28,0.507851
1995-01-29,0.301705
1995-01-30,0.291871
1995-01-31,0.325633
1995-02-01,0.288801
1995-02-02,0.079584
1995-02-03,0.570035
1995-02-04,0.505057
1995-02-05,0.303286
1995-02-06,0.567724
1995-02-07,0.373258
1995-02-08,0.458765
1995-02-09,0.533598
1995-02-10,0.568283
1995-02-11,0.349337
1995-02-12,0.543862
1995-02-13,0.602395
1995-02-14,0.415534
1995-02-15,0.509000
1995-02-16,0.529339
1995-02-17,0.336472
1995-02-18,0.680462
1995-02-19,0.637798
1995-02-20,0.297405
1995-02-21,0.631230
1995-02-22,0.736979
1995-02-23,0.632680
1995-02-24,0.652308
1995-02-25,0.543002
1995-02-26,0.791584
1995-02-27,0.890764
1995-02-28,0.702688
1995-03-01,0.928924
1995-03-02,1.192760
1995-03-03,0.768030
1995-03-04,0.970430
1995-03-05,0.815926
1995-03-06,0.928628
1995-03-07,1.012290
1995-03-08,0.917419
1995-03-09,1.213433
1995-03-10,0.967623
1995-03-11,0.765397
1995-03-12,1.303378
1995-03-13,1.272708
1995-03-14,1.397070
1995-03-15,1.188929
1995-03-16,1.423322
1995-03-17,1.018015
1995-03-18,1.519889
1995-03-19,1.509877
1995-03-20,1.446251
1995-03-21,1.442444
1995-03-22,1.692018
1995-03-23,1.601825
1995-03-24,1.476926
1995-03-25,1.403130
1995-03-26,1.649532
1995-03-27,1.327301
1995-03-28,1.784765
1995-03-29,1.695000
1995-03-30,1.673488
1995-03-31,1.728711
1995-04-01,1.866006
1995-04-02,1.821599
1995-04-03,1.773681
1995-04-04,1.838310
1995-04-05,1.956645
1995-04-06,1.845408
1995-04-07,1.771084
1995-04-08,1.513327
1995-04-09,2.121041
1995-04-10,2.092001
1995-04-11,2.073240
1995-04-12,1.873931
1995-04-13,2.034587
1995-04-14,2.234259
1995-04-15,2.185409
1995-04-16,2.108748
1995-04-17,2.062555
1995-04-18,2.177563
1995-04-19,2.114396
1995-04-20,2.200055
1995-04-21,2.440977
1995-04-22,2.253092
1995-04-23,2.477552
1995-04-24,2.514367
1995-04-25,2.705512
1995-04-26,2.420268
1995-04-27,2.310432
1995-04-28,2.674607
1995-04-29,2.835501
1995-04-30,2.539856
1995-05-01,2.553772
1995-05-02,2.657451
1995-05-03,2.426186
1995-05-04,2.766081
1995-05-05,2.773742
1995-05-06,2.720707
1995-05-07,3.002893
1995-05-08,2.694209
1995-05-09,2.965764
1995-05-10,2.938038
1995-05-11,3.049073
1995-05-12,2.980879
1995-05-13,2.776941
1995-05-14,2.916147
1995-05-15,3.036283
1995-05-16,3.138742
1995-05-17,2.946500
1995-05-18,3.119545
1995-05-19,3.377112
1995-05-20,3.095269
1995-05-21,3.145060
1995-05-22,3.030763
1995-05-23,2.907159
1995-05-24,3.189460
1995-05-25,3.273689
1995-05-26,3.583688
1995-05-27,3.408905
1995-05-28,3.473107
1995-05-29,3.244523
1995-05-30,3.431193
1995-05-31,3.343719
1995-06-01,3.391880
1995-06-02,3.334132
1995-06-03,3.484091
1995-06-04,3.026644
1995-06-05,3.343281
1995-06-06,3.811167
1995-06-07,3.505414
1995-06-08,3.690041
1995-06-09,3.470517
1995-06-10,3.184926
1995-06-11,3.461215
1995-06-12,3.546047
1995-06-13,3.703148
1995-06-14,3.854676
1995-06-15,3.504512
1995-06-16,3.445742
1995-06-17,3.443486
1995-06-18,3.601187
1995-06-19,3.725926
1995-06-20,3.820506
1995-06-21,3.741288
1995-06-22,3.558250
1995-06-23,3.775348
1995-06-24,3.721562
1995-06-25,3.785341
1995-06-26,3.612625
1995-06-27,3.913669
1995-06-28,3.674102
1995-06-29,3.880221
1995-06-30,3.690445
1995-07-01,3.838346
1995-07-02,3.896375
1995-07-03,4.041076
1995-07-04,3.633993
1995-07-05,3.688203
1995-07-06,3.667323
1995-07-07,4.018393
1995-07-08,3.935343
1995-07-09,3.908605
1995-07-10,3.724663
1995-07-11,3.568894
1995-07-12,3.697055
1995-07-13,3.622575
1995-07-14,3.849216
1995-07-15,3.750151
1995-07-16,3.851060
1995-07-17,3.822552
1995-07-18,3.848829
1995-07-19,3.428507
1995-07-20,4.138796
1995-07-21,4.016038
1995-07-22,3.896657
1995-07-23,3.773323
1995-07-24,3.650485
1995-07-25,4.087081
1995-07-26,3.714139
1995-07-27,3.680864
1995-07-28,3.690661
1995-07-29,3.620749
1995-07-30,3.933460
1995-07-31,3.722717
1995-08-01,3.600764
1995-08-02,3.743999
1995-08-03,3.795957
1995-08-04,3.323029
1995-08-05,3.607278
1995-08-06,3.554343
1995-08-07,3.602053
1995-08-08,3.590081
1995-08-09,3.640516
1995-08-10,3.595109
1995-08-11,3.418803
1995-08-12,3.572485
1995-08-13,3.558879
1995-08-14,3.302482
1995-08-15,3.507755
1995-08-16,3.415398
1995-08-17,3.520090
1995-08-18,3.546472
1995-08-19,3.525148
1995-08-20,3.066087
1995-08-21,3.420650
1995-08-22,3.370733
1995-08-23,3.367920
1995-08-24,3.527096
1995-08-25,3.397802
1995-08-26,3.531184
1995-08-27,3.441495
1995-08-28,3.159171
1995-08-29,3.136285
1995-08-30,3.050864
1995-08-31,2.995326
1995-09-01,2.955013
1995-09-02,3.205148
1995-09-03,3.084921
1995-09-04,3.203325
1995-09-05,2.962042
1995-09-06,3.006091
1995-09-07,2.724929
1995-09-08,3.025357
1995-09-09,2.766253
1995-09-10,2.548966
1995-09-11,2.742311
1995-09-12,2.771678
1995-09-13,2.602465
1995-09-14,2.744156
1995-09-15,2.766564
1995-09-16,2.741975
1995-09-17,2.931285
1995-09-18,2.673470
1995-09-19,2.633745
1995-09-20,2.301849
1995-09-21,2.802196
1995-09-22,2.251587
1995-09-23,2.232394
1995-09-24,2.481378
1995-09-25,2.424826
1995-09-26,2.345439
1995-09-27,2.204399
1995-09-28,2.496327
1995-09-29,2.329787
1995-09-30,2.581231
1995-10-01,2.148614
1995-10-02,2.074894
1995-10-03,2.282207
1995-10-04,2.093634
1995-10-05,1.902567
1995-10-06,2.284670
1995-10-07,2.155141
1995-10-08,1.820360
1995-10-09,1.783961
1995-10-10,2.428227
1995-10-11,1.830876
1995-10-12,1.818903
1995-10-13,2.072822
1995-10-14,2.160616
1995-10-15,1.594881
1995-10-16,1.642487
1995-10-17,1.968337
1995-10-18,1.747376
1995-10-19,1.855983
1995-10-20,1.603404
1995-10-21,1.615481
1995-10-22,1.582726
1995-10-23,1.633432
1995-10-24,1.919251
1995-10-25,1.670162
1995-10-26,1.321131
1995-10-27,1.386798
1995-10-28,1.347213
1995-10-29,1.292256
1995-10-30,1.082659
1995-10-31,1.497305
1995-11-01,1.347639
1995-11-02,1.248920
1995-11-03,1.038992
1995-11-04,1.169997
1995-11-05,1.166452
1995-11-06,1.189681
1995-11-07,1.118370
1995-11-08,1.023565
1995-11-09,0.984465
1995-11-10,1.090548
1995-11-11,0.947419
1995-11-12,0.806723
1995-11-13,1.209320
1995-11-14,0.911235
1995-11-15,0.833746
1995-11-16,0.867866
1995-11-17,0.559644
1995-11-18,0.683965
1995-11-19,0.772211
1995-11-20,0.900062
1995-11-21,0.975281
1995-11-22,0.781166
1995-11-23,0.547121
1995-11-24,0.936712
1995-11-25,0.785237
1995-11-26,0.801791
1995-11-27,0.711547
1995-11-28,0.856510
1995-11-29,0.655805
1995-11-30,0.556942
1995-12-01,0.623113
1995-12-02,0.712400
1995-12-03,0.541019
1995-12-04,0.854077
1995-12-05,0.544144
1995-12-06,0.562985
1995-12-07,0.388303
1995-12-08,0.442731
1995-12-09,0.538375
1995-12-10,0.469624
1995-12-11,0.639190
1995-12-12,0.327590
1995-12-13,0.546157
1995-12-14,0.589845
1995-12-15,0.258341
1995-12-16,0.626574
1995-12-17,0.560381
1995-12-18,0.430719
1995-12-19,0.357408
1995-12-20,0.313362
1995-12-21,0.418745
1995-12-22,0.188812
1995-12-23,0.213357
1995-12-24,0.141103
1995-12-25,0.513960
1995-12-26,0.260489
1995-12-27,0.000000
1995-12-28,0.153235
1995-12-29,0.120087
1995-12-30,0.218903
1995-12-31,0.409200
1996-01-01,0.479510
1996-01-02,0.339169
1996-01-03,0.287578
1996-01-04,0.221080
1996-01-05,0.283310
1996-01-06,0.311482
1996-01-07,0.147102
1996-01-08,0.035944
1996-01-09,0.000000
1996-01-10,0.347355
1996-01-11,0.124859
1996-01-12,0.216197
1996-01-13,0.000000
1996-01-14,0.000000
1996-01-15,0.062831
1996-01-16,0.000000
1996-01-17,0.307794
1996-01-18,0.264239
1996-01-19,0.178904
1996-01-20,0.066375
1996-01-21,0.128741
1996-01-22,0.166463
1996-01-23,0.296277
1996-01-24,0.617663
1996-01-25,0.377175
1996-01-26,0.292904
1996-01-27,0.511836
1996-01-28,0.496433
1996-01-29,0.128157
1996-01-30,0.381682
1996-01-31,0.276084
1996-02-01,0.218253
1996-02-02,0.487717
1996-02-03,0.515441
1996-02-04,0.459634
1996-02-05,0.362409
1996-02-06,0.416951
1996-02-07,0.418237
1996-02-08,0.435241
1996-02-09,0.393297
1996-02-10,0.493195
1996-02-11,0.437756
1996-02-12,0.578585
1996-02-13,0.479109
1996-02-14,0.355075
1996-02-15,0.625260
1996-02-16,0.721615
1996-02-17,0.662206
1996-02-18,0.597647
1996-02-19,0.703419
1996-02-20,0.424613
1996-02-21,0.743615
1996-02-22,0.821084
1996-02-23,0.942333
1996-02-24,0.601128
1996-02-25,0.438123
1996-02-26,0.740812
1996-02-27,0.770860
1996-02-28,0.608023
1996-02-29,0.710279
1996-03-01,0.816930
1996-03-02,0.930713
1996-03-03,0.754530
1996-03-04,0.989864
1996-03-05,1.120873
1996-03-06,0.947402
1996-03-07,1.012973
1996-03-08,0.948065
1996-03-09,1.016329
1996-03-10,1.111216
1996-03-11,0.909163
1996-03-12,0.936110
1996-03-13,1.236912
1996-03-14,1.380138
1996-03-15,1.356176
1996-03-16,1.324132
1996-03-17,1.319549
1996-03-18,1.471433
1996-03-19,1.357289
1996-03-20,1.408778
1996-03-21,1.607033
1996-03-22,1.524616
1996-03-23,1.290483
1996-03-24,1.550911
1996-03-25,1.725262
1996-03-26,1.316406
1996-03-27,1.853687
1996-03-28,1.433254
1996-03-29,1.650821
1996-03-30,1.910076
1996-03-31,1.562254
1996-04-01,1.690552
1996-04-02,2.161393
1996-04-03,1.795959
1996-04-04,1.891468
1996-04-05,2.024633
1996-04-06,2.009330
1996-04-07,2.061696
1996-04-08,2.187733
1996-04-09,2.026105
1996-04-10,2.073570
1996-04-11,1.865286
1996-04-12,2.027320
1996-04-13,1.919142
1996-04-14,2.106655
1996-04-15,2.242613
1996-04-16,2.124493
1996-04-17,2.201362
1996-04-18,2.203217
1996-04-19,2.306628
1996-04-20,2.459491
1996-04-21,2.248061
1996-04-22,2.408875
1996-04-23,2.448455
1996-04-24,2.536708
1996-04-25,2.488400
1996-04-26,2.335921
1996-04-27,2.669594
1996-04-28,2.677710
1996-04-29,2.742824
1996-04-30,2.595378
1996-05-01,2.585752
1996-05-02,2.634234
1996-05-03,2.800076
1996-05-04,2.755467
1996-05-05,2.761560
1996-05-06,2.788865
1996-05-07,2.933639
1996-05-08,2.884219
1996-05-09,3.223307
1996-05-10,3.025560
1996-05-11,2.906391
1996-05-12,2.868388
1996-05-13,3.155606
1996-05-14,3.194402
1996-05-15,2.752409
1996-05-16,3.073502
1996-05-17,3.308256
1996-05-18,3.338642
1996-05-19,3.152567
1996-05-20,3.405305
1996-05-21,3.441320
1996-05-22,3.280191
1996-05-23,3.281328
1996-05-24,3.306986
1996-05-25,3.256478
1996-05-26,3.341879
1996-05-27,3.320897
1996-05-28,3.443210
1996-05-29,3.248523
1996-05-30,3.129290
1996-05-31,3.254974
1996-06-01,3.643751
1996-06-02,3.475629
1996-06-03,3.739572
1996-06-04,3.342417
1996-06-05,3.533054
1996-06-06,3.567713
1996-06-07,3.490476
1996-06-08,3.467480
1996-06-09,3.542256
1996-06-10,3.605106
1996-06-11,3.604640
1996-06-12,3.711444
1996-06-13,3.791048
1996-06-14,3.363629
1996-06-15,3.801975
1996-06-16,3.560207
1996-06-17,3.441844
1996-06-18,3.536818
1996-06-19,3.718914
1996-06-20,3.469910
1996-06-21,3.524341
1996-06-22,3.855576
1996-06-23,3.939456
1996-06-24,3.663713
1996-06-25,3.731135
1996-06-26,3.778721
1996-06-27,3.645267
1996-06-28,3.901102
1996-06-29,3.565116
1996-06-30,3.801089
1996-07-01,3.731305
1996-07-02,3.718064
1996-07-03,3.847526
1996-07-04,3.546649
1996-07-05,3.684068
1996-07-06,3.818995
1996-07-07,3.870661
1996-07-08,3.623256
1996-07-09,3.814575
1996-07-10,3.671561
1996-07-11,3.941342
1996-07-12,3.602966
1996-07-13,4.007917
1996-07-14,3.971975
1996-07-15,3.516691
1996-07-16,3.544885
1996-07-17,3.845910
1996-07-18,3.894094
1996-07-19,3.681736
1996-07-20,3.663688
1996-07-21,3.434582
1996-07-22,3.912495
1996-07-23,3.840953
1996-07-24,3.631254
1996-07-25,3.822868
1996-07-26,3.685872
1996-07-27,3.833856
1996-07-28,3.717223
1996-07-29,3.583116
1996-07-30,3.597151
1996-07-31,3.541795
1996-08-01,3.284088
1996-08-02,3.827376
1996-08-03,3.558777
1996-08-04,3.439629
1996-08-05,3.653915
1996-08-06,3.698810
1996-08-07,3.568209
1996-08-08,3.580130
1996-08-09,3.467152
1996-08-10,3.422606
1996-08-11,3.447191
1996-08-12,3.528816
1996-08-13,3.528280
1996-08-14,3.541767
1996-08-15,3.508593
1996-08-16,3.384163
1996-08-17,3.392023
1996-08-18,3.477654
1996-08-19,3.409103
1996-08-20,3.507559
1996-08-21,3.519190
1996-08-22,3.529375
1996-08-23,3.172581
1996-08-24,3.454125
1996-08-25,3.210303
1996-08-26,3.116315
1996-08-27,3.336165
1996-08-28,3.365610
1996-08-29,3.283556
1996-08-30,2.961668
1996-08-31,3.287861
1996-09-01,3.033632
1996-09-02,2.621443
1996-09-03,3.054687
1996-09-04,3.207842
1996-09-05,2.920262
1996-09-06,2.936064
1996-09-07,2.586137
1996-09-08,2.971753
1996-09-09,2.967023
1996-09-10,2.746755
1996-09-11,3.081377
1996-09-12,2.971108
1996-09-13,2.871089
1996-09-14,2.691735
1996-09-15,2.604539
1996-09-16,2.724354
1996-09-17,2.784305
1996-09-18,2.630669
1996-09-19,2.676476
1996-09-20,3.008418
1996-09-21,2.440751
1996-09-22,2.891203
1996-09-23,2.346029
1996-09-24,2.503556
1996-09-25,2.549963
1996-09-26,2.560639
1996-09-27,2.422982
1996-09-28,2.345470
1996-09-29,2.411824
1996-09-30,2.347465
1996-10-01,2.498806
1996-10-02,2.244986
1996-10-03,2.070082
1996-10-04,2.393480
1996-10-05,2.247162
1996-10-06,2.187886
1996-10-07,1.900277
1996-10-08,1.898961
1996-10-09,2.069470
1996-10-10,1.929323
1996-10-11,1.785104
1996-10-12,1.658798
1996-10-13,1.914613
1996-10-14,2.000797
1996-10-15,1.705843
1996-10-16,1.756604
1996-10-17,1.875107
1996-10-18,1.519970
1996-10-19,1.737853
1996-10-20,1.861754
1996-10-21,1.455286
1996-10-22,1.559979
1996-10-23,1.815681
1996-10-24,1.703080
1996-10-25,1.375954
1996-10-26,1.604010
1996-10-27,1.394084
1996-10-28,1.420241
1996-10-29,1.526022
1996-10-30,1.061488
1996-10-31,1.375610
1996-11-01,1.023994
1996-11-02,1.483256
1996-11-03,1.092114
1996-11-04,1.111703
1996-11-05,1.236185
1996-11-06,1.143095
1996-11-07,1.159920
1996-11-08,1.219263
1996-11-09,1.195898
1996-11-10,1.114121
1996-11-11,0.895305
1996-11-12,1.132014
1996-11-13,1.134997
1996-11-14,0.839138
1996-11-15,1.235235
1996-11-16,0.736706
1996-11-17,0.983162
1996-11-18,0.784061
1996-11-19,0.941245
1996-11-20,0.872736
1996-11-21,0.791332
1996-11-22,0.554062
1996-11-23,0.575670
1996-11-24,1.030464
1996-11-25,0.556002
1996-11-26,0.599986
1996-11-27,0.701466
1996-11-28,0.549368
1996-11-29,0.675528
1996-11-30,0.500550
1996-12-01,0.166152
1996-12-02,0.673582
1996-12-03,0.627008
1996-12-04,0.624215
1996-12-05,0.407987
1996-12-06,0.047299
1996-12-07,0.450337
1996-12-08,0.596092
1996-12-09,0.545864
1996-12-10,0.368236
1996-12-11,0.775650
1996-12-12,0.384443
1996-12-13,0.260198
1996-12-14,0.201996
1996-12-15,0.354863
1996-12-16,0.658286
1996-12-17,0.584125
1996-12-18,0.215349
1996-12-19,0.263599
1996-12-20,0.418926
1996-12-21,0.198579
1996-12-22,0.498475
1996-12-23,0.449374
1996-12-24,0.325760
1996-12-25,0.299683
1996-12-26,0.497130
1996-12-27,0.295217
1996-12-28,0.609593
1996-12-29,0.214149
1996-12-30,0.195260
1996-12-31,0.000000
1997-01-01,0.167074
1997-01-02,0.468333
1997-01-03,0.455498
1997-01-04,0.353032
1997-01-05,0.000000
1997-01-06,0.249550
1997-01-07,0.259892
1997-01-08,0.071975
1997-01-09,0.339341
1997-01-10,0.491731
1997-01-11,0.392435
1997-01-12,0.186068
1997-01-13,0.290802
1997-01-14,0.000000
1997-01-15,0.511492
1997-01-16,0.155650
1997-01-17,0.532272
1997-01-18,0.000000
1997-01-19,0.361602
1997-01-20,0.268192
1997-01-21,0.129029
1997-01-22,0.368273
1997-01-23,0.073739
1997-01-24,0.241579
1997-01-25,0.227724
1997-01-26,0.064031
1997-01-27,0.292337
1997-01-28,0.410417
1997-01-29,0.494399
1997-01-30,0.333285
1997-01-31,0.299872
1997-02-01,0.079539
1997-02-02,0.306573
1997-02-03,0.564889
1997-02-04,0.185114
1997-02-05,0.422956
1997-02-06,0.569594
1997-02-07,0.235714
1997-02-08,0.496553
1997-02-09,0.347355
1997-02-10,0.548794
1997-02-11,0.551264
1997-02-12,0.660590
1997-02-13,0.774298
1997-02-14,0.752584
1997-02-15,0.529983
1997-02-16,0.540228
1997-02-17,0.615436
1997-02-18,0.383695
1997-02-19,0.745408
1997-02-20,0.403982
1997-02-21,0.726201
1997-02-22,0.675860
1997-02-23,0.848662
1997-02-24,0.678553
1997-02-25,0.633748
1997-02-26,0.609590
1997-02-27,0.842309
1997-02-28,0.842735
1997-03-01,1.027568
1997-03-02,1.122163
1997-03-03,0.939621
1997-03-04,1.000779
1997-03-05,0.907330
1997-03-06,1.103231
1997-03-07,0.817369
1997-03-08,0.723712
1997-03-09,1.083771
1997-03-10,1.108729
1997-03-11,0.987691
1997-03-12,1.511676
1997-03-13,1.138831
1997-03-14,1.121713
1997-03-15,1.443383
1997-03-16,1.124766
1997-03-17,1.070481
1997-03-18,1.267942
1997-03-19,1.741563
1997-03-20,1.610688
1997-03-21,1.476570
1997-03-22,1.367808
1997-03-23,1.518553
1997-03-24,1.679408
1997-03-25,1.459311
1997-03-26,1.610555
1997-03-27,1.585606
1997-03-28,1.508674
1997-03-29,1.594025
1997-03-30,1.461505
1997-03-31,1.785700
1997-04-01,1.944914
1997-04-02,1.915271
1997-04-03,1.577205
1997-04-04,1.681461
1997-04-05,2.043949
1997-04-06,2.012919
1997-04-07,1.877821
1997-04-08,2.110515
1997-04-09,1.832225
1997-04-10,2.025132
1997-04-11,2.137739
1997-04-12,2.166410
1997-04-13,2.280062
1997-04-14,2.144956
1997-04-15,1.993822
1997-04-16,2.154955
1997-04-17,2.123718
1997-04-18,2.043665
1997-04-19,2.249012
1997-04-20,2.450718
1997-04-21,2.339855
1997-04-22,2.141406
1997-04-23,2.437163
1997-04-24,2.652386
1997-04-25,2.284956
1997-04-26,2.510521
1997-04-27,2.413830
1997-04-28,2.571642
1997-04-29,2.734458
1997-04-30,2.206452
1997-05-01,2.617870
1997-05-02,2.600506
1997-05-03,2.706253
1997-05-04,3.112932
1997-05-05,2.874589
1997-05-06,2.871211
1997-05-07,2.833591
1997-05-08,2.627322
1997-05-09,2.696487
1997-05-10,3.017432
1997-05-11,3.037576
1997-05-12,3.101607
1997-05-13,3.214463
1997-05-14,2.943609
1997-05-15,3.065900
1997-05-16,2.957593
1997-05-17,3.074599
1997-05-18,3.269400
1997-05-19,3.245648
1997-05-20,3.545128
1997-05-21,3.042230
1997-05-22,3.256996
1997-05-23,3.592268
1997-05-24,3.143016
1997-05-25,3.067684
1997-05-26,3.306905
1997-05-27,3.361185
1997-05-28,3.463657
1997-05-29,3.171783
1997-05-30,3.451647
1997-05-31,3.249963
1997-06-01,3.372945
1997-06-02,3.310208
1997-06-03,3.607393
1997-06-04,3.258668
1997-06-05,3.346373
1997-06-06,3.513342
1997-06-07,3.514320
1997-06-08,3.449536
1997-06-09,3.644282
1997-06-10,3.945173
1997-06-11,3.623723
1997-06-12,3.815523
1997-06-13,3.817207
1997-06-14,3.921817
1997-06-15,3.788478
1997-06-16,3.558391
1997-06-17,3.490655
1997-06-18,3.480755
1997-06-19,3.546356
1997-06-20,4.186780
1997-06-21,3.441977
1997-06-22,4.087759
1997-06-23,3.842488
1997-06-24,3.578755
1997-06-25,3.692728
1997-06-26,3.528527
1997-06-27,3.635389
1997-06-28,3.486433
1997-06-29,3.929976
1997-06-30,4.112566
1997-07-01,3.656240
1997-07-02,3.863634
1997-07-03,3.875617
1997-07-04,3.601712
1997-07-05,3.895677
1997-07-06,3.790545
1997-07-07,3.617889
1997-07-08,3.530984
1997-07-09,3.815125
1997-07-10,4.119477
1997-07-11,3.842830
1997-07-12,3.633480
1997-07-13,3.814875
1997-07-14,3.743251
1997-07-15,3.683469
1997-07-16,3.643485
1997-07-17,3.757372
1997-07-18,4.009783
1997-07-19,3.709541
1997-07-20,3.778704
1997-07-21,3.784518
1997-07-22,3.936051
1997-07-23,3.639419
1997-07-24,4.021542
1997-07-25,3.988109
1997-07-26,3.654786
1997-07-27,3.650500
1997-07-28,3.608391
1997-07-29,3.927321
1997-07-30,3.716492
1997-07-31,3.715174
1997-08-01,3.821509
1997-08-02,3.622699
1997-08-03,3.682576
1997-08-04,3.687810
1997-08-05,3.410772
1997-08-06,3.650242
1997-08-07,3.878796
1997-08-08,3.444156
1997-08-09,3.594012
1997-08-10,3.778931
1997-08-11,3.633157
1997-08-12,3.534385
1997-08-13,3.462068
1997-08-14,3.407867
1997-08-15,3.648148
1997-08-16,3.560681
1997-08-17,3.099051
1997-08-18,3.338601
1997-08-19,3.275309
1997-08-20,3.161348
1997-08-21,3.461170
1997-08-22,3.510462
1997-08-23,3.399926
1997-08-24,3.413430
1997-08-25,3.204693
1997-08-26,3.225080
1997-08-27,3.239617
1997-08-28,3.264696
1997-08-29,3.154843
1997-08-30,3.121460
1997-08-31,2.936511
1997-09-01,3.141522
1997-09-02,3.213538
1997-09-03,2.925502
1997-09-04,2.994157
1997-09-05,3.077839
1997-09-06,3.140798
1997-09-07,3.039463
1997-09-08,2.931924
1997-09-09,2.901379
1997-09-10,3.038270
1997-09-11,2.865132
1997-09-12,2.845358
1997-09-13,2.639623
1997-09-14,2.616092
1997-09-15,2.939423
1997-09-16,2.849173
1997-09-17,2.791666
1997-09-18,2.723033
1997-09-19,2.807274
1997-09-20,2.525217
1997-09-21,2.568791
1997-09-22,2.378391
1997-09-23,2.651791
1997-09-24,2.427836
1997-09-25,2.235903
1997-09-26,2.374817
1997-09-27,2.226806
1997-09-28,2.465569
1997-09-29,2.223738
1997-09-30,2.281474
1997-10-01,2.354794
1997-10-02,2.385362
1997-10-03,2.143793
1997-10-04,2.180095
1997-10-05,1.936716
1997-10-06,1.958374
1997-10-07,2.228596
1997-10-08,2.210918
1997-10-09,2.003019
1997-10-10,1.956358
1997-10-11,2.181153
1997-10-12,1.867753
1997-10-13,2.076349
1997-10-14,1.822854
1997-10-15,1.647928
1997-10-16,1.832253
1997-10-17,1.599753
1997-10-18,1.971563
1997-10-19,2.039057
1997-10-20,1.540836
1997-10-21,1.522038
1997-10-22,1.324263
1997-10-23,1.548341
1997-10-24,1.437247
1997-10-25,1.578723
1997-10-26,1.543232
1997-10-27,1.486727
1997-10-28,1.307562
1997-10-29,1.551572
1997-10-30,1.726393
1997-10-31,1.229201
1997-11-01,1.091796
1997-11-02,1.233609
1997-11-03,1.195156
1997-11-04,1.271493
1997-11-05,1.243420
1997-11-06,1.224503
1997-11-07,1.195038
1997-11-08,1.270342
1997-11-09,0.884964
1997-11-10,0.929313
1997-11-11,1.061133
1997-11-12,1.215252
1997-11-13,0.988297
1997-11-14,0.645271
1997-11-15,1.037956
1997-11-16,0.686347
1997-11-17,0.925898
1997-11-18,1.028667
1997-11-19,0.849104
1997-11-20,0.684789
1997-11-21,0.744515
1997-11-22,0.697471
1997-11-23,0.962352
1997-11-24,0.593930
1997-11-25,0.771645
1997-11-26,0.509440
1997-11-27,0.580718
1997-11-28,0.924834
1997-11-29,0.483755
1997-11-30,0.842368
1997-12-01,0.735431
1997-12-02,0.465544
1997-12-03,0.642557
1997-12-04,0.518820
1997-12-05,0.478807
1997-12-06,0.522517
1997-12-07,0.451011
1997-12-08,0.348285
1997-12-09,0.526386
1997-12-10,0.380242
1997-12-11,0.257959
1997-12-12,0.642956
1997-12-13,0.447430
1997-12-14,0.567403
1997-12-15,0.332885
1997-12-16,0.064023
1997-12-17,0.081080
1997-12-18,0.259129
1997-12-19,0.341559
1997-12-20,0.161071
1997-12-21,0.131627
1997-12-22,0.435500
1997-12-23,0.451732
1997-12-24,0.284586
1997-12-25,0.359462
1997-12-26,0.182975
1997-12-27,0.055131
1997-12-28,0.219581
1997-12-29,0.139267
1997-12-30,0.174011
1997-12-31,0.293339
1998-01-01,0.297841
1998-01-02,0.343308
1998-01-03,0.242885
1998-01-04,0.327737
1998-01-05,0.496610
1998-01-06,0.178768
1998-01-07,0.000000
1998-01-08,0.000000
1998-01-09,0.060625
1998-01-10,0.068286
1998-01-11,0.078705
1998-01-12,0.145253
1998-01-13,0.000000
1998-01-14,0.418057
1998-01-15,0.073259
1998-01-16,0.296678
1998-01-17,0.178032
1998-01-18,0.351195
1998-01-19,0.204498
1998-01-20,0.555786
1998-01-21,0.460094
1998-01-22,0.132071
1998-01-23,0.213451
1998-01-24,0.370367
1998-01-25,0.556986
1998-01-26,0.420736
1998-01-27,0.173816
1998-01-28,0.201047
1998-01-29,0.488706
1998-01-30,0.232181
1998-01-31,0.333066
1998-02-01,0.231051
1998-02-02,0.273731
1998-02-03,0.083147
1998-02-04,0.354771
1998-02-05,0.557139
1998-02-06,0.454992
1998-02-07,0.730085
1998-02-08,0.523306
1998-02-09,0.372956
1998-02-10,0.248740
1998-02-11,0.451171
1998-02-12,0.398721
1998-02-13,0.361146
1998-02-14,0.568411
1998-02-15,0.595508
1998-02-16,0.503112
1998-02-17,0.734235
1998-02-18,0.481081
1998-02-19,0.530689
1998-02-20,1.067053
1998-02-21,0.499671
1998-02-22,0.607921
1998-02-23,0.558013
1998-02-24,0.765123
1998-02-25,0.583146
1998-02-26,0.861387
1998-02-27,0.717227
1998-02-28,0.833491
1998-03-01,0.927034
1998-03-02,1.198505
1998-03-03,0.921308
1998-03-04,0.858978
1998-03-05,0.921151
1998-03-06,0.953788
1998-03-07,0.937017
1998-03-08,0.987920
1998-03-09,1.064379
1998-03-10,0.935791
1998-03-11,1.396404
1998-03-12,1.041336
1998-03-13,1.154708
1998-03-14,1.014191
1998-03-15,1.029628
1998-03-16,1.132955
1998-03-17,1.401084
1998-03-18,1.051204
1998-03-19,1.182780
1998-03-20,1.442882
1998-03-21,1.472601
1998-03-22,1.538826
1998-03-23,1.483763
1998-03-24,1.364487
1998-03-25,1.563147
1998-03-26,1.617345
1998-03-27,1.533949
1998-03-28,1.452091
1998-03-29,1.506546
1998-03-30,1.698080
1998-03-31,1.617596
1998-04-01,1.711217
1998-04-02,1.612849
1998-04-03,1.832284
1998-04-04,1.870526
1998-04-05,1.828452
1998-04-06,1.710213
1998-04-07,2.096026
1998-04-08,1.705252
1998-04-09,1.770670
1998-04-10,1.963752
1998-04-11,2.103567
1998-04-12,2.246358
1998-04-13,1.893803
1998-04-14,1.917051
1998-04-15,2.340705
1998-04-16,2.142441
1998-04-17,1.970187
1998-04-18,2.362251
1998-04-19,2.459478
1998-04-20,2.212091
1998-04-21,2.448214
1998-04-22,2.328986
1998-04-23,2.318399
1998-04-24,2.526364
1998-04-25,2.451466
1998-04-26,2.622524
1998-04-27,2.470853
1998-04-28,2.589349
1998-04-29,2.609761
1998-04-30,2.791882
1998-05-01,2.421227
1998-05-02,2.891169
1998-05-03,2.666157
1998-05-04,2.813675
1998-05-05,2.792209
1998-05-06,2.701210
1998-05-07,2.767604
1998-05-08,2.762683
1998-05-09,2.923166
1998-05-10,2.811344
1998-05-11,2.823019
1998-05-12,2.966732
1998-05-13,2.785359
1998-05-14,3.115156
1998-05-15,3.127685
1998-05-16,3.057606
1998-05-17,2.881821
1998-05-18,3.154728
1998-05-19,2.888556
1998-05-20,3.136699
1998-05-21,3.214332
1998-05-22,3.047257
1998-05-23,3.336290
1998-05-24,2.981193
1998-05-25,3.518370
1998-05-26,3.334434
1998-05-27,3.518996
1998-05-28,3.307450
1998-05-29,3.265763
1998-05-30,3.053987
1998-05-31,3.273811
1998-06-01,3.352648
1998-06-02,3.430795
1998-06-03,3.062334
1998-06-04,3.615292
1998-06-05,3.700266
1998-06-06,3.682389
1998-06-07,3.630550
1998-06-08,3.215324
1998-06-09,3.570216
1998-06-10,3.668615
1998-06-11,3.622163
1998-06-12,3.717814
1998-06-13,3.599795
1998-06-14,3.647033
1998-06-15,3.588341
1998-06-16,3.680958
1998-06-17,3.921341
1998-06-18,3.853689
1998-06-19,3.366850
1998-06-20,3.833935
1998-06-21,3.937337
1998-06-22,3.617433
1998-06-23,3.643502
1998-06-24,3.656198
1998-06-25,3.797979
1998-06-26,3.748167
1998-06-27,3.510341
1998-06-28,3.765961
1998-06-29,3.513135
1998-06-30,3.797056
1998-07-01,3.853154
1998-07-02,3.991172
1998-07-03,3.777895
1998-07-04,3.797662
1998-07-05,3.873267
1998-07-06,3.895921
1998-07-07,3.910690
1998-07-08,3.902942
1998-07-09,3.793966
1998-07-10,3.877950
1998-07-11,3.724609
1998-07-12,3.821124
1998-07-13,3.910708
1998-07-14,3.741306
1998-07-15,3.805215
1998-07-16,3.712086
1998-07-17,3.579188
1998-07-18,3.635451
1998-07-19,3.852529
1998-07-20,3.795140
1998-07-21,3.760647
1998-07-22,3.814994
1998-07-23,3.691993
1998-07-24,3.546394
1998-07-25,3.770716
1998-07-26,3.735595
1998-07-27,3.595816
1998-07-28,3.758512
1998-07-29,3.677322
1998-07-30,3.672513
1998-07-31,3.829231
1998-08-01,4.011716
1998-08-02,3.787952
1998-08-03,3.703143
1998-08-04,3.736318
1998-08-05,3.403236
1998-08-06,3.487378
1998-08-07,3.636664
1998-08-08,3.501267
1998-08-09,3.687573
1998-08-10,3.576597
1998-08-11,3.770506
1998-08-12,3.391649
1998-08-13,3.685119
1998-08-14,3.542984
1998-08-15,3.120574
1998-08-16,3.546968
1998-08-17,3.518466
1998-08-18,3.155851
1998-08-19,3.494338
1998-08-20,3.056515
1998-08-21,3.520855
1998-08-22,3.353070
1998-08-23,3.361716
1998-08-24,3.370384
1998-08-25,3.308489
1998-08-26,3.130606
1998-08-27,3.265754
1998-08-28,3.169331
1998-08-29,3.275952
1998-08-30,2.937264
1998-08-31,3.234562
1998-09-01,3.051618
1998-09-02,3.209438
1998-09-03,2.948480
1998-09-04,3.046715
1998-09-05,2.941366
1998-09-06,3.170781
1998-09-07,2.851275
1998-09-08,2.883815
1998-09-09,2.781978
1998-09-10,2.873469
1998-09-11,2.921777
1998-09-12,2.869962
1998-09-13,2.598012
1998-09-14,2.989737
1998-09-15,2.479516
1998-09-16,2.846270
1998-09-17,2.726828
1998-09-18,2.474493
1998-09-19,2.577206
1998-09-20,2.672372
1998-09-21,2.525328
1998-09-22,2.444668
1998-09-23,2.318039
1998-09-24,2.315819
1998-09-25,2.705530
1998-09-26,2.498286
1998-09-27,2.422042
1998-09-28,2.137745
1998-09-29,2.169983
1998-09-30,2.099539
1998-10-01,2.149616
1998-10-02,2.045529
1998-10-03,2.371525
1998-10-04,2.151111
1998-10-05,2.255800
1998-10-06,1.866389
1998-10-07,2.070231
1998-10-08,2.213788
1998-10-09,1.962984
1998-10-10,1.873785
1998-10-11,1.839610
1998-10-12,1.933755
1998-10-13,1.836232
1998-10-14,1.895499
1998-10-15,1.906709
1998-10-16,1.842981
1998-10-17,1.796220
1998-10-18,1.358808
1998-10-19,1.635665
1998-10-20,1.904202
1998-10-21,1.710426
1998-10-22,1.808856
1998-10-23,1.568638
1998-10-24,1.646552
1998-10-25,1.298148
1998-10-26,1.817412
1998-10-27,1.573213
1998-10-28,1.498582
1998-10-29,1.402279
1998-10-30,1.565319
1998-10-31,1.116716
1998-11-01,1.094505
1998-11-02,1.317655
1998-11-03,1.370502
1998-11-04,0.906359
1998-11-05,1.097011
1998-11-06,1.102367
1998-11-07,0.978261
1998-11-08,1.019411
1998-11-09,1.100071
1998-11-10,1.215432
1998-11-11,0.849086
1998-11-12,0.880950
1998-11-13,1.054269
1998-11-14,0.927611
1998-11-15,1.020437
1998-11-16,0.976537
1998-11-17,1.195718
1998-11-18,0.669199
1998-11-19,0.846816
1998-11-20,0.710598
1998-11-21,0.712167
1998-11-22,0.744505
1998-11-23,1.048803
1998-11-24,0.773169
1998-11-25,0.754872
1998-11-26,0.749468
1998-11-27,0.770316
1998-11-28,0.850697
1998-11-29,0.581962
1998-11-30,0.501331
1998-12-01,0.695696
1998-12-02,0.468454
1998-12-03,0.868261
1998-12-04,0.447757
1998-12-05,0.514907
1998-12-06,0.489910
1998-12-07,0.385393
1998-12-08,0.440542
1998-12-09,0.572824
1998-12-10,0.414778
1998-12-11,0.113879
1998-12-12,0.518294
1998-12-13,0.565799
1998-12-14,0.396794
1998-12-15,0.185515
1998-12-16,0.329655
1998-12-17,0.220592
1998-12-18,0.261833
1998-12-19,0.311457
1998-12-20,0.335330
1998-12-21,0.444184
1998-12-22,0.542270
1998-12-23,0.165613
1998-12-24,0.171433
1998-12-25,0.120182
1998-12-26,0.244949
1998-12-27,0.011279
1998-12-28,0.039789
1998-12-29,0.316046
1998-12-30,0.437034
1998-12-31,0.011495
1999-01-01,0.219888
1999-01-02,0.336078
1999-01-03,0.122809
1999-01-04,0.137720
1999-01-05,0.126675
1999-01-06,0.393494
1999-01-07,0.135342
1999-01-08,0.155753
1999-01-09,0.299917
1999-01-10,0.334804
1999-01-11,0.511805
1999-01-12,0.000000
1999-01-13,0.248095
1999-01-14,0.283258
1999-01-15,0.329990
1999-01-16,0.303121
1999-01-17,0.346757
1999-01-18,0.327827
1999-01-19,0.136831
1999-01-20,0.470216
1999-01-21,0.377374
1999-01-22,0.392750
1999-01-23,0.417162
1999-01-24,0.000000
1999-01-25,0.118851
1999-01-26,0.351012
1999-01-27,0.388564
1999-01-28,0.605371
1999-01-29,0.456372
1999-01-30,0.566095
1999-01-31,0.259450
1999-02-01,0.359800
1999-02-02,0.439476
1999-02-03,0.263711
1999-02-04,0.611215
1999-02-05,0.349056
1999-02-06,0.264255
1999-02-07,0.270085
1999-02-08,0.504819
1999-02-09,0.438720
1999-02-10,0.385704
1999-02-11,0.251770
1999-02-12,0.657112
1999-02-13,0.484228
1999-02-14,0.321596
1999-02-15,0.600731
1999-02-16,0.564337
1999-02-17,0.499122
1999-02-18,0.710391
1999-02-19,0.625315
1999-02-20,0.836129
1999-02-21,0.561795
1999-02-22,0.547141
1999-02-23,0.802926
1999-02-24,0.799832
1999-02-25,0.935156
1999-02-26,0.922875
1999-02-27,0.812509
1999-02-28,0.790114
1999-03-01,0.830614
1999-03-02,1.064574
1999-03-03,1.044205
1999-03-04,0.741530
1999-03-05,1.108105
1999-03-06,1.211874
1999-03-07,1.259134
1999-03-08,1.178997
1999-03-09,1.292164
1999-03-10,1.242436
1999-03-11,1.140757
1999-03-12,0.997038
1999-03-13,1.103005
1999-03-14,1.405656
1999-03-15,1.397299
1999-03-16,1.091449
1999-03-17,0.983679
1999-03-18,1.234029
1999-03-19,1.155977
1999-03-20,1.313706
1999-03-21,1.518846
1999-03-22,1.415309
1999-03-23,1.705894
1999-03-24,1.494574
1999-03-25,1.613747
1999-03-26,1.625547
1999-03-27,1.521821
1999-03-28,1.582778
1999-03-29,1.584423
1999-03-30,1.780737
1999-03-31,1.882691
1999-04-01,1.934970
1999-04-02,2.019948
1999-04-03,1.785383
1999-04-04,1.965637
1999-04-05,2.154582
1999-04-06,2.028099
1999-04-07,1.818067
1999-04-08,1.827245
1999-04-09,1.837965
1999-04-10,2.089555
1999-04-11,1.872591
1999-04-12,2.123613
1999-04-13,1.717649
1999-04-14,2.044681
1999-04-15,2.061680
1999-04-16,2.356418
1999-04-17,2.034667
1999-04-18,2.258766
1999-04-19,2.203077
1999-04-20,2.235608
1999-04-21,2.369771
1999-04-22,2.341870
1999-04-23,2.489819
1999-04-24,2.246722
1999-04-25,2.307270
1999-04-26,2.411959
1999-04-27,2.551705
1999-04-28,2.633446
1999-04-29,2.621259
1999-04-30,2.588462
1999-05-01,2.687441
1999-05-02,2.620919
1999-05-03,2.895297
1999-05-04,2.460174
1999-05-05,2.697235
1999-05-06,2.963526
1999-05-07,2.964869
1999-05-08,3.143212
1999-05-09,2.733411
1999-05-10,2.616883
1999-05-11,2.790765
1999-05-12,2.984921
1999-05-13,2.919168
1999-05-14,3.099897
1999-05-15,2.895524
1999-05-16,3.114680
1999-05-17,2.933577
1999-05-18,2.776620
1999-05-19,2.857943
1999-05-20,3.103354
1999-05-21,3.393183
1999-05-22,3.263270
1999-05-23,3.263969
1999-05-24,3.212809
1999-05-25,3.189418
1999-05-26,3.231371
1999-05-27,3.286126
1999-05-28,3.434291
1999-05-29,3.232884
1999-05-30,3.591281
1999-05-31,3.414294
1999-06-01,3.408665
1999-06-02,3.431543
1999-06-03,3.793519
1999-06-04,3.471989
1999-06-05,3.475629
1999-06-06,3.308715
1999-06-07,3.564901
1999-06-08,3.670216
1999-06-09,3.554318
1999-06-10,3.551344
1999-06-11,3.485761
1999-06-12,3.492419
1999-06-13,3.653096
1999-06-14,3.720150
1999-06-15,3.524132
1999-06-16,3.624649
1999-06-17,3.569428
1999-06-18,3.329145
1999-06-19,3.596168
1999-06-20,3.662010
1999-06-21,3.463631
1999-06-22,3.846294
1999-06-23,3.844889
1999-06-24,3.958489
1999-06-25,3.743759
1999-06-26,3.692168
1999-06-27,3.576324
1999-06-28,3.815834
1999-06-29,3.511982
1999-06-30,3.887041
1999-07-01,3.790746
1999-07-02,3.432591
1999-07-03,3.844509
1999-07-04,3.716366
1999-07-05,3.496788
1999-07-06,3.686887
1999-07-07,3.927643
1999-07-08,3.679040
1999-07-09,3.975019
1999-07-10,3.660215
1999-07-11,3.874900
1999-07-12,3.731201
1999-07-13,3.858636
1999-07-14,3.655360
1999-07-15,3.790777
1999-07-16,3.613368
1999-07-17,3.582503
1999-07-18,3.551077
1999-07-19,4.102771
1999-07-20,3.699646
1999-07-21,3.769733
1999-07-22,3.507346
1999-07-23,3.830427
1999-07-24,3.898507
1999-07-25,3.745441
1999-07-26,3.924963
1999-07-27,3.796569
1999-07-28,3.701683
1999-07-29,3.803749
1999-07-30,3.681408
1999-07-31,3.550404
1999-08-01,3.448695
1999-08-02,3.697069
1999-08-03,3.754864
1999-08-04,3.586952
1999-08-05,3.583818
1999-08-06,3.440713
1999-08-07,3.554613
1999-08-08,3.721961
1999-08-09,3.544970
1999-08-10,3.649747
1999-08-11,3.765292
1999-08-12,3.515486
1999-08-13,3.452375
1999-08-14,3.255980
1999-08-15,3.505417
1999-08-16,3.485184
1999-08-17,3.079365
1999-08-18,3.783521
1999-08-19,3.442486
1999-08-20,3.229657
1999-08-21,3.373108
1999-08-22,3.244230
1999-08-23,3.187624
1999-08-24,3.194518
1999-08-25,3.167483
1999-08-26,3.235369
1999-08-27,3.219258
1999-08-28,3.354786
1999-08-29,3.070852
1999-08-30,3.334488
1999-08-31,3.263118
1999-09-01,3.083451
1999-09-02,3.341305
1999-09-03,2.938686
1999-09-04,2.919238
1999-09-05,2.865072
1999-09-06,3.036624
1999-09-07,2.785986
1999-09-08,2.975080
1999-09-09,3.209939
1999-09-10,3.132540
1999-09-11,2.594356
1999-09-12,2.966738
1999-09-13,2.679549
1999-09-14,2.621367
1999-09-15,2.673181
1999-09-16,2.921784
1999-09-17,2.781146
1999-09-18,2.856812
1999-09-19,2.903497
1999-09-20,2.579883
1999-09-21,2.654160
1999-09-22,2.658612
1999-09-23,2.255893
1999-09-24,2.750898
1999-09-25,2.328948
1999-09-26,2.505457
1999-09-27,2.532436
1999-09-28,2.623771
1999-09-29,2.267667
1999-09-30,2.266475
1999-10-01,2.220825
1999-10-02,2.326125
1999-10-03,2.055256
1999-10-04,2.039218
1999-10-05,2.212287
1999-10-06,2.055711
1999-10-07,1.987462
1999-10-08,2.231144
1999-10-09,1.919043
1999-10-10,1.802727
1999-10-11,2.119775
1999-10-12,1.935704
1999-10-13,1.871482
1999-10-14,1.942279
1999-10-15,1.854445
1999-10-16,1.778567
1999-10-17,1.752903
1999-10-18,1.910795
1999-10-19,1.725351
1999-10-20,1.526533
1999-10-21,1.218593
1999-10-22,1.344898
1999-10-23,1.738075
1999-10-24,1.621423
1999-10-25,1.402655
1999-10-26,1.382446
1999-10-27,1.294017
1999-10-28,1.367659
1999-10-29,1.304995
1999-10-30,1.309541
1999-10-31,1.303770
1999-11-01,1.220122
1999-11-02,1.171225
1999-11-03,1.433972
1999-11-04,1.100953
1999-11-05,1.145051
1999-11-06,1.342621
1999-11-07,1.237362
1999-11-08,1.216447
1999-11-09,0.846406
1999-11-10,1.116930
1999-11-11,0.988446
1999-11-12,0.902033
1999-11-13,1.025822
1999-11-14,0.623417
1999-11-15,1.038877
1999-11-16,0.837064
1999-11-17,1.022180
1999-11-18,0.634198
1999-11-19,0.714277
1999-11-20,0.939327
1999-11-21,0.892378
1999-11-22,0.808724
1999-11-23,0.572823
1999-11-24,0.720896
1999-11-25,0.841712
1999-11-26,0.713948
1999-11-27,0.581701
1999-11-28,0.475244
1999-11-29,0.418805
1999-11-30,0.703182
1999-12-01,0.495082
1999-12-02,0.705827
1999-12-03,0.801906
1999-12-04,0.622622
1999-12-05,0.507864
1999-12-06,0.604435
1999-12-07,0.609033
1999-12-08,0.366014
1999-12-09,0.523967
1999-12-10,0.390703
1999-12-11,0.386623
1999-12-12,0.454338
1999-12-13,0.310203
1999-12-14,0.264443
1999-12-15,0.338380
1999-12-16,0.095276
1999-12-17,0.305942
1999-12-18,0.633896
1999-12-19,0.316549
1999-12-20,0.217569
1999-12-21,0.251490
1999-12-22,0.263051
1999-12-23,0.238337
1999-12-24,0.046201
1999-12-25,0.283547
1999-12-26,0.144786
1999-12-27,0.216384
1999-12-28,0.097250
1999-12-29,0.136230
1999-12-30,0.350061
1999-12-31,0.006994
2000-01-01,0.324737
2000-01-02,0.297550
2000-01-03,0.318280
2000-01-04,0.194959
2000-01-05,0.428644
2000-01-06,0.509107
2000-01-07,0.280180
2000-01-08,0.000000
2000-01-09,0.299268
2000-01-10,0.230814
2000-01-11,0.099023
2000-01-12,0.000000
2000-01-13,0.214304
2000-01-14,0.055368
2000-01-15,0.000000
2000-01-16,0.048562
2000-01-17,0.040916
2000-01-18,0.100087
2000-01-19,0.619921
2000-01-20,0.276687
2000-01-21,0.162199
2000-01-22,0.344466
2000-01-23,0.014951
2000-01-24,0.170863
2000-01-25,0.328220
2000-01-26,0.429607
2000-01-27,0.008817
2000-01-28,0.224036
2000-01-29,0.468031
2000-01-30,0.310135
2000-01-31,0.170313
2000-02-01,0.267851
2000-02-02,0.117384
2000-02-03,0.398226
2000-02-04,0.455978
2000-02-05,0.404250
2000-02-06,0.256491
2000-02-07,0.451092
2000-02-08,0.414264
2000-02-09,0.423628
2000-02-10,0.660437
2000-02-11,0.650386
2000-02-12,0.222182
2000-02-13,0.659860
2000-02-14,0.617793
2000-02-15,0.634065
2000-02-16,0.688261
2000-02-17,0.534009
2000-02-18,0.693892
2000-02-19,0.620288
2000-02-20,0.619291
2000-02-21,0.651792
2000-02-22,0.477336
2000-02-23,0.742048
2000-02-24,0.925779
2000-02-25,0.710104
2000-02-26,1.036764
2000-02-27,0.690360
2000-02-28,0.743825
2000-02-29,0.947055
2000-03-01,0.961476
2000-03-02,0.925310
2000-03-03,0.943264
2000-03-04,0.881574
2000-03-05,1.154765
2000-03-06,0.895904
2000-03-07,0.874780
2000-03-08,1.125153
2000-03-09,1.021852
2000-03-10,1.256522
2000-03-11,1.293344
2000-03-12,1.485413
2000-03-13,1.280287
2000-03-14,1.407937
2000-03-15,1.198168
2000-03-16,1.368787
2000-03-17,1.160776
2000-03-18,1.169492
2000-03-19,1.329764
2000-03-20,1.406438
2000-03-21,1.250457
2000-03-22,1.452687
2000-03-23,1.337710
2000-03-24,1.631241
2000-03-25,1.487582
2000-03-26,1.448555
2000-03-27,1.434344
2000-03-28,1.514398
2000-03-29,1.630286
2000-03-30,1.751812
2000-03-31,1.771327
2000-04-01,1.655733
2000-04-02,1.786347
2000-04-03,1.830945
2000-04-04,2.037193
2000-04-05,1.529570
2000-04-06,1.850635
2000-04-07,2.173673
2000-04-08,1.987010
2000-04-09,2.088643
2000-04-10,2.183907
2000-04-11,1.779097
2000-04-12,2.324122
2000-04-13,2.209256
2000-04-14,1.981431
2000-04-15,2.320877
2000-04-16,2.543254
2000-04-17,2.132678
2000-04-18,2.494524
2000-04-19,2.406883
2000-04-20,2.003922
2000-04-21,2.427776
2000-04-22,2.263849
2000-04-23,2.265530
2000-04-24,2.373964
2000-04-25,2.509231
2000-04-26,2.545003
2000-04-27,2.364427
2000-04-28,2.469675
2000-04-29,2.575272
2000-04-30,2.560985
2000-05-01,2.773526
2000-05-02,2.607303
2000-05-03,2.552280
2000-05-04,2.845172
2000-05-05,2.953280
2000-05-06,2.729097
2000-05-07,3.047155
2000-05-08,2.726434
2000-05-09,3.083139
2000-05-10,2.856332
2000-05-11,3.082986
2000-05-12,3.100152
2000-05-13,2.974947
2000-05-14,2.976937
2000-05-15,3.091105
2000-05-16,3.193919
2000-05-17,3.149746
2000-05-18,3.396448
2000-05-19,3.237568
2000-05-20,3.290100
2000-05-21,3.227900
2000-05-22,3.349908
2000-05-23,3.326038
2000-05-24,3.198696
2000-05-25,3.438881
2000-05-26,3.321591
2000-05-27,3.109954
2000-05-28,3.292479
2000-05-29,3.429122
2000-05-30,3.213840
2000-05-31,3.473354
2000-06-01,3.412842
2000-06-02,3.198469
2000-06-03,3.661833
2000-06-04,3.649488
2000-06-05,3.358767
2000-06-06,3.546400
2000-06-07,3.444640
2000-06-08,3.803242
2000-06-09,3.470540
2000-06-10,3.532760
2000-06-11,3.511626
2000-06-12,3.917928
2000-06-13,3.657907
2000-06-14,3.761317
2000-06-15,3.459904
2000-06-16,3.670771
2000-06-17,3.682466
2000-06-18,3.756655
2000-06-19,3.703795
2000-06-20,3.762800
2000-06-21,3.764917
2000-06-22,3.498036
2000-06-23,3.743615
2000-06-24,3.953133
2000-06-25,4.112349
2000-06-26,3.546756
2000-06-27,3.722609
2000-06-28,3.784341
2000-06-29,3.588527
2000-06-30,3.806640
2000-07-01,3.932183
2000-07-02,4.081636
2000-07-03,4.031994
2000-07-04,3.903529
2000-07-05,3.626066
2000-07-06,3.818513
2000-07-07,4.079139
2000-07-08,3.816560
2000-07-09,3.680068
2000-07-10,3.851946
2000-07-11,3.886939
2000-07-12,3.834463
2000-07-13,3.675768
2000-07-14,3.837428
2000-07-15,3.689129
2000-07-16,3.983569
2000-07-17,4.001320
2000-07-18,3.672055
2000-07-19,3.505121
2000-07-20,3.799242
2000-07-21,3.694525
2000-07-22,3.752131
2000-07-23,3.684633
2000-07-24,3.714653
2000-07-25,3.582446
2000-07-26,3.804172
2000-07-27,3.637394
2000-07-28,3.999679
2000-07-29,3.453273
2000-07-30,3.692494
2000-07-31,3.539170
2000-08-01,3.716226
2000-08-02,3.795121
2000-08-03,3.872927
2000-08-04,3.580345
2000-08-05,3.584419
2000-08-06,3.561522
2000-08-07,3.680870
2000-08-08,3.411755
2000-08-09,3.676289
2000-08-10,3.259627
2000-08-11,3.379124
2000-08-12,3.396593
2000-08-13,3.373614
2000-08-14,3.606259
2000-08-15,3.428990
2000-08-16,3.283243
2000-08-17,3.291163
2000-08-18,3.454012
2000-08-19,3.154707
2000-08-20,3.497518
2000-08-21,3.455902
2000-08-22,3.153508
2000-08-23,3.236654
2000-08-24,3.108877
2000-08-25,3.163667
2000-08-26,3.262476
2000-08-27,3.549940
2000-08-28,3.158616
2000-08-29,3.071285
2000-08-30,3.081134
2000-08-31,2.930573
2000-09-01,2.931728
2000-09-02,3.158570
2000-09-03,3.110997
2000-09-04,2.958168
2000-09-05,2.950519
2000-09-06,3.074048
2000-09-07,3.171783
2000-09-08,2.806235
2000-09-09,2.804507
2000-09-10,3.090046
2000-09-11,3.005032
2000-09-12,2.665690
2000-09-13,2.735997
2000-09-14,2.544148
2000-09-15,2.533479
2000-09-16,2.756072
2000-09-17,2.854212
2000-09-18,2.429954
2000-09-19,2.699274
2000-09-20,2.481441
2000-09-21,2.502872
2000-09-22,2.373296
2000-09-23,2.119055
2000-09-24,2.402975
2000-09-25,2.403359
2000-09-26,2.099789
2000-09-27,2.436737
2000-09-28,2.353632
2000-09-29,2.111502
2000-09-30,2.337917
2000-10-01,2.211102
2000-10-02,2.000517
2000-10-03,2.405486
2000-10-04,1.968485
2000-10-05,2.258938
2000-10-06,1.845401
2000-10-07,1.993359
2000-10-08,2.197521
2000-10-09,1.778743
2000-10-10,1.706275
2000-10-11,1.867268
2000-10-12,1.914034
2000-10-13,1.997898
2000-10-14,1.845882
2000-10-15,1.692376
2000-10-16,1.710891
2000-10-17,2.075364
2000-10-18,1.637424
2000-10-19,1.779358
2000-10-20,1.404207
2000-10-21,1.648017
2000-10-22,1.491594
2000-10-23,1.254266
2000-10-24,1.536473
2000-10-25,1.351762
2000-10-26,1.448380
2000-10-27,1.378686
2000-10-28,1.401975
2000-10-29,1.349966
2000-10-30,1.141463
2000-10-31,1.368337
2000-11-01,1.467283
2000-11-02,1.270805
2000-11-03,0.947388
2000-11-04,1.257804
2000-11-05,1.224076
2000-11-06,1.167540
2000-11-07,1.567030
2000-11-08,0.915320
2000-11-09,1.084724
2000-11-10,0.996060
2000-11-11,1.352472
2000-11-12,0.718471
2000-11-13,0.826129
2000-11-14,1.210061
2000-11-15,0.958702
2000-11-16,0.729652
2000-11-17,0.621154
2000-11-18,0.956588
2000-11-19,0.661608
2000-11-20,0.962021
2000-11-21,0.544177
2000-11-22,0.570287
2000-11-23,0.799698
2000-11-24,0.653335
2000-11-25,0.751833
2000-11-26,0.888875
2000-11-27,0.387626
2000-11-28,0.537012
2000-11-29,0.554270
2000-11-30,0.604797
2000-12-01,0.506947
2000-12-02,0.613266
2000-12-03,0.418866
2000-12-04,0.265451
2000-12-05,0.490919
2000-12-06,0.486076
2000-12-07,0.297272
2000-12-08,0.447344
2000-12-09,0.176763
2000-12-10,0.370256
2000-12-11,0.317605
2000-12-12,0.375864
2000-12-13,0.349518
2000-12-14,0.360417
2000-12-15,0.274041
2000-12-16,0.349388
2000-12-17,0.525151
2000-12-18,0.693129
2000-12-19,0.329629
2000-12-20,0.007179
2000-12-21,0.225218
2000-12-22,0.403834
2000-12-23,0.254934
2000-12-24,0.179961
2000-12-25,0.147700
2000-12-26,0.418416
2000-12-27,0.403854
2000-12-28,0.282277
2000-12-29,0.239974
2000-12-30,0.000000
2000-12-31,0.162222
2001-01-01,0.302664
2001-01-02,0.000000
2001-01-03,0.199533
2001-01-04,0.162465
2001-01-05,0.058864
2001-01-06,0.474326
2001-01-07,0.128294
2001-01-08,0.426352
2001-01-09,0.215386
2001-01-10,0.255361
2001-01-11,0.073220
2001-01-12,0.396101
2001-01-13,0.245436
2001-01-14,0.036599
2001-01-15,0.100290
2001-01-16,0.318974
2001-01-17,0.270708
2001-01-18,0.192102
2001-01-19,0.162543
2001-01-20,0.067387
2001-01-21,0.082622
2001-01-22,0.133118
2001-01-23,0.282740
2001-01-24,0.370060
2001-01-25,0.098390
2001-01-26,0.120363
2001-01-27,0.156923
2001-01-28,0.164042
2001-01-29,0.714887
2001-01-30,0.256421
2001-01-31,0.417528
2001-02-01,0.209324
2001-02-02,0.104530
2001-02-03,0.646122
2001-02-04,0.273904
2001-02-05,0.429662
2001-02-06,0.235225
2001-02-07,0.182325
2001-02-08,0.486731
2001-02-09,0.354590
2001-02-10,0.375078
2001-02-11,0.495197
2001-02-12,0.329153
2001-02-13,0.774234
2001-02-14,0.639802
2001-02-15,0.632027
2001-02-16,0.400203
2001-02-17,0.737082
2001-02-18,0.693351
2001-02-19,0.657018
2001-02-20,0.545159
2001-02-21,0.671315
2001-02-22,0.533003
2001-02-23,0.734100
2001-02-24,0.857228
2001-02-25,0.615492
2001-02-26,0.561342
2001-02-27,0.930261
2001-02-28,0.822643
2001-03-01,0.866948
2001-03-02,0.988557
2001-03-03,0.840939
2001-03-04,0.785320
2001-03-05,0.935741
2001-03-06,0.978811
2001-03-07,1.062779
2001-03-08,0.988848
2001-03-09,0.909990
2001-03-10,1.153860
2001-03-11,1.127141
2001-03-12,1.305793
2001-03-13,1.165271
2001-03-14,1.395625
2001-03-15,1.154189
2001-03-16,1.301646
2001-03-17,1.456062
2001-03-18,1.445887
2001-03-19,1.028943
2001-03-20,1.264446
2001-03-21,1.456265
2001-03-22,1.803168
2001-03-23,1.391917
2001-03-24,1.698060
2001-03-25,1.562857
2001-03-26,1.463250
2001-03-27,1.547198
2001-03-28,1.619994
2001-03-29,1.628653
2001-03-30,1.759105
2001-03-31,1.814140
2001-04-01,1.413957
2001-04-02,1.917090
2001-04-03,1.714146
2001-04-04,1.810554
2001-04-05,1.695040
2001-04-06,1.708381
2001-04-07,1.730986
2001-04-08,1.991325
2001-04-09,1.792436
2001-04-10,1.904336
2001-04-11,2.125042
2001-04-12,1.732280
2001-04-13,1.918174
2001-04-14,2.034280
2001-04-15,2.323110
2001-04-16,2.234294
2001-04-17,2.200202
2001-04-18,2.498432
2001-04-19,2.536012
2001-04-20,2.160581
2001-04-21,2.177531
2001-04-22,2.204421
2001-04-23,2.491826
2001-04-24,2.431415
2001-04-25,2.204759
2001-04-26,2.480147
2001-04-27,2.482434
2001-04-28,2.752127
2001-04-29,2.463856
2001-04-30,2.640786
2001-05-01,2.473785
2001-05-02,3.010778
2001-05-03,2.873031
2001-05-04,2.874145
2001-05-05,2.875425
2001-05-06,2.555067
2001-05-07,2.498154
2001-05-08,2.759603
2001-05-09,2.975810
2001-05-10,3.019564
2001-05-11,2.614299
2001-05-12,3.031999
2001-05-13,3.357580
2001-05-14,3.046191
2001-05-15,3.150645
2001-05-16,2.687782
2001-05-17,3.333260
2001-05-18,3.069921
2001-05-19,3.132650
2001-05-20,2.856696
2001-05-21,3.278413
2001-05-22,2.956148
2001-05-23,3.217267
2001-05-24,3.196104
2001-05-25,3.223577
2001-05-26,3.376734
2001-05-27,3.119486
2001-05-28,3.318617
2001-05-29,3.504406
2001-05-30,3.433741
2001-05-31,3.229374
2001-06-01,3.355259
2001-06-02,3.416784
2001-06-03,3.058511
2001-06-04,3.478958
2001-06-05,3.585878
2001-06-06,3.285804
2001-06-07,3.655484
2001-06-08,3.260991
2001-06-09,3.633126
2001-06-10,3.758621
2001-06-11,3.709144
2001-06-12,3.425249
2001-06-13,3.476547
2001-06-14,3.899027
2001-06-15,3.872091
2001-06-16,3.743168
2001-06-17,3.919867
2001-06-18,3.946100
2001-06-19,3.397490
2001-06-20,3.721784
2001-06-21,3.773791
2001-06-22,3.790149
2001-06-23,3.808095
2001-06-24,3.750847
2001-06-25,3.774828
2001-06-26,3.729275
2001-06-27,3.971287
2001-06-28,3.905074
2001-06-29,4.031845
2001-06-30,3.934223
2001-07-01,3.650006
2001-07-02,3.758879
2001-07-03,3.646882
2001-07-04,3.771732
2001-07-05,3.796809
2001-07-06,3.797827
2001-07-07,3.741594
2001-07-08,4.013826
2001-07-09,3.879485
2001-07-10,3.693572
2001-07-11,3.533741
2001-07-12,3.772438
2001-07-13,3.989761
2001-07-14,3.874142
2001-07-15,3.915941
2001-07-16,3.846607
2001-07-17,3.506197
2001-07-18,3.751627
2001-07-19,3.738780
2001-07-20,3.568717
2001-07-21,3.792155
2001-07-22,3.936813
2001-07-23,3.881043
2001-07-24,3.904252
2001-07-25,3.939854
2001-07-26,3.573301
2001-07-27,3.680521
2001-07-28,3.508675
2001-07-29,3.580145
2001-07-30,3.453119
2001-07-31,3.726483
2001-08-01,3.974950
2001-08-02,3.632540
2001-08-03,3.561974
2001-08-04,3.594393
2001-08-05,3.653736
2001-08-06,3.667948
2001-08-07,3.473380
2001-08-08,3.588397
2001-08-09,3.646877
2001-08-10,3.652571
2001-08-11,3.509441
2001-08-12,3.836661
2001-08-13,3.442676
2001-08-14,3.406418
2001-08-15,3.408685
2001-08-16,3.488105
2001-08-17,3.457888
2001-08-18,3.372850
2001-08-19,3.448684
2001-08-20,3.514573
2001-08-21,3.148653
2001-08-22,3.431409
2001-08-23,3.352183
2001-08-24,3.460006
2001-08-25,3.361662
2001-08-26,3.372157
2001-08-27,3.196256
2001-08-28,3.118719
2001-08-29,3.260272
2001-08-30,3.123494
2001-08-31,3.330791
2001-09-01,3.154069
2001-09-02,3.105638
2001-09-03,2.952215
2001-09-04,3.156854
2001-09-05,2.913463
2001-09-06,3.112679
2001-09-07,3.104880
2001-09-08,3.056233
2001-09-09,3.262240
2001-09-10,2.859733
2001-09-11,2.840339
2001-09-12,2.624098
2001-09-13,2.840689
2001-09-14,2.834130
2001-09-15,2.752520
2001-09-16,2.717168
2001-09-17,2.818027
2001-09-18,2.769848
2001-09-19,2.253298
2001-09-20,2.760845
2001-09-21,2.594031
2001-09-22,2.488798
2001-09-23,2.464741
2001-09-24,2.478673
2001-09-25,2.408286
2001-09-26,2.333475
2001-09-27,2.414474
2001-09-28,2.502338
2001-09-29,2.445647
2001-09-30,2.264805
2001-10-01,2.295761
2001-10-02,1.924239
2001-10-03,2.186459
2001-10-04,2.075338
2001-10-05,1.997857
2001-10-06,2.125441
2001-10-07,2.112254
2001-10-08,2.108679
2001-10-09,1.902314
2001-10-10,2.216495
2001-10-11,1.835823
2001-10-12,1.915590
2001-10-13,1.629817
2001-10-14,1.937407
2001-10-15,1.833252
2001-10-16,1.938430
2001-10-17,2.008596
2001-10-18,1.907358
2001-10-19,1.673265
2001-10-20,1.795933
2001-10-21,1.654589
2001-10-22,1.621309
2001-10-23,1.639353
2001-10-24,1.836912
2001-10-25,1.491508
2001-10-26,1.507151
2001-10-27,1.345250
2001-10-28,1.514054
2001-10-29,1.096010
2001-10-30,1.415830
2001-10-31,1.429502
2001-11-01,1.308347
2001-11-02,1.274380
2001-11-03,1.210012
2001-11-04,1.326218
2001-11-05,0.996615
2001-11-06,1.051534
2001-11-07,1.308880
2001-11-08,1.318208
2001-11-09,1.325492
2001-11-10,0.980651
2001-11-11,0.937723
2001-11-12,0.958415
2001-11-13,1.115755
2001-11-14,0.730724
2001-11-15,0.852377
2001-11-16,0.935920
2001-11-17,0.820163
2001-11-18,0.803131
2001-11-19,0.936191
2001-11-20,1.020217
2001-11-21,0.760730
2001-11-22,0.831376
2001-11-23,0.905241
2001-11-24,0.654673
2001-11-25,0.859277
2001-11-26,0.770020
2001-11-27,0.768765
2001-11-28,0.430772
2001-11-29,1.022153
2001-11-30,0.668482
2001-12-01,0.831971
2001-12-02,0.841907
2001-12-03,0.617254
2001-12-04,0.407968
2001-12-05,0.444632
2001-12-06,0.479934
2001-12-07,0.550302
2001-12-08,0.481259
2001-12-09,0.384288
2001-12-10,0.400536
2001-12-11,0.597243
2001-12-12,0.352059
2001-12-13,0.447645
2001-12-14,0.345462
2001-12-15,0.426934
2001-12-16,0.174631
2001-12-17,0.129852
2001-12-18,0.469092
2001-12-19,0.270125
2001-12-20,0.504656
2001-12-21,0.143604
2001-12-22,0.250389
2001-12-23,0.118709
2001-12-24,0.288115
2001-12-25,0.564105
2001-12-26,0.000000
2001-12-27,0.208683
2001-12-28,0.168311
2001-12-29,0.000000
2001-12-30,0.353850
2001-12-31,0.369104
2002-01-01,0.119054
2002-01-02,0.191938
2002-01-03,0.372966
2002-01-04,0.452582
2002-01-05,0.240534
2002-01-06,0.000000
2002-01-07,0.283723
2002-01-08,0.606970
2002-01-09,0.139308
2002-01-10,0.230254
2002-01-11,0.225927
2002-01-12,0.127937
2002-01-13,0.485436
2002-01-14,0.317142
2002-01-15,0.328276
2002-01-16,0.361054
2002-01-17,0.259645
2002-01-18,0.202210
2002-01-19,0.000000
2002-01-20,0.468374
2002-01-21,0.135787
2002-01-22,0.341127
2002-01-23,0.218637
2002-01-24,0.072963
2002-01-25,0.118050
2002-01-26,0.348299
2002-01-27,0.360165
2002-01-28,0.248504
2002-01-29,0.405192
2002-01-30,0.146214
2002-01-31,0.286062
2002-02-01,0.296656
2002-02-02,0.712946
2002-02-03,0.453216
2002-02-04,0.402627
2002-02-05,0.458339
2002-02-06,0.793300
2002-02-07,0.322520
2002-02-08,0.503448
2002-02-09,0.545767
2002-02-10,0.690384
2002-02-11,0.542845
2002-02-12,0.507949
2002-02-13,0.645963
2002-02-14,0.754068
2002-02-15,0.204161
2002-02-16,0.595539
2002-02-17,0.611460
2002-02-18,0.636364
2002-02-19,0.642448
2002-02-20,0.651438
2002-02-21,0.704276
2002-02-22,0.799652
2002-02-23,0.746351
2002-02-24,0.752394
2002-02-25,0.651363
2002-02-26,0.773168
2002-02-27,0.748236
2002-02-28,1.062472
2002-03-01,0.765794
2002-03-02,0.944291
2002-03-03,0.916681
2002-03-04,0.939619
2002-03-05,0.760839
2002-03-06,0.960750
2002-03-07,1.106531
2002-03-08,0.470850
2002-03-09,1.113070
2002-03-10,1.137127
2002-03-11,1.121462
2002-03-12,1.107844
2002-03-13,1.446883
2002-03-14,1.112029
2002-03-15,1.033883
2002-03-16,1.416027
2002-03-17,1.084693
2002-03-18,1.106305
2002-03-19,1.447570
2002-03-20,1.497997
2002-03-21,1.618782
2002-03-22,1.322333
2002-03-23,1.290655
2002-03-24,1.390035
2002-03-25,1.546101
2002-03-26,1.301639
2002-03-27,1.557631
2002-03-28,1.393184
2002-03-29,1.488025
2002-03-30,1.782494
2002-03-31,1.678413
2002-04-01,1.596409
2002-04-02,2.120527
2002-04-03,1.758317
2002-04-04,2.096388
2002-04-05,1.739481
2002-04-06,1.712310
2002-04-07,1.856589
2002-04-08,1.932425
2002-04-09,2.081337
2002-04-10,2.321280
2002-04-11,2.136833
2002-04-12,2.223741
2002-04-13,1.724848
2002-04-14,1.896999
2002-04-15,2.133124
2002-04-16,2.185911
2002-04-17,2.291646
2002-04-18,2.480650
2002-04-19,2.440254
2002-04-20,2.367674
2002-04-21,2.320500
2002-04-22,2.624383
2002-04-23,2.575433
2002-04-24,2.337323
2002-04-25,2.660247
2002-04-26,2.353765
2002-04-27,2.469880
2002-04-28,2.538342
2002-04-29,2.754542
2002-04-30,2.629453
2002-05-01,2.251907
2002-05-02,2.519074
2002-05-03,3.069048
2002-05-04,2.765644
2002-05-05,2.858400
2002-05-06,2.791966
2002-05-07,2.787232
2002-05-08,2.747336
2002-05-09,2.961826
2002-05-10,2.898765
2002-05-11,3.069484
2002-05-12,3.071386
2002-05-13,2.992559
2002-05-14,3.186038
2002-05-15,2.948112
2002-05-16,3.044342
2002-05-17,3.268000
2002-05-18,3.009435
2002-05-19,2.832210
2002-05-20,3.065794
2002-05-21,3.202113
2002-05-22,3.239450
2002-05-23,3.230566
2002-05-24,3.436448
2002-05-25,3.494361
2002-05-26,3.230781
2002-05-27,3.032970
2002-05-28,3.272487
2002-05-29,3.164149
2002-05-30,3.513915
2002-05-31,3.481357
2002-06-01,3.595418
2002-06-02,3.318712
2002-06-03,3.240392
2002-06-04,3.443172
2002-06-05,3.520109
2002-06-06,3.103871
2002-06-07,3.699090
2002-06-08,3.783514
2002-06-09,3.662101
2002-06-10,3.703523
2002-06-11,3.518813
2002-06-12,3.590410
2002-06-13,3.594872
2002-06-14,3.751283
2002-06-15,3.702810
2002-06-16,3.726098
2002-06-17,3.839475
2002-06-18,3.557703
2002-06-19,3.726075
2002-06-20,3.812520
2002-06-21,3.802939
2002-06-22,3.679215
2002-06-23,3.748855
2002-06-24,3.728843
2002-06-25,3.713427
2002-06-26,3.830677
2002-06-27,3.966478
2002-06-28,3.904266
2002-06-29,3.946877
2002-06-30,3.713512
2002-07-01,3.683671
2002-07-02,3.946331
2002-07-03,3.648495
2002-07-04,3.463091
2002-07-05,3.610104
2002-07-06,3.604840
2002-07-07,3.933539
2002-07-08,3.776569
2002-07-09,4.020148
2002-07-10,3.824889
2002-07-11,3.857513
2002-07-12,3.752918
2002-07-13,3.962443
2002-07-14,3.829565
2002-07-15,3.817734
2002-07-16,3.836199
2002-07-17,3.758799
2002-07-18,3.798875
2002-07-19,3.945579
2002-07-20,3.873380
2002-07-21,3.605214
2002-07-22,3.740473
2002-07-23,3.993631
2002-07-24,3.794839
2002-07-25,3.740295
2002-07-26,3.641618
2002-07-27,3.804156
2002-07-28,3.709278
2002-07-29,3.675658
2002-07-30,3.357654
2002-07-31,3.562103
2002-08-01,3.737747
2002-08-02,3.819266
2002-08-03,3.807422
2002-08-04,3.623287
2002-08-05,3.811274
2002-08-06,3.489721
2002-08-07,3.724718
2002-08-08,3.359181
2002-08-09,3.677769
2002-08-10,3.599106
2002-08-11,3.811088
2002-08-12,3.780130
2002-08-13,3.296542
2002-08-14,3.492135
2002-08-15,3.341622
2002-08-16,3.391938
2002-08-17,3.041067
2002-08-18,3.383833
2002-08-19,3.484738
2002-08-20,3.476317
2002-08-21,3.483831
2002-08-22,3.628494
2002-08-23,3.292289
2002-08-24,3.207509
2002-08-25,3.538639
2002-08-26,3.456651
2002-08-27,3.260482
2002-08-28,3.195975
2002-08-29,3.196787
2002-08-30,2.910558
2002-08-31,3.135342
2002-09-01,3.038498
2002-09-02,3.013126
2002-09-03,3.040699
2002-09-04,2.861939
2002-09-05,3.074988
2002-09-06,3.072431
2002-09-07,2.811413
2002-09-08,2.875380
2002-09-09,2.751213
2002-09-10,2.886668
2002-09-11,3.024290
2002-09-12,3.134545
2002-09-13,2.806660
2002-09-14,2.518676
2002-09-15,2.856536
2002-09-16,2.829999
2002-09-17,2.826626
2002-09-18,2.610298
2002-09-19,2.803726
2002-09-20,2.581442
2002-09-21,2.701167
2002-09-22,2.345873
2002-09-23,2.401759
2002-09-24,2.568660
2002-09-25,2.400130
2002-09-26,2.274159
2002-09-27,2.433324
2002-09-28,2.422380
2002-09-29,2.700619
2002-09-30,2.257970
2002-10-01,2.148970
2002-10-02,2.123488
2002-10-03,2.498037
2002-10-04,2.169829
2002-10-05,1.867017
2002-10-06,2.217477
2002-10-07,2.055547
2002-10-08,2.258402
2002-10-09,1.740996
2002-10-10,2.035520
2002-10-11,1.854336
2002-10-12,1.758507
2002-10-13,1.804358
2002-10-14,1.755666
2002-10-15,2.230496
2002-10-16,1.895601
2002-10-17,1.911171
2002-10-18,1.854819
2002-10-19,1.538574
2002-10-20,1.679799
2002-10-21,1.623351
2002-10-22,1.699505
2002-10-23,1.617149
2002-10-24,1.857816
2002-10-25,1.578071
2002-10-26,1.380566
2002-10-27,1.414931
2002-10-28,1.586838
2002-10-29,1.400937
2002-10-30,1.236021
2002-10-31,1.394735
2002-11-01,1.383496
2002-11-02,1.522267
2002-11-03,1.404885
2002-11-04,1.134534
2002-11-05,1.257958
2002-11-06,1.172954
2002-11-07,1.015455
2002-11-08,1.006541
2002-11-09,1.255231
2002-11-10,1.261717
2002-11-11,1.398937
2002-11-12,0.957709
2002-11-13,0.894710
2002-11-14,0.913872
2002-11-15,1.216846
2002-11-16,0.927937
2002-11-17,0.827308
2002-11-18,0.828684
2002-11-19,0.678508
2002-11-20,0.887928
2002-11-21,0.979727
2002-11-22,0.613909
2002-11-23,0.722961
2002-11-24,0.956314
2002-11-25,0.715101
2002-11-26,0.701229
2002-11-27,0.775711
2002-11-28,0.531548
2002-11-29,0.390832
2002-11-30,0.308720
2002-12-01,0.588086
2002-12-02,0.653272
2002-12-03,0.325519
2002-12-04,0.414178
2002-12-05,0.494092
2002-12-06,0.557166
2002-12-07,0.304793
2002-12-08,0.617639
2002-12-09,0.442300
2002-12-10,0.452688
2002-12-11,0.396976
2002-12-12,0.561669
2002-12-13,0.163057
2002-12-14,0.471136
2002-12-15,0.358902
2002-12-16,0.513748
2002-12-17,0.599211
2002-12-18,0.244652
2002-12-19,0.518873
2002-12-20,0.255962
2002-12-21,0.560232
2002-12-22,0.401264
2002-12-23,0.551544
2002-12-24,0.379009
2002-12-25,0.362059
2002-12-26,0.158956
2002-12-27,0.474067
2002-12-28,0.224283
2002-12-29,0.229370
2002-12-30,0.391969
2002-12-31,0.162701
2003-01-01,0.411656
2003-01-02,0.355161
2003-01-03,0.311409
2003-01-04,0.099493
2003-01-05,0.304252
2003-01-06,0.193974
2003-01-07,0.415477
2003-01-08,0.289037
2003-01-09,0.328960
2003-01-10,0.300515
2003-01-11,0.300115
2003-01-12,0.018136
2003-01-13,0.245691
2003-01-14,0.182517
2003-01-15,0.312611
2003-01-16,0.278480
2003-01-17,0.313699
2003-01-18,0.184163
2003-01-19,0.376908
2003-01-20,0.151009
2003-01-21,0.293208
2003-01-22,0.294767
2003-01-23,0.162457
2003-01-24,0.030764
2003-01-25,0.128234
2003-01-26,0.189395
2003-01-27,0.199058
2003-01-28,0.171506
2003-01-29,0.322305
2003-01-30,0.250292
2003-01-31,0.229456
2003-02-01,0.234245
2003-02-02,0.582776
2003-02-03,0.256118
2003-02-04,0.592839
2003-02-05,0.311137
2003-02-06,0.223535
2003-02-07,0.256399
2003-02-08,0.608645
2003-02-09,0.511021
2003-02-10,0.647532
2003-02-11,0.613331
2003-02-12,0.624897
2003-02-13,0.345913
2003-02-14,0.598048
2003-02-15,0.437606
2003-02-16,0.563367
2003-02-17,0.611672
2003-02-18,0.689810
2003-02-19,0.705715
2003-02-20,0.557569
2003-02-21,0.717733
2003-02-22,0.467554
2003-02-23,0.675555
2003-02-24,1.077582
2003-02-25,0.812081
2003-02-26,0.576321
2003-02-27,0.729314
2003-02-28,0.928065
2003-03-01,0.701124
2003-03-02,0.962564
2003-03-03,0.907157
2003-03-04,0.681652
2003-03-05,1.005853
2003-03-06,0.943850
2003-03-07,0.841752
2003-03-08,1.098993
2003-03-09,1.034610
2003-03-10,1.311195
2003-03-11,1.151228
2003-03-12,1.297742
2003-03-13,1.299415
2003-03-14,1.279651
2003-03-15,1.208412
2003-03-16,1.426599
2003-03-17,1.138214
2003-03-18,1.451126
2003-03-19,1.197364
2003-03-20,1.477592
2003-03-21,1.384150
2003-03-22,1.346182
2003-03-23,1.456085
2003-03-24,1.524899
2003-03-25,1.640028
2003-03-26,1.564519
2003-03-27,1.732302
2003-03-28,1.339287
2003-03-29,1.776496
2003-03-30,1.675757
2003-03-31,1.681421
2003-04-01,1.778812
2003-04-02,1.572905
2003-04-03,1.673993
2003-04-04,1.603252
2003-04-05,1.752105
2003-04-06,1.980253
2003-04-07,2.025793
2003-04-08,1.807087
2003-04-09,2.185852
2003-04-10,2.020125
2003-04-11,1.970169
2003-04-12,1.952752
2003-04-13,2.117039
2003-04-14,2.046697
2003-04-15,2.430420
2003-04-16,1.914270
2003-04-17,2.362722
2003-04-18,2.485215
2003-04-19,2.245256
2003-04-20,2.334609
2003-04-21,2.542142
2003-04-22,2.360383
2003-04-23,2.415186
2003-04-24,2.240046
2003-04-25,2.525848
2003-04-26,2.393807
2003-04-27,2.503830
2003-04-28,2.522460
2003-04-29,2.649241
2003-04-30,2.391500
2003-05-01,2.536467
2003-05-02,2.791162
2003-05-03,2.652319
2003-05-04,2.617404
2003-05-05,2.945451
2003-05-06,2.509075
2003-05-07,2.641848
2003-05-08,3.021164
2003-05-09,2.920796
2003-05-10,2.830451
2003-05-11,2.808264
2003-05-12,3.161787
2003-05-13,3.136185
2003-05-14,2.723739
2003-05-15,3.085688
2003-05-16,2.911635
2003-05-17,3.413604
2003-05-18,3.104149
2003-05-19,3.147899
2003-05-20,3.282874
2003-05-21,3.537244
2003-05-22,3.141652
2003-05-23,3.061282
2003-05-24,3.030092
2003-05-25,3.326750
2003-05-26,3.225694
2003-05-27,3.437474
2003-05-28,3.132758
2003-05-29,3.272976
2003-05-30,3.168001
2003-05-31,3.515190
2003-06-01,3.256642
2003-06-02,3.352259
2003-06-03,3.728080
2003-06-04,3.354267
2003-06-05,3.475726
2003-06-06,3.826140
2003-06-07,3.533709
2003-06-08,3.514452
2003-06-09,3.342395
2003-06-10,3.661242
2003-06-11,3.319828
2003-06-12,3.546906
2003-06-13,3.703765
2003-06-14,3.705158
2003-06-15,3.746931
2003-06-16,3.798636
2003-06-17,3.731053
2003-06-18,3.489292
2003-06-19,3.884948
2003-06-20,3.549837
2003-06-21,3.655587
2003-06-22,3.651333
2003-06-23,3.949997
2003-06-24,3.736493
2003-06-25,3.960480
2003-06-26,4.020483
2003-06-27,3.635573
2003-06-28,3.780371
2003-06-29,3.954449
2003-06-30,3.882636
2003-07-01,3.850764
2003-07-02,3.913593
2003-07-03,3.506185
2003-07-04,3.760579
2003-07-05,3.966389
2003-07-06,3.766367
2003-07-07,4.273177
2003-07-08,3.521156
2003-07-09,3.815973
2003-07-10,3.664359
2003-07-11,3.719433
2003-07-12,3.926679
2003-07-13,3.764635
2003-07-14,3.799129
2003-07-15,3.930106
2003-07-16,3.779817
2003-07-17,3.455723
2003-07-18,3.928647
2003-07-19,3.901158
2003-07-20,3.920352
2003-07-21,3.845264
2003-07-22,3.491872
2003-07-23,3.769812
2003-07-24,3.884167
2003-07-25,3.892721
2003-07-26,3.751505
2003-07-27,3.551093
2003-07-28,3.833229
2003-07-29,3.790303
2003-07-30,3.863534
2003-07-31,3.930379
2003-08-01,3.513445
2003-08-02,3.469208
2003-08-03,3.716131
2003-08-04,3.485670
2003-08-05,3.648269
2003-08-06,3.759593
2003-08-07,3.749925
2003-08-08,3.801938
2003-08-09,3.344885
2003-08-10,3.652297
2003-08-11,3.796518
2003-08-12,3.507917
2003-08-13,3.358214
2003-08-14,3.566835
2003-08-15,3.560430
2003-08-16,3.562855
2003-08-17,3.401834
2003-08-18,3.428551
2003-08-19,3.477339
2003-08-20,3.645877
2003-08-21,3.218183
2003-08-22,3.368115
2003-08-23,3.401099
2003-08-24,3.057496
2003-08-25,2.788248
2003-08-26,3.309027
2003-08-27,3.230398
2003-08-28,3.032913
2003-08-29,3.163627
2003-08-30,3.054762
2003-08-31,3.006143
2003-09-01,3.120658
2003-09-02,3.089039
2003-09-03,3.087162
2003-09-04,3.099054
2003-09-05,3.158917
2003-09-06,3.108645
2003-09-07,2.698970
2003-09-08,2.798861
2003-09-09,2.902307
2003-09-10,2.786441
2003-09-11,2.875111
2003-09-12,3.007093
2003-09-13,2.855296
2003-09-14,2.640726
2003-09-15,2.963608
2003-09-16,2.566716
2003-09-17,2.796206
2003-09-18,2.969534
2003-09-19,2.588041
2003-09-20,2.667008
2003-09-21,2.733205
2003-09-22,2.523177
2003-09-23,2.551402
2003-09-24,2.379341
2003-09-25,2.505099
2003-09-26,2.635735
2003-09-27,2.401948
2003-09-28,2.284340
2003-09-29,2.398355
2003-09-30,2.241075
2003-10-01,2.273740
2003-10-02,2.287273
2003-10-03,2.116820
2003-10-04,2.046698
2003-10-05,2.348438
2003-10-06,2.260735
2003-10-07,2.049899
2003-10-08,1.979185
2003-10-09,2.059881
2003-10-10,1.904787
2003-10-11,1.893632
2003-10-12,1.690433
2003-10-13,1.852040
2003-10-14,1.970061
2003-10-15,1.657845
2003-10-16,1.616671
2003-10-17,1.896433
2003-10-18,1.856714
2003-10-19,1.733088
2003-10-20,1.839632
2003-10-21,1.560577
2003-10-22,1.442340
2003-10-23,1.729980
2003-10-24,1.662431
2003-10-25,1.736004
2003-10-26,1.548637
2003-10-27,1.214606
2003-10-28,1.432018
2003-10-29,1.549302
2003-10-30,1.562599
2003-10-31,1.382029
2003-11-01,1.454395
2003-11-02,1.072922
2003-11-03,1.072777
2003-11-04,1.270704
2003-11-05,1.192623
2003-11-06,0.807504
2003-11-07,1.018441
2003-11-08,1.388691
2003-11-09,0.997265
2003-11-10,1.124862
2003-11-11,1.146308
2003-11-12,1.027842
2003-11-13,0.923126
2003-11-14,0.861121
2003-11-15,0.712564
2003-11-16,0.996198
2003-11-17,0.586177
2003-11-18,0.871519
2003-11-19,0.711439
2003-11-20,0.824473
2003-11-21,0.796307
2003-11-22,0.938672
2003-11-23,0.962913
2003-11-24,0.842289
2003-11-25,0.990249
2003-11-26,0.738994
2003-11-27,0.585669
2003-11-28,0.634171
2003-11-29,0.671510
2003-11-30,0.701810
2003-12-01,0.355110
2003-12-02,0.734358
2003-12-03,0.453332
2003-12-04,0.561323
2003-12-05,0.602299
2003-12-06,0.532301
2003-12-07,0.560702
2003-12-08,0.435564
2003-12-09,0.651317
2003-12-10,0.586982
2003-12-11,0.563625
2003-12-12,0.161625
2003-12-13,0.288602
2003-12-14,0.234578
2003-12-15,0.053787
2003-12-16,0.105050
2003-12-17,0.408787
2003-12-18,0.382471
2003-12-19,0.331654
2003-12-20,0.218479
2003-12-21,0.402009
2003-12-22,0.188011
2003-12-23,0.206622
2003-12-24,0.544493
2003-12-25,0.102138
2003-12-26,0.359392
2003-12-27,0.335724
2003-12-28,0.256663
2003-12-29,0.357291
2003-12-30,0.321804
2003-12-31,0.131193
2004-01-01,0.167254
2004-01-02,0.270359
2004-01-03,0.134668
2004-01-04,0.298773
2004-01-05,0.221097
2004-01-06,0.000000
2004-01-07,0.399008
2004-01-08,0.028021
2004-01-09,0.120830
2004-01-10,0.544976
2004-01-11,0.437638
2004-01-12,0.180040
2004-01-13,0.429797
2004-01-14,0.174583
2004-01-15,0.490502
2004-01-16,0.389340
2004-01-17,0.288406
2004-01-18,0.334180
2004-01-19,0.107421
2004-01-20,0.422374
2004-01-21,0.071028
2004-01-22,0.486426
2004-01-23,0.125754
2004-01-24,0.559991
2004-01-25,0.435120
2004-01-26,0.033823
2004-01-27,0.375804
2004-01-28,0.472479
2004-01-29,0.161384
2004-01-30,0.435726
2004-01-31,0.286150
2004-02-01,0.373422
2004-02-02,0.446003
2004-02-03,0.416659
2004-02-04,0.299085
2004-02-05,0.521437
2004-02-06,0.336495
2004-02-07,0.436040
2004-02-08,0.511738
2004-02-09,0.486614
2004-02-10,0.388322
2004-02-11,0.458485
2004-02-12,0.664369
2004-02-13,0.852851
2004-02-14,0.495767
2004-02-15,0.664539
2004-02-16,0.580547
2004-02-17,0.368416
2004-02-18,0.520871
2004-02-19,0.640948
2004-02-20,0.523227
2004-02-21,0.964065
2004-02-22,0.813620
2004-02-23,0.565391
2004-02-24,0.604259
2004-02-25,0.896520
2004-02-26,0.775524
2004-02-27,0.776432
2004-02-28,0.733060
2004-02-29,0.794960
2004-03-01,0.833115
2004-03-02,0.764560
2004-03-03,0.490007
2004-03-04,0.768176
2004-03-05,0.988477
2004-03-06,1.278159
2004-03-07,1.197669
2004-03-08,1.168070
2004-03-09,1.185193
2004-03-10,1.084639
2004-03-11,1.177117
2004-03-12,1.356812
2004-03-13,1.163426
2004-03-14,1.151389
2004-03-15,1.282937
2004-03-16,1.135986
2004-03-17,1.372497
2004-03-18,1.228564
2004-03-19,1.446163
2004-03-20,1.534228
2004-03-21,1.685665
2004-03-22,1.330874
2004-03-23,1.439382
2004-03-24,1.708549
2004-03-25,1.512186
2004-03-26,1.547560
2004-03-27,1.849114
2004-03-28,1.603113
2004-03-29,1.644563
2004-03-30,1.661583
2004-03-31,1.546972
2004-04-01,1.631332
2004-04-02,1.747465
2004-04-03,2.063619
2004-04-04,1.849735
2004-04-05,2.127092
2004-04-06,1.897241
2004-04-07,1.955987
2004-04-08,1.943216
2004-04-09,2.020672
2004-04-10,2.036911
2004-04-11,2.046581
2004-04-12,2.024511
2004-04-13,2.403959
2004-04-14,2.082370
2004-04-15,2.110736
2004-04-16,2.165432
2004-04-17,2.290978
2004-04-18,1.955746
2004-04-19,2.368190
2004-04-20,1.982910
2004-04-21,2.450598
2004-04-22,2.324525
2004-04-23,2.543053
2004-04-24,2.482936
2004-04-25,2.453445
2004-04-26,2.501429
2004-04-27,2.598374
2004-04-28,2.895032
2004-04-29,2.550251
2004-04-30,2.716081
2004-05-01,2.669738
2004-05-02,2.710309
2004-05-03,2.791911
2004-05-04,2.873149
2004-05-05,3.042793
2004-05-06,2.875466
2004-05-07,3.059146
2004-05-08,2.709869
2004-05-09,2.663130
2004-05-10,3.250564
2004-05-11,3.177365
2004-05-12,3.171841
2004-05-13,3.014031
2004-05-14,3.154091
2004-05-15,2.931749
2004-05-16,3.280031
2004-05-17,3.180473
2004-05-18,3.054543
2004-05-19,2.996258
2004-05-20,3.266923
2004-05-21,3.009113
2004-05-22,3.148894
2004-05-23,3.201389
2004-05-24,3.161889
2004-05-25,3.370239
2004-05-26,3.545157
2004-05-27,3.354475
2004-05-28,3.427388
2004-05-29,3.452369
2004-05-30,3.262664
2004-05-31,3.485919
2004-06-01,3.558304
2004-06-02,3.627826
2004-06-03,3.468561
2004-06-04,3.335931
2004-06-05,3.699398
2004-06-06,3.302778
2004-06-07,3.477466
2004-06-08,3.748528
2004-06-09,3.757765
2004-06-10,3.636277
2004-06-11,3.347330
2004-06-12,3.865118
2004-06-13,3.784910
2004-06-14,3.876221
2004-06-15,3.737181
2004-06-16,3.658463
2004-06-17,3.519193
2004-06-18,3.852951
2004-06-19,3.578134
2004-06-20,3.424557
2004-06-21,3.467852
2004-06-22,3.803302
2004-06-23,3.805083
2004-06-24,3.638269
2004-06-25,3.747964
2004-06-26,3.624947
2004-06-27,3.775037
2004-06-28,3.704694
2004-06-29,3.835683
2004-06-30,3.899796
2004-07-01,3.699731
2004-07-02,3.536909
2004-07-03,3.619586
2004-07-04,3.669752
2004-07-05,3.644933
2004-07-06,3.908936
2004-07-07,3.719105
2004-07-08,3.867328
2004-07-09,3.793989
2004-07-10,3.901210
2004-07-11,3.910523
2004-07-12,3.894171
2004-07-13,3.846115
2004-07-14,3.685857
2004-07-15,3.803956
2004-07-16,3.495558
2004-07-17,3.994640
2004-07-18,3.853503
2004-07-19,3.680187
2004-07-20,3.676751
2004-07-21,3.966116
2004-07-22,3.422474
2004-07-23,3.732021
2004-07-24,3.742028
2004-07-25,3.804747
2004-07-26,3.919761
2004-07-27,3.587123
2004-07-28,3.829743
2004-07-29,3.597323
2004-07-30,3.444632
2004-07-31,3.757417
2004-08-01,3.857127
2004-08-02,3.684905
2004-08-03,3.774541
2004-08-04,3.834135
2004-08-05,3.497533
2004-08-06,3.575206
2004-08-07,3.669233
2004-08-08,3.485858
2004-08-09,3.639818
2004-08-10,3.757668
2004-08-11,3.735102
2004-08-12,3.594497
2004-08-13,3.578463
2004-08-14,3.363191
2004-08-15,3.403998
2004-08-16,3.543366
2004-08-17,3.400358
2004-08-18,3.315774
2004-08-19,3.315277
2004-08-20,3.321875
2004-08-21,3.358214
2004-08-22,3.602125
2004-08-23,3.132863
2004-08-24,3.254414
2004-08-25,3.394783
2004-08-26,3.144765
2004-08-27,3.312124
2004-08-28,3.310798
2004-08-29,3.301318
2004-08-30,3.110345
2004-08-31,3.093572
2004-09-01,2.788397
2004-09-02,3.098435
2004-09-03,3.089893
2004-09-04,2.783889
2004-09-05,2.918035
2004-09-06,2.950641
2004-09-07,3.199794
2004-09-08,2.754391
2004-09-09,3.191381
2004-09-10,2.902311
2004-09-11,2.629746
2004-09-12,2.761034
2004-09-13,2.373946
2004-09-14,2.679102
2004-09-15,2.889088
2004-09-16,2.523787
2004-09-17,2.661637
2004-09-18,2.437471
2004-09-19,2.385673
2004-09-20,2.599691
2004-09-21,2.634755
2004-09-22,2.516715
2004-09-23,2.569193
2004-09-24,2.285932
2004-09-25,2.315745
2004-09-26,2.301809
2004-09-27,2.469529
2004-09-28,2.289105
2004-09-29,2.262033
2004-09-30,2.138117
2004-10-01,2.436259
2004-10-02,2.011988
2004-10-03,1.845646
2004-10-04,2.094531
2004-10-05,2.419351
2004-10-06,1.992304
2004-10-07,2.203907
2004-10-08,2.071780
2004-10-09,1.749530
2004-10-10,1.680396
2004-10-11,1.872903
2004-10-12,1.506689
2004-10-13,1.760936
2004-10-14,1.764736
2004-10-15,1.948258
2004-10-16,1.794169
2004-10-17,1.663823
2004-10-18,1.717819
2004-10-19,1.652700
2004-10-20,1.499115
2004-10-21,1.612192
2004-10-22,1.729779
2004-10-23,1.700275
2004-10-24,1.592323
2004-10-25,1.611127
2004-10-26,1.524187
2004-10-27,1.695849
2004-10-28,1.584378
2004-10-29,1.208446
2004-10-30,1.527333
2004-10-31,1.420239
2004-11-01,1.338681
2004-11-02,1.344199
2004-11-03,1.295475
2004-11-04,1.338407
2004-11-05,1.189130
2004-11-06,0.970774
2004-11-07,0.967873
2004-11-08,1.315327
2004-11-09,1.214974
2004-11-10,0.986742
2004-11-11,1.042000
2004-11-12,0.547136
2004-11-13,0.791151
2004-11-14,1.007675
2004-11-15,1.016080
2004-11-16,1.131204
2004-11-17,1.030254
2004-11-18,0.700733
2004-11-19,1.129298
2004-11-20,0.996314
2004-11-21,0.808131
2004-11-22,0.647000
2004-11-23,0.715191
2004-11-24,0.833721
2004-11-25,0.509769
2004-11-26,0.579468
2004-11-27,0.696904
2004-11-28,0.429434
2004-11-29,0.524004
2004-11-30,0.464597
2004-12-01,0.649444
2004-12-02,0.409757
2004-12-03,0.633613
2004-12-04,0.628482
2004-12-05,0.476337
2004-12-06,0.763318
2004-12-07,0.307174
2004-12-08,0.688432
2004-12-09,0.571662
2004-12-10,0.385618
2004-12-11,0.423051
2004-12-12,0.442190
2004-12-13,0.487530
2004-12-14,0.177439
2004-12-15,0.458589
2004-12-16,0.351122
2004-12-17,0.545286
2004-12-18,0.426671
2004-12-19,0.395957
2004-12-20,0.348101
2004-12-21,0.215929
2004-12-22,0.348757
2004-12-23,0.208181
2004-12-24,0.204217
2004-12-25,0.201874
2004-12-26,0.404315
2004-12-27,0.409480
2004-12-28,0.335989
2004-12-29,0.214294
2004-12-30,0.232124
2004-12-31,0.588647
2005-01-01,0.328279
2005-01-02,0.287850
2005-01-03,0.173891
2005-01-04,0.164668
2005-01-05,0.207290
2005-01-06,0.079232
2005-01-07,0.289929
2005-01-08,0.421046
2005-01-09,0.084771
2005-01-10,0.225005
2005-01-11,0.157401
2005-01-12,0.502548
2005-01-13,0.158684
2005-01-14,0.125989
2005-01-15,0.277251
2005-01-16,0.000000
2005-01-17,0.161220
2005-01-18,0.418174
2005-01-19,0.240924
2005-01-20,0.246579
2005-01-21,0.331953
2005-01-22,0.238264
2005-01-23,0.318891
2005-01-24,0.363414
2005-01-25,0.075081
2005-01-26,0.419401
2005-01-27,0.113375
2005-01-28,0.381472
2005-01-29,0.598608
2005-01-30,0.368899
2005-01-31,0.477066
2005-02-01,0.694309
2005-02-02,0.382656
2005-02-03,0.277301
2005-02-04,0.299062
2005-02-05,0.528711
2005-02-06,0.497891
2005-02-07,0.489254
2005-02-08,0.515315
2005-02-09,0.567748
2005-02-10,0.552068
2005-02-11,0.587482
2005-02-12,0.431894
2005-02-13,0.607580
2005-02-14,0.489596
2005-02-15,0.631457
2005-02-16,0.729291
2005-02-17,0.740275
2005-02-18,0.503607
2005-02-19,0.480809
2005-02-20,0.679077
2005-02-21,0.710111
2005-02-22,0.679507
2005-02-23,0.784405
2005-02-24,0.662085
2005-02-25,0.763193
2005-02-26,0.911409
2005-02-27,0.777271
2005-02-28,0.801210
2005-03-01,0.829649
2005-03-02,1.037300
2005-03-03,1.026541
2005-03-04,0.986637
2005-03-05,0.858787
2005-03-06,1.132060
2005-03-07,0.512750
2005-03-08,1.222625
2005-03-09,1.148455
2005-03-10,0.934668
2005-03-11,1.039173
2005-03-12,1.074425
2005-03-13,1.136813
2005-03-14,1.284373
2005-03-15,1.312608
2005-03-16,1.166323
2005-03-17,1.302531
2005-03-18,1.432481
2005-03-19,1.343057
2005-03-20,1.303990
2005-03-21,1.287415
2005-03-22,1.424607
2005-03-23,1.304111
2005-03-24,1.696938
2005-03-25,1.561350
2005-03-26,1.371187
2005-03-27,1.482482
2005-03-28,1.674973
2005-03-29,1.162647
2005-03-30,1.440021
2005-03-31,1.846503
2005-04-01,1.985797
2005-04-02,1.773563
2005-04-03,1.641113
2005-04-04,1.858920
2005-04-05,2.130118
2005-04-06,2.001595
2005-04-07,2.052648
2005-04-08,2.159364
2005-04-09,2.028025
2005-04-10,2.084066
2005-04-11,2.190843
2005-04-12,2.050029
2005-04-13,1.975428
2005-04-14,1.884361
2005-04-15,1.812463
2005-04-16,2.321897
2005-04-17,2.218982
2005-04-18,2.110889
2005-04-19,2.276832
2005-04-20,2.437571
2005-04-21,2.225368
2005-04-22,2.456030
2005-04-23,2.366971
2005-04-24,2.335538
2005-04-25,2.536108
2005-04-26,2.402454
2005-04-27,2.699460
2005-04-28,2.815459
2005-04-29,2.604839
2005-04-30,2.514894
2005-05-01,2.584310
2005-05-02,2.550784
2005-05-03,2.669229
2005-05-04,2.607422
2005-05-05,2.806844
2005-05-06,2.899795
2005-05-07,2.631224
2005-05-08,2.823691
2005-05-09,2.736532
2005-05-10,2.527573
2005-05-11,3.018327
2005-05-12,2.822273
2005-05-13,2.950802
2005-05-14,2.848569
2005-05-15,3.059632
2005-05-16,2.912077
2005-05-17,3.202325
2005-05-18,2.886817
2005-05-19,3.184580
2005-05-20,3.333613
2005-05-21,2.924889
2005-05-22,3.184032
2005-05-23,3.368302
2005-05-24,3.014496
2005-05-25,3.304430
2005-05-26,3.196956
2005-05-27,3.372870
2005-05-28,3.065314
2005-05-29,3.253885
2005-05-30,3.418813
2005-05-31,3.371945
2005-06-01,3.236146
2005-06-02,3.161962
2005-06-03,3.565470
2005-06-04,3.535498
2005-06-05,3.273680
2005-06-06,3.472842
2005-06-07,3.563961
2005-06-08,3.540037
2005-06-09,3.219025
2005-06-10,3.660400
2005-06-11,3.719900
2005-06-12,3.840972
2005-06-13,3.785484
2005-06-14,3.631336
2005-06-15,3.514558
2005-06-16,3.844867
2005-06-17,3.488798
2005-06-18,3.437836
2005-06-19,3.587212
2005-06-20,3.773300
2005-06-21,3.714972
2005-06-22,3.865400
2005-06-23,3.749590
2005-06-24,3.703298
2005-06-25,3.824962
2005-06-26,3.681992
2005-06-27,3.754508
2005-06-28,3.877995
2005-06-29,3.606668
2005-06-30,3.853192
2005-07-01,3.813264
2005-07-02,3.927903
2005-07-03,3.649221
2005-07-04,3.614233
2005-07-05,3.943739
2005-07-06,3.816336
2005-07-07,3.701734
2005-07-08,3.499760
2005-07-09,4.053428
2005-07-10,4.039119
2005-07-11,3.838875
2005-07-12,3.886401
2005-07-13,3.547700
2005-07-14,3.954584
2005-07-15,3.976655
2005-07-16,3.677531
2005-07-17,3.821907
2005-07-18,3.580005
2005-07-19,3.801685
2005-07-20,3.611957
2005-07-21,3.673670
2005-07-22,3.636651
2005-07-23,3.807856
2005-07-24,3.998629
2005-07-25,3.620984
2005-07-26,3.490949
2005-07-27,3.888321
2005-07-28,3.766251
2005-07-29,3.750874
2005-07-30,3.846911
2005-07-31,3.594660
2005-08-01,3.934891
2005-08-02,3.588372
2005-08-03,3.434877
2005-08-04,3.760391
2005-08-05,3.496497
2005-08-06,3.463069
2005-08-07,3.617167
2005-08-08,3.578585
2005-08-09,3.440038
2005-08-10,3.687278
2005-08-11,3.534357
2005-08-12,3.744325
2005-08-13,3.536799
2005-08-14,3.462367
2005-08-15,3.548646
2005-08-16,3.562553
2005-08-17,3.231280
2005-08-18,3.618043
2005-08-19,3.474661
2005-08-20,3.140069
2005-08-21,3.261141
2005-08-22,3.353637
2005-08-23,3.127718
2005-08-24,3.098000
2005-08-25,3.411633
2005-08-26,3.396743
2005-08-27,3.255291
2005-08-28,3.225332
2005-08-29,3.230699
2005-08-30,3.388500
2005-08-31,3.242111
2005-09-01,2.771111
2005-09-02,2.904951
2005-09-03,3.081136
2005-09-04,3.019619
2005-09-05,3.107778
2005-09-06,3.239123
2005-09-07,2.734790
2005-09-08,2.806453
2005-09-09,2.697901
2005-09-10,2.866439
2005-09-11,2.760631
2005-09-12,2.651891
2005-09-13,2.709723
2005-09-14,2.747891
2005-09-15,2.803118
2005-09-16,2.770928
2005-09-17,2.568259
2005-09-18,2.281846
2005-09-19,2.656820
2005-09-20,2.339960
2005-09-21,2.573703
2005-09-22,2.602380
2005-09-23,2.481287
2005-09-24,2.140188
2005-09-25,2.175537
2005-09-26,2.359101
2005-09-27,2.346174
2005-09-28,2.466924
2005-09-29,2.223982
2005-09-30,2.366584
2005-10-01,2.500461
2005-10-02,2.280452
2005-10-03,2.012722
2005-10-04,2.049762
2005-10-05,1.938096
2005-10-06,1.766252
2005-10-07,2.301217
2005-10-08,2.184341
2005-10-09,2.142190
2005-10-10,1.954901
2005-10-11,2.160467
2005-10-12,1.913151
2005-10-13,2.016828
2005-10-14,1.879420
2005-10-15,1.866138
2005-10-16,1.599567
2005-10-17,1.741775
2005-10-18,1.758687
2005-10-19,1.642001
2005-10-20,1.744899
2005-10-21,1.444054
2005-10-22,1.433629
2005-10-23,1.580707
2005-10-24,1.562942
2005-10-25,1.518554
2005-10-26,1.704426
2005-10-27,1.770179
2005-10-28,1.929708
2005-10-29,1.448474
2005-10-30,1.710893
2005-10-31,1.347248
2005-11-01,1.203235
2005-11-02,1.357620
2005-11-03,1.000163
2005-11-04,1.153890
2005-11-05,0.963114
2005-11-06,1.086851
2005-11-07,0.894393
2005-11-08,1.343063
2005-11-09,1.211516
2005-11-10,1.204376
2005-11-11,1.157875
2005-11-12,1.032528
2005-11-13,0.984332
2005-11-14,0.723250
2005-11-15,0.668202
2005-11-16,0.906779
2005-11-17,1.001484
2005-11-18,1.106402
2005-11-19,1.051811
2005-11-20,0.529372
2005-11-21,0.749175
2005-11-22,0.796433
2005-11-23,0.417977
2005-11-24,0.906935
2005-11-25,0.842656
2005-11-26,0.685925
2005-11-27,0.927143
2005-11-28,0.841709
2005-11-29,0.523535
2005-11-30,0.786170
2005-12-01,0.461852
2005-12-02,0.576693
2005-12-03,0.555813
2005-12-04,0.773626
2005-12-05,0.419306
2005-12-06,0.535884
2005-12-07,0.514334
2005-12-08,0.393901
2005-12-09,0.398000
2005-12-10,0.403362
2005-12-11,0.386060
2005-12-12,0.477610
2005-12-13,0.320464
2005-12-14,0.190081
2005-12-15,0.347654
2005-12-16,0.031736
2005-12-17,0.302963
2005-12-18,0.380255
2005-12-19,0.302073
2005-12-20,0.350996
2005-12-21,0.366743
2005-12-22,0.468238
2005-12-23,0.588380
2005-12-24,0.060265
2005-12-25,0.191469
2005-12-26,0.287750
2005-12-27,0.000000
2005-12-28,0.310971
2005-12-29,0.120325
2005-12-30,0.434396
2005-12-31,0.148538
2006-01-01,0.299780
2006-01-02,0.222110
2006-01-03,0.011405
2006-01-04,0.196372
2006-01-05,0.101076
2006-01-06,0.366050
2006-01-07,0.094807
2006-01-08,0.069422
2006-01-09,0.190519
2006-01-10,0.259030
2006-01-11,0.049022
2006-01-12,0.163958
2006-01-13,0.143706
2006-01-14,0.167371
2006-01-15,0.000000
2006-01-16,0.027548
2006-01-17,0.276385
2006-01-18,0.151633
2006-01-19,0.080903
2006-01-20,0.259932
2006-01-21,0.278954
2006-01-22,0.250792
2006-01-23,0.272709
2006-01-24,0.282587
2006-01-25,0.153243
2006-01-26,0.162220
2006-01-27,0.110133
2006-01-28,0.094467
2006-01-29,0.465555
2006-01-30,0.313973
2006-01-31,0.185789
2006-02-01,0.068536
2006-02-02,0.335021
2006-02-03,0.471310
2006-02-04,0.429391
2006-02-05,0.256110
2006-02-06,0.283995
2006-02-07,0.249349
2006-02-08,0.347438
2006-02-09,0.612308
2006-02-10,0.545811
2006-02-11,0.331913
2006-02-12,0.598607
2006-02-13,0.525490
2006-02-14,0.528719
2006-02-15,0.433256
2006-02-16,0.461538
2006-02-17,0.409285
2006-02-18,0.550170
2006-02-19,0.845345
2006-02-20,0.548294
2006-02-21,0.786240
2006-02-22,0.762841
2006-02-23,0.727288
2006-02-24,1.077819
2006-02-25,0.595441
2006-02-26,0.677082
2006-02-27,0.838946
2006-02-28,0.968163
2006-03-01,1.156645
2006-03-02,0.742593
2006-03-03,0.840400
2006-03-04,1.024942
2006-03-05,0.741113
2006-03-06,0.980617
2006-03-07,1.152075
2006-03-08,1.032589
2006-03-09,1.052560
2006-03-10,1.193909
2006-03-11,1.050329
2006-03-12,1.082008
2006-03-13,1.222639
2006-03-14,1.215087
2006-03-15,0.993021
2006-03-16,1.385103
2006-03-17,1.314444
2006-03-18,1.255993
2006-03-19,1.185366
2006-03-20,1.302883
2006-03-21,1.392386
2006-03-22,1.264076
2006-03-23,1.418482
2006-03-24,1.240911
2006-03-25,1.775686
2006-03-26,1.370058
2006-03-27,1.210049
2006-03-28,1.797892
2006-03-29,1.430743
2006-03-30,1.619136
2006-03-31,1.996149
2006-04-01,1.638055
2006-04-02,1.747747
2006-04-03,1.640967
2006-04-04,2.005296
2006-04-05,1.677191
2006-04-06,1.928825
2006-04-07,1.787230
2006-04-08,1.924638
2006-04-09,1.932813
2006-04-10,1.849946
2006-04-11,2.412635
2006-04-12,2.059669
2006-04-13,2.097901
2006-04-14,2.165454
2006-04-15,2.017217
2006-04-16,2.281092
2006-04-17,2.279556
2006-04-18,1.854481
2006-04-19,2.111050
2006-04-20,2.417122
2006-04-21,2.474696
2006-04-22,2.512704
2006-04-23,2.241541
2006-04-24,2.358799
2006-04-25,2.725489
2006-04-26,2.323486
2006-04-27,2.585732
2006-04-28,2.503140
2006-04-29,2.687645
2006-04-30,2.643179
2006-05-01,2.518855
2006-05-02,2.574246
2006-05-03,2.771617
2006-05-04,2.855384
2006-05-05,2.734133
2006-05-06,2.763183
2006-05-07,2.755787
2006-05-08,2.862907
2006-05-09,2.528513
2006-05-10,2.987834
2006-05-11,2.834000
2006-05-12,2.894731
2006-05-13,3.081719
2006-05-14,2.902579
2006-05-15,3.346228
2006-05-16,3.014482
2006-05-17,3.277781
2006-05-18,3.024142
2006-05-19,3.307336
2006-05-20,3.417667
2006-05-21,2.872900
2006-05-22,2.967519
2006-05-23,3.113609
2006-05-24,3.204886
2006-05-25,3.260639
2006-05-26,3.035914
2006-05-27,3.402221
2006-05-28,3.209468
2006-05-29,3.108818
2006-05-30,3.342387
2006-05-31,3.292206
2006-06-01,3.433152
2006-06-02,3.561422
2006-06-03,3.361504
2006-06-04,3.424421
2006-06-05,3.585206
2006-06-06,3.448552
2006-06-07,3.504963
2006-06-08,3.786632
2006-06-09,3.456968
2006-06-10,3.778076
2006-06-11,3.407881
2006-06-12,3.673380
2006-06-13,3.661635
2006-06-14,3.522958
2006-06-15,3.615084
2006-06-16,3.650568
2006-06-17,3.594361
2006-06-18,3.821008
2006-06-19,3.671812
2006-06-20,4.005501
2006-06-21,3.760159
2006-06-22,3.699634
2006-06-23,3.767170
2006-06-24,3.959801
2006-06-25,3.707197
2006-06-26,3.822183
2006-06-27,3.716993
2006-06-28,3.575251
2006-06-29,3.599303
2006-06-30,4.014282
2006-07-01,3.886164
2006-07-02,3.769418
2006-07-03,3.565381
2006-07-04,3.972192
2006-07-05,3.550322
2006-07-06,3.772137
2006-07-07,3.605160
2006-07-08,3.813728
2006-07-09,3.873239
2006-07-10,3.877873
2006-07-11,4.062606
2006-07-12,3.713043
2006-07-13,3.800403
2006-07-14,3.672645
2006-07-15,3.652788
2006-07-16,3.926562
2006-07-17,3.936456
2006-07-18,3.575399
2006-07-19,3.726100
2006-07-20,3.848451
2006-07-21,3.641608
2006-07-22,3.905182
2006-07-23,3.979457
2006-07-24,3.825541
2006-07-25,3.712977
2006-07-26,3.847454
2006-07-27,3.653477
2006-07-28,3.930424
2006-07-29,3.666611
2006-07-30,3.787265
2006-07-31,3.719830
2006-08-01,3.619604
2006-08-02,3.757839
2006-08-03,3.496485
2006-08-04,3.566359
2006-08-05,3.443091
2006-08-06,3.705024
2006-08-07,3.664852
2006-08-08,3.386295
2006-08-09,3.547775
2006-08-10,3.880183
2006-08-11,3.268608
2006-08-12,3.717643
2006-08-13,3.132066
2006-08-14,3.317539
2006-08-15,3.527969
2006-08-16,3.119893
2006-08-17,3.473868
2006-08-18,3.410686
2006-08-19,3.540316
2006-08-20,3.365705
2006-08-21,3.055155
2006-08-22,3.270801
2006-08-23,3.504397
2006-08-24,3.406021
2006-08-25,3.280917
2006-08-26,3.600859
2006-08-27,3.081790
2006-08-28,3.253535
2006-08-29,3.329521
2006-08-30,3.266238
2006-08-31,2.760862
2006-09-01,2.928882
2006-09-02,3.231482
2006-09-03,3.269615
2006-09-04,3.220632
2006-09-05,2.900833
2006-09-06,3.022936
2006-09-07,2.668642
2006-09-08,3.044780
2006-09-09,2.909808
2006-09-10,3.039896
2006-09-11,2.786183
2006-09-12,2.888667
2006-09-13,2.857444
2006-09-14,2.776926
2006-09-15,2.797425
2006-09-16,2.787324
2006-09-17,2.890065
2006-09-18,2.592932
2006-09-19,2.765252
2006-09-20,2.771281
2006-09-21,2.580932
2006-09-22,2.322390
2006-09-23,2.513378
2006-09-24,2.888475
2006-09-25,2.651658
2006-09-26,2.355178
2006-09-27,2.474823
2006-09-28,2.525872
2006-09-29,2.428368
2006-09-30,2.094408
2006-10-01,1.932548
2006-10-02,2.317160
2006-10-03,2.312299
2006-10-04,1.968528
2006-10-05,1.945250
2006-10-06,2.065105
2006-10-07,2.048120
2006-10-08,2.105429
2006-10-09,2.182939
2006-10-10,1.999099
2006-10-11,1.999106
2006-10-12,1.897924
2006-10-13,1.986804
2006-10-14,1.727857
2006-10-15,2.316854
2006-10-16,1.777333
2006-10-17,1.933885
2006-10-18,1.739705
2006-10-19,1.710361
2006-10-20,1.659548
2006-10-21,1.808003
2006-10-22,1.264172
2006-10-23,1.720198
2006-10-24,1.491399
2006-10-25,1.569111
2006-10-26,1.567114
2006-10-27,1.904701
2006-10-28,1.716550
2006-10-29,1.266048
2006-10-30,1.321487
2006-10-31,1.194988
2006-11-01,1.211451
2006-11-02,1.529871
2006-11-03,1.062299
2006-11-04,1.073166
2006-11-05,0.928022
2006-11-06,0.882417
2006-11-07,1.044347
2006-11-08,0.856711
2006-11-09,1.165955
2006-11-10,1.064793
2006-11-11,0.919293
2006-11-12,0.662833
2006-11-13,1.090000
2006-11-14,1.132362
2006-11-15,0.877856
2006-11-16,1.017908
2006-11-17,0.598360
2006-11-18,1.139402
2006-11-19,1.115609
2006-11-20,0.887757
2006-11-21,0.670128
2006-11-22,0.727860
2006-11-23,0.893877
2006-11-24,0.734646
2006-11-25,0.699372
2006-11-26,0.448080
2006-11-27,0.715947
2006-11-28,0.525062
2006-11-29,0.687631
2006-11-30,0.508092
2006-12-01,0.547696
2006-12-02,0.365596
2006-12-03,0.496067
2006-12-04,0.434024
2006-12-05,0.345607
2006-12-06,0.205116
2006-12-07,0.648319
2006-12-08,0.515580
2006-12-09,0.401329
2006-12-10,0.441692
2006-12-11,0.530846
2006-12-12,0.411901
2006-12-13,0.401184
2006-12-14,0.355208
2006-12-15,0.243669
2006-12-16,0.644095
2006-12-17,0.427675
2006-12-18,0.407692
2006-12-19,0.567647
2006-12-20,0.334075
2006-12-21,0.084960
2006-12-22,0.124013
2006-12-23,0.185772
2006-12-24,0.240479
2006-12-25,0.270188
2006-12-26,0.220241
2006-12-27,0.281921
2006-12-28,0.380277
2006-12-29,0.262181
2006-12-30,0.000000
2006-12-31,0.218119
2007-01-01,0.173022
2007-01-02,0.000000
2007-01-03,0.179864
2007-01-04,0.060145
2007-01-05,0.162292
2007-01-06,0.402024
2007-01-07,0.133678
2007-01-08,0.189350
2007-01-09,0.171028
2007-01-10,0.024531
2007-01-11,0.264992
2007-01-12,0.279559
2007-01-13,0.312626
2007-01-14,0.101505
2007-01-15,0.125039
2007-01-16,0.358954
2007-01-17,0.191540
2007-01-18,0.139079
2007-01-19,0.007922
2007-01-20,0.261216
2007-01-21,0.337740
2007-01-22,0.266950
2007-01-23,0.493069
2007-01-24,0.296282
2007-01-25,0.307821
2007-01-26,0.440177
2007-01-27,0.694123
2007-01-28,0.208167
2007-01-29,0.586669
2007-01-30,0.141202
2007-01-31,0.327455
2007-02-01,0.585137
2007-02-02,0.439683
2007-02-03,0.327696
2007-02-04,0.399601
2007-02-05,0.356522
2007-02-06,0.208484
2007-02-07,0.031244
2007-02-08,0.481418
2007-02-09,0.419211
2007-02-10,0.446229
2007-02-11,0.455409
2007-02-12,0.436810
2007-02-13,0.501299
2007-02-14,0.477093
2007-02-15,0.706304
2007-02-16,0.340710
2007-02-17,0.309071
2007-02-18,0.313086
2007-02-19,0.676135
2007-02-20,0.610701
2007-02-21,0.768764
2007-02-22,0.978887
2007-02-23,0.810891
2007-02-24,0.859612
2007-02-25,0.873527
2007-02-26,0.866537
2007-02-27,0.787820
2007-02-28,0.967726
2007-03-01,0.942480
2007-03-02,0.907031
2007-03-03,0.827653
2007-03-04,0.987089
2007-03-05,1.102598
2007-03-06,1.117776
2007-03-07,0.903198
2007-03-08,1.103834
2007-03-09,0.839934
2007-03-10,1.148703
2007-03-11,1.196014
2007-03-12,1.132342
2007-03-13,1.087138
2007-03-14,1.380948
2007-03-15,1.204016
2007-03-16,1.252825
2007-03-17,1.159305
2007-03-18,1.323189
2007-03-19,1.304553
2007-03-20,1.241782
2007-03-21,1.336957
2007-03-22,1.047724
2007-03-23,1.624699
2007-03-24,1.545535
2007-03-25,1.711470
2007-03-26,1.378269
2007-03-27,1.848561
2007-03-28,1.444692
2007-03-29,1.850213
2007-03-30,1.781772
2007-03-31,1.631228
2007-04-01,1.963207
2007-04-02,1.839486
2007-04-03,1.608413
2007-04-04,1.788909
2007-04-05,1.650394
2007-04-06,1.642082
2007-04-07,2.033542
2007-04-08,2.112456
2007-04-09,1.474055
2007-04-10,2.103442
2007-04-11,2.144315
2007-04-12,2.064565
2007-04-13,2.326610
2007-04-14,1.822413
2007-04-15,1.998171
2007-04-16,1.917490
2007-04-17,2.526792
2007-04-18,2.342629
2007-04-19,2.390138
2007-04-20,2.300036
2007-04-21,2.211840
2007-04-22,2.487639
2007-04-23,2.525179
2007-04-24,2.275552
2007-04-25,2.403395
2007-04-26,2.520651
2007-04-27,2.664271
2007-04-28,2.439124
2007-04-29,2.656025
2007-04-30,2.664623
2007-05-01,2.497677
2007-05-02,2.810552
2007-05-03,2.732592
2007-05-04,2.704420
2007-05-05,2.758302
2007-05-06,3.012318
2007-05-07,2.872668
2007-05-08,2.882638
2007-05-09,2.819312
2007-05-10,2.809286
2007-05-11,2.827402
2007-05-12,3.129580
2007-05-13,2.977295
2007-05-14,3.209572
2007-05-15,3.223842
2007-05-16,2.872914
2007-05-17,2.965805
2007-05-18,3.146657
2007-05-19,3.115249
2007-05-20,3.130724
2007-05-21,2.953078
2007-05-22,3.240573
2007-05-23,3.276646
2007-05-24,3.129937
2007-05-25,3.172466
2007-05-26,3.183838
2007-05-27,3.064544
2007-05-28,3.183136
2007-05-29,3.379721
2007-05-30,3.166110
2007-05-31,3.425302
2007-06-01,3.412434
2007-06-02,3.495659
2007-06-03,3.384728
2007-06-04,3.382340
2007-06-05,3.440678
2007-06-06,3.525349
2007-06-07,3.479302
2007-06-08,3.373361
2007-06-09,3.807818
2007-06-10,3.851480
2007-06-11,3.415732
2007-06-12,3.814729
2007-06-13,3.479584
2007-06-14,3.624253
2007-06-15,3.512783
2007-06-16,3.891482
2007-06-17,3.856282
2007-06-18,3.645758
2007-06-19,3.766047
2007-06-20,3.790978
2007-06-21,3.694729
2007-06-22,3.326871
2007-06-23,3.696576
2007-06-24,3.850138
2007-06-25,3.651747
2007-06-26,3.903914
2007-06-27,3.772307
2007-06-28,3.778921
2007-06-29,3.544591
2007-06-30,3.682369
2007-07-01,3.662356
2007-07-02,3.703493
2007-07-03,3.724813
2007-07-04,3.872875
2007-07-05,4.011432
2007-07-06,3.605216
2007-07-07,3.808549
2007-07-08,3.647857
2007-07-09,3.549149
2007-07-10,3.967521
2007-07-11,3.612810
2007-07-12,3.668441
2007-07-13,3.901414
2007-07-14,3.937504
2007-07-15,3.663760
2007-07-16,3.795455
2007-07-17,3.768571
2007-07-18,3.797131
2007-07-19,3.930815
2007-07-20,3.745797
2007-07-21,3.876885
2007-07-22,3.497152
2007-07-23,3.699754
2007-07-24,3.896755
2007-07-25,3.623836
2007-07-26,3.775480
2007-07-27,3.783227
2007-07-28,3.651717
2007-07-29,3.409626
2007-07-30,3.857790
2007-07-31,3.786002
2007-08-01,3.686165
2007-08-02,3.681279
2007-08-03,3.601178
2007-08-04,3.604905
2007-08-05,3.626225
2007-08-06,3.543194
2007-08-07,3.670570
2007-08-08,3.747001
2007-08-09,3.574768
2007-08-10,3.463572
2007-08-11,3.346837
2007-08-12,3.671238
2007-08-13,3.600505
2007-08-14,3.619713
2007-08-15,3.558866
2007-08-16,3.360913
2007-08-17,3.567318
2007-08-18,3.488818
2007-08-19,3.426406
2007-08-20,3.374698
2007-08-21,3.415871
2007-08-22,3.340047
2007-08-23,3.448444
2007-08-24,3.183675
2007-08-25,3.313858
2007-08-26,3.151029
2007-08-27,2.845468
2007-08-28,3.188510
2007-08-29,3.039416
2007-08-30,3.382674
2007-08-31,3.291132
2007-09-01,2.957895
2007-09-02,2.668089
2007-09-03,3.011380
2007-09-04,3.045505
2007-09-05,2.996728
2007-09-06,2.908322
2007-09-07,3.013988
2007-09-08,2.906832
2007-09-09,2.791068
2007-09-10,2.734993
2007-09-11,2.716598
2007-09-12,2.754476
2007-09-13,3.139576
2007-09-14,2.689886
2007-09-15,2.827821
2007-09-16,2.586645
2007-09-17,2.712463
2007-09-18,2.785266
2007-09-19,2.768393
2007-09-20,2.470346
2007-09-21,2.611862
2007-09-22,2.661855
2007-09-23,2.416062
2007-09-24,2.404737
2007-09-25,2.368377
2007-09-26,2.271837
2007-09-27,2.370951
2007-09-28,2.352430
2007-09-29,2.308707
2007-09-30,2.252759
2007-10-01,2.310054
2007-10-02,2.338325
2007-10-03,2.200494
2007-10-04,2.002849
2007-10-05,1.903193
2007-10-06,2.151637
2007-10-07,1.972864
2007-10-08,2.020980
2007-10-09,2.234314
2007-10-10,1.996468
2007-10-11,1.874750
2007-10-12,1.891524
2007-10-13,1.768461
2007-10-14,1.768018
2007-10-15,1.838755
2007-10-16,1.900151
2007-10-17,1.866590
2007-10-18,1.532207
2007-10-19,1.574758
2007-10-20,1.576559
2007-10-21,1.668081
2007-10-22,1.541539
2007-10-23,1.316598
2007-10-24,1.440251
2007-10-25,1.519042
2007-10-26,1.541168
2007-10-27,1.699434
2007-10-28,1.191682
2007-10-29,1.299607
2007-10-30,1.610784
2007-10-31,1.493111
2007-11-01,1.002908
2007-11-02,1.427661
2007-11-03,1.165715
2007-11-04,1.089924
2007-11-05,1.075726
2007-11-06,1.218195
2007-11-07,1.239034
2007-11-08,1.019914
2007-11-09,1.120021
2007-11-10,1.155683
2007-11-11,1.012451
2007-11-12,0.967635
2007-11-13,0.700008
2007-11-14,0.944126
2007-11-15,0.907912
2007-11-16,0.927799
2007-11-17,0.991113
2007-11-18,0.770270
2007-11-19,0.795966
2007-11-20,0.879342
2007-11-21,0.798124
2007-11-22,0.698021
2007-11-23,0.683279
2007-11-24,0.787487
2007-11-25,0.539079
2007-11-26,0.662260
2007-11-27,0.768935
2007-11-28,0.584436
2007-11-29,0.838976
2007-11-30,0.463427
2007-12-01,0.477014
2007-12-02,0.585482
2007-12-03,0.538337
2007-12-04,0.470296
2007-12-05,0.396407
2007-12-06,0.470976
2007-12-07,0.537997
2007-12-08,0.591232
2007-12-09,0.257255
2007-12-10,0.537533
2007-12-11,0.524946
2007-12-12,0.543403
2007-12-13,0.307132
2007-12-14,0.164808
2007-12-15,0.452361
2007-12-16,0.278081
2007-12-17,0.268316
2007-12-18,0.401448
2007-12-19,0.295993
2007-12-20,0.588235
2007-12-21,0.301405
2007-12-22,0.389164
2007-12-23,0.000000
2007-12-24,0.287028
2007-12-25,0.343788
2007-12-26,0.274935
2007-12-27,0.086461
2007-12-28,0.053982
2007-12-29,0.046964
2007-12-30,0.375888
2007-12-31,0.130957
2008-01-01,0.112625
2008-01-02,0.233288
2008-01-03,0.352559
2008-01-04,0.148051
2008-01-05,0.168627
2008-01-06,0.000000
2008-01-07,0.348593
2008-01-08,0.231973
2008-01-09,0.418763
2008-01-10,0.095135
2008-01-11,0.467403
2008-01-12,0.250682
2008-01-13,0.396719
2008-01-14,0.211668
2008-01-15,0.349042
2008-01-16,0.261485
2008-01-17,0.420582
2008-01-18,0.267651
2008-01-19,0.314275
2008-01-20,0.389219
2008-01-21,0.169514
2008-01-22,0.446400
2008-01-23,0.495149
2008-01-24,0.404156
2008-01-25,0.101606
2008-01-26,0.074374
2008-01-27,0.273927
2008-01-28,0.346033
2008-01-29,0.404129
2008-01-30,0.248317
2008-01-31,0.194462
2008-02-01,0.073235
2008-02-02,0.105808
2008-02-03,0.410283
2008-02-04,0.222837
2008-02-05,0.388734
2008-02-06,0.282566
2008-02-07,0.493447
2008-02-08,0.696726
2008-02-09,0.325712
2008-02-10,0.390940
2008-02-11,0.525406
2008-02-12,0.566482
2008-02-13,0.428107
2008-02-14,0.315793
2008-02-15,0.710880
2008-02-16,0.503246
2008-02-17,0.476062
2008-02-18,0.772055
2008-02-19,0.411690
2008-02-20,0.348894
2008-02-21,0.889891
2008-02-22,0.686131
2008-02-23,0.873728
2008-02-24,0.918372
2008-02-25,0.848463
2008-02-26,0.764839
2008-02-27,1.010222
2008-02-28,0.770548
2008-02-29,0.775473
2008-03-01,0.776952
2008-03-02,0.890432
2008-03-03,0.710468
2008-03-04,0.821383
2008-03-05,0.873561
2008-03-06,0.781098
2008-03-07,1.156606
2008-03-08,0.858621
2008-03-09,1.195751
2008-03-10,0.942196
2008-03-11,1.318036
2008-03-12,1.260863
2008-03-13,1.150537
2008-03-14,1.069134
2008-03-15,1.072792
2008-03-16,1.166747
2008-03-17,1.254582
2008-03-18,1.454353
2008-03-19,1.499260
2008-03-20,1.242620
2008-03-21,1.453978
2008-03-22,1.354289
2008-03-23,1.596598
2008-03-24,1.278865
2008-03-25,1.444120
2008-03-26,1.611370
2008-03-27,1.672771
2008-03-28,1.709438
2008-03-29,1.394065
2008-03-30,1.521084
2008-03-31,1.778019
2008-04-01,1.794220
2008-04-02,1.744741
2008-04-03,1.619271
2008-04-04,2.015206
2008-04-05,1.802187
2008-04-06,1.778575
2008-04-07,1.758958
2008-04-08,2.082391
2008-04-09,1.928293
2008-04-10,1.947855
2008-04-11,2.400424
2008-04-12,2.096601
2008-04-13,2.150681
2008-04-14,2.125097
2008-04-15,2.094942
2008-04-16,1.981425
2008-04-17,2.322525
2008-04-18,2.582954
2008-04-19,2.284490
2008-04-20,2.402409
2008-04-21,2.443646
2008-04-22,2.244316
2008-04-23,2.328868
2008-04-24,2.765209
2008-04-25,2.309389
2008-04-26,2.431849
2008-04-27,2.815504
2008-04-28,2.658287
2008-04-29,2.568787
2008-04-30,2.502699
2008-05-01,2.765056
2008-05-02,2.519299
2008-05-03,2.717810
2008-05-04,2.898958
2008-05-05,2.566496
2008-05-06,2.482378
2008-05-07,2.779728
2008-05-08,2.974426
2008-05-09,3.006981
2008-05-10,2.779831
2008-05-11,2.771796
2008-05-12,3.173010
2008-05-13,3.071773
2008-05-14,3.141783
2008-05-15,3.023493
2008-05-16,3.033457
2008-05-17,3.125553
2008-05-18,2.975338
2008-05-19,2.723169
2008-05-20,3.241281
2008-05-21,3.418936
2008-05-22,3.085052
2008-05-23,3.170115
2008-05-24,3.172638
2008-05-25,3.513977
2008-05-26,3.136108
2008-05-27,3.238660
2008-05-28,3.425416
2008-05-29,3.277235
2008-05-30,3.607847
2008-05-31,3.438538
2008-06-01,3.195540
2008-06-02,3.419809
2008-06-03,3.321525
2008-06-04,3.341949
2008-06-05,3.523877
2008-06-06,3.418483
2008-06-07,3.480438
2008-06-08,3.444745
2008-06-09,3.769640
2008-06-10,3.580836
2008-06-11,3.666318
2008-06-12,3.562339
2008-06-13,3.558991
2008-06-14,3.678393
2008-06-15,3.672806
2008-06-16,3.612777
2008-06-17,3.782688
2008-06-18,3.573718
2008-06-19,3.631526
2008-06-20,3.754750
2008-06-21,3.819047
2008-06-22,3.797883
2008-06-23,3.927432
2008-06-24,3.595818
2008-06-25,3.684336
2008-06-26,3.612655
2008-06-27,3.729134
2008-06-28,3.939767
2008-06-29,4.097555
2008-06-30,3.615534
2008-07-01,3.671528
2008-07-02,4.010614
2008-07-03,3.679168
2008-07-04,3.928366
2008-07-05,4.110895
2008-07-06,4.026179
2008-07-07,3.793807
2008-07-08,3.958752
2008-07-09,3.849110
2008-07-10,3.801641
2008-07-11,3.664620
2008-07-12,3.777816
2008-07-13,3.832063
2008-07-14,3.642998
2008-07-15,3.712830
2008-07-16,3.772627
2008-07-17,3.726872
2008-07-18,3.651075
2008-07-19,3.654725
2008-07-20,3.841115
2008-07-21,3.724325
2008-07-22,3.834544
2008-07-23,3.982285
2008-07-24,3.555280
2008-07-25,3.718690
2008-07-26,3.982941
2008-07-27,3.573396
2008-07-28,3.618057
2008-07-29,3.673884
2008-07-30,3.767293
2008-07-31,3.734348
2008-08-01,3.582460
2008-08-02,3.327378
2008-08-03,3.579576
2008-08-04,3.654869
2008-08-05,3.613292
2008-08-06,3.645260
2008-08-07,3.303427
2008-08-08,3.699676
2008-08-09,3.282672
2008-08-10,3.518689
2008-08-11,3.359448
2008-08-12,3.654529
2008-08-13,3.449173
2008-08-14,3.672090
2008-08-15,3.512393
2008-08-16,3.478304
2008-08-17,3.305731
2008-08-18,3.552104
2008-08-19,3.286524
2008-08-20,3.278130
2008-08-21,3.385105
2008-08-22,3.354687
2008-08-23,3.164804
2008-08-24,3.468857
2008-08-25,3.311913
2008-08-26,3.191161
2008-08-27,3.196667
2008-08-28,2.945335
2008-08-29,2.965796
2008-08-30,3.131985
2008-08-31,3.006232
2008-09-01,3.073835
2008-09-02,3.040138
2008-09-03,3.062352
2008-09-04,2.797748
2008-09-05,3.060190
2008-09-06,2.805505
2008-09-07,2.643512
2008-09-08,2.932643
2008-09-09,2.963187
2008-09-10,2.673879
2008-09-11,2.537006
2008-09-12,2.819399
2008-09-13,2.723271
2008-09-14,2.813808
2008-09-15,2.699479
2008-09-16,2.785226
2008-09-17,2.562876
2008-09-18,2.701668
2008-09-19,2.726927
2008-09-20,2.577748
2008-09-21,2.635376
2008-09-22,2.534417
2008-09-23,2.481236
2008-09-24,2.302043
2008-09-25,2.372442
2008-09-26,2.269888
2008-09-27,1.928017
2008-09-28,2.301661
2008-09-29,2.138729
2008-09-30,2.188052
2008-10-01,2.167112
2008-10-02,2.123000
2008-10-03,2.173680
2008-10-04,2.172313
2008-10-05,1.966108
2008-10-06,2.322040
2008-10-07,2.053536
2008-10-08,1.973866
2008-10-09,1.901073
2008-10-10,1.823843
2008-10-11,2.028209
2008-10-12,2.076765
2008-10-13,1.837033
2008-10-14,2.049594
2008-10-15,1.819287
2008-10-16,1.730138
2008-10-17,1.748407
2008-10-18,1.775761
2008-10-19,1.852921
2008-10-20,1.542607
2008-10-21,1.630452
2008-10-22,1.455150
2008-10-23,1.504807
2008-10-24,1.812151
2008-10-25,1.596766
2008-10-26,1.480731
2008-10-27,1.423955
2008-10-28,1.451179
2008-10-29,1.585567
2008-10-30,1.493911
2008-10-31,1.237952
2008-11-01,1.149823
2008-11-02,1.104060
2008-11-03,1.205120
2008-11-04,0.922015
2008-11-05,0.945256
2008-11-06,1.253262
2008-11-07,1.213083
2008-11-08,0.944349
2008-11-09,1.061616
2008-11-10,1.012911
2008-11-11,1.348932
2008-11-12,0.909187
2008-11-13,0.958464
2008-11-14,1.127948
2008-11-15,0.925036
2008-11-16,0.849391
2008-11-17,0.589007
2008-11-18,0.756465
2008-11-19,1.018688
2008-11-20,0.963548
2008-11-21,0.613129
2008-11-22,0.797143
2008-11-23,0.620097
2008-11-24,0.631779
2008-11-25,0.652253
2008-11-26,0.605219
2008-11-27,0.564253
2008-11-28,0.784465
2008-11-29,0.579632
2008-11-30,0.577192
2008-12-01,0.428529
2008-12-02,0.324201
2008-12-03,0.461504
2008-12-04,0.519248
2008-12-05,0.407911
2008-12-06,0.330846
2008-12-07,0.547613
2008-12-08,0.541558
2008-12-09,0.388530
2008-12-10,0.513329
2008-12-11,0.272112
2008-12-12,0.344017
2008-12-13,0.235862
2008-12-14,0.446380
2008-12-15,0.532743
2008-12-16,0.219902
2008-12-17,0.147122
2008-12-18,0.255080
2008-12-19,0.173492
2008-12-20,0.477689
2008-12-21,0.263909
2008-12-22,0.475926
2008-12-23,0.109048
2008-12-24,0.085721
2008-12-25,0.285988
2008-12-26,0.220874
2008-12-27,0.318967
2008-12-28,0.127230
2008-12-29,0.322584
2008-12-30,0.151746
2008-12-31,0.326421
2009-01-01,0.071454
2009-01-02,0.071468
2009-01-03,0.363584
2009-01-04,0.228804
2009-01-05,0.249688
2009-01-06,0.267702
2009-01-07,0.184170
2009-01-08,0.095678
2009-01-09,0.038154
2009-01-10,0.227394
2009-01-11,0.004068
2009-01-12,0.199713
2009-01-13,0.513952
2009-01-14,0.169848
2009-01-15,0.241775
2009-01-16,0.438289
2009-01-17,0.182020
2009-01-18,0.205038
2009-01-19,0.325718
2009-01-20,0.000000
2009-01-21,0.000000
2009-01-22,0.368543
2009-01-23,0.420007
2009-01-24,0.091975
2009-01-25,0.156744
2009-01-26,0.161670
2009-01-27,0.198130
2009-01-28,0.131177
2009-01-29,0.467893
2009-01-30,0.000000
2009-01-31,0.126733
2009-02-01,0.228982
2009-02-02,0.594893
2009-02-03,0.481890
2009-02-04,0.266873
2009-02-05,0.457265
2009-02-06,0.463081
2009-02-07,0.598935
2009-02-08,0.746463
2009-02-09,0.433284
2009-02-10,0.269300
2009-02-11,0.429443
2009-02-12,0.664074
2009-02-13,0.562752
2009-02-14,0.584592
2009-02-15,0.732851
2009-02-16,0.543951
2009-02-17,0.640016
2009-02-18,0.563891
2009-02-19,0.637660
2009-02-20,0.530325
2009-02-21,0.606706
2009-02-22,0.951552
2009-02-23,0.699865
2009-02-24,0.678291
2009-02-25,0.698851
2009-02-26,0.834465
2009-02-27,0.718461
2009-02-28,0.817828
2009-03-01,1.035834
2009-03-02,0.725771
2009-03-03,1.002473
2009-03-04,1.174519
2009-03-05,0.664417
2009-03-06,0.920689
2009-03-07,0.867298
2009-03-08,1.149549
2009-03-09,1.221991
2009-03-10,1.045350
2009-03-11,1.025828
2009-03-12,1.381113
2009-03-13,1.062466
2009-03-14,1.024182
2009-03-15,1.094012
2009-03-16,1.217158
2009-03-17,1.333534
2009-03-18,1.442600
2009-03-19,1.204444
2009-03-20,1.473214
2009-03-21,1.553176
2009-03-22,1.466497
2009-03-23,1.274478
2009-03-24,1.314999
2009-03-25,1.653611
2009-03-26,1.554652
2009-03-27,1.391866
2009-03-28,1.782662
2009-03-29,1.834262
2009-03-30,1.558328
2009-03-31,1.552110
2009-04-01,1.850579
2009-04-02,1.677724
2009-04-03,1.809276
2009-04-04,1.425765
2009-04-05,1.918693
2009-04-06,1.893429
2009-04-07,1.830561
2009-04-08,1.960500
2009-04-09,1.885132
2009-04-10,2.010039
2009-04-11,1.891140
2009-04-12,2.011739
2009-04-13,2.007668
2009-04-14,2.056219
2009-04-15,2.118036
2009-04-16,2.417440
2009-04-17,2.064083
2009-04-18,1.997767
2009-04-19,2.169125
2009-04-20,2.133987
2009-04-21,2.294336
2009-04-22,2.382058
2009-04-23,2.389028
2009-04-24,2.385358
2009-04-25,2.293026
2009-04-26,2.498791
2009-04-27,2.293876
2009-04-28,2.352131
2009-04-29,2.639595
2009-04-30,2.313346
2009-05-01,2.733843
2009-05-02,2.662950
2009-05-03,2.594369
2009-05-04,2.851474
2009-05-05,2.800910
2009-05-06,2.624456
2009-05-07,2.789825
2009-05-08,2.578762
2009-05-09,2.978793
2009-05-10,2.702565
2009-05-11,2.965232
2009-05-12,2.894350
2009-05-13,2.866477
2009-05-14,3.180143
2009-05-15,2.912301
2009-05-16,2.812024
2009-05-17,2.767242
2009-05-18,3.214488
2009-05-19,2.984322
2009-05-20,3.311325
2009-05-21,2.961330
2009-05-22,3.157988
2009-05-23,3.102376
2009-05-24,3.016559
2009-05-25,3.023307
2009-05-26,3.255725
2009-05-27,3.293326
2009-05-28,3.367619
2009-05-29,3.223312
2009-05-30,3.496496
2009-05-31,3.485802
2009-06-01,3.791607
2009-06-02,3.374553
2009-06-03,3.561164
2009-06-04,3.411621
2009-06-05,3.483055
2009-06-06,3.556481
2009-06-07,3.478759
2009-06-08,3.590941
2009-06-09,3.633104
2009-06-10,3.481723
2009-06-11,3.469742
2009-06-12,3.735260
2009-06-13,3.651141
2009-06-14,3.692345
2009-06-15,3.627627
2009-06-16,3.540647
2009-06-17,3.549267
2009-06-18,3.838823
2009-06-19,3.606130
2009-06-20,3.728207
2009-06-21,3.720316
2009-06-22,3.513489
2009-06-23,3.484931
2009-06-24,3.574347
2009-06-25,3.787995
2009-06-26,4.038791
2009-06-27,3.855279
2009-06-28,3.805093
2009-06-29,4.167724
2009-06-30,3.842287
2009-07-01,3.578280
2009-07-02,3.669524
2009-07-03,3.926320
2009-07-04,3.754871
2009-07-05,4.201464
2009-07-06,3.683476
2009-07-07,3.740666
2009-07-08,4.189020
2009-07-09,3.568565
2009-07-10,3.866445
2009-07-11,3.657228
2009-07-12,4.029465
2009-07-13,3.505944
2009-07-14,3.818270
2009-07-15,3.743040
2009-07-16,3.807542
2009-07-17,3.867161
2009-07-18,3.739842
2009-07-19,3.875471
2009-07-20,3.554166
2009-07-21,3.771595
2009-07-22,3.859012
2009-07-23,3.654046
2009-07-24,3.885052
2009-07-25,3.694257
2009-07-26,3.710887
2009-07-27,3.641017
2009-07-28,3.905753
2009-07-29,3.588226
2009-07-30,3.640621
2009-07-31,3.593923
2009-08-01,3.293598
2009-08-02,3.642881
2009-08-03,3.668038
2009-08-04,3.538726
2009-08-05,3.815210
2009-08-06,3.659089
2009-08-07,3.762589
2009-08-08,3.686808
2009-08-09,3.765073
2009-08-10,3.450696
2009-08-11,3.228046
2009-08-12,3.134385
2009-08-13,3.519654
2009-08-14,3.581008
2009-08-15,3.719541
2009-08-16,3.611822
2009-08-17,3.429939
2009-08-18,3.359371
2009-08-19,3.255888
2009-08-20,3.578393
2009-08-21,3.163736
2009-08-22,3.289733
2009-08-23,3.324795
2009-08-24,3.262222
2009-08-25,3.172110
2009-08-26,3.271337
2009-08-27,3.189341
2009-08-28,3.347428
2009-08-29,3.068459
2009-08-30,3.178884
2009-08-31,3.168193
2009-09-01,3.178559
2009-09-02,3.076795
2009-09-03,2.865206
2009-09-04,2.826447
2009-09-05,2.949499
2009-09-06,3.136786
2009-09-07,2.876019
2009-09-08,2.911850
2009-09-09,2.565627
2009-09-10,2.756441
2009-09-11,2.750610
2009-09-12,2.696585
2009-09-13,2.844380
2009-09-14,3.071475
2009-09-15,2.637709
2009-09-16,2.907832
2009-09-17,2.786025
2009-09-18,2.497434
2009-09-19,2.732646
2009-09-20,2.377225
2009-09-21,2.282645
2009-09-22,2.590504
2009-09-23,2.464575
2009-09-24,2.507762
2009-09-25,2.324982
2009-09-26,2.392864
2009-09-27,2.557420
2009-09-28,2.341166
2009-09-29,2.277699
2009-09-30,2.063896
2009-10-01,2.116721
2009-10-02,2.285443
2009-10-03,2.370593
2009-10-04,2.141282
2009-10-05,2.153715
2009-10-06,2.312830
2009-10-07,2.076492
2009-10-08,2.035267
2009-10-09,1.943182
2009-10-10,1.804996
2009-10-11,2.081947
2009-10-12,2.325737
2009-10-13,1.887828
2009-10-14,1.869340
2009-10-15,1.797926
2009-10-16,2.025192
2009-10-17,2.084475
2009-10-18,1.478717
2009-10-19,1.415019
2009-10-20,1.679339
2009-10-21,1.453763
2009-10-22,1.529727
2009-10-23,1.472272
2009-10-24,1.590856
2009-10-25,1.461713
2009-10-26,1.619866
2009-10-27,1.371384
2009-10-28,1.366978
2009-10-29,1.433757
2009-10-30,1.371235
2009-10-31,0.898107
2009-11-01,1.006731
2009-11-02,1.486353
2009-11-03,1.784385
2009-11-04,1.243856
2009-11-05,1.203940
2009-11-06,0.850134
2009-11-07,1.108112
2009-11-08,1.398388
2009-11-09,1.172722
2009-11-10,1.036914
2009-11-11,1.094312
2009-11-12,0.958615
2009-11-13,0.819311
2009-11-14,0.594031
2009-11-15,0.922363
2009-11-16,1.119296
2009-11-17,1.207919
2009-11-18,0.951134
2009-11-19,0.889178
2009-11-20,0.979900
2009-11-21,0.707149
2009-11-22,0.827175
2009-11-23,0.631384
2009-11-24,0.800663
2009-11-25,0.707543
2009-11-26,0.623688
2009-11-27,0.805276
2009-11-28,0.492489
2009-11-29,0.528573
2009-11-30,0.796795
2009-12-01,0.564042
2009-12-02,0.720369
2009-12-03,0.545975
2009-12-04,0.567773
2009-12-05,0.573194
2009-12-06,0.594715
2009-12-07,0.515254
2009-12-08,0.422958
2009-12-09,0.398826
2009-12-10,0.575368
2009-12-11,0.220161
2009-12-12,0.642078
2009-12-13,0.563655
2009-12-14,0.586651
2009-12-15,0.391263
2009-12-16,0.283732
2009-12-17,0.208739
2009-12-18,0.442747
2009-12-19,0.388385
2009-12-20,0.380752
2009-12-21,0.056024
2009-12-22,0.177060
2009-12-23,0.073829
2009-12-24,0.522010
2009-12-25,0.107335
2009-12-26,0.391527
2009-12-27,0.143608
2009-12-28,0.408595
2009-12-29,0.283855
2009-12-30,0.306025
2009-12-31,0.163673
