date,precipitation
1995-01-01,3.677329
1995-01-02,2.836832
1995-01-03,7.718651
1995-01-04,0.355314
1995-01-05,0.004885
1995-01-06,0.655096
1995-01-07,11.568919
1995-01-08,0.578079
1995-01-09,3.433980
1995-01-10,4.665033
1995-01-11,2.618174
1995-01-12,0.159777
1995-01-13,0.530097
1995-01-14,0.461321
1995-01-15,0.220643
1995-01-16,0.067245
1995-01-17,0.980034
1995-01-18,0.608173
1995-01-19,1.219122
1995-01-20,0.084991
1995-01-21,1.919981
1995-01-22,1.120570
1995-01-23,0.493530
1995-01-24,0.243112
1995-01-25,1.990087
1995-01-26,11.030401
1995-01-27,0.335736
1995-01-28,4.339691
1995-01-29,1.302236
1995-01-30,0.332180
1995-01-31,0.013322
1995-02-01,0.004219
1995-02-02,2.849314
1995-02-03,1.440217
1995-02-04,0.530788
1995-02-05,1.599425
1995-02-06,2.541628
1995-02-07,1.747828
1995-02-08,3.801994
1995-02-09,8.251898
1995-02-10,0.000001
1995-02-11,4.227428
1995-02-12,0.811910
1995-02-13,3.524543
1995-02-14,0.139635
1995-02-15,1.174818
1995-02-16,0.895741
1995-02-17,3.137298
1995-02-18,3.889140
1995-02-19,1.949029
1995-02-20,2.467563
1995-02-21,0.611982
1995-02-22,6.414817
1995-02-23,0.025944
1995-02-24,0.252995
1995-02-25,0.155155
1995-02-26,0.220565
1995-02-27,0.288502
1995-02-28,3.302157
1995-03-01,0.020636
1995-03-02,0.451995
1995-03-03,0.445806
1995-03-04,5.552076
1995-03-05,2.570498
1995-03-06,2.968415
1995-03-07,5.449950
1995-03-08,0.130256
1995-03-09,0.000690
1995-03-10,12.151573
1995-03-11,6.449706
1995-03-12,0.943111
1995-03-13,1.123020
1995-03-14,2.037576
1995-03-15,0.098953
1995-03-16,4.169495
1995-03-17,0.037899
1995-03-18,0.027154
1995-03-19,0.075738
1995-03-20,0.697809
1995-03-21,6.021990
1995-03-22,2.320686
1995-03-23,0.208552
1995-03-24,1.378276
1995-03-25,0.325314
1995-03-26,6.496974
1995-03-27,1.636721
1995-03-28,5.302723
1995-03-29,2.790976
1995-03-30,3.153564
1995-03-31,0.044118
1995-04-01,0.079303
1995-04-02,0.642833
1995-04-03,3.717892
1995-04-04,0.246728
1995-04-05,0.000070
1995-04-06,0.461108
1995-04-07,1.205180
1995-04-08,3.898486
1995-04-09,1.983823
1995-04-10,0.337948
1995-04-11,8.529996
1995-04-12,0.034769
1995-04-13,5.353299
1995-04-14,0.055020
1995-04-15,13.163591
1995-04-16,0.002204
1995-04-17,1.751683
1995-04-18,1.378764
1995-04-19,9.513501
1995-04-20,0.624375
1995-04-21,0.531673
1995-04-22,0.009123
1995-04-23,1.802254
1995-04-24,0.116996
1995-04-25,0.107795
1995-04-26,2.560499
1995-04-27,4.140146
1995-04-28,3.739096
1995-04-29,0.579167
1995-04-30,0.283391
1995-05-01,0.000032
1995-05-02,1.453099
1995-05-03,1.744904
1995-05-04,0.782908
1995-05-05,1.866906
1995-05-06,1.484133
1995-05-07,0.003435
1995-05-08,9.384168
1995-05-09,0.412104
1995-05-10,0.855685
1995-05-11,0.614105
1995-05-12,1.289968
1995-05-13,3.549960
1995-05-14,2.582645
1995-05-15,3.156849
1995-05-16,0.028931
1995-05-17,0.018787
1995-05-18,1.048024
1995-05-19,0.120558
1995-05-20,0.577113
1995-05-21,2.779767
1995-05-22,0.090121
1995-05-23,2.285248
1995-05-24,1.199544
1995-05-25,5.879545
1995-05-26,3.368241
1995-05-27,0.177282
1995-05-28,3.563279
1995-05-29,1.009692
1995-05-30,5.120309
1995-05-31,1.730195
1995-06-01,0.487252
1995-06-02,2.040796
1995-06-03,3.739317
1995-06-04,0.256292
1995-06-05,0.631788
1995-06-06,0.802369
1995-06-07,0.052543
1995-06-08,0.600604
1995-06-09,0.050629
1995-06-10,0.785581
1995-06-11,0.580469
1995-06-12,0.340917
1995-06-13,0.374978
1995-06-14,4.010905
1995-06-15,0.003992
1995-06-16,0.063427
1995-06-17,0.224239
1995-06-18,0.664214
1995-06-19,0.738603
1995-06-20,0.000536
1995-06-21,2.536271
1995-06-22,0.740453
1995-06-23,0.002526
1995-06-24,2.147893
1995-06-25,2.421650
1995-06-26,1.408040
1995-06-27,4.690041
1995-06-28,0.411350
1995-06-29,0.975025
1995-06-30,4.841302
1995-07-01,0.061839
1995-07-02,0.080998
1995-07-03,0.240142
1995-07-04,1.295649
1995-07-05,0.659605
1995-07-06,2.435322
1995-07-07,1.378557
1995-07-08,0.858194
1995-07-09,1.915022
1995-07-10,4.075798
1995-07-11,0.192460
1995-07-12,1.471836
1995-07-13,0.179307
1995-07-14,0.846753
1995-07-15,1.291211
1995-07-16,12.084207
1995-07-17,5.268350
1995-07-18,0.181268
1995-07-19,0.251550
1995-07-20,0.147173
1995-07-21,0.480800
1995-07-22,0.408605
1995-07-23,0.030458
1995-07-24,0.007856
1995-07-25,0.150500
1995-07-26,6.332011
1995-07-27,0.039783
1995-07-28,0.258048
1995-07-29,0.403098
1995-07-30,1.217357
1995-07-31,0.686487
1995-08-01,0.469959
1995-08-02,0.014819
1995-08-03,1.564301
1995-08-04,0.687886
1995-08-05,0.045163
1995-08-06,0.047569
1995-08-07,2.019572
1995-08-08,0.460750
1995-08-09,6.955317
1995-08-10,1.649970
1995-08-11,4.930205
1995-08-12,0.201435
1995-08-13,0.062939
1995-08-14,0.402664
1995-08-15,1.706865
1995-08-16,1.226117
1995-08-17,0.433127
1995-08-18,0.082210
1995-08-19,4.522157
1995-08-20,0.316274
1995-08-21,1.345223
1995-08-22,3.514978
1995-08-23,0.779591
1995-08-24,0.883963
1995-08-25,1.344363
1995-08-26,4.498662
1995-08-27,3.234793
1995-08-28,1.286243
1995-08-29,3.162607
1995-08-30,1.378689
1995-08-31,0.022990
1995-09-01,6.340627
1995-09-02,1.252296
1995-09-03,7.215703
1995-09-04,0.119079
1995-09-05,0.605612
1995-09-06,0.050991
1995-09-07,0.674992
1995-09-08,0.352639
1995-09-09,0.767594
1995-09-10,1.066969
1995-09-11,0.029071
1995-09-12,3.100791
1995-09-13,2.913792
1995-09-14,6.467887
1995-09-15,1.039193
1995-09-16,0.023532
1995-09-17,3.587810
1995-09-18,0.160279
1995-09-19,8.022057
1995-09-20,0.028283
1995-09-21,0.642263
1995-09-22,2.241872
1995-09-23,0.109293
1995-09-24,0.668091
1995-09-25,1.553270
1995-09-26,0.198088
1995-09-27,3.442175
1995-09-28,1.637621
1995-09-29,0.975538
1995-09-30,3.590824
1995-10-01,3.426907
1995-10-02,1.139264
1995-10-03,4.959241
1995-10-04,0.092386
1995-10-05,2.687959
1995-10-06,0.001151
1995-10-07,13.664875
1995-10-08,0.044112
1995-10-09,0.605789
1995-10-10,0.015591
1995-10-11,0.271579
1995-10-12,2.114070
1995-10-13,0.501241
1995-10-14,0.590870
1995-10-15,0.043768
1995-10-16,0.000487
1995-10-17,2.956129
1995-10-18,0.327269
1995-10-19,0.945895
1995-10-20,0.251386
1995-10-21,1.198589
1995-10-22,12.638036
1995-10-23,2.890776
1995-10-24,1.093485
1995-10-25,0.004124
1995-10-26,0.178496
1995-10-27,0.687743
1995-10-28,5.291292
1995-10-29,3.762213
1995-10-30,0.489866
1995-10-31,0.159485
1995-11-01,0.178258
1995-11-02,0.287452
1995-11-03,2.781702
1995-11-04,2.981170
1995-11-05,11.866691
1995-11-06,2.166790
1995-11-07,15.443891
1995-11-08,1.775761
1995-11-09,7.688839
1995-11-10,2.331624
1995-11-11,3.684269
1995-11-12,0.010194
1995-11-13,0.177069
1995-11-14,0.007618
1995-11-15,2.796329
1995-11-16,9.165646
1995-11-17,4.042209
1995-11-18,2.467992
1995-11-19,5.705515
1995-11-20,0.079321
1995-11-21,0.014685
1995-11-22,0.005319
1995-11-23,3.604212
1995-11-24,1.185352
1995-11-25,2.317121
1995-11-26,0.133184
1995-11-27,0.439847
1995-11-28,0.000514
1995-11-29,0.580277
1995-11-30,5.770524
1995-12-01,0.365055
1995-12-02,1.929268
1995-12-03,4.577789
1995-12-04,0.204210
1995-12-05,0.011390
1995-12-06,0.567655
1995-12-07,0.012074
1995-12-08,0.256395
1995-12-09,2.595526
1995-12-10,0.016379
1995-12-11,1.015414
1995-12-12,0.014995
1995-12-13,0.478745
1995-12-14,0.007588
1995-12-15,3.187718
1995-12-16,1.863992
1995-12-17,1.369189
1995-12-18,0.037551
1995-12-19,1.124396
1995-12-20,0.040133
1995-12-21,0.134410
1995-12-22,0.090081
1995-12-23,1.382777
1995-12-24,0.030038
1995-12-25,0.115020
1995-12-26,3.088976
1995-12-27,1.162536
1995-12-28,3.046631
1995-12-29,2.185068
1995-12-30,0.777938
1995-12-31,0.162846
1996-01-01,0.692758
1996-01-02,5.440423
1996-01-03,0.000742
1996-01-04,3.009880
1996-01-05,0.757444
1996-01-06,0.000359
1996-01-07,0.033473
1996-01-08,0.004317
1996-01-09,0.262597
1996-01-10,2.952321
1996-01-11,0.002875
1996-01-12,1.242826
1996-01-13,0.525526
1996-01-14,0.353172
1996-01-15,0.228603
1996-01-16,0.957086
1996-01-17,1.298352
1996-01-18,0.477529
1996-01-19,0.789798
1996-01-20,3.816320
1996-01-21,2.389764
1996-01-22,11.339846
1996-01-23,0.003347
1996-01-24,0.917591
1996-01-25,0.441421
1996-01-26,0.000852
1996-01-27,10.788318
1996-01-28,0.052148
1996-01-29,0.678302
1996-01-30,0.277739
1996-01-31,2.290616
1996-02-01,2.300314
1996-02-02,1.858675
1996-02-03,0.369850
1996-02-04,4.240122
1996-02-05,0.170275
1996-02-06,0.717785
1996-02-07,0.848776
1996-02-08,1.972981
1996-02-09,0.235387
1996-02-10,0.519870
1996-02-11,0.803600
1996-02-12,7.329386
1996-02-13,7.005287
1996-02-14,0.291924
1996-02-15,5.960353
1996-02-16,0.995272
1996-02-17,1.272902
1996-02-18,4.880112
1996-02-19,1.266058
1996-02-20,0.879800
1996-02-21,1.999355
1996-02-22,1.524581
1996-02-23,2.273473
1996-02-24,0.007635
1996-02-25,0.299054
1996-02-26,0.608209
1996-02-27,2.607370
1996-02-28,4.157372
1996-02-29,3.194330
1996-03-01,2.125881
1996-03-02,4.002271
1996-03-03,0.221422
1996-03-04,0.445807
1996-03-05,0.392140
1996-03-06,1.187128
1996-03-07,5.276122
1996-03-08,6.469627
1996-03-09,0.047983
1996-03-10,0.052550
1996-03-11,3.987096
1996-03-12,0.045111
1996-03-13,0.371068
1996-03-14,0.375348
1996-03-15,0.130317
1996-03-16,1.563838
1996-03-17,1.875384
1996-03-18,0.139170
1996-03-19,6.161616
1996-03-20,0.089384
1996-03-21,4.301575
1996-03-22,5.079720
1996-03-23,0.175519
1996-03-24,0.003027
1996-03-25,2.019108
1996-03-26,0.008062
1996-03-27,6.479127
1996-03-28,0.013414
1996-03-29,1.240751
1996-03-30,0.712654
1996-03-31,0.458613
1996-04-01,0.000227
1996-04-02,1.939464
1996-04-03,2.217186
1996-04-04,0.016764
1996-04-05,1.843528
1996-04-06,1.868348
1996-04-07,1.272156
1996-04-08,2.836779
1996-04-09,0.657887
1996-04-10,0.014962
1996-04-11,3.234088
1996-04-12,0.945080
1996-04-13,4.474143
1996-04-14,0.653033
1996-04-15,2.242334
1996-04-16,0.001157
1996-04-17,5.934483
1996-04-18,7.286271
1996-04-19,10.218236
1996-04-20,0.705208
1996-04-21,0.901854
1996-04-22,7.634870
1996-04-23,0.303199
1996-04-24,1.451641
1996-04-25,0.910263
1996-04-26,4.549239
1996-04-27,1.741192
1996-04-28,3.317950
1996-04-29,2.836757
1996-04-30,2.122527
1996-05-01,1.314542
1996-05-02,3.068485
1996-05-03,1.879204
1996-05-04,0.716452
1996-05-05,1.866931
1996-05-06,1.410967
1996-05-07,0.911879
1996-05-08,2.371291
1996-05-09,0.674354
1996-05-10,0.380012
1996-05-11,0.235687
1996-05-12,0.514645
1996-05-13,0.243646
1996-05-14,0.846769
1996-05-15,0.321555
1996-05-16,1.828453
1996-05-17,1.106552
1996-05-18,0.171065
1996-05-19,0.061530
1996-05-20,2.267853
1996-05-21,2.733019
1996-05-22,1.948425
1996-05-23,0.090648
1996-05-24,0.079833
1996-05-25,0.005043
1996-05-26,0.914729
1996-05-27,0.008720
1996-05-28,3.711350
1996-05-29,0.791982
1996-05-30,2.165209
1996-05-31,0.221610
1996-06-01,1.904167
1996-06-02,0.535349
1996-06-03,0.020480
1996-06-04,0.691944
1996-06-05,2.333814
1996-06-06,0.129829
1996-06-07,2.357112
1996-06-08,1.964091
1996-06-09,8.202999
1996-06-10,4.422947
1996-06-11,1.637484
1996-06-12,1.564889
1996-06-13,2.187743
1996-06-14,0.366285
1996-06-15,0.945111
1996-06-16,1.621100
1996-06-17,0.055721
1996-06-18,0.274444
1996-06-19,0.333281
1996-06-20,0.580360
1996-06-21,0.269737
1996-06-22,0.241594
1996-06-23,0.034509
1996-06-24,0.623559
1996-06-25,0.063377
1996-06-26,6.808786
1996-06-27,0.490752
1996-06-28,4.195398
1996-06-29,5.231577
1996-06-30,2.402886
1996-07-01,0.484673
1996-07-02,1.062642
1996-07-03,2.664628
1996-07-04,0.535269
1996-07-05,3.339455
1996-07-06,0.574319
1996-07-07,9.110282
1996-07-08,11.399962
1996-07-09,4.193919
1996-07-10,0.585237
1996-07-11,0.049337
1996-07-12,3.795907
1996-07-13,0.320021
1996-07-14,1.739110
1996-07-15,0.866899
1996-07-16,0.123137
1996-07-17,0.138564
1996-07-18,2.727081
1996-07-19,3.551921
1996-07-20,0.504805
1996-07-21,0.061645
1996-07-22,2.350590
1996-07-23,0.002890
1996-07-24,0.114325
1996-07-25,2.444012
1996-07-26,10.440821
1996-07-27,0.006205
1996-07-28,0.100217
1996-07-29,1.274294
1996-07-30,2.315943
1996-07-31,4.640279
1996-08-01,1.351860
1996-08-02,0.961673
1996-08-03,3.494652
1996-08-04,4.460463
1996-08-05,1.926733
1996-08-06,0.032585
1996-08-07,0.539637
1996-08-08,0.273444
1996-08-09,2.929489
1996-08-10,1.480159
1996-08-11,5.771863
1996-08-12,0.917314
1996-08-13,0.898858
1996-08-14,0.002514
1996-08-15,5.469878
1996-08-16,2.996763
1996-08-17,2.323000
1996-08-18,0.375533
1996-08-19,3.184396
1996-08-20,1.090476
1996-08-21,0.212858
1996-08-22,3.062233
1996-08-23,0.382356
1996-08-24,0.000260
1996-08-25,0.312968
1996-08-26,1.495919
1996-08-27,0.256789
1996-08-28,0.433336
1996-08-29,3.382017
1996-08-30,0.033159
1996-08-31,6.056691
1996-09-01,0.632076
1996-09-02,0.066379
1996-09-03,0.456941
1996-09-04,2.530868
1996-09-05,6.312384
1996-09-06,0.030704
1996-09-07,1.929828
1996-09-08,1.932981
1996-09-09,0.606691
1996-09-10,0.313879
1996-09-11,2.486628
1996-09-12,0.340667
1996-09-13,0.272605
1996-09-14,3.434322
1996-09-15,1.734622
1996-09-16,3.734825
1996-09-17,2.310183
1996-09-18,0.306194
1996-09-19,1.495663
1996-09-20,1.718250
1996-09-21,0.311061
1996-09-22,1.610910
1996-09-23,0.480668
1996-09-24,3.213957
1996-09-25,5.803827
1996-09-26,0.027362
1996-09-27,2.505450
1996-09-28,2.320295
1996-09-29,0.281430
1996-09-30,1.143768
1996-10-01,3.188228
1996-10-02,0.895732
1996-10-03,6.016429
1996-10-04,0.000112
1996-10-05,1.542530
1996-10-06,3.206032
1996-10-07,8.689972
1996-10-08,0.082920
1996-10-09,1.252730
1996-10-10,0.239394
1996-10-11,2.655065
1996-10-12,1.388882
1996-10-13,5.022717
1996-10-14,0.757304
1996-10-15,1.768913
1996-10-16,1.476197
1996-10-17,3.842809
1996-10-18,0.885658
1996-10-19,0.565055
1996-10-20,6.448961
1996-10-21,1.871216
1996-10-22,1.422525
1996-10-23,1.602018
1996-10-24,1.483616
1996-10-25,3.929073
1996-10-26,0.214889
1996-10-27,6.964512
1996-10-28,0.911496
1996-10-29,0.176413
1996-10-30,0.040898
1996-10-31,0.740363
1996-11-01,0.343714
1996-11-02,0.005669
1996-11-03,1.574210
1996-11-04,0.159642
1996-11-05,0.945279
1996-11-06,0.247488
1996-11-07,1.015732
1996-11-08,0.110431
1996-11-09,3.444170
1996-11-10,0.406882
1996-11-11,0.244261
1996-11-12,0.947059
1996-11-13,0.866805
1996-11-14,0.462779
1996-11-15,0.724776
1996-11-16,1.032657
1996-11-17,0.138190
1996-11-18,2.643705
1996-11-19,0.008480
1996-11-20,9.813790
1996-11-21,0.479233
1996-11-22,0.241707
1996-11-23,0.574477
1996-11-24,0.828032
1996-11-25,0.000091
1996-11-26,0.000284
1996-11-27,0.001193
1996-11-28,3.983511
1996-11-29,0.002102
1996-11-30,0.014713
1996-12-01,0.546988
1996-12-02,0.189706
1996-12-03,0.934706
1996-12-04,0.005046
1996-12-05,1.603161
1996-12-06,1.218135
1996-12-07,0.247506
1996-12-08,0.559906
1996-12-09,0.617731
1996-12-10,0.001460
1996-12-11,9.204933
1996-12-12,1.802513
1996-12-13,0.756169
1996-12-14,0.290267
1996-12-15,0.136554
1996-12-16,14.919729
1996-12-17,10.668945
1996-12-18,2.644294
1996-12-19,0.739394
1996-12-20,0.814223
1996-12-21,0.125353
1996-12-22,0.915653
1996-12-23,5.213304
1996-12-24,4.306337
1996-12-25,0.079752
1996-12-26,0.089030
1996-12-27,0.000090
1996-12-28,0.168713
1996-12-29,0.325917
1996-12-30,0.416864
1996-12-31,1.071904
1997-01-01,1.443470
1997-01-02,18.834263
1997-01-03,0.018998
1997-01-04,0.062650
1997-01-05,2.127978
1997-01-06,1.929349
1997-01-07,2.488036
1997-01-08,0.312898
1997-01-09,0.811881
1997-01-10,1.962766
1997-01-11,6.645716
1997-01-12,0.026998
1997-01-13,0.902400
1997-01-14,0.964565
1997-01-15,0.057917
1997-01-16,0.165795
1997-01-17,0.275437
1997-01-18,2.771275
1997-01-19,1.039330
1997-01-20,4.127330
1997-01-21,0.139292
1997-01-22,2.036219
1997-01-23,18.213805
1997-01-24,2.160440
1997-01-25,2.528243
1997-01-26,0.157451
1997-01-27,1.033771
1997-01-28,1.474787
1997-01-29,12.385809
1997-01-30,1.431649
1997-01-31,3.841878
1997-02-01,1.287789
1997-02-02,0.542862
1997-02-03,1.693563
1997-02-04,1.038406
1997-02-05,0.953419
1997-02-06,0.097847
1997-02-07,0.798183
1997-02-08,0.330748
1997-02-09,0.548561
1997-02-10,9.339580
1997-02-11,5.836355
1997-02-12,4.617366
1997-02-13,2.470764
1997-02-14,0.147088
1997-02-15,1.194155
1997-02-16,2.568638
1997-02-17,6.236751
1997-02-18,2.971214
1997-02-19,2.556942
1997-02-20,0.224432
1997-02-21,1.563008
1997-02-22,0.536726
1997-02-23,1.329019
1997-02-24,2.479167
1997-02-25,0.014172
1997-02-26,0.052664
1997-02-27,2.023622
1997-02-28,0.054987
1997-03-01,3.255321
1997-03-02,1.360693
1997-03-03,0.313575
1997-03-04,0.012352
1997-03-05,3.420262
1997-03-06,0.178849
1997-03-07,3.440459
1997-03-08,0.110333
1997-03-09,0.470023
1997-03-10,0.017495
1997-03-11,2.060332
1997-03-12,0.078888
1997-03-13,0.255593
1997-03-14,0.945072
1997-03-15,0.730870
1997-03-16,1.453245
1997-03-17,1.324641
1997-03-18,1.145529
1997-03-19,0.106709
1997-03-20,0.998399
1997-03-21,0.655282
1997-03-22,0.977227
1997-03-23,3.772399
1997-03-24,1.932142
1997-03-25,6.250433
1997-03-26,0.198781
1997-03-27,3.534735
1997-03-28,0.241933
1997-03-29,0.158189
1997-03-30,0.058346
1997-03-31,0.744879
1997-04-01,0.346094
1997-04-02,2.366328
1997-04-03,0.261785
1997-04-04,0.009183
1997-04-05,0.181607
1997-04-06,1.564716
1997-04-07,2.676244
1997-04-08,3.177625
1997-04-09,1.116224
1997-04-10,3.324787
1997-04-11,0.193374
1997-04-12,0.057878
1997-04-13,0.217543
1997-04-14,0.045369
1997-04-15,2.383612
1997-04-16,2.603887
1997-04-17,0.000017
1997-04-18,0.100509
1997-04-19,7.036655
1997-04-20,2.846747
1997-04-21,0.855629
1997-04-22,0.020919
1997-04-23,11.157814
1997-04-24,0.132904
1997-04-25,0.000328
1997-04-26,0.715821
1997-04-27,0.148389
1997-04-28,4.867643
1997-04-29,2.007191
1997-04-30,3.519078
1997-05-01,0.051124
1997-05-02,0.330732
1997-05-03,0.984391
1997-05-04,0.108175
1997-05-05,0.359507
1997-05-06,9.178167
1997-05-07,0.845290
1997-05-08,0.866824
1997-05-09,1.358696
1997-05-10,1.833740
1997-05-11,3.836712
1997-05-12,0.007674
1997-05-13,0.527254
1997-05-14,0.762596
1997-05-15,0.006322
1997-05-16,0.329751
1997-05-17,0.282859
1997-05-18,0.498045
1997-05-19,6.427773
1997-05-20,5.676082
1997-05-21,0.011353
1997-05-22,0.653954
1997-05-23,6.356098
1997-05-24,0.294817
1997-05-25,1.705692
1997-05-26,0.010427
1997-05-27,0.926612
1997-05-28,0.846126
1997-05-29,0.014116
1997-05-30,0.215890
1997-05-31,0.453575
1997-06-01,0.033613
1997-06-02,2.820406
1997-06-03,8.830472
1997-06-04,0.682688
1997-06-05,4.795679
1997-06-06,3.681629
1997-06-07,0.252859
1997-06-08,0.691969
1997-06-09,5.626276
1997-06-10,16.482965
1997-06-11,0.762567
1997-06-12,1.817515
1997-06-13,0.458646
1997-06-14,0.183917
1997-06-15,0.498314
1997-06-16,0.513482
1997-06-17,0.000064
1997-06-18,0.074100
1997-06-19,13.829607
1997-06-20,4.326863
1997-06-21,0.276976
1997-06-22,3.008898
1997-06-23,8.673883
1997-06-24,0.301610
1997-06-25,0.049356
1997-06-26,0.034155
1997-06-27,1.607907
1997-06-28,0.396309
1997-06-29,2.125017
1997-06-30,0.010173
1997-07-01,1.715462
1997-07-02,0.761276
1997-07-03,2.347343
1997-07-04,0.284198
1997-07-05,0.053790
1997-07-06,0.000780
1997-07-07,0.857554
1997-07-08,1.758356
1997-07-09,0.395062
1997-07-10,0.941328
1997-07-11,0.028119
1997-07-12,0.000967
1997-07-13,12.143811
1997-07-14,5.318240
1997-07-15,1.438518
1997-07-16,0.074213
1997-07-17,2.868330
1997-07-18,1.678898
1997-07-19,1.707908
1997-07-20,1.794424
1997-07-21,2.899619
1997-07-22,0.615628
1997-07-23,0.003206
1997-07-24,0.473187
1997-07-25,0.015779
1997-07-26,5.771067
1997-07-27,3.026064
1997-07-28,0.315458
1997-07-29,0.046058
1997-07-30,0.851495
1997-07-31,0.679134
1997-08-01,0.011802
1997-08-02,0.030367
1997-08-03,1.991118
1997-08-04,6.407186
1997-08-05,2.345738
1997-08-06,5.550151
1997-08-07,5.836723
1997-08-08,0.001701
1997-08-09,0.034802
1997-08-10,9.208543
1997-08-11,0.486417
1997-08-12,0.312386
1997-08-13,10.112529
1997-08-14,0.050081
1997-08-15,0.016519
1997-08-16,5.019370
1997-08-17,1.374563
1997-08-18,1.395914
1997-08-19,0.299060
1997-08-20,0.065427
1997-08-21,0.445746
1997-08-22,2.159321
1997-08-23,2.270648
1997-08-24,0.142792
1997-08-25,9.056122
1997-08-26,3.196131
1997-08-27,8.475921
1997-08-28,0.347827
1997-08-29,0.090478
1997-08-30,0.060652
1997-08-31,0.025695
1997-09-01,0.176019
1997-09-02,0.523082
1997-09-03,0.000010
1997-09-04,10.830863
1997-09-05,0.450363
1997-09-06,0.002817
1997-09-07,2.769923
1997-09-08,0.038163
1997-09-09,2.062657
1997-09-10,0.036211
1997-09-11,9.325439
1997-09-12,0.646455
1997-09-13,1.877127
1997-09-14,4.635668
1997-09-15,0.236006
1997-09-16,2.217652
1997-09-17,0.115419
1997-09-18,2.005010
1997-09-19,0.522984
1997-09-20,1.184423
1997-09-21,0.092401
1997-09-22,0.047308
1997-09-23,0.529107
1997-09-24,0.020615
1997-09-25,0.539092
1997-09-26,0.156061
1997-09-27,0.020416
1997-09-28,3.994583
1997-09-29,6.605660
1997-09-30,3.199459
1997-10-01,0.188427
1997-10-02,2.096379
1997-10-03,1.685475
1997-10-04,3.580593
1997-10-05,0.553686
1997-10-06,7.573501
1997-10-07,17.421530
1997-10-08,0.777028
1997-10-09,2.930304
1997-10-10,0.098954
1997-10-11,0.512098
1997-10-12,6.469675
1997-10-13,0.572955
1997-10-14,0.089136
1997-10-15,12.109334
1997-10-16,0.019290
1997-10-17,0.747502
1997-10-18,2.221314
1997-10-19,0.006028
1997-10-20,3.594576
1997-10-21,2.591393
1997-10-22,6.806238
1997-10-23,0.002597
1997-10-24,0.496902
1997-10-25,0.062011
1997-10-26,0.620934
1997-10-27,0.078763
1997-10-28,0.380517
1997-10-29,2.856754
1997-10-30,0.068520
1997-10-31,0.261586
1997-11-01,3.531940
1997-11-02,0.374501
1997-11-03,0.783465
1997-11-04,0.528934
1997-11-05,0.154593
1997-11-06,0.173726
1997-11-07,1.140121
1997-11-08,3.974576
1997-11-09,0.241854
1997-11-10,6.109998
1997-11-11,1.391699
1997-11-12,0.000892
1997-11-13,13.003472
1997-11-14,1.885921
1997-11-15,0.384328
1997-11-16,0.820272
1997-11-17,0.425591
1997-11-18,3.618904
1997-11-19,1.601068
1997-11-20,6.047634
1997-11-21,0.996735
1997-11-22,0.011094
1997-11-23,2.948928
1997-11-24,2.022436
1997-11-25,0.126446
1997-11-26,0.119459
1997-11-27,1.011831
1997-11-28,0.783740
1997-11-29,0.672181
1997-11-30,1.785228
1997-12-01,2.983652
1997-12-02,9.990636
1997-12-03,2.849528
1997-12-04,0.020514
1997-12-05,0.069618
1997-12-06,0.593905
1997-12-07,1.014033
1997-12-08,0.676057
1997-12-09,0.486471
1997-12-10,2.051967
1997-12-11,2.181988
1997-12-12,1.031991
1997-12-13,0.618935
1997-12-14,0.116621
1997-12-15,0.046655
1997-12-16,0.171565
1997-12-17,0.512147
1997-12-18,2.076796
1997-12-19,0.363135
1997-12-20,0.600892
1997-12-21,0.010932
1997-12-22,1.569077
1997-12-23,0.008677
1997-12-24,1.023951
1997-12-25,0.089267
1997-12-26,0.514140
1997-12-27,0.025922
1997-12-28,6.562288
1997-12-29,0.330237
1997-12-30,0.939918
1997-12-31,0.341912
1998-01-01,1.493101
1998-01-02,1.497226
1998-01-03,1.438261
1998-01-04,3.438265
1998-01-05,12.174045
1998-01-06,6.312952
1998-01-07,0.800062
1998-01-08,2.161477
1998-01-09,1.137049
1998-01-10,1.741057
1998-01-11,9.174442
1998-01-12,3.316532
1998-01-13,0.246684
1998-01-14,0.162216
1998-01-15,0.371515
1998-01-16,1.930439
1998-01-17,0.000170
1998-01-18,7.215211
1998-01-19,0.008400
1998-01-20,4.125724
1998-01-21,6.776155
1998-01-22,1.549322
1998-01-23,0.542096
1998-01-24,0.442887
1998-01-25,0.006305
1998-01-26,3.034639
1998-01-27,3.565180
1998-01-28,0.050489
1998-01-29,2.382585
1998-01-30,1.623411
1998-01-31,0.502581
1998-02-01,10.877769
1998-02-02,1.637522
1998-02-03,2.301846
1998-02-04,0.336046
1998-02-05,6.514472
1998-02-06,0.100461
1998-02-07,1.470361
1998-02-08,2.825748
1998-02-09,0.744912
1998-02-10,1.135840
1998-02-11,1.122076
1998-02-12,0.188922
1998-02-13,0.370546
1998-02-14,12.239659
1998-02-15,4.556860
1998-02-16,11.910491
1998-02-17,1.293833
1998-02-18,1.387297
1998-02-19,0.834644
1998-02-20,2.257659
1998-02-21,1.892034
1998-02-22,0.095027
1998-02-23,2.116392
1998-02-24,1.789238
1998-02-25,1.709284
1998-02-26,1.853617
1998-02-27,0.055416
1998-02-28,1.435038
1998-03-01,6.462508
1998-03-02,1.314396
1998-03-03,3.187921
1998-03-04,0.024708
1998-03-05,0.066655
1998-03-06,0.240869
1998-03-07,1.592197
1998-03-08,4.274925
1998-03-09,2.853595
1998-03-10,1.119696
1998-03-11,3.155843
1998-03-12,1.142922
1998-03-13,6.839557
1998-03-14,1.354298
1998-03-15,1.471193
1998-03-16,0.995546
1998-03-17,4.593110
1998-03-18,2.029939
1998-03-19,0.044812
1998-03-20,2.269170
1998-03-21,1.400527
1998-03-22,2.606698
1998-03-23,0.239488
1998-03-24,6.354348
1998-03-25,1.008461
1998-03-26,0.870435
1998-03-27,2.565534
1998-03-28,0.794146
1998-03-29,0.227264
1998-03-30,2.046354
1998-03-31,0.202206
1998-04-01,0.102504
1998-04-02,4.123604
1998-04-03,9.953857
1998-04-04,4.862606
1998-04-05,3.296470
1998-04-06,0.633513
1998-04-07,0.100805
1998-04-08,2.622778
1998-04-09,0.743582
1998-04-10,7.775803
1998-04-11,0.444645
1998-04-12,0.569507
1998-04-13,2.945271
1998-04-14,0.113824
1998-04-15,0.676770
1998-04-16,0.521201
1998-04-17,0.254719
1998-04-18,3.131759
1998-04-19,0.018229
1998-04-20,0.945314
1998-04-21,0.200983
1998-04-22,0.525651
1998-04-23,2.023048
1998-04-24,2.227161
1998-04-25,0.720554
1998-04-26,0.226943
1998-04-27,9.816483
1998-04-28,4.115872
1998-04-29,5.511549
1998-04-30,2.673441
1998-05-01,0.300669
1998-05-02,2.595154
1998-05-03,2.288545
1998-05-04,0.189541
1998-05-05,11.098888
1998-05-06,0.001169
1998-05-07,2.724363
1998-05-08,0.002972
1998-05-09,8.209899
1998-05-10,3.215915
1998-05-11,0.043266
1998-05-12,0.016846
1998-05-13,0.750717
1998-05-14,0.511118
1998-05-15,2.717776
1998-05-16,2.215625
1998-05-17,0.542830
1998-05-18,1.725350
1998-05-19,2.543567
1998-05-20,1.271145
1998-05-21,0.494983
1998-05-22,0.854528
1998-05-23,2.207545
1998-05-24,3.421728
1998-05-25,0.262861
1998-05-26,5.245323
1998-05-27,0.000038
1998-05-28,0.206708
1998-05-29,2.123407
1998-05-30,2.479400
1998-05-31,0.305265
1998-06-01,1.676950
1998-06-02,23.350955
1998-06-03,0.290915
1998-06-04,0.058705
1998-06-05,1.089360
1998-06-06,4.900413
1998-06-07,0.925488
1998-06-08,1.127120
1998-06-09,1.643827
1998-06-10,1.600462
1998-06-11,2.608543
1998-06-12,7.806400
1998-06-13,2.597404
1998-06-14,0.238468
1998-06-15,2.736045
1998-06-16,0.041086
1998-06-17,0.022809
1998-06-18,0.001271
1998-06-19,0.757937
1998-06-20,2.584682
1998-06-21,1.747047
1998-06-22,3.954989
1998-06-23,0.331589
1998-06-24,1.927133
1998-06-25,1.929869
1998-06-26,0.628787
1998-06-27,0.754124
1998-06-28,0.035335
1998-06-29,0.157063
1998-06-30,0.008775
1998-07-01,1.799206
1998-07-02,0.020423
1998-07-03,0.348577
1998-07-04,0.857023
1998-07-05,2.431079
1998-07-06,5.453647
1998-07-07,0.175332
1998-07-08,1.853209
1998-07-09,0.218601
1998-07-10,0.103476
1998-07-11,0.018136
1998-07-12,0.354095
1998-07-13,0.079915
1998-07-14,4.101335
1998-07-15,0.464883
1998-07-16,0.029067
1998-07-17,0.100658
1998-07-18,0.011985
1998-07-19,0.417844
1998-07-20,0.001147
1998-07-21,1.880918
1998-07-22,6.597883
1998-07-23,0.235975
1998-07-24,0.800340
1998-07-25,1.767940
1998-07-26,3.195274
1998-07-27,0.173010
1998-07-28,4.558605
1998-07-29,1.041574
1998-07-30,2.425863
1998-07-31,1.734500
1998-08-01,0.078501
1998-08-02,9.249272
1998-08-03,0.397428
1998-08-04,0.004196
1998-08-05,2.561793
1998-08-06,1.485877
1998-08-07,0.004873
1998-08-08,1.290566
1998-08-09,14.893863
1998-08-10,0.106686
1998-08-11,0.006861
1998-08-12,1.445445
1998-08-13,0.047426
1998-08-14,0.516813
1998-08-15,0.145945
1998-08-16,0.414663
1998-08-17,1.341640
1998-08-18,0.219963
1998-08-19,5.123728
1998-08-20,2.000459
1998-08-21,0.035816
1998-08-22,0.374956
1998-08-23,5.504203
1998-08-24,6.345062
1998-08-25,4.054400
1998-08-26,0.020470
1998-08-27,0.979033
1998-08-28,0.243890
1998-08-29,3.422107
1998-08-30,1.008850
1998-08-31,3.772871
1998-09-01,0.001798
1998-09-02,0.064213
1998-09-03,0.439632
1998-09-04,2.839595
1998-09-05,0.229606
1998-09-06,0.011595
1998-09-07,0.887065
1998-09-08,0.275120
1998-09-09,3.294374
1998-09-10,1.477550
1998-09-11,0.098781
1998-09-12,4.150245
1998-09-13,5.533325
1998-09-14,1.077148
1998-09-15,3.084633
1998-09-16,1.511155
1998-09-17,2.025195
1998-09-18,2.362623
1998-09-19,2.530270
1998-09-20,3.246249
1998-09-21,4.616514
1998-09-22,1.478915
1998-09-23,0.382601
1998-09-24,4.853715
1998-09-25,1.318853
1998-09-26,0.243349
1998-09-27,0.208090
1998-09-28,1.987807
1998-09-29,0.568836
1998-09-30,0.001568
1998-10-01,5.211001
1998-10-02,4.093709
1998-10-03,0.172743
1998-10-04,0.922054
1998-10-05,0.296031
1998-10-06,9.575287
1998-10-07,0.936132
1998-10-08,1.375706
1998-10-09,1.630615
1998-10-10,2.775346
1998-10-11,0.305528
1998-10-12,0.650055
1998-10-13,0.446735
1998-10-14,0.368868
1998-10-15,0.370790
1998-10-16,0.231973
1998-10-17,0.126402
1998-10-18,2.543361
1998-10-19,0.910647
1998-10-20,0.151029
1998-10-21,0.656089
1998-10-22,0.769714
1998-10-23,0.583824
1998-10-24,7.946851
1998-10-25,0.005584
1998-10-26,0.538076
1998-10-27,3.797530
1998-10-28,6.828437
1998-10-29,4.739377
1998-10-30,0.977904
1998-10-31,0.174104
1998-11-01,0.613492
1998-11-02,0.033074
1998-11-03,0.665946
1998-11-04,1.691391
1998-11-05,1.454074
1998-11-06,2.499246
1998-11-07,3.300811
1998-11-08,3.669465
1998-11-09,0.033736
1998-11-10,2.916361
1998-11-11,2.559604
1998-11-12,0.631396
1998-11-13,1.155361
1998-11-14,0.261497
1998-11-15,0.002624
1998-11-16,2.049533
1998-11-17,3.083283
1998-11-18,2.925037
1998-11-19,1.252570
1998-11-20,0.528302
1998-11-21,0.277712
1998-11-22,1.870457
1998-11-23,0.101787
1998-11-24,0.000000
1998-11-25,0.094156
1998-11-26,9.378494
1998-11-27,0.599394
1998-11-28,0.545851
1998-11-29,1.526711
1998-11-30,0.115372
1998-12-01,0.108019
1998-12-02,0.320579
1998-12-03,0.075543
1998-12-04,3.570716
1998-12-05,0.053945
1998-12-06,1.037272
1998-12-07,0.095533
1998-12-08,0.006037
1998-12-09,0.296263
1998-12-10,2.610612
1998-12-11,0.885808
1998-12-12,7.248490
1998-12-13,0.502265
1998-12-14,14.287006
1998-12-15,1.712124
1998-12-16,6.263969
1998-12-17,0.288937
1998-12-18,0.406833
1998-12-19,1.616252
1998-12-20,3.097590
1998-12-21,0.403252
1998-12-22,9.094543
1998-12-23,0.505041
1998-12-24,0.583630
1998-12-25,0.012852
1998-12-26,0.696193
1998-12-27,5.217432
1998-12-28,0.010171
1998-12-29,0.182758
1998-12-30,0.291782
1998-12-31,8.690342
1999-01-01,0.005841
1999-01-02,0.017754
1999-01-03,6.394575
1999-01-04,0.109792
1999-01-05,1.592853
1999-01-06,1.582231
1999-01-07,0.330891
1999-01-08,0.300624
1999-01-09,0.841239
1999-01-10,0.001450
1999-01-11,0.378446
1999-01-12,4.117537
1999-01-13,0.663257
1999-01-14,0.327254
1999-01-15,0.704228
1999-01-16,0.917156
1999-01-17,0.916394
1999-01-18,3.479215
1999-01-19,9.523465
1999-01-20,3.399323
1999-01-21,2.854109
1999-01-22,0.528226
1999-01-23,0.467240
1999-01-24,0.161931
1999-01-25,12.124012
1999-01-26,2.955730
1999-01-27,0.243271
1999-01-28,0.820569
1999-01-29,0.009885
1999-01-30,0.216324
1999-01-31,1.954522
1999-02-01,4.492072
1999-02-02,1.751595
1999-02-03,0.740877
1999-02-04,3.044871
1999-02-05,0.503771
1999-02-06,0.277086
1999-02-07,0.458952
1999-02-08,0.127011
1999-02-09,6.440816
1999-02-10,2.068894
1999-02-11,0.106151
1999-02-12,6.010587
1999-02-13,2.509315
1999-02-14,0.222376
1999-02-15,0.003857
1999-02-16,0.272359
1999-02-17,4.608272
1999-02-18,0.109735
1999-02-19,1.884111
1999-02-20,2.832769
1999-02-21,1.892925
1999-02-22,0.309449
1999-02-23,3.788200
1999-02-24,1.148744
1999-02-25,0.096501
1999-02-26,5.150381
1999-02-27,5.363061
1999-02-28,0.997947
1999-03-01,1.473427
1999-03-02,2.218898
1999-03-03,1.243139
1999-03-04,0.952765
1999-03-05,0.788541
1999-03-06,0.711567
1999-03-07,0.024086
1999-03-08,0.029645
1999-03-09,3.857285
1999-03-10,1.566167
1999-03-11,0.043701
1999-03-12,0.007035
1999-03-13,0.683574
1999-03-14,0.692325
1999-03-15,0.402860
1999-03-16,4.052636
1999-03-17,2.692754
1999-03-18,3.736849
1999-03-19,0.711234
1999-03-20,0.052411
1999-03-21,0.000334
1999-03-22,0.047543
1999-03-23,1.435274
1999-03-24,1.205294
1999-03-25,0.231427
1999-03-26,0.000350
1999-03-27,0.062544
1999-03-28,2.298930
1999-03-29,0.000262
1999-03-30,0.705739
1999-03-31,0.000438
1999-04-01,2.186256
1999-04-02,0.101715
1999-04-03,1.833403
1999-04-04,0.868580
1999-04-05,0.002195
1999-04-06,1.893390
1999-04-07,0.228957
1999-04-08,10.907532
1999-04-09,0.523135
1999-04-10,0.514332
1999-04-11,1.297957
1999-04-12,3.257526
1999-04-13,1.919008
1999-04-14,0.173566
1999-04-15,0.502822
1999-04-16,0.920510
1999-04-17,0.009000
1999-04-18,0.281167
1999-04-19,7.040631
1999-04-20,7.633437
1999-04-21,2.725235
1999-04-22,1.188702
1999-04-23,1.033265
1999-04-24,1.549094
1999-04-25,0.378579
1999-04-26,1.700326
1999-04-27,0.167569
1999-04-28,1.653705
1999-04-29,0.577553
1999-04-30,2.765512
1999-05-01,1.954256
1999-05-02,0.004980
1999-05-03,0.000932
1999-05-04,10.389497
1999-05-05,0.004465
1999-05-06,0.230078
1999-05-07,0.009758
1999-05-08,0.395381
1999-05-09,4.435020
1999-05-10,4.584970
1999-05-11,0.820242
1999-05-12,1.536484
1999-05-13,1.299040
1999-05-14,3.571785
1999-05-15,0.542301
1999-05-16,0.241531
1999-05-17,2.150351
1999-05-18,0.474019
1999-05-19,4.278331
1999-05-20,4.009957
1999-05-21,0.284401
1999-05-22,3.163800
1999-05-23,5.187934
1999-05-24,2.691229
1999-05-25,0.567901
1999-05-26,0.266249
1999-05-27,10.670549
1999-05-28,0.846725
1999-05-29,0.068837
1999-05-30,6.247827
1999-05-31,1.332543
1999-06-01,0.659294
1999-06-02,0.135316
1999-06-03,0.021131
1999-06-04,0.000238
1999-06-05,0.091571
1999-06-06,0.015882
1999-06-07,0.057302
1999-06-08,2.123423
1999-06-09,0.088444
1999-06-10,1.673713
1999-06-11,0.532175
1999-06-12,0.128359
1999-06-13,1.073764
1999-06-14,0.033802
1999-06-15,2.221334
1999-06-16,0.531682
1999-06-17,0.005861
1999-06-18,0.136023
1999-06-19,0.087477
1999-06-20,1.435082
1999-06-21,0.128030
1999-06-22,4.353658
1999-06-23,0.437439
1999-06-24,3.381988
1999-06-25,1.815084
1999-06-26,1.861701
1999-06-27,11.832079
1999-06-28,0.001899
1999-06-29,2.105812
1999-06-30,0.411413
1999-07-01,0.001440
1999-07-02,0.448539
1999-07-03,0.201412
1999-07-04,0.857249
1999-07-05,0.011234
1999-07-06,0.222023
1999-07-07,8.008862
1999-07-08,0.176064
1999-07-09,0.079454
1999-07-10,0.735968
1999-07-11,0.174918
1999-07-12,1.891342
1999-07-13,11.297196
1999-07-14,4.195769
1999-07-15,2.283510
1999-07-16,0.480352
1999-07-17,5.340974
1999-07-18,1.044131
1999-07-19,0.316536
1999-07-20,4.957182
1999-07-21,5.696475
1999-07-22,3.181438
1999-07-23,1.252949
1999-07-24,3.507106
1999-07-25,0.023558
1999-07-26,9.205475
1999-07-27,1.370378
1999-07-28,2.184581
1999-07-29,2.177058
1999-07-30,0.026418
1999-07-31,2.148058
1999-08-01,0.662301
1999-08-02,0.711665
1999-08-03,0.298181
1999-08-04,0.411284
1999-08-05,0.895841
1999-08-06,0.447532
1999-08-07,1.997615
1999-08-08,3.236120
1999-08-09,1.743604
1999-08-10,0.103227
1999-08-11,1.392162
1999-08-12,8.479894
1999-08-13,0.848947
1999-08-14,7.462327
1999-08-15,4.591783
1999-08-16,0.865273
1999-08-17,0.169691
1999-08-18,1.455042
1999-08-19,0.484179
1999-08-20,0.218160
1999-08-21,3.173608
1999-08-22,0.000235
1999-08-23,0.313971
1999-08-24,1.948678
1999-08-25,0.091308
1999-08-26,0.243070
1999-08-27,0.539218
1999-08-28,2.337706
1999-08-29,0.230396
1999-08-30,9.239936
1999-08-31,1.384881
1999-09-01,0.023327
1999-09-02,0.313001
1999-09-03,1.592752
1999-09-04,0.199567
1999-09-05,2.804430
1999-09-06,0.109588
1999-09-07,3.269541
1999-09-08,3.763173
1999-09-09,0.102518
1999-09-10,0.391724
1999-09-11,0.345812
1999-09-12,1.651631
1999-09-13,21.996444
1999-09-14,0.256698
1999-09-15,0.086933
1999-09-16,0.468123
1999-09-17,2.861744
1999-09-18,5.267129
1999-09-19,0.416438
1999-09-20,0.249986
1999-09-21,2.116997
1999-09-22,2.450533
1999-09-23,1.806787
1999-09-24,0.097246
1999-09-25,1.186689
1999-09-26,12.060591
1999-09-27,1.781555
1999-09-28,0.962513
1999-09-29,1.828878
1999-09-30,0.931604
1999-10-01,8.921903
1999-10-02,0.355508
1999-10-03,7.835637
1999-10-04,4.727265
1999-10-05,0.175683
1999-10-06,16.274599
1999-10-07,0.024111
1999-10-08,0.046946
1999-10-09,2.357439
1999-10-10,0.227702
1999-10-11,0.286641
1999-10-12,0.760551
1999-10-13,2.796973
1999-10-14,3.304146
1999-10-15,3.439306
1999-10-16,0.018014
1999-10-17,1.682412
1999-10-18,0.660997
1999-10-19,0.575014
1999-10-20,0.001568
1999-10-21,0.087969
1999-10-22,2.247550
1999-10-23,0.207921
1999-10-24,0.639255
1999-10-25,0.154655
1999-10-26,3.681715
1999-10-27,0.054543
1999-10-28,3.942324
1999-10-29,1.955646
1999-10-30,0.450619
1999-10-31,2.643635
1999-11-01,0.552320
1999-11-02,0.108283
1999-11-03,0.845554
1999-11-04,3.860226
1999-11-05,1.469312
1999-11-06,3.122354
1999-11-07,0.113944
1999-11-08,0.406154
1999-11-09,5.998596
1999-11-10,0.075814
1999-11-11,3.864919
1999-11-12,4.776610
1999-11-13,0.957596
1999-11-14,0.401754
1999-11-15,4.941591
1999-11-16,9.304294
1999-11-17,0.043525
1999-11-18,0.019942
1999-11-19,3.410327
1999-11-20,1.924012
1999-11-21,3.366303
1999-11-22,6.379261
1999-11-23,0.395217
1999-11-24,0.983995
1999-11-25,3.882098
1999-11-26,9.492744
1999-11-27,0.084414
1999-11-28,0.228344
1999-11-29,3.535400
1999-11-30,0.966542
1999-12-01,1.372597
1999-12-02,2.901241
1999-12-03,0.165502
1999-12-04,0.373239
1999-12-05,3.014303
1999-12-06,7.499586
1999-12-07,1.137108
1999-12-08,1.428134
1999-12-09,4.712282
1999-12-10,0.000483
1999-12-11,0.564492
1999-12-12,2.195808
1999-12-13,0.213452
1999-12-14,1.930962
1999-12-15,0.910742
1999-12-16,0.147231
1999-12-17,3.483994
1999-12-18,0.881583
1999-12-19,1.260768
1999-12-20,0.009190
1999-12-21,1.740296
1999-12-22,1.241013
1999-12-23,1.947659
1999-12-24,1.773346
1999-12-25,12.239998
1999-12-26,0.203068
1999-12-27,0.574546
1999-12-28,0.494998
1999-12-29,0.004716
1999-12-30,3.110821
1999-12-31,9.602767
2000-01-01,3.787355
2000-01-02,0.185905
2000-01-03,0.245757
2000-01-04,0.118107
2000-01-05,2.777164
2000-01-06,5.878205
2000-01-07,1.945347
2000-01-08,0.001025
2000-01-09,0.037400
2000-01-10,0.503433
2000-01-11,4.707006
2000-01-12,0.614818
2000-01-13,1.510468
2000-01-14,0.151443
2000-01-15,1.040939
2000-01-16,1.337581
2000-01-17,0.661788
2000-01-18,0.648867
2000-01-19,0.602022
2000-01-20,15.274706
2000-01-21,0.126739
2000-01-22,0.294978
2000-01-23,0.849635
2000-01-24,4.914962
2000-01-25,0.205387
2000-01-26,1.113456
2000-01-27,1.309287
2000-01-28,2.318072
2000-01-29,5.020879
2000-01-30,0.062595
2000-01-31,0.118220
2000-02-01,0.642828
2000-02-02,2.540319
2000-02-03,0.449235
2000-02-04,0.209038
2000-02-05,1.433149
2000-02-06,3.314442
2000-02-07,1.191561
2000-02-08,2.313372
2000-02-09,4.186054
2000-02-10,2.455302
2000-02-11,0.941142
2000-02-12,3.614628
2000-02-13,0.623266
2000-02-14,10.718440
2000-02-15,0.006769
2000-02-16,1.717606
2000-02-17,0.025120
2000-02-18,0.000549
2000-02-19,0.890874
2000-02-20,3.893894
2000-02-21,6.213669
2000-02-22,4.151458
2000-02-23,1.294776
2000-02-24,6.758928
2000-02-25,3.299677
2000-02-26,0.414989
2000-02-27,2.087599
2000-02-28,0.394881
2000-02-29,0.041468
2000-03-01,0.034575
2000-03-02,1.189332
2000-03-03,0.031308
2000-03-04,0.360655
2000-03-05,0.984891
2000-03-06,2.746711
2000-03-07,0.200899
2000-03-08,0.238711
2000-03-09,0.258772
2000-03-10,3.172085
2000-03-11,3.176012
2000-03-12,3.344493
2000-03-13,0.103013
2000-03-14,2.514582
2000-03-15,0.427782
2000-03-16,0.043833
2000-03-17,11.363896
2000-03-18,0.876327
2000-03-19,0.463268
2000-03-20,0.549934
2000-03-21,1.801458
2000-03-22,2.182435
2000-03-23,0.819182
2000-03-24,0.859515
2000-03-25,0.036754
2000-03-26,4.009778
2000-03-27,7.811824
2000-03-28,0.005240
2000-03-29,8.192432
2000-03-30,1.502805
2000-03-31,1.516224
2000-04-01,0.528781
2000-04-02,0.386428
2000-04-03,2.975250
2000-04-04,0.769149
2000-04-05,0.058318
2000-04-06,5.307276
2000-04-07,0.943600
2000-04-08,4.795708
2000-04-09,0.972342
2000-04-10,5.072897
2000-04-11,0.005684
2000-04-12,0.869456
2000-04-13,7.385915
2000-04-14,1.653802
2000-04-15,1.191421
2000-04-16,1.875899
2000-04-17,3.946114
2000-04-18,1.118264
2000-04-19,0.018079
2000-04-20,1.632734
2000-04-21,2.694842
2000-04-22,0.929309
2000-04-23,0.045695
2000-04-24,0.170885
2000-04-25,3.471005
2000-04-26,2.799915
2000-04-27,1.224492
2000-04-28,0.024997
2000-04-29,4.389259
2000-04-30,8.792272
2000-05-01,1.274721
2000-05-02,2.393282
2000-05-03,0.392590
2000-05-04,0.017044
2000-05-05,0.161919
2000-05-06,0.006424
2000-05-07,3.284039
2000-05-08,3.900822
2000-05-09,1.129613
2000-05-10,0.038160
2000-05-11,20.080218
2000-05-12,3.232769
2000-05-13,0.708976
2000-05-14,0.126648
2000-05-15,0.006176
2000-05-16,5.077344
2000-05-17,1.212361
2000-05-18,0.439904
2000-05-19,3.149211
2000-05-20,0.455855
2000-05-21,7.600645
2000-05-22,1.353926
2000-05-23,0.129422
2000-05-24,8.164411
2000-05-25,1.199665
2000-05-26,5.781626
2000-05-27,0.224926
2000-05-28,2.918431
2000-05-29,0.428862
2000-05-30,0.041409
2000-05-31,4.351096
2000-06-01,0.113503
2000-06-02,4.898317
2000-06-03,0.516092
2000-06-04,0.184279
2000-06-05,0.101378
2000-06-06,0.044774
2000-06-07,9.121361
2000-06-08,0.016476
2000-06-09,2.086679
2000-06-10,0.290634
2000-06-11,2.177418
2000-06-12,0.272507
2000-06-13,6.734170
2000-06-14,3.008694
2000-06-15,3.758976
2000-06-16,3.564814
2000-06-17,0.415406
2000-06-18,0.837695
2000-06-19,0.021410
2000-06-20,0.931793
2000-06-21,0.330388
2000-06-22,0.082759
2000-06-23,0.459035
2000-06-24,6.127763
2000-06-25,3.654512
2000-06-26,2.941330
2000-06-27,0.459147
2000-06-28,1.070268
2000-06-29,0.338013
2000-06-30,0.602920
2000-07-01,4.210848
2000-07-02,2.906423
2000-07-03,2.070553
2000-07-04,0.028259
2000-07-05,7.638092
2000-07-06,0.040716
2000-07-07,4.007375
2000-07-08,2.911971
2000-07-09,0.676486
2000-07-10,1.528347
2000-07-11,0.730215
2000-07-12,0.811448
2000-07-13,1.027629
2000-07-14,2.410969
2000-07-15,0.029375
2000-07-16,1.242240
2000-07-17,4.085479
2000-07-18,0.027762
2000-07-19,0.020115
2000-07-20,1.053271
2000-07-21,2.940835
2000-07-22,0.000254
2000-07-23,0.991548
2000-07-24,2.621022
2000-07-25,0.540912
2000-07-26,2.621439
2000-07-27,0.142351
2000-07-28,1.210086
2000-07-29,0.853903
2000-07-30,0.775168
2000-07-31,4.051861
2000-08-01,3.966716
2000-08-02,11.354381
2000-08-03,0.060383
2000-08-04,0.232019
2000-08-05,4.987348
2000-08-06,7.396397
2000-08-07,0.002448
2000-08-08,1.989497
2000-08-09,0.112502
2000-08-10,3.539753
2000-08-11,1.409792
2000-08-12,0.031126
2000-08-13,1.156901
2000-08-14,0.850698
2000-08-15,6.544307
2000-08-16,1.403730
2000-08-17,3.887380
2000-08-18,0.233815
2000-08-19,0.027067
2000-08-20,0.028942
2000-08-21,0.878613
2000-08-22,0.580943
2000-08-23,0.061402
2000-08-24,0.225736
2000-08-25,0.002468
2000-08-26,1.851591
2000-08-27,1.879341
2000-08-28,0.811798
2000-08-29,0.668165
2000-08-30,0.653710
2000-08-31,0.093201
2000-09-01,0.178676
2000-09-02,0.026261
2000-09-03,1.367299
2000-09-04,0.368175
2000-09-05,0.076376
2000-09-06,1.809679
2000-09-07,0.758342
2000-09-08,0.070414
2000-09-09,2.165701
2000-09-10,2.557718
2000-09-11,0.002344
2000-09-12,2.560137
2000-09-13,0.270441
2000-09-14,10.027868
2000-09-15,0.244064
2000-09-16,2.957720
2000-09-17,7.524028
2000-09-18,0.194114
2000-09-19,1.581904
2000-09-20,6.563084
2000-09-21,1.166328
2000-09-22,1.373620
2000-09-23,0.559777
2000-09-24,0.493293
2000-09-25,1.359487
2000-09-26,2.593720
2000-09-27,1.434404
2000-09-28,6.117022
2000-09-29,0.152347
2000-09-30,0.942895
2000-10-01,0.054920
2000-10-02,0.385819
2000-10-03,13.230269
2000-10-04,0.050558
2000-10-05,1.872769
2000-10-06,4.916666
2000-10-07,0.001393
2000-10-08,7.343882
2000-10-09,2.195287
2000-10-10,6.937393
2000-10-11,0.131927
2000-10-12,2.894060
2000-10-13,0.000533
2000-10-14,0.472558
2000-10-15,0.163083
2000-10-16,0.711865
2000-10-17,5.672258
2000-10-18,5.550293
2000-10-19,0.110692
2000-10-20,2.290882
2000-10-21,9.468556
2000-10-22,1.611057
2000-10-23,14.235445
2000-10-24,11.374377
2000-10-25,1.914442
2000-10-26,0.154042
2000-10-27,0.475235
2000-10-28,0.004482
2000-10-29,9.014295
2000-10-30,0.684715
2000-10-31,3.450759
2000-11-01,4.024834
2000-11-02,0.033484
2000-11-03,3.294757
2000-11-04,0.798243
2000-11-05,0.082536
2000-11-06,7.198465
2000-11-07,1.915561
2000-11-08,0.504703
2000-11-09,1.548719
2000-11-10,0.045166
2000-11-11,0.011267
2000-11-12,7.929279
2000-11-13,0.860660
2000-11-14,0.104474
2000-11-15,0.191622
2000-11-16,2.416365
2000-11-17,0.300535
2000-11-18,0.271057
2000-11-19,0.008244
2000-11-20,7.096680
2000-11-21,0.065167
2000-11-22,1.847033
2000-11-23,1.626852
2000-11-24,4.829336
2000-11-25,1.128036
2000-11-26,0.019208
2000-11-27,0.518298
2000-11-28,4.414396
2000-11-29,0.556071
2000-11-30,1.187539
2000-12-01,0.059234
2000-12-02,0.758795
2000-12-03,1.013875
2000-12-04,0.638014
2000-12-05,2.556978
2000-12-06,7.091073
2000-12-07,1.424358
2000-12-08,1.575482
2000-12-09,0.378285
2000-12-10,2.034782
2000-12-11,9.865147
2000-12-12,4.607819
2000-12-13,1.968485
2000-12-14,0.002485
2000-12-15,1.677055
2000-12-16,5.528843
2000-12-17,1.823859
2000-12-18,0.188523
2000-12-19,0.142026
2000-12-20,0.847556
2000-12-21,0.132719
2000-12-22,4.080021
2000-12-23,3.417023
2000-12-24,1.140623
2000-12-25,0.233885
2000-12-26,3.361658
2000-12-27,1.747883
2000-12-28,0.288196
2000-12-29,0.020269
2000-12-30,0.409687
2000-12-31,2.169824
2001-01-01,4.091490
2001-01-02,1.175504
2001-01-03,0.012378
2001-01-04,2.196024
2001-01-05,0.590632
2001-01-06,0.019044
2001-01-07,0.148971
2001-01-08,2.667739
2001-01-09,3.664040
2001-01-10,1.187770
2001-01-11,2.026054
2001-01-12,0.156137
2001-01-13,0.010294
2001-01-14,0.000237
2001-01-15,3.195119
2001-01-16,1.585478
2001-01-17,2.158433
2001-01-18,1.476769
2001-01-19,0.026371
2001-01-20,0.073962
2001-01-21,1.026068
2001-01-22,1.148006
2001-01-23,0.121149
2001-01-24,0.162055
2001-01-25,5.537605
2001-01-26,1.250881
2001-01-27,1.752495
2001-01-28,1.414933
2001-01-29,9.676999
2001-01-30,0.293494
2001-01-31,0.226485
2001-02-01,2.389976
2001-02-02,0.853315
2001-02-03,0.117053
2001-02-04,1.258843
2001-02-05,6.654774
2001-02-06,4.457918
2001-02-07,0.608472
2001-02-08,0.425628
2001-02-09,2.020522
2001-02-10,0.052679
2001-02-11,10.257504
2001-02-12,3.906889
2001-02-13,0.186711
2001-02-14,2.034771
2001-02-15,1.086417
2001-02-16,1.624436
2001-02-17,0.010015
2001-02-18,2.527247
2001-02-19,5.558726
2001-02-20,0.004339
2001-02-21,0.385711
2001-02-22,0.450940
2001-02-23,0.415168
2001-02-24,0.355721
2001-02-25,3.497415
2001-02-26,1.233443
2001-02-27,1.163302
2001-02-28,4.715877
2001-03-01,1.437834
2001-03-02,5.759996
2001-03-03,2.136876
2001-03-04,0.026516
2001-03-05,1.580486
2001-03-06,0.875333
2001-03-07,0.248311
2001-03-08,0.008889
2001-03-09,5.326932
2001-03-10,1.378148
2001-03-11,1.075788
2001-03-12,2.307333
2001-03-13,0.000729
2001-03-14,0.000916
2001-03-15,0.545157
2001-03-16,2.665813
2001-03-17,10.602783
2001-03-18,3.135207
2001-03-19,0.096904
2001-03-20,0.884016
2001-03-21,7.529976
2001-03-22,4.102758
2001-03-23,1.262565
2001-03-24,5.120721
2001-03-25,4.403270
2001-03-26,0.140563
2001-03-27,0.407990
2001-03-28,0.572598
2001-03-29,0.010791
2001-03-30,0.081510
2001-03-31,1.563853
2001-04-01,1.644840
2001-04-02,0.118612
2001-04-03,0.801231
2001-04-04,3.280954
2001-04-05,1.587565
2001-04-06,8.262914
2001-04-07,1.691269
2001-04-08,1.020535
2001-04-09,4.162117
2001-04-10,1.082841
2001-04-11,1.450346
2001-04-12,1.661716
2001-04-13,0.065886
2001-04-14,1.099345
2001-04-15,1.495574
2001-04-16,0.666421
2001-04-17,1.266695
2001-04-18,4.743888
2001-04-19,0.066877
2001-04-20,2.078723
2001-04-21,0.269668
2001-04-22,1.755066
2001-04-23,0.815311
2001-04-24,0.004507
2001-04-25,5.268411
2001-04-26,0.072841
2001-04-27,3.142305
2001-04-28,1.874079
2001-04-29,3.654619
2001-04-30,0.093092
2001-05-01,0.416609
2001-05-02,1.857010
2001-05-03,0.242088
2001-05-04,1.466093
2001-05-05,2.605137
2001-05-06,0.376346
2001-05-07,4.498780
2001-05-08,0.772162
2001-05-09,3.091430
2001-05-10,3.721988
2001-05-11,0.007172
2001-05-12,2.871528
2001-05-13,4.414936
2001-05-14,0.329333
2001-05-15,0.392358
2001-05-16,1.276450
2001-05-17,8.107324
2001-05-18,3.971519
2001-05-19,0.417690
2001-05-20,0.126456
2001-05-21,0.026405
2001-05-22,3.833349
2001-05-23,0.007333
2001-05-24,1.088432
2001-05-25,0.814164
2001-05-26,1.688640
2001-05-27,1.149753
2001-05-28,0.005777
2001-05-29,0.249449
2001-05-30,4.020178
2001-05-31,3.103206
2001-06-01,1.435633
2001-06-02,2.024914
2001-06-03,7.952183
2001-06-04,5.653428
2001-06-05,0.944150
2001-06-06,0.000000
2001-06-07,6.326352
2001-06-08,0.818553
2001-06-09,0.772993
2001-06-10,0.593642
2001-06-11,1.364917
2001-06-12,0.282463
2001-06-13,1.905986
2001-06-14,0.057397
2001-06-15,0.278118
2001-06-16,0.324293
2001-06-17,1.303571
2001-06-18,0.859955
2001-06-19,1.767139
2001-06-20,2.758412
2001-06-21,1.468793
2001-06-22,0.286226
2001-06-23,0.018541
2001-06-24,1.545360
2001-06-25,0.645588
2001-06-26,1.120937
2001-06-27,0.001061
2001-06-28,2.053125
2001-06-29,0.457598
2001-06-30,1.500675
2001-07-01,4.451734
2001-07-02,0.666522
2001-07-03,3.930534
2001-07-04,0.261623
2001-07-05,0.565309
2001-07-06,0.690182
2001-07-07,0.435722
2001-07-08,0.139227
2001-07-09,0.318496
2001-07-10,4.526705
2001-07-11,6.607354
2001-07-12,0.095725
2001-07-13,1.283539
2001-07-14,0.008458
2001-07-15,0.786207
2001-07-16,4.352744
2001-07-17,0.126174
2001-07-18,0.277422
2001-07-19,1.922815
2001-07-20,0.025861
2001-07-21,3.043094
2001-07-22,1.624506
2001-07-23,0.120535
2001-07-24,0.057693
2001-07-25,1.091598
2001-07-26,5.076979
2001-07-27,0.349758
2001-07-28,0.042367
2001-07-29,3.663358
2001-07-30,0.163394
2001-07-31,1.076078
2001-08-01,0.939309
2001-08-02,0.031886
2001-08-03,0.064228
2001-08-04,0.272707
2001-08-05,1.809652
2001-08-06,1.512043
2001-08-07,0.583208
2001-08-08,0.031079
2001-08-09,0.038957
2001-08-10,0.431263
2001-08-11,0.989731
2001-08-12,1.690078
2001-08-13,4.393594
2001-08-14,1.108141
2001-08-15,0.260570
2001-08-16,3.112412
2001-08-17,0.014159
2001-08-18,0.313382
2001-08-19,2.411740
2001-08-20,6.381468
2001-08-21,1.349905
2001-08-22,1.049143
2001-08-23,3.761848
2001-08-24,0.407106
2001-08-25,1.844516
2001-08-26,5.094817
2001-08-27,0.152540
2001-08-28,3.576667
2001-08-29,0.080561
2001-08-30,0.029141
2001-08-31,0.001603
2001-09-01,0.363549
2001-09-02,0.442825
2001-09-03,0.005588
2001-09-04,0.175079
2001-09-05,10.877362
2001-09-06,0.845834
2001-09-07,0.679984
2001-09-08,5.591680
2001-09-09,3.600466
2001-09-10,0.235042
2001-09-11,0.608364
2001-09-12,2.642318
2001-09-13,1.245273
2001-09-14,8.465225
2001-09-15,0.671396
2001-09-16,0.005209
2001-09-17,1.535449
2001-09-18,0.504256
2001-09-19,0.453714
2001-09-20,1.768650
2001-09-21,0.203880
2001-09-22,2.830344
2001-09-23,4.019633
2001-09-24,0.976566
2001-09-25,0.266215
2001-09-26,0.180378
2001-09-27,2.539525
2001-09-28,0.591954
2001-09-29,4.655735
2001-09-30,0.899378
2001-10-01,1.049017
2001-10-02,0.575951
2001-10-03,3.594016
2001-10-04,0.041092
2001-10-05,0.584188
2001-10-06,2.260885
2001-10-07,4.754523
2001-10-08,0.000041
2001-10-09,3.810272
2001-10-10,0.522175
2001-10-11,0.114541
2001-10-12,0.649423
2001-10-13,0.664555
2001-10-14,3.185232
2001-10-15,1.215787
2001-10-16,1.129656
2001-10-17,0.049983
2001-10-18,2.198394
2001-10-19,15.819399
2001-10-20,0.596128
2001-10-21,0.385083
2001-10-22,1.104729
2001-10-23,4.462342
2001-10-24,0.391470
2001-10-25,0.387873
2001-10-26,0.371894
2001-10-27,1.327191
2001-10-28,5.258642
2001-10-29,0.006044
2001-10-30,1.272768
2001-10-31,0.511310
2001-11-01,2.673231
2001-11-02,0.157314
2001-11-03,0.999139
2001-11-04,1.518670
2001-11-05,5.793895
2001-11-06,0.590697
2001-11-07,0.077604
2001-11-08,0.203760
2001-11-09,0.568592
2001-11-10,0.761829
2001-11-11,4.680230
2001-11-12,0.447378
2001-11-13,0.755183
2001-11-14,1.071993
2001-11-15,2.151295
2001-11-16,2.098857
2001-11-17,1.552372
2001-11-18,0.519210
2001-11-19,0.428966
2001-11-20,0.219729
2001-11-21,2.029093
2001-11-22,2.242259
2001-11-23,6.653276
2001-11-24,0.603050
2001-11-25,0.084379
2001-11-26,2.163521
2001-11-27,0.647081
2001-11-28,0.000033
2001-11-29,1.730728
2001-11-30,0.066775
2001-12-01,0.429136
2001-12-02,2.812171
2001-12-03,0.002684
2001-12-04,1.090119
2001-12-05,2.129199
2001-12-06,0.129883
2001-12-07,2.834908
2001-12-08,9.682703
2001-12-09,4.622749
2001-12-10,0.006936
2001-12-11,3.469866
2001-12-12,0.006792
2001-12-13,1.737040
2001-12-14,1.972623
2001-12-15,5.802361
2001-12-16,0.011374
2001-12-17,0.029318
2001-12-18,0.493527
2001-12-19,6.343599
2001-12-20,0.212448
2001-12-21,0.187309
2001-12-22,5.620350
2001-12-23,1.091389
2001-12-24,2.161381
2001-12-25,0.023640
2001-12-26,0.500227
2001-12-27,3.259589
2001-12-28,1.477119
2001-12-29,1.278608
2001-12-30,1.751667
2001-12-31,2.186948
2002-01-01,0.705049
2002-01-02,2.050301
2002-01-03,5.704481
2002-01-04,0.559268
2002-01-05,0.010725
2002-01-06,5.378778
2002-01-07,0.207320
2002-01-08,1.894897
2002-01-09,0.004072
2002-01-10,0.626783
2002-01-11,2.094328
2002-01-12,5.487342
2002-01-13,0.438197
2002-01-14,0.023692
2002-01-15,2.719860
2002-01-16,2.571514
2002-01-17,4.183371
2002-01-18,0.642947
2002-01-19,0.376828
2002-01-20,1.657262
2002-01-21,0.371011
2002-01-22,0.498194
2002-01-23,0.111864
2002-01-24,2.980204
2002-01-25,0.000313
2002-01-26,11.121115
2002-01-27,0.097971
2002-01-28,0.429083
2002-01-29,2.610030
2002-01-30,0.138042
2002-01-31,0.000098
2002-02-01,3.972772
2002-02-02,1.853517
2002-02-03,3.200287
2002-02-04,0.014344
2002-02-05,0.110475
2002-02-06,0.874538
2002-02-07,0.457844
2002-02-08,0.461965
2002-02-09,0.021361
2002-02-10,0.990330
2002-02-11,0.559145
2002-02-12,0.707589
2002-02-13,2.048271
2002-02-14,0.000842
2002-02-15,0.129648
2002-02-16,1.952043
2002-02-17,2.994444
2002-02-18,1.280922
2002-02-19,0.332214
2002-02-20,3.387693
2002-02-21,1.842074
2002-02-22,0.093437
2002-02-23,0.452393
2002-02-24,2.156709
2002-02-25,1.881185
2002-02-26,1.239791
2002-02-27,0.355666
2002-02-28,0.114355
2002-03-01,0.162343
2002-03-02,0.344041
2002-03-03,2.597209
2002-03-04,0.428093
2002-03-05,0.185697
2002-03-06,0.026117
2002-03-07,2.786826
2002-03-08,1.347712
2002-03-09,1.539687
2002-03-10,0.736022
2002-03-11,10.226872
2002-03-12,0.023932
2002-03-13,0.478093
2002-03-14,3.232741
2002-03-15,7.524645
2002-03-16,0.839849
2002-03-17,1.108973
2002-03-18,2.396958
2002-03-19,0.918373
2002-03-20,0.001047
2002-03-21,0.012894
2002-03-22,0.707077
2002-03-23,3.711064
2002-03-24,6.304650
2002-03-25,9.731471
2002-03-26,0.065767
2002-03-27,0.117008
2002-03-28,0.030221
2002-03-29,0.232844
2002-03-30,0.037086
2002-03-31,0.042622
2002-04-01,1.378838
2002-04-02,0.006240
2002-04-03,6.867355
2002-04-04,3.119031
2002-04-05,7.065327
2002-04-06,0.011780
2002-04-07,1.591204
2002-04-08,4.595128
2002-04-09,0.132145
2002-04-10,0.775327
2002-04-11,7.505985
2002-04-12,0.309389
2002-04-13,3.295119
2002-04-14,4.701885
2002-04-15,7.284542
2002-04-16,0.000033
2002-04-17,6.724122
2002-04-18,0.276550
2002-04-19,0.214582
2002-04-20,0.216380
2002-04-21,3.212697
2002-04-22,0.248628
2002-04-23,2.862226
2002-04-24,1.112529
2002-04-25,0.043009
2002-04-26,0.179696
2002-04-27,2.905472
2002-04-28,1.615541
2002-04-29,8.483377
2002-04-30,9.110348
2002-05-01,1.918671
2002-05-02,0.549424
2002-05-03,0.108368
2002-05-04,0.523383
2002-05-05,10.785524
2002-05-06,0.081361
2002-05-07,0.703953
2002-05-08,1.253480
2002-05-09,0.591692
2002-05-10,0.218667
2002-05-11,0.301650
2002-05-12,3.474003
2002-05-13,0.819513
2002-05-14,19.213881
2002-05-15,0.005571
2002-05-16,0.539236
2002-05-17,0.005731
2002-05-18,10.621312
2002-05-19,0.341005
2002-05-20,0.325348
2002-05-21,1.583038
2002-05-22,0.202126
2002-05-23,0.615905
2002-05-24,0.478464
2002-05-25,0.333133
2002-05-26,0.100612
2002-05-27,0.583381
2002-05-28,3.188810
2002-05-29,0.171149
2002-05-30,1.126421
2002-05-31,0.233159
2002-06-01,2.509555
2002-06-02,11.747890
2002-06-03,1.061781
2002-06-04,1.659292
2002-06-05,0.121784
2002-06-06,1.704548
2002-06-07,0.973453
2002-06-08,0.055061
2002-06-09,1.027777
2002-06-10,1.642623
2002-06-11,0.268258
2002-06-12,2.713992
2002-06-13,0.190324
2002-06-14,3.290256
2002-06-15,5.570374
2002-06-16,2.024604
2002-06-17,3.830076
2002-06-18,0.039831
2002-06-19,0.098922
2002-06-20,0.554763
2002-06-21,2.039627
2002-06-22,1.068740
2002-06-23,1.026931
2002-06-24,1.124324
2002-06-25,2.523686
2002-06-26,1.741023
2002-06-27,1.050766
2002-06-28,6.257005
2002-06-29,0.000033
2002-06-30,0.197880
2002-07-01,0.129165
2002-07-02,0.450367
2002-07-03,4.571382
2002-07-04,1.328364
2002-07-05,1.996901
2002-07-06,7.214164
2002-07-07,2.892923
2002-07-08,0.000154
2002-07-09,0.200429
2002-07-10,0.023378
2002-07-11,3.661684
2002-07-12,1.083779
2002-07-13,6.196261
2002-07-14,0.236949
2002-07-15,4.866214
2002-07-16,1.822059
2002-07-17,0.617460
2002-07-18,5.066604
2002-07-19,0.014644
2002-07-20,0.802159
2002-07-21,0.105355
2002-07-22,1.139279
2002-07-23,2.672158
2002-07-24,1.339567
2002-07-25,1.457866
2002-07-26,5.380358
2002-07-27,0.138136
2002-07-28,1.545608
2002-07-29,0.019122
2002-07-30,0.046042
2002-07-31,0.547460
2002-08-01,0.103566
2002-08-02,1.866104
2002-08-03,0.349462
2002-08-04,2.646647
2002-08-05,1.201006
2002-08-06,0.003221
2002-08-07,0.641167
2002-08-08,0.536654
2002-08-09,0.000190
2002-08-10,0.031987
2002-08-11,0.018643
2002-08-12,1.056233
2002-08-13,2.304882
2002-08-14,1.907652
2002-08-15,6.107580
2002-08-16,0.216129
2002-08-17,0.194191
2002-08-18,0.546626
2002-08-19,0.672624
2002-08-20,0.007059
2002-08-21,1.873357
2002-08-22,6.883077
2002-08-23,0.582676
2002-08-24,2.768854
2002-08-25,0.002746
2002-08-26,1.255331
2002-08-27,0.253928
2002-08-28,1.141857
2002-08-29,3.618898
2002-08-30,0.048926
2002-08-31,3.315342
2002-09-01,0.367834
2002-09-02,1.654997
2002-09-03,3.264601
2002-09-04,12.426556
2002-09-05,0.149989
2002-09-06,2.258715
2002-09-07,0.513104
2002-09-08,0.136963
2002-09-09,4.270943
2002-09-10,0.285716
2002-09-11,1.005161
2002-09-12,0.025442
2002-09-13,1.640378
2002-09-14,0.103865
2002-09-15,2.083411
2002-09-16,0.000064
2002-09-17,1.331442
2002-09-18,1.002020
2002-09-19,0.174477
2002-09-20,8.975422
2002-09-21,4.143753
2002-09-22,3.251528
2002-09-23,0.079542
2002-09-24,0.344248
2002-09-25,3.589611
2002-09-26,9.117703
2002-09-27,17.147654
2002-09-28,1.739080
2002-09-29,0.001139
2002-09-30,0.005470
2002-10-01,2.735393
2002-10-02,3.589281
2002-10-03,0.625260
2002-10-04,9.270941
2002-10-05,0.566523
2002-10-06,0.859458
2002-10-07,0.157188
2002-10-08,9.210001
2002-10-09,0.950415
2002-10-10,2.063516
2002-10-11,0.247111
2002-10-12,0.123483
2002-10-13,3.228627
2002-10-14,1.059375
2002-10-15,2.830796
2002-10-16,0.640594
2002-10-17,0.345039
2002-10-18,1.069828
2002-10-19,0.028579
2002-10-20,0.461429
2002-10-21,2.260820
2002-10-22,0.051608
2002-10-23,1.197889
2002-10-24,1.828216
2002-10-25,0.811533
2002-10-26,3.768514
2002-10-27,1.057512
2002-10-28,0.051941
2002-10-29,0.273078
2002-10-30,2.209479
2002-10-31,0.126026
2002-11-01,2.346209
2002-11-02,4.470726
2002-11-03,0.006216
2002-11-04,1.308636
2002-11-05,0.003841
2002-11-06,0.001371
2002-11-07,0.066934
2002-11-08,10.454168
2002-11-09,0.048999
2002-11-10,0.071467
2002-11-11,0.836105
2002-11-12,0.133872
2002-11-13,1.575162
2002-11-14,0.034360
2002-11-15,1.573840
2002-11-16,0.001674
2002-11-17,0.068204
2002-11-18,0.376811
2002-11-19,4.719050
2002-11-20,0.068241
2002-11-21,0.411939
2002-11-22,2.850525
2002-11-23,2.701508
2002-11-24,5.199447
2002-11-25,1.140536
2002-11-26,0.183948
2002-11-27,7.088041
2002-11-28,0.012402
2002-11-29,8.284449
2002-11-30,1.800444
2002-12-01,2.001814
2002-12-02,4.500879
2002-12-03,0.065219
2002-12-04,0.466716
2002-12-05,0.334148
2002-12-06,6.328917
2002-12-07,0.090464
2002-12-08,2.157312
2002-12-09,0.255386
2002-12-10,1.342920
2002-12-11,2.321987
2002-12-12,0.001471
2002-12-13,5.619913
2002-12-14,2.868024
2002-12-15,2.703181
2002-12-16,6.976636
2002-12-17,0.316910
2002-12-18,3.229362
2002-12-19,3.799842
2002-12-20,3.327027
2002-12-21,0.059184
2002-12-22,0.063759
2002-12-23,0.003198
2002-12-24,0.068643
2002-12-25,2.015918
2002-12-26,0.226815
2002-12-27,1.988618
2002-12-28,0.007808
2002-12-29,4.682061
2002-12-30,4.025887
2002-12-31,7.357526
2003-01-01,0.466561
2003-01-02,0.016616
2003-01-03,0.145300
2003-01-04,0.392983
2003-01-05,10.442657
2003-01-06,0.583367
2003-01-07,0.353781
2003-01-08,2.260982
2003-01-09,2.508981
2003-01-10,0.002883
2003-01-11,4.349689
2003-01-12,0.088291
2003-01-13,0.214709
2003-01-14,0.183578
2003-01-15,0.225422
2003-01-16,0.000202
2003-01-17,0.304014
2003-01-18,7.873250
2003-01-19,0.605521
2003-01-20,0.057059
2003-01-21,0.397116
2003-01-22,2.958791
2003-01-23,5.876658
2003-01-24,6.880024
2003-01-25,0.683065
2003-01-26,0.555211
2003-01-27,3.451666
2003-01-28,1.737896
2003-01-29,1.681277
2003-01-30,1.653439
2003-01-31,0.038587
2003-02-01,0.159132
2003-02-02,3.628805
2003-02-03,4.730279
2003-02-04,0.303239
2003-02-05,0.102630
2003-02-06,0.320175
2003-02-07,0.139552
2003-02-08,2.217856
2003-02-09,0.055905
2003-02-10,0.670542
2003-02-11,6.839208
2003-02-12,7.563230
2003-02-13,0.950254
2003-02-14,2.115966
2003-02-15,1.860108
2003-02-16,0.000134
2003-02-17,0.631283
2003-02-18,1.410857
2003-02-19,0.007457
2003-02-20,1.320979
2003-02-21,10.354642
2003-02-22,0.051952
2003-02-23,1.171628
2003-02-24,1.033224
2003-02-25,0.011645
2003-02-26,1.023472
2003-02-27,0.176104
2003-02-28,2.884855
2003-03-01,0.047438
2003-03-02,0.028539
2003-03-03,0.069221
2003-03-04,3.438995
2003-03-05,0.888710
2003-03-06,0.019711
2003-03-07,0.551962
2003-03-08,0.443718
2003-03-09,4.363072
2003-03-10,6.195405
2003-03-11,0.000589
2003-03-12,0.433782
2003-03-13,2.519814
2003-03-14,2.087445
2003-03-15,0.060774
2003-03-16,0.068689
2003-03-17,0.711554
2003-03-18,3.201140
2003-03-19,1.385553
2003-03-20,4.124800
2003-03-21,2.123033
2003-03-22,8.461327
2003-03-23,5.935011
2003-03-24,4.356051
2003-03-25,2.236664
2003-03-26,0.150147
2003-03-27,0.152145
2003-03-28,0.113723
2003-03-29,0.046024
2003-03-30,1.601200
2003-03-31,0.675139
2003-04-01,3.964772
2003-04-02,1.144446
2003-04-03,1.176596
2003-04-04,0.023282
2003-04-05,0.003870
2003-04-06,2.180121
2003-04-07,0.107222
2003-04-08,4.263144
2003-04-09,1.962446
2003-04-10,0.088853
2003-04-11,0.610343
2003-04-12,1.711394
2003-04-13,0.542840
2003-04-14,0.058905
2003-04-15,5.087632
2003-04-16,4.866536
2003-04-17,2.785021
2003-04-18,4.229948
2003-04-19,3.609554
2003-04-20,0.537749
2003-04-21,3.201922
2003-04-22,0.007630
2003-04-23,0.017439
2003-04-24,1.527783
2003-04-25,3.493098
2003-04-26,0.666470
2003-04-27,1.091085
2003-04-28,0.472213
2003-04-29,0.169360
2003-04-30,3.413442
2003-05-01,0.681928
2003-05-02,1.266916
2003-05-03,1.337384
2003-05-04,0.505641
2003-05-05,0.468856
2003-05-06,0.582711
2003-05-07,4.341111
2003-05-08,1.173372
2003-05-09,5.128200
2003-05-10,0.000775
2003-05-11,0.011611
2003-05-12,0.882320
2003-05-13,0.132822
2003-05-14,4.334486
2003-05-15,1.500390
2003-05-16,5.503483
2003-05-17,0.336123
2003-05-18,3.658205
2003-05-19,1.399834
2003-05-20,0.391170
2003-05-21,0.194767
2003-05-22,0.059265
2003-05-23,0.047809
2003-05-24,1.366850
2003-05-25,3.809148
2003-05-26,0.811998
2003-05-27,0.139100
2003-05-28,0.499941
2003-05-29,0.294038
2003-05-30,0.579390
2003-05-31,1.263313
2003-06-01,0.978099
2003-06-02,3.249102
2003-06-03,0.014373
2003-06-04,0.029658
2003-06-05,0.000324
2003-06-06,8.354662
2003-06-07,0.234854
2003-06-08,0.167620
2003-06-09,4.555863
2003-06-10,0.617670
2003-06-11,0.358408
2003-06-12,1.930731
2003-06-13,1.209015
2003-06-14,0.994719
2003-06-15,0.054233
2003-06-16,0.605368
2003-06-17,1.575525
2003-06-18,2.762731
2003-06-19,2.893609
2003-06-20,0.837758
2003-06-21,3.260793
2003-06-22,3.614534
2003-06-23,0.549711
2003-06-24,0.000431
2003-06-25,0.324606
2003-06-26,0.057230
2003-06-27,0.064170
2003-06-28,0.346477
2003-06-29,0.016369
2003-06-30,2.292012
2003-07-01,0.041041
2003-07-02,0.176567
2003-07-03,0.970070
2003-07-04,1.915421
2003-07-05,4.109267
2003-07-06,0.446179
2003-07-07,0.194929
2003-07-08,3.317752
2003-07-09,0.060959
2003-07-10,5.052343
2003-07-11,3.303696
2003-07-12,0.068975
2003-07-13,9.407906
2003-07-14,0.258443
2003-07-15,4.525174
2003-07-16,2.591140
2003-07-17,2.091497
2003-07-18,0.527727
2003-07-19,3.623013
2003-07-20,3.506351
2003-07-21,0.074865
2003-07-22,0.926747
2003-07-23,0.040526
2003-07-24,0.026791
2003-07-25,0.341520
2003-07-26,1.756092
2003-07-27,0.236514
2003-07-28,0.395777
2003-07-29,2.027746
2003-07-30,0.282343
2003-07-31,0.021935
2003-08-01,0.063807
2003-08-02,0.014045
2003-08-03,3.356400
2003-08-04,0.994308
2003-08-05,1.591267
2003-08-06,1.473716
2003-08-07,0.732751
2003-08-08,0.015024
2003-08-09,4.141995
2003-08-10,0.583140
2003-08-11,0.914432
2003-08-12,2.963608
2003-08-13,0.718593
2003-08-14,3.292803
2003-08-15,7.762520
2003-08-16,0.031001
2003-08-17,0.395947
2003-08-18,1.329275
2003-08-19,0.996996
2003-08-20,2.635206
2003-08-21,7.918955
2003-08-22,0.006533
2003-08-23,3.395076
2003-08-24,0.042571
2003-08-25,4.462569
2003-08-26,5.239392
2003-08-27,1.583317
2003-08-28,0.282416
2003-08-29,0.123440
2003-08-30,0.735807
2003-08-31,0.699036
2003-09-01,1.615449
2003-09-02,0.655177
2003-09-03,0.106322
2003-09-04,1.176853
2003-09-05,1.387267
2003-09-06,0.005991
2003-09-07,1.210424
2003-09-08,3.830744
2003-09-09,0.375515
2003-09-10,2.199965
2003-09-11,0.189977
2003-09-12,0.127800
2003-09-13,0.855146
2003-09-14,1.511662
2003-09-15,0.019318
2003-09-16,0.263208
2003-09-17,1.245118
2003-09-18,2.536847
2003-09-19,0.657404
2003-09-20,0.586799
2003-09-21,1.337348
2003-09-22,0.037838
2003-09-23,3.115642
2003-09-24,0.320702
2003-09-25,2.228123
2003-09-26,0.866339
2003-09-27,0.051901
2003-09-28,0.017681
2003-09-29,1.895934
2003-09-30,2.875435
2003-10-01,1.051841
2003-10-02,0.025046
2003-10-03,0.009953
2003-10-04,0.917360
2003-10-05,2.789846
2003-10-06,0.015099
2003-10-07,1.811956
2003-10-08,3.295182
2003-10-09,2.259361
2003-10-10,0.917248
2003-10-11,1.078936
2003-10-12,0.058127
2003-10-13,2.188823
2003-10-14,0.231890
2003-10-15,2.429565
2003-10-16,0.346505
2003-10-17,3.489829
2003-10-18,0.480799
2003-10-19,0.582348
2003-10-20,4.802540
2003-10-21,0.520096
2003-10-22,1.788136
2003-10-23,0.000856
2003-10-24,0.578669
2003-10-25,3.029220
2003-10-26,3.566616
2003-10-27,1.514712
2003-10-28,22.025051
2003-10-29,0.437272
2003-10-30,0.701682
2003-10-31,0.977247
2003-11-01,1.022403
2003-11-02,0.041656
2003-11-03,1.913590
2003-11-04,0.623237
2003-11-05,0.021948
2003-11-06,8.546937
2003-11-07,0.012838
2003-11-08,0.032835
2003-11-09,1.240850
2003-11-10,3.851876
2003-11-11,1.864442
2003-11-12,0.013354
2003-11-13,0.018167
2003-11-14,4.487336
2003-11-15,0.157871
2003-11-16,2.477010
2003-11-17,0.668471
2003-11-18,0.412063
2003-11-19,0.561370
2003-11-20,1.338239
2003-11-21,2.041242
2003-11-22,0.539998
2003-11-23,2.238726
2003-11-24,0.139450
2003-11-25,1.091961
2003-11-26,1.070170
2003-11-27,0.707056
2003-11-28,0.075256
2003-11-29,0.128014
2003-11-30,1.202316
2003-12-01,6.722770
2003-12-02,4.604650
2003-12-03,4.535573
2003-12-04,0.059111
2003-12-05,4.619144
2003-12-06,0.591370
2003-12-07,0.503416
2003-12-08,0.188931
2003-12-09,6.965704
2003-12-10,0.128297
2003-12-11,11.425043
2003-12-12,0.002251
2003-12-13,1.174429
2003-12-14,0.608905
2003-12-15,0.430471
2003-12-16,2.104043
2003-12-17,1.401516
2003-12-18,0.021380
2003-12-19,0.586514
2003-12-20,4.786321
2003-12-21,1.377235
2003-12-22,0.173064
2003-12-23,0.128320
2003-12-24,1.826105
2003-12-25,7.441573
2003-12-26,1.237504
2003-12-27,2.777161
2003-12-28,0.105927
2003-12-29,0.376293
2003-12-30,0.907132
2003-12-31,0.123030
2004-01-01,1.557801
2004-01-02,0.995630
2004-01-03,2.908846
2004-01-04,0.193481
2004-01-05,0.744990
2004-01-06,0.036633
2004-01-07,0.134882
2004-01-08,0.159695
2004-01-09,0.187080
2004-01-10,11.250564
2004-01-11,9.069671
2004-01-12,0.047289
2004-01-13,0.689909
2004-01-14,0.026201
2004-01-15,9.868896
2004-01-16,0.010783
2004-01-17,0.021449
2004-01-18,1.207705
2004-01-19,4.407267
2004-01-20,5.882537
2004-01-21,0.127150
2004-01-22,0.147856
2004-01-23,0.027601
2004-01-24,0.541446
2004-01-25,0.657192
2004-01-26,0.440949
2004-01-27,0.408846
2004-01-28,4.442894
2004-01-29,4.744256
2004-01-30,0.113405
2004-01-31,1.402086
2004-02-01,2.802566
2004-02-02,0.006526
2004-02-03,0.455822
2004-02-04,1.532974
2004-02-05,0.298701
2004-02-06,0.019833
2004-02-07,0.178452
2004-02-08,0.085886
2004-02-09,0.486040
2004-02-10,0.069096
2004-02-11,0.013859
2004-02-12,4.080933
2004-02-13,0.007678
2004-02-14,0.223000
2004-02-15,3.530030
2004-02-16,0.783837
2004-02-17,0.007822
2004-02-18,0.710210
2004-02-19,0.745343
2004-02-20,0.174678
2004-02-21,1.712890
2004-02-22,2.128144
2004-02-23,2.088304
2004-02-24,4.872144
2004-02-25,2.508286
2004-02-26,0.339020
2004-02-27,0.791476
2004-02-28,9.481011
2004-02-29,6.338433
2004-03-01,0.279204
2004-03-02,0.513609
2004-03-03,2.478108
2004-03-04,0.003078
2004-03-05,0.408563
2004-03-06,0.411285
2004-03-07,1.138199
2004-03-08,4.200420
2004-03-09,5.528211
2004-03-10,0.537083
2004-03-11,0.258775
2004-03-12,0.125153
2004-03-13,0.801001
2004-03-14,0.580278
2004-03-15,0.966788
2004-03-16,2.404953
2004-03-17,9.596354
2004-03-18,0.016917
2004-03-19,4.470218
2004-03-20,0.002609
2004-03-21,3.505665
2004-03-22,3.816514
2004-03-23,0.182720
2004-03-24,0.122076
2004-03-25,1.703885
2004-03-26,1.272891
2004-03-27,1.916509
2004-03-28,0.228002
2004-03-29,2.937950
2004-03-30,15.758322
2004-03-31,1.500796
2004-04-01,0.192343
2004-04-02,6.146396
2004-04-03,0.199246
2004-04-04,3.727009
2004-04-05,0.580239
2004-04-06,0.183558
2004-04-07,4.481521
2004-04-08,1.477985
2004-04-09,0.041668
2004-04-10,1.372107
2004-04-11,2.280304
2004-04-12,0.637410
2004-04-13,0.144048
2004-04-14,0.013459
2004-04-15,0.430644
2004-04-16,2.079477
2004-04-17,0.500666
2004-04-18,0.795341
2004-04-19,1.050679
2004-04-20,2.057922
2004-04-21,1.427914
2004-04-22,0.001218
2004-04-23,0.042517
2004-04-24,0.169467
2004-04-25,0.189110
2004-04-26,0.405230
2004-04-27,2.957708
2004-04-28,1.530676
2004-04-29,10.441688
2004-04-30,0.115488
2004-05-01,2.904403
2004-05-02,1.496689
2004-05-03,0.644289
2004-05-04,13.985405
2004-05-05,0.000120
2004-05-06,0.232098
2004-05-07,0.111530
2004-05-08,2.290574
2004-05-09,0.121939
2004-05-10,1.960411
2004-05-11,0.340232
2004-05-12,0.122514
2004-05-13,1.418402
2004-05-14,11.794948
2004-05-15,0.827658
2004-05-16,3.412329
2004-05-17,1.536572
2004-05-18,0.075099
2004-05-19,3.406131
2004-05-20,0.783766
2004-05-21,0.191807
2004-05-22,6.885888
2004-05-23,0.830621
2004-05-24,2.549502
2004-05-25,0.180618
2004-05-26,4.985028
2004-05-27,5.650678
2004-05-28,0.045487
2004-05-29,4.385466
2004-05-30,0.285806
2004-05-31,0.326277
2004-06-01,0.563019
2004-06-02,2.770875
2004-06-03,6.904975
2004-06-04,0.002727
2004-06-05,0.933236
2004-06-06,0.514526
2004-06-07,1.232975
2004-06-08,2.149310
2004-06-09,0.219778
2004-06-10,0.019124
2004-06-11,0.000116
2004-06-12,3.675854
2004-06-13,0.494635
2004-06-14,0.264535
2004-06-15,0.826190
2004-06-16,0.170674
2004-06-17,0.014496
2004-06-18,0.052805
2004-06-19,0.342406
2004-06-20,0.518274
2004-06-21,0.091012
2004-06-22,2.453806
2004-06-23,2.163044
2004-06-24,1.155143
2004-06-25,0.060183
2004-06-26,1.854478
2004-06-27,1.225454
2004-06-28,0.222435
2004-06-29,0.829166
2004-06-30,1.402170
2004-07-01,2.342367
2004-07-02,0.041977
2004-07-03,0.358515
2004-07-04,1.213413
2004-07-05,0.038307
2004-07-06,0.044920
2004-07-07,0.001731
2004-07-08,1.910224
2004-07-09,0.351001
2004-07-10,0.840414
2004-07-11,0.468244
2004-07-12,5.936354
2004-07-13,0.469825
2004-07-14,0.124928
2004-07-15,1.074811
2004-07-16,3.750200
2004-07-17,3.219720
2004-07-18,2.091058
2004-07-19,0.983510
2004-07-20,0.592828
2004-07-21,0.878140
2004-07-22,0.837979
2004-07-23,0.287081
2004-07-24,3.126232
2004-07-25,6.536969
2004-07-26,0.620321
2004-07-27,0.053770
2004-07-28,0.075039
2004-07-29,0.353199
2004-07-30,2.403233
2004-07-31,0.600558
2004-08-01,0.626577
2004-08-02,1.130523
2004-08-03,5.005273
2004-08-04,4.142905
2004-08-05,0.737012
2004-08-06,0.003801
2004-08-07,0.463601
2004-08-08,0.024046
2004-08-09,0.738566
2004-08-10,0.858958
2004-08-11,8.030523
2004-08-12,0.284710
2004-08-13,1.747919
2004-08-14,0.146759
2004-08-15,0.104304
2004-08-16,0.281720
2004-08-17,9.775552
2004-08-18,1.822843
2004-08-19,0.826448
2004-08-20,0.040673
2004-08-21,0.775198
2004-08-22,0.180976
2004-08-23,0.007028
2004-08-24,2.072212
2004-08-25,25.836412
2004-08-26,0.171292
2004-08-27,3.594563
2004-08-28,0.008290
2004-08-29,0.228387
2004-08-30,9.411201
2004-08-31,0.067724
2004-09-01,6.797685
2004-09-02,8.974886
2004-09-03,0.267636
2004-09-04,0.180130
2004-09-05,0.570708
2004-09-06,0.046990
2004-09-07,1.114812
2004-09-08,0.234799
2004-09-09,2.262451
2004-09-10,0.000149
2004-09-11,0.275113
2004-09-12,3.565036
2004-09-13,0.180779
2004-09-14,3.331868
2004-09-15,3.194805
2004-09-16,0.015211
2004-09-17,0.529644
2004-09-18,0.041085
2004-09-19,0.253765
2004-09-20,0.143192
2004-09-21,0.456659
2004-09-22,1.639204
2004-09-23,0.068813
2004-09-24,2.074868
2004-09-25,2.099177
2004-09-26,0.552007
2004-09-27,0.159017
2004-09-28,1.141075
2004-09-29,0.168449
2004-09-30,0.036876
2004-10-01,0.245132
2004-10-02,2.119493
2004-10-03,0.037782
2004-10-04,0.976424
2004-10-05,0.430193
2004-10-06,0.136052
2004-10-07,7.314423
2004-10-08,2.801136
2004-10-09,0.003134
2004-10-10,0.280762
2004-10-11,3.199904
2004-10-12,4.701767
2004-10-13,11.457543
2004-10-14,0.307565
2004-10-15,6.134026
2004-10-16,0.925505
2004-10-17,18.691551
2004-10-18,2.615557
2004-10-19,0.017820
2004-10-20,2.110256
2004-10-21,1.656928
2004-10-22,0.116712
2004-10-23,0.728797
2004-10-24,0.051833
2004-10-25,3.495196
2004-10-26,0.237279
2004-10-27,1.062220
2004-10-28,0.142204
2004-10-29,3.956094
2004-10-30,0.108247
2004-10-31,6.702706
2004-11-01,0.118877
2004-11-02,1.032484
2004-11-03,0.356079
2004-11-04,0.211266
2004-11-05,8.641544
2004-11-06,2.797286
2004-11-07,1.352181
2004-11-08,0.926630
2004-11-09,4.348519
2004-11-10,2.517873
2004-11-11,4.172225
2004-11-12,0.026828
2004-11-13,1.975003
2004-11-14,0.184049
2004-11-15,0.707939
2004-11-16,0.835107
2004-11-17,0.760914
2004-11-18,1.104480
2004-11-19,0.681546
2004-11-20,1.051746
2004-11-21,1.082094
2004-11-22,3.000953
2004-11-23,2.663303
2004-11-24,0.108101
2004-11-25,0.202370
2004-11-26,0.962900
2004-11-27,0.643066
2004-11-28,0.163095
2004-11-29,0.189158
2004-11-30,0.002026
2004-12-01,0.404005
2004-12-02,2.285710
2004-12-03,1.105620
2004-12-04,2.452737
2004-12-05,0.726673
2004-12-06,0.555342
2004-12-07,0.898715
2004-12-08,0.608945
2004-12-09,3.996105
2004-12-10,1.305500
2004-12-11,5.887038
2004-12-12,0.014053
2004-12-13,0.215393
2004-12-14,0.682532
2004-12-15,0.074847
2004-12-16,3.356142
2004-12-17,0.183692
2004-12-18,0.536151
2004-12-19,1.767501
2004-12-20,0.371634
2004-12-21,3.341994
2004-12-22,0.846686
2004-12-23,0.248846
2004-12-24,0.158336
2004-12-25,0.804611
2004-12-26,0.525430
2004-12-27,0.966550
2004-12-28,1.034080
2004-12-29,0.015901
2004-12-30,0.064495
2004-12-31,0.436491
2005-01-01,0.425985
2005-01-02,0.002668
2005-01-03,0.568929
2005-01-04,0.006838
2005-01-05,0.209772
2005-01-06,0.012067
2005-01-07,0.124979
2005-01-08,2.173646
2005-01-09,0.137532
2005-01-10,3.513507
2005-01-11,1.671772
2005-01-12,0.161454
2005-01-13,0.923993
2005-01-14,0.119283
2005-01-15,0.702654
2005-01-16,0.281972
2005-01-17,0.777101
2005-01-18,1.101838
2005-01-19,0.168606
2005-01-20,0.975693
2005-01-21,0.173970
2005-01-22,0.986785
2005-01-23,2.763210
2005-01-24,1.030569
2005-01-25,0.929753
2005-01-26,2.557517
2005-01-27,0.634414
2005-01-28,0.184908
2005-01-29,8.714020
2005-01-30,0.016647
2005-01-31,1.252557
2005-02-01,3.544513
2005-02-02,7.443202
2005-02-03,3.518007
2005-02-04,1.285790
2005-02-05,0.363014
2005-02-06,0.062828
2005-02-07,1.488765
2005-02-08,0.642969
2005-02-09,0.039700
2005-02-10,3.210322
2005-02-11,0.488195
2005-02-12,4.630647
2005-02-13,0.972691
2005-02-14,1.716605
2005-02-15,0.422036
2005-02-16,1.940542
2005-02-17,0.644487
2005-02-18,0.454316
2005-02-19,0.853916
2005-02-20,0.052644
2005-02-21,0.163579
2005-02-22,3.477067
2005-02-23,3.304814
2005-02-24,0.135997
2005-02-25,6.467640
2005-02-26,1.239073
2005-02-27,1.051449
2005-02-28,2.331700
2005-03-01,2.276561
2005-03-02,2.811379
2005-03-03,16.731319
2005-03-04,0.502300
2005-03-05,5.623807
2005-03-06,0.955528
2005-03-07,4.177246
2005-03-08,0.048323
2005-03-09,1.360294
2005-03-10,2.233108
2005-03-11,9.929839
2005-03-12,0.105033
2005-03-13,0.278150
2005-03-14,0.041478
2005-03-15,2.718405
2005-03-16,0.052667
2005-03-17,13.543694
2005-03-18,0.034558
2005-03-19,0.547159
2005-03-20,1.638086
2005-03-21,2.175239
2005-03-22,0.272903
2005-03-23,0.046759
2005-03-24,3.804734
2005-03-25,4.063926
2005-03-26,0.901489
2005-03-27,0.000001
2005-03-28,0.028615
2005-03-29,2.400833
2005-03-30,0.226633
2005-03-31,1.001749
2005-04-01,9.380954
2005-04-02,1.153103
2005-04-03,0.016882
2005-04-04,0.946788
2005-04-05,0.828224
2005-04-06,2.979342
2005-04-07,0.232934
2005-04-08,0.032444
2005-04-09,0.307672
2005-04-10,4.004368
2005-04-11,0.348488
2005-04-12,2.409159
2005-04-13,0.262978
2005-04-14,0.132880
2005-04-15,0.566982
2005-04-16,0.210492
2005-04-17,0.098207
2005-04-18,3.086722
2005-04-19,0.168214
2005-04-20,0.215153
2005-04-21,0.842923
2005-04-22,0.233630
2005-04-23,0.132834
2005-04-24,0.065861
2005-04-25,5.283478
2005-04-26,0.831233
2005-04-27,0.019379
2005-04-28,1.630432
2005-04-29,1.281398
2005-04-30,0.138878
2005-05-01,7.432388
2005-05-02,0.164471
2005-05-03,0.064155
2005-05-04,1.620898
2005-05-05,0.174594
2005-05-06,9.260606
2005-05-07,0.844641
2005-05-08,0.236441
2005-05-09,1.831517
2005-05-10,0.253794
2005-05-11,0.476256
2005-05-12,0.026583
2005-05-13,0.017016
2005-05-14,3.276284
2005-05-15,0.004742
2005-05-16,3.847207
2005-05-17,0.520965
2005-05-18,5.346322
2005-05-19,2.267526
2005-05-20,0.018515
2005-05-21,1.276021
2005-05-22,4.874790
2005-05-23,5.414710
2005-05-24,2.231530
2005-05-25,2.619241
2005-05-26,0.000204
2005-05-27,0.001927
2005-05-28,0.535437
2005-05-29,0.087117
2005-05-30,2.162290
2005-05-31,5.071471
2005-06-01,0.129893
2005-06-02,0.000458
2005-06-03,0.363767
2005-06-04,0.378254
2005-06-05,0.748615
2005-06-06,0.590973
2005-06-07,0.067591
2005-06-08,1.375299
2005-06-09,1.053435
2005-06-10,0.237371
2005-06-11,0.904650
2005-06-12,0.090336
2005-06-13,0.287527
2005-06-14,0.013220
2005-06-15,0.510192
2005-06-16,5.860669
2005-06-17,0.022090
2005-06-18,0.000329
2005-06-19,0.205991
2005-06-20,0.300979
2005-06-21,8.908679
2005-06-22,0.757985
2005-06-23,0.643683
2005-06-24,0.737908
2005-06-25,0.125725
2005-06-26,2.312266
2005-06-27,2.474765
2005-06-28,0.388419
2005-06-29,5.328452
2005-06-30,3.167478
2005-07-01,0.030620
2005-07-02,0.711510
2005-07-03,0.911846
2005-07-04,0.911254
2005-07-05,13.568501
2005-07-06,0.003482
2005-07-07,0.251222
2005-07-08,20.820704
2005-07-09,1.997808
2005-07-10,0.580528
2005-07-11,0.018709
2005-07-12,2.877866
2005-07-13,1.395617
2005-07-14,0.956538
2005-07-15,0.765470
2005-07-16,0.114394
2005-07-17,1.041741
2005-07-18,0.117940
2005-07-19,1.544015
2005-07-20,1.231594
2005-07-21,4.877182
2005-07-22,2.971637
2005-07-23,0.010748
2005-07-24,0.104711
2005-07-25,0.346043
2005-07-26,0.676250
2005-07-27,0.476378
2005-07-28,3.919341
2005-07-29,0.080236
2005-07-30,0.142928
2005-07-31,1.146673
2005-08-01,11.455390
2005-08-02,0.623038
2005-08-03,0.282771
2005-08-04,0.077934
2005-08-05,0.012968
2005-08-06,0.024755
2005-08-07,0.341921
2005-08-08,16.433741
2005-08-09,1.653182
2005-08-10,8.051853
2005-08-11,0.004912
2005-08-12,0.368427
2005-08-13,0.922543
2005-08-14,0.798829
2005-08-15,3.463771
2005-08-16,0.046879
2005-08-17,0.827797
2005-08-18,0.613663
2005-08-19,0.984437
2005-08-20,0.057327
2005-08-21,0.088452
2005-08-22,1.427968
2005-08-23,0.270486
2005-08-24,0.092795
2005-08-25,3.667229
2005-08-26,0.023785
2005-08-27,1.168264
2005-08-28,0.033318
2005-08-29,0.505245
2005-08-30,3.044431
2005-08-31,0.394927
2005-09-01,0.010067
2005-09-02,0.021506
2005-09-03,0.174588
2005-09-04,1.796776
2005-09-05,4.268875
2005-09-06,0.762003
2005-09-07,0.055434
2005-09-08,3.818707
2005-09-09,0.800142
2005-09-10,0.141781
2005-09-11,0.601850
2005-09-12,5.797061
2005-09-13,1.415635
2005-09-14,0.970556
2005-09-15,2.530849
2005-09-16,0.050121
2005-09-17,5.205043
2005-09-18,2.061054
2005-09-19,0.155233
2005-09-20,1.313247
2005-09-21,6.187295
2005-09-22,4.134500
2005-09-23,5.227963
2005-09-24,0.179142
2005-09-25,6.599804
2005-09-26,1.101942
2005-09-27,2.541866
2005-09-28,0.002249
2005-09-29,0.150018
2005-09-30,1.334390
2005-10-01,0.482627
2005-10-02,4.487572
2005-10-03,1.871682
2005-10-04,0.196314
2005-10-05,0.900140
2005-10-06,6.527271
2005-10-07,1.659120
2005-10-08,8.380122
2005-10-09,8.738641
2005-10-10,0.988907
2005-10-11,0.089466
2005-10-12,0.901482
2005-10-13,4.013778
2005-10-14,0.160020
2005-10-15,1.084566
2005-10-16,0.596829
2005-10-17,0.875338
2005-10-18,0.673729
2005-10-19,2.419578
2005-10-20,0.184849
2005-10-21,0.243761
2005-10-22,0.074812
2005-10-23,1.396414
2005-10-24,0.371451
2005-10-25,0.157359
2005-10-26,0.157034
2005-10-27,2.784106
2005-10-28,0.581510
2005-10-29,0.804454
2005-10-30,2.197424
2005-10-31,8.731569
2005-11-01,0.526029
2005-11-02,2.756032
2005-11-03,0.169798
2005-11-04,4.641945
2005-11-05,11.895344
2005-11-06,0.478018
2005-11-07,1.919204
2005-11-08,1.052908
2005-11-09,0.332100
2005-11-10,0.005231
2005-11-11,1.819443
2005-11-12,1.070149
2005-11-13,3.122376
2005-11-14,6.626859
2005-11-15,7.172651
2005-11-16,2.580215
2005-11-17,0.054951
2005-11-18,0.704323
2005-11-19,5.625824
2005-11-20,1.816240
2005-11-21,0.000052
2005-11-22,0.022010
2005-11-23,0.231962
2005-11-24,0.215594
2005-11-25,3.421091
2005-11-26,1.860643
2005-11-27,0.097440
2005-11-28,0.455254
2005-11-29,3.741768
2005-11-30,1.059363
2005-12-01,1.866250
2005-12-02,0.239991
2005-12-03,0.711705
2005-12-04,0.005745
2005-12-05,9.391436
2005-12-06,5.899051
2005-12-07,0.000086
2005-12-08,1.706824
2005-12-09,6.688234
2005-12-10,0.608171
2005-12-11,8.853889
2005-12-12,1.773789
2005-12-13,4.512358
2005-12-14,0.006660
2005-12-15,6.722646
2005-12-16,0.239825
2005-12-17,0.882854
2005-12-18,2.768421
2005-12-19,1.272296
2005-12-20,0.440440
2005-12-21,0.617247
2005-12-22,0.339072
2005-12-23,0.328362
2005-12-24,7.783710
2005-12-25,0.169443
2005-12-26,0.801326
2005-12-27,0.698486
2005-12-28,0.374069
2005-12-29,0.779128
2005-12-30,1.457204
2005-12-31,0.004004
2006-01-01,0.742657
2006-01-02,1.598474
2006-01-03,1.725396
2006-01-04,0.420018
2006-01-05,0.715949
2006-01-06,0.916168
2006-01-07,0.943847
2006-01-08,2.928186
2006-01-09,0.156634
2006-01-10,16.295661
2006-01-11,7.053933
2006-01-12,0.270718
2006-01-13,11.485758
2006-01-14,2.400600
2006-01-15,2.963478
2006-01-16,17.694450
2006-01-17,2.836572
2006-01-18,0.096794
2006-01-19,2.588599
2006-01-20,2.163473
2006-01-21,1.561370
2006-01-22,0.846079
2006-01-23,5.926345
2006-01-24,0.305180
2006-01-25,0.935217
2006-01-26,2.543126
2006-01-27,11.186811
2006-01-28,0.043950
2006-01-29,0.720211
2006-01-30,2.811193
2006-01-31,0.140569
2006-02-01,0.110558
2006-02-02,0.184321
2006-02-03,0.236944
2006-02-04,0.180729
2006-02-05,0.153073
2006-02-06,0.075697
2006-02-07,2.343967
2006-02-08,0.120009
2006-02-09,1.381044
2006-02-10,2.688489
2006-02-11,1.135716
2006-02-12,0.654974
2006-02-13,2.521490
2006-02-14,6.278495
2006-02-15,1.914917
2006-02-16,12.939752
2006-02-17,2.098584
2006-02-18,0.276492
2006-02-19,0.034068
2006-02-20,0.073880
2006-02-21,0.032042
2006-02-22,1.292501
2006-02-23,3.349877
2006-02-24,1.478965
2006-02-25,7.448270
2006-02-26,0.197958
2006-02-27,21.452012
2006-02-28,0.946840
2006-03-01,0.206169
2006-03-02,8.417640
2006-03-03,1.551431
2006-03-04,0.733568
2006-03-05,0.185484
2006-03-06,1.281334
2006-03-07,1.738708
2006-03-08,0.389064
2006-03-09,4.295958
2006-03-10,0.271823
2006-03-11,3.411928
2006-03-12,0.471323
2006-03-13,1.161868
2006-03-14,0.228335
2006-03-15,6.836406
2006-03-16,3.175339
2006-03-17,0.139578
2006-03-18,1.859143
2006-03-19,1.535709
2006-03-20,0.338208
2006-03-21,0.165117
2006-03-22,0.064122
2006-03-23,0.131876
2006-03-24,1.247174
2006-03-25,2.020977
2006-03-26,3.203891
2006-03-27,0.013818
2006-03-28,0.732798
2006-03-29,0.144159
2006-03-30,1.491700
2006-03-31,0.498934
2006-04-01,0.898081
2006-04-02,0.203660
2006-04-03,0.860599
2006-04-04,0.695045
2006-04-05,10.791012
2006-04-06,0.014112
2006-04-07,4.593586
2006-04-08,0.250763
2006-04-09,4.804146
2006-04-10,0.804579
2006-04-11,2.339241
2006-04-12,5.589881
2006-04-13,0.884989
2006-04-14,6.408461
2006-04-15,0.082614
2006-04-16,10.649217
2006-04-17,0.002100
2006-04-18,1.761824
2006-04-19,1.302960
2006-04-20,0.141470
2006-04-21,0.302621
2006-04-22,0.730136
2006-04-23,2.997664
2006-04-24,0.018137
2006-04-25,1.550392
2006-04-26,0.000229
2006-04-27,0.018644
2006-04-28,0.827864
2006-04-29,9.259840
2006-04-30,1.701716
2006-05-01,0.631491
2006-05-02,5.372728
2006-05-03,0.389148
2006-05-04,0.106095
2006-05-05,0.002879
2006-05-06,0.177424
2006-05-07,0.000052
2006-05-08,6.572249
2006-05-09,0.596896
2006-05-10,2.600353
2006-05-11,0.015986
2006-05-12,0.184030
2006-05-13,2.811058
2006-05-14,3.017225
2006-05-15,0.634672
2006-05-16,2.313813
2006-05-17,1.052102
2006-05-18,2.632624
2006-05-19,0.000144
2006-05-20,0.346570
2006-05-21,5.059185
2006-05-22,0.036129
2006-05-23,0.240905
2006-05-24,0.574487
2006-05-25,0.405182
2006-05-26,1.928057
2006-05-27,3.554196
2006-05-28,2.851722
2006-05-29,9.709574
2006-05-30,0.001321
2006-05-31,0.002603
2006-06-01,0.563416
2006-06-02,0.017579
2006-06-03,10.308509
2006-06-04,1.245789
2006-06-05,0.066627
2006-06-06,0.004228
2006-06-07,8.257685
2006-06-08,0.199430
2006-06-09,0.143188
2006-06-10,1.306246
2006-06-11,4.936247
2006-06-12,2.741779
2006-06-13,0.160274
2006-06-14,0.311617
2006-06-15,0.856094
2006-06-16,0.298312
2006-06-17,1.244571
2006-06-18,0.077752
2006-06-19,9.776596
2006-06-20,8.404669
2006-06-21,0.536127
2006-06-22,5.616321
2006-06-23,0.150396
2006-06-24,1.215054
2006-06-25,0.026922
2006-06-26,4.413796
2006-06-27,0.331972
2006-06-28,0.507816
2006-06-29,0.343494
2006-06-30,2.296001
2006-07-01,0.283513
2006-07-02,0.600772
2006-07-03,2.849933
2006-07-04,0.130232
2006-07-05,0.746240
2006-07-06,0.001125
2006-07-07,1.763466
2006-07-08,0.254831
2006-07-09,1.233469
2006-07-10,0.009409
2006-07-11,0.016718
2006-07-12,9.419357
2006-07-13,0.088533
2006-07-14,3.482095
2006-07-15,0.465162
2006-07-16,0.003832
2006-07-17,4.226302
2006-07-18,10.245352
2006-07-19,5.954225
2006-07-20,0.003133
2006-07-21,6.011168
2006-07-22,0.160294
2006-07-23,0.263159
2006-07-24,0.125372
2006-07-25,1.301597
2006-07-26,4.983577
2006-07-27,1.311256
2006-07-28,1.789522
2006-07-29,0.989091
2006-07-30,1.396916
2006-07-31,0.094913
2006-08-01,0.008620
2006-08-02,0.109942
2006-08-03,1.456318
2006-08-04,0.276912
2006-08-05,0.183113
2006-08-06,2.030150
2006-08-07,0.219072
2006-08-08,0.059163
2006-08-09,2.685791
2006-08-10,3.455882
2006-08-11,0.326941
2006-08-12,1.361214
2006-08-13,2.090229
2006-08-14,0.433609
2006-08-15,1.508943
2006-08-16,2.185508
2006-08-17,6.232698
2006-08-18,0.958146
2006-08-19,0.946076
2006-08-20,2.031591
2006-08-21,0.317374
2006-08-22,1.099493
2006-08-23,0.125401
2006-08-24,0.001031
2006-08-25,0.297615
2006-08-26,0.013011
2006-08-27,0.026450
2006-08-28,4.850240
2006-08-29,0.671382
2006-08-30,0.005142
2006-08-31,0.108950
2006-09-01,0.505349
2006-09-02,1.966028
2006-09-03,0.842110
2006-09-04,4.989441
2006-09-05,2.383158
2006-09-06,0.004958
2006-09-07,0.000000
2006-09-08,0.371616
2006-09-09,0.663272
2006-09-10,2.131110
2006-09-11,0.273653
2006-09-12,0.631876
2006-09-13,1.077256
2006-09-14,6.584681
2006-09-15,3.297272
2006-09-16,5.851529
2006-09-17,1.914231
2006-09-18,2.821847
2006-09-19,0.670891
2006-09-20,2.712060
2006-09-21,0.014270
2006-09-22,1.083212
2006-09-23,2.295645
2006-09-24,2.421267
2006-09-25,0.047937
2006-09-26,7.097194
2006-09-27,13.727251
2006-09-28,2.862967
2006-09-29,0.965956
2006-09-30,2.346797
2006-10-01,4.527183
2006-10-02,1.803993
2006-10-03,0.173726
2006-10-04,0.312345
2006-10-05,1.724669
2006-10-06,5.262315
2006-10-07,1.501774
2006-10-08,0.922277
2006-10-09,3.423798
2006-10-10,3.901432
2006-10-11,2.477516
2006-10-12,0.154627
2006-10-13,2.343164
2006-10-14,8.425938
2006-10-15,1.440938
2006-10-16,4.522842
2006-10-17,1.598931
2006-10-18,0.760256
2006-10-19,0.527224
2006-10-20,0.120103
2006-10-21,0.104311
2006-10-22,2.266547
2006-10-23,0.000000
2006-10-24,1.733452
2006-10-25,5.730228
2006-10-26,1.250473
2006-10-27,0.876519
2006-10-28,0.006744
2006-10-29,0.034850
2006-10-30,1.737842
2006-10-31,3.338211
2006-11-01,0.894361
2006-11-02,2.431273
2006-11-03,0.006414
2006-11-04,0.004554
2006-11-05,1.259251
2006-11-06,4.386694
2006-11-07,1.422897
2006-11-08,0.005721
2006-11-09,0.904772
2006-11-10,2.922142
2006-11-11,0.518874
2006-11-12,6.767582
2006-11-13,0.600989
2006-11-14,0.051388
2006-11-15,0.189151
2006-11-16,0.190852
2006-11-17,0.730430
2006-11-18,0.716187
2006-11-19,1.110782
2006-11-20,0.115547
2006-11-21,0.313440
2006-11-22,4.717885
2006-11-23,3.977282
2006-11-24,4.048785
2006-11-25,0.012469
2006-11-26,6.619563
2006-11-27,0.460297
2006-11-28,0.235029
2006-11-29,0.412409
2006-11-30,0.000295
2006-12-01,0.041785
2006-12-02,0.123153
2006-12-03,0.224232
2006-12-04,1.645918
2006-12-05,0.121273
2006-12-06,0.533574
2006-12-07,4.691901
2006-12-08,0.394757
2006-12-09,0.064035
2006-12-10,0.001995
2006-12-11,3.576832
2006-12-12,0.000518
2006-12-13,2.400440
2006-12-14,0.046073
2006-12-15,0.825829
2006-12-16,1.618106
2006-12-17,0.709810
2006-12-18,0.016985
2006-12-19,4.095733
2006-12-20,0.137184
2006-12-21,2.236210
2006-12-22,0.477137
2006-12-23,0.096601
2006-12-24,0.017659
2006-12-25,7.023165
2006-12-26,0.041986
2006-12-27,0.443776
2006-12-28,0.006311
2006-12-29,7.593629
2006-12-30,1.776495
2006-12-31,5.620817
2007-01-01,0.328089
2007-01-02,1.415079
2007-01-03,2.069720
2007-01-04,1.051471
2007-01-05,0.385785
2007-01-06,0.563876
2007-01-07,0.666049
2007-01-08,0.258954
2007-01-09,9.619571
2007-01-10,0.907997
2007-01-11,2.242999
2007-01-12,0.069537
2007-01-13,6.531653
2007-01-14,1.813461
2007-01-15,4.206481
2007-01-16,1.724727
2007-01-17,2.667716
2007-01-18,0.296024
2007-01-19,0.163130
2007-01-20,0.121638
2007-01-21,1.447520
2007-01-22,1.648637
2007-01-23,26.531815
2007-01-24,0.745283
2007-01-25,1.677641
2007-01-26,0.192189
2007-01-27,0.654853
2007-01-28,0.562594
2007-01-29,0.174749
2007-01-30,11.450778
2007-01-31,2.431209
2007-02-01,8.209329
2007-02-02,1.817542
2007-02-03,0.000210
2007-02-04,2.207333
2007-02-05,0.848101
2007-02-06,2.370087
2007-02-07,1.083467
2007-02-08,5.471553
2007-02-09,2.553893
2007-02-10,3.978338
2007-02-11,3.662906
2007-02-12,2.356494
2007-02-13,0.152354
2007-02-14,0.665900
2007-02-15,0.988097
2007-02-16,0.046446
2007-02-17,0.858336
2007-02-18,0.228052
2007-02-19,0.696512
2007-02-20,0.556344
2007-02-21,0.203796
2007-02-22,0.146402
2007-02-23,1.250032
2007-02-24,0.073116
2007-02-25,0.770403
2007-02-26,3.331673
2007-02-27,0.004897
2007-02-28,0.716095
2007-03-01,0.403248
2007-03-02,4.777541
2007-03-03,0.036583
2007-03-04,8.470848
2007-03-05,0.271045
2007-03-06,0.828592
2007-03-07,1.262522
2007-03-08,10.567397
2007-03-09,3.163425
2007-03-10,1.073980
2007-03-11,2.324842
2007-03-12,2.132457
2007-03-13,0.319872
2007-03-14,3.373610
2007-03-15,6.701966
2007-03-16,9.145263
2007-03-17,4.801161
2007-03-18,0.149310
2007-03-19,0.287327
2007-03-20,4.674575
2007-03-21,4.068509
2007-03-22,3.090840
2007-03-23,0.001433
2007-03-24,0.010809
2007-03-25,0.213582
2007-03-26,0.061598
2007-03-27,0.235048
2007-03-28,4.024229
2007-03-29,1.610214
2007-03-30,2.150141
2007-03-31,0.449478
2007-04-01,7.426098
2007-04-02,1.241528
2007-04-03,0.156736
2007-04-04,0.102104
2007-04-05,1.683700
2007-04-06,0.173810
2007-04-07,0.340971
2007-04-08,0.431889
2007-04-09,0.111484
2007-04-10,2.897356
2007-04-11,0.047276
2007-04-12,0.072173
2007-04-13,1.469821
2007-04-14,0.763575
2007-04-15,4.354188
2007-04-16,0.949889
2007-04-17,2.747891
2007-04-18,0.773398
2007-04-19,8.792724
2007-04-20,0.727348
2007-04-21,0.201554
2007-04-22,0.082767
2007-04-23,0.099001
2007-04-24,0.000443
2007-04-25,4.102847
2007-04-26,0.007237
2007-04-27,1.053928
2007-04-28,0.007928
2007-04-29,0.043734
2007-04-30,0.609092
2007-05-01,0.972379
2007-05-02,2.482494
2007-05-03,0.003461
2007-05-04,7.733396
2007-05-05,5.852325
2007-05-06,8.937052
2007-05-07,0.031389
2007-05-08,0.010916
2007-05-09,10.345829
2007-05-10,0.576440
2007-05-11,1.393990
2007-05-12,4.298005
2007-05-13,0.532606
2007-05-14,3.691006
2007-05-15,0.817164
2007-05-16,0.405815
2007-05-17,1.401023
2007-05-18,5.877437
2007-05-19,2.950290
2007-05-20,0.269646
2007-05-21,2.170374
2007-05-22,0.248731
2007-05-23,4.718113
2007-05-24,0.799902
2007-05-25,5.204326
2007-05-26,0.905807
2007-05-27,0.054286
2007-05-28,0.006524
2007-05-29,3.003578
2007-05-30,1.685550
2007-05-31,0.222195
2007-06-01,0.192165
2007-06-02,0.059824
2007-06-03,7.846610
2007-06-04,0.042268
2007-06-05,0.238361
2007-06-06,0.001862
2007-06-07,1.455402
2007-06-08,1.461203
2007-06-09,0.013716
2007-06-10,0.899270
2007-06-11,2.265391
2007-06-12,0.390674
2007-06-13,0.014461
2007-06-14,1.438838
2007-06-15,0.010532
2007-06-16,1.413203
2007-06-17,1.569349
2007-06-18,1.643771
2007-06-19,1.385954
2007-06-20,4.935210
2007-06-21,3.862353
2007-06-22,3.348543
2007-06-23,0.126601
2007-06-24,0.087006
2007-06-25,1.156198
2007-06-26,2.915508
2007-06-27,1.506360
2007-06-28,4.971507
2007-06-29,2.754526
2007-06-30,0.004145
2007-07-01,0.210398
2007-07-02,0.325645
2007-07-03,0.662654
2007-07-04,0.197574
2007-07-05,1.137320
2007-07-06,3.174965
2007-07-07,2.463003
2007-07-08,1.791518
2007-07-09,0.258691
2007-07-10,12.025468
2007-07-11,1.073705
2007-07-12,3.079505
2007-07-13,0.400144
2007-07-14,1.424195
2007-07-15,5.176302
2007-07-16,7.103473
2007-07-17,0.090394
2007-07-18,5.690078
2007-07-19,0.433128
2007-07-20,5.418258
2007-07-21,2.289713
2007-07-22,3.632678
2007-07-23,0.227164
2007-07-24,0.170457
2007-07-25,1.085174
2007-07-26,0.419289
2007-07-27,0.854940
2007-07-28,1.483628
2007-07-29,5.666304
2007-07-30,0.535392
2007-07-31,0.312686
2007-08-01,1.695996
2007-08-02,0.006184
2007-08-03,0.137837
2007-08-04,0.124174
2007-08-05,0.798552
2007-08-06,5.282445
2007-08-07,2.322801
2007-08-08,2.460809
2007-08-09,1.234886
2007-08-10,0.071942
2007-08-11,0.085079
2007-08-12,0.988921
2007-08-13,12.976046
2007-08-14,0.049050
2007-08-15,15.817617
2007-08-16,0.363908
2007-08-17,3.295695
2007-08-18,0.600332
2007-08-19,0.039627
2007-08-20,0.062547
2007-08-21,6.229755
2007-08-22,1.261241
2007-08-23,0.061735
2007-08-24,0.399128
2007-08-25,1.544859
2007-08-26,4.927581
2007-08-27,1.546784
2007-08-28,0.980666
2007-08-29,17.554385
2007-08-30,5.490600
2007-08-31,1.282539
2007-09-01,0.062691
2007-09-02,2.050843
2007-09-03,4.153436
2007-09-04,2.337850
2007-09-05,0.010277
2007-09-06,0.040512
2007-09-07,4.065181
2007-09-08,0.001849
2007-09-09,0.224345
2007-09-10,12.334634
2007-09-11,0.661964
2007-09-12,0.599579
2007-09-13,0.388853
2007-09-14,0.031688
2007-09-15,2.705807
2007-09-16,3.356545
2007-09-17,0.565577
2007-09-18,0.010914
2007-09-19,0.790228
2007-09-20,1.992901
2007-09-21,0.635352
2007-09-22,1.048199
2007-09-23,0.277380
2007-09-24,0.673623
2007-09-25,3.755304
2007-09-26,0.622902
2007-09-27,0.462370
2007-09-28,1.803324
2007-09-29,0.385333
2007-09-30,0.383980
2007-10-01,1.629144
2007-10-02,1.324682
2007-10-03,3.113749
2007-10-04,2.059743
2007-10-05,8.185649
2007-10-06,0.000049
2007-10-07,0.527282
2007-10-08,0.161459
2007-10-09,0.151139
2007-10-10,0.310693
2007-10-11,2.923096
2007-10-12,2.212361
2007-10-13,0.397254
2007-10-14,0.273845
2007-10-15,0.438254
2007-10-16,0.100067
2007-10-17,0.169114
2007-10-18,3.280162
2007-10-19,2.408198
2007-10-20,2.583291
2007-10-21,0.173032
2007-10-22,3.607790
2007-10-23,0.048064
2007-10-24,1.130470
2007-10-25,0.245873
2007-10-26,7.505851
2007-10-27,1.134470
2007-10-28,0.172269
2007-10-29,4.016047
2007-10-30,1.454140
2007-10-31,0.559943
2007-11-01,0.312932
2007-11-02,1.239808
2007-11-03,0.392752
2007-11-04,17.323128
2007-11-05,0.654587
2007-11-06,2.331047
2007-11-07,0.890233
2007-11-08,0.211731
2007-11-09,1.021664
2007-11-10,1.123137
2007-11-11,0.027530
2007-11-12,0.263160
2007-11-13,15.993869
2007-11-14,1.656516
2007-11-15,1.979556
2007-11-16,0.494798
2007-11-17,1.367373
2007-11-18,0.053773
2007-11-19,2.691759
2007-11-20,6.974331
2007-11-21,1.703296
2007-11-22,1.259792
2007-11-23,0.812001
2007-11-24,0.613637
2007-11-25,0.155171
2007-11-26,2.061545
2007-11-27,4.523874
2007-11-28,0.054742
2007-11-29,2.677278
2007-11-30,0.265366
2007-12-01,0.637180
2007-12-02,1.161567
2007-12-03,14.753037
2007-12-04,0.109078
2007-12-05,1.589809
2007-12-06,0.021243
2007-12-07,0.139374
2007-12-08,1.850572
2007-12-09,0.065678
2007-12-10,4.977977
2007-12-11,2.650554
2007-12-12,0.104483
2007-12-13,2.757918
2007-12-14,0.076150
2007-12-15,0.166059
2007-12-16,2.412332
2007-12-17,2.121685
2007-12-18,0.963269
2007-12-19,0.409384
2007-12-20,0.064691
2007-12-21,0.011776
2007-12-22,0.120083
2007-12-23,0.009192
2007-12-24,0.205200
2007-12-25,5.019946
2007-12-26,0.680498
2007-12-27,0.937060
2007-12-28,3.596077
2007-12-29,0.119566
2007-12-30,1.100026
2007-12-31,5.719342
2008-01-01,0.076770
2008-01-02,1.824290
2008-01-03,3.231428
2008-01-04,0.012283
2008-01-05,0.349113
2008-01-06,1.284104
2008-01-07,0.184430
2008-01-08,1.643011
2008-01-09,0.017195
2008-01-10,0.037116
2008-01-11,1.598311
2008-01-12,2.537406
2008-01-13,2.558917
2008-01-14,0.608191
2008-01-15,5.795923
2008-01-16,4.248237
2008-01-17,0.608973
2008-01-18,2.123640
2008-01-19,6.226928
2008-01-20,3.542961
2008-01-21,0.066690
2008-01-22,14.342911
2008-01-23,0.904048
2008-01-24,1.344184
2008-01-25,3.433600
2008-01-26,0.704229
2008-01-27,4.861512
2008-01-28,0.041933
2008-01-29,2.522848
2008-01-30,3.878712
2008-01-31,1.109189
2008-02-01,3.195790
2008-02-02,0.563658
2008-02-03,0.147183
2008-02-04,1.317705
2008-02-05,0.095788
2008-02-06,3.708616
2008-02-07,3.811025
2008-02-08,0.844618
2008-02-09,0.016669
2008-02-10,3.240444
2008-02-11,8.431570
2008-02-12,4.705382
2008-02-13,0.292089
2008-02-14,0.092084
2008-02-15,6.810354
2008-02-16,0.000240
2008-02-17,0.438751
2008-02-18,0.709630
2008-02-19,0.298794
2008-02-20,0.048705
2008-02-21,0.331975
2008-02-22,0.686392
2008-02-23,0.663205
2008-02-24,0.020924
2008-02-25,0.681115
2008-02-26,0.467325
2008-02-27,0.478282
2008-02-28,2.106929
2008-02-29,2.116668
2008-03-01,4.449562
2008-03-02,0.004562
2008-03-03,0.772123
2008-03-04,1.834084
2008-03-05,0.018948
2008-03-06,0.681673
2008-03-07,6.068366
2008-03-08,4.804822
2008-03-09,0.185674
2008-03-10,0.308231
2008-03-11,0.921523
2008-03-12,0.016011
2008-03-13,0.012062
2008-03-14,0.440494
2008-03-15,0.420577
2008-03-16,0.163048
2008-03-17,0.692967
2008-03-18,0.118829
2008-03-19,4.560045
2008-03-20,0.816432
2008-03-21,1.234276
2008-03-22,0.101906
2008-03-23,5.572712
2008-03-24,11.259954
2008-03-25,0.637888
2008-03-26,0.199693
2008-03-27,1.405178
2008-03-28,3.864322
2008-03-29,2.880357
2008-03-30,0.011544
2008-03-31,0.180878
2008-04-01,4.115162
2008-04-02,5.066811
2008-04-03,0.577736
2008-04-04,0.757154
2008-04-05,2.185544
2008-04-06,0.178823
2008-04-07,0.674615
2008-04-08,3.388754
2008-04-09,1.557071
2008-04-10,7.315189
2008-04-11,1.596512
2008-04-12,5.565076
2008-04-13,2.639869
2008-04-14,1.243817
2008-04-15,2.046277
2008-04-16,0.097781
2008-04-17,4.601129
2008-04-18,0.125369
2008-04-19,0.090456
2008-04-20,4.033779
2008-04-21,0.080013
2008-04-22,0.145346
2008-04-23,1.631506
2008-04-24,0.078970
2008-04-25,0.005893
2008-04-26,5.437703
2008-04-27,0.206916
2008-04-28,13.902600
2008-04-29,0.049379
2008-04-30,0.506278
2008-05-01,0.222088
2008-05-02,7.409016
2008-05-03,4.767669
2008-05-04,1.904011
2008-05-05,6.548444
2008-05-06,0.724244
2008-05-07,2.455929
2008-05-08,0.015069
2008-05-09,7.654405
2008-05-10,3.370019
2008-05-11,1.298106
2008-05-12,1.102087
2008-05-13,0.924684
2008-05-14,3.377250
2008-05-15,2.120659
2008-05-16,3.598994
2008-05-17,0.597930
2008-05-18,3.418956
2008-05-19,0.070257
2008-05-20,0.631158
2008-05-21,0.504655
2008-05-22,6.177445
2008-05-23,1.385440
2008-05-24,11.481546
2008-05-25,0.598658
2008-05-26,0.738493
2008-05-27,0.022398
2008-05-28,0.001420
2008-05-29,0.800522
2008-05-30,2.529852
2008-05-31,0.909021
2008-06-01,0.117610
2008-06-02,2.196955
2008-06-03,0.633760
2008-06-04,0.001198
2008-06-05,0.800115
2008-06-06,2.088878
2008-06-07,1.296352
2008-06-08,1.967480
2008-06-09,0.846019
2008-06-10,0.472531
2008-06-11,0.586228
2008-06-12,2.661552
2008-06-13,1.708112
2008-06-14,2.384693
2008-06-15,2.151140
2008-06-16,0.134077
2008-06-17,1.787193
2008-06-18,3.755585
2008-06-19,1.136842
2008-06-20,0.033104
2008-06-21,0.000002
2008-06-22,1.196188
2008-06-23,20.507247
2008-06-24,0.746947
2008-06-25,0.030874
2008-06-26,0.000752
2008-06-27,1.876243
2008-06-28,2.843149
2008-06-29,5.550046
2008-06-30,2.500405
2008-07-01,0.548499
2008-07-02,3.407725
2008-07-03,0.916713
2008-07-04,0.413655
2008-07-05,1.407756
2008-07-06,4.061723
2008-07-07,0.787592
2008-07-08,8.274882
2008-07-09,0.975737
2008-07-10,13.389825
2008-07-11,7.398155
2008-07-12,0.559293
2008-07-13,0.033038
2008-07-14,0.684440
2008-07-15,14.725157
2008-07-16,2.286248
2008-07-17,2.820331
2008-07-18,3.368794
2008-07-19,0.287422
2008-07-20,6.472721
2008-07-21,1.252292
2008-07-22,0.934256
2008-07-23,3.138726
2008-07-24,1.503830
2008-07-25,0.005759
2008-07-26,1.497981
2008-07-27,0.578405
2008-07-28,0.415777
2008-07-29,3.809446
2008-07-30,0.449634
2008-07-31,0.048103
2008-08-01,0.886513
2008-08-02,5.010540
2008-08-03,6.237643
2008-08-04,1.251607
2008-08-05,0.456089
2008-08-06,1.819280
2008-08-07,0.309565
2008-08-08,0.102383
2008-08-09,0.104984
2008-08-10,15.577649
2008-08-11,3.021378
2008-08-12,5.192748
2008-08-13,0.730177
2008-08-14,0.044594
2008-08-15,6.461040
2008-08-16,0.000016
2008-08-17,0.137527
2008-08-18,1.757973
2008-08-19,12.013036
2008-08-20,2.684441
2008-08-21,0.654619
2008-08-22,0.004789
2008-08-23,0.104219
2008-08-24,0.160229
2008-08-25,2.234319
2008-08-26,0.079183
2008-08-27,2.292799
2008-08-28,0.142020
2008-08-29,0.004548
2008-08-30,1.262607
2008-08-31,0.505155
2008-09-01,1.055023
2008-09-02,0.824922
2008-09-03,0.409299
2008-09-04,0.294557
2008-09-05,1.920341
2008-09-06,0.044736
2008-09-07,0.290341
2008-09-08,0.094772
2008-09-09,5.774540
2008-09-10,3.480148
2008-09-11,0.001422
2008-09-12,0.085929
2008-09-13,0.013993
2008-09-14,0.337329
2008-09-15,1.839068
2008-09-16,6.687697
2008-09-17,1.303105
2008-09-18,2.107235
2008-09-19,0.307241
2008-09-20,0.221234
2008-09-21,0.630987
2008-09-22,0.002617
2008-09-23,0.202821
2008-09-24,2.366215
2008-09-25,0.044878
2008-09-26,0.078661
2008-09-27,2.267203
2008-09-28,3.896615
2008-09-29,4.995096
2008-09-30,0.343575
2008-10-01,2.504022
2008-10-02,0.260632
2008-10-03,6.811539
2008-10-04,13.188269
2008-10-05,0.223904
2008-10-06,14.703953
2008-10-07,1.013193
2008-10-08,0.120445
2008-10-09,10.867931
2008-10-10,0.006763
2008-10-11,6.462035
2008-10-12,0.000574
2008-10-13,0.477952
2008-10-14,0.019287
2008-10-15,0.038826
2008-10-16,1.204497
2008-10-17,0.800540
2008-10-18,2.383705
2008-10-19,1.315423
2008-10-20,0.651123
2008-10-21,0.637788
2008-10-22,4.769661
2008-10-23,5.492080
2008-10-24,0.404303
2008-10-25,0.999264
2008-10-26,0.260094
2008-10-27,1.696915
2008-10-28,2.022808
2008-10-29,0.119364
2008-10-30,0.096270
2008-10-31,3.286666
2008-11-01,1.773956
2008-11-02,0.139792
2008-11-03,0.183878
2008-11-04,0.033536
2008-11-05,2.833445
2008-11-06,0.573009
2008-11-07,0.244088
2008-11-08,0.680341
2008-11-09,1.200084
2008-11-10,0.807746
2008-11-11,3.467302
2008-11-12,0.343829
2008-11-13,0.015605
2008-11-14,14.488945
2008-11-15,0.358358
2008-11-16,4.112143
2008-11-17,0.535282
2008-11-18,2.514527
2008-11-19,7.143348
2008-11-20,0.002977
2008-11-21,0.940781
2008-11-22,1.638591
2008-11-23,0.024267
2008-11-24,2.644512
2008-11-25,1.197186
2008-11-26,4.877872
2008-11-27,0.452565
2008-11-28,0.805015
2008-11-29,0.000080
2008-11-30,0.273076
2008-12-01,0.518474
2008-12-02,0.102774
2008-12-03,2.960349
2008-12-04,0.095772
2008-12-05,6.651291
2008-12-06,0.687415
2008-12-07,0.038580
2008-12-08,4.588171
2008-12-09,0.004469
2008-12-10,0.077789
2008-12-11,6.136905
2008-12-12,1.294365
2008-12-13,0.631705
2008-12-14,4.533496
2008-12-15,0.182834
2008-12-16,0.858464
2008-12-17,1.268373
2008-12-18,0.051567
2008-12-19,0.048195
2008-12-20,0.195791
2008-12-21,6.827135
2008-12-22,2.166394
2008-12-23,0.833253
2008-12-24,4.414178
2008-12-25,11.799307
2008-12-26,1.287376
2008-12-27,2.113221
2008-12-28,0.346883
2008-12-29,2.400521
2008-12-30,0.534259
2008-12-31,0.144798
2009-01-01,4.128793
2009-01-02,0.290586
2009-01-03,0.672177
2009-01-04,0.517986
2009-01-05,0.316675
2009-01-06,1.943380
2009-01-07,0.015227
2009-01-08,0.041204
2009-01-09,1.287687
2009-01-10,2.381493
2009-01-11,0.934044
2009-01-12,2.502399
2009-01-13,2.118228
2009-01-14,0.057627
2009-01-15,1.196745
2009-01-16,0.230262
2009-01-17,1.010054
2009-01-18,0.940118
2009-01-19,0.499419
2009-01-20,1.969366
2009-01-21,0.057938
2009-01-22,2.682189
2009-01-23,8.426780
2009-01-24,0.165312
2009-01-25,3.866989
2009-01-26,2.225039
2009-01-27,2.647872
2009-01-28,0.154579
2009-01-29,0.000101
2009-01-30,2.019706
2009-01-31,0.074704
2009-02-01,0.073076
2009-02-02,0.207898
2009-02-03,0.413456
2009-02-04,0.212798
2009-02-05,0.064421
2009-02-06,0.095489
2009-02-07,0.489481
2009-02-08,2.262861
2009-02-09,5.551677
2009-02-10,0.054899
2009-02-11,1.103059
2009-02-12,3.616158
2009-02-13,0.608640
2009-02-14,0.263740
2009-02-15,1.753106
2009-02-16,0.667480
2009-02-17,0.735108
2009-02-18,1.110342
2009-02-19,0.053597
2009-02-20,0.159166
2009-02-21,1.484373
2009-02-22,0.000243
2009-02-23,6.825210
2009-02-24,5.766369
2009-02-25,0.221183
2009-02-26,13.492179
2009-02-27,0.831961
2009-02-28,0.323081
2009-03-01,0.051665
2009-03-02,0.012677
2009-03-03,0.056038
2009-03-04,1.145013
2009-03-05,0.739460
2009-03-06,3.037007
2009-03-07,4.306509
2009-03-08,0.852518
2009-03-09,0.028619
2009-03-10,0.010664
2009-03-11,0.036663
2009-03-12,0.394983
2009-03-13,6.211049
2009-03-14,0.836210
2009-03-15,0.344307
2009-03-16,2.008126
2009-03-17,3.281763
2009-03-18,0.024272
2009-03-19,0.663910
2009-03-20,0.988740
2009-03-21,6.748693
2009-03-22,1.149257
2009-03-23,0.092480
2009-03-24,0.189251
2009-03-25,3.288455
2009-03-26,1.509795
2009-03-27,3.085760
2009-03-28,0.009113
2009-03-29,0.275923
2009-03-30,0.116713
2009-03-31,0.777949
2009-04-01,0.002593
2009-04-02,0.005878
2009-04-03,0.003958
2009-04-04,0.298299
2009-04-05,0.018437
2009-04-06,0.172932
2009-04-07,5.419744
2009-04-08,4.349775
2009-04-09,0.482879
2009-04-10,0.736093
2009-04-11,0.004409
2009-04-12,2.244483
2009-04-13,0.027937
2009-04-14,2.119378
2009-04-15,0.147886
2009-04-16,3.984142
2009-04-17,2.275116
2009-04-18,1.330473
2009-04-19,0.610577
2009-04-20,5.279218
2009-04-21,0.002730
2009-04-22,0.129671
2009-04-23,0.596618
2009-04-24,0.011113
2009-04-25,5.525991
2009-04-26,0.000012
2009-04-27,15.518708
2009-04-28,3.136804
2009-04-29,1.733089
2009-04-30,15.159739
2009-05-01,5.114250
2009-05-02,0.168882
2009-05-03,3.060956
2009-05-04,0.149782
2009-05-05,1.103722
2009-05-06,0.016072
2009-05-07,0.350863
2009-05-08,0.263328
2009-05-09,2.229911
2009-05-10,3.327415
2009-05-11,4.082086
2009-05-12,2.652383
2009-05-13,0.918389
2009-05-14,1.709110
2009-05-15,0.012156
2009-05-16,7.667192
2009-05-17,0.055453
2009-05-18,14.338345
2009-05-19,1.154991
2009-05-20,0.158554
2009-05-21,0.243504
2009-05-22,0.330960
2009-05-23,0.922687
2009-05-24,10.226327
2009-05-25,1.996948
2009-05-26,7.064450
2009-05-27,1.576306
2009-05-28,1.657789
2009-05-29,3.275372
2009-05-30,1.049270
2009-05-31,3.244522
2009-06-01,0.002876
2009-06-02,3.903357
2009-06-03,1.687253
2009-06-04,3.485597
2009-06-05,0.291141
2009-06-06,1.035509
2009-06-07,1.256273
2009-06-08,0.522806
2009-06-09,4.227031
2009-06-10,0.002146
2009-06-11,2.169922
2009-06-12,3.085910
2009-06-13,0.022615
2009-06-14,0.152006
2009-06-15,0.904494
2009-06-16,0.039040
2009-06-17,3.352236
2009-06-18,0.042236
2009-06-19,10.672325
2009-06-20,0.840444
2009-06-21,0.255674
2009-06-22,2.758411
2009-06-23,0.053113
2009-06-24,0.102976
2009-06-25,0.656792
2009-06-26,0.105083
2009-06-27,0.159057
2009-06-28,0.576719
2009-06-29,0.165775
2009-06-30,0.061561
2009-07-01,4.663523
2009-07-02,0.247872
2009-07-03,0.015282
2009-07-04,2.801455
2009-07-05,0.755653
2009-07-06,7.481677
2009-07-07,0.058423
2009-07-08,0.544763
2009-07-09,1.561279
2009-07-10,0.015027
2009-07-11,0.435919
2009-07-12,0.304834
2009-07-13,0.069649
2009-07-14,0.006005
2009-07-15,2.855283
2009-07-16,0.019335
2009-07-17,0.700031
2009-07-18,0.070391
2009-07-19,4.907876
2009-07-20,3.328690
2009-07-21,0.081561
2009-07-22,0.025470
2009-07-23,7.422817
2009-07-24,4.736961
2009-07-25,0.683668
2009-07-26,1.698343
2009-07-27,0.347191
2009-07-28,1.870335
2009-07-29,2.463189
2009-07-30,0.510379
2009-07-31,0.116210
2009-08-01,2.114722
2009-08-02,0.784578
2009-08-03,0.623723
2009-08-04,0.053436
2009-08-05,7.943522
2009-08-06,5.054929
2009-08-07,0.134169
2009-08-08,0.159110
2009-08-09,0.251335
2009-08-10,0.014012
2009-08-11,1.683103
2009-08-12,2.442432
2009-08-13,0.195442
2009-08-14,5.098744
2009-08-15,0.430816
2009-08-16,4.351217
2009-08-17,0.001168
2009-08-18,0.253196
2009-08-19,1.221565
2009-08-20,0.186515
2009-08-21,0.310074
2009-08-22,0.007403
2009-08-23,1.075962
2009-08-24,0.216553
2009-08-25,0.743410
2009-08-26,0.381934
2009-08-27,0.743342
2009-08-28,0.185831
2009-08-29,0.068512
2009-08-30,0.581753
2009-08-31,0.825010
2009-09-01,1.089176
2009-09-02,0.064879
2009-09-03,4.200220
2009-09-04,1.191292
2009-09-05,0.347821
2009-09-06,4.167128
2009-09-07,6.067376
2009-09-08,2.353242
2009-09-09,0.001176
2009-09-10,0.247334
2009-09-11,0.144100
2009-09-12,2.747827
2009-09-13,1.594752
2009-09-14,0.845970
2009-09-15,0.369432
2009-09-16,3.439554
2009-09-17,1.101378
2009-09-18,0.731953
2009-09-19,1.462186
2009-09-20,0.156487
2009-09-21,12.656207
2009-09-22,0.637213
2009-09-23,1.488836
2009-09-24,5.454628
2009-09-25,8.651645
2009-09-26,7.616799
2009-09-27,7.917235
2009-09-28,2.522377
2009-09-29,1.121481
2009-09-30,0.044776
2009-10-01,2.022409
2009-10-02,1.460393
2009-10-03,0.305109
2009-10-04,3.082254
2009-10-05,1.473611
2009-10-06,0.004317
2009-10-07,5.322113
2009-10-08,0.316310
2009-10-09,2.390351
2009-10-10,8.085215
2009-10-11,0.001734
2009-10-12,0.360458
2009-10-13,0.897272
2009-10-14,6.806911
2009-10-15,0.763010
2009-10-16,7.523126
2009-10-17,1.126737
2009-10-18,0.326242
2009-10-19,2.243849
2009-10-20,0.003607
2009-10-21,3.980744
2009-10-22,0.296598
2009-10-23,0.158359
2009-10-24,2.473218
2009-10-25,0.383498
2009-10-26,0.186481
2009-10-27,15.375703
2009-10-28,3.968845
2009-10-29,0.915978
2009-10-30,1.570575
2009-10-31,0.031567
2009-11-01,0.137191
2009-11-02,1.086947
2009-11-03,0.495254
2009-11-04,0.169742
2009-11-05,3.766802
2009-11-06,0.202173
2009-11-07,3.745395
2009-11-08,0.916314
2009-11-09,3.878145
2009-11-10,0.073004
2009-11-11,3.172707
2009-11-12,0.948455
2009-11-13,6.953756
2009-11-14,1.000405
2009-11-15,0.299932
2009-11-16,0.001073
2009-11-17,4.270373
2009-11-18,4.369614
2009-11-19,5.292647
2009-11-20,0.024945
2009-11-21,0.812282
2009-11-22,2.267900
2009-11-23,2.092107
2009-11-24,3.433626
2009-11-25,2.174540
2009-11-26,1.919733
2009-11-27,4.254642
2009-11-28,1.571210
2009-11-29,0.001003
2009-11-30,2.712922
2009-12-01,0.030876
2009-12-02,3.593449
2009-12-03,0.024984
2009-12-04,5.171854
2009-12-05,2.662314
2009-12-06,4.474351
2009-12-07,0.539538
2009-12-08,0.001313
2009-12-09,0.158936
2009-12-10,0.020975
2009-12-11,0.090598
2009-12-12,0.689730
2009-12-13,1.024347
2009-12-14,0.010319
2009-12-15,2.183404
2009-12-16,0.005933
2009-12-17,1.097763
2009-12-18,10.527365
2009-12-19,4.955030
2009-12-20,3.908439
2009-12-21,0.666074
2009-12-22,3.425645
2009-12-23,1.648927
2009-12-24,7.854369
2009-12-25,0.013755
2009-12-26,0.176491
2009-12-27,4.894124
2009-12-28,3.344249
2009-12-29,4.925451
2009-12-30,3.638143
2009-12-31,0.504533
