FIX_ID,FIX_COMMITS_MERCURIAL,FIX_COMMITS_GIT,BUG_IDS,BUG_COMMITS_MERCURIAL,BUG_COMMITS_GIT,NO_FILE_SHARED,NEW_LINES_ONLY_FIX,REMOVE_LINES_ONLY_BUG,NO_BUG
60042,6b3b8bc177184292a184df8ffeb42b194c5fd059 b56716cd14742ea2f337302d222858ee87452a71 cffea444d17b7232d98b5be4c6060e80bc69091d,b5ee3adf0d2d87d8d28111008e98b818765daebb 7629228c8bf34109ccd79bfaaf843c0c2d49a004 a05d08642bfcd369775f17c8bd55d9bac9055355,60120,591acf3f48087d7d8513eeaaf3ac76295fa9b8ed,f6c38584b95b5b85cc256f92d2e54e714ac3e6c0,True,False,False,False
30001,619f666277980a87fe1b3b686cd97ace02c4e6d1 a3ec0018783b2623353d7c0ece746a362ac99407 c010ded709e87898127a81e454a53a5691855456,2cf5a2acc5210c5bfcf5fb29120c9018acd83978 ea2735c7d025d1dcd785f15e8e60729f73cf633d c9baa9b7c87f878de4fd47bb3d5f4172855c5cd9,30101 30102,64527864125af0d94ed6949bd83cf58043370042,95436527d68c4ad13770f94625736a14d0a74e47,False,False,False,False
70395,3e8831c737802799e8dd200d798eed4a7db7a9ba,8cdf6cfb6c5a5ca2e901f6a74b6648152409b762,70138,07bdd492dcaba16d057ddfeefe1271e6cbac7eb3 7a296c43c90df18fc4225b0bae84eee42b6e8ec9 115c89f1b94389c9c24b546798433e1ad06e482d 0cdf2938e9bba8d642cc307872862bc7c6db2661,e5525974eb3fe54e72046f1ccfbb0f78222670b9 2202f24344685d7d4a8c28cd1cf1024bcc01b37a 81bb286e76219d0c53eaafe09fe7e90b594ae3c6 88ffce4b6f00a36ae8eab64caa7aa8c1288e7858,False,False,False,False
60002,6051807b2fe7f2509b7d272fde7325a4289f41f8 d2f460d6c8e8adc36db695763eed104ad6204e8b c94ebdee0df3d85a3f5cbf2da8e2205f3aa3cf26,896121c2f969829ff1fb5307fe726f22094fe4f8 0f4dd12f3e50922537c289558bbb028eb42c6873 228c92cfe65f745a62e685a71e3258f0eeb2d148,60117,722c34fc57bc10b4a6f2793eb727595f33dc2c53 2d0a19068b5cbbef2b21ca1e96103c9883bc379f,b77d78ee243ac00f1f81e3ab97ddfa46166215b6 847aa07cf2ad2e771f1c7c3440e4a315aa39787b,True,False,False,False
60213,3c118bc514da54e6704441a59924322c25e162ab 81443e447218e4fce658e220de3621950b319ea1,3278a9f6d26b6dcc27a7f06794bdb04924eeeb58 996f46dcdab2fd3af115cbe72c25dfcc8229287a,60251,fd4764b8ed3bf0caf9e9f669e9b9c79a746e3585 b814d1e9e81f562422b84ba62d9b7128370ca210 fb80f7929155201ce9c6f14e944d987729173d08 e2e2b8e9c077f11480c962c2594ed9ec79663e9f,e125e93b36848bf149c395c0b8f5d5bf83749a56 5e5a2feeb75806881e802a20132b46e97004a06e 8897d32e70e4b16a12f1781a7a8d71ac5f00f3aa 8ef6fd68f22c08a58d5ed729226e351581c3543e,False,False,True,False
70042,ba48efebbfc9dda17258cdaa4a8070c91d85ae88 07ab28dee3d3c2c7598034337c991ccfc1bc1153,52bce74902975c91082ced35fdafcb3b278ffef7 877b8728a5d1ecb84d910c18a034dff289adce42,70488,140344235c8f889818bf705acd24e50160569697 148566e54d1ef43d190b14000f66b926a928d0af 9a6c7d58ebbea97b9c4794ac133924eaa725f6c6 a077a066b6cb193848c687ce02ef3cb8bc7a919e,af836d49c2d0172b159e8a8bb3d3c4bbadbfe926 77e5ae22ee143862ac09568e49a8617877d782aa dedecb4e24c640edaf1245ab3a6168bebf45a39f edb62b338c9bc955a124c51b0ccba6cdcb6879b9,False,False,False,False
10204,1bd50969848cf285dfb61b293fbedf2d74278962 d60020c3e7f385875bcf6d64b8a50bd285227704 c42eae0fc1ac9195cf65fc789faef11706e0294a,dee654cf24183da015f6b5d559dab4c79d378530 93508715d9283610dbae0f0614d8ebf5ffd682f8 594de7ab16d038a1f0520806e032c42c67a19330,10104,932e8db241728382a2e67cc338fd6c3fbe84c07e cc504cd0b756313ff424e0f9727c7a92c0a3f760 7700509c84893a57a6c6a0892d995ad35d3aafbd,a79b6fb69b428b0898c875f0b02e06759230d794 4c3594d451a6476281cd825e7f91797dc0f9b819 4425d6eebff68b1fdeca865e6b965c1871f5c89e,False,False,False,False
70244,bba89c4220aa2af1eb72343cd7f74ca54e7d6e19,f0f1ef5d6f281ee736c8bb282374d8ac49958722,70484,22b39dcb3d6ab112f6c4f4df3ee3945118fe2ade 274aae765227939d429c89862c24422e4f8472e3 8f36963744b215ca6a76603825c416c67a9b2464 0312d27c9fd57d4739ebe5efdb462fcf4094b596,fe9e3f4621ae5312d0bff53aba6c627b7d4ee947 cceb8db11dbce221a56295249bed4651f89e478e 779cab38615621f71e1aa727fc4a59df5889d685 291aa8c3fc4183d741498a5de5877067885e7729,False,False,False,False
50248,,,50010,bd6bfe2319b845bbb851ba1f60ecb5032b2174c5 8b25f6656885b4e3981221b3117629302fa8d988 768753d1801ec365421fbc8300b6418b6fdc3c22,759ca7fa0d6831ff92aa1759e089a36312ff16ff 48e52f4cdfd554e6464a668f4300018aa7cdaf3a 98b8c107b535656dd3ac0519973f34d573fd2674,,,False,False
70147,bb561a1f54a51059d0ea50189dc1b8889eccd120 742cf5f4ca82816f889237ff8441b4d0e9082ec9 e506045d1d77f81ad8bdaa5c9107c17c61d21ecc,78f7eea459df989fb717a60371f3946575fbb1b5 e0eef77891d91c910095c0ad180d6dce0991529a 02d77640b6294e6d65a4246d9e997c99105f21fd,70419,54a1cd87992cd950a021c932b2f4d9e5956762a4 505a4aca43a427a7575fb6f75e8066e90a3f5d99,42f02cbf523dc740c09151d3eba5b2ccdd3ec8fe 003544a993f34da0cc5e0d4121de355f6768bd35,False,False,False,False
50149,,,50013,1452b45eed741e357f5868fc29c0bc8d93737008,f910524dec581f873238df68616b3bd50f04acfb,,,False,False
70070,423e0bfd69dbcd4f26c5c26dbc66af19cf7ced8b 684d0cb2a7a149428f380f5a0890a951b7c5f8e3 7a5a2c6cca08cce2ca8eb2947e2d348f4a350b17,a96eb3fe358a7b178213cbab39d42386531a6c40 2b612a841129383ca501d1aef7308213f2395e77 bd231c8f0214ad37935e61a7fc7ee4520b54a84a,70135,b33956ce2ada630a9681b0c59efe3b1c77b3000b 33a75b62f800a00c900f294f2f68031ea835d21c,b274b6fbb9eb0407ee9094b43775ab676324f6e1 6b23a70a1102a85ea8283d686a1e760038696eba,False,False,False,False
50145,,,50006,eab2944cbcb51004b09812ffe47c5958fcd4784a 4584e2657766cc90ce19ffb8a97deaa125b8a0d6 070889336604a9f7901d4ba34edf18149a8a4689 55b713175284e54ab322c8e23235e64c77c23dee,81f81d8d57e77ae26428d3b37e3085d6fa21e9a7 791f7c73b2c6b4fa2b0a6e1200de7bc4660efd4e 86ae0d6d20838d6b1416e6206f711c116e5f18f7 5a753e5a0401e90a39be2dce13af59a0b3bc5eed,,,False,False
60302,dbea03d7f28e662a7437fa0df43fb2f2043a0892 f6c2e88c3322899be6bd7ae3cc6ab1e5e110af00,1acac5442f2348f7042a0366e546fca66d43e8b4 2f578c590cee923e83de988cad9dd9852d25d91a,60368,,,False,False,False,True
50206,,,50012,cbbdb0b58897cf5c314e28161e232678f515c1ca 18ac4c8193d99e8b7c14af33a72115890ed99fc8 ec5c1738ab20d74471d38b81ee7e0f21a3a148cc b4f1a80ff4476ffd5d8269ccf6e7055f3a00ae35,9fb5e2607650c8cafbd75e74bb8cfbad059ba5f6 16cf0207e2f308666aacd5ea41c6a8a6f923fc9b 6637c684e5bd8b09efc3ff3eb53a23009dab0377 cbf148bbd7a5c385fe6a60477ff37373c9269933,,,False,False
70319,4cb2da4621bd41e6021d6b2b803f3d1fb11b99fc 2c95d48ad35ed2e0b3db78f51309816a38900060 fa8180adfa557c49c9f6d25d59a36fd4fae9fc7c,18aeb2633d2d43c5102f6ce67137e741c0867be5 6434c3a8717be2366e369a4a8c53e2a43e07284c 8b321e2b5124bbb08f7b1acb5186c29acea7199e,70092 70478,75ae8802d065a9e31010fd6f3fc3eaf06f5ac0eb b691666d8526ecf8b3b838f02f64d491957564f1 784dfe6e3447882c4dddcd7506ef5dd7f0a60035 7baa42b3270126fe851cc2396219f65759e20662,556cc58bf226dc6505ade0adc922cb29f0f2d6c3 4dac4319cf471ebf07ac391d05c5b375283d05b9 f7010ece8e44f783baf91990af4d53ac6bf77ae5 47370689e00427b3608d28106116d45b9e1838f3,False,True,False,False
30004,3e84c35f0a22bc7a118eef79c9fa19a9d801d245,58176348a49f458f3e7b75cf2aa73f0cf698a412,30002,eaa3f5cc7a2ba1f2fbc4230def1ff73ff3f4d973 b75bb9e4e3172c1bcbe8cea2462cd2ee1a3c6e6b 2b46637029a7b7d57ce82a4a97410191eabc1ee5,cc70972a0214777271cb16bc26082c14ed6e3cef 0f6674a97839018ee3ea551d66aed0a5db1d3c54 985ed3a963d47e8625148a1671e6698338cc0221,False,False,False,False
60201,666388661a8c2710ff99932085d11b9a9d636263 dbd454bbdd784128fe5fc5a5cdcfb60891516087 510da53ca7d16115d749d4794d95b08242e87b5d,25ba599cc93d575dd138dcfd6084ba8d83efdfd2 31ca75634573c9f2a5337aba3ac92920cfda3700 840631e53e9d8b7084d87880f2a63fd2eb252713,60269,3e65697f7b01371f5113a1729f773c2cfb97fd26,e5fb590f56ed37644e0faa9f2dfd9efe2d4a2820,False,False,True,False
70138,1ca95a7b52ea51792fa108f38148adf66a89d6ae,93a3fbfb2122de607f558a6d9b3b6735b5b256e9,70182,5fc1111c60376fb18a15ebe1d83e9b099d0e0076 93743c1b4b916b2d7d29f9d6a278cf49a0620af7,5de8e1de6245548e18cdde916950b65e3c448dd8 815d085055898fdfd7799494f9aa412e9242d066,False,False,False,False
70345,02fb25a24bad30d5b5ad04f482e6495fcf8c264c 281a1e2b8a2aeeb558a4604ee8418098ebc512de,029d4b7c8fd552179e317e8fa0adc34bf6ff1909 72fc79a09766527dc9989f586a5179ede8427885,70206 70345,333481b10da5b38cf6e24f8db3520009b0302559,e017c49d16d45fa7af7420bfd907571274428650,False,False,False,False
70060,d8b5bb21c4b0be08931ad32b16dc719d46266a3e ce1aa035cba3c854c12a0159b476fe0aebadd2b3 8d8d9ff6262b0447ad29093237cd68c50d9f8608,1117ca087d99701825171accd28ce3a3319c5fc7 ebb15c2de79523f8f5b8a0a5ce00a977871653ce d1eaac13937535f7240ccf832091bcd200b6dd2c,70357,3e7780a565e43597d07a40dfc2bbee3c56462211 1789d242b1771c1999b0d8f7519a6b31159843d2 2c4706695b01659aeb954453590f859c1e687adc,cb9108ba175a0e03ffc62f3700f728b175363360 f2d4b6d5682ddd06385b00f9278b7fdf61d39949 d051bacbfdb74f4ba427540f4b0e8b552d29c81e,False,False,True,False
70143,81f03e9adc1cf3c747620c7112ed80e65d8aa16f 4192e0be2f753b0d3b5b51b2492381f40b1f3e9d,7c63bfaa31b5f99ff7d9b39d1b11fb2251591e14 ac86ce5818fe88e0eeb0e2209d38eb7e9e876680,70202,639f2e396dd43ad7e51e3a0e37a889e48d22549d 8a24cd47446407db507a437b23858942665a1a02 3934c8fe3cd6dd21b19eeb2346f2e374290710d7,82c6381d587f33522dda08f195049bcfe257b581 b9a3b5e620e2f9b5a58e88461bff56e0ba6297e3 78a43a96af34d9ebd13f81615bab64ccdc1652b8,False,False,False,False
60216,a5f00504ca1586b3b1d0e9e38678eb0b516059d2 ebc3a0fe9fe24c3ff2590451b8026b02eb31d5a1 f2df4b415ab8e450126e1bf617553ede2dbed3a8,d534ef91e0f6368f9a3225f4e41d21ecc4f8b55a 21356665e96757ae84cde635d5b4de6eff6f44d7 b6c470a7f8ed6b8d00c875f004bf23814b143247,60260,31f849b21179d5b48e773eda57222ddc3c4927a7 c355af7c32f3e2968e5fbe0bd63de09f1b9d2b32 6821c0f2fdde653720b1a316913a0e3b7653b637 4d369862fe903984d1bee2d7b58b4c61c9356082,e7c935f3cf6c4ccea231ccd736facc26a63d4d03 3441c77fcf5901077731cf518a9acf1ca993d71b 617a2ce3ea54c1f50b323f8aac786d0855997715 fe8af4c28d087b988db495d1d7a15c4ddcad0083,False,False,True,False
70084,a49cb4c0f8f61b118d3e45edb8e085348b0aea7e,ca1d58d5949004a40a0f49cc62de57dc4ac4ae23,70435,e377ae1962568fb4577babe15024b00e81c64677 302656aae8c2f37c9ac0111178b0f20199cfcae3 b75b71426ccc1bd33ffe9a5d7f39719188023c41,7b81f4137bebd5c9be14511856e5818ae84adbc1 8eb612fa1cf65c35ea45493d978dfc58c8aca51c f5432c69db845d09c61b3ae5773e96c8ee9924e7,False,False,False,False
70385,6cefc42d6f32b5bd8f8938a5bf641f52c8f00363 907238420c0f9623dd76e4d88834b5cd56f6565c,37ed49fd36c561874e4d47b77fc9df0e3685164e c5e32a3736c92a9bfcf7854a889c549255cd2dbe,70077,da07f116114be65b122674eb6029968f0437ab7c 9ef55778edf12dae7ccd603a79a668c5a8e60175,49dd62dc91c4a9122d24d0fb95cf5a5933b42ebf 8f83cab949f8a0fee89f14103936ca75b984c251,False,False,False,False
10105,d7c6d1f71db5cd41e6fa94aedbdfe302d00c762a e0b94d22dca8e24664bb58fc46d6606408f0e503 5d65324f78ce882b754a874f3f151c7fa2d044a4,744c46addac3168d88c616e17ec7a570b4735ce4 0de661b26938b5538a2bef70138bc864a2a04276 504b8f2d25f0c1ac2ce9ed29ac44725707ac84cf,10014,8d89cf05494bf6d0ed9281a7319f0cc1a2677926 71f3a19b08d6a8bfee1e6c715b9076c739c6e84a 11c9346689b0ef8d8331813414da2c353bf01c8c fa2e9f32ea7875e26b3ecb894adbc9daa7332ebe,8623d77db7629671cb2bf576c0ac00c78475bda6 b2f3beda1dea385237e9766bf39ef58e665e278e 8ba6144d4881bd4ae695e271b547ffa3526af7b0 d610953c0ab4ceb1e905fca0daf4100097b64319,False,False,False,False
70330,a1470fcf0f1f472bf5bda225405ee0860707fe9b cffa14da44b81be4329845316613a009195037b1 0c736bf8083b563c6a0d209d361557a33e8f9bb0,d22977f157776eb5ec5e098b0dd2d2ef80a0501f ac5bd4ecab36a102a6ed198518127504925e95e4 570f223c48738ec0ec74d9a56510f97953a4aa06,70438,105aa5186a5ae4538f76a9626f512147b3a7ccd2,de6008ee85c3e8e8105bb498c6a5e0a689b41de6,True,False,False,False
10106,715ec5ab60b181bde686a4659c0e3176b24cb955 c62a553162d888eabc2b50a8214871f47c67f6c8,9ba1a4a0097c7ed77f6cf549cbd6af59dacdf2a3 cb90f5f7fa30d8d5a7cfff4a8892237d8cc06b52,10014,8d89cf05494bf6d0ed9281a7319f0cc1a2677926,8623d77db7629671cb2bf576c0ac00c78475bda6,False,False,False,False
70492,ceb15915cd7a32cf066a24e31d8dd1bc9189c898,7d94b7054a16671805e878dcf078baa7d9b58e9c,70058 70032,f8a144ab61f3ee7925f3c38b62872bab784a7b10 19ae3fae53b40547572b3bba1971b2cfcede965a 7649b4b66f4349af6952bad86ce57ad5f543c13d,873956a7691dcd0a6d7d4945082de473af95d819 0a5ba0772b3f148753d1e617e3ab17ede6228b55 585ca50c97888ad40806622c3a5b5688fedb78a5,False,False,False,False
70275,9dcf0998d3841f56bbd13c83e68e375e747615ee,965e4886d9ac060f95d5a7494a243c388743c83e,70431,b880deb3b7d951acd32c843cfda1b73d87dd52dd,939d1b37a6dab68a4f4adf695678c574f5dab744,False,False,False,False
70223,cd6b715e00828370d1f2ee5cd78cc3b850bc117e 9adc3ebbdd076e3ed62b7300bf0f804c14f984fb 55165bd520d5bf64b9a538d9f675267c0c73449e,b4e613e842ee2e9892d8fb2c66fd493ed85388ef ebc9d08765046e64bf6250c97157a2a72ffc13ae 0d8b5351eccf5f490def0fb023674faa57d9669d,70148,62a73b90c58174eb5d52cb146bef27361ceb8418,ce82d16e8984199feb3259d444ab8b32b53f8084,True,False,False,False
60055,b5d0dc0d9254089acb18311b7cb379714a4b74cf 20e5544dc40461c57dbd8b29063778891cc673d8 1df475ff66011431eb6cfec72d18f77d430d5b20,9a32f51aed24dbd58e88f19e24efdea44bc6cd27 263b55132c021a1d0b3acf9803e84f0aa373a14c 0f69d8c9fe815073a537be13463a81742e0d7600,60115,30edfba255a3f1fdf4b704cc89b7e8d70c872441 8784fec516b8bf1bcc59b9eae0bd2953e34c638e c653ed8b791e39fb2f30525d3b3d81d025797889,90806c28fbab98020971630d282a2c9b834b6b9d cea9a6b768498efd0c32aa9c1756089f26105b15 d746e1e20513fe1abdaeb5e53daa4611c82764e2,True,False,False,False
70255,53071d494526b1d5aa72c79fe4c78a2728c35bdc 71aaba73c146f76b45655accc4680264789e4099,b45104bfb4df80648971b738fc75d7358e3ff005 c8bca35ab243f723d7b50b4483457897ad03fda1,70264 70255,4cee2740c58f7183b1da97d2931d9f73d4cba538,25c4f6da6e684e86698b7da7e1637fcccd0ff38e,False,False,False,False
50233,,,50009,192d6f124ac2f06dc622494627f9893cc239772a,99c46e26f453e5f1cb9aa87310eb772b0a110a80,,,False,False
70050,0f4ca2ca3b58946e10e954f3058c0a4957c10723 0aa5fd0b01938a55da6f0acbe7c5213a67d01596 2ba434a884cf95f847f582cffcc068c9b010d610,189c89f915b1e3dcd097b0a7d97be3d5a35433d9 ab236d7481e6d8cd59d2c241c19817d902a51087 5bd6dbbbcc66df103ed0ecfce383e38cff85de77,70403,ea92128086e741285ade6eee514c20a5578ce796 6fe539c906dd4287b8e79b6b0a31b82d68c97318 f7cac1d50b89be4edc7465be9ad1db9da189c15d 36abc98aac03f3870aa5f664c3decc5522a8f3f5,427b1456497d2dd46a0311b5664281eae94c004d 444f879385d05292e98cfec409c0426eb5f04e61 b7fe61795b4bcd2b847579e5482767dd1015816c e2c1fd0993b69a5174e04ad673fc635f174a347d,False,False,False,False
10107,371127b7fb08b0e2d673327707d0001a89d90fd7 efbc1f79e62a6e00401e6cf9723e8f43774218b2 4ef352390f62ad1d110dbfa57b0b581484a2b48c,1216c266862ef44e082cda05c74aa7d14bcc00f8 2d774a98f7e7ee4b22d293ffaf3489353ed1d1e3 3e0714b91a62e1e6ea28b82b7c72341f1bbaee61,10014,8d89cf05494bf6d0ed9281a7319f0cc1a2677926 71f3a19b08d6a8bfee1e6c715b9076c739c6e84a 11c9346689b0ef8d8331813414da2c353bf01c8c,8623d77db7629671cb2bf576c0ac00c78475bda6 b2f3beda1dea385237e9766bf39ef58e665e278e 8ba6144d4881bd4ae695e271b547ffa3526af7b0,False,False,False,False
50143,,,50002,14085a3c8802f56491353b2e83ac6accba0c8a8e,6aa5b86f57069e2a5c5a7c7345ba5a675b22e26d,,,False,False
70142,4394d27ece3c63d5e5208f4f9e56e22f19f36d58,94f9cccbcb69ea83a63b64c83f4e81eda21c3d21,70264,,,True,False,False,True
70342,397f160c6c10500af0dd2d6eff8679cc2d3026bc,59fe733fb37377f26c7b49885831eb2255a84d66,70206,333481b10da5b38cf6e24f8db3520009b0302559 c787cf9536fbec8bc1021d7902fef1f473928b9c 4b85a644b0f7475b7dc54cf1c89384efd309c0d3,e017c49d16d45fa7af7420bfd907571274428650 5b2f58ccffc5d5b7c9d65d3907b1f31120512603 bb0b4a2e393b27ddff1462f5f6044406e11ea7fd,False,False,False,False
70322,06017738ab8c13ee89d8c29e8fabb64c783e138b 0aef53fce4dbbfb2f007ef16a1ea555be73b789c,c421418c3d8f72fab3dadc4ee7a1b3e98df281eb 0d22429e2381180004a851b21b4e73215c864850,70213,f623b7a3fe404f48511873ce95e376a644c002c4 9e43fe68892ab46b92278377685827238a1b6fba 142cc398a99f4de075a7cae6181acc90cc174fa2,29be54dfab2eba851d08f4b654ef29d42c6e58dd d56365465bb3abc5a5e70f92dd81e55dadf04b6b f75488c310af71b5d2369115a7e18055d93be034,False,False,False,False
50140,,,50015,2dccc44d86be786d2ae329e1ba1c548e62781b12 cede551d19d446910d4ac2508d8f08f99a47473f,017e028da8636aba83489375fc550aa99b3d7d29 c92979d820aacbd6703f470df6d5fccfe5b205f0,,,False,False
10108,04edb26582dae0c8517bfee13bc3d2a1049db7c7 70d2f89585fb34afbed8d2aefe804872e79a422f 2500f155d41c2909f12e0708c8654b2921f24de0,8e67ba267c877b48bb30cb90afc88a528129f284 aacc000f6624be6e27d8a4e7fabd699a2cbc8e69 283f7096d95b50cee4d0107432bd836ab793e8bf,10014,8d89cf05494bf6d0ed9281a7319f0cc1a2677926,8623d77db7629671cb2bf576c0ac00c78475bda6,False,False,False,False
60231,a36c163f7656f054bf405b8126d2765cdcd4e040 79ec6dba850695615b7d0fb5702faa702281594c,864124f7c09a02e7079c3b84b5db029e14a540e2 41e6a11e3cedec808140b4eaf8b5d7dc34904604,60256,7138fa2719d6362b03025d85d2e84284b46360d8 86aa6242481f0fa932c0eb93cf439ddb44b17809 425122866eaf30ec58180089c5c1a05b0ddeaba7 3c9c86dd2a4ed0574a8a525a9eaa6cfc228e67d1,3e493c6028a56d53dd176a0c206202caf69996e7 532621d5a341772d62fc1671cc8e726976fd099f d09ed0c911f8cba6500d38df531ddf802a1aef80 f0428780982d268a8a3eea3f66175d9ea3f7749e,False,False,True,False
60003,e798c75e11f8840b8b2d4cfdab5db30eccf1b951 01d728d180691cc3e6a7052af9ac30b5fca72c28 3562a00fb50b751263ce3a8088633b9999da2384,1c95c9c51e057ddc97515596b3e3a5938472f606 08f75848321e1f0b1b69c0cad7ce0819e8f3fa07 6efbeb7b0b7f3403638d2774c7c68a11d4c69bec,60122,770a8846ccfa6c106d537ab6e2ff2e53d80b62a3 1291d86150e4cfcb882e3680b2d204681644ffea 0972ab52f44a8fddc2fa4c2e4de9d340703ce1ff,50e729cac1b7cf8c226422afc1f9ea9b0cb15be2 9b2345cf05960b764ba26896e31fdc8376465be1 5bd48593f18eea75dfcc432ffccf53e326477222,True,True,False,False
70460,00b6e43835e03009cd1a878e5e0586b32036b35a 6012bf9ececd3406139ebdcf797293f9c83ff487,b7f951f55db8bb6bc6fc9ec2d0ac7587141d8b31 95d998daf9ad4637a3827d023efbf8c618395330,70031,efcbd7555ac6e0f99ebfd114a33527c7ece8e003 7b6944c7487b2a0d490eb1ad8bc490c98617f009,caab8398f31de4129d65cc2bd68332b4e5b936dc 2eab4ab9b88c8288c8e2478e8379b1480308e2c4,False,False,False,False
60203,b04087a60c69b24c5ceac58193b456e9569b29e3,c5d93aa4efdae0844849c90e2df518092ce6f049,60253,f0280e826d7048ec73468d13e93cdd873aaa525d,4081ea043cc446c934dd99bf5ec1f0102f859834,False,False,True,False
70443,58a98be161a6eef5b985ad15bab2c089606dcc83 14529c587d8e6f9879d775d097a312898cb1f73c eda6c4298ea0d4976fe8ad105977c8c2ae6c2111,fc18432f16ca9fac85bb5ae842123f871ff15cdd 9929aac45f9bf381e6f2a61caaea9b42186c11b7 622595989eb3dba8795182355542499c2b13bc02,70220,4f2594ebc72f874a1b80023a176837495fd32d98 4b97a66731932f30ac20176352c520964c0c524c fdc46a0bd534ffac25f91262f70b38e25271b07d,d67b1ba381adaa43bbcd353981ecbe15ac51fe4e bf3c99bf8613ff570e3572a65edd126bdef466a0 8135c684de7b6f01966c4977369425225d3030af,False,False,False,False
40003,5ba8a00ae741ffde6c1318c26f8441c2b0584c8b 3c0228c1072b52305ae7a5b184ab3de0025bdf94 101257a43ae53c9654ddce1b73ca871f6e177267,be314a9d848d8d35c642365e0aca363b241962ed c3397885c27b913e2a4782d6f1029694e0aca8b6 60d37af4c7df286f5adfbd5258831cf4ed417ac8,40001,d845296b1d701059660386a05dbc23e722797458 2ada21f98416c26e953b8360caa846fef8805919 ac6ee8ed32f7b07f73658d5073ae06b391943b08,53593d88d9acdaa62e8326afe3df7002df848995 e1c1a98e2de843b1d57b732b8b5bd10e2a3399dd 2ca4774df91bb59604b0d35172460425fe5b8076,False,False,False,False
50165,,,50020,e2b664053fe677fe6a253e22a1345648584886e0,adcdbfe01cf8e66b55027cc0e425063c2c56ccc5,,,False,False
70278,967fe26cbd07230c4c2d2a17a9b6a5174c32447a 5e5d401a8a7371f8cf8d08c822e57a04cc6b4816 6ca1066e2441c318334e18bced206799be2e9257,335102e0578710e535eb3053f6573f668aa18223 bb1ea48636d440ecdfbb716f5d4ebb2de7c76be7 345e995ba04d841f9b4721c5e850b69dbe4e9b71,70299,7106f4354995289c72031122797c4f5fd7bcecd0,2a20702c949f736ca5e0eefb4e6e3af16c8b312a,False,False,False,False
20007,5b48c07d7e62c235b910321d7733964dce1b48f0 c8b5cc909a6458182fb181cb9f3274268f8aab30 49d329c5afb1f77fe1be661c9d32a7470e7cda06,d039e19efd15f23a5f698119ce043d5b37f024a6 a28d6b1f5b612f7624cd80c51f9f912add0ca29b 4060a79a98416286089b355c06b69ecd1a89a934,20006,8856c2f1f0a7c5538e7fa009351b37a782354d0a 585cf2870e87f13cd934e205b7df80173a8c6c3f,0a56da6f056cd39256c156d340b13c4a9b51bc4c 07742ee87f64b6fb80550b15b0d63dbb71153c96,False,False,False,False
50103,,,50002,14085a3c8802f56491353b2e83ac6accba0c8a8e 3daeaf6281d8e412d9f0b28ec1d18c41d5d5cac6,6aa5b86f57069e2a5c5a7c7345ba5a675b22e26d 32b7e056fee50fb3f171523b58689fb43bb1c3f9,,,False,False
70308,389a9ba1fbcac13b1ce451c92bfc17b2ab285ab7 397c0d931834ccd20ac3313179dfa0ed11b1da57,818f527ba3b7a0e9e9849fbe745964fab0329871 69df65bfa6cbcdc10a200b94ba559c0e0cf75a6e,70354,eb4380cd0f542a6685eb0314578a4c3e6e8a9b4d c6d091831e7e720525890fa6253abb833acfe858 891e86655102ee7cb857e31a05f6e162580db13f 728d92b9146e0a88ea671cd3120e665eb5c424de,b099868f1072ca2b17260aafa621f677fd5174c3 87fd63c9aabc04a65c3759d775a66a19eca4d252 d732751afb2b25188dff890d9c98240367a40db5 85052ed1ccf6d6d0042df5086a9be2882318204b,False,False,False,False
50236,,,50012,cbbdb0b58897cf5c314e28161e232678f515c1ca 18ac4c8193d99e8b7c14af33a72115890ed99fc8 ec5c1738ab20d74471d38b81ee7e0f21a3a148cc b4f1a80ff4476ffd5d8269ccf6e7055f3a00ae35,9fb5e2607650c8cafbd75e74bb8cfbad059ba5f6 16cf0207e2f308666aacd5ea41c6a8a6f923fc9b 6637c684e5bd8b09efc3ff3eb53a23009dab0377 cbf148bbd7a5c385fe6a60477ff37373c9269933,,,False,False
70479,5bec81c7e9fb25116373f1619d4e4e40ce25d04f b26dcadde13e23a494c1db1e041b2487150d92ed 969cb0e56e4ab83daf3b9261b86f3b1bc7a5ef99,5ab78ddd06072b3b7e2da84a73d3ad9dd9d3648c 61205b45d533d6bb92775c966eb55e792a940102 36c6a8f66986e75ffacc0fa83063ac80d6f036db,70071,f94774624ea9fb0c3b782efa45bf1ae764191817,a5da052293963c50a9b871d3a2a5049a803e7c79,False,False,False,False
70310,c55078c8f462fb148f4c2841f3dd6fe61039db0e d5156a7fe08707130b7148b6be2565f2e616098b,5f4c87d03c1b1a668367618b0fbfd35655155dc1 9b4a38f10a027ffa1ac1cf278d0f85992128cc0b,70225,f335244a74c78f87325b5745b421dcf8180d445c 78709600ebfdc573346cbc0e7924163791f87271 6b2d5282c5e3ed1c8375ef19e6dbc9324a9d0b9e,e8505794e393a59e2f3c9762c8fa42bfef5331c6 d19ef68d4773679535a26ca1607bb0fcb6ea6619 f9f5504a7c938d4bf7e1a5fdeebe3d787031ae62,False,False,False,False
70007,d52239b7e2a5b0a5a781d8025f0249d169b53112 2cac7dbd5aac385268e00367ee693c572fd536df 16e18c745c0cf0b40322d9605c6c322e5944b5bd,1a363af083a0e46971b2a80c6df8dca3b3dc20a4 ae259ae7a1f914a170091ad6f595fad66ec76b65 678368cf9e8ac9475555f18a44f2b2d5950ebc6e,70423,525486e4bec0ab4dfd23d9bd539dd4d0be0bd13c 80ac08c47fa60ecebdc6cc5ddea44e51c28d516e 5a8bad5d767852c905e1fee389501272268c8292,18f20cf1513cc40318f383e8bc435fd6afa46941 d55421353fd7ff92bab07d6ef406cdf22447c181 61dba6e0752ad660c56042ccd076f2195385c9ae,True,False,False,False
70297,582b8d2a53916e2ce9ed6dfc76f906cc50c50738,e5ea56a9f95d36c9546e6444a20b9a7be1594c15,70314,9c3f6075dbcf0c9abc3197a864ba27c39306d682 92ec11518cbcce2bb4f066ac0f19d7c73286e191 48eba490b741e39d561452dbdf7f53ec3151b3a1,59f4374ba35c5c9b9ecfd90e894b7bc8df7091f0 8f2f324ab329dded2b8a27949961e79338c51e8a e783e433fc1d5ea30daea16031c7a574bd232bc2,False,False,False,False
60030,655c60b50a21175c72d9381958b05a3524473f5f 3fef689d7f854cd1399455b9fc2c8f7e69d63968,8f93163a30737e6314cf16d83bae0476f8759e94 2f1ac8ce50d1d8bd0ccbbfb091cda6c974bedc05,60124,ecbb2e04e79b29643422349bef1588385b0d8411 f665f7e6f7e06a52f63f7dd5fdd85d3e402497f0,8bd41731e45f653cad6c14e4d91554b6741a3335 1cce94f72636c05bf1149c3b45bf853281601bc5,True,True,False,False
70368,336205185cea7495944a1d2a3ed799c8c34f53e3 4496f3a7625ace8e1f6c4a12a2d23e03e53f225e,10488dba8bdec6d39adb67bd2da44607b90c4781 e47685a71645bf785d220172cee37ce4da1f00dd,70067 70222,9c2baff16897b8b0a662b4ba3059c8628482691e a8c4918f2adae6a61a52bee595bb5a071cf2c6c9,17d63c6fc2d6198e71430124f022acf5b7015e37 fc6d41479146e6f1d43b48d77bdf9a3e94a27811,False,False,False,False
60229,5d199735a25624fafbd309d4c45444ffcee112da,f0c403b43b30d72ddb895c1a8ddb3450ac361a2e,60253,f0280e826d7048ec73468d13e93cdd873aaa525d,4081ea043cc446c934dd99bf5ec1f0102f859834,False,False,True,False
70290,a2a949cb6e0ce86604046872e91ce0837d0f5733 d7a5cec1d2aac2f46222aa2292e9b69640791fe8 e6c4d499e1fcca81546dc48e91884e35852fced0,05ad47cfe377e76e1e03251be99798a9b4531d2f 17c9cfd738a7b7e25fc2a64cb63152105e48a8c7 4cae06caea15dbcddb16f64d79d9d3842c808b0c,70069 70437,999aed53e3785a35a27f56ede021fb0997453fd6 71b503f52769b45b9ce562bd22a154861e79c8e2 a414e9132201987f79b805d6058143a0cd484904 6534751d165b20ef1af4594c17ca4ee9a3e1cbc8,c1da8faa31e5ed781ef33a3e0758c266d0e91318 ceccfd8f9319634f4bde91780378dd949e960e8b 9162b0aee111ea61dbecec599dec4b13cff8f3ef dc1fb508e6e68e052175adde56da466cc7f96f98,False,False,False,False
70348,b893bd463cfb3d2829014534f7df02b7bb197748 f00e2b5dc729630b0c97095fd442abcea1caad29 95941448dcc9586bb01beca7687ac8f83dedcc3e,ad6b9aed0f79b4fcbf9c100c95dee4478ba1f649 140449a8097c658413d1c7b0a015ebe64c194b25 7d4c42f44cd5a903fe274672efefb6e02a5d41a5,70355 70014,cd99dfcf9b678fc01c32ba22169f0b998f2b45ca 8949b1cd0c68a522c0830ed815274ec0aeed8134,9067be7937146b752ab1a1d4e53f69788a50ebe0 5eab104fa82f7daeaeb306753593ae1116813737,False,False,False,False
60305,0cf42e7971638b07b41eebb7d95186e1879ef4ae 9b6aebf313656fe91ec75410fca39596e886338d c0c2c0a3940fe9eef89511aa45340a83821fe0fa,bb85cf5524e9a0cf40d11a672f2be52169ed3209 253235770c80b6335f079ee8ec9e27ffad7f9000 567dcf13a7cb0eff8a308e2a97e40cc8fff189f9,60362,,,False,False,False,True
70366,f7206c657bc02c74fb5451e73858725faf504994,b8d669b1340bc961eaea39a4f827b3d4cd9c1892,70279,3f5bdfcb30f69f3f19df221719c253ace1c5976c ae9de21770b8873759aef0705ce7bb226fd3fa78 bd4fdc9f9641b1a6e6f05442fc093a8b0df3120c,4080b5c2b5138ae167251163ae209218462779d5 f4b22b968fb5fd18672ecc42b40add44ddc33df0 916c1ce34497e2b31879828b4276d00705550290,False,False,False,False
70064,42a4646e3be5efe89cd56dab0d5d67e2c11b17c4 740e080eb61e018ddde941c92a77927f9e3166d6 b2c6e882c85b9081c77c8e3257ae2d2dd5cfe32b,7d50bdb5c1b159910ceca9e2148c10bad58a3c69 446b924caefd1afaf2d926830361cd1e59a5c1cf 6b548e6401d7807447fae35f62521c5e207945be,70008,d939badb1e42954095ccc11e18acce3986f1bb04 9ea462a1ef90ee7ce84005eab545224a09adea90 c21983cddb8998691d27a7e94931c59cad140b88,d9d090f939418c36e8da538617fdeb1bbf725759 76b52b39ec5436e363437add43d73cbbae4a9ab6 992caf8c45647d63c782843a0c5fd61a52ab7d53,False,True,False,False
50203,,,50012,cbbdb0b58897cf5c314e28161e232678f515c1ca,9fb5e2607650c8cafbd75e74bb8cfbad059ba5f6,,,False,False
70440,1e8c05aea0f605662f439b58eed3451811c3eee9 aae7295b95010c2571b91cbca592e06bfa495ae8 4cd0305a31037ab13119c0e5c0f0d1747dc0ac5e,87426d7ff32bc80662af3844fb6cbf998c4ae460 9e621babdeb1b4f0aef9734da4a15e782db627af 9fe69da2cf063c23fbd0f85d7c47200f7735571c,70282,29e1f258d0a2e2788fb8e1fda14412511858641c 3103356ed13e7495d0bbf46721367de08219aaa7,815afcdfbea6aaa832b10dfd45e0b9fc3ff00fe5 7cee0935231ab1d449f6e49ffed1ad21ea6e5637,False,False,False,False
10116,8461aad19e1d8aa2fdb5c1029c8d6dbbfaa0292e 1b8104b5a25437587fd7d7e6e2ff2aa62b2d77d1 3e52c1ca43c477c9380d4555759b89f645aa36c1,c645abd28062da2056f36d9be5f67f10cc0edf5b a09b0c6462c88c4cf0466d59db07d2891797a509 8278cd4d3c6e3135b13921a9c59a2798ebb10422,10014,8d89cf05494bf6d0ed9281a7319f0cc1a2677926 71f3a19b08d6a8bfee1e6c715b9076c739c6e84a,8623d77db7629671cb2bf576c0ac00c78475bda6 b2f3beda1dea385237e9766bf39ef58e665e278e,False,False,False,False
50191,,,50003,6966fd8ce3a9b88ef49b74c2e7eda1b5522dfb69 bc62a67ee3033643c40ae876f87cc6286f8f2b26 f7e977926b225ffbf49e23c7d867ccf488c38c68 509bcbf875e39cc815f0522d3eed49226ad5f557,5bde3379e39096bc07f40300ff088ec6fa078c9a e37362fb6d180fd90f0976ec486b3fbaa6daf489 8ea4a6548840332faf2c658f3264755710fa52c3 6c0747afc13790885530402f55b850590a70c5d0,,,False,False
70170,2ab85c2e129fb6fc18073fdf1cb5fa1289750635 09d011e591613a39dcf2e47512e13d9779db7da0 69ff4fe727562b42f62ef7a62285dace82eba999,3f402080d42f9829ba4e0d23e6d43f322d10d1e7 fee8d7188328d200c8a0c12225c4c063d7f40315 ff89686bd4a822291e3edb6ddff4d2d325658530,70450,18e6d1e2df27cbf665229c8bf791607486606fd0 b98eb8d2c6863106a70887afc058493e7cf71e44,3fc4281f51cba5ec27494b5d13b72d805b257810 915a7f44544c03e583e4ec53986818e4cc4e6124,False,False,False,False
60062,5509e52c8275f42c9b0e5fdf3f3f11a44cdd49a2 c445664ba6af94e31c18f26396233e9b43af2b44,83fbbc824843333257ae3428fd074d35533e9b34 aec3eb3836f486082440d8ff10ff861064cb9c62,60108,581f91096d870837195ea46020edcbf58d8a07bc bea5535157e4bba8ffa3fe68d1c3f2f028ad5e41,8d14085c282c96aabf5adccaaa153a0a183283d6 9dae7fc40bab712f172948725a468dd9bea49860,True,False,False,False
70121,6a675e10212073c5e2ae498704d342ca35a80fa8 cb42cdd8b08c6f263452655ec2259bef3b42f899,604a17c8a70d6a94c9f533619ce02b98e1d8bea6 b0c83a9880481aea312add8c105a9e382f094ff2,70312,8f5eafc7ac950bdaa096736c4d2e1a742382fe51 09170ff38d69553791949594e9613b582bb8b816 baed3669ff3595031546d21352aa98fa31c14ae9 f259a9061b24573e3da74f800fc62b079be78cbe,8a0e74b10c68179f1d553a0a450db5c494a0f17a bdcff70abae87cc35bb72813037732a47ec77911 779e7b3383e4331027a9953b5e86daea9057e453 dc38cc831626bac31f2dfc6e2379bb4b2ceb8796,False,False,False,False
50135,,,50004,3d37b3ba40e4e9cbf05547c436b2f2a56343c795 bd8a3011fb5916d5b363fb0198163ca81be4eb56,5625067a918bf810956c00c4cd7e40091286c48b 6b6c0df6b90bc0863988b1c67dfb05f34a642e14,,,False,False
70339,6cac7afefd687138abda46fbd56bc44347feb95e ff7d202c7320cc4b00c45f668b1f9a41ecaec28b,ca9b9df44e3d68b6fbd144d9022d7286199bcbd4 ec8f7fe4522a349be40e18912c3e1a499928f9f3,70218 70429,0580cd9e6dd1bf874c2eec43813d575e422701bf,7847daf6d29650e7f6161e6a84043f41752a6bf2,True,False,False,False
70103,074ca50ded241e5995ee84d4b243b402bb85e9b8,831fbacf6cf7ee18401ebc96005ad816c6b24cea,70219,69dfd93cea1380d32b205ec9c2586abffbedd087 c99bb4fa184d1ff302286e508112a27b51bfecd8 d57236857eae4c570e260f2182048c11db9438b2 19dc5c72d4baf44d542cda17a6268d78eeeec1e7,02301b2c6f9071bef48e4edac469460d468ce29c 6db8283ccba4e1e5b6efa26b6fa3518ba380f724 440ec58e619d686d2a1c3a69ce52cae4e1232aca 8e4fbd1eae895a016d25abd4410c8a2bbf406cfa,True,False,False,False
70274,e3571350b8e67a897cb8cd630b92fffe408aca59,e4ef22305cf1961e4dc947bdc3b0088d6f588666,70261 70115,d02e20e49e7d8b8131a039d3f941b89300833d3f c7d14cd9b5fc1e1bdd42de341182bbf9408e6f52 b20203f9b1f0a31b8211d7a5f4c6da5eaf8a8764,d997da7921c36812b27b4ea7df14915ecda55c16 4758e70e4a4063a5c462272904a64ee6b7b182ac cb229e1563302f971ab7dec5191645923cfa4155,False,False,False,False
60335,16499bd66aa6ee46d67d51bd3d68d91ad2ef24c8,0295c01ad3a49fda4e6329db931435cdab3ac60e,60366,,,False,False,False,True
70075,503c11eabacd36fd691e1ba5d805ffb94d113a6d,1407c498d6f40bc40231a05d74c026097332f395,70104,75cf1c7ac6dced80a3105dda811467ce3f8cc6f4 c7e559d72f7e3816848373c346359283322d4024,16326ed09322e2da55d6a1eaefc261f7c6db0aaa 910321dbd79c2b6b075fe11084b2e7cdd60f78b0,False,False,False,False
50113,,,50017,05d9afbcc7962b74703f3881b5a4cdd5a435a301 1092ccca5168d38a982ec41e43ab35c288d6ea48 6c67572d2d5eb2e68e639eb7ec0dc06cfeef515f b1d3185d87db2beab790936cfff1410133180273,20e2c38fc49105e237c4f609006b557a522cf4e9 8310b1ffb2420d3857e391675b3f33e3e27a988a cb4be8b6b4dcd883c07f20b4bd221f6e6d808c01 31f30f67010844ba35850b2eb860315e8ffaa1de,,,False,False
70355,0888f9a11193d1bba2d69cdb215051cc1145cb0d 292ca1c4c8f673c3a9caa375e23c69842d0cc66a,140453441b2a416b399494bd57ecf8b1a0f0750f ead4336f4db59ece0639538606c4e650a3684258,70369,485bd0be376b4d811380d40e22d9f576cf1f6445 337fd4959223da15141183344e5496cec6d74c1b 2c79f058979a682869d5313fd719538aebd94b96 7fc2b657ae7a9771b376de8bbf6307fe34008d27,45cdffb85386406a057f521820bbde5c796abad6 332986ccf4cc2dbb2ae73d5960b7ead05b206e74 67a541e808e1d48ab3d8474f49c6cc6657e13caa 8c1ccf3cb68f9745de256cb77cfb4df63cfed32f,False,False,False,False
70364,8058da9eb268dd2f8262e24fa0a0e4717c27cd74 55f142bcbe444ff63422b17f7388b7b158c299bf 1f96f5391e1f7446e112ade0c3ca9b9f5e37aba0,e23b8e8d13979ab2e0d4f4fcd6b949a2d5e60421 e1c3e8ea7dfdcb8248492c005bbeb3e7f47ae5e8 778e25ace92b8759f6c428ca55691b83dc9ea245,70170 70496 70409,36d3e34d14108dbb8cd74f0516eb3cfdb426180d 592d38d5c250ca194a6994e4d7448dcd47a3e350,0976dc8268fe323909e62d39b0a4e164ce57a1ac 78ed28b3dc6ff070f540091189b67fb08526a5a0,False,True,False,False
70126,b2b120c97a9a73bda6626637e25a39bcfe1f87e1,ddcc2f6ab1723891fb612a2755d721445fb1424e,70372,2cc691fde18363c2efe4862dc329cb723611e22f,a273df16a5619792407f040ba522183c2796ca57,False,True,False,False
50106,,,50003,6966fd8ce3a9b88ef49b74c2e7eda1b5522dfb69 bc62a67ee3033643c40ae876f87cc6286f8f2b26,5bde3379e39096bc07f40300ff088ec6fa078c9a e37362fb6d180fd90f0976ec486b3fbaa6daf489,,,False,False
50189,,,50009,192d6f124ac2f06dc622494627f9893cc239772a d1c4d3254270aa672fce15ffa0f08a329ba90ad9 8c7a602ea592d7876365062878ca65e38583753b 71232a3ddd39600e4690ce8dc2ccba1c241c7c75,99c46e26f453e5f1cb9aa87310eb772b0a110a80 10909db4044da0f0c37ba5adfd630137cabac57c ad35c48be6d02a1f24cc90a822fc861be49ae1ff 677a8cf075ee729bc796edba5aff1eacc2bcd053,,,False,False
70361,40a6e1d08098fbaea8778a15d306b3b13bf565aa,b24c5a16e5c14700402902239f7b1621252ed6f8,70260,cc1058f108649c470c4838fe51f829d871ef4e49 bcca76bfc684de4dd4674dc26753ce5a4160d236 0ca1394a8efb9814b0f1e14cacaf1af626a74901,a805e6de994ef11963c00789c6d62432b2dc7841 47f152f2262ea791207f7d20a4c7dc757114b89e 8f2c1a4913026d5fa24e4b45c584af74896a2583,False,False,False,False
70282,dd359d81d0f0ca3982529e8fd9f65c386a08c49e c5bdee2e95ec79e5e8a5fbc06705bd0a42832d80 5f388edbc213d6a1ce48448cb35be3fee4571981,fcafb6f3fcb2a7b38e3eaa536229991980b703a9 1e1787aed155d308fefd0e63eeab3d86d10db3db fd702ef12a7ae0f5f4c84fa593639c24d1c91e46,70446 70275,aaaf98cf5cdae6d0bddd95e846feda0bc7c5b163 866fb150a4b30563186d63fb2fddc66018a58bc4 e14737ab253207afd3ab68c073d94e38b4234abc d6b42b3df18bd28251d0ac992bd9ecca89d6f0d8,56396297084e192ca198b71efa11c224f77fcc2e b134935b12d641621f27a8be4b5ce14203950077 3f3b53c7c21ef49f578e98f280dd3e4c2db2dddf 01e7895034642efcf6d708c166cbf93d7bc71f13,False,False,False,False
70416,887a40b5b3fc5783c923b96fb188586eff2c1430,f2724c5f5eb01fccf869a616242767cc9e10ddca,70132,d1350e4a560f2929e6520dedb04b9a0ce8708b1f cfe06e92a179c5ff892df84dee04d0e62fa9a2c8 ccebb46f5a484448c76e56bf389ab4507a77a8a2 0ee78337f6245ffcb0cd97a3d349f7a9c1299bc0,847f8db20e3b6adcc3abe521658e270166d73514 4e1ee036c500ca9ad8530b1869267a12b1cdc079 7ce7ac70542059475f1028bc09279b99602a0872 9164ed1e57922341f522304203872f03be49c174,False,False,False,False
60014,e7e4d878849c95373b1334d02c8aed228ed8d5c7 56083ad946effe163c457b88245aeae7554a8b35 06da8601f1e1733fd88712c5b64874bd21e05862,841bd8143f138d5f65e7aff731d8b15d2a94de5b 56f0ad0c6d515085a5cae1dd973885bd7ac680b4 c7390437b27ba88697e7e0af86073f019a227017,60125,c6487983cddf27fb02334fadf6a1ca9df0691b0c 4b2e5d038198fcef703af3dc00dbcbbfe9c1810a abae749ef58e301544a4339c8bcd7be3014692c9 4a411d4e63710bad2a9bce296ba36bc21fbb7ae5,3aa05b35041a69f5c446f48df4d452334210ee90 25fef33f3d38ab5a8b7f9f330f0ff80433c752f1 2dd83307887e6b62959bf3982facb6624fd84e63 7e707fa67cd8980e91c90f6e1b351411b218878c,True,False,False,False
60319,f9d12cc955c19e007403a402ee1393824f3631d0 c78d2e31eec2dfb074c53bfa0d0e836dc6b8b56c 592534894dc28e476971331fa48114aa3042ef0d,689b61812fd790acfa0c21e842f8c3a0a3f9f81f 9b4000c1ba2e30fce9ab6843a767036cc1909f39 4b6e268cc7fb6752cfec75b0891fb02b56576c07,60354,,,False,False,False,True
70247,f35144aac9dd32680d5c398ce5abba95fe8dff0f e42b8162f69540d8f9aebd2a07a394b5329bed62,04d1e0ed4adfdc6b734b7552f87bca162ecdd3fc 8a1fb24d8c016d918589e2a70d837fd80e928886,70409 70275,28684b9c60bfabbafed68ab4567a359f2d8d3edd f633ce2a17086827c990d14665d03c5473dd3674 fd95fa7a20e576d4e1623ceb7fac7d9f189918b9,3c50d327732f17678781f2adeba83759a86252a5 16e1588dcd4d9063d0bae22c7fc9dcf071daf808 fe7857a0dc000a2ea3f861b77c7146313fad5120,False,False,False,False
10113,e225a113a532565b08c232ae6903affb974e1271 bd749bc84c422ec454d3d89d078657d4fd1c345f 810fbc2e912679ae50e600542f3e503944ce071f,ecd3d6a549ef153d2ba226fc8b482ed71478e9ff 0d891f674abd7d9618320478ba73e0d26654634b 936cb2d0bd1f1d1e9f17147de241ffaa42bd08f0,10014,8d89cf05494bf6d0ed9281a7319f0cc1a2677926,8623d77db7629671cb2bf576c0ac00c78475bda6,False,False,False,False
10003,d49a096d35901b2841780c009bb728e239615cb4,38bde7178c2d5013a3b29977f862ecb66ae18b47,10002,05276eed875eed28da588c3227e805be35aad5bf 31bfbff540f6319518202d811f0e1f46d047a72f 8a5a2f7c2befb4fa84c92847a07b0af69d4418bd,6539d119a6b775c95f932965eca11f6bcf801fb0 b9338aa78268c913c788ec9e429d6bc3e00ee199 0406b2b34b5e00ca558d559bd1ac735452c00970,False,False,False,False
70169,8b3d2fd7c765a73619fd8038ec243d28176f37b8 093d3812f2ff2fc7a198b6c452ab3617ec6329a8 30436ff2ee946c5a2da83fb5272bd2120e8d02cc,7a1f25574a31b44f96dd206b67f12d7e19b62dc6 1c71d1bee724ce8aa9db4705ff08d82e79398c86 80aca725c3a4ea9cff892c30fa09912f9e745c33,70257,0743d10a5915f310bfaa2a6c44704fa01bc5ddab 2f2057159c749fb907a44b73cbc721d56f0d545b 1656fc53128b246500fe5b0b3f49711b6972fe02 f534878c4f8571d0a15ed4b1da5ff425ef7eb0f1,ef277b850e67229251f5ac9b567697dfb5228c88 0aae16d920b23e04dd45424b91ee9c48b87dfcca 1598ca333fa0688a83306abf3f2866daf7622491 f25b0f1b62c1df2baecd7f59a9eadf26c2e48d53,False,False,False,False
70481,568cff63e12b6118510861612e0ca59cbe957489 3907966536be105d506eee4981d90c2a2463368b,3f0c88385ca7072e6314525b053b11cf6ba1b690 cf50c871e72585470a8cf556eaafe71fc8e1118f,70477,99ee34fc3ecfddaa7f27078904c3ce9ed9f35a1b,92917a63995b3f3ebf132e0c803c18b81205d165,False,False,False,False
60340,f478c986f97a6721689801fa8185e6312442d39f 007f5b888c7197b73b6205f0e658e016e044a136,34bafb6fe324f6ea959d96e7f2f8746f750dbd55 cc646eeb6d37b20cb30d6eb12278921ff80fd4c7,60365,,,False,False,False,True
60017,193489f026264e0ae29839de1463ea19bfeb7e29 2f8ab93bfaf194c81ce145e62fc8a4ff17856474 76bb282fb7f150ffe662c6cd106c80bcead352a2,593dfa864c21e416735f3e0e47a3c8f80a853a35 13a82d9adb6c544fe630ee1b9940d98180b87e86 765a2ed7f29c2cf312e5c47eb08f015223dde30b,60125,c6487983cddf27fb02334fadf6a1ca9df0691b0c 4b2e5d038198fcef703af3dc00dbcbbfe9c1810a abae749ef58e301544a4339c8bcd7be3014692c9,3aa05b35041a69f5c446f48df4d452334210ee90 25fef33f3d38ab5a8b7f9f330f0ff80433c752f1 2dd83307887e6b62959bf3982facb6624fd84e63,True,True,False,False
60074,1dd14ba57824a4e20f9852d6b2ea09386ee461bc,e8aae80ffe7eadb5ddd11ae290b901edc20b7fac,60112,3e95ed3e7a7769ff9456ec258c1f509b4b548e49 e20551bcdbc8114bd32c4b93435e6e3e7cf011d4,11e81349cbaa6e58dbc175316591858c573248e3 c5315a5a7a43d238958404de2ba3c891f936f057,True,True,False,False
70344,066fa19302d59a5c6a24d0e755c5440bec1bd3c7 5442a98434367cba6777b1aabc4ffad446787c76 8bacc92e539d744a1f95ca0ef3306c2f39f08c07,a272de9ec7bb900e4b8f079a602bf172d94e4396 e859bd8ab22fe8697403dbf3dd76f1780037826b f93a808a12b3af90fcd046f64f0d87edf923c671,70497 70314,6e3ccd57536c81a6afec811b7becf9d4017c386a,9cd3b05f2b61c5be91bccfe2ddc8a5275ee9ab21,False,False,False,False
70332,a5bba89491f9dc9f2e85c9b03dfd73bc4d858873 ff61158edb4f05b5553b3fd9c6169eefccbfb2e9,43110a41b5e5b5e352ea7646cc0574401f74171b 99414c0ef0f366e52ce2db5c7a5dd095bacad220,70050,76b996002f66cff36ceba0eb7dc460def5136dee,ad8e4d8b2039a0a269a2dc6479ba06373b97d278,True,False,False,False
60220,47b898f12c9e9c1e8d3ed7a8532bad682a644d28 43aacfbc576a4a928e51ec766520a70e7d2a5f5f,45c93cbff8721cd03a2c7dab884958a8600421de 0308d2c46031076904d122964b699848337524aa,60255,ece9ba1ede05c15e8bb8cf43a8f952e9a17b7a7b 672ca18e0f8a2ce7078dda5ea5537e8e3dca8ff0,7278c3374a13031a7f8f1de05ce7cca72f250b6d 471a6e51f805008fda896ca0bdb75d4072680e68,False,False,True,False
70306,7e787a1ed5cf64fd01e2ce30e78d5aade284de6c,ed60d599aa63b3f4ea9f888cf7857caf1c7e99d8,70425,a7d33d615ca48469d50f7700767b4dc19c270aa3 43ba215bd223873883eb3b4da1b9f25cf8b429fc 74d591bbe0aa431010c8ba3b7fb439997b54a3b7 82e64718a0c618f3da8c1a7b563af0e7fc748177,624979f57a49bac652bd74162a134e93539cac2d f227fecb7cfb3a978b2e40ccaa1689767b1c21d9 b000a31c9cc603088bcccdafeb3a2e747e852a19 66938534cbbc400e5e0cc3b8a0081ace4eebebb2,False,False,False,False
60035,34aa90d0baa1b4e91ab08f0d6c0b7359afb1d759 eb5f0227a6134a5d1733f52ef3b4b3037faf8e2c,2f9a3b4f3b0a218d015c5a9640e89a605ff2dc7e 17aa5c8316ddfaf6bcd2d85a05ddfd369fe2eb33,60109,46d62cf23d0c5e9ab0df599868122fb543b8fa5e a90be45e5454fa796f70c3cd4a01ed36057334be 755ec9ad80c1e1dd89fdc9e24c4b7cbf83eb3df9,e077d62a3d609878ca5e125b4cdeed68b2fb2953 d57ed795c69f0747c6ee9c5a73d34b0bb76027f3 66490343621f485eeba83d29469b35aa2d1b22fa,True,False,False,False
50182,,,50018,c693faa4af0d62af9186ef29660ae47dbe723dcf a85d0a3a6a212a33e9364dbbbe819c6a0d2a79c6 319b80ef880184c3852e4540a0408f823700bec5,ad96df62afbfe1fda4319a76d5c23675d8ae0d12 53670f68cf67cff0580d6f17ef574ec39d6089dd e6f0d9fa49f01b59fd1de3315b6026df29e3609a,,,False,False
50148,,,50002,14085a3c8802f56491353b2e83ac6accba0c8a8e 3daeaf6281d8e412d9f0b28ec1d18c41d5d5cac6,6aa5b86f57069e2a5c5a7c7345ba5a675b22e26d 32b7e056fee50fb3f171523b58689fb43bb1c3f9,,,False,False
60064,a9607eef6a8cbdebb0d9d9da4e864af13b28d460,abd293c753e034f7224692f65c8d8528e686f4fa,60115,30edfba255a3f1fdf4b704cc89b7e8d70c872441 8784fec516b8bf1bcc59b9eae0bd2953e34c638e c653ed8b791e39fb2f30525d3b3d81d025797889,90806c28fbab98020971630d282a2c9b834b6b9d cea9a6b768498efd0c32aa9c1756089f26105b15 d746e1e20513fe1abdaeb5e53daa4611c82764e2,True,False,False,False
70393,46d3ee97d37325e9716572f1e56885ddd62696f7,a76c54603e74c7569c0d1bb38c3c25324bc9f2ae,70316 70352,5565cdf6b14151e04cf2c637673e1ea86e58b905 7c703a5cb050ac80ef073daa23ee9ea0923cf799 df0830b7a264794540431fb4d15c61745aae2bdd d024a7d4e29f15566925a1813550b014b025d371,5f29cd318af5148d0c8087688c6860076cb9a104 6854b658fa01cfd5567b4f05c1ee4c756e111cf5 b3954a2ed69b92859ba8b3d8b5b87255e961bdf2 59301328e9d3c7691cfd7f5b1da6609b891a4fcf,False,False,False,False
70204,5a4b6c8fc6cf2f98367be1adf4ea850d8e7b378f 9e00d649b17fd01d173dede70e383cf3ed1bddb2 1b295f5bad14f97e9855384ee9e94c3847e8902f,8b34060c7b1de30e692ab53433fdb813f29950c9 3c35700a76fb5bf44f7ca5f10f1ffa7563863525 01e848968fa460664c618b989b123e5c0575bdfc,70407,3ede9a14670f354254b92c359c68b413d93c1630 42f0f20f04f4fac0d59914126570e4a67373bbe9,8e81a74a56674a56621fa5e97ac7f7da144cba5f 2df92a70f5627e67c8af3288b12a03959251453a,False,False,False,False
50167,,,50009,192d6f124ac2f06dc622494627f9893cc239772a d1c4d3254270aa672fce15ffa0f08a329ba90ad9,99c46e26f453e5f1cb9aa87310eb772b0a110a80 10909db4044da0f0c37ba5adfd630137cabac57c,,,False,False
50108,,,50018,c693faa4af0d62af9186ef29660ae47dbe723dcf a85d0a3a6a212a33e9364dbbbe819c6a0d2a79c6,ad96df62afbfe1fda4319a76d5c23675d8ae0d12 53670f68cf67cff0580d6f17ef574ec39d6089dd,,,False,False
70347,4ff871ed4f478ffcf0d528c695a13250b1f3b866,f3345224c65f8f72c712030a9a04472594cd14ea,70210,185940676701b1c70525246964dca702b6f3282a b924957e10f891cb3269042ddc24cb4f5329d0ed 9edace8b09e476c1b0bd9af7a59eefeec5cf9c42,fa01f2e3a2e0f3d4c122133bb5d968dff2283089 a77ba221bb1dc0f26ff4a348246a5d988806b851 eeea0b756951c4a81b1e12f259467b957a310e6b,False,False,False,False
60208,b7662b16f21ca9f85558d06550fee0a5daf3f4be bfc074d8182d042fc087058516435f24eb9b25c6 92e2442a1a99a06f696cefc4e0a3bc8c95e94fb8,00814bbaf0a01a1327120ed6ef0cdba9742d8295 e2171248ef95d673519e2df4f80d00274b061c23 2a51a0a77c90c2292aa6f5be8c1554f98df8de74,60270,e6c2c97e2601f65d0ed0e54db02e9c2fff9fd4e9,7caae4fcb8d644921a78cccd31130e5b677b4717,False,False,True,False
10111,a9c6e41e9d2548f58efcd9a6749fa8f0ea2f712e b1637cea2c6036265e9f432029556856625ee809,fd889373ffd75109fe3cb72714371b03d9802054 4b0bc0c4edd7d5c002495c1d3d2c7596442e4c89,10014,8d89cf05494bf6d0ed9281a7319f0cc1a2677926 71f3a19b08d6a8bfee1e6c715b9076c739c6e84a 11c9346689b0ef8d8331813414da2c353bf01c8c,8623d77db7629671cb2bf576c0ac00c78475bda6 b2f3beda1dea385237e9766bf39ef58e665e278e 8ba6144d4881bd4ae695e271b547ffa3526af7b0,False,False,False,False
50249,,,50007,fc0090d54f36ba62d00b2e0477309b6a4618196b 71c2c3ad56976044bad33eaa43db5a718f426c09 3ea86043444aed175ceea5b60f39fffdd3cd0f4b dbb37dea52748a4413ab99561242e2e280d6ee16,fc8fa282406f97b4105f196e74eb879ea6f396db 2f4013d212a0813946f0cecdfa25818debdc508a 1b41e833195d99ea0ef5ae040c3af39ea4ed4b31 dd5e67c0569f180729d395c5e1ad9f6861a9951b,,,False,False
70049,7b8cbe74bb06de99e4c2593e4064198775d235d4,a785c4e796f63c07ab963cbfa951b38467af36d4,70152,e7e304d61ccbf6d1d1f3e8ac38115ed47bdd99c2 58cc953521fc210d57d224d20373b02fb6357d7e,e2a223492d891aece6bdb919b4e35ea3e4ac6b97 8204f0f5c57c96a201e8459e0243d7e47e692f2d,False,False,False,False
70107,1eac855a35546d1ec14c6d8f6ec26007d725cf19 3c194d257f796a7b93b4fb906025bc22c1f54900 894f6065b7660f9aaee52a2a8e81468b1187e8c3,d057fba24d377ed855553fc29b9edcb43dec2819 04d34da7bb504b130af747eddff97e47869b0e52 9c368b6c6e4fa99dd954c4a81c85c4e176a1e4c0,70385,7d80ccae0c5a182dc1cef8e15a43af71df04b657 bf3dc7e4613c9a8033c9cefd3baf727704498a32,f48a154a5069e315ff616a377f64067f1c509e8e 9a241edd0a3bf35da3ac7de192fd1478e0a24178,False,False,False,False
60233,b58670c15b2768ae77cfa6768e60e169045f6d86,35cc5621223838b333a39693feb10b0d77da1560,60266,2854c041c8f9f8fa6f58ed94aab524ef625e537b 228e259c77c13933323d9b33846e56f02bb0a31e c6d0aabf5ec63e55c1312ee57dc684e2caadbb9c 28b828e868723b7069f5a2e77bc883a600fa46b6,e0e37fbb9b852db491ab50e4689d1559c51adf70 ae51621dbc9f118cb3d3f85e79af727cdf394fe6 5f0b6b15f0b3e3221432820016e88eef8853c030 4311fe8eeb192d4ab6d58834d33db70304f294bb,False,False,True,False
70201,00ce548f1c2a3319a4628e5f1d084cdebcb86bd5,f697ea9fd0ed03df048d76efdccffcb8779fc5a2,70281 70380,2e2a65217b1b792d1ea0c23bcb3f25c4d0649f35,5139d01a886b12057eb514ddd816b0d24f8c7456,False,False,False,False
70289,c871f64575945bbb6c6050127660a7bd7b8d41d5 401871d03cf45bc9598ce5e5066dd19b8940ad75 e9fbf093413260b999ba1ed842822d98dd2d1ca9,86db62428680544e54f5d285bcb814d0a2e503c5 e553c49a92e960bffc47afecbec6b5cb33d5d068 2d8172d208f18784387a5b2fc07bd56c6a568247,70262,b9630ee3a31ec7d1ab55aecbced30806bd7da2e5 dda1df6b888723a4a0e3e2bd7b93c5c7667a0d1a,6fb8f5c31838d2681275a1a59c73653e7dab755b 429e5fec57b0c66a1c6cb00745f39c250db9229c,True,False,True,False
50186,,,50009,192d6f124ac2f06dc622494627f9893cc239772a d1c4d3254270aa672fce15ffa0f08a329ba90ad9 8c7a602ea592d7876365062878ca65e38583753b,99c46e26f453e5f1cb9aa87310eb772b0a110a80 10909db4044da0f0c37ba5adfd630137cabac57c ad35c48be6d02a1f24cc90a822fc861be49ae1ff,,,False,False
70238,92ce2d8161bff289f3f1b5c414281306610d4ec8 2a64b84c8993d44f7971d6c315a725995a3b261f,e411f8da394b806a56f46a30d5ae63594d1e7812 8a8f2501f93c4825ea653bf8015e6104887221f3,70445 70145,7b616a32908aa81541803e823a39b88b8a1b3052 5dc51d73f605aa2ee2ac60d050331d987a2c4138,2c65e193ed03026b558c8e9e2e17ab202d0dd4ba 3298351c9d4ff06c6ebc2b19efd6655ba1c86d97,False,False,False,False
60308,bb88bcb8f510ba56403a62590991709d96ce859c 56e86810f74db78448c15616cae3c7410a5dd962,acba7f692ac819841fece93ea4923e7f08a381e0 286f449cb2a294549db034117f12087bb65a214b,60357,,,False,False,False,True
70455,92d8618bc4578957903a12f141b7102d499be8af 6b2e25b8684484e67459d4671b3729c0d5af9c66,04b0524d7903a63b0b6a2ff85df09397d58b21f8 793a962215242408c9ce66f62976033fc910cfdf,70387,,,False,False,False,True
50119,,,50001,33d2961d00cc5581a96561b3c3fcc31413c26231,4dcd70d737081b4e925fdafbc8c87c7548dd9c6c,,,False,False
50101,,,50004,3d37b3ba40e4e9cbf05547c436b2f2a56343c795 bd8a3011fb5916d5b363fb0198163ca81be4eb56 c9da3b1cd4630a8d53b49a28c829287123742248,5625067a918bf810956c00c4cd7e40091286c48b 6b6c0df6b90bc0863988b1c67dfb05f34a642e14 981632153737664e72acb298af82be77f8972083,,,False,False
70240,01d6182b5ca644ddd4ec2d8084b8a70efb9173f7 49df6ed3185f459e02611d9f06841010043d674c 419d15d6da087503e4898db49d2018564f280a59,74b2fc4bd3c5a5cd4cbcc84b04f00bb87298d34b 912f6c9cf9890250ec0b84922c27cfeef454faea 93e6950c222d92502095731937a6cc3c75b3bbd0,70129,bc622d01494acfebd8aafcbb91f95e2da411a010 c69e7d5af9c8369812aed0da2001d27c8c4c3f21 e36c4cc6285576ccbe8875cccd4e1269318fed95,4e89fa1c4d332889b156e691ec9534570db82bbf 5887346db4afdba13d625bc5ea94be7839baf128 92ee7257ea81d3bf9cbb6c96326dbba97b30f5aa,True,False,False,False
70340,4a765ce4dcbd6982fd4f6a0a7879613d5c7ec05a,a88da9dd1d0bb1b9dcd931d568c9259a89789bfe,70038,e14249b1c2f4fb32eb7efdaa3fb2742746366edb,c86f986a797ded08c2515661a36467c3e326521c,False,False,False,False
70147,bb561a1f54a51059d0ea50189dc1b8889eccd120 742cf5f4ca82816f889237ff8441b4d0e9082ec9 e506045d1d77f81ad8bdaa5c9107c17c61d21ecc,78f7eea459df989fb717a60371f3946575fbb1b5 e0eef77891d91c910095c0ad180d6dce0991529a 02d77640b6294e6d65a4246d9e997c99105f21fd,70419,54a1cd87992cd950a021c932b2f4d9e5956762a4 505a4aca43a427a7575fb6f75e8066e90a3f5d99,42f02cbf523dc740c09151d3eba5b2ccdd3ec8fe 003544a993f34da0cc5e0d4121de355f6768bd35,False,False,False,False
50139,,,50006,eab2944cbcb51004b09812ffe47c5958fcd4784a 4584e2657766cc90ce19ffb8a97deaa125b8a0d6 070889336604a9f7901d4ba34edf18149a8a4689,81f81d8d57e77ae26428d3b37e3085d6fa21e9a7 791f7c73b2c6b4fa2b0a6e1200de7bc4660efd4e 86ae0d6d20838d6b1416e6206f711c116e5f18f7,,,False,False
60204,7024a490a68f2d66e176b8c412cb320c51671d3f 804b46c677a8a20a5bc87e6cf47797ea5f987c8f,a627fc98be3a6e5db64025beb79c933a7ba88127 6d1ca81e8a6123a696423621aae015fa962887d9,60268,d749acec70c42aa2e8371cd7973708d4e4acc856 5aeb58e94a6aeb6f63e507d4f0c19cf39f89a53a,5504b43bfbdeb692479c1162d0518ea2ef81adec 1d5b192473e216c2469dc8eaca0d2e0f719d5191,False,False,True,False
50107,,,50005,3e4ff038b336a339ffab515761190cf97ac451c7 7c7f896aefc8704185f5130e1519a600556932c1 cfb534e351a2a2e673efbef9ecb5e059446301db df12470f39cc8e846aa009867be086fe279e2cf8,766bb0ff4b731fc7f73ac89cf1290108c7cc50c2 dc7e146c34c51787103fc6b58269f87ca7755830 0b38fae10a6ff39123c6390f28481c99da52873e d35c8c7b860d8ee4824460cad4838f6f43c0af65,,,False,False
50185,,,50004,3d37b3ba40e4e9cbf05547c436b2f2a56343c795 bd8a3011fb5916d5b363fb0198163ca81be4eb56,5625067a918bf810956c00c4cd7e40091286c48b 6b6c0df6b90bc0863988b1c67dfb05f34a642e14,,,False,False
60234,4bceaa95070458d8b003e2a3a0ea3301832fe397 c44ca55afa93e343dc176f7dca4e16c918017622,c6f8932329def188d32398d0fd1dec0424da0ca5 5ceb196beef434a4e33f6537b11238e8ff6a8cb8,60262,e38fbd9c97715d4e2bc9fdc2755980105ae51720 d825e1e06d30d55495a1be788a7402ea185b3cfa 880ad37dc68ab505af03e44633b739535ae8cc65,59fd6c73093ca0560b3b7191de4a0fbe4b53c96d c0bfe4696609fcc8b3ea27b3c5ac5933b025e710 8f172f0b1239ec690ddd1010932422aaabdf3fd5,False,False,True,False
60021,46fb75fdb68eb83a8123ada7f516a2570b38ac78 04f0d678ed571253fd0799b1254ac5e6b75b248f,51ab936781bee715d904699faa3be507ee47b171 471bb4e06c7e6672c619f4d8236eff1e29db0be4,60105,aa327c2ae987530f5a496058fea4b566e4d23347 a27e4cc40bd2c63b597d45c5b307df3ed5c5b22c,fe48cd69cae31f26d8e47fc75d2227288dbf2f9f d122e5ed27fc98e6d8bb58968a595ca94baf0002,True,True,False,False
60038,e80ba27d5eaf7cafea48846571d9f13c56e8260b,bcd0c7757ed91a50c268e598177d1228925afd41,60125,c6487983cddf27fb02334fadf6a1ca9df0691b0c 4b2e5d038198fcef703af3dc00dbcbbfe9c1810a,3aa05b35041a69f5c446f48df4d452334210ee90 25fef33f3d38ab5a8b7f9f330f0ff80433c752f1,True,True,False,False
60063,53d5103df1583d6bdda7c22ead317721ed12bd4e 4c91f022164f86cfb9e6052dcdb91fee73e94903 8fd0c5d4da21d2c0ebea36f80d6a75374c689b58,5455a4e9d87a236bfc3968a83b97ba0256bafb77 ba80872d4608bdcf8186814b25ee90f538ce8d16 0bbf2636554dc69c62b0d5207a326d9cfd6c907d,60123,8b672807534787ec1a3c29807f620441d1b06345 f3162da51d2188a3e7ff0eda9307f09f00b68940 8873771ba573431ab2b08384b99ec4bb2a0f6d71 719c8c5b46a539b77e9e655e85859be38f26f0d4,3c8a09d9d65af7edfcec49e67d65eea5feb8a94a 135aac06df67603194a4ff58fc2455b91542fd74 c101005c335a141025a73ac8df86597dc14da194 7baa0d565bed98b2f38ba48a649c08338f45339f,True,False,False,False
50231,,,50014,c0aaf9fee51c70f721449c3b932675230e8daab4,684302d600144815d89baabffe86857c85817a30,,,False,False
70161,c2d2b1c9441a9641974df453bfb631799cfd0cde 8d07c4ee084f8b5a14f00a80f0ce0a3be6185554 4fb0e162c8d541678a40cd6b11950cef54030ab9,cdac27e19aa63195d76e1b2cd9958fc08c177889 cff3a999002cd15bf65f8bfcd17a828b3407eb82 bcf4349de397c4c83c6f36772f6d15cd37641368,70076 70029,a2ddc62689ac9fa2fb115b2385b7be3c79af6223,e9a13ded2bc45eb79e584e37718ca0fa8cc06538,False,False,False,False
70273,b0eb77654c3bae4d0ed7a12366c76677788be4d4 6e455417ee657fceeaa802face09d1fc82c3d702,304bca2e9719576a9eff924bea29283ca5d66dfb dffd717a91d600dc8682b3a8564b1205ed72c664,70215 70496,6487603b606a1ea5dfac584f2d067bc46dcab7e1 552cab243d04bb639e8e4d1637c4caef61323573 5b1051ec2d323d007cd068aef54a78bca44d5924,ed21fc4ed344b2b9cd28d09846c1a1cda9b236f4 6248aece6799caeb7570cf416ec0539d2fee11cb 40fa965560d580ceec112d2098162e2408b3f011,False,False,False,False
70477,a44b0cf71b1a18b25ff586776f517ef4404754ef da38a6a1e1f46dc8e9bf3b4156f815289089c717,34331398406b7c74f5ddb61f4e751860de296f78 40b3978e599d11a35d3dff260abed969ed9b4d37,70085,a0a9fa5c404459b931ff97b5abce5c7b4918dcc8 35346c833bd4ed6f602a3f0cfb19f52a46a208a2,54045ee9a57adbb94562e54a52d5324f8bbd95c8 aa6bb55c4479b4f2b24c4b96aac499103e7cd7dd,False,False,False,False
60306,c1120c14543892850e14ce28297cd012811f7d7c 3ea740439fac7b6702960f102c571c55fdedae68 16b436246c4bc05afea259f61a4b8235771922d1,ad405abb74c79eeeb0b58738ac53e4819e5d21b8 7d477c3062773bb7b43c0a9b7278b96a2c76150e 716ccd6c46311702dda5c1282c422ff8b3a5d922,60366,,,False,False,False,True
50132,,,50015,2dccc44d86be786d2ae329e1ba1c548e62781b12,017e028da8636aba83489375fc550aa99b3d7d29,,,False,False
50164,,,50019,30c15f9892134434c54e4269f22ac67e84b8ff24,9022f08d3a0181bd99352434397cb0cf846d50c8,,,False,False
70462,dae2cf70b86489f0034f978ca6cd9d89a035e259 d7897681409a2964ab72f54f9bb66e9299002178,c7073f6fb6ed2c6745040518412107315ce1b016 f5f5bd5c715b8bca957ed8f3062de7d2bc848035,70152,e7e304d61ccbf6d1d1f3e8ac38115ed47bdd99c2,e2a223492d891aece6bdb919b4e35ea3e4ac6b97,False,False,False,False
60330,ec8f54509e8c76a5dfe53c74d76863a93e8ec936 a50d6c3e13e08fae38d34d29f7e389778ce9066f 23e0c3f43f748601e187987c1de863c46dfdd5ea,8df3ac0073a12a304a0dd9422b6b7e950a5c03ca 79fd880ec9e515b105fc657d7c9a312257d311bd 8ec0d6955149c2471772e4c4fd7ddf868f1c2abd,60361,,,False,False,False,True
60217,55f819ba5c30417cc829d68bbee926174f779b81 366081d46d724272ec3bd4cf68161a93fccb1aeb cedb62b1f47bfb80268e1094f79521c6e1aceb48,ea09895a89fd7a4983087ecaa6c1712d806ee513 99d1a90436a6b6fbf6a675a33833f2f907d762ee 0b9df9af544e3c1ac38d8031879052db5ad0bf5d,60253,f0280e826d7048ec73468d13e93cdd873aaa525d 9b3108a169f65737a5ff85e593eac52ac30e87ce,4081ea043cc446c934dd99bf5ec1f0102f859834 2be822db1a2ad43c1ca1182d12f2b5c091694008,False,False,True,False
70032,013d04922d7fc42086d06a3071a404e942768dbc 167bcbac312e575b82cfc6efb3e757555b6e69f3 f385d3c55de1302245377dcbe4ad47f1d3c4aac3,f94a537877b9219f397ab3882465d8efb1b0a99f 80d2a1a83f1faa54a5016542972df0ef90b3fd0b 4d664a685390ee301d5976190942b69e568f79d4,70043,325699cee3f1f343ec5a0486a286827d818b66ce 0e41d7d03cbdb7bee07ebf49320a6d93a804a0c1 2da35a88cff6cc4f42a8f46074e3c2d253e89063,0b5f233db62c83e2ae976a9a2704d7491bf01d20 8f31200ba10a4f1f18af809c1e6949bd75261ecd 4202c73e96a70db5c46dd05cbc3ca2e65be84bc0,False,False,False,False
70380,accbc10589e8a79111eced5ce350cf6dd1e97f22 5bc000ec0badf0e0ea195641db54ba47b7ca16af,e168cf22ddd45a322b4331ad945c6fefe5d53af7 2275d8659c11652f58f2f4cafc551afa0ed1974e,70190,814ed49151f94fd544a301fec0cf5df38a5da4a8 75dbbf71f106ddba50899acdb084fac1ddb9a701 afd10b4357e25c0eda6724fdbe18b64935b3f1ff 1b278b26617dce9e0e5d5fdbd91be8ffebf0443e,e1dab633cd00ab29c439ed349ab5413371495031 b49b2898e051bc548e674ad57faf984c734afaba 85c2a9a3c5b3425245c131dbbcb7fa49aafb2007 1e444612dde66edb3fbd636678a670536b7ccd4b,False,False,False,False
70017,b691dd7a0bda8ba20291fca13e9a293f80d58ff6 39699d587a7433aa1a6feda34e9f11f1b81b6cb7 30edc23fe8f4379dd61cc89aa86f2f4ac187c6a7,335656de874cc12c28d36b4c1518a7150f3cbd2d 5442afc1be9b69b4d9110c08ca6b480bfeb454e6 be54ed66dadd4c4d4ed7b643a629df70e80b62f0,70358,ff098a564f787259190916e02c8f354f7a46de6c fa473a159fc266a8dbfd5f740a09d12090e2ab82 aeeae4545ce25f165427478e295804bfcb8e3197 d23b97ddda4361bfcef9d146428ea1f5fc50baea,83c7d3ee21990721d7d49e12dfa1bb4cd15c192d e82d3e8c0cce5df2eb2f86898c7f90f67eb98ebb 60bd1322b076c1ec7682a8b3bbf20a2328936100 13a97eab8225ef18457b5c6e667e34e3dde57c2f,False,False,False,False
50150,,,50013,1452b45eed741e357f5868fc29c0bc8d93737008 fc960d80c5699bed2c19cce0946a8c2ed48e48a2 47bda4a80ea40e93d3b44af5ab2ba1f3a8665899,f910524dec581f873238df68616b3bd50f04acfb 5d348c2c3fb687ac5844962a29517d9cf3d093e6 f781524be4fbf25f5914468f9ed6471c8705230a,,,False,False
70213,145a73303b857021f2f4fab238402b6d9ee88c33 281ede02b0e5b143d4d56ca980da18f9e18e894f,3a056a777671b0fa062a2f39cbf9d033c3cecaf4 a7e327881af7b00f0b8c9898711103f20746ba04,70116,e756697a7dd475e1e59c0218d5f05d6e47eef404,998957d5a9699f583876a1947ac1e8d7294004a6,False,False,False,False
50170,,,50005,3e4ff038b336a339ffab515761190cf97ac451c7 7c7f896aefc8704185f5130e1519a600556932c1 cfb534e351a2a2e673efbef9ecb5e059446301db,766bb0ff4b731fc7f73ac89cf1290108c7cc50c2 dc7e146c34c51787103fc6b58269f87ca7755830 0b38fae10a6ff39123c6390f28481c99da52873e,,,False,False
70026,9d6b426eec328a8a5a3cd84e0aa02712143a0665 ffde9bc0576f79e2faff497466a8bbd6aaa11c5a,846c3bbf1ac1fbbf652c93772b1f8270e4eb37ab 5bcadbe6e49e99c2993eba2477b50133188a61bd,70088,7e8fe94959030c1d5c6a76c24124b82d9d064854 f7057f9dde70ead341f9adc10bccd4b1155fbf44 b882b23e72b3907bea3a57578ce13892bb794cf4,22bb2dd05a34f6c1202c4653cd170708a6b0df30 f1dc426def234298a0393c3a0cc839a05f1f99b3 e5efc784ff971f5b8f12a42a64d0488bad6e4146,False,False,False,False
60331,286a444a83efc235dd3ef4cfc68a5cbbc8bf5d06,303bbb373edaac253f2c14e4df5234ba335fcf2d,60359,,,False,False,False,True
70252,e2b6156ec5057a3aacf36886e7b01ec24e4eb5ff 37526f315e0e22ce99c0e31815e2ed3c30e1a030 fb4d42d09af2368b7fb8bfff450580fef0cd08a6,49165571bdd3a4f90edac754b6a87300f02e640c f9755148e0c859da263d535a89e1dc65fd0a829e de4e736355551da651dc6c9da2973f16dccd2ab3,70004,26906047b1a59f504e3055ebc9f108f89e5680f7 0bc94d060b89d86f71ea8c723c1156955074d1f0 088bd975f8057c3846d920c5a123bf44319c7054,eca862121c98483be6228b62bdf3883e811f82e0 09bbbae4b1eb1e69fb0774e6b630380c299d8842 593c64a168da1121b197ff09d25db604a60b46cd,False,False,False,False
60310,0d160d8a868223075733ecee0277c11e77e008a6 8d91baada858adb02f6851dfa7beb36ed0327692,0bc3f189a3391937dd57ff1a90b267fef33bd7c8 559e5087b4c84547e5d8ef639e97cdf4438403dc,60360,,,False,False,False,True
70422,849dda83b71af21baaa10ef9cdd1ff8acfb4b06e 09d0444e2ae86f8281b344b34e860013599e7e77,34d9ffedfe0b9268e81196a825dddf2d03c436d8 103bd059940ba0ded51958d2a788bf5772ee741d,70118,93f3faba39f63c80a96ba948f85c9fffa4e7b69a,2d0a6972f59c116fbba378fafe675e725fe633ca,True,False,False,False
60075,8ceb1ab509c23282a9c8f3b3d7d6eb47013966f2,689357a117992cac69960fe3fc43528c3fa1da04,60109 60075,46d62cf23d0c5e9ab0df599868122fb543b8fa5e a90be45e5454fa796f70c3cd4a01ed36057334be 755ec9ad80c1e1dd89fdc9e24c4b7cbf83eb3df9,e077d62a3d609878ca5e125b4cdeed68b2fb2953 d57ed795c69f0747c6ee9c5a73d34b0bb76027f3 66490343621f485eeba83d29469b35aa2d1b22fa,True,True,False,False
60033,3821c9148f6d74d82a94f1c6d40f05e4a6eebaff d1c50f2f285d0b73c1feed5622f62113d70bc71d,6be71eadaf5fff496f9bb389e6f9b4379f714c3e 418bf350e6d353f60cae40011320eab95d6e267c,60106,0adb080ea12f31a5520bf1e9d3673666b51698df d46e83d51ac32db4904d747a1bd1cf911cfe5c99 60165efe57672493b17eef74a3cfacaeaed9b9bf,43c2064c2b308b3444254d5742f28ac19417e1cb 8c4a3ad626c960e92caaab13414896f2afd5e26b 2c936f7b4928d09161f0ff3fc5d18096aebb3daa,True,True,False,False
70488,174291626b33b7535311e5d6c46d8616baf4f837,15134df33425190f520786aec1c0b06c87f772f5,70035,9e562a16f8a9a1a0ea1d2b8c14c26f10b8b69593 206b32b1ddd2970980b5fd289af0410a4f3c176c,9980d31aad6231fb12e4663928374943ecd4d10f b9e30dd4d6b214a3378f375f9cc2b7d11bb8eecb,True,True,False,False
60211,c30d621f8580272f8406a33d985c7192bc4eb0aa,ea1a91af93edb71b64c80caf1c9bc1a9accf9c03,60256,7138fa2719d6362b03025d85d2e84284b46360d8 86aa6242481f0fa932c0eb93cf439ddb44b17809,3e493c6028a56d53dd176a0c206202caf69996e7 532621d5a341772d62fc1671cc8e726976fd099f,False,False,True,False
20011,7a3bfa453e164c947da437acc837b4f159a74638 a0a5b753531cb216b5eebf968dd0e09671d77667,dcd5bbd969ca043139f9ce3a1971ec4f5ef9e5d7 536e1a79ef968e37a60bcabbc9e13c2e1c03e9b8,20010,0d2acd475cadee8989f66d73c3377e92d9dd7067 6c47d3466ae8b1d4e8b8e2920fa041b9a539f587 780f73a411e10f18196ac9728b429b4d730ff275 2772130d0e58523cab311e5ca77ed785273451a8,f49f2d7efa93c6bdbaa016435ca8fd571ece2381 5b75e84be7366cdb7f1ed3cfe5c02b96431606b1 1f4b10bea43e6338169646d1fd7d1604372b5522 fedd0c631b7ddc6c0d854e0d713d7d7b6fba9fa9,False,False,False,False
60223,972c58687cce0addc4079d5d0716c26a5b9ff08f,55f5257e33c58e74a5ab04ea488127b24eba2b9b,60265,1f13b300fc13d460b7fb0224984bf8d40b70ac1c 0e2698fe2901cde724b493be99417d4ec0c1948a a60ad5272da08932c86db2234e74f3a530b9767e 2b32c12852f60eb1111677aff96386da8a6c5cae,767729851e416b64ac0234faf128eb96296fe7bc 993783dd463e4edfa66c15bf7cf77d2036c1f773 a43d5abefbc3a57ed146979f884402b66c00e5e5 b78280a31871b70efe12de1e51090a609a95e59e,False,False,True,False
70338,38ca255c145183f5a70041999d932462cb862261 3ed71a770a92778cf5246a678177f173b01ed33a bbba99675361168c3beb76bd3644d8e0a11db0ec,02677f384f7e36ecd06f8359d4ec12995d84b1b9 32df2a52624c28e7a327fce72fa1565cf1941ded d5875e6e0b862a603579036d473c7c9917a78f1a,70300,491f4840b3023bee7576c941c8b970ba2ae7f7f1,bec0973913b8b24d6b4d052fb6713afe478b1ec8,False,False,False,False
50160,,,50006,eab2944cbcb51004b09812ffe47c5958fcd4784a,81f81d8d57e77ae26428d3b37e3085d6fa21e9a7,,,False,False
70117,8a51ac090e0de2ef2f6b4ab64ab859a8c824a24d,67d2db54a2a8167aa1422e6e560abaed7363892d,70485,c8c15c2eb40199174b122a2e034bc5e80a688dd7,66753b0b502d6495d209e90c9fde1fadd060baf2,False,False,False,False
50110,,,50007,fc0090d54f36ba62d00b2e0477309b6a4618196b 71c2c3ad56976044bad33eaa43db5a718f426c09,fc8fa282406f97b4105f196e74eb879ea6f396db 2f4013d212a0813946f0cecdfa25818debdc508a,,,False,False
50178,,,50012,cbbdb0b58897cf5c314e28161e232678f515c1ca 18ac4c8193d99e8b7c14af33a72115890ed99fc8 ec5c1738ab20d74471d38b81ee7e0f21a3a148cc,9fb5e2607650c8cafbd75e74bb8cfbad059ba5f6 16cf0207e2f308666aacd5ea41c6a8a6f923fc9b 6637c684e5bd8b09efc3ff3eb53a23009dab0377,,,False,False
70463,9a0cf58ff8b5e96f905b2fdbf9fa236af65304af ee7d9eba2fbeee36d077d1e2eedd8a28ea25f5f3 39d8505e1fca57645be733bc1eeabe913a4af8ef,b17b09a7303abdcb7520ab649533bd8cb879af45 9bf27ead6ee1bf68a23b4460b51ebc202f5ea19e 289423b1d5f23adf2489b33bc9ee37317893b006,70039 70485,a6580965d9767c94ebf8fa10339b147328596b4b eeea328bb5edcebb6a9aa9df02e17182d5745996,b45d15d6f90110721dc28be22f984ce314032bf1 4432c747cefb6316ec0c18d1c38db28067c77e0f,False,True,True,False
60228,56dc3d1f0bc6bf5e5196630e4b29cc267435b2f2 c8c72af65f3534680da70c16303bcf511cb4c3b5,143ca7c19523fd1d10d9c9f0abbd95f5af7154f9 272eb26e40607d9bc409d1724ca5031d24773163,60270,e6c2c97e2601f65d0ed0e54db02e9c2fff9fd4e9,7caae4fcb8d644921a78cccd31130e5b677b4717,False,False,True,False
50247,,,50013,1452b45eed741e357f5868fc29c0bc8d93737008,f910524dec581f873238df68616b3bd50f04acfb,,,False,False
60023,78f336fa1ca36135f18fe778650098bf9dc3e7d9 9d965c6768e7cb980082f5858df80ea9a2097bef,0bf60da660a90b2bb5c54aefb4d98c3dc73ae033 11356744c82514a12f5d43f3a809fc994ec5549e,60111 60023,0b25203c1eb48207c44b53b89e4cc7861fb4ca7f,3d5a2d4a678497b7f87e378f0cc5568a84ab5ada,True,False,False,False
70172,b8246341cd9acbae2e219ff4d01342048afb080e 31608177212ee31d5658286cd19701372120bde5 39db9e29c28db4935cfc3f116cb1c048a8857a4e,098e265c6656a8119782f6478ded29e766ba3096 995394ed3d0efa1b371cdded99ea7818281a1b8e 9c83682bb422448a7805426cace67e36143828fb,70480,900ec9f7a145d1cbde31a6ea9a881400ab921fa5 7f603103383d4b84561e7485403b5c087cf1f6aa 4788e080b412369f1f7cd349183a0fc0bdd5a342,a726e90f44b4b4b97c4be3c8140f66c182ae63e4 9253506f9d92298750e5a88727e82b1665a7c032 edfa61300d382d350b74bc4a1f817926a3a9f2e8,False,False,False,False
70098,bf4bc83f72ef9f128b8edeeff4a23b8ff6e45bbf,69507800428049d597199d2317b894a683a80a16,70406,3e19080919bf14f76724ea3d7e93965ad34a1fc4,d28c8627f014c22fb3e6c0bd9276a838e2561053,False,False,False,False
60209,78377da2cc394ec82bc6eabfcf776068044fed8c f67858b1faf0b8932dc0e4c2f6f6d8afda23bf38 92936fab65af005009a1a9515d3f14dc41e0cd61,c702f8520f545351468539b443a729b8928abf9a 4d00cec64b31e29ed754b63e1c339a982470f7df 908cabf146d3daa115762a9cf073eb629db624b1,60257,f00d80b33fef5276c56fd9052e3da47ad172d01b 680f377008bf8c9e58b16c7866817fb3b733eb3a,26c12875e07b55b6986acea83a959d89b1bb0b23 90999f032945d9acd269791dcc17870d4cfec8ea,False,False,True,False
70359,230fcf0adcb0302cb35bc5b30d77fd5e0b31d064,afff70afb2cc43a8ec8835bc11f2ffc5c8f85322,70320 70025,602a138e82a1f20f8fcfe938d22f036726b21e4c,9b2917050d8958655bfb9399d38e38d3ae75fd00,False,True,False,False
20013,e40b723f1fa742d54c6a617de12f5a861b6ee52a 167adbd86fb1debdf401b4ad18f8176bb0c6d236 8d3a84019556c6e76ba2182f86376ee1710c4c34,31395164fb6bc819cc4ab4e2578d459906b527d3 7ed9bbdbfb2dda77c2f6098cfedb588813345643 bd4a193c9b3730efb71678697c86b589ffecc94a,20012,76b92c028482441074909bb1963bade3c4ee5d02 87748581b4a7e7362d0ce6c17b579e0dee892283 d4721de8cd235a202dec9aa095b9fd5577e1ebd8,9fb8348199b968efe113fae19829252678ca2751 a0863a3a9a2b4d70578c62386c51910f4db68a1f 5e2ddba29205f40e1566c277731200aff43a04d2,False,False,False,False
60336,11e74ec90cecbe87485ce8c2a4d71b0728fa8da4 246b41843c3a518d320e73f920d01f6630ceddb1 4670b2e29f8fcb4c89f8b62f9c23ea012444dc43,b0e2c3723492487824a6097bafec35a0a5a5970b f101871a6408ad9bb29119649c7686fe9b6b66c1 ef3a374cb8c533b52f6353fc0fc4f2ebbff5001a,60365,,,False,False,False,True
70028,19850f572918471ec84a726bcc51735126e37ff3,1c40efef33afbc46f376a27a64024799bf634943,70447 70086,9eb785e4f1d1b26be6d7e0d89259915a11625941 77271e98d769883cbbc963bcd61e36835bb97d00,89c96ee48b9da5ecf01834034c2032a3a9ff368a 33ef71b01883a602735698ae6c2209727347e7d4,True,False,False,False
50224,,,50018,c693faa4af0d62af9186ef29660ae47dbe723dcf a85d0a3a6a212a33e9364dbbbe819c6a0d2a79c6 319b80ef880184c3852e4540a0408f823700bec5,ad96df62afbfe1fda4319a76d5c23675d8ae0d12 53670f68cf67cff0580d6f17ef574ec39d6089dd e6f0d9fa49f01b59fd1de3315b6026df29e3609a,,,False,False
50177,,,50003,6966fd8ce3a9b88ef49b74c2e7eda1b5522dfb69 bc62a67ee3033643c40ae876f87cc6286f8f2b26,5bde3379e39096bc07f40300ff088ec6fa078c9a e37362fb6d180fd90f0976ec486b3fbaa6daf489,,,False,False
70171,39cb917d5182307faf8b1b399d7e12f6265b1055 f367afea56b5f3c494400621155fb1b00e8f6c27,9b777586b95077d8041684c0459911a4b15dcbab e42f0a4e62d0d0919924de3fd94ff235dc9bc10c,70296,bfa62e67ee1e1d876ed0e0c8814cc192fdcffdb7 379dae62c63a2e6ceca251f4b2d7b8307d88bc26 b3d30b8daea2c975465b49aab940a8835b226dbe da48f83361dad272a40c3fa784bdb9a2ff84ee0c,1c923690c5bca18dc9eeab8bb34f75ab673d1c06 4dd33df6f0b93dbdf284bfce123590901c175126 a2e3b8c292e9b78e10264c2122e23326bcc495f1 55d285f8b739d4abcd1b8d06d702822d89e618ae,False,False,False,False
40005,b225594014bb3f61ba59a0c0d2861e73c9643a66 d9bb8e130ea4b1b179b6a7e124f7cba83edf6787 a807fedcf1a4865620642b5f121a7516842b5f13,6ccfdabb852734033d7e1c16fbc5ecbffa9e2624 641f2193ba98d27ecdba04ef9678cddce28d8f3d b3fabc5506091fe709a155f47161333861a8ef5d,40002,d665af0fb9d4523d898a09a50db4c8b08a9b7312,ca39d67900ae3a1447b3faf39f62d817db0d5628,False,False,False,False
50159,,,50002,14085a3c8802f56491353b2e83ac6accba0c8a8e,6aa5b86f57069e2a5c5a7c7345ba5a675b22e26d,,,False,False
50193,,,50001,33d2961d00cc5581a96561b3c3fcc31413c26231 ee4f25fd8101038f891b4347af765aebbda0bd7c 043b702277f8bcf2fe354b3e9a53485d29e091e1,4dcd70d737081b4e925fdafbc8c87c7548dd9c6c d0865bd07e7f3b797f6e3f61c8b7ef0a30148967 de1c67092aa60b687d90e00fe75f9ad760b59172,,,False,False
70080,a264c31056bae64c0f793c0c7e667dd7b7fc9bba eabe4d0bf1d92c2042aabfd05013b43640c7948a,9194c3773eee7727fc0ad953561af5d3716beb2c 0d96a4d2d658c3938f7d10bab5140d2d12b5febe,70182,5fc1111c60376fb18a15ebe1d83e9b099d0e0076 93743c1b4b916b2d7d29f9d6a278cf49a0620af7 b324148b77ff161d63c9f1893f92c8284ceae4de 19a646897bff49ec36f8d01f4335be082ef4d2a6,5de8e1de6245548e18cdde916950b65e3c448dd8 815d085055898fdfd7799494f9aa412e9242d066 db5b83be5d618bb339052a9f5cf0001c9c120c49 cb8604bdc20d2c932a53a0b40ed0ebbe5ae99dce,False,False,False,False
70426,fe67b459face1f85c12ad82e1df674d29c454bea 3458e56d11e0ae642509343b52a2940f7c9fba40,14bf606c7aa41ff18c3f56e9ba46c9e3ff944731 c249100fe9358deb6b638e51110cd649d604ddf8,70219,69dfd93cea1380d32b205ec9c2586abffbedd087 c99bb4fa184d1ff302286e508112a27b51bfecd8 d57236857eae4c570e260f2182048c11db9438b2,02301b2c6f9071bef48e4edac469460d468ce29c 6db8283ccba4e1e5b6efa26b6fa3518ba380f724 440ec58e619d686d2a1c3a69ce52cae4e1232aca,False,True,False,False
70301,dc22fb6520bc48e9dba91fe63f37f71e92f90db4 b27871c41d5f4de1e355c538d03114cc2770e9df,41e4626c75e380271c00c79ab2359fba46eccd72 7bcf66a98fd0bf05b392c9176ab846e74bd7dcb3,70195 70239,7b9491370dae9b7cfb5adeadcb4968fe2b235adb c66c3480861407a414510c18c276c442e146b66c b39d208d8f33b5fd76e0fd587eacd3d7568cb633 5f1fcc21dd7f3d549941104b3c8c66ea4b4b5861,d5cd6df05800503ca83dc677cacdd3605b9ff1ad d098ea4b5e72bf08e7f083c856719a559adf5c48 0154c36bcb09762e1ac579aa73ed1a2fe1ef1ba7 31b8a78ec9db7cecfef7042df4f7217472b115f4,False,False,False,False
60044,b7da4b019568fb399b77b9410ec60499c8bbdfe4 a4bd6797f4c3ea8b5eacb8ec964ce0b7f22c067b,b7544dc7a162187685bec63c05d70316243fba1d 5bf5e0574e821c07720f2e7cd331215eb0af9d22,60119,77c95c7f36b2ed5e2b47a6e93dc3785af3853b99 b0c09cb34974149b67eefeeb15142654a6f5942d f4c342789b56f4504f0f233cff4daf1b145cc33c a7faa3e7f9787167598d5970bfc0c471e50543d6,daf08bb2cd0a9954f4e2f996ae966efb3b42b5d2 60313d4062187897571a4b6d9afd93501c61a006 a8e8e1f431fda164c456bcd1ed8e7b3684409324 2dec26711da453a112ca253d3f447ebc1feb578c,True,True,False,False
70487,ab5cf0a6fb943216489e2c543776accdd0a8a3a2 93ea36e0b0a24cd5bb3c97a151e4f4f9a7905e40 7721c3bd2575516efa96519a958cfcbd2b0b1d76,b06938251ec069afd2e5aa68544df42b342e7f1c 8ab5c10d819a39eba2e4ad74c7a92fd0a8e4d42c 247f53b762484f7d34caede03957c700391b3c2f,70211,4388be34a11a528a9a3847e9d8a72b8c65a0bd20,6d63425b9a597ea0a558aa861a2ffb83e87ee0ac,True,True,False,False
50126,,,50019,30c15f9892134434c54e4269f22ac67e84b8ff24 5c8986b85e85fb55c180b1ff892f5aa8d482f50a d208ab27190c0cf45d4730dbea0bcc1304ed47a7 8a56fdf8bbc540479294c27af0970160b2d378e1,9022f08d3a0181bd99352434397cb0cf846d50c8 f4e0f5546e6e680cff3af782d6869934670a8a5c fa28841f2bbee5bdf2a43c1e46e4b03990723996 7fcd58dd66ef7863c62f5007eb7d6524d042eb14,,,False,False
50227,,,50019,30c15f9892134434c54e4269f22ac67e84b8ff24 5c8986b85e85fb55c180b1ff892f5aa8d482f50a d208ab27190c0cf45d4730dbea0bcc1304ed47a7,9022f08d3a0181bd99352434397cb0cf846d50c8 f4e0f5546e6e680cff3af782d6869934670a8a5c fa28841f2bbee5bdf2a43c1e46e4b03990723996,,,False,False
70307,fb9345ccba11297af589d928c35aee69f9b43dc1 da3da41e1d6a9dce3c5f1ae49961bdbc9974a53f 7b9e895a2840b0868359f4dbaec2f9a9e694f290,d178141593cd8b10929b36cf066992c4c0cee1a4 245f64b801aebc273f6447410eb6c373b3739f02 b0e258bc314c583a226a0850a798fce64bf4466d,70026,7ef91a60f3ec995bb80a9e26be7284ab4617559e d4ea1adb5989c8b6cb93eb45d3e878291dae6787 77568cedc1f6fe3ab24d8d3e8a80d1d7b7f02eee,ece3610839eb61e06f809c2566c5ed4cb43327e7 d0e190f3efe1b8819057de3637197f04ceb27c18 d7009f4c644008b76aa287334e5d26cea3b299cb,True,False,False,False
70248,02e94b8fdbea8c0980c0b778500e2a079d3ec1ae e2f2e3434e9212155e031b1124033a57bf4be4c9,049a7247f268f6fd9160405d3a92ed81afed2cd8 afda559d021f39b42d44816593c7b7e913d52b4a,70319,a803aa53e7629f7b9f43ae2c8f276b5d177f5530 a27255c139d6b420133e9cf984b106c6f36ae772 cf194a7f47f782b656cdbd5f3914349bc7868106 2e205010f4f3da4521a15b0e81310203adc667c8,56180a695d3824fd33eef82deb6ea22611d199bf 393344ac168862a4d16d6c3c3805ad4fb96ab679 7ca9eaf4fc431835f8eca020348de32d41c17afb 51348ec1b2ea313654d276b8b43038ebdf7b6af4,False,False,False,False
70461,3a8002180e00890c4ff88be9098c7f66d7704a06 282fcfc9acbfd87af8acee91fcbbf8770741fbb5 7b2e5679ec725486cafd234e6ab174ae1f53a590,5f551d11954ae7df7963da05c09032a3aca5ebbc 024f320058eeff04558a7630c4a549371d773b5a 1ff18c17d8067b572523fa4c01ac973a4d30068d,70433 70089,9384bf3ddd84d40dbc22debaa88558f79edc75bb,5ba2b779fcd55e98db7ea19be67d811f3fb1fe27,False,False,False,False
50121,,,50003,6966fd8ce3a9b88ef49b74c2e7eda1b5522dfb69,5bde3379e39096bc07f40300ff088ec6fa078c9a,,,False,False
70452,2f10afbb20e608c0be2e74427b409fcc162aaa83 962a3cd3efe8c7ac2992d4d24ee2554daedbe28a,cbf1a90ac84fc36fbf7337fbe8b195dba43a6aa8 4a2d8d3ab6b463d065264aeb935e33d2e0c9b26b,70327,17dff40b10158f07cf007c7c29b22aa7144d4b19 64f9abd04dbeff9dcc10fb67037dd6fed828ef23,659e36006b2e915b07ef6d05398d962ed19307a0 7513d7702f59ec524bfdcce2b09c51f09d7e82b8,False,False,False,False
60069,0a6c638ef9d62bb1e7df378fe50fd0d00f2aafb2 0d43bb616635b771d8f68af6d4cebeaacc1b965a 13db51b02a650aaf3ae63f9f9373c52ec3afe2c5,783f9a1c4fca363e2abe039b5b8ca706c18aa40e 8fcd1012fc89b7c9832eeb3c14b4e3019cd54195 c21794b359859692f0a0d6a7029e535a3155a3d1,60109,46d62cf23d0c5e9ab0df599868122fb543b8fa5e a90be45e5454fa796f70c3cd4a01ed36057334be,e077d62a3d609878ca5e125b4cdeed68b2fb2953 d57ed795c69f0747c6ee9c5a73d34b0bb76027f3,True,True,False,False
10110,53ddb7d627fe2ab161b4776047f95a8d0e79e38d,c69b107de271e359fb30f5ee3b826ae944353a8c,10014,8d89cf05494bf6d0ed9281a7319f0cc1a2677926,8623d77db7629671cb2bf576c0ac00c78475bda6,False,False,False,False
70129,7cf8083b2902ad8ea5e2d7e72845fb1e9afc0565,46627755ab9671cd6e081e1c27f30d6f19bba9fb,70370,e396b915cecec19a900e46dd9e938f222ad9da7e,4a1aa9c8a6b9e3974812cc38fe42f0ca14827448,False,False,False,False
70251,67134891e7de7cca925a8918177a45bdbc2a4825 df26b3758f8faac278fa592f5d9d9ffe77cb760a,3dc52fa740bb32401b36c1d7ec300bce06e5aac2 8fd4842aea7c7f657664f2dd377f01a2156bb930,70402 70367 70184,b4736e79a8dad37b901283e5c59725c1f53e3320 1dc9e5e8e5f7162e7b9a9e0e5ae7ace86255dece d5348d8c433fe0bbc7e54bcb28ad40645647ac47 8ff9a936534f96e74bb24504b6dcbb99c574f9a1,abdfd85856a42df99420dd2fb2095cfebe77b529 c28d69a88438e3185d890787bab44516da33a2b4 9fcd92216ce6631c616c65e3973a13979d0f4837 277261732974333fe776598a837e84333b9e7e1a,False,False,False,False
40009,a2dc585920736dcfff6141b09a38e68204b765fc,b13fd3876fb52cc421089085efa874b8f8e68f43,40003,98784d4462304ca77dfb882a5ccd71db79d0f7ea,b76d87cff891b7765c162e1ba74658776f177e46,False,False,False,False
10109,97bc1d9400cdd93da3d2cbbe85ee1bf159f56398,570b3f411840df7d205faee501d4675c27222a15,10014,8d89cf05494bf6d0ed9281a7319f0cc1a2677926 71f3a19b08d6a8bfee1e6c715b9076c739c6e84a 11c9346689b0ef8d8331813414da2c353bf01c8c,8623d77db7629671cb2bf576c0ac00c78475bda6 b2f3beda1dea385237e9766bf39ef58e665e278e 8ba6144d4881bd4ae695e271b547ffa3526af7b0,True,False,False,False
60047,7b4f53b7dfea6a259df4e383e1ec475c333d70a8 5db1e58b60e68a332b6514a98f77c47a7490fc23,05af7fcd5a7a4a3441d9901643b7758c5d94cca5 9bb74473d0f6f94b1853c5957505e1023e213712,60104,6d90c00d587915265deafbcef3d5f491228db035,57bc5e4e990cd2711437e00490a5331d76985533,True,False,False,False
60202,0fa758483787d28da1a1bf8853db6272bef914f7,9dac7b42bd01dc9026fcccc19486c86174a5fe04,60255,ece9ba1ede05c15e8bb8cf43a8f952e9a17b7a7b 672ca18e0f8a2ce7078dda5ea5537e8e3dca8ff0 7e7a7b83cf7857582d296d5b79dd60bbda4cc139,7278c3374a13031a7f8f1de05ce7cca72f250b6d 471a6e51f805008fda896ca0bdb75d4072680e68 6e735841ad5736dea3b24284b6d30d2e28b24e2d,False,False,True,False
20002,cc81c81b830ccfe7b94186931d90660c7a032552 cee7f1a4ec843d0351e6e0a8ba9c525a38b697fb a5e8de37fd88f943e98a2ea7418d01547a134a33,60b826b7b44c3d557c4434a54d3cb7766646fb14 457e40309ebdca49dcfe87a1db114860cbe0860e 570f8f3c9d199618a3c664fc8a5de479e0037df6,20001,51feecb00c473df20f41f3dfd19e887602c57684 a5e8e018b88b4d7141ddf3843e95cb15e179d1a3 e75d15359b07ad2d89ee228ff5aa9db1a7287324 a104bf2583d5910c5d0272373f8f817351b1ddc7,22a0d30b60a1487d8cacd054675c545fcf8fe6ee fe96195677f19b417a5afde11d7e95f78529b84d ded0b3b47322566555b26e0754bd7ca607e3e923 113a6ca4a7d549cb244334de4e9dc99ca9fa5f28,False,False,False,False
50187,,,50020,e2b664053fe677fe6a253e22a1345648584886e0 3ce9d87f132598e7474b89fbb291ca62f7df81b8,adcdbfe01cf8e66b55027cc0e425063c2c56ccc5 61745884a306c22973c430913fb50b32ec52bff0,,,False,False
50244,,,50007,fc0090d54f36ba62d00b2e0477309b6a4618196b 71c2c3ad56976044bad33eaa43db5a718f426c09 3ea86043444aed175ceea5b60f39fffdd3cd0f4b dbb37dea52748a4413ab99561242e2e280d6ee16,fc8fa282406f97b4105f196e74eb879ea6f396db 2f4013d212a0813946f0cecdfa25818debdc508a 1b41e833195d99ea0ef5ae040c3af39ea4ed4b31 dd5e67c0569f180729d395c5e1ad9f6861a9951b,,,False,False
70092,13208e37e4cc9857324d15f546aee6a00a06ae13 10f151d7fe9ec099c3748e99f1cdac3c4f145ecb,a4309570787e3847cb8e275e66230575cb91ea9f 0fdf90f46ffc4a9bf640f1adc41d28687a49a497,70194,d4acd67b48d22b4bc7eeae7ba8b6b084b91affc9 82707e2256a4847f7fd5fae1d9a6def7cac818ae 84d08624f5ea78c0081803a2dd5b6f4a3d3bd06c 7768d4c22f1f4054df1615ebfb9dc403a0e5f7dc,07d94847b4126a577c1bf107de145c778364501e b48d92369adbf6ff7df04f84b27911eeedc84d28 9f1d45519017dbfe1db540624e19f688fc457c2b 87183c7cffcc6c3214852373d3a65c6da8739244,False,False,False,False
70454,1815f31f96977acb6b2fcbaff8ead60c2e025999 fe7b781479ec0d45146912b1359b0165ed0cfed6 5e2d42fa68a9fe1ba4eafcb8758af65f8c8fb4f1,608e02af85d77fd454e3de886320c62bb7851664 ddd9484c883a0f8a4429414556a63f838e421e08 e0547938ac9321e974139ab059cf7febd8badee6,70488,140344235c8f889818bf705acd24e50160569697,af836d49c2d0172b159e8a8bb3d3c4bbadbfe926,False,False,False,False
60222,a25578075b86c28739d4f4c3f9b94203254d5a43 cd094b1f09fc482763b18ef6819c71b8dd73ddee f1184223040bd165a781906f9c75309efab8dbe9,7d44df3d5f47270cd0fbd56634a34aaa0b2a34a2 2c7efb569cd4f1d9177448cd0cd52873ca2899e2 1b27c66fd31b9f5aa53c8a8e3e42f4432ae59897,60260,31f849b21179d5b48e773eda57222ddc3c4927a7 c355af7c32f3e2968e5fbe0bd63de09f1b9d2b32 6821c0f2fdde653720b1a316913a0e3b7653b637,e7c935f3cf6c4ccea231ccd736facc26a63d4d03 3441c77fcf5901077731cf518a9acf1ca993d71b 617a2ce3ea54c1f50b323f8aac786d0855997715,False,False,True,False
70081,2fceb347e05ad324e08cb4ad334a248e12601304,4f922e34cad5471131e017e49a6d0ae1332d80bc,70132,d1350e4a560f2929e6520dedb04b9a0ce8708b1f cfe06e92a179c5ff892df84dee04d0e62fa9a2c8,847f8db20e3b6adcc3abe521658e270166d73514 4e1ee036c500ca9ad8530b1869267a12b1cdc079,False,False,False,False
70011,004022288df1c6a460b904b529e1e65b88c885da 0e6e74b58df8dd3c0a7cc5c46b9fb4a195117521 62d8edb8b3a4436abea1128498ac7993f5861fb4,d8e719ff6203b0e4a49a2bde007b237ccdd46d98 c81efff7d22dfd0c452ea5ce5c43370d56deea83 fc881c619c2216c8c1033acd7402b8ecf180b843,70497 70011,6e3ccd57536c81a6afec811b7becf9d4017c386a 7a18877cd766d20850b39d529578e411073e346a,9cd3b05f2b61c5be91bccfe2ddc8a5275ee9ab21 5f14e88ee0c35763d5f832b623eda31384fd917c,False,False,False,False
10004,d85ab3d7ccf9c41301fa6b36476793b24f20b732,d6b70852f49b3f2f4364427b425e0efe952c4d7e,10003,eb8266196e5d96fd74fb2d3a70225ebac6bb8b15 90cf1594e63ae4b5d6fd86c4a68ac002027064c5,5c096454be209dd8cce445eb7374e9ff48a902fa bb48914e83adda75d1f2ebea9c3d13b2c3e0ab67,False,False,False,False
70111,e2ffeeccdd3e0ff11e3b78f2d2192362e2758729 ec00f3be0238c37d3d67fcad14304372c28292e7 aa2f6cba4e69e17acdd9e60007b88aabe83b1a3c,b6b1985f8dca8fbbb6805402efeb25688a7e82f8 bad390ed5ea150bfa86249fb494bbdd5dc794f1c 96266228259b1bc85d3159a6401702d2f0b8d140,70409,28684b9c60bfabbafed68ab4567a359f2d8d3edd f633ce2a17086827c990d14665d03c5473dd3674 fd95fa7a20e576d4e1623ceb7fac7d9f189918b9,3c50d327732f17678781f2adeba83759a86252a5 16e1588dcd4d9063d0bae22c7fc9dcf071daf808 fe7857a0dc000a2ea3f861b77c7146313fad5120,False,False,False,False
70399,69727148fb12983e9aca3cc41bedd91d5d3fffec,b76e76124784be43d85534ac61775ea43dc9dc4f,70007 70150,295b5a05f49e7847fb7c6da21afb58b0e1c7e0f9 18ed1d0f6d543a215cb04717bd08f9d631041138,dcebbfa2bc874c32b7e2d648a21d24d0f66f4963 bdfd8de923069e8dff933b14579f993dc6d92c13,False,False,False,False
60043,80fccda219213680d83d2f4d94f45674a523b975 064a020c19b4863af0a13e86a359af6e4c920ca7,b438750499530e30ab87af4c256422cb085a5893 ef1ae030c6cf5d6b90cb72027b10f1bc60b0e9f2,60125,c6487983cddf27fb02334fadf6a1ca9df0691b0c,3aa05b35041a69f5c446f48df4d452334210ee90,True,False,False,False
10117,7c483ab724bc15eeee57c14e3e430e0ca0441d66,a4d4f7121851b62e401bb32f2c07d6a80e9ee773,10014,8d89cf05494bf6d0ed9281a7319f0cc1a2677926 71f3a19b08d6a8bfee1e6c715b9076c739c6e84a,8623d77db7629671cb2bf576c0ac00c78475bda6 b2f3beda1dea385237e9766bf39ef58e665e278e,False,False,False,False
70495,97fc55c46490c68524e08f32646b590d9abf41cd,aaa7a43aaa704bb532157c8061ec813baeeec539,70417,c6588fc6b17af69c2d085b651f41853a0f5e8313 6dd0504a3a1d1dd3c6c6b9d4ced5e546881118d1,ff3d3670828987268093df97f1b0b4c3043c7b18 214897b9fc7f32fd2b3fa237fa3f20863555baa1,False,False,False,False
70014,c8edc428026b725d03d07600be626ab369882975 cc61a5c0fd3c3bf5c9c491e48806515654342fa9,b0cdcfc8f72cc460397b783a220f29a22bf9b61e 8d82e0af25a83ba3c329465660b40e6299c7fcc5,70401 70263,aea81559186dd68cd45bf42c086aea9e7725d00f ffe7721cf3b48016608981a79e9ae18e5d81d40b c7bc9f21ad30a79573ec59b4cfed4e519b4ae8e8,6014896a983a0b9caf053132efb4eb3143cbe172 ab5410306843791c4defc36de796e1cbc34015dc 58d3e0f0157f6e2016240a986ec86cd27de4d4b3,True,False,False,False
70210,64fcf6fca131fbf906470dc54c89a2c1bdff7541 d1c2a02b88045c3bcc6cf1353af2dd754f15c629,27024d33a22a1c3ca7c3e2d458bc1b573b8df404 c76ee8b8f8fd703e25ee7aaad8f8c9894063cb86,70181,467900d1156f5ffd1d012fbf8df07426dd9e3db8,5b22cd8ff496ee34e3444ffac9b4400980e54016,False,False,False,False
70008,a6d8624c882cb34b9066de00bc233fcc0667ce2a 579fef35b183b9dd16f178d93cb7aa7dbc3b6080,d6f408531a17fdbd95c1c243d75a314f4b61d0d3 3adc7e22cdd577d880b11155c608a183d0a8a4fc,70011 70133,ea93d23bc7db061ef4459e450a24c747f1df5caf,1888b0a43e03e1bb3a195c31f75a639017eca3e6,False,False,False,False
70179,b378148aa680294f6ce7270dba26ec22491eeb3c dd91cae7ed7efb7b5f79ebc1bdbbac9bcea10f12 7373bb38e0550e35a7a73f141bae0568aa3ac5df,19f8c175407f73f6bcb3d454c4f7a1e507d1fe58 701cd4e6981c0a20f707ebfefb0c41eb390499c2 5c21ae7ab406a4a72fd968223be9c2f73e254c02,70086 70499,463b62deb722c5ec573a9a627ff4f6df3501ca33 0b2011d71c11144b70a9ab632bdeafa03d8fb1d3,54a0f9531444711bff7a7f286fa368b640a50c6d 8ae972b37f825b466b94dcada059355050e15a9a,False,False,True,False
70419,5830f8db69cc7a505016f5eab5ac13678825d33c ccee8591780555c2bd0580e31db8cf51b4a21b97,8d64aaea9265df8ce1c1ab926fb4f6543dce92e6 98f175a6bb0e544b9ae26345ae7104f39a99a0d3,70064,47a0baa0a8813eec48c81dd35bf5dbddeda83254 aa7f63ca6e1b14e5b5e470608758d86227191d1a b5510a6d7674ab302286e7bffea85f12e66da465,c651dd2488978a55b7f24579bf590174c7643e18 9b9d5c60ed6d79ea6e227d60837cc6f00a9b8fe6 d846176d01fbaca865d49eec0a86fe80cd4d5574,False,False,False,False
60070,fdcc203b1dcfa9d908c9285af797b618e1f468ab 593f98330cad1beb7f493e4eb4b750a670d1f362 4f913a21cec97286090f86b4e047e3bbba882c7e,2fdd52ed6490bd1fe21435ebd240646188f8930d 63ba885676423f470b3cd76842b98b3600a0b084 1c9374dd890e50f3930511f43864daa2f978df3c,60111,0b25203c1eb48207c44b53b89e4cc7861fb4ca7f 0c3caa60a9f7efff39ae1bee3898ee3eb5105172,3d5a2d4a678497b7f87e378f0cc5568a84ab5ada c7d325e198712a1d510f83090bc7902068adc01e,True,True,False,False
70465,97121c6d150b578256aace1c2bfab720793d3f8c 4eb4fab03cbcf17aacd3d40853264475af29ba3e 4d2f6b924f4f7cae9155a26603f90cc10555e0dc,f64f31b25c331dd2b250aea9a5ed04bd0114a543 453d78cd98e7ad45bf0a3d4b0fa017e07845d1c7 09c46e76ab125818b04fdc910f33e43dc037ebb3,70057,2fe3955270a948b849a3a47657b8d5e9fbccb410,96731681e0437db36fe47be3d03ebc085143844a,False,False,False,False
40006,790e6e19758d833a342a5c65876eab0c88ed8236 65e3ed7829ff0ce9e425beff13ae043016139391 73bfae5be200e8ed51b2bf427d53e2a469f21eb9,8cb4703ae61fa2fbd986097cfa3e4ade5dc11adf d6cfd1ca0f09f033a01fa5c54061be30be0171b2 a76920e9ac9b22e75f20cd7f4609b9e6bb1fda59,40002,d665af0fb9d4523d898a09a50db4c8b08a9b7312 b3f0d808c098f95d3db8e83de64780d2fa3468fc 1c1da7d490603012b62c787d892eff851cf56945,ca39d67900ae3a1447b3faf39f62d817db0d5628 d9bfd9fd57b76a58b4fede2868c25e1887d65606 8b05280f4465e88d3a18d62fe10e111c1c7c7711,False,False,False,False
60059,42a8dee1a3823e70ff547b1a585a4c96fc388cf2 6d2231f969d169864df9786103033fe77be3f9d0,651d3d9d7f494cb07dcd156fae1d81defd78811e 5625dcde1594d9c5b63884040e35090a6831b45c,60116,d65808ff30bd5b0ca18c5d0e238605f28c26ff9a 47b5293bcc4d0d5a3e9e68abdf01ffb362a64d4c 9cf1d431727a90b3a823962b570038b2ce8c8e5f,6399552646e288e15d4cafc94afaf1bda03914c5 21f1dbe2d146d530b0b93ffd6dac6034b607f9c8 f4dda28d6095672f3f8db5423247cc9f81aa3e86,True,True,False,False
70414,fe2128b232e93607e2102896abc540d0bba05eab ca76e7e68d2b4587de0e02bc405822b4fabcca9f 54241175b7dfc9e6c1af32f5ea4cb57327fe2319,ac5580df58b9c072aad4ffb80686724f4ad3ab4b dc64d1348a96a1671553f0f227b821078d62de2d 8960600381e83bc95f6f2eff74673bce9407aad2,70045,765f0b8106caece26d7d29b83a2f653f1e84df42 c58769d2cdf4939ac582b47f81bfef2f95cdd835,49584b74ed4eb85a2ddfb939a187d38a9985e5de 42576a68553a9c0d6edd86ed3d055727054efe6a,False,False,False,False
50205,,,50008,ae598bf1b4b971e068f70f57d28b16c4f1fce3d0,ce279b6c9006c2765f38fbbcf0ab61365759d0c7,,,False,False
60006,e53b5e1d614dcbed5b35722ff753c281c8dff75c 7a5fbfd2037458b8f93ae917ae23060999d5b537,a031574f7073f0b6564fc2094b4344aac08fae5e ca85ff83281507a8ead94c1e4ea4923a8053de0e,60102,8d03189f737289afc8253e8d4f8fd4851f437cc2,84edae90e67763830f67e4f0a704eda432f6a960,True,True,False,False
70336,6d491f68d3393c6be905ea4b790c89426d4b700c,96806547522e6da19a2cdaa2825c7ad4c7d9e72f,70130 70384 70009,e39e775801adbf9b315b2ef281310ee3cc3d6570 60ec44d4c4da27e78914ec1cbbc5ed7249a833ec 86598e0fba669de7b15fc80c8146e82ec28005e1,c9e1c70c79e7aca2eb89bf38094dc401aba46d96 e2f559c015c2d5d2299b6377f814590681270604 9dc244c7d536a2041bcce3ef206f9da97207c90c,False,False,False,False
70211,8a8bb94f2a843b1a79244978c33388a499872a33 47993b8bfb8190a38864c2b15dc7d888b81d29d7,48cb7a3c389c97a19218949580e84f72b0310938 7823fde46132b79669a501c506b4da1b94f62b29,70308,6e1d0ff822f7374a7766ed9c4e0c793d3dcf4c69 0019c6c2992dda3fc4975bcb745fc1a95a8b8593 8e3ceb638530685d83fc8c5a9daea9476f4045e0,3af1e26aa9834bdb21154124b558b964ce0d5d64 daaf9ad25cca6873d6363b1f461a2fe68ee57e8b 0804d3e8eae67bb6212250f43c107aaabee4b91a,True,False,False,False
70421,536d723988cc1850198fb2bac23aef86ff05fdeb 19563f82ad2da25428bfdb550c5c1d3c89918e3b,2e7312fff1343bc62e3dd67c64e15e8754eaacf8 89225854f638e107f98d88131eeebc2a7ffec930,70293 70334,617cb395c4778da1446c172b9ebe1bd651773709,ba1d2998a9cebbae5e7420aa1dafc4790cc9c88e,False,False,False,False
20014,235bde963489d3cbbe20878e98616ddf891398ea 016696d8571d7cbef6ae1ec81e3ef5b42b100af8 2e09fd9a187fee207c8221a6658b6ac0356fcffb,d3c2eaa3f704d0fbcacbd524713b98f86d8b4836 6ffac5a230797de44f149ec75c09312fce61625d aa94e97874cef503dac316a1e6a5be03436416a3,20013,7d193a86d85b417c5448adad463a8f84d6f11171,3140f6b265674975667c566fc60e1615b921ffe8,False,False,False,False
50111,,,50010,bd6bfe2319b845bbb851ba1f60ecb5032b2174c5 8b25f6656885b4e3981221b3117629302fa8d988 768753d1801ec365421fbc8300b6418b6fdc3c22 98710a897c6de13669d25c898e0ce58ec0cb81c0,759ca7fa0d6831ff92aa1759e089a36312ff16ff 48e52f4cdfd554e6464a668f4300018aa7cdaf3a 98b8c107b535656dd3ac0519973f34d573fd2674 5ae06f0279adb694f800671413a7c0eb1916a33a,,,False,False
50198,,,50004,3d37b3ba40e4e9cbf05547c436b2f2a56343c795,5625067a918bf810956c00c4cd7e40091286c48b,,,False,False
50155,,,50002,14085a3c8802f56491353b2e83ac6accba0c8a8e,6aa5b86f57069e2a5c5a7c7345ba5a675b22e26d,,,False,False
70076,6a97f11b4390b56d85402d2958849babbff5df14 1b7fb86bf9c1d75b86071fda9f4c45f9f419f6d6,29c8621bd499c89c296d117cb067fafdf4b0e3cc c733afefa9c657b35ab263ac6580ce40b5e73981,70276,90338521dcf6b103534169efb204443bee0f1996 8df7ce5c2f1adae6b390a04ffd521ad58a7487df ca1ea6c5d6e141bd4bd500e56cfaaa57ca8a7e41,3ef9b62046398cc3e8b071b698d1ed66ba6294ac f91fb6c63fda10ebcc897623d7f7f7c08f880f0a 13b186bd75cf8cfedbb9320273f608ca11e6c7da,False,False,False,False
10118,6fb9272f4fa8daa1fb319470344c611d77f09233 57c308c3bbeeabd01f17f8aa805236ce57f45e9b,0037e79f36f78527415b8a8b172973ce2051a925 bab49ed1060bae52694105c96802cd89ba18d238,10014,8d89cf05494bf6d0ed9281a7319f0cc1a2677926 71f3a19b08d6a8bfee1e6c715b9076c739c6e84a 11c9346689b0ef8d8331813414da2c353bf01c8c fa2e9f32ea7875e26b3ecb894adbc9daa7332ebe,8623d77db7629671cb2bf576c0ac00c78475bda6 b2f3beda1dea385237e9766bf39ef58e665e278e 8ba6144d4881bd4ae695e271b547ffa3526af7b0 d610953c0ab4ceb1e905fca0daf4100097b64319,False,False,False,False
60324,de599de87dc87e076c5051a60166a9e8f94c5923 78a34c81bd5507a24335b38619dc7862567f44e8,24478fd56cb727048d5f1a5c25a502657afee1c0 2c7c91b09a04dbc091d9e3c55e1661f12f2cad7c,60358,,,False,False,False,True
50175,,,50017,05d9afbcc7962b74703f3881b5a4cdd5a435a301 1092ccca5168d38a982ec41e43ab35c288d6ea48 6c67572d2d5eb2e68e639eb7ec0dc06cfeef515f,20e2c38fc49105e237c4f609006b557a522cf4e9 8310b1ffb2420d3857e391675b3f33e3e27a988a cb4be8b6b4dcd883c07f20b4bd221f6e6d808c01,,,False,False
70233,7074bfc7aebed08990bfd2e9f31f5a55c2c4e375 ec856037737a5afdf3bb4a422032c980b1985422 bdd3235d73e1a69a6e8e8bd179cb1845a4e1f471,bf3e907eb3ab1a55a067118ef71ae60c1b50169a 00c50244960a39eedc55e198db7635fbd3fe676d a20398cfec1f9a95c529a0570160d9518b619222,70258,85933e30fd60a26d898c0d9e52e45ae8079faef5 7468dc23a4625c9c0987da5f083880e0f2b4b0a8,c7cec7b53d9017d464bdfaded0940e325ca885a0 8fc713b530441790425ce0044e0843cf3479d069,False,False,False,False
70408,a40c5840c4b87c721b3508f0338dd7d27ae70700 db284097bb4637afdbf1463cd7963a99afe17fcd c1beb2f82e123a895e89729843acb2de959fd8ab,319aadc555cb3b2740aa2835acb901dfeb0bfddf 76dc61d548412083054fa6311ab8dd4bac74c84e 08864e525b1faa03044dab575e8244523592f806,70354,eb4380cd0f542a6685eb0314578a4c3e6e8a9b4d c6d091831e7e720525890fa6253abb833acfe858 891e86655102ee7cb857e31a05f6e162580db13f,b099868f1072ca2b17260aafa621f677fd5174c3 87fd63c9aabc04a65c3759d775a66a19eca4d252 d732751afb2b25188dff890d9c98240367a40db5,False,False,False,False
70168,b2ea478a66caafff43cc6fef12d1455024ba2df9,8ed7e6d83c7ee965331ca39dea66dc56e7473fdf,70432,99a36432f082272155af6d94718d9cd680c1b037 f4075b65d4e1008ad6c587e17309e066ff33a0af 828b52447573644bdb44e3c993ecbe722a43f64b,550352cdc0731f8c6022b5814ff3757738aaed68 e7d0e2fa770eeacc0a78e54b38b9ac2bc4e6f02d c039fdfaa70f691d49c81a7d36b3b6386635d563,False,False,False,False
50221,,,50009,192d6f124ac2f06dc622494627f9893cc239772a,99c46e26f453e5f1cb9aa87310eb772b0a110a80,,,False,False
70300,2d1ca58df5a904cb6f6951146aaba10535abb39e 1af9f811badb47c765627674c2835ac13ff64019,aa4af19dc4d755f395e399b902eff8c0ff448d57 eecc40aa730d3417c4cae7e7d051d62dcb42c218,70194,d4acd67b48d22b4bc7eeae7ba8b6b084b91affc9,07d94847b4126a577c1bf107de145c778364501e,False,False,False,False
70446,3c8d750849b1150bb1625e4a8bcacd6c22795685 25603555169bf9397ebbb255d8841507e3a34129 f4cf2c7034e371839ae81ec3255ec62cf0d51370,f15c6c79fc9e346983e94c6cfedc3a888b142cb0 33dafd000f6b786ae553b277381b1878ded70a09 8548e86600a2682df789f8c000e5cb9e92bd5ded,70211,4388be34a11a528a9a3847e9d8a72b8c65a0bd20,6d63425b9a597ea0a558aa861a2ffb83e87ee0ac,False,False,False,False
70154,ccf6b9b98e4517db13efb29fa0fe66353e23ec36 4a42851ff5bbaad7acfa49dfd075e55196fd05c7 d34725b97b2b96b05656376db617b3fa69e19554,504685f76856b3bdf6b95d43789bd522a52b892b ced16026eab08c08cf0f8447f94feed7440eb91b ba469ad6cd38c35ebc40b78381ee7b91649363a6,70398,a125125fa7dd8b7ea1e57b39e32c8195e5159b95 34304b3d91aa9e0dcefd1c319d1e8ef9e60359c3,a5b06b53377fd8ae9390401d64d92e5e192cb4a5 81a13638fe3758722da77255b8ee17ecf575ea8b,False,False,False,False
70243,8569cdf50221543d4e5cefd60212f3652d12270d 49a00cd7c62ede228cbfc150dc1a6136784e86b0 8d35759d3d7ca59ff15325ef21e40a4e2e92b30a,324d031cf73e0a3c206f48dcda4000a61d8cece6 c195de80b7574b92c3619e3937bf5650c2c3602f 3a325e7b0ad8a7139a3e71842b0d8c3201015ee4,70472 70186,2cb4301c8dda442909b43f2ba417227c1d93bce2,6a374c0e67c4813b09b8b9de1ebbca43b85f9680,True,False,False,False
70388,33b1f654eeb9947894ff41b0b5321ac8704cb006 8e1a93a2aa95171d33bba72f59e03da3f9cf179d,b2082e0eef43b7333862072e4004839ad0fbc69e fb43dd8a86921f6fd6286da83b014fa9f7705b57,70070,852b029d2e6fd7f5ec4c28df7da83a415c9b1d1f a6fb8b721517133a371cdbfd6635faf08a4e52e2 e0d17a88da95fd07af711b86622f24a482681ffc 008a234ef6e4354444ad9fe2718571d866a47d82,490708a48cdd97814878e392e640c03763b5d6ff 68221b87bed75e0a911c54a29eda94f86d6a1451 ea8e7961a1e4b83c9087fee96dcbd6d89cfddc78 555f3e60d72f64a3d54fec953f327c7a4fff8c00,False,False,False,False
60332,4acf146c2e42e0380c83684f8f2ec207c0506a22 42041d892ede43cfdb75a1d283ae09d1ac34cffa 88c7a66255b510d0bede34473c6ea7e315eacf3b,2ff5356e57f2e868181f3cb0ae713469e14847d1 ee19a0c68281e6ae42805a52e398cea4d180e7e7 650c4632f3c9fa93d5711f44c77126e38bef764b,60360,,,False,False,False,True
50209,,,50006,eab2944cbcb51004b09812ffe47c5958fcd4784a 4584e2657766cc90ce19ffb8a97deaa125b8a0d6 070889336604a9f7901d4ba34edf18149a8a4689 55b713175284e54ab322c8e23235e64c77c23dee,81f81d8d57e77ae26428d3b37e3085d6fa21e9a7 791f7c73b2c6b4fa2b0a6e1200de7bc4660efd4e 86ae0d6d20838d6b1416e6206f711c116e5f18f7 5a753e5a0401e90a39be2dce13af59a0b3bc5eed,,,False,False
50134,,,50013,1452b45eed741e357f5868fc29c0bc8d93737008 fc960d80c5699bed2c19cce0946a8c2ed48e48a2 47bda4a80ea40e93d3b44af5ab2ba1f3a8665899,f910524dec581f873238df68616b3bd50f04acfb 5d348c2c3fb687ac5844962a29517d9cf3d093e6 f781524be4fbf25f5914468f9ed6471c8705230a,,,False,False
70438,0f8e27030c9302bb4b5afddb978de76eb3a81960 d95408d7b773f3b99f47936a3c3276f86d1e1e45 93d389a45f9a6c8952a32dbed515e70c1cd6072d,3cd0255c611a05d2802d107ed2a1985627bb4a17 992f9339fa7b7ae0483857100f9c47baa85ab848 384c6ce77302957e7a09558e272890d8ec71b74a,70104,75cf1c7ac6dced80a3105dda811467ce3f8cc6f4,16326ed09322e2da55d6a1eaefc261f7c6db0aaa,False,False,False,False
50141,,,50003,6966fd8ce3a9b88ef49b74c2e7eda1b5522dfb69 bc62a67ee3033643c40ae876f87cc6286f8f2b26 f7e977926b225ffbf49e23c7d867ccf488c38c68 509bcbf875e39cc815f0522d3eed49226ad5f557,5bde3379e39096bc07f40300ff088ec6fa078c9a e37362fb6d180fd90f0976ec486b3fbaa6daf489 8ea4a6548840332faf2c658f3264755710fa52c3 6c0747afc13790885530402f55b850590a70c5d0,,,False,False
70136,b14b09efd77a388e6412b3e8a7bb1dc000f46d0c 02bbb738351ceeaa872f3e2e6058d7271b81a143,67c005b17bac5c21324d618f194023288c06b742 c273a3f7aa289ab9d92bbc2b657a796036b128b3,70190,814ed49151f94fd544a301fec0cf5df38a5da4a8 75dbbf71f106ddba50899acdb084fac1ddb9a701,e1dab633cd00ab29c439ed349ab5413371495031 b49b2898e051bc548e674ad57faf984c734afaba,False,False,False,False
70425,484f736897e3c76d9bd42715cf7d900597761721,f8557b027255dafd6fdca38f534c5c2e3b66bc28,70177,b215f4232fa0bb7bce16a60dd1c5d2ea4587993a 11297a277ade751ae240f03ce0a45eaedcc5b842 6dc0111b360e305d0e8a00c721f55204a53aaf78 0b4760a430b779ebc466f2f29461f7a1d04a9d80,a03a5227b207f3bb10fe805b1c8aec8bfbdc5f20 cc3e5b3b006d753434ddbe0b3793a0fb742feda9 7d20077ef53b88a64e61a2a31f5f186a9ac0d950 ef0dad7f541f3f370d5f6e03b511101cedc3ea79,False,False,False,False
70033,01ea1d13670119066a833070de2cf4b183c75904 db5fcb69dac9758974084d29dc653c0e9de59446,04ecff32839af6d6d49a0314bb291c347ad87c4f 7709e697f3f44ac659e9ef943f50c083bba3882f,70463,9528fa6f1571e03472e3920f9b4782e9c93d53e2,b90c7c329b1cc2e805d7beffa7082ae127060caf,True,False,False,False
70470,f845f953a0dabde074cc22f8efdb43e1b2266bec 9a5b7b7fbc92f227498aa22e37219402e767b622 a07f19c6b1efd20ac8d1e6de72c24030ded22ef2,abb597329671e2ad018402936cd074c43f538dbd 91f2ec7853e28326e069a8f8bf1a42c5eee4bc0d 86daad626f470e86641e5d1bf1435717dab2af62,70279 70260 70403 70470,3f5bdfcb30f69f3f19df221719c253ace1c5976c ae9de21770b8873759aef0705ce7bb226fd3fa78 bd4fdc9f9641b1a6e6f05442fc093a8b0df3120c 37d58c15d7389572e1b883aefa145f918ede5435,4080b5c2b5138ae167251163ae209218462779d5 f4b22b968fb5fd18672ecc42b40add44ddc33df0 916c1ce34497e2b31879828b4276d00705550290 e72e826503770f5554cf4ddb9b37133297cf338a,False,False,False,False
70357,9db29189fed1d6ac8994dced97bddc3c4fdd9ebc 2fb633361a9ed40fc5c3e650b755e582409675bc 9aee650ac17a7f5ffdf2f897a3c725ecfb3adccc,72ed41d32cbe6c210539fb2d76e57476d4689d3b c915c81f8466f4c20b354390c5453147f241f4f1 7d38635a1df88eedd7f8e2e0a5765775e38ac985,70348 70225,df67f64e08a8326681fcd69394b3f8991a479f62 352a2a316df6f7a271861bd2cb935fe44dd54fb5,e4aaf1f5e5924419eaf5c7b83c6371883b76347a 8fe01563236215f797be24829ce34999b1fb364a,False,False,False,False
70390,dfdfbc46cf5cb3c0ebae3a2dae095fc2e6b03bed b9c09969524c5fc14f45903e691856beaed48fe1,8ff953ae8a08b72aaa26624f023d083d35e1342e 7fc94683484a34eb8044637749e8b50834216544,70206,333481b10da5b38cf6e24f8db3520009b0302559 c787cf9536fbec8bc1021d7902fef1f473928b9c 4b85a644b0f7475b7dc54cf1c89384efd309c0d3 9f39148293cc7d749c430b8b2a66e38d0cd36414,e017c49d16d45fa7af7420bfd907571274428650 5b2f58ccffc5d5b7c9d65d3907b1f31120512603 bb0b4a2e393b27ddff1462f5f6044406e11ea7fd e835949747fd7832376e757facd2f608d95178a1,False,True,False,False
50232,,,50013,1452b45eed741e357f5868fc29c0bc8d93737008 fc960d80c5699bed2c19cce0946a8c2ed48e48a2,f910524dec581f873238df68616b3bd50f04acfb 5d348c2c3fb687ac5844962a29517d9cf3d093e6,,,False,False
60236,d5e3392a4a89f8a3eb83348b1191ffe3412ba527 10bed38aee1c4a081a8ef3244f2badf464801023,e35347ed960aea1650f133e2739efb11a4d06df4 4a99a6d3eac2813cb35aeadeda9b3fe5de2fe46d,60256,7138fa2719d6362b03025d85d2e84284b46360d8 86aa6242481f0fa932c0eb93cf439ddb44b17809 425122866eaf30ec58180089c5c1a05b0ddeaba7 3c9c86dd2a4ed0574a8a525a9eaa6cfc228e67d1,3e493c6028a56d53dd176a0c206202caf69996e7 532621d5a341772d62fc1671cc8e726976fd099f d09ed0c911f8cba6500d38df531ddf802a1aef80 f0428780982d268a8a3eea3f66175d9ea3f7749e,False,False,True,False
70413,e3cca33cc288f5548fd654823324906c1f437050 09f2f9c3a081f60dc8f9801a9ed45185046192cc,a2e45b266e817caf73162583ee2aec99813008da 0174e41c7781267465bd3fb3c9c400b58c7b3580,70370,e396b915cecec19a900e46dd9e938f222ad9da7e,4a1aa9c8a6b9e3974812cc38fe42f0ca14827448,False,False,False,False
70253,8e458fa4aa2735ea0b561393afc4cc55244a0ad0,2a05c8ae8cb4e6697b01e2093b9a02ed19af3259,70120,3732f4a868683d4fba8d7e921903f029e0d84485,618a91c72ac936a82c2d7d6a943cf4afc81f1801,True,False,False,False
70313,86dc7fa0d232cc9dee231a52b742bc1c37a5084b,3f70e7fa2cfd7c88faf5ee57a9c1ec92be5c6000,70483,57e36aef6b90bf0e6e7cf25662c7e9751e80c0df 75145486737c072a4ab0b4b31223e438c00ca3e1 aef1ad011547ec734e91a9a706f4a3948dcc0563 76001a5eaae1b491f4ec1f6c3e176edb9fefc35a,76af122b9083ef96b0080fed60c9594ede8af009 c694e5fdb93853640684b680b571b14ba662d09d 15c32a1bcbcd3835af13200423c0d7e2b344955d 88fe791d029073ec9cc2773711f6981b8e437808,False,False,False,False
70374,3a63c3d007f3fbef1c49d40846cca2a86cfb6d09 53f21932d7d8dc20a262ff9254c298c7a2e59ba4,337a40c799fce41fa2c89b92c160526de87cc2f7 675be020b75bf1da39033f21862a4de591fb3668,70104 70414,75cf1c7ac6dced80a3105dda811467ce3f8cc6f4,16326ed09322e2da55d6a1eaefc261f7c6db0aaa,False,False,False,False
70001,b8c5933aadd78974a5d3774a08cfb2e11fc148a7 a5da90049b2529391648900087b3bad88ed14c17,47718a6d50402a3190513063facf4ea0716f6b63 efef0afa1c1715631f2589f1088ee9edf355934d,70115,8551c9680c4a4156d4e9d6c109aaada86f978e13 432849e4c6c4241e7d22770bba94cf0956326073 427ec12b7764bc39cb7f6277e7a52d9bfaceb39e,a0bfe636c48c73acab9fda21b33ae9272d4f3bb2 85855e1c8eb7e8a51be8c3d61fe8ebde187d2e17 be5fa4d8a3379bb5363b802e4b37c3aec9086ffc,False,False,False,False
70315,13236339ba4c78c14e8c48de7aa8f6c7bdc5a9fa ef6fa1518e450a116537b6a6c40bb9c8376e7f5c,29d5037a9f03a3db7251bc38b52d42420c9398cf f438a27f29c005fd0b073a11cb6a356ab22f43c4,70002,807b34320a9e19f67c2bce9fd6f9634a79f3790d 110af4a9fdaec695a4b8b917208ee8a695b4e4b6,f135c425a37e3b028cd177b9533e5c51677a890f 65eacc2a0c4a02cac133d64e73026579a582d4ac,True,False,False,False
70464,b86dd425112902f67e6338c5445d08d71e248bd6 94ec53b51a13561108ee6f9521f06cb5cf96b608 9eda2cc15a33e62f98c1c9b9feda25aea089b041,42e540af23f787040c4ad869a2389b9d77e0cb94 10ee156af9604219878b02a92b89baea261b5b79 c7b7d6b09daf32bc541fec60d8314796c95e6848,70136,e6b8a73a6a4f161e6b9cfdcf1c4e9aa5a2d6f58c,74e1c968d5d5425d13bc7296b7cbdc56b1ee3680,False,False,False,False
70409,0e4a33ec02774d4218a4f53e36ccdc4d234a29b9,928e25b7ce53b2d5b3f893ff44541bbcd7ec7eb4,70192,b61d6d492b55f95e3e77b5e6e527a4b0505b7e8c,dadc5bc47d358015b1e99bef1b0ec7633c6eb895,False,False,False,False
70326,a4676640562226dc62d36fb146b6b4eedf1dd8f7 ffd88128a6a5c7b1097d6920ddb397a2693215d3 119bf65fffd3a6b77245cee909cf02608e7e31ad,33fc210df97b0c6b5fdb1c4ae4bb75a73e5fd8ca f24b0d08d2eecd26857951a51002e7908d626a39 d1e8c9bb0edacde5af23ea598caf1000d351ebf0,70038 70230,e14249b1c2f4fb32eb7efdaa3fb2742746366edb 703d75245f5cb22ffcd320eb06ca38a9386c0930 85b425f95d973711ee863e800078a920f7272ae3 2d2413cfcfaf3bcf07191afaaa794b6e938c2d02,c86f986a797ded08c2515661a36467c3e326521c fb908152ee47d48cfd63f5befea5170ec67825dc e473313db6fe090ab66068d51a624c046c6fa699 dc04eb692fcb66296268dbd0c481507dd8be39c8,False,False,False,False
70318,bd510aae05ac53af6b7d9bde1efcb773acb04014 ce49496eec56e6986fb07e3d5c41b94989d357ed,f4e541865c93a773108da8ef1120c0c677b5bc57 946943f1b7839fec65b36c2fc8a5fc811e2deddc,70350 70388,b516bae3357c704c51731cdf228157596906f280,63fb3fb9136eae2e7d44ef431e178be9eebd9421,False,False,False,False
70006,d2386f4eced8593ef62c39c518796b598396b3f1,cd23383ada368eceb9fe546aec5c3a8777c5fffa,70077,da07f116114be65b122674eb6029968f0437ab7c,49dd62dc91c4a9122d24d0fb95cf5a5933b42ebf,False,False,False,False
70350,d994139eb60bc26b9ce56311341effc5d5caa78c,8c1b1ac3b16afc3e713b4b55494e2958e3c696a5,70369,485bd0be376b4d811380d40e22d9f576cf1f6445 337fd4959223da15141183344e5496cec6d74c1b,45cdffb85386406a057f521820bbde5c796abad6 332986ccf4cc2dbb2ae73d5960b7ead05b206e74,False,False,False,False
20001,d3a5e620244cc46a843cb218e4c27e2998ebcaba,a54cf2e33b3a16a979b7ea20805d762a7ce761e9,20003,ef18913bf1b4c9bd62404fba5c14884cc9750638 5f4cfd0d44d5c78b9b4436fbb16e8ab26310b0ac 6b954306317b476476bc9a1c13f19309b44085bf 5bb29f32455edaf9312fa3b2c1a1332153d06b16,c0ce82383951944d529e5b1a60f9c6a1ce9ffe3c 925eac605fd5d4b7ffc5a7e61ff572fc5a185a4c 0323e4de7c7ab76aaaae1c62f1fece98f67fdff1 cdb12510ac388109a36b11b633753f0b3d0debc3,False,False,False,False
50204,,,50012,cbbdb0b58897cf5c314e28161e232678f515c1ca 18ac4c8193d99e8b7c14af33a72115890ed99fc8,9fb5e2607650c8cafbd75e74bb8cfbad059ba5f6 16cf0207e2f308666aacd5ea41c6a8a6f923fc9b,,,False,False
10103,35b7e07ba0f7d37c37f9cb494368108f30bf6133,d4ca58208a2f521c69f27e33a826a2a59549e542,10014,8d89cf05494bf6d0ed9281a7319f0cc1a2677926 71f3a19b08d6a8bfee1e6c715b9076c739c6e84a 11c9346689b0ef8d8331813414da2c353bf01c8c,8623d77db7629671cb2bf576c0ac00c78475bda6 b2f3beda1dea385237e9766bf39ef58e665e278e 8ba6144d4881bd4ae695e271b547ffa3526af7b0,True,False,False,False
70088,bfcb274655f0fbd63a9b656b146ee06abc808438 b27281148ce5830053f47ca7972b14aa58936ee9,16b98f1bad42c20d0efec289d32bab841ee03260 f8c87f892f3d371368e38a59fd2bf0c75dd1cbdb,70072,7fb5b5b21ff6a326c75af189e896fd88103f8075 4f8e2cdbc6fc3546bb0e00cea4e6307c03ddad34 f99036f38892691fff6919f32c61b4482f172103,ced7a362d438361ffb27b55b138e8d9e8816286f cb0639cd4ecbe6202f017b317b24e2c40a51f0cd 6afc23ba0423a039ccf82a43e248e9018c8f2e30,False,False,True,False
50225,,,50001,33d2961d00cc5581a96561b3c3fcc31413c26231,4dcd70d737081b4e925fdafbc8c87c7548dd9c6c,,,False,False
70110,23ff36b308e655190800ed2b8c234bebbe812757 87cb5f901719c3e73dcfe8187523274d19e30bf8 ce8b4f9fba4d632b23edb13f1954eae16326604e,3d0866c560177c44bc34c96be37efe4e1e3871f0 4c93ca3a52c6e1ae85296af5e1693a462588b2ef 775f0199606a7beb42f40da7f992e18f9233d9c8,70071 70213,f94774624ea9fb0c3b782efa45bf1ae764191817 d6bafb18331d9d725c7b070124daabfdef1848cf 46769e803840dd9cd04446965e3b5d90c8273430,a5da052293963c50a9b871d3a2a5049a803e7c79 fff64ad85a45f50e43d9c46b05d4fbaa5e21d895 4ff26dd643f9461359499f5cf8c630b98a6b3b6e,False,False,False,False
70335,64090dc62de8106b71bf37ab003786859a8ccdb5 6e8203625a53d21c6a7943a8411a48daa61814b8 765465518eb5bf9458158cd45cea2b634693daac,71b772091e534a628c8e6c6eab6066ff30f0f388 12f927452afe9a2333ef43b894542334c531bd3c 2d7d67c584a49f6c09c5c24cf0c1809ebddfe73e,70398,a125125fa7dd8b7ea1e57b39e32c8195e5159b95 34304b3d91aa9e0dcefd1c319d1e8ef9e60359c3 32e0b90e38914fcf5d5980cc0022e54bcac4b3e1,a5b06b53377fd8ae9390401d64d92e5e192cb4a5 81a13638fe3758722da77255b8ee17ecf575ea8b 9ad621ec515411db4eb9d84a667f77c8c400c272,False,False,False,False
70221,e3019c6a59c7c025e16636ad81faee06e363f33c b965a3fbfa34f6972169bc66754bd7910eb525df e230dccdfd336893b6b971e15d1c10a4b61ba0ec,42e6de905b18059e7aeed512aef4126427962618 c39dc01293cb6f69e589c3001ebc12b2b9190173 16cbc014f3eede1057f2fef551afb3d218c1a90d,70396,26dcabb8b55593809a72abfe32123d910350d70f 0a79066b01b0124f3bcb28e46dbe2167c27f4959 d9678d277a8794ad892dc084410d3df8ad5d7a86 ad1dc5bb6def915febe647a5ec4b713675022d12,ae8384bad211cfc617532a0992b8f9dfec0288d5 0b43a5118a15c42e5acf72091d0a6e7e4e8b5666 6a62e8ef6ee15ea43d5f0bd76a3abeb4c607d497 1f79010fc94b11270dee42273cdb36c7c04012b8,False,False,False,False
70356,1e73a1efdd82a7e228607b3482bd3112483903bb 9fb609edeacea9b88e83be959dad24e73d299d11,568d32f1323e2cc6b011325db05ac15e8dfb0605 618c82ec84cf68994a69a80a4f560e1a1e603a8b,70487,92b4d4cb24ea55a4c554a3d4c958747275a38be0 f2e7175fbe0b0a279317445a2011f55e0ec86267,3cab79f517392d9b3536c1ad49d14cf9873c4a06 a2e194032acade9a672911acc911f8ef73163f08,False,False,False,False
50146,,,50016,198acd55d29c5d396131876a60b7a6891e32a5d7 ea819e55c6800600a7022050974a7b1a948d7be9 f4450eaef2daf585b283ae63cf51703dfd3cae8f 31b30e192b2e996666851f2c7b186addc5fee02e,5aa6e3c93ecbb431ccfb5b3cfa4a0c2d32479069 ace4bb862322c046078b78c198a6f879aa4c0466 f7f694072510d0ffc3248a4f20bc3769460f7083 108c616da8063497b46eccfc1b0ad491c60b998e,,,False,False
60037,4e75cb5cdb85cbae7336d78048226818efdd4ff6,4d0a503a88d042afdd5cb689126064f1d0aa2020,60112,3e95ed3e7a7769ff9456ec258c1f509b4b548e49,11e81349cbaa6e58dbc175316591858c573248e3,True,True,False,False
10009,9ec30892c442a5b24ab2b7cf80e670c5b8c8d5da,b1daebb95395e6814652523ee1bf9b63c8be5eed,10008,1e64b1abf47012df7e6dc8877bf5762ec8d958be d980576de03291e0f3144065a97ada8d3ae47719,d6a06bfcd97532a9250f4b9f761191fd632f3fac 7d03b96bb36640411d9b99b30347c4bd23827b00,False,False,False,False
70309,163beeef50ad85b585a525983f645ac39fefc107,1fd495059c1ae5274df6ddb5c9282f5669c00054,70489,2a41e9376bbefec1bb7d736ed188a8b78180d525 4a40f249bf36746576f997d627360a46c13a160f e91e3a213aea5d8345c0a4af4b2d6f0d2e28643b f4bfe289a23e384f189aede9a1a89128210b44f0,41d45b8d1b60f6332439c15111b594a9633c7a3e e9b964b40d3779ed165596ba499cef7ec4b590bf 22056e052c09d1b1fe124f85fa45e09f8876cde4 e50d795f42a342acf5cb74a9c6f67f087f0b3f45,False,False,False,False
20010,7f9d57615af9bac6ad7d0f40b5fdb079bf7b05ce c1f5cd4c97dac23621fa65e77d1cdcfd0e31bcfd 79c0be0692c1c096fecc99ab697c90d3fb603aa0,61a680b30f5763a0fcce9c575af15691a1c94d6e 694314c62ca5366ce056a7aadf197df18e9f7c59 f1a6160f470034a4d8fcea9faed4a71ca1e28318,20001,51feecb00c473df20f41f3dfd19e887602c57684,22a0d30b60a1487d8cacd054675c545fcf8fe6ee,False,False,False,False
70164,e68dc1386ab6c1d82ddf6f3ad953015bd2e845e9 59131041ec11b73bec1285fd4161e060398849b6,a4e843d97c7c6fca01ad37f21cd5d2df24fc0494 dc2fe509d73e859a0f47f47f7fab582c061a5054,70374,ef470c085275365c8b17d003887d18d6a644c290 90e605f3af9e0688eb2f138096136b40905bdc72 7dabad4926f8822b9b44de1ec04ba070b7deb44d,022755c07ecccd961c820624919f7eb9fbee39ab 52245edc858d9d65783483f3edfc6bc050e8bce2 bb15ea9e02e9380979e6ec20c526f905c1ff0d50,False,False,False,False
70119,77b61d8269f9ebf6b55e339d5b8a247c54544afb 76f9e1b28bfec73297f66837273bae6915496ddd,f6a24f6aa287c5a06b09eda71cadb362fbc26b57 634d7fbd4858224811b2b544c045487ce3430700,70394 70330,f0472b1fdc4158df710d87949b78a41478958b77 c147ef172910c0e2ef4eeb5cb0b4af55fe6613e7 29bc2eca8566a25170e693b9758a83e8bdb0baa7 25766309fb078213db64e28b8c65dd8fd0eaccc6,6526fd980aa3d272c8b4a3cb3a9ded8030a1ef4a 6c71aa964362a34aaa7adf3d576da2d45c979454 c4cabf1c8c691edce91cb008f71fae7f83a3c560 42d760ad1e140f7eac385d6ea4ea44d2e95cf521,False,False,False,False
60009,5c38116c7af3610d768aa145005dc221c46552de 1044ef4e12a89c7fe8389ed4b5473713bd716e8f 724d1d886da6d5bc90368025d07af2661928f4c6,604d63f22e577a9dfb607203e440a9a692c83871 037b598e6a60bfa1ceb2f182ea9298140771b631 87fde3541609a1319114901ed01e0f7e3f8c898d,60108,581f91096d870837195ea46020edcbf58d8a07bc,8d14085c282c96aabf5adccaaa153a0a183283d6,True,True,False,False
70178,c9550fb8030ad3bbb8c9f51ac994950495412c89,169d8d256d1bbb28672f9caddc26fe8ce1451533,70200 70215,580e3f97d4272d65b66adc39904da8c9f86372d0 9195061ba75b3d2581b20e714b64be561f928e80 e4bd07fa1f67aa994c8f658763327f9b479fc906,3f37ac8e4287acd46c7cbe2d0b23474d2772f94d 9b4baa1921238549b7098ee50b9125df95921f1a 30658fbf5885962be3958846ae76ffedd71e7125,False,False,False,False
70469,784f5296a5202dda360b4d8f3e8f335fe6fc52f8 07a59c2c1b047f3b43353d3239e569d938eec3c6,aacc69a7942afa8d4eca2ad1f5d6fb17e54f8cca 130573d0787a0834d63e827c7b318dcfd5f4c122,70453 70179,ede92b3e9ee61e9a9d1a69cff2fee4f417dfb660,39ceb5af7efbb6eb51ea2cfc86ff309bfc050f27,False,False,False,False
50179,,,50006,eab2944cbcb51004b09812ffe47c5958fcd4784a 4584e2657766cc90ce19ffb8a97deaa125b8a0d6 070889336604a9f7901d4ba34edf18149a8a4689 55b713175284e54ab322c8e23235e64c77c23dee,81f81d8d57e77ae26428d3b37e3085d6fa21e9a7 791f7c73b2c6b4fa2b0a6e1200de7bc4660efd4e 86ae0d6d20838d6b1416e6206f711c116e5f18f7 5a753e5a0401e90a39be2dce13af59a0b3bc5eed,,,False,False
70174,6ac0c8da3bedc8e21d89173a5444ee8c8d8837ad 722ff1ba83be8ec4778b680d6434cb00ca3b8d51,cf34db5239082ce692c9e91035ae275b09debea6 51d971c86954bc3e2adeec9e9ea4355ab623cb9a,70256,0b4274b06121455f9f596deda28ace6d6b3905e3,22cf00cdff382321d1a97ef70ba8ca916a394924,False,False,False,False
70231,cbf77d0c84d4e22e355e65591a02b77df35c5a68,3414ec46420dc3d417c42291bc64b0be95f06b7c,70052,48365fbf23d1cc42789dc2b6bcb83ad337e35475 1beee880a9041eb7657c1cc9ab0620a5332ebda7,71714db2c2a6ccb48c21860a418e985ef697189e f41781ae9130d9fe5e4a2e9431683f3bf128f051,False,False,False,False
70489,28705f46387340327202daf3f5b0d36d016486de,b6c4bace5d9f3564be7fdd9c8b2783655161bbc2,70368,1b0b8b9e63b3dd85bb9a3615942f0721320b4a85 3482d59e6382f1c02448baf6d14b2404ba899ea6,4f605ee69b7af375e6e3c302ef69f4326102cd62 f9cc280957c296571d8d0d0b8d36c7d0dacf4dfb,False,False,False,False
60314,5746df08e8a561680d440f496aced2fec1447031 ec90620fef10f16a4a5a028f53cb0fefd7daaf70,38dcd0e6ddc5ed3339156d551b73dfb0ad0a59e9 182cbe2edd9e3e77a6cbf5c9cbed0a86530e43d0,60356,,,False,False,False,True
10112,6e12b0cfd0c8dd08f284f101c29d87cb22b6d000 a4921149c7d6302cc0e2818de4ae5a94c7d88cd8,ac3070afc8691b565cf87e1b040e2f10dc5ab2ff 3465cc6eaa53b009c7cf4c54c8e4efd6c5f3eeb4,10014,8d89cf05494bf6d0ed9281a7319f0cc1a2677926 71f3a19b08d6a8bfee1e6c715b9076c739c6e84a,8623d77db7629671cb2bf576c0ac00c78475bda6 b2f3beda1dea385237e9766bf39ef58e665e278e,False,False,False,False
70176,fc297ea00c5deea1fb12a882ca7de82de0c59c5e 6bfbef50f465b7092bb1f59af66333bff7419378 175cfd9da70bf194ec2448a825bfca5717460050,7845243a4588d0322c7a9606aa6f7700506e8151 a91158019ca7cab31d1e2ec2108d06338c0c5516 5bbab16ee588e1e8a4ac5e5867f41a244e4f0fe3,70164,f1745ca3cf777b4387bd1643534f952dad00d3f4 599e58102a156228b2609b8e89daf5c25af3e854 3dfa23714454655ba29f78a9a33e97519ebe3472,faee2fa50f1c097c708f3882c03bd7b32c625487 12aba339c085982e1fd3494f78c907ac094e8b31 0b2f897bfe113a7ce11b8925d0c8c9337e280f97,False,False,False,False
70118,2fc1573794325859c38434d0360bd597c92018dd be6d96b6b59f734b27a63b231c8299af5efde978,40d79cceea43856379a4ca16bcfa6522ed7237fe a03addf28c6f91ac29b026a4a6fb065dea030278,70091,999c3e0e49f6ab14549e9df70df99480c1ae1abe 2c99e6f6f4936f69cc2b403de072dc3f56249a5a,58116f686d3a660a8d7cabdef6de09eb700f199b 9460df6ab8f74508b7ba101befe4d12727dd85e7,False,False,False,False
70312,6ded91fc0ff254e7e09aaf860b3ff396cf3360eb 81f1669ff9b13121de4c6ef6160eb45bb1ddf44b 4d997fb9577d6c9eaef46f0c5660e70d8bd75c79,6d84b3e23b50127e3a3b7b84b6baffd2dfb67e0f 60e182e26a1436548885b199e1851cdebfce4bfc e22154e362911c1fc7a903f83340317d78c0a501,70455,445a3e8f54c494380588e04eb6770a30a990774d,c253246e8ae681e646bfb6f30193616b6145f8b8,False,False,False,False
50144,,,50003,6966fd8ce3a9b88ef49b74c2e7eda1b5522dfb69 bc62a67ee3033643c40ae876f87cc6286f8f2b26,5bde3379e39096bc07f40300ff088ec6fa078c9a e37362fb6d180fd90f0976ec486b3fbaa6daf489,,,False,False
70227,4b56c3cc03467826812d53e2da3cec4f06c1293e,b6b92f68bd358194209b977901570289e0c3d1d4,70447,9eb785e4f1d1b26be6d7e0d89259915a11625941,89c96ee48b9da5ecf01834034c2032a3a9ff368a,False,False,False,False
60224,7c6005a87020676c984abd0a9d958a5478c20b84 7935cce33d1b739f60217e6d453199bb305c8202 1fb2a3ed73fdab29d5f799ee30652c15650e2288,ab9861c342b552b81b99512a2a7a42416ef9ad0d 1f6e09204fbe2913f3599c07a3ea8b5999b71304 3b224c172dfb0f28fb99a612a2cbb0b19f6aa6e7,60260,31f849b21179d5b48e773eda57222ddc3c4927a7 c355af7c32f3e2968e5fbe0bd63de09f1b9d2b32 6821c0f2fdde653720b1a316913a0e3b7653b637 4d369862fe903984d1bee2d7b58b4c61c9356082,e7c935f3cf6c4ccea231ccd736facc26a63d4d03 3441c77fcf5901077731cf518a9acf1ca993d71b 617a2ce3ea54c1f50b323f8aac786d0855997715 fe8af4c28d087b988db495d1d7a15c4ddcad0083,False,False,True,False
70206,4fffe668186db203bd638e4a23f137a3815e4446,9d55262ca9f5981f632689a344f2fb25694af3df,70353,b7b0ef10bda0f854263e888fc892c17f2de38ce7 8493e1376d8cb9a02bd01de1d3427a7652eed8c8,86f101c7524cbb69c38a43434dfb4d0f55391a85 a117f5979e199416f9b5dfb3b2e8167e8ee8dd5c,False,False,False,False
70358,5dca02e0a9575b55ae8216887271cae15d31d0b7 f2f0df6f62fe55a5d3bc682d8ba30f7fdf9a3b68 0647ebac9722876c806855c62f001065c24b218f,72ab2605885762b7d8c3a59db27f7689dc781ca8 4e187682868149121c4428c4b30ce4dd75952632 cb8fd3c3e8a1a9ec5b0c04f1c94adedbff40f924,70189 70059,22c45b2048af537e7d2c1fc59377ab7777a9be34,10142ef86976273a4959be93a530efa5da55b597,False,False,False,False
40002,898357b9429c8c0fe21f81dee8a26f0fc090ac1e a180904f412565bf7a60a7b45ec23305dddd68ca,364543a25388dfcf42258e019528ca043caafbc6 66f7f85f6536d5cdc32530c7de49a45e6a49bac0,40001,d845296b1d701059660386a05dbc23e722797458,53593d88d9acdaa62e8326afe3df7002df848995,False,False,False,False
70484,267bc0a61014368fc9b65e888cb24516b220fa55 5522d3c4c6689a950da2e69b1b08febdd8dbeaa9,e4de972d872709ce2ec5970d79fa3f7cce5027c3 966fe27e473af64f0a044e3e6ee73025023fefba,70250,5f12ee8ba8d4a23e5d996fad8b0b65f92d1ee5ff,27a7c146260c09a83f6099627eecbbc8d416f7e5,False,False,False,False
60318,61cbdd16b5e170763de6dbd509aa47b26188f26d 68cd17e1e119a5389bec8ce5a4a0a0e81a636747,c7285063c1c9a6a7b76f6db0ff3cedfdb6d8038d a64c1617425c1db6d5532e99f5f95655d785d4b3,60354,,,False,False,False,True
70394,9f3302d2ca51f1ddb3680c2411083f82339387ed 9c1d511ffa9a2dbd8b57ed90531910b74c50c660 dcd90c40bfcba5cd8c8faa2c6bf0cc15fdcbf493,b98d9009b2bd619cb8d7165535b9a501e51b109b a011c1de55352fccb97b660dd48b12ce45e14c10 2f12dbae0f6984f774b6471e5bb01c2cdc09509e,70163 70249,74a90af1998b2fe6a36822fd9c38cbb58b808aeb 72b17e3ebcf2c50d07bb497c45142494d617483f 6cb7168e53de7a502c3ee9d1342486c434a4e620,06fa993b2e16f6a32eceaf3f150aa163d9cba903 b88d52176e539ea88babbb2f96326dd6ffb24509 772d1a1166f9a85e6a6ec922fb57d65ac44c51d9,False,False,False,False
10202,0691e17dbe9a7dc2c5db748d7777a5bfae71991e,57244054bb079fc71c06fb3d56a9ca74345655af,10102,f08f4bcb26bc9e028e8f18aac1b1efbd99cc60e1 50f12fe73ef94cdc9fef8d6dd23b8606af1a4352 7d92f5b4714440b58c9d14ba89ff894c90cad40e,a41ea606f931303ae9f25d1f57de17f322eeb9b7 70c240e59000bf8463d2f37c451740a6afb9445a 92cbc42428d2eb7c0526e16f2fdd4d65bc67e3b8,False,False,False,False
60301,0a3f31e8201daf514ebb1405216909417f9383d3,0456b3c588280c91547a5b16c1e238ab3152e567,60367,,,False,False,False,True
60325,fc0b16d9dd77f60f6ca446b631f095edce6c73e8,bc21281a5bb6e02ac7cb4456453706556cd34a4a,60368,,,False,False,False,True
70026,9d6b426eec328a8a5a3cd84e0aa02712143a0665 ffde9bc0576f79e2faff497466a8bbd6aaa11c5a,846c3bbf1ac1fbbf652c93772b1f8270e4eb37ab 5bcadbe6e49e99c2993eba2477b50133188a61bd,70088,7e8fe94959030c1d5c6a76c24124b82d9d064854 f7057f9dde70ead341f9adc10bccd4b1155fbf44 b882b23e72b3907bea3a57578ce13892bb794cf4,22bb2dd05a34f6c1202c4653cd170708a6b0df30 f1dc426def234298a0393c3a0cc839a05f1f99b3 e5efc784ff971f5b8f12a42a64d0488bad6e4146,False,False,False,False
60057,c2e58f09b255ece55ebcab7564ab36c2d2da37f8 f434e64092f7030685f9f4862827e25b19ec9ab1,e090dd96e594a83d03fe9495371695d307a837d6 2110b999766f5e5fb831e2f41fb9fe1653523a92,60129,c340f9f33369cb0d6f496f2d428c3e981c702422 ae285fe7025aea89ff424871059b7db422b7b395 0c0e72b717a03d9efb3ba0ed7cf91c58b840815b 162db38d04a492f37bcaceda9307b23c2dc21a39,1dc66dfc781b4209c9d5562c07ccc551b6f03caf 4b8f05398771502248096c794b3e7b32b3c7f2fc 10386c6b26eb4bc6c99e593a232156e8fda73020 a7af23eaa6057110f374c3f4f0b04f1e01ea9396,True,False,False,False
70065,f9cf5e89b992a4b5223d532cc3f292f290027f94,990b7cf1e12b38a3b380ff43a7ae9dce299d5ca3,70364,f5cdcef73eba907e438b734dcd3d705addd86b7d,873e8042242dfc2f640d8847069deafce39cddd4,False,False,False,False
70163,24bbce011aa3e08dc6499d042e79afa970eac768 28cef63ec17dfacbb482eb152e82175001359da4,1686096dbb1cd0858994cd702f1e9a01494737bf 03288808e98a6ef88d9f0684697a98eeb6be43a2,70443,dbdcf865d4c95e366773c8709dd2af41e3a3f91d 488cc14b456d5fde89781deaa7f40864b50e645b 946fc63210e7e7f6e0c30215c7a41f2f57943082 f1176b78ea5a1a3f5871cd9c290bacd1dae30b62,8a338c4b890b7b29829816171ac0a77526a4543f 3d5c0a2a07799e14496ec62864f443a210dcbf16 beecf532381276decbe6b48996c4f2e23b9ee52a 02648b35b02d1e7a52cad0ca8bbdb68285d82d1c,False,False,False,False
70184,45a6695523c06d720b95bd2dbc7ec5ebd57b359f 14055a35c7c989ace7348306c6b8dbe2e08ad346 0e280c8f46acf278c2393b617591c5c537d8f22e,ccb7da8ccc13ca42b13fdac96c4942e2d08251fd 3a388eb93564bf87cfd9c4d0d64f1606e9313dbe a17fb160c0a603423a9da9b997c36cf2655f6823,70277,61cdcce6a69162e06de58324d4d67bac61071244 4b86711edf70858e5509a4dcb43c52b7c4df3fc1,19a52bf1a94cd829035eba042d98bfcbb9b2453c e5a1302f0f16d312e134ed52d19ff440660664d9,False,False,False,False
70165,dfed6d453798bb5bcbc9ab4a65c4d9542174a6d0 54649997575c8709dd15b293d0146ff7ac265a5d c1dfa6fae0a5958c916054eaf70f9c7f3321084b,b3c4fff18d27ede8ea60dae92df9ba70980c7826 18d893dee382d7dfcab728ca50e7f4a6bc5388d3 3cce9844abda762eb33a9f821022a13a9f19a886,70041,6fbf5c4448eccd9434ce5084216f85c5c2ac7c18 9235075a6da502b925b4babcc01e5625f2e8244a df1a37676720c33995b110745b4936571216c5dc,c9396cae2473104da6e30275d2504471df44abb2 ed89306f06c96a47ef77f4547303976a404fed56 d3b7bb088d1f58fd21b31947026be79582ee7121,False,False,False,False
70429,8e826bc01e098c6552d8e8b028a41d6a3dea811d 8b1b916e09c8945eafd59159856e27b8136d2ef7 7f5833c9c392a2ba409fd2bdcd044ddc1483972c,4a7c50abc392b0fd4da43008d0171c8ad7579230 9aba2a7b99588ebb721bc8a3ea895583fe97fa86 d862dc9a541d5b978e36341f782b92b11242bc2e,70440,5e07b95a19b246128f5a665518c84b7a901dfbde,672731e0a30241d05e18a90f0eb31509697be0f0,False,False,False,False
70254,eb96749522f0b97c931345251d99c23e055f26fa 07580f2bbf50367d4229bf16e66a9e1b6269ba8c 9d4ff677623c3f145ea3dda6cce6a3179fd70019,632eddc1a2911de99b719bd0920de2c7e2d7817e 93d13a0edeba66fd68661e2a07d7fa034f740ba5 9e439caf94b8e430adc3498989fc0ebf29de0086,70333 70172,0b0bf66a3f3d4b97bf5a7595365cfb324609a13a 96bb1fcce809f47a7b90d8a69617f0245c830c84,f103fdb3eebff27e0645bae30f61c54b6010d19d 4b66671f01bbc71ee6133011bd008feba9e54280,True,False,False,False
60001,0079037fdf4f4c221f748c00b461753f429d27e9 88e8f0a30c887289817e8aa7d0e0682c9bab4dff c768b3f9a0422e268d25eb44efd02d91714802b7,74589b3b63cbf14a38eded65771bbbf0a8146215 cb2588a504910a97d39b37678562a7422f28f7d7 5e8c19e9824f16a3758d71e373ddabcdb018ff55,60115,30edfba255a3f1fdf4b704cc89b7e8d70c872441 8784fec516b8bf1bcc59b9eae0bd2953e34c638e,90806c28fbab98020971630d282a2c9b834b6b9d cea9a6b768498efd0c32aa9c1756089f26105b15,True,False,False,False
70156,9e17a6e3ed49a21b967a06e4abde78ad4568be37 2b7cdddb0e5b59251c6a553d578058abd61840f7,bf3fb45749dab88734c9ce28db88fbaee446e8d5 fef480e334639c59f563794c46ba4f2c236c9e2d,70134,4330d1563d948a95e925f820bda93c8c06008997 ed17653c1600527b0cb6a5001482d9249a47991d f472d19a40c48c26f289bb4f656461a1edcca0ed,75487d3bcd17c269c27bfb718bdba85efcc691f6 6cae5433a8f9df7cb2b2873bcf1a798a14fcf08a fc833210b62a14b7547d9f54deaf19938a07d0b9,False,False,False,False
70270,004023c98efbc7d651b34d9df7955fb3c7bca83e,ca73b244900e8096101e5248944d859ea27d6527,70015,6eaf3094d3f360702f13e405b0a995076fb57f7a 10fd245a38253db56bff31f549e8fc3b125c507d,8849b859788bed0fc4de0ea07e0ac27812cc4c05 9f05eb9b38f58dc9927e7927a81d8789e4a6c5b2,False,False,False,False
50147,,,50007,fc0090d54f36ba62d00b2e0477309b6a4618196b 71c2c3ad56976044bad33eaa43db5a718f426c09 3ea86043444aed175ceea5b60f39fffdd3cd0f4b dbb37dea52748a4413ab99561242e2e280d6ee16,fc8fa282406f97b4105f196e74eb879ea6f396db 2f4013d212a0813946f0cecdfa25818debdc508a 1b41e833195d99ea0ef5ae040c3af39ea4ed4b31 dd5e67c0569f180729d395c5e1ad9f6861a9951b,,,False,False
50228,,,50002 50228,14085a3c8802f56491353b2e83ac6accba0c8a8e,6aa5b86f57069e2a5c5a7c7345ba5a675b22e26d,,,False,False
70407,5023efa94174aa9ca3d9582d39751f7dc1d0fa84 0da45a535ba18f25b3bd10d509f7f9d8c77129a4 f640ba5eb6727e78d40c273830eb98117fd4da41,754bbe35010b3713910ff71653b9e22a1ff93493 1d08ad8c77ac8e324becba17c1981df68cf220c4 3c5828b48c320216da766b063f4431f28c8d7f6c,70193,530d209bedc8054bae310031052019650f66e003 a9c48e5574b72039c1769705fcc9b066ca5cc539 5106f545b00962e423fb059894d3f401953b2387 d82fc9b370906ce0e464870a49cda387c445c5b1,06a8ef788d13c6451d66f609b8dc35c62717532a 47563035bf7a7e8565015be8d3533cb710ed6942 a4a805c367f4eb54cdd0a3bfc29f1f3506462ccb d3065c6f6492dde0ecdf6b55c2f730e219022927,False,False,False,False
50118,,,50019,30c15f9892134434c54e4269f22ac67e84b8ff24 5c8986b85e85fb55c180b1ff892f5aa8d482f50a,9022f08d3a0181bd99352434397cb0cf846d50c8 f4e0f5546e6e680cff3af782d6869934670a8a5c,,,False,False
50162,,,50008,ae598bf1b4b971e068f70f57d28b16c4f1fce3d0 24a13b509ea96040957f5f7337daa4c52afd54c5 694bedbaba5c01f726c45809753119980b749c1f 0c9f0bc46679b336e88d7bec8c6a3b1d89901ae6,ce279b6c9006c2765f38fbbcf0ab61365759d0c7 a9f8b1ff352e0ca53d2eb301f43df64efe64d255 5a4e4cbb8404ed9b5a3069a86a93d4e65eb53129 b7da83fed76eb3171c5c72492b016e18a714e5a2,,,False,False
70383,c74278fc05931d5d6a6cfd998142f54b107a46e7,2efd390650a29f2d618a1e9445b2d4a79abe16a0,70306,b0f2825b496fd23200e79fc503d0574675796b0c 403ad41019964b3752e6ac955037d2f42985b390 35075c2d9da2383e837bec659fa91f2e9be7f338 2b9495e0f9cf4a1b102dac1afa994f2e64f193d3,bc390e05e1003eb3fe3d7bf87756fe24bd715a9b 6072c1a47c7cc47b551d5323aa80e41ffbd8ee3b d8241daa1c9b3684fa592675626da051037f7fba d6f415bcb99d60c241426975683758072688377d,False,False,False,False
70265,3aede5e7158074effbfd136c22415e755b424060 3939d99378f60043d592a8d929db316db6b06052,ffecb04726504a85158bc653950fc76e4fbf4434 12326fbc0c1080d2aff5ee28186561a626534458,70350,b516bae3357c704c51731cdf228157596906f280 e298d7a3e0fad2d3cf132d2e27f7722485778904 a6ddfcf2e168c16edef20aadc56c8b03e0041b35 da31384c952f2ed3863954f0f6ae798150151753,63fb3fb9136eae2e7d44ef431e178be9eebd9421 c25438865a4ec879558d71d49b95b8de50351a60 c556859beb16a1647edab0121279b67195014e74 f918fb1e16ad804830e83795f5244d680c2708ef,False,True,False,False
60072,8fba866a6e33bffe2dd72f607c970607be0d85e5 c91060cb7c501af416b028e57c1c8369eec4ac2d 36a01c3fb1d3a29b564678b7a6ed4cbbc0d69970,feca3160c6e3d396d62d17e66c6660aa82402176 a5a8e65755fc013b72a7b67196e1c1b268a74aa0 cad2c40d9fc0c9d0591174b144cc9dabdf76bb9b,60124,ecbb2e04e79b29643422349bef1588385b0d8411 f665f7e6f7e06a52f63f7dd5fdd85d3e402497f0 2fbf14c9c729bf89455fda072f66cb507c7639a5,8bd41731e45f653cad6c14e4d91554b6741a3335 1cce94f72636c05bf1149c3b45bf853281601bc5 18c607c830931a0d3f2fb02f4285d3607f542abe,True,False,False,False
70328,629bc70699566bdc07b11f0431469e2e04ab7f9b 853beda59597c63c32dea9cc2afe042c4b668df7 37d0e2da4e88fcc2169221d98362a5572a870925,d018119c7529693be8661972ae45c836d5761019 5c200cf97063f9c0a949ccff8f29a6475ec032ba 1e713bdb3f3e181e0eb98e5e937f6984b226a203,70114,e6602a6f893e5351b251610e6efdbb9b115e3655 862d032f46ab97411378d88dc8ae0b44aaa4ac3e 7eea4691360114c00341bdb6fd001dc9853eba96 3667abe1b737addf6151200559310e0327de1c23,f85e393d5b5da637493a5aa8b91dbee0cbc94f8f 6daebfb70b83e4a80c131218a85a13afef3a4453 f8b428ffae4b0d76aa241c874abc2fd8b3190f0c b321396f8c7c1bcab6f9cd7baf3ccdf0514ea2ad,False,True,False,False
50131,,,50014,c0aaf9fee51c70f721449c3b932675230e8daab4 e12b3116baec3b244f66c1d295c718df1ecf018d e0f0c791cbd328557b9817885a182680c0c79132 ed930c1b02e64c30ee86f14f1cea1e64511a36ee,684302d600144815d89baabffe86857c85817a30 afa1ebddc31a1ab6144f488f6a8ce3dbc9e61722 c1d41e8f84ce3f73c763277a6357d6d64aaaa8d0 f247e7e4d967bb1d61139bc3885b38ce280955ed,,,False,False
70140,531aee863fa51a3c470efa63487945f8bbc733bf 6b786d105f25714ac003280998409ad490eb1ef3,efce41249b5f6e2b42762f55d407a3b909596b89 49fec2dc12ac666d33c6abbd389a704171efbbf9,70348 70203,df67f64e08a8326681fcd69394b3f8991a479f62,e4aaf1f5e5924419eaf5c7b83c6371883b76347a,False,False,False,False
70053,f356140e870523ebce1bfd8517936fc201d7e27c ce99824c091313daf25b6f51077d034d8326ed31,f65e1bf7ad9f10b724acd0c7ef81e186a03eabcf 5c1995fe3c817fd4a91c2ba746c7411b9e8b3b9d,70235,53d2e78bb366bab5182705cb8c2b2cbb55863b35 efa4af039a53287fe94eed558404e6aec8ea555f aec2b6bb06c23695e5d258c749de39a424f8f0ee d673af02af4d54375e4cd1c1e7592bdbc8893747,67f9d82ce07420124125aebda0329ffea2eba15d 5f39d47fea6a9c70bab082f9409320001cbda497 284c11e20ade99dabd2ee20a7ca5636143fab07e 7e6dbf0235aadf61acb165a9fb8de4cee126d637,True,False,False,False
10005,d85c8fa48e27dd9ddb48c0b0221d379ea877734a,cda3cd415d487a4183970f9b8638828d230a42cd,10004,881c50a1428e1b04c524a7dde86db25b8f8cce3d,a0f15cb019badbfee72a0a3c76a563d885622805,False,False,False,False
50153,,,50005,3e4ff038b336a339ffab515761190cf97ac451c7 7c7f896aefc8704185f5130e1519a600556932c1,766bb0ff4b731fc7f73ac89cf1290108c7cc50c2 dc7e146c34c51787103fc6b58269f87ca7755830,,,False,False
70304,dedc9ade1266fbb04b8e7d5b3ab4fa83fcc69da4 960b3b90113b7b57922c0843e921c55e2fedb690 8e94aec3ae414bb8c39919acfa98fffbf3a0b699,8d71e6e5324169e26d561692af361e25177a1ef9 0ec67def07a8220f1a7b8fcd4ea60cb60f46f1fe f4759a646a688231069e7746ca616c412d375a2c,70200,580e3f97d4272d65b66adc39904da8c9f86372d0,3f37ac8e4287acd46c7cbe2d0b23474d2772f94d,False,False,False,False
70104,b2ee027fd6f6e04763f2f947bb26e75e60c120c9 9f7243d4cbc5f86404fc1993a3b0a122ce3b35f9,38c91011f541af532b302d36a0d267f596fb540f cadb58bbdc653a07e1ee94c7da5fffca8965fc99,70374 70340,ef470c085275365c8b17d003887d18d6a644c290 90e605f3af9e0688eb2f138096136b40905bdc72 7dabad4926f8822b9b44de1ec04ba070b7deb44d 060087d95af8d76395b44f83edbbdff0f140a598,022755c07ecccd961c820624919f7eb9fbee39ab 52245edc858d9d65783483f3edfc6bc050e8bce2 bb15ea9e02e9380979e6ec20c526f905c1ff0d50 8581a2a0ca81993fd6e850fc028768e81f967a78,False,False,False,False
70496,efec8f6d9720563b511d39c24dbe067df2ea3820 f1f4f488af7fbe88a131870c65c1b1834bc744da ee0be4fcd4c351a9364c870c81107714c08ac92d,290588bbcaac322e482f971ec56ca0426095c73b a2bc5e005496327f746133c5b818cbc3a5aa258a f938f1416fc99605b2413cd370dd36106658b9cd,70445,7b616a32908aa81541803e823a39b88b8a1b3052 5dc51d73f605aa2ee2ac60d050331d987a2c4138 8e9a70428dff1ccefad9d2dc2dca07ec132b4c0e,2c65e193ed03026b558c8e9e2e17ab202d0dd4ba 3298351c9d4ff06c6ebc2b19efd6655ba1c86d97 d65160cfbace19226fac82eec62db5476b33bd51,False,False,False,False
70269,c7a136afd3916f907b7b852b5d9b6cf609e868db 9eba96f23f45fd4ef36d4bcf03d60834893d2c03,ee18f68b7e07520e71aab6eef8153edb313b69ca 9dc1d493ebffbfc76dc0b1aa130fe05a607faeba,70056,c296c1e4c1054541e90251901759212036f1c3f0 830a2d01f861b738082d88c389061e2f7a31449f 1084d3de7e5307898c043c25d29a38432e74f766,3c76a2fe4aad9509462dbb3f6ff28749536483b5 cc61a94569ecc9a8af764ba8297cbfb55b4a3d9e 7749bd18e92c506138f4f6c0be75e19253c55b65,False,False,False,False
70486,656684a1370efe6cf3487276d7e72f06ca85d33d e33efc1db7bab3c8c558ef4ca88b389c72f0c669,10a6e1c721d194022a30c8596a710da9960c48d3 6fea890ee94481d5375e2115ba9b98dcb95ee8a0,70402,b4736e79a8dad37b901283e5c59725c1f53e3320 1dc9e5e8e5f7162e7b9a9e0e5ae7ace86255dece,abdfd85856a42df99420dd2fb2095cfebe77b529 c28d69a88438e3185d890787bab44516da33a2b4,False,False,False,False
70158,4a21a5c685baed8baddebada640b37045b80ea8b ae9ddb9fedcc66cbd554e5a1f79e371afeb08ee5,16d04c25c66071eae9ef52952263c49e6f899f93 179378c3f4bf28c76ac07a26ede030226a9b9e71,70235,53d2e78bb366bab5182705cb8c2b2cbb55863b35 efa4af039a53287fe94eed558404e6aec8ea555f aec2b6bb06c23695e5d258c749de39a424f8f0ee,67f9d82ce07420124125aebda0329ffea2eba15d 5f39d47fea6a9c70bab082f9409320001cbda497 284c11e20ade99dabd2ee20a7ca5636143fab07e,False,False,False,False
60036,48ceaad3b954d0745a352bd8d2d839462c77cbf2,c4a3b34dca18369b1dbf615d6b685c64b665b45b,60127,1e19019971c6182203247752d7fa5f79b78b296c,277ff0720fa820f43a0abe4483194af6ce1d99ec,True,True,False,False
70139,a7b282c56ea4a6e97b5b1312f71c1421b95ad99e,d4177b38545de729f8156ad9a145248262e7fe21,70093 70400,eeec7bc1fc803ca2fcecebb30e2c6281961a2423,edc2c95103411206db0e1e3ae25d311a342f2413,True,False,False,False
70265,3aede5e7158074effbfd136c22415e755b424060 3939d99378f60043d592a8d929db316db6b06052,ffecb04726504a85158bc653950fc76e4fbf4434 12326fbc0c1080d2aff5ee28186561a626534458,70350,b516bae3357c704c51731cdf228157596906f280 e298d7a3e0fad2d3cf132d2e27f7722485778904 a6ddfcf2e168c16edef20aadc56c8b03e0041b35 da31384c952f2ed3863954f0f6ae798150151753,63fb3fb9136eae2e7d44ef431e178be9eebd9421 c25438865a4ec879558d71d49b95b8de50351a60 c556859beb16a1647edab0121279b67195014e74 f918fb1e16ad804830e83795f5244d680c2708ef,False,True,False,False
70209,8eb9205ae8191616e56014fa39372dc7cd32d63f,85d1b37bf7de0ca83bc50a27e093cb13c8882c80,70014,d01d5c32303787b88b322c9e10fab600b9976456 77c55af8fe515f7507dbb1831adcfbe20135fcac 60a2e43ccc70f7c06425feed80e7c38b325d2e5d 314cf61c0598badb69b74b1ee0abeda87c7f6f29,617a6ea869e0ae4a2a6b402dc694789ec1a8b62d 923733af6b9c5445c760c5ea0bd25d30ea8f27fc fa453a5048354a75904fb7a8f986f5cbe8bdde77 c91662943cd195b6d585fec65bbba83c71f7636e,False,False,False,False
70090,c17fa3ddebcb2a3f0254c7dd0b5719e0f39dd8f5 c4c4a75cd8307ee99f66bc1290dac0f159cce06a 9fecf342a9df9f16cfe431f31c54d5c0cc09ff84,5d942e02764b7c0d4531ce72367b69dad3f8452e aeb92a0f6caab69421fd71c5b96fb5561546415d 339b20c4f5466e21a64e0394f18b4427d1916663,70156 70300 70372,eb3b4192631edfa118cfd396afbaf76f8777b347,a2c74c1fb3a23e5ab8de841e1d79f9bb98193c7d,False,False,False,False
50211,,,50011,a30fdc3738e2a1b5edd80f9048ee4f276deefc8f 996c329ca95dd7f2f99cf94da33a3e214ca6d2be b7842713e2d66b4a9d51e8dd0424fe48c77aa47a b9a24ac53f50340b3ea6f1df8d746bee0dffe8a7,584994f0a2f33b79dc3b1ba198cb3c067dda5031 95899ba6180c06416ba7c39c2425cb3c2a9eb7d3 4651ea02890d5b4273142bce16cd02080c163264 291b7d15b7bc9d0fbf9a07507c618d2584989f30,,,False,False
70398,e27580afdd3174459b0e86c3dd9e719f51613a24,e92840bb8d9b2c65f4a1617370865ae27a3775f0,70057,2fe3955270a948b849a3a47657b8d5e9fbccb410 3890aed7f4419938cc02fb76d69ad311e2a5e6dd,96731681e0437db36fe47be3d03ebc085143844a 82b14f701a114b9beb54ff3fb504413de0cc0c58,False,False,False,False
70034,065101d20efa0a2aa3dc2a2dc75a3818b0e7549f,40fb96658ea9bc89814f9ad254893c282681c8df,70104,75cf1c7ac6dced80a3105dda811467ce3f8cc6f4 c7e559d72f7e3816848373c346359283322d4024 15f151168a0218ed2f22c13d88f84f8b4122c13e,16326ed09322e2da55d6a1eaefc261f7c6db0aaa 910321dbd79c2b6b075fe11084b2e7cdd60f78b0 83095d664a156dd62d707f25c0eb90c5127eb3bc,False,False,False,False
70447,4e3b9c7f32cf0691422b11b01844a651c96ba4f4 7770df3fe70fc8e2c6f1341e68ea4715499292a0,9f706660ab4d5ac201d4d5ddf0013c2387dd52b4 fe76ab495cf3e57fc614060f382a1fcfcb6efb21,70229 70162,06a97e97626a8ee85d73a8b3659183a9440f1489,0577d1ce27bde91d9cd490fb7542e793c8e96c6e,True,False,False,False
70404,b0c38827ca5a59015d4df286febee93ac014ed17 b98acb0e0eab2da6bbcebd546009f2d2ab073a0c 71bab1e477b29d001a324afaf4038936595fade9,8fab4e83b5a6e3e948b2c8a374fd8aaa060de8a1 4eac36582754ef7f01babd23850999c6872c7998 da88f094cabbdccf3ea1476c1d6f6acfadf7e67d,70492 70220,3ab043a089b76448c884a683bf9062d47e77fc16 4b1127e9949d74e8e413288470c7572113298867 21e7812524cc5506c425e909be51a84fae64129a 11cdb5fcf15b567d1176bbd7dfefd95788df9999,6547487647bdb51e43f28dd1ee9c1a254fe046f2 2da4a452870a3032aef5e6a91e3f3b08ca69d30c 3a6e0b2a78b98cca16bf8445bb7fffdaea25a85c b1d44e4482fbba293d21bf4bb4a31500768c3b35,False,False,False,False
50190,,,50009,192d6f124ac2f06dc622494627f9893cc239772a,99c46e26f453e5f1cb9aa87310eb772b0a110a80,,,False,False
70018,a1ae026e0776acf3879678a0409d9ed074c09ef2 f0a486152d765a6413ec20e50c902cf476042e25,1b254b4719ef00f3110694e972be81962dbf9afc 9b9a23e7ab0c1fb918857b0a4b9c1bae86e9c869,70276 70097,90338521dcf6b103534169efb204443bee0f1996 8df7ce5c2f1adae6b390a04ffd521ad58a7487df ca1ea6c5d6e141bd4bd500e56cfaaa57ca8a7e41,3ef9b62046398cc3e8b071b698d1ed66ba6294ac f91fb6c63fda10ebcc897623d7f7f7c08f880f0a 13b186bd75cf8cfedbb9320273f608ca11e6c7da,False,False,False,False
50168,,,50011,a30fdc3738e2a1b5edd80f9048ee4f276deefc8f 996c329ca95dd7f2f99cf94da33a3e214ca6d2be,584994f0a2f33b79dc3b1ba198cb3c067dda5031 95899ba6180c06416ba7c39c2425cb3c2a9eb7d3,,,False,False
70391,5413d117df5cced1167f6cda69c10840e65cad1d 9d9c8eb72128536866eae893d23bfde6040ad265 181182cd9617e56168c81b415a24f072ea897187,ad08755e38bed28aa4d7e402f3858681bee159f9 e3e94971790d385f6bce1ff1c5f0e6db45c2a50f 355e4146125920ecad9c5d6e83a2bee2ab3598de,70337 70341,3e04572f927b38f2858e9ba725f4d00603c63415 378cad4bf6d0ed43117481fbbabc60c02b51843c 7e640edf9062772d77105d1476e3aa9747127141 6d4b63c949cb7b907871349f1d707bebb5f204b1,243b31cad78ad881dbce67219ee771664fc439a9 ad2b74c5a4fc4cde043174a1a42f0bfafa7d7f46 ac0683a83046e926fb4b421366c37e2f81bf68d3 364893d08698cff883d20e2c9fd595a708a59f71,False,False,False,False
70276,0d65e7013dbd8e9567e060f3cedcdef6eb629c16 c5e5785982ddb4547e89d43c70c9f0727d0abfbe f991869d879c7c27a7d922475795dce94b46fe1a,a0e7d9b4a85adaeaacdc0933e4ac68212dca9d8b c1d4579b229ca8e0c56c31a3f508bd74f2c2e7da 20b5a6992530b95bbb99f90678b464d0329c892c,70195,7b9491370dae9b7cfb5adeadcb4968fe2b235adb,d5cd6df05800503ca83dc677cacdd3605b9ff1ad,False,False,False,False
50192,,,50009,192d6f124ac2f06dc622494627f9893cc239772a,99c46e26f453e5f1cb9aa87310eb772b0a110a80,,,False,False
70019,dfaee169d1568531b4194a384b9ed13f09c3d895 e8d71ad8f80e21f71ad565a74cfd438b12270b99 5428e37df83042efe5983cc09a28382d7370fad8,c2b67fd104203b568f27b68b63fad5aa009bc2db 0cf3385454ff65213aaf5568c4c6bb2b96c9bae2 a1bdbd9796c87655a5f490791d0b71cb9319a6fa,70300,491f4840b3023bee7576c941c8b970ba2ae7f7f1 c7cbe139f5403a4a4c80399676759fd5b2516458 ec5328563be705f1709609a011cb085bee60bbde a7cf6ac4e2b684ea41f482342c135da59d1fc383,bec0973913b8b24d6b4d052fb6713afe478b1ec8 6d434cba684141e2a26aa509f47a9084d33922a0 5ae3fffa495ff4c6069df9327438cf136224b215 c61cc7af794408ccb627adc3ea60a48d6c4cbc2f,False,False,False,False
20004,75d6fb7bfb83322ee6f9fe69b0bb36e78e5964cc 3e37f373beec10b32233c3c15366b023057a2570 a0d474c282eaf454592986677144494fc39eea85,afe18cb8349cdc42b0087ce88be1338ee0bde559 1ce50ac593c2a9fb62b8e4979364d20e6c67621e 53ccda58043ca108115b8e8b20c284b92070017e,20007,b654e4f08184c2043119d01990be6891b42f8b50 cdd06f490866fa5f822990cd5d831767ce4ce60d 2d0de1e6c9e8b02d2fabbc9b1db4d43ac49fd25e 8a0c48d4664bd78a373684e3ad1704906a7f4898,ad62ff663dfa807e465586dcf658031fb50f567b 16cd36ed5fe989265b51903e1c24d7eaca51fe25 f816b6ba8956513bcbb861f8ee64c351d40230af c3fb133314b5c59905919947987e58620c1fd3d4,False,False,False,False
70159,d89745d63e7acc6d380e78f6b748d450e80b32c1,5f90cc1384a48b49129b646de534d2152f806dff,70324 70095,d391003638ec20bfd23916838bd8bc12cd7ecd99 9393b4857b5c1788f2c80da286cf9349289b0161 a7535800fe99a5eb854393b58b75a337c41eed3f b4ced31a25fa706e5c86fb9e18735ac148978846,97ce7e43df27c3b1f17bff703ee6cfc0787f615c 849209986e233b2f289a7a377261c90175881c83 4b1e3a2fd864abf840930fd5ec8c214ce11acad0 bbdb01ee46a9143f8338812bc97364d315fce8a3,False,False,False,False
70036,929fc06a7c9e8128d5fcaa3b9b43488cff22b2c5 ca78e943bd057e0c4508632de2836196f30f8e58,3d10863652992101d58e7f537037dfe200de86fa 4dfb27c051cd0041bf54c1b850f1f17dbaae3907,70352 70209,fd182b803217700462de1174cc82698166e1c3dc 4358c94c2c69b7027888817dcd120cdacda80dbc b5ad948d5a82f3faccc6ba549ef2531019a4c226 4f454273c4094f0de957bec7ccd52c39e898a164,d64b838a814857b9c011cca88dd364307972a343 b4d981e55c62700b1836463e9e37ffb1ee4f7505 4a49dc50421643c246c714af04ef5796147e51a0 3808b155cf2246dac7bff806b37773b30a3a9e56,False,False,False,False
60031,b86bda8d627ffb78cce245ecbeff663a85e6dcc7 b56131a828d884d6894d1ef47a523fd0a36dd6ef,f020fa4c74f0bc6c38b86aeb3c530c0f695266fa e9422812687c1b4858beb6b1f231870f7931be2f,60120,591acf3f48087d7d8513eeaaf3ac76295fa9b8ed,f6c38584b95b5b85cc256f92d2e54e714ac3e6c0,True,False,False,False
50212,,,50008,ae598bf1b4b971e068f70f57d28b16c4f1fce3d0 24a13b509ea96040957f5f7337daa4c52afd54c5 694bedbaba5c01f726c45809753119980b749c1f,ce279b6c9006c2765f38fbbcf0ab61365759d0c7 a9f8b1ff352e0ca53d2eb301f43df64efe64d255 5a4e4cbb8404ed9b5a3069a86a93d4e65eb53129,,,False,False
70486,656684a1370efe6cf3487276d7e72f06ca85d33d e33efc1db7bab3c8c558ef4ca88b389c72f0c669,10a6e1c721d194022a30c8596a710da9960c48d3 6fea890ee94481d5375e2115ba9b98dcb95ee8a0,70402,b4736e79a8dad37b901283e5c59725c1f53e3320 1dc9e5e8e5f7162e7b9a9e0e5ae7ace86255dece,abdfd85856a42df99420dd2fb2095cfebe77b529 c28d69a88438e3185d890787bab44516da33a2b4,False,False,False,False
60058,d4b1e51a7f0503c8382407ce966ff91bf66aba13 d089085b247126cca1ca41782e85852c13f1ee8d,146ac9bd5c24461822f9aea8b7badcae44009d88 b4d2133f52592012c63668a98d78abb52ab72a30,60111,0b25203c1eb48207c44b53b89e4cc7861fb4ca7f 0c3caa60a9f7efff39ae1bee3898ee3eb5105172,3d5a2d4a678497b7f87e378f0cc5568a84ab5ada c7d325e198712a1d510f83090bc7902068adc01e,True,True,False,False
70274,e3571350b8e67a897cb8cd630b92fffe408aca59,e4ef22305cf1961e4dc947bdc3b0088d6f588666,70261 70115,d02e20e49e7d8b8131a039d3f941b89300833d3f c7d14cd9b5fc1e1bdd42de341182bbf9408e6f52 b20203f9b1f0a31b8211d7a5f4c6da5eaf8a8764,d997da7921c36812b27b4ea7df14915ecda55c16 4758e70e4a4063a5c462272904a64ee6b7b182ac cb229e1563302f971ab7dec5191645923cfa4155,False,False,False,False
70272,ab4279cc7c58f50acb5f8f39965b2d32099e2881,379f76c0cdd0d616c18d8a097ca7d7d2c3d99c5d,70204 70405 70254,38d897b9e105b9fdaa5622dac921393008ff45c1,bcf5812077a5eb69e846d985f0435661bc04fa8e,False,False,False,False
70256,52687031594884d4aa9d16ec62b6b1406695057a,f89f21cfa33e0b3d8e46e3c9ddb33d6b0ec7ad9a,70463,9528fa6f1571e03472e3920f9b4782e9c93d53e2,b90c7c329b1cc2e805d7beffa7082ae127060caf,False,True,False,False
60007,514d7c68676f207b47978fecf3754d929696a0a9 ab79e21d1487ad85b8863eac30913987ec29b54f 2378b0d0c92f51f774a2379675cf847deb9d5a8d,9e80bf81c7358c295a20ae92ce0d6eba15a5d3ad 7752db1ceba65cf1ea61c736905a79c1b3d63cca 45092b158360efec15bbf62d401e71fb7b40b252,60115,30edfba255a3f1fdf4b704cc89b7e8d70c872441 8784fec516b8bf1bcc59b9eae0bd2953e34c638e,90806c28fbab98020971630d282a2c9b834b6b9d cea9a6b768498efd0c32aa9c1756089f26105b15,True,False,False,False
60073,a4c2a246745ee99ad7eff961b97c0ce49ddb8643 6c4492c94a53bfaba7eebe36e4e9bceabe10c825,1f059350d1286888bfb82b6f02b4be4d4b5e0a77 16102e9125b3c9f857c13069304464c7d20ad389,60104,6d90c00d587915265deafbcef3d5f491228db035 5fdc4cae5bd040f881b9c90b97c2d32f7d373f5b,57bc5e4e990cd2711437e00490a5331d76985533 64fe52336f0e6b84774784c242fcaa57eca388e1,True,False,False,False
60230,9418ae78182d8065af06a416edc5bcd653ca09f1 6028c9edd0ec5d9730cd7b11bf32e840d9036ba1 ae3cce7f64d177bea26aaafd65777c672b7d0dc7,9cff9e8638d63dedd832923338dd55888db09cbc e4df174bdd69a70ae2965444876796308a400973 7985a78924dd5a41d1503f4809db900d8a880ebf,60259,15a13810e749373f4fba8ebe2871c436fa8d34ed,f9dc8f4f81c81a71e2abdea1e5bd7b3ebb36222e,False,False,True,False
70145,7d0b57fb45670123123c859453e3c0ed71df1501,e3b437e9e84aff54ccbff7dd95bb3d2c4850133e,70437,f59a725dede7f461310cd8dbd3c24e27db30d5bb,2714e4ca43faf1a66123f72a2ba4a6eb6a9f8a5f,False,False,False,False
60018,78de29736ce71fd69e487b949a9c6f332b535074 227f344e26c51a1b2be66b82caf8c9113c5cce6b,4d83ca1e3d6e69d399f3a993b32bb33ec4b350db 822a542475564306801408d4cb1f5583188fbd1f,60125,c6487983cddf27fb02334fadf6a1ca9df0691b0c 4b2e5d038198fcef703af3dc00dbcbbfe9c1810a,3aa05b35041a69f5c446f48df4d452334210ee90 25fef33f3d38ab5a8b7f9f330f0ff80433c752f1,True,False,False,False
60210,e46534a8b2208059d1beb398606c38dfd74e9604 92068071d03c4fff6402d28a870bf7d55762ee22 a19f17f681515a8877c15efd5a364847678d700a,563806494746f6e61bbfa435c08627c75beb3b52 3dadd35e3a3d0f298a4b2f0890acbd6241126c70 2edb54b9378cf872c9e692082702667edd1f2577,60259,15a13810e749373f4fba8ebe2871c436fa8d34ed,f9dc8f4f81c81a71e2abdea1e5bd7b3ebb36222e,False,False,True,False
60207,667975378a9a758feb1bb52e52c601e2dff4b2df a83fa4e704f70993cfb589ff8262c2d2a1430a7c ae822cdaec03032154e6ac6829e7b411b96599f8,6cc798b9222b4404cc828eae80396aa03f6d84a8 107f73233f4e81a6a63eb3be5fbafcd008e27bb0 d2e89b94e0c39df966f40d7a8333891d05601f69,60260,31f849b21179d5b48e773eda57222ddc3c4927a7,e7c935f3cf6c4ccea231ccd736facc26a63d4d03,False,False,True,False
70160,882ba75e1813c6a8008871db3a367afea53e6ec5 e3a4c147fe1cb84c386dc594517afc039da63310 44203c5b67535cdaef03f9f7bbcffb971afe4b0b,3bcdbadfb68e717bc30b7dc118aa01e4d1f8849b 17204f6459755b110a136d8cdcd445f69cf2598c 36f93e26526916ab0efa6cb21c2b4d4d366ef542,70006 70285 70449,d23ba94cabd4ae9c23650cdf304620a254ee050b,430718498cd9be28b39bb21d2a2ce5f14b2e6fbb,False,False,True,False
70451,6dd49e2de322cb36b0a6c46889597124a7d771cb 6e5eec3fd4d85938ac531a4f51b012dd9fe84ad1,9ebfe7c6ed959e8bf8451e1fc023769db364b75c 5bd299d71bde183dd102244d83d2de63e54ef938,70402,b4736e79a8dad37b901283e5c59725c1f53e3320,abdfd85856a42df99420dd2fb2095cfebe77b529,False,True,False,False
60322,ae7b98345b430cd6378d81d81f1a77d5bdb876ee bac06635bfae1970908e97d6f0a809f44ee7bb44,a07bde4260a5afef8c5fa51e2fae332ed49cf357 83733de524dfea012e907f13042841c20beea164,60359,,,False,False,False,True
70498,3da258f0f828a3c181d4ec530e4008eb7ea0b274,3c6e3a568e225f6013b328de6393f1b83e05238c,70388,4bb8f99db3da37077ca89382bf55c943f55e2935 cbb48bd7b541b5c8612232e0478896c860a6586f,b2b62ddf900742f104a01990d8fede4cf61244b6 bfb691be65f016faeb490ebf3c7ed975403d5149,False,False,False,False
70148,52c10fbf57c3e649fccdf57f0c358560b5b09f80 70a81131beee784f9609d63cdad2605e76451d10,06eae2f8337bac578998d71af31874d3ef820df6 2693405933d914628a7b17f76e671c669021a80a,70371 70162,a41e9ed59e88dfe71224bab23bd936e8ac66a8a9 5dced168792f02a25dcbde8f125201d13c408574 cde475747542a62ea47d22572ab01e228fadaab7 5288b123bd4ca575054e21566dbb5b708d211e95,3e6ec6631f38865837099772c542aeb2a37ef68d 61a7d770cc8b95d57c90e9899a77d554fb6220b9 730c920cf2f2a0cfb61bde5d058dfe7edc88115b 8580ac407134363faca3683fc923227dd2c87c21,False,False,False,False
70039,def19cd7e6e1d190d0cd6093204f7bc87b9aab71,80a0550a59145d6d499b5f61dea1e973e5462c07,70417,c6588fc6b17af69c2d085b651f41853a0f5e8313,ff3d3670828987268093df97f1b0b4c3043c7b18,False,False,False,False
50174,,,50003,6966fd8ce3a9b88ef49b74c2e7eda1b5522dfb69 bc62a67ee3033643c40ae876f87cc6286f8f2b26,5bde3379e39096bc07f40300ff088ec6fa078c9a e37362fb6d180fd90f0976ec486b3fbaa6daf489,,,False,False
70071,ec3c130f7707fa5e84860da4fe947d744b048734,2219bb632c00bcd5271587203c788b9b8e3a2e3f,70202,639f2e396dd43ad7e51e3a0e37a889e48d22549d 8a24cd47446407db507a437b23858942665a1a02 3934c8fe3cd6dd21b19eeb2346f2e374290710d7 b8a19bee1e20f22efd9b899c99644adb72bb7fd2,82c6381d587f33522dda08f195049bcfe257b581 b9a3b5e620e2f9b5a58e88461bff56e0ba6297e3 78a43a96af34d9ebd13f81615bab64ccdc1652b8 d679679eb11bbda39d0a01eb307a68c1ada93208,False,False,False,False
60024,afdfde204a26ffac60cb0b38a69da4ba04e1fb8a baa5c5eb747625aaa71ebd4e4ac6ee867b047ed7,389c002517a54cf53ecaec97b67a3300ac32afa1 86532899ec68111386af8111868ab00b404e39da,60107,72ed99732be847868931bcb6142335da68d8f9ce,251c9e2325f4ef283762b7ddaac94a1106ce800a,True,False,False,False
60028,882834c0c4ff475c4113a5d6328ab71d706d9484 704b2a903899c4b070d87aa1546b58cc02240083,ffd7517ba29f2e0a1b32be7ab2086c50c3a128ad 75ce539c854b144e51b2f552db9c5e8e36cde7c5,60116,d65808ff30bd5b0ca18c5d0e238605f28c26ff9a 47b5293bcc4d0d5a3e9e68abdf01ffb362a64d4c 9cf1d431727a90b3a823962b570038b2ce8c8e5f 315bf56cb6dc0e7d75c86bcf6fd3f0b8e0d2391a,6399552646e288e15d4cafc94afaf1bda03914c5 21f1dbe2d146d530b0b93ffd6dac6034b607f9c8 f4dda28d6095672f3f8db5423247cc9f81aa3e86 189d0563a9722a50bef59544f5bcd01786802517,True,True,False,False
70237,236ef447db7541cbfc28355127c3535391dc5f6c 9d0b82035beb6d0fcef1d29e430eb7ab793a4762 6f856c7101d78c6bdb32fc337eed5b947b2638ad,ebdf21e460ddca3bf05dc00c084b08e883f5cda7 593f226dac96a431c7b65c0b09c5543df5259b16 4c9ba9cd284c31c48ce9b15a203e11cef4fc93d8,70466 70194,d128c45744cd71d7b8b8929c914ef26a5779124e e22063f03f4c091d942854811a369d339cf6e4e0 6dfc1679e9353e382e47418a17f0534a2f0efed2,5640eda5f8c684c5236fb06389e2f4e71ed51beb df951bf9035e51ccde727a9796910300a7a426e0 e7b3ce3973fa694770c68970479ea9f8dd50aed4,False,False,False,False
70397,426e41546595fde632641d1527413395fe86ea0e b985e2b6cafbb70fa7b86ef0d9dc608c8c2e65e7 79d3b2677fc97f7000f96ca10f4c4a8d1fbd42dc,2af91739cad0cc0a5afac9ba374054152c6eec6d 3ad512d028fd5b46e784c9652a047648ea9c7515 6a932fc09cf44bd4d3b30850c6e107b37271f32d,70487 70294,92b4d4cb24ea55a4c554a3d4c958747275a38be0 f2e7175fbe0b0a279317445a2011f55e0ec86267 7795ea65a33b51fcd267a641d99324ec9cacb8e7,3cab79f517392d9b3536c1ad49d14cf9873c4a06 a2e194032acade9a672911acc911f8ef73163f08 f473cf6ce4a26f4aa66822367edbf5939dff7ef1,False,False,False,False
60304,e6dbcf726b39f0ad48c4646c5941aca40d60f8cb a679adabca248b9694d8c32bcaa13b77c58537d0 ea3a609e1ab4ba0d17dc0705da740061a7497867,968f9e6ad285a2eb6815c2863b19f720b091d98f e496a260c7542fde2eb4863be598366ed3d7f24d d8e17b84c4a0677d50db4e31887dd72e15f57f22,60357,,,False,False,False,True
10104,272d9dc2a8e110eef22d6cc1f3d43e5dc5410707 3fc648def5a68d8f55fab3a63e4a1a4715e74b3d dcd98cfd8024011c28795416a431432ba4f385a6,42fe869ffa2fe7aa484c1b531f244d6cbf721af4 771697d2aa6ea5bfcbb8f9418497720cd70a74b5 3b32964ebc08d35f6f558880e5ff0cb6d1bf03d6,10014,8d89cf05494bf6d0ed9281a7319f0cc1a2677926 71f3a19b08d6a8bfee1e6c715b9076c739c6e84a 11c9346689b0ef8d8331813414da2c353bf01c8c,8623d77db7629671cb2bf576c0ac00c78475bda6 b2f3beda1dea385237e9766bf39ef58e665e278e 8ba6144d4881bd4ae695e271b547ffa3526af7b0,False,False,False,False
10101,b74a7d3f4288f134605e3540ba3085d9bd949b02 1e84a2f71becac212b04b580739d013ed99a8bb3,a5e6f4ed327c1eda780ea0b3bbdd351eee3fdde4 93d775eafe22749a60be8a88ad4d439adf21c0b0,10014,8d89cf05494bf6d0ed9281a7319f0cc1a2677926 71f3a19b08d6a8bfee1e6c715b9076c739c6e84a 11c9346689b0ef8d8331813414da2c353bf01c8c,8623d77db7629671cb2bf576c0ac00c78475bda6 b2f3beda1dea385237e9766bf39ef58e665e278e 8ba6144d4881bd4ae695e271b547ffa3526af7b0,False,False,False,False
50122,,,50011,a30fdc3738e2a1b5edd80f9048ee4f276deefc8f,584994f0a2f33b79dc3b1ba198cb3c067dda5031,,,False,False
70453,0d3006706f7c77312028ffc4c229683719f295b7,eb0f6233538564f50832c7f7d77dc03367e8f88b,70137,11ff6ecc583ef8e1c859fcdc7e2b0c65688e5d6f 22d75c939ceac35f1a7c4d65690db26a0b63eb96 b36ebd06dd932ae89932d71def1205cc52a8609a b2162474477211601987cbc0bad9c4b6d4e78cd7,5b095d1b7b97625192ade3f91c4c0ad22172c96c 69736d7ffd886c1cdfc5445f4bac7e886b436444 4cc5afaf09bba88318bed485debab3a32c478e42 482e20dd09c58e91db3e7a3f124b94908c5e7a50,False,False,False,False
50102,,,50010,bd6bfe2319b845bbb851ba1f60ecb5032b2174c5 8b25f6656885b4e3981221b3117629302fa8d988,759ca7fa0d6831ff92aa1759e089a36312ff16ff 48e52f4cdfd554e6464a668f4300018aa7cdaf3a,,,False,False
70321,4ad138fdf8f0c9c8b079c2adfeed1d8f3f333ec0 d2c0a59cbe153d61354b8329ebcb1e36f3f53af1 2c747e49d952efd6e238a2fca20af31b59798142,0d74b361e4b2012da4d6f0638e0dd612d11e0ea6 ebee9d2ff6d9d1d908ef29392828c51b1083f8e0 bcec5638e16928cc68942ee6c7ef3b92a9750ebf,70330 70038 70231,1889e03c437e7be89b9bb29ca4787ecb1e4b416b 580c66849436c819f19976f05d7e6e7e5d7955b1,a793e3a52aa67d0d6a9e70d92c28911eb52ab8a1 c9173d2db3af48c067cbfa56c14789c45e475771,False,False,False,False
60225,697849f7a53109d7748217d657345c5738e6857f 1c057ce22d4c134ff1a6db0de01de6173d70da21 3dee43fbd260c645870ffdbf3043af0ea963c60d,ebef4685637c44e8788d7b328197c067f5761c09 0d0c663a8870ea1f83bcff1047fbe6f89c0dd075 eb86fec807656272d4aa67a24d52e2b6024f63e2,60259,15a13810e749373f4fba8ebe2871c436fa8d34ed d2120705df7512c9eb82e8e547f373515c3fe3d3 caf5d963c1bf357db9274ac52ad951c035560542 c493ea5724b26a2aafe062a8e9f559d29ebdcd36,f9dc8f4f81c81a71e2abdea1e5bd7b3ebb36222e 4e560cc4d52fa30f53a2c32097a20645e16cf10c 9fefaa4200d5fe283da7229102e79e5ea1c45b89 359fd51a6a9cf42b6c6007d963e36230de73fd8d,False,False,True,False
60011,ed95aa5f7b3f64704bc3912bddf1cabaa6c5ee4d 89fe622b54844879c7d37cd2526b70900f28ed24 0d8c802c46fdd6d23825cc6663270f77f0fcf581,778430b3194b3e429c545a3b29a37917e0298fc2 20ff80eb9776ec353ac0c6e93e44096f79007140 db34ccb64dc00378de95c6b764af7a0fb7377394,60108,581f91096d870837195ea46020edcbf58d8a07bc bea5535157e4bba8ffa3fe68d1c3f2f028ad5e41 1e34444e004f6ae4c0bfd1268394389287e8a7a9 e5fc483e45135fc698588ac67141b1afefd3c68c,8d14085c282c96aabf5adccaaa153a0a183283d6 9dae7fc40bab712f172948725a468dd9bea49860 4fab2efb9b04f57f3f26a03f037185c9c53925c6 39dabb4b2b2f0e817c2a3b04bd76a7094186af6e,True,True,False,False
70470,f845f953a0dabde074cc22f8efdb43e1b2266bec 9a5b7b7fbc92f227498aa22e37219402e767b622 a07f19c6b1efd20ac8d1e6de72c24030ded22ef2,abb597329671e2ad018402936cd074c43f538dbd 91f2ec7853e28326e069a8f8bf1a42c5eee4bc0d 86daad626f470e86641e5d1bf1435717dab2af62,70279 70260 70403 70470,3f5bdfcb30f69f3f19df221719c253ace1c5976c ae9de21770b8873759aef0705ce7bb226fd3fa78 bd4fdc9f9641b1a6e6f05442fc093a8b0df3120c 37d58c15d7389572e1b883aefa145f918ede5435,4080b5c2b5138ae167251163ae209218462779d5 f4b22b968fb5fd18672ecc42b40add44ddc33df0 916c1ce34497e2b31879828b4276d00705550290 e72e826503770f5554cf4ddb9b37133297cf338a,False,False,False,False
70122,acc1b79a85a8a099fded7a61e795faebee65c360,43269289466d7faaad3f02b8f6972043a17ce01a,70196,a410e4e556a94db6d3eeb68f752751e152d44d3a ffe3852c80ed61727e9279e47f91f132558a3f22 a5a2cb16ed51f28e0bbc71fd65ee73ecbea19003 0be8220391a87d6903de43454222f66c3d55e7fc,3074d85b53849e3dbbd9fc4c0e915e2bba7a975c 678bb0efe4045d29198b6a7be3c9246a72979ddd 24efc2220c700e827607bcb1604dbc21d52cc7e1 112bccba6859973223515499cd54d6c8c47a6c7c,False,False,False,False
50161,,,50020,e2b664053fe677fe6a253e22a1345648584886e0,adcdbfe01cf8e66b55027cc0e425063c2c56ccc5,,,False,False
50152,,,50014,c0aaf9fee51c70f721449c3b932675230e8daab4 e12b3116baec3b244f66c1d295c718df1ecf018d e0f0c791cbd328557b9817885a182680c0c79132 ed930c1b02e64c30ee86f14f1cea1e64511a36ee,684302d600144815d89baabffe86857c85817a30 afa1ebddc31a1ab6144f488f6a8ce3dbc9e61722 c1d41e8f84ce3f73c763277a6357d6d64aaaa8d0 f247e7e4d967bb1d61139bc3885b38ce280955ed,,,False,False
50193,,,50001,33d2961d00cc5581a96561b3c3fcc31413c26231 ee4f25fd8101038f891b4347af765aebbda0bd7c 043b702277f8bcf2fe354b3e9a53485d29e091e1,4dcd70d737081b4e925fdafbc8c87c7548dd9c6c d0865bd07e7f3b797f6e3f61c8b7ef0a30148967 de1c67092aa60b687d90e00fe75f9ad760b59172,,,False,False
70229,944280cfd665f7c361370fa3e5270838c32dd41b f94925b2d1ebff6b6382d131137d2893e3f4ec61 b172573e5cb7aa86c2c5ced7eb347fb1369d03ec,ce2536296d29d3a471e334f71cac82fd84f99342 bf37d63171723748801cce5d6e5636ca6e24e9b5 b3fe8cb5dffeeedfc87ef04783e3daf9ffa70bb9,70128,15dc8d025d8422be48c3037f24de425d02415c47 5a180ae0ec4bf288dba3bda26f60d6a12d98b0ed d13397562adeea8c20e872cce99985561373990c,1fcafee815bbda0a3f8f040e7c30fc7b9ff0635f 9c96bfe79567a0d1f4c9e1e0975e1c778742c79b ed2b23e3bda691f23c0b9d10b32903fbf97c5b30,False,False,False,False
60240,351f30ac2db3c658f167ab0dde8d81630ccf5ec3,54d55eb23163fb6fee3884908d318d769b7fd9c7,60261,91040c1dbace64645a4fceef79fa14d538974764 0e98a8491c8d84356a1126b4abac0ca4fe6608c3 147442c0546f92e7972b2f020da0ef72c37aa2e6 e0417eda62812f65c3e3f57ffe577bc2e6a18e29,ea237a1c068e692d74b46a0e80dfb8eb4af664dd b87faa2e85ec03885284adb034af16e0af6170d4 edd353d63660b9db793695b7865260711d7e5ae3 92436ac52aff2c2e9ed82e205611986cfa8673bf,False,False,True,False
70020,52c3fec0394be8a6b5bab66170232af54e4fd7e4 a36fd2bb59d0b7562d44416b6835e23e214ee981,c8ccbf7cc972c7facd9d4a7cdce7afdc551041bf ed43bf73d86b80bf949b7186008781b210778c89,70260,cc1058f108649c470c4838fe51f829d871ef4e49 bcca76bfc684de4dd4674dc26753ce5a4160d236,a805e6de994ef11963c00789c6d62432b2dc7841 47f152f2262ea791207f7d20a4c7dc757114b89e,False,False,False,False
50114,,,50004,3d37b3ba40e4e9cbf05547c436b2f2a56343c795 bd8a3011fb5916d5b363fb0198163ca81be4eb56,5625067a918bf810956c00c4cd7e40091286c48b 6b6c0df6b90bc0863988b1c67dfb05f34a642e14,,,False,False
60221,b30c21d44f46b13c0b423b0db23c6d8567e9dded,bdda82a12294b7fe55c9bc7211d13a05cecf42d6,60253,f0280e826d7048ec73468d13e93cdd873aaa525d 9b3108a169f65737a5ff85e593eac52ac30e87ce,4081ea043cc446c934dd99bf5ec1f0102f859834 2be822db1a2ad43c1ca1182d12f2b5c091694008,False,False,True,False
70331,0685ef4fe04e507d601d505ad3cd81298c7ceee6,5b9ba4048010a95975d0d5626dc51236ed2ae75a,70154,afadb6005345a1fb4863c55d91d7386b3bce1676 7908d51ccbecc779dc93d4a3f30adac11b3982e2,0a622f31d3eff4295557e4f489f9eae4acdad205 0628c1ed66cc08a5127fd8305d92160dd3f3e11c,True,False,True,False
70396,b7c166271901511bc46a0453d2c8e249cd9b68b5 1f1b78a5c5653ba1b554ccb87a3ad6543f66b999 fb4a1f93843b789eb304590d288e4d1015466bec,8c6e8a175c2658c78954caa9a4224096074485f2 039a3e6aa6a983f788ccb0c73e97388784d0c546 52bb1b4da7c7223884e5ae3860f7f29d10f20129,70297 70208,ac31a46e0c5d0acaf78325a7c877481aca2c71d1 2f8e396dfc7f648e2a80253d582aa18806627410 0039f78ad60402879564bb7dc0ac01e1fc1e59b6 11779300da76391a5d0dd539185e1bb6610373f6,6e22113dab02806bfe5c4effa34bc8381daa7f25 e67d0e42671e2f378b0241526ec89abd3efee761 eb3ea9c1b649bc874dbacc5dddb0f0e6d00e9f7b a31b0a4ae23966f6b1c7884f8c18ebf278f327e2,False,False,False,False
20005,037f382823d450d492741f893e10a2df5d0188d0,393780b9d070ed3ff7baaa98f0d775eb57f6c234,20004,d0adafb804c01b152906d279a1989174ad806647,2d253581c2b4616fdb17f632acebf7d0ad350e23,False,False,False,False
70471,4c695cefd25a51771e5150bbbd851a8be9e00d6b 9526cf5ce68b324dd2c6732161b6f13017658ee8 4738586bdbdb2a27286c180319d92cb20300646e,12d0ced38ec9cfaa7f4382e4c08982a88e738c4a a17bf29da1c1d82d060ffc6b00fc558221182cc2 5180197535abeeefeb8e8e1392355a85debd3320,70463,9528fa6f1571e03472e3920f9b4782e9c93d53e2 d4e2338741c8a4f44b1daa3ca708e4dfef155234,b90c7c329b1cc2e805d7beffa7082ae127060caf b98614d439893a347e3ec944c84a7795f2860ce5,False,True,False,False
60053,2161beb135ef3d579a9ad13f4b2e687bf672317b 2142260cbc5c1985771089b98b87a082489451c5 295b815d413e2d53d508aefc45aa6ab73dce4053,fd93536ed656a3b3653f33058c2378f189b490cf 4953ab2164c52bd6143d5e4f53c7826fe6399724 d47153a2700fcaa06d8595f704bafe4f6febd944,60114,361c53336051f00b50ccb1b9f965ef619ee9967b eca861ea5f46481f39591eefd1d004d4d580124e f4d8fee1d26a0f9ba9810339ac6683a07f4c8c30,a118f70ecdd7d3bd34495407453054568e4922d2 b2cafe9fff7613e7216022c6e3fafb4e73c10fe8 3b3884527524bede7a3ca4447a8faa3646fa8cb4,True,True,False,False
70320,056b922a2968eb944ea090cdce852d2d91392cba 903bbaf4730dc46c08aa0a152e85fc76506985fb,a93f885207434cfbc7d552b5d063498ae4cacb67 70eb3f4829168d02ddd1a4d9044b46e07bc721f5,70423,525486e4bec0ab4dfd23d9bd539dd4d0be0bd13c 80ac08c47fa60ecebdc6cc5ddea44e51c28d516e 5a8bad5d767852c905e1fee389501272268c8292,18f20cf1513cc40318f383e8bc435fd6afa46941 d55421353fd7ff92bab07d6ef406cdf22447c181 61dba6e0752ad660c56042ccd076f2195385c9ae,False,False,False,False
70198,194fb00ffd7d2020151d7801800ce8ffc1a5bb02 caeec120eac52551b87bb6fe2224f2051f511d3b,ccf4b8e51ac1a503ee28a256809f29aeeea794fe ad4a47491c97b2aeb98a0af33c19145b4c8caf70,70323 70162,91967eaffc3b6f9f6eec9305e481ef41afd4e523,34e8419d711977fc163a3711d0f62cced8e14c38,False,False,False,False
10100,48814b816552ffa583a1ee892b1ad8118f77271f,f80e5a8e44ec6971564fc9401986add7c9d97200,10014,8d89cf05494bf6d0ed9281a7319f0cc1a2677926 71f3a19b08d6a8bfee1e6c715b9076c739c6e84a,8623d77db7629671cb2bf576c0ac00c78475bda6 b2f3beda1dea385237e9766bf39ef58e665e278e,False,False,False,False
10114,4675eecea5d3c85969437ac26544e996410ed0a7,b9352baa9a765d9337e5d6df302a426c84700517,10014,8d89cf05494bf6d0ed9281a7319f0cc1a2677926 71f3a19b08d6a8bfee1e6c715b9076c739c6e84a,8623d77db7629671cb2bf576c0ac00c78475bda6 b2f3beda1dea385237e9766bf39ef58e665e278e,False,False,False,False
60065,be922988824d203495034acf432f67afe102d80e,fb5ff64e917ff3d5a18c6e87099b09b459696753,60108,581f91096d870837195ea46020edcbf58d8a07bc bea5535157e4bba8ffa3fe68d1c3f2f028ad5e41 1e34444e004f6ae4c0bfd1268394389287e8a7a9,8d14085c282c96aabf5adccaaa153a0a183283d6 9dae7fc40bab712f172948725a468dd9bea49860 4fab2efb9b04f57f3f26a03f037185c9c53925c6,True,False,False,False
70212,e507d346375660d850852c3d25b897dee2bbd753 c7eb6e3b0446d04888305e5fe5bc5af00a9100ce d178740f3e7e01ef2c730268ae2cb9fc5d04c229,8270730d67f0334e6c75246e987ec5450a881bf4 cb829138b7172b5d1da7875ca11a3871ccbb54d8 1ec5120dd93555b13d6912ed9bd391158912e9fb,70407,3ede9a14670f354254b92c359c68b413d93c1630 42f0f20f04f4fac0d59914126570e4a67373bbe9 0e5992dec09ad386905a388d1c0f13c9e99ab84b,8e81a74a56674a56621fa5e97ac7f7da144cba5f 2df92a70f5627e67c8af3288b12a03959251453a 9d195a4f622a7cc356fdc7a4c1ef8914ff96d8f8,False,False,False,False
10119,2d4c84bd51b0fce15d6e8b5cf75b2e062ad53026,493eb68015e7145beeaf2d293bb20adc8552adf3,10014,8d89cf05494bf6d0ed9281a7319f0cc1a2677926 71f3a19b08d6a8bfee1e6c715b9076c739c6e84a 11c9346689b0ef8d8331813414da2c353bf01c8c,8623d77db7629671cb2bf576c0ac00c78475bda6 b2f3beda1dea385237e9766bf39ef58e665e278e 8ba6144d4881bd4ae695e271b547ffa3526af7b0,False,False,False,False
70012,25ec87b1337d6da6bc2dfd35404d7a8e8a6eccb9 d6c6f48df54f6a90d6b08b8a168bf0545742cb5d,bf2aa454ae282ab8d5a9e62449ceee3e95852157 0c2d16ba4f30fd6aeef8172a459c12772e04b1ca,70141,c7976dac94a26ea8d80dc914bddd2fa28f9279e0 61254c6cc74bb31c268cf1503282110b9c3dec2e ea590e3673ed6dd4c3a17d8f01beb349d939e89b ab7ec2881bacb0c5b7dbae32c6b26b0fdf0139f6,5c56638f761356adad7692ab35146750b9960e0e a07faac4e7966fdc33f2dc98ffe40b5066e7f78c c71bffe60e63abc905ddb0e5390c072d80dcc99b 074028667bf3078512420869ccc702fbadf4befe,False,False,False,False
30002,2ffa74116efa025da88195ea3ab4708711aca9fe 5267acf5eef2b0432c88b259fc22dd076f0969c9 4efacda30fa1c4c99475f81bad32f0a23b6ae856,41440e599a8a8bfd4d3610ffd87b5a9297aa002c d7540059e00b5e0715ebb6e494a1899596a77266 ccb719350da3c519ffc32a22cae5e478f94f7504,30103 30104 30105,1efba821d3a166f9f9a08e856b85eb1dc3a76a33 f9934f05180cfaf41b5d3017b9726ef53819d18b 9c0b80e801ff74b311d17efd53e2f5a53be116dd,ad12bfc7e8f8e6c8e0de2fafd816fb2aecdebadf 00e56fea235349cf23f5569ab05c9e4a29d2e46d 56fe1760a711065b632d5b85fdf3050e8ea701e7,False,False,False,False
50238,,,50020,e2b664053fe677fe6a253e22a1345648584886e0 3ce9d87f132598e7474b89fbb291ca62f7df81b8 4591bc725b217e0048c8b70eabbd13fc48852dfd,adcdbfe01cf8e66b55027cc0e425063c2c56ccc5 61745884a306c22973c430913fb50b32ec52bff0 0f0caac99c43ea5625a256c171659510b528e803,,,False,False
70324,e6274b1f25d4cb3da79437e6b5dcd71e89234da2 89783bb18ae3604a3220c2f5f7b30e800df341f1,9a3b9ba19190ba4e6fa045bb26da257de68cc3fc 90a87a88558eae963295f307ebc6dd6efa62156e,70190,814ed49151f94fd544a301fec0cf5df38a5da4a8 75dbbf71f106ddba50899acdb084fac1ddb9a701,e1dab633cd00ab29c439ed349ab5413371495031 b49b2898e051bc548e674ad57faf984c734afaba,False,False,False,False
50142,,,50018,c693faa4af0d62af9186ef29660ae47dbe723dcf,ad96df62afbfe1fda4319a76d5c23675d8ae0d12,,,False,False
70167,4f1b03670efe2c00ee6a51a3ce05128a4205ffe4 013041b071c6f97535332b4e9d5be6852bfa91a9,9c6355132cf966a17dc1a7b27a10631218a34b73 46ebe9009306b48f8b8d654f96a1140f8b8f460e,70099,a2d804e5866b726cedad4814eb70915a2aacf444 aa4908582e58459d38f700f0c15912ab5393e877 4675109ac881ff9ca0d60b54f2f74ac14903e153,77050916c5fc9dbe993f1e74fea892445c921e8e 64cef948853d640fa4f18bc9d498c96eacf47ac9 5621d2349e404717ea901f713698a38728e2249d,False,False,False,False
70439,4ea0a2667f0d3466d6ab1117f6c0803b00e4fab0 6fcc50541fb2dc5dbf5f94a8dcce811352ab8c8c f5db99231cfe9925dcb4d54f77f9ed3e9c06606a,574a5c1e54b0589bb28153c0798f79f00e9a9f3f f55fccf91dd611b1e6c0513ce9224469fa5c8039 478fb6959c21674ae94ad96e68d6c42b7017171e,70339,d6979164dcc7eaaa7498addeecf8a8ec84db0299,233a46bf054c2a51c91e7d1b21997d2c958d4146,False,False,False,False
60323,8a909c0a0cfb04a23353c01c2b9ced346a0bc850 6accb8b8f4f286fd8b8607c0e3bb1c01b41c51cf,c2f73940471c3085c61188f017af4df04e54d590 498ca5b4458d4299a5c7443cf07099e3f775beb4,60366,,,False,False,False,True
70072,5cd580901c5401a100e5f820cd851abc9afa3ca0,b7ddbd247941bea1e5032dc8465b5d0183fbffae,70273,aac97d4f01786875b998a16a8cfb224e0052f22e fee5cc411ed20efc9d46cfeba9739a7a9232e19b fb897db3ee00d58434c90c20bb2566cd49cc9a96,f0fb2d1c1578a3bceb7567799c0e8aff9bad200a ce58ad89dd90cad92ff711d99db5e1b4b7dce95e 7ac3115ee6dc8be038ed1453bdd368580dae63d5,False,False,False,False
50163,,,50004,3d37b3ba40e4e9cbf05547c436b2f2a56343c795 bd8a3011fb5916d5b363fb0198163ca81be4eb56,5625067a918bf810956c00c4cd7e40091286c48b 6b6c0df6b90bc0863988b1c67dfb05f34a642e14,,,False,False
60303,3ca1fd14ec346d69d6a9276513b59aa183c74eee,b5be190fb620c5e12cd8bef7faa59fadde4c7e56,60364,,,False,False,False,True
50155,,,50002,14085a3c8802f56491353b2e83ac6accba0c8a8e,6aa5b86f57069e2a5c5a7c7345ba5a675b22e26d,,,False,False
60337,d709c2d781dcaf82ce8eb4fcf45129f2a4cb35bd 18d2157de9c3fd458625c14403d24c03c702fd6c,a85921ae8749ee66792143dbfb5824e8c88ad9d6 4fc13a93056e26fe2c3fdd84f2755d159d873f7a,60366,,,False,False,False,True
40010,2c6387b9081b085c0736c75381236ebd26c39f8d 0fbd2a45ef4c34d11442545f7c3285310e89fe6f a1e84e62e7d1e76f163368f0c0d6163e6b4c0d3a,9b82e5e0e7d3b13b6a2153b941b6e1f3b87291f3 f35c288fbbf9daa039c7c3217e623435c041cad4 11ee0ab9ac80cfee10236c7fe0bd46b2d21952f5,40005,01324345bdff1cc4c94957d244611e97ebc39c28 994eb37a1b13359b70935faafa9eb933307ded99 a553bd8c660dba2ddfece32773f837b04a494b14,2a379c3bb18d8595c2b4f2a10818296179e4899b 3bace558050389f6f096003bc28be97d3497cfde e2debcb90272d99b71b507e1e5622a783899e9ce,False,False,False,False
10013,bc2100ead2489f2b6cf76d308590ff1970ec8f69,f68fafd6c8320ddd7c42289a85edf81cc97e84cb,10012,43ed048eab45be1f3e5521901d76dab900887a62 b6509a13cacf3097aa10cf3ed1e3f6fc12587611 7f60cc37d3fef8f82f8293709035c7e83341e6f2 c15be8a0af36c1dc4730d633bc24aa20ae919331,5d4621c816766623ca61f60e6b6900e0534ef9e5 d1d3228072a21ca3e91afcad1254c0b9c6015f2f 3071b65c2ebf2b49fcb3646a8dd0b12e3164cd0e 5f65c6a587e6c64eadfd3475039f0c8a3c0baac0,False,False,False,False
70195,e79eeedbce083cb2b097b4ef03c8830d2a42d9c6,1c35803fa8f340b9c21d7a6b310717863181c7c0,70189,22c45b2048af537e7d2c1fc59377ab7777a9be34 a8e4d9d5662597c46f38b0112f12b073a5bfc37a b4653c1cd8ac6fe6feb3cb596dc8e8f8af37e5d1,10142ef86976273a4959be93a530efa5da55b597 58d84ee06a2eea096f01fef99a168a22ebb12f59 ab8e759bce4732e947c6e054874b1fd4a37eba17,False,False,False,False
50129,,,50004,3d37b3ba40e4e9cbf05547c436b2f2a56343c795,5625067a918bf810956c00c4cd7e40091286c48b,,,False,False
70491,e5beee9cf94c60262ba085b4145157a38ce480b2 73bd38db11e999d90d4b351ad723bcc0ba5d5339 21524f3536325a7dd140a09343ebacd97712cd41,16fbf6aef490a584677f64071c3f4ab2f486181b c255147fdeecc62514ed9e18ae3af9b08a653ddf 416e7b99475677dbed5145744ee630abcbbbb3ba,70309,92c8b40056113e1190713d37aed32bbae069e3fd 4762e5638e8926f4eae2a08af562966b578e1d08 d3ea699b736a91946e01e26f0b4cc222200891eb 623091b1307a2e8fed6a25e1ad12f2f72ce59348,2bc609793629f61cbedbb90de4e0ff3de564b3bb 54b54a48593615b9ee289b625e0a274b4a2692df e856822e261687f8ebe07bb54166f05ed928a27a ee8c4a720b2bc0b9f62c27be60b5b2639b97a5ce,True,False,False,False
70478,5b4a126e350591cdb537c3d9c0b863a53d6b4e30,94e4b6e85c925fb5c70fbfb4b8b738c04a9f9d3c,70316,5565cdf6b14151e04cf2c637673e1ea86e58b905,5f29cd318af5148d0c8087688c6860076cb9a104,False,False,False,False
60015,d021a45c1a3aea21ca0a362a1f3e52983fa50836 9661197fc497f1fa801c34f1a756603d30d105ce,9b2e884ae3c13d926b915a797aec6ba7ce1f481d d2f350dd37b2b7c107a4f9c2ee82ec362efd4102,60127,1e19019971c6182203247752d7fa5f79b78b296c f3c0b62a4536acf3df60c4451aa3c8127f0314f6,277ff0720fa820f43a0abe4483194af6ce1d99ec 65e34546ca032723c0b39c120d6e12be4a07868d,True,False,False,False
70057,598d19efae38285e6091ad0c4d57b5445d3543db fb9f25720e18d9e614d9d4cb1594c2b798723601 6db7dc733cddee789a56bb373796707ecd9f069e,013b5a5ff8615ddd9d0ffc6651d9132975bbecc6 83c4fa2ac91210a07e258eab869b3cb172a84884 e3569f14d0bd3ffb5cc3a745d992c195c757ef82,70001,000bf0889231dd0410610a826617b000eeb86142 d54985fcf6c33aacb22aae0fccdaf0e8d98f3a72,d90c4ffb94f73260d21cebb64d7cdd33ae456760 6eca8a1f28e636eaf598bc41739736f5281de126,False,False,False,False
60205,09d8b4a923bb2311c249e3e201ee64b2270ed81d 693007c09ad5d999a130a2e2bc9dcb78526241be,7a14abdf3353c04e610cea2de2ea9cdcf8b416d3 a14ae017598e3ddcf16b4fe5873b01a652f9bce5,60267,0a7438a901432d9c7cbc882c698e947adb270e47 08d139b397e03b2c2e2a7188b7e95502c97a609a 7504d39996bfb89c91d764320993b4cab807ecb3 f4e194f3f7fb94c8c9ec3377e8d24acf41bd5e82,e8ee4da5920baee6766f15930ed81d8b875fb66b ecd7a8131f45e8120185b63c709f337475d27538 b00f7de2591fdc882a21ce944b41766d529a4cca b058b8422d3dc9ec959ab4aae79a7998ef0e149f,False,False,True,False
70120,bef4e5178e2db39c09f2c40753d32e234dcd0edc c57a325d25d6ba5221600eb86b5795fef9109edb af122e36249f3c181d7bf2d40d4275ad8be340b6,549b8f8654db829b1731d82fb20b1a454639054a 2d91c258443e46522897087293b43af1e13b5c8f 5753bb427b24cdc847a2666042bdf44c9a43dc57,70292 70307,fa2ef567a818b2fb01b77448517eafed8cec9137,f227a436c0c86e45302d0311f8e4bf7b28f96291,True,True,False,False
50220,,,50013,1452b45eed741e357f5868fc29c0bc8d93737008 fc960d80c5699bed2c19cce0946a8c2ed48e48a2 47bda4a80ea40e93d3b44af5ab2ba1f3a8665899,f910524dec581f873238df68616b3bd50f04acfb 5d348c2c3fb687ac5844962a29517d9cf3d093e6 f781524be4fbf25f5914468f9ed6471c8705230a,,,False,False
70389,c03eba224fc41f067e39c6f93b75e49d5d75911e,7cb1fb8170354ac435a971c9cd2885f6b9f211e4,70480,900ec9f7a145d1cbde31a6ea9a881400ab921fa5 7f603103383d4b84561e7485403b5c087cf1f6aa 4788e080b412369f1f7cd349183a0fc0bdd5a342,a726e90f44b4b4b97c4be3c8140f66c182ae63e4 9253506f9d92298750e5a88727e82b1665a7c032 edfa61300d382d350b74bc4a1f817926a3a9f2e8,False,False,False,False
70222,b5f74118196c814abf2831e404741a9a7b94fa57 0f7d6ece2e1116339700618a67a4543df6205757 adf4ff97bd9045af803aa7a51f6182afc66e9894,fab2ddbe907d17bd56475d5fa76b2f88b09ac8aa 91762e26bd59fee08280fb5816f946fc1bc8cf5b ac707db7150534bc251ddf5da5dcc13e5180e764,70446 70192,aaaf98cf5cdae6d0bddd95e846feda0bc7c5b163 866fb150a4b30563186d63fb2fddc66018a58bc4 e14737ab253207afd3ab68c073d94e38b4234abc d6b42b3df18bd28251d0ac992bd9ecca89d6f0d8,56396297084e192ca198b71efa11c224f77fcc2e b134935b12d641621f27a8be4b5ce14203950077 3f3b53c7c21ef49f578e98f280dd3e4c2db2dddf 01e7895034642efcf6d708c166cbf93d7bc71f13,False,False,False,False
70494,40cf9e52823581b2a6060cbfdaf3d44d7714806b b5b638f70a68e2b1581ed7a79932881a40ba1e71,16f30afe2b9e6ad5f4a216e9288516056b4795df 9447f3bd7a4125042d0fa786f13e6a59b1994513,70140 70269,3787343da75f8c5e79204d9269177570ca3aa5fe 9c26be54f0cdb10383b6a0883a55ee0b59e0a9e5 8304a58fc8a4ca1c6dc67149967a2dac7b86e0e9,d49d3c1e3b46547993316f34970f3bfdbe59f233 5435bd95de1237991435f5ddec5e9d9da3307f09 24d2ceb8b70f65da55df9a327921218f6a018433,True,False,False,False
50173,,,50015,2dccc44d86be786d2ae329e1ba1c548e62781b12,017e028da8636aba83489375fc550aa99b3d7d29,,,False,False
50237,,,50003,6966fd8ce3a9b88ef49b74c2e7eda1b5522dfb69 bc62a67ee3033643c40ae876f87cc6286f8f2b26 f7e977926b225ffbf49e23c7d867ccf488c38c68,5bde3379e39096bc07f40300ff088ec6fa078c9a e37362fb6d180fd90f0976ec486b3fbaa6daf489 8ea4a6548840332faf2c658f3264755710fa52c3,,,False,False
60235,5964d92b2a413b0f2ba55534564f90aa93a3cd44 8cd0eaab8b5f2fe0be724a7193605f59b0881a10 e25862dc857fa102b7152b0feb9a0501e005a39b,12f1c44201cbd623534822536a22bcf00edd9d28 f4779e1f52888856b676ac3b562af767a6c4c7e1 721f3140cc5e33e9fbe1af6de4b02adb92d0110d,60261,91040c1dbace64645a4fceef79fa14d538974764,ea237a1c068e692d74b46a0e80dfb8eb4af664dd,False,False,True,False
60214,5cef1fb369d5760481bfe6ef2fd7554420934fc4 722b0079bcdf38b04b9d48755827a2a1000bc3f5,9cb21487e395a80adb61b2e49e0d3a07e94e3f39 9a61f8e95e0ccb31b6134f4138a05652c6063757,60270,e6c2c97e2601f65d0ed0e54db02e9c2fff9fd4e9 e3c3e78a7c89bd9c38e0efe52700948599eb62b5 495423ee01ecb3351fcd71b1efe355a05024a780,7caae4fcb8d644921a78cccd31130e5b677b4717 3065fe46191032e24ac91786e5ded098e4cbf9af 2a4e577df5acdb2a85d8e6462ed245c91bc15e4d,False,False,True,False
50171,,,50015,2dccc44d86be786d2ae329e1ba1c548e62781b12 cede551d19d446910d4ac2508d8f08f99a47473f f5486bcce1490ea19d6f8b96928a1adcf29f9819,017e028da8636aba83489375fc550aa99b3d7d29 c92979d820aacbd6703f470df6d5fccfe5b205f0 073aad1ae2dee96cc6f0592b47919ea3335361b9,,,False,False
60328,4c1ef693205dd5eb0089b3b619f8aeec2a63cf36,ae668a88f219507196fc1c373cef06b79b7b1874,60355,,,False,False,False,True
70113,d80e5686e8a4d3feaa983ac4888d22bbf02a02a9,75a684f6e8a51cee91370004262c82f95446c90d,70409 70211,28684b9c60bfabbafed68ab4567a359f2d8d3edd f633ce2a17086827c990d14665d03c5473dd3674 fd95fa7a20e576d4e1623ceb7fac7d9f189918b9 e410930e6147dcd79a36c01ded5b22c32b68c41b,3c50d327732f17678781f2adeba83759a86252a5 16e1588dcd4d9063d0bae22c7fc9dcf071daf808 fe7857a0dc000a2ea3f861b77c7146313fad5120 0d632d62b09b9c374967ed6e5719cc2cd55f5105,False,False,False,False
60239,ec162afbf290336ae852a8364e8303d556eb64ca 9c903fc17779385f206558e8da743840a4ab9a34,395c685e882bc7f5a044680b802c2c35fc791616 02a73de4ac238e56e2cc93619cc6285b13081053,60253,f0280e826d7048ec73468d13e93cdd873aaa525d 9b3108a169f65737a5ff85e593eac52ac30e87ce b12cbf623ca79db0e7d17d02271774d1041cfce1,4081ea043cc446c934dd99bf5ec1f0102f859834 2be822db1a2ad43c1ca1182d12f2b5c091694008 a65fcdeaeae9eab33ff9b54629d5d26034541b79,False,False,True,False
50197,,,50018,c693faa4af0d62af9186ef29660ae47dbe723dcf,ad96df62afbfe1fda4319a76d5c23675d8ae0d12,,,False,False
50195,,,50006,eab2944cbcb51004b09812ffe47c5958fcd4784a 4584e2657766cc90ce19ffb8a97deaa125b8a0d6 070889336604a9f7901d4ba34edf18149a8a4689 55b713175284e54ab322c8e23235e64c77c23dee,81f81d8d57e77ae26428d3b37e3085d6fa21e9a7 791f7c73b2c6b4fa2b0a6e1200de7bc4660efd4e 86ae0d6d20838d6b1416e6206f711c116e5f18f7 5a753e5a0401e90a39be2dce13af59a0b3bc5eed,,,False,False
50151,,,50015,2dccc44d86be786d2ae329e1ba1c548e62781b12 cede551d19d446910d4ac2508d8f08f99a47473f f5486bcce1490ea19d6f8b96928a1adcf29f9819,017e028da8636aba83489375fc550aa99b3d7d29 c92979d820aacbd6703f470df6d5fccfe5b205f0 073aad1ae2dee96cc6f0592b47919ea3335361b9,,,False,False
50210,,,50001,33d2961d00cc5581a96561b3c3fcc31413c26231 ee4f25fd8101038f891b4347af765aebbda0bd7c,4dcd70d737081b4e925fdafbc8c87c7548dd9c6c d0865bd07e7f3b797f6e3f61c8b7ef0a30148967,,,False,False
50117,,,50019,30c15f9892134434c54e4269f22ac67e84b8ff24 5c8986b85e85fb55c180b1ff892f5aa8d482f50a,9022f08d3a0181bd99352434397cb0cf846d50c8 f4e0f5546e6e680cff3af782d6869934670a8a5c,,,False,False
70343,bed4e239947aba3d1b5e0cd42b2085baf667cf51 fec45f0dbac85b668fa3812f91cccf5e07162a0b 7ee17d85f828a6cedd84dd0c2931d1bcb85cd7e0,ca7ae08d3cb17c12ba4226c8ec509e729334fee9 d6b93e28d78d2057d14e10e6883d212e6005cc21 a54cfa8b35a346ddf9cde7b74251ad9b3f51c9a5,70144,9b6b68a7f121d4dd8feb50b417b867eb6a24fb73 b33e0bdc678c3509e6e6f7553efe2bc7f3303d4d,e106bf9d64aa416b8767e09fe302cd013786aa0a 18794cb9698fdf47cc0925b6b61860fc6239dab3,False,False,False,False
70134,878955a4580bf11510a2a33dd10aabc2a05e176a 39c49a1de2059f17222b9cae069e4e1c022df287 b0f8707688ddac254339e1f48a77a53e5889028d,cd7b4edf29103866e04cff5edc68f961ae0406a4 1242b476915ed0ebf287e16bce004e1f8ed68c12 80e2d66f939ad2b63fa8486510d94374bfc20976,70183,109baf7b4fac02b032e66a3b96700eba5aefacdb,509ea21a7742bf59fc567c89d47babfbe92be165,False,False,False,False
70015,b3c5588324610c2d9688738b3f488aebbe72abe7,feeedfda9666c78249aa20ec6479e5e094d2402f,70289,89f8993d5a4611295c43133074a0176cbbccb327 9f01179631b7c320fef41abaadf37587a213cc9c 0870da5e85ca44452cf0f344d00ded11de4b28d9 2b77b6b78864b669c65cdb571186e3f4317b377e,60f651e70ace5f2aae021faaa04ca20073ab7468 3367decd2d80050438c4452ad0727442620dc63e 3936d072b6c9dad1bdff10cc4c93aec0675e5ed6 1b1e10a2ff4c28f828dd3b52c7a59aebbefd69fc,False,False,False,False
70427,a30be8d86a9d62d15a1cf6b495fdef690cf0fd7f 6de134d81fb837e5010a447889f106ad266c71be 90568fcf977a8da0e1003cf065a2f59185f8965c,cdaf78c68a9d22692f3235cb715e221d7f071659 b7ba358940c49044fc622a9c24a79d36229d31fa c7bbdb61bf2cf3c5d96567f7e91eef528042e223,70100 70427,d564ca84bebe06dd44f8ac0be17cdb350f1bff13 b4f11691f9b8d57ab96cdce3863070695b0eef50 6168c90af8d81c27af3c1c5cb9b2791a3771bdc5 204c4c10e671a8d29863d94241790d1759299d48,b842e9ff9be2cb0af8f757cea511cf26438b0370 00c7c0846e2845766e8c0f681bff22f9f01eeb77 846c82c7c3fef194e5794b7e71fdc1fa8f3a9079 9e6cc0f659e75c45ea88c411782c427302c93e5c,False,False,False,False
70025,97f78d1953b05f6763646cccc95bd984241ab65d cd917f751b94a2546d1fb4f78262670aed4f5aed c37bfb3658b7c94d2c1c05bac52b8dc20359f42c,e962ba6a0ff0f75ac247f48d9876b6d502dda5cd 411d71eea585a0cb942b9c3cb8458c0a7fe796c2 18d3c0e9ea93b40849edd587b9a7a8a0ba7a404a,70115,8551c9680c4a4156d4e9d6c109aaada86f978e13,a0bfe636c48c73acab9fda21b33ae9272d4f3bb2,False,False,False,False
70434,22b227977edb5966563cfc2b5939400f21c82fe6 64974e23b574552f6101bbd41e0c4409b6687442 ff9073f17890cccc6e1a8cacbe7647bd274a585b,f66de2037591e585ad0f723db425213aadf187fa ad5b47f3e6fbb9e55975930d952cfed3075714ee 6fd71923ec375c06523806e8e41054e0bf6c4245,70288 70246,8afbd8cae3dbec9f8d02390a4c1220f89ff041c2 b3c930c8b777ab051f574cc197d20add1d940499 fc8351f5ec862bc5ac121d9e21250e3d7a93eb19,402695a3899d4956d726564f6e4786b25193d06d 7d5203e74e66674345f43e05a4ccd38dfe4158ec 0cada507599b36fa38845b4f95db8bb08c48dfdd,False,False,False,False
60218,e372940174d50ea58ab021e28e76b476fb3d9afc 5fc6412b1583cd62e36ebfe84a124ac7b4829891 86d19042159dfaa8075c3702c9c8548cede34243,4428f6689e6074c098dedf5295e4c269119cc1cc 2fc2ad009c0bbae492a760fdb943489d337914da 53763c96b2c7e824bf966b9774303efb1848707b,60259,15a13810e749373f4fba8ebe2871c436fa8d34ed d2120705df7512c9eb82e8e547f373515c3fe3d3,f9dc8f4f81c81a71e2abdea1e5bd7b3ebb36222e 4e560cc4d52fa30f53a2c32097a20645e16cf10c,False,False,True,False
70093,3bc0932652bb8d4e52f1c2dcd57b1de34fee2e18 26e2fcff622e8f141ca4be3cc9b9064642d4cd85 1e69d012b7f6118105cc4afc6d265aab504220c9,15125db439f4e338b11deebd87d58b241f92a79c c11e1e69e78bc8640f6a570a0c08baaaed8e8101 d0d497734efb08cbf27239ffdae0a70083ce76a8,70329,3b1dd6652f2e6cbe1ec1f01b5d09516d4e5dfa8a,e187cacfba11fb4061b50fe42d3a7415f5b01456,False,False,False,False
70423,cd48091949887a5f70b9fd8782406e2eb711619e 8b8d6096e744322fce80c2ad9d990b9d90a11353,208435a3df2766c664a50c789c04c5690f610cc4 97f45cd6400a7be4daa9ec89b4595bd99d1925e7,70251,72aac4ba7ae3723d3ee47708f44533ba7d2165e0,b60763aa4a19c358f64d1c9ab3365dba4a748f6e,False,False,False,False
50207,,,50020,e2b664053fe677fe6a253e22a1345648584886e0 3ce9d87f132598e7474b89fbb291ca62f7df81b8,adcdbfe01cf8e66b55027cc0e425063c2c56ccc5 61745884a306c22973c430913fb50b32ec52bff0,,,False,False
70045,e75fb7f9ad9a5f18e60bc9b80058366430f03360 a06e13da313f56cc0ca7ea4b323b7d974855a96c eae23b07d47bdc15e565bd1f8ed748b35279054e,4ed640f7f2e63d0d220ea59dc88edc029f0ec694 0fd27c3a09d65c50b874bfd4523f5661ba46549d 4390ce35713134690e967af1207d3cb8b53e1f22,70326,,,False,False,False,True
60232,191fcf707621e6023be9aeb52c9276116e768519,71e99ba895519df85a4146d1252ded4cdffdfabf,60259,15a13810e749373f4fba8ebe2871c436fa8d34ed d2120705df7512c9eb82e8e547f373515c3fe3d3 caf5d963c1bf357db9274ac52ad951c035560542 c493ea5724b26a2aafe062a8e9f559d29ebdcd36,f9dc8f4f81c81a71e2abdea1e5bd7b3ebb36222e 4e560cc4d52fa30f53a2c32097a20645e16cf10c 9fefaa4200d5fe283da7229102e79e5ea1c45b89 359fd51a6a9cf42b6c6007d963e36230de73fd8d,False,False,True,False
50120,,,50002 50120,14085a3c8802f56491353b2e83ac6accba0c8a8e 3daeaf6281d8e412d9f0b28ec1d18c41d5d5cac6,6aa5b86f57069e2a5c5a7c7345ba5a675b22e26d 32b7e056fee50fb3f171523b58689fb43bb1c3f9,,,False,False
70182,215f5f3b07a0fa8bb1d658b54ee9ee27b62ed838 902e4eb685ac4ed392678e990a1d11d48140f55b 225bbb211ad4484a956bb3c0c86e7a26fa2ff138,5e54ea45f009022ecfac22589b89e96936673c3c 152222194e4516ce4178d1834bca385e3f966933 816b560b243ee4f5b7296d75be28204d14c2e477,70446 70182,aaaf98cf5cdae6d0bddd95e846feda0bc7c5b163 866fb150a4b30563186d63fb2fddc66018a58bc4 e14737ab253207afd3ab68c073d94e38b4234abc,56396297084e192ca198b71efa11c224f77fcc2e b134935b12d641621f27a8be4b5ce14203950077 3f3b53c7c21ef49f578e98f280dd3e4c2db2dddf,False,False,False,False
70130,d7f2c421c2f0ba435f0af11794dd63376be50205,7ac7afa4dbe236b75d501ff4b78bfd8315ed9ea6,70179,f6fc9aa0879d45ece8bda535052c21f2c8781cde 7c46b2d2b90c53c2fbd562cae8526736adfe77d9 998ff0cabb27482fc287cd981333dd718fa2018d,e83433aac95cbcc7c164b12d4808099c6e17db43 956df3aea896796397e32271179d9a746b96f80a f9fb04253c389645b718ad399415910646a2d34c,False,False,False,False
70485,72f9d69f12339d0064b08ecdaba2ac826ec175eb,e19c75ed182acf8c4b1a1093c26dab40be4c462f,70071 70196,f94774624ea9fb0c3b782efa45bf1ae764191817,a5da052293963c50a9b871d3a2a5049a803e7c79,False,False,False,False
70467,cd5603f079f095094ac8e4a410c5f7989a80caac 3092844d5b1cf92917c08773d014657745428dcb 104973190399d882010e674a0d343f07e04d8d9d,fb3f52925e7731fe5af2f765f7b2c69b821c790c 03134b67b7d86d6821752e3cdb6a24858b34f8c5 cbf83854ebf4f03aac9fa1a268e6b2816d52e91e,70003 70272 70377,2dc3098af585bfaeb7bc2577743347efca953c27 a866a442021429d8c6d15c0f47504bd408d6a26a,8bf726dedd4fb84959c22b5d9e44f2405d2e8b3e 9744178774540975a1bfef94d6c1db730f801851,True,False,False,False
50181,,,50020,e2b664053fe677fe6a253e22a1345648584886e0,adcdbfe01cf8e66b55027cc0e425063c2c56ccc5,,,False,False
50155,,,50002,14085a3c8802f56491353b2e83ac6accba0c8a8e,6aa5b86f57069e2a5c5a7c7345ba5a675b22e26d,,,False,False
50230,,,50012,cbbdb0b58897cf5c314e28161e232678f515c1ca 18ac4c8193d99e8b7c14af33a72115890ed99fc8 ec5c1738ab20d74471d38b81ee7e0f21a3a148cc,9fb5e2607650c8cafbd75e74bb8cfbad059ba5f6 16cf0207e2f308666aacd5ea41c6a8a6f923fc9b 6637c684e5bd8b09efc3ff3eb53a23009dab0377,,,False,False
20003,23c4787a5add13883c147babb68486e30ee7bcbc 13894a59f76afffa0c0447b811c55242ed9cc745,6bbd550eb5a5cc1b9a66462bd66e774f0c06ad5c 0f0b17f8dd30646f22ed6ab38f78029717e41fee,20002,2f341c35e0783fb684b52bb7da04af2608e35665 6e26bd65e3eb1ed9cb1338a4c4a54ce7cfccba4c,1a909d4406ec561e96aca014a6b8ac93e1a5719c 0e1661fb29beb0b01459f9d147018ac3738c6eaf,False,False,False,False
70051,24f12102667add92bc20b75dfdde0f595fadff1c,72633b77dbdd01f14c261a63d9311b3832aa6fa0,70050,76b996002f66cff36ceba0eb7dc460def5136dee 138d70ff4aa2aacad7db6fd4c7b47ba4a5e5c14d,ad8e4d8b2039a0a269a2dc6479ba06373b97d278 623f8f3e6d4287161240b3e738cd53808e358715,False,False,False,False
60013,2f40e6493532f5477d43b90faec69d39711216ff a3084959f61637b1678f6a7f44ed39f8c7cd3e6d 768ed07701299048218e35ea7e3671b34a09deeb,effd26d085bd303ef4e3239ea997a84750137c2c 02b3a77acf1ba0bc20d7b26fa8b4af73af5d4569 54649cc041d581ef36388ec2925820ce20512d32,60105,aa327c2ae987530f5a496058fea4b566e4d23347 a27e4cc40bd2c63b597d45c5b307df3ed5c5b22c a1a476208c402d04f86d7403e79bfc1741598d90,fe48cd69cae31f26d8e47fc75d2227288dbf2f9f d122e5ed27fc98e6d8bb58968a595ca94baf0002 8124eb0de86f20808271a10740a7bf99e8dd6151,True,False,False,False
70097,c710fa0dbbba1ec663b791751c5e1cd8b5f5411c,394eea67ae0e398020ee44c969abdcec96d28e21,70309 70161 70182,92c8b40056113e1190713d37aed32bbae069e3fd 4762e5638e8926f4eae2a08af562966b578e1d08 d3ea699b736a91946e01e26f0b4cc222200891eb,2bc609793629f61cbedbb90de4e0ff3de564b3bb 54b54a48593615b9ee289b625e0a274b4a2692df e856822e261687f8ebe07bb54166f05ed928a27a,True,False,False,False
70406,086bf13320936a64811ac7cafb01cf8453704bf4,32005ad8599c173e32f99b5f91d9e06c2b5a47db,70260,cc1058f108649c470c4838fe51f829d871ef4e49 bcca76bfc684de4dd4674dc26753ce5a4160d236 0ca1394a8efb9814b0f1e14cacaf1af626a74901 bf50d17273113a3f68c89a6d27eec3ecb3e021f3,a805e6de994ef11963c00789c6d62432b2dc7841 47f152f2262ea791207f7d20a4c7dc757114b89e 8f2c1a4913026d5fa24e4b45c584af74896a2583 ee442c2dcdf84a2089690b92b65f720473b00c25,False,False,False,False
70279,7a61b828d1e57c1a6e6b56b0cfd4a234c0d55426 180ca94ed654120b8ea5dd1e31bced65ec33131e,9183fcbc84fd40198777cff00b60ada5eba37d78 b3bdb57b36592adcc802f18b24fc19633224297e,70165 70138,8d24f4db5b146d3a86ed25b032f66268216c2ed3 2ad8dcfb1c3e52225dbc09989e0524aea33e5dc8 5b68994275bde4c4056e2acb11480b0dd956a422 47ec3f2825a8800dbedfbe5c1e8526ee983800fd,fdb938c68bbeb56783e6ffd2195010fe6c0ebecf 8156178fd2b3878bac97546fff586bcc84a5d970 11a7f2a888c55c59dbb54ee6cd20232854c0a846 5d2032c5708d3903fd8f5fdb39ae77cecf96546c,False,False,False,False
60046,55678ea2883ee7d934e6e6084f7df51959ee4047 c3a03450ffc388e3c61287a5fc69283a61240bbc 12dbbdc625f8354e047cad552960b801049652ba,398f82bbbf388a988133771e3c42da6c6e97a7c7 014d644d590d1647aa8eea1e76b6222bd6581452 8af9bad4ba4f91f5927cd605236c6aad98e133b0,60119,77c95c7f36b2ed5e2b47a6e93dc3785af3853b99 b0c09cb34974149b67eefeeb15142654a6f5942d,daf08bb2cd0a9954f4e2f996ae966efb3b42b5d2 60313d4062187897571a4b6d9afd93501c61a006,True,False,False,False
60309,7a6cdfc3700713c1bc19a9daa6b965b9e1ee1aff,090697df56e948b35cf13a4bbba68cf5784f5da0,60368,,,False,False,False,True
50201,,,50014,c0aaf9fee51c70f721449c3b932675230e8daab4 e12b3116baec3b244f66c1d295c718df1ecf018d,684302d600144815d89baabffe86857c85817a30 afa1ebddc31a1ab6144f488f6a8ce3dbc9e61722,,,False,False
50216,,,50007,fc0090d54f36ba62d00b2e0477309b6a4618196b 71c2c3ad56976044bad33eaa43db5a718f426c09 3ea86043444aed175ceea5b60f39fffdd3cd0f4b dbb37dea52748a4413ab99561242e2e280d6ee16,fc8fa282406f97b4105f196e74eb879ea6f396db 2f4013d212a0813946f0cecdfa25818debdc508a 1b41e833195d99ea0ef5ae040c3af39ea4ed4b31 dd5e67c0569f180729d395c5e1ad9f6861a9951b,,,False,False
50180,,,50018,c693faa4af0d62af9186ef29660ae47dbe723dcf a85d0a3a6a212a33e9364dbbbe819c6a0d2a79c6 319b80ef880184c3852e4540a0408f823700bec5,ad96df62afbfe1fda4319a76d5c23675d8ae0d12 53670f68cf67cff0580d6f17ef574ec39d6089dd e6f0d9fa49f01b59fd1de3315b6026df29e3609a,,,False,False
70078,8de4b5b5293bd37274014dfc3ecb1da1e3e94dc9 f88b9ab78bbe43b94d947981a22db0c0a5d7e0ec,79bd6d284063b58e487b5ac8f96ae4eacf11c49e f0c97773bae6cb3e2f1686ef761d25c1e5404288,70270 70269 70314,920994c231f64d1f36786481dcac0188df76a181,dae46c8bbe6f64e8ae950236c0bc73b2d8ce9caa,False,False,False,False
50124,,,50009,192d6f124ac2f06dc622494627f9893cc239772a d1c4d3254270aa672fce15ffa0f08a329ba90ad9 8c7a602ea592d7876365062878ca65e38583753b 71232a3ddd39600e4690ce8dc2ccba1c241c7c75,99c46e26f453e5f1cb9aa87310eb772b0a110a80 10909db4044da0f0c37ba5adfd630137cabac57c ad35c48be6d02a1f24cc90a822fc861be49ae1ff 677a8cf075ee729bc796edba5aff1eacc2bcd053,,,False,False
70214,0a3e2121309ffe8d1409f2f46ae8cea7c8ab06af,37b52d29a725d18b5e8c726486e1e25017239561,70500 70104,ee4c818267bd72a4a95d75658fd04e02d8394088 1890fb93a8f2db496c86e0b7761c97df79cfe612 d35bd7747fd38619b06acfc0fc8a820d05c38225 3166a59a508de24a2cf65a8166dc6c3c28190576,6d3a58d9a90d454f44e0c020dc1a7cb4a3d64cda a7dd25010953e1e3c9c02f827f3c6e398557d654 77f21ad2b2ebeba664c336326246b9b49b67ebd1 c8f5f8159c6abbe075d4963461c29c45d866c18f,False,False,False,False
70239,7c08e4ac3012faff3af98b58725ccceaca6d3a32 517abfda4c991b213549735802ae60ebff63ae29 00c4ccb6df4bad9a7245746786d3e76c7d1f4b33,13a563ae1bfc60187685703a01152cf7f4819e1e 6c94d3fd07ed5178246c3fe0f7e9ed7116d32042 756e6528d0e1ba1e965e236e506fcac5de05d162,70074,7459514c3e25572b29762d58682a1a0958cdcc18 e08d665a8fc2a2522c64308de3f529769c3ecda5,13a85d039eb7b3cd972f014753e74f85e449aaad 365d29fb864fed1d9287f5c57d2f35daab1010c9,False,False,False,False
60237,02564dc80c7a8a593c0d29984d55b4b3e0dd4f68 2cbc348d545cddfa454b486d5d57eefea41baffb,02f23d7dbfeea164901bca567250e664a76b48bd e5ff932d36ed3f40eb26eab475cbf00d87cc1fa7,60266,2854c041c8f9f8fa6f58ed94aab524ef625e537b 228e259c77c13933323d9b33846e56f02bb0a31e c6d0aabf5ec63e55c1312ee57dc684e2caadbb9c 28b828e868723b7069f5a2e77bc883a600fa46b6,e0e37fbb9b852db491ab50e4689d1559c51adf70 ae51621dbc9f118cb3d3f85e79af727cdf394fe6 5f0b6b15f0b3e3221432820016e88eef8853c030 4311fe8eeb192d4ab6d58834d33db70304f294bb,False,False,True,False
70166,7a4fc6387c421a79c1a15c3000678fe97e323f3d,52c96db50a7da28b3b2365ac597113667400cd65,70411,2f845333aa092664df2a5abd3b123cb8b5a54c5b 2d9de130711e40b73f9a379c3e5b5ee8d19fe4ce 2afc845445504b8b90cf51d16b7ffa4fc396e256,e409f89add8d1205446f7fdc0b9c5a697c7feef7 f5e61f8fd5802f18aa68fb1060705a9079b41db0 bc46d5e2e6bc13777b987daece3086f0a8afaf7b,False,False,False,False
60080,64ef1efbd391b3ada95088bf6adda305375faf3f fb9bc711b9768a9d7a28c500440e493d0c4c628c,360c48c5f32c5d1c58c61717905960d0faeb6ef4 dba3b80d2e5d05d7029dd9b3f7903ba3f03c99f3,60127,1e19019971c6182203247752d7fa5f79b78b296c,277ff0720fa820f43a0abe4483194af6ce1d99ec,True,True,False,False
70152,26689443ac59fa534c66f63dde7f68d68b61663e 3606aac67e8db58b7a232c28e38eb849426ab9dc,c1f7a34933623c022243fa1f3e57ad69132c8a6a c25b7b2ff9607e172709dc93ca6700ff08c60722,70380,b345bfdf493b04a20707f3e9eeba5266e2321d18,323920f5f56c708270404a9b0df84c7576bc331b,False,False,False,False
60215,983d676f88f6ee17766bcdb3bc19c4f11763840c,52e44ae40ce43380525b8c7d0f45a7a7a76cd251,60252,2307b5fb5351b1a50bd007ad9217a312cf2bd97f f72bd7d841224a825c2da966c95967243b2ffd05 4600fa1f24d4762e923b9366cd439dabc566761b,a52e49328b6f6d4adf3b929f9200aac448eea1cc 6e2877c3224725a2201ac047837a87a108ecc39d 4cf43584a9760b506153274b6f8d13a72ca86e44,False,False,True,False
70411,cd3ebbc62cca0f67fb41ee252164ac09222449d1 30020301ee47a60d70c709ec6f4eeeda2c3803eb,3cb9b691632b886a61cfb2cc2a5c7b1388fc4a42 0671fb98bd6db0adf3dffdc122fe9faac65cd5c2,70473,d03722ce66b91e785fdb983ffef9de281adcfa61,6d48e2b1c1669128088b2d5c524e55350e9c4b57,False,False,False,False
70063,14929681d67d9e3bb927ccaa91150fa20f2b7da5 6cdcacebb23d08ea36f6f28dba3021c1b7611552,54522c578372ba3684423be0752c5b7e3bf2cfac af7de7b8e15e468fc84839009f595867b73cc8d4,70253,6fb8d2ee45a485b3b5fe558c2339b9d8015aa0e7 a9e2afa789908429a4de136f0ffc2d3886675763 0df6ee1ed0bf7387737e4c8c1ced33dcc0a01a02 622a5bae77d738d10764de13503fbbb73d1a6f8e,97fc9bb3d5000c1b88eefe278049c9e3bbc5ae84 fa6d7c259d5d7edd5773bccda3653280cb7b54b8 6d294d96f0b6bf6b3cfbdf4f99c47634957d4108 758d0812f5761083b61a07ccfb9c7ac26b3ffbd1,False,False,False,False
70475,f0266ea0fa016ebe5564288c75e4b1016295934f 11d12a6c18a37d5efc3723badbf2b5d55875bea6 a78611ce8884096f3a3cd1b980b0b20109fbaebc,3579eef35253f50e3b9922efe4e6cc57203047fc f65cad64669d852f9d1b98440b688234a618df7c 004e2fb3fef6fee47286a9d43f7110b61eb7c94e,70015 70042,6eaf3094d3f360702f13e405b0a995076fb57f7a 10fd245a38253db56bff31f549e8fc3b125c507d 90d29afa5c316a70168dc8a83d3a542a294015e5 5323a65a3d1663b37526ef0fb2ad9f06c1f5bfb0,8849b859788bed0fc4de0ea07e0ac27812cc4c05 9f05eb9b38f58dc9927e7927a81d8789e4a6c5b2 aa2131daab32ddcd2a0f8c436fa05849ba637d69 5bc32a8331e30c22e7f78188fc51b065939bfac4,True,False,False,False
70205,3ffac19391ee93ceb301a02d50fca5ecc0d5cf50,6072887b4f31875ee7ed8b612c20f9d3abca4085,70100,d564ca84bebe06dd44f8ac0be17cdb350f1bff13 b4f11691f9b8d57ab96cdce3863070695b0eef50,b842e9ff9be2cb0af8f757cea511cf26438b0370 00c7c0846e2845766e8c0f681bff22f9f01eeb77,False,False,False,False
40008,670dc29bcdac39289eb0bc1c4fa143a6b6ecc624,5bc6e83107646832f653b94ecb743e018eb00d6d,40003,98784d4462304ca77dfb882a5ccd71db79d0f7ea 5811fa2f38644ebb41cc88658f1fd112942fe920 8ac2effe994940a22b1979fae2645ba51d3031f8,b76d87cff891b7765c162e1ba74658776f177e46 692fdacaf9c2605cd46affb1b90e26f4c5b4f09a e46f6efd33538560a1103985b2b04a3bacda2efc,False,False,False,False
50245,,,50013,1452b45eed741e357f5868fc29c0bc8d93737008 fc960d80c5699bed2c19cce0946a8c2ed48e48a2,f910524dec581f873238df68616b3bd50f04acfb 5d348c2c3fb687ac5844962a29517d9cf3d093e6,,,False,False
70200,b710c0e2e91ff80852e61edbbe841629d20fc412 cc24e2cb47deff4444b04172b4218159e6a0d318 5bc1a79ace8a5d62fee71f07d886fc2211134096,c2c184b8eb493af3b371d5da3ac37b124a4c8820 2ff34c22d158944c6ea8534f9cda260e1986d68c 0ab3415e018dfe863a7afc5fd52126cd87d58232,70289,89f8993d5a4611295c43133074a0176cbbccb327,60f651e70ace5f2aae021faaa04ca20073ab7468,False,False,False,False
70056,fa723290ced6e846636270c87dd6f7172338591b,96afc9ff36f04794857debef72f5cb91126ba081,70066,ac78bb1654d1643d1df820024db3ab3863fa4423 53954820136b09abec7c9767dc2debee0d8081aa 65afc8784e55c9ffe080b1d20e9eab38fe54058f,52c73663c2f6d83a0dad67ca21338865f6b92024 d08fbeebe806b3ab8cd6687b7bbea120c22138ed eda13d5fb0e503302fbad6b8ff6e034362bbf2c7,False,False,False,False
70054,e184ba355fc120abeabd7a6b79a6470eef9685ad 8957d3d3dfd1ee0bd651488fed950c770557d8af 7e9511ced5356555b40f8a6a398eb40ba5ef4b5c,41a4fac4719120a570c5e0df11b62f1837390b61 fedc331f5a7717d2a10b100dc1653bc95714c17d 7a4e41ff7248aa7519ad91ee8f3a7c5b16600f90,70309,92c8b40056113e1190713d37aed32bbae069e3fd 4762e5638e8926f4eae2a08af562966b578e1d08 d3ea699b736a91946e01e26f0b4cc222200891eb,2bc609793629f61cbedbb90de4e0ff3de564b3bb 54b54a48593615b9ee289b625e0a274b4a2692df e856822e261687f8ebe07bb54166f05ed928a27a,False,False,False,False
70420,b35a291a8a35bc69f89184c42ce1dc4b096a83ed,8adca2e59c19c7539746f68f3cbfe1083e6c63e8,70318,1b314b419758df7522227d86f8d2e032ce195afa 6920befe526a5ffcc45c84e6765f81a52863b356,412abbb058487f8c1f3ccef2c4e2aa394b70d7bf ac92e3150673270801a9f8424eb08aac3af28100,False,False,False,False
60334,e04155a32931697ffafca6add214b0a51a5b114e 47a6056d0a78f299432d0878a7ac836eef16ce7c 4bf2d76cdfadbc1c56b05181a4af60bcf8b69c3c,40289d10cde2e27d98a77c994cb89a188a91bb7f 3a7933c2455fae7d3ceb2afbc998c90dfe831748 35b54a5eecf47432707518ad9cfca6df52309dd8,60369,,,False,False,False,True
60051,37701f8edfca79038f3e924665943c2ae9cfd581 d4b3e7aef1183f834215c08aae329a3af42e9836,6bc2a4f51d18e791ef317385dde14b8d2db2581f 126caf39ab4aa2596983d98d94516aa185537ce2,60127,1e19019971c6182203247752d7fa5f79b78b296c f3c0b62a4536acf3df60c4451aa3c8127f0314f6 e68450de701935579f7630c0b315df24e51f571b,277ff0720fa820f43a0abe4483194af6ce1d99ec 65e34546ca032723c0b39c120d6e12be4a07868d ce5d6cf4334764a144856c9f4a642430d42f1807,True,False,False,False
60307,e22d13acce49c7e2c845de5852daa5007db49aad,951cf23143e5af491d499128e1937325d066ed88,60365,,,False,False,False,True
70228,5a782163068950759d0bba6a6ac5367720caf37a a943dce94b9036fc56467c73512b890e634278c8 324c79401e4f7e59fa41b0b686e33163a3c529f1,3445b86f12a5d4f594aa1359d9ac838627798443 26eff3c0116d82eeaf3dc92069187ef6fa7135b1 eb2b06ec68c6bfba55a4735a38dae77421c14309,70136,e6b8a73a6a4f161e6b9cfdcf1c4e9aa5a2d6f58c,74e1c968d5d5425d13bc7296b7cbdc56b1ee3680,False,False,False,False
50133,,,50004,3d37b3ba40e4e9cbf05547c436b2f2a56343c795,5625067a918bf810956c00c4cd7e40091286c48b,,,False,False
70379,8b4cad916c65bce02a827cd17e4400e93a1c17c3,8dd5d143335f3cb3a96b10cbd9cfe67ff021829a,70072 70229,7fb5b5b21ff6a326c75af189e896fd88103f8075 4f8e2cdbc6fc3546bb0e00cea4e6307c03ddad34 f99036f38892691fff6919f32c61b4482f172103 21d7b1581cecd20bf8e584a5e5ae817983989166,ced7a362d438361ffb27b55b138e8d9e8816286f cb0639cd4ecbe6202f017b317b24e2c40a51f0cd 6afc23ba0423a039ccf82a43e248e9018c8f2e30 82585c8f5fc0bfa212be1e234bd8c6f74a7d6bac,False,False,False,False
60045,5b474bb548f49545e9b1df23ce9505004abac939,c47002bb5c72914969097e7b19b14185a55117d3,60113,092a036862d947f0e5cdc23f96e3fb2fedad7a73,e1a1b971366945148001241f2f257d53fc6d6eaa,True,False,False,False
60005,441c197986414f0c0091687d0502e80ac60c3ceb,01c221885eefbb9fc7a25def75595ba97905f691,60108,581f91096d870837195ea46020edcbf58d8a07bc,8d14085c282c96aabf5adccaaa153a0a183283d6,True,False,False,False
40007,34034ae458993eebcc5b8d4bf0335f5184f701bd ef501588a101668866a18c6adb9f5a646c162733 aa1ec004a9b6aa4f44d8185e67c8245e1334e9ee,df9b0a314636b761aa8642f20172706e07a4161e ec252fa712af7910f4c84943d7e06399094cdbe4 671e181bb981d121e28a345c294178641f806254,40003,98784d4462304ca77dfb882a5ccd71db79d0f7ea 5811fa2f38644ebb41cc88658f1fd112942fe920,b76d87cff891b7765c162e1ba74658776f177e46 692fdacaf9c2605cd46affb1b90e26f4c5b4f09a,False,False,False,False
50202,,,50002,14085a3c8802f56491353b2e83ac6accba0c8a8e 3daeaf6281d8e412d9f0b28ec1d18c41d5d5cac6 577694a154294acea54fb307df1cfb849911b596,6aa5b86f57069e2a5c5a7c7345ba5a675b22e26d 32b7e056fee50fb3f171523b58689fb43bb1c3f9 3c3e5f7af784d909fd4e09050d85b279f170640e,,,False,False
50136,,,50007,fc0090d54f36ba62d00b2e0477309b6a4618196b 71c2c3ad56976044bad33eaa43db5a718f426c09,fc8fa282406f97b4105f196e74eb879ea6f396db 2f4013d212a0813946f0cecdfa25818debdc508a,,,False,False
70242,35a3e920ad9b7b325e0eb2e8ed7e95f6ca1eccde 27e4c723a26559db015924bf17c8cfd51dc0b96a 74c3613064c4db3f3f07a0fd57865e8c3db720f6,23c257f590878bccf3b64e1d868398ff5a3a9cad 1d0d50bfe3b1ab4d7dc78fd18c45ed59dbdabfbd 2a9949e6fb63dc9af89d7b96bab500f1cfd40f37,70441,d383cad20783d0791bce84d201d7e085ebeb9af2,c2c2f59e8e8244bc56049adc90e5dd46826e455b,False,False,False,False
20012,64324e669744dce4dbc29ee92bd6b581882b7a22 3546245b1807035628467ec2d111080f58e6393d e701885168e37763bbf9744a04ea0fecf0395989,c9ba4fd2c9c8d5ac9e112dd1c4cf742248dd2251 a6756f0098b7238c73b260e6a4d009da3197aaea 2de76e22f48d239f3b6407bd62b12df234c29c56,20004,d0adafb804c01b152906d279a1989174ad806647 c7478e2b73244c4ae0153b0c4e8093ffa80e3a6d d71741f0cc31cb036174725aaaa46869bfd15e21 0fe791d7a8f94c723883674038d0147eb562dda1,2d253581c2b4616fdb17f632acebf7d0ad350e23 88789c43e53999c7beb83a5b3eb8096f4eef6c5c 54029a68f35a7840039f3fc5c9cdd2573224d4e3 b1758fc9f9762be7134b8a384a4b6864f9770178,False,False,False,False
70260,2505a56cc192e47c48b64955da8e655ef641271f fb34b6eb757d953c75afd4da88fb7b0087b051aa,d4dc14d06b8667d65341e1f917e273b490bb9a55 16a1deef9051affd3f3f3369b1c71ed1e24cbda3,70430,fa9065d3c09ae59f8df9f3bdffaae7b4e22745fb,a88d8b21e8efe308e03faba4491e9599d800504e,False,False,False,False
60212,01f3e78e766e4a186b65d26907540f3ba95154c5,daebeef5d9e1a739672599c5c656f27fc4ee3404,60268,d749acec70c42aa2e8371cd7973708d4e4acc856 5aeb58e94a6aeb6f63e507d4f0c19cf39f89a53a,5504b43bfbdeb692479c1162d0518ea2ef81adec 1d5b192473e216c2469dc8eaca0d2e0f719d5191,False,False,True,False
70005,dfb828e2ec0d8a593d5942bba6f37bc8b7c0d20e f098ae7452b747dc1058fa62c56954380fa63251,6e7e260dff929b5cf16ec72846ecc25a3642204c 9cc6553caa5a9ca8c70b904da8a9b43b2cda6eaa,70471,81f681a99d37c8752e9ab8f3ea72856ee8ff2f74 007b8ea8ff00dda8cce42d1652948218689ad44e,870855e4e7d132b43df99d2df4b65bdd9271096f 4ccbbc782528600ecec87badba41b04931e945f8,False,False,False,False
70073,4628e10d742fda46b1ac381a96245c8aec46719e,aca010b0fa79933b52b9d5bb5dd7e9695a6ea2b8,70305,8e9420e21fe556c3b82ae78c30da5d6c81a47a8d cd76986ca3b1a518044f5c8ca815a494ea0c751b afa8d5a2008a0865a2cc5ab42fa562c8e94f4f37 16a1d7bbaa48ae6096daf496461e3552cdfe35fa,6fd03746586b4bb537a8d689dfc815f0e00c2a45 ca66aa6e3c883d85e8c11f0f64451fc3f2dd7369 3f9c56e50bc6f5098d908cf8274c7cc8397cdbea ea582dd0d55d7c219473103f03f78b1cd077eb1f,False,False,True,False
70141,15365623c1662d327aca044391bc2d7186f61b5b,313ddaa6d271917cf40bc6921c114eac1122cd1d,70484,22b39dcb3d6ab112f6c4f4df3ee3945118fe2ade 274aae765227939d429c89862c24422e4f8472e3 8f36963744b215ca6a76603825c416c67a9b2464 0312d27c9fd57d4739ebe5efdb462fcf4094b596,fe9e3f4621ae5312d0bff53aba6c627b7d4ee947 cceb8db11dbce221a56295249bed4651f89e478e 779cab38615621f71e1aa727fc4a59df5889d685 291aa8c3fc4183d741498a5de5877067885e7729,False,False,False,False
50172,,,50003,6966fd8ce3a9b88ef49b74c2e7eda1b5522dfb69,5bde3379e39096bc07f40300ff088ec6fa078c9a,,,False,False
70354,4b1bb52122ae5fa0e3229022a81e8af998fe643b 9d95d2c3e651a49ddd0e04b554032fe67b244d77 ade8b12dd0601a5780fd964322a4822fe03fdc33,49ac8bd4f483f4a223ac1b662f8c08a64ec79b60 d974e5a7af360ff762731d26a880342e9d49c029 d7609707c9bb5b55946505d005b94762f74e2482,70422,0b8c1122fedfbd0089ea576a0d9e7e57a6c7dff5 a6d0a23db9e04e1abba326cb572f7b7566ac2aca a38aeb0554f176d3a2adcadbf99cf2beeb1fea84,903db11a3d3414b0f15f4bd0c7c51294f979e258 2e35d7e7441b971343d3df3de77fcffbbb4e75c4 2431771001b64b94f4a35885fb59acdbaacfea63,False,False,False,False
70437,bd34cf4232bf2e9d09263cbde00c629fb2e8fa3c,7aa704622129cac3e5eaacfb8aca5a7c1a55f85f,70294 70071,e8929eeb6c92f0910b661e5504f68d07454a927a,4263188a3cda5e3a61589704a3c856ca33a3d02c,False,False,False,False
50215,,,50016,198acd55d29c5d396131876a60b7a6891e32a5d7 ea819e55c6800600a7022050974a7b1a948d7be9,5aa6e3c93ecbb431ccfb5b3cfa4a0c2d32479069 ace4bb862322c046078b78c198a6f879aa4c0466,,,False,False
70418,2197faa0753cc57bbdced761eabe85250433cd22 29049899f016d620e42d5da4fdf991e3f8ddcac2 131f0be11ae8d239fbe9e1b33130c98692087ad7,f4f97297056c7b08dadc5b8c4baddc41e053d1d5 e7568d9a238516fbf56e3c37c6296017e93eb174 d829a8b17a9cea3ed433a7b54f6d3e3f233dfe10,70098,037373f37a39fc9c1743dc4e2da0e4fbd84a1ee2 56e14ce1ef6ab61512267f16fa6e2bec05ad79a5 c24af0278fd964e7d5034be89daa9b3962110f49,3137f5a0c8b43b60991e962100bc0ad62f17e3cf 89d40aa5e92c53132184a8d39f25fe8c71dca1e8 07151a32d134a0fd0e397622bedd36c4bf04c312,False,False,False,False
70483,d0bb9a3704f5b5479687970c5e4b55f7dd8ed671 d0ba07517984ae01b826d27b0f0098629cae7b00 b0bf568f17c13c250d6bec81cb02ebbab3633821,6e7bd77aa4bec1f22d7f1dece34097f7ba363951 342dd258b444b0a479e55e9fdf4c5585ae2ae564 be99f52fe2822fd4ee2c34dda346887a6ecea68b,70311,ec25c550417ec77ac0e95dc8eaed8d241f19c694 5bc6d8f62f965200b0c61c8be0d9187a646caa84,19e25b3464f0f6c13e9078993c7a195dceed3e2b ddbaefa29db4bd6780350195b0ea926f72297bef,False,False,False,False
50188,,,50011,a30fdc3738e2a1b5edd80f9048ee4f276deefc8f 996c329ca95dd7f2f99cf94da33a3e214ca6d2be,584994f0a2f33b79dc3b1ba198cb3c067dda5031 95899ba6180c06416ba7c39c2425cb3c2a9eb7d3,,,False,False
50184,,,50009,192d6f124ac2f06dc622494627f9893cc239772a,99c46e26f453e5f1cb9aa87310eb772b0a110a80,,,False,False
50235,,,50017,05d9afbcc7962b74703f3881b5a4cdd5a435a301 1092ccca5168d38a982ec41e43ab35c288d6ea48,20e2c38fc49105e237c4f609006b557a522cf4e9 8310b1ffb2420d3857e391675b3f33e3e27a988a,,,False,False
70362,23cf7f82704156e238803217b5c9b22c6f94c0fe dbf768619ae9ed688eafccdfa57e4ab8f6273b84 4dce85871b2878d16f27fcdcc18710ec212721c0,a74c9f93cdce155302ad2bfa57f4570b7bdd6903 2d65b4dbdef9e736f141a2e9e62fab208ef43170 3931ed96fec18bb3921ac66b8ff2435938a351b9,70159,bbb5fdc421008fc5e27c069a686dedc05363e025,8523cb24e8ac805a3b93620b3faf30e47cc7b973,False,False,False,False
70250,00ef69f4fb40f05e31b3c5e8a136be52ec762415 935cdf7b55561174581dc0bcfd9bab89933af631 4954423e6307f28ba7f1a1ef9734791961b1053e,29b5dfe345e86a5760b872c58eb201c1edde17a0 30f3fa54ee141239203cb5b1a4627d3bb5a6986e 5199966000f66d3e6f63cd8e897402678021c87e,70491,92cd43ecf74fbdb37cc107ee0ff7a385f5b2aa93 6522801045bb4e8de9b492b2746810b2b57d3ec6,a5f52067d6fe7d7aa89fdfd62ffd095c12e6217a e6ff09edb864d450c4951e8f1567c81d893844bc,False,False,False,False
60026,c84b1b1628c5c1f73e3521b2c6b22050be9172cc 9518f57c5d6c83be178243c424a6412c778cf344,02878a9252e520c29dbe5123f89e909a59bebfb1 c6f75f1d1c490437d88384a2cd531008bb8415bd,60116,d65808ff30bd5b0ca18c5d0e238605f28c26ff9a 47b5293bcc4d0d5a3e9e68abdf01ffb362a64d4c 9cf1d431727a90b3a823962b570038b2ce8c8e5f,6399552646e288e15d4cafc94afaf1bda03914c5 21f1dbe2d146d530b0b93ffd6dac6034b607f9c8 f4dda28d6095672f3f8db5423247cc9f81aa3e86,True,True,False,False
60061,d8e0b89853de74d5ccecebad6afb136f8cc9be7b,ca3ae6975973959764e433a059b2fae88437be3d,60118,bbb1dbb5e6146b4a4c4e5d533279e77a591f2512,5d0061c2fb1dbf88ade0b5844bc4eaf16df29e4b,True,True,False,False
70441,9b91f7cbc2de6532353e63d0cb86c8395b146f5e b7f97b72ee23e86238a4488f50db56c8ba0b6567,a0798077fa2519b7862c2e390e970ebfd29d6493 b36b2d613d5be2ec7c9de8b6af68ddf6e0d27eec,70352,fd182b803217700462de1174cc82698166e1c3dc 4358c94c2c69b7027888817dcd120cdacda80dbc,d64b838a814857b9c011cca88dd364307972a343 b4d981e55c62700b1836463e9e37ffb1ee4f7505,False,False,False,False
70456,9508e145c3a5d6005c521077f9ab8f46a5604b5a,0730b45eef1bb008f94c9b047e59d85f6bd0bae6,70219,69dfd93cea1380d32b205ec9c2586abffbedd087,02301b2c6f9071bef48e4edac469460d468ce29c,False,False,False,False
50169,,,50009,192d6f124ac2f06dc622494627f9893cc239772a d1c4d3254270aa672fce15ffa0f08a329ba90ad9 8c7a602ea592d7876365062878ca65e38583753b 71232a3ddd39600e4690ce8dc2ccba1c241c7c75,99c46e26f453e5f1cb9aa87310eb772b0a110a80 10909db4044da0f0c37ba5adfd630137cabac57c ad35c48be6d02a1f24cc90a822fc861be49ae1ff 677a8cf075ee729bc796edba5aff1eacc2bcd053,,,False,False
50219,,,50001,33d2961d00cc5581a96561b3c3fcc31413c26231 ee4f25fd8101038f891b4347af765aebbda0bd7c,4dcd70d737081b4e925fdafbc8c87c7548dd9c6c d0865bd07e7f3b797f6e3f61c8b7ef0a30148967,,,False,False
70086,fc5b1efc4b45f10a8393e771048ef4f6aa355e0e c6e66f2b8b7dbc0841297e2e92d78dc9d77005f1 1a8474f876a200a8d107ba5b9fa9be3313456e70,16cc2ccb99c1505e3771db2e248b4d4a6057cfec a91610e8f7b4cdc7807deb991ceb631c7bb22c1d 9474d44299e9fe15ea08f290b3ae3ff006082970,70089,d372113c7817a1f24084033d9bad15d0d360ece1 e11845bbb56a474e8e902e2970828624e4d263c7,b9ac2964be93612effb8e9b4cc0f91c9b1c7b5ce 5f0c006a17b22fed4a9a3f66c6bca16690ce026a,False,False,False,False
70013,a682304027372af4bfac1c2a17474dad75234f04 a348963d348f219f4b038b5bbc5b72bb8b2ee99e,08bc8c304bbc688cb3a8efedd30de0d3b970f9da 29caf074048fd24fedd0a1d491545b16f6bba713,70262,b9630ee3a31ec7d1ab55aecbced30806bd7da2e5 dda1df6b888723a4a0e3e2bd7b93c5c7667a0d1a d80af939ff669bcbe95838fdaa13c7d8c40b8db5 6d1d88bdfafea22422344db72e051385c5dc7929,6fb8f5c31838d2681275a1a59c73653e7dab755b 429e5fec57b0c66a1c6cb00745f39c250db9229c dbc687045bc3d56e8263aa0646264ec63e726772 63e7ff3ca1f1b2175626d7584997b03612ab8ab8,True,False,True,False
70245,3201a5a455cf975bd5737bc134d48574edb63cdc 96404e04cbb0f98342a28119865098e81c3d52f7 f74889be36a12527128d0902a376312f5b535032,ac235023c7666e5afc6a52662e210cc04e178f0b b4ceffcddd6982dd480aec9f8c8e6575431eecc6 7a77681c69175fa26c20ad246aa3d26158b10d5d,70262,b9630ee3a31ec7d1ab55aecbced30806bd7da2e5,6fb8f5c31838d2681275a1a59c73653e7dab755b,False,True,False,False
60338,0a9866998351de4ac8218a78fa27cdfb2369f406 7db9ca38f71a46def3f69c5de60c233763d1cce6 0060fa04171e3b4667b84a171b28340ca581072d,0c3fd03f971fec4b5acac856a64bce724e24b506 cb5da4ffba9daa86a0fa5a6ff8df2aad2c07f3d3 a97ffddc25de7e0c3a6cc9cdc44551dcc7e2557f,60361,,,False,False,False,True
70197,fbe3e3b5771ff1b020aa67bc72ea7dbcd07c1fe1 4800dc9a4e9b133fcf9c40cc37093ea66f1b5bc5 8c2d4a853863fad5fcef497fcef0537c9d352ca7,5561f5805a2ce7b8569fd6c951766605c611c88a 93f06e2e492c807474bdd124c165adc072783bd1 ed615218b76097aaf4b6c2fcf62d80235ec91948,70273,aac97d4f01786875b998a16a8cfb224e0052f22e fee5cc411ed20efc9d46cfeba9739a7a9232e19b fb897db3ee00d58434c90c20bb2566cd49cc9a96,f0fb2d1c1578a3bceb7567799c0e8aff9bad200a ce58ad89dd90cad92ff711d99db5e1b4b7dce95e 7ac3115ee6dc8be038ed1453bdd368580dae63d5,False,False,False,False
70333,50466ae4e604a23bb7b7f079f4780f9fecbaf89a ed9bbb3fb604bd224a42d388e4e49a6298422666 57da0a7e0c3e3260a95c25a12a90f34cf91c6841,e3cc357976c1fb73b7d8259602dc766f83d01c38 7fb68bfab0973ed7c3a64c6e873de542f27d94ca 9aa2541a0b24b272105a33a906d73212407ff86c,70074 70436 70312,7459514c3e25572b29762d58682a1a0958cdcc18 e08d665a8fc2a2522c64308de3f529769c3ecda5 c0e1a6f56e8c5b45ce48f48fb3c2368085d9809d,13a85d039eb7b3cd972f014753e74f85e449aaad 365d29fb864fed1d9287f5c57d2f35daab1010c9 a2f8a7ddce4a4cc55bcd47b983af4a28b59407be,False,False,False,False
10009,9ec30892c442a5b24ab2b7cf80e670c5b8c8d5da,b1daebb95395e6814652523ee1bf9b63c8be5eed,10008,1e64b1abf47012df7e6dc8877bf5762ec8d958be d980576de03291e0f3144065a97ada8d3ae47719,d6a06bfcd97532a9250f4b9f761191fd632f3fac 7d03b96bb36640411d9b99b30347c4bd23827b00,False,False,False,False
70346,e0821785790acf14e60ce7fc09e82f63df48f499 262b678cb937d5002dbb5d26a8d3b78b855a77b6,90391e399f116e56ca06a6448649bade6ae7bbc3 428dc9a2dee877fb513176713df9d37a7535c50b,70367,f35f2b3fc6992bb4dba5e4cfa404b99ead084b17 0c18cab0e62e8f80b6a314aa40b6eeacfcf85585 93aad002884f71b1a9040aa710490ec8451ab7ed,00b8d3cf79aa49f58462b969350743bc5595a433 d19c7a9578625aaa851431808c85e1e6a90b8c3b 96aeeb39bbedab3c33343389ab32460cddd4cfc6,False,False,False,False
70009,d94dbebf24882464e0f54303a5abb2522dab73f3 4f25d92791c4564c7fba84a1113fbfec8686b1f6,0a6bb2dc5918d9236e9b7cbbe03a470fb96e8de2 87d478137d7a45a411e844cbbaf131c5b7044650,70407,3ede9a14670f354254b92c359c68b413d93c1630 42f0f20f04f4fac0d59914126570e4a67373bbe9 0e5992dec09ad386905a388d1c0f13c9e99ab84b,8e81a74a56674a56621fa5e97ac7f7da144cba5f 2df92a70f5627e67c8af3288b12a03959251453a 9d195a4f622a7cc356fdc7a4c1ef8914ff96d8f8,False,True,False,False
50223,,,50017,05d9afbcc7962b74703f3881b5a4cdd5a435a301 1092ccca5168d38a982ec41e43ab35c288d6ea48 6c67572d2d5eb2e68e639eb7ec0dc06cfeef515f b1d3185d87db2beab790936cfff1410133180273,20e2c38fc49105e237c4f609006b557a522cf4e9 8310b1ffb2420d3857e391675b3f33e3e27a988a cb4be8b6b4dcd883c07f20b4bd221f6e6d808c01 31f30f67010844ba35850b2eb860315e8ffaa1de,,,False,False
50245,,,50013,1452b45eed741e357f5868fc29c0bc8d93737008 fc960d80c5699bed2c19cce0946a8c2ed48e48a2,f910524dec581f873238df68616b3bd50f04acfb 5d348c2c3fb687ac5844962a29517d9cf3d093e6,,,False,False
60316,d610e831c174e9020680fbd4f0ddcbd0e4473270 98b806277576d19146f94cf840c6122e5e06fc03,a9987f261ad95458344c3d5376dff44266efbe73 3aac926d669d0b1a3a6857d94af9f5e5eb2d7f3f,60368,,,False,False,False,True
70373,abfdb735c02df8c22d41bfffa82dbd1ce4cb27a0,b49066d9c45d199195da32fc0ea4da3f945d8e3e,70479 70282,c60e852b42b2274058aaf04a8e6a894dc8877585 d4d9c74202e4fd09b335d2ff55d41256d75d3499,50b46f3d1673da89e7fe46ccf80eaa507c25ad3d 3c3de484198653249fb9f5280ff7bb66758f61bb,False,False,False,False
70285,74f9e5e23304c829f9d81b18bd4e588b638bcc8a,f235cc16b9ffcffcfb92c09ff3d3d82b94807eb6,70020,2b076a3dd7a89bb6463e6e0fc97093fa162d435c fa5d2a0184e243b76dad04fa28a7139f9a3bac23 c96578394c96c5e54368909f4486725fbe537c35,9836becf8a9086a7c2ef575ad499a5f3763dffe6 cb872e04855fb3603b0203e74da0db0177e09d86 fff55271e72cfdc9c992fc9ee91c708c9d4af52d,True,False,False,False
60027,661a24c61e6b9cb892f62554f9c32212f2e96149 81e9cc281c9478d5f44b24b623bf538bd8cf751d,e41b9b673717c9dc4c9e9ba8e1e1c7d9e787bb78 afe161f17d13e51e01997d47f8114e992ea76844,60125,c6487983cddf27fb02334fadf6a1ca9df0691b0c 4b2e5d038198fcef703af3dc00dbcbbfe9c1810a,3aa05b35041a69f5c446f48df4d452334210ee90 25fef33f3d38ab5a8b7f9f330f0ff80433c752f1,True,False,False,False
70016,513acbf32de9f6e9d3ba98fb5c03a691523d7b07,2dafb23cdb1fc45490a48f8cb33ef1c3af20244e,70222,2934df25ca826d7133ab811d4a747b9a4da766ea e9ee9c4b7ff35f366f203c964046bd06ea77c012 482787bc9ea37159d62c4c1f7f502920bc9e2999,f70eabcd1fcd6e37af3efefef35d756a5223ea33 6d8ecc3f5f0193d87f955eae1a35daf4f7a4d2cd 18a9768e0c603bdfc3ec3618a698ee8b3e89e551,False,False,False,False
70329,1c354ca504c967df089a910a2e9fec4f4f593a37,411efd54b8cddd881f00a76cfcd35bffbaf33dfd,70443,dbdcf865d4c95e366773c8709dd2af41e3a3f91d 488cc14b456d5fde89781deaa7f40864b50e645b,8a338c4b890b7b29829816171ac0a77526a4543f 3d5c0a2a07799e14496ec62864f443a210dcbf16,False,False,False,False
50226,,,50009,192d6f124ac2f06dc622494627f9893cc239772a d1c4d3254270aa672fce15ffa0f08a329ba90ad9,99c46e26f453e5f1cb9aa87310eb772b0a110a80 10909db4044da0f0c37ba5adfd630137cabac57c,,,False,False
60050,11f84b43d63ee4e2cdb3ee8fecce9b9421e04ce0,d04cc5c63cc18b4e534df3518267a204f67e300e,60117,722c34fc57bc10b4a6f2793eb727595f33dc2c53 2d0a19068b5cbbef2b21ca1e96103c9883bc379f bf5fbb03eb616d2bc15df19216e2cac4dffe585d 3d6bf9fc86a6fd134aad7df6e0b7d2bcb2cc7c35,b77d78ee243ac00f1f81e3ab97ddfa46166215b6 847aa07cf2ad2e771f1c7c3440e4a315aa39787b fb264b6aab46e99f0a112ccb3b22df0a2a35ddaf 1d03e0c29ccfe67482ec7a7d65f27f38e03c825c,True,False,False,False
60335,16499bd66aa6ee46d67d51bd3d68d91ad2ef24c8,0295c01ad3a49fda4e6329db931435cdab3ac60e,60366,,,False,False,False,True
60238,776b3d602d161c7378e007e0e3c7ec0c2494b607,2aebb686dcf7f007d250e035ceca895edd512e04,60268,d749acec70c42aa2e8371cd7973708d4e4acc856 5aeb58e94a6aeb6f63e507d4f0c19cf39f89a53a 5f5b2fd0b05a493926b0097feb373eaa9f0019ca 60e3081924c4532a6c4400cd91a20352a02e2e99,5504b43bfbdeb692479c1162d0518ea2ef81adec 1d5b192473e216c2469dc8eaca0d2e0f719d5191 50f548c5656b85c720ac2844fb1b826956f54555 33e8fa6b12b551b68c7335a55ea16095a61bdf10,False,False,True,False
50138,,,50005,3e4ff038b336a339ffab515761190cf97ac451c7 7c7f896aefc8704185f5130e1519a600556932c1 cfb534e351a2a2e673efbef9ecb5e059446301db df12470f39cc8e846aa009867be086fe279e2cf8,766bb0ff4b731fc7f73ac89cf1290108c7cc50c2 dc7e146c34c51787103fc6b58269f87ca7755830 0b38fae10a6ff39123c6390f28481c99da52873e d35c8c7b860d8ee4824460cad4838f6f43c0af65,,,False,False
70382,2775b2b22f57c4412e8db166b665404485863fcd,a22888502bbe33496006e40e9b237842d9d0b404,70364,f5cdcef73eba907e438b734dcd3d705addd86b7d 49faa8efe25e223a703472d8ec34ed2868d3b2c4 e1be4053c6337757c0bc7d8373a9f8cd3e642e6b 968c7554865528440136398f7c9bc1511a8815a6,873e8042242dfc2f640d8847069deafce39cddd4 109cb29443430a265515679c66045c065627af64 c55f4caaad7ba7de70d844efae11e45123baf145 0564efc60660be7d36982dc82be1d410e2d4d988,False,False,False,False
50250,,,50019,30c15f9892134434c54e4269f22ac67e84b8ff24 5c8986b85e85fb55c180b1ff892f5aa8d482f50a d208ab27190c0cf45d4730dbea0bcc1304ed47a7,9022f08d3a0181bd99352434397cb0cf846d50c8 f4e0f5546e6e680cff3af782d6869934670a8a5c fa28841f2bbee5bdf2a43c1e46e4b03990723996,,,False,False
10014,452f04ae637ce0d764b9e1ad15ed6598cccf5122 f59f0d124b5145ab2af801bcd0fed0dc21f9153a 7fef7efc3fca8aa06edcec24993cb09b7061c754,e892186f199deb0a0a925398e7b6816318a40c17 a5b18f84bac258196c59901ba460ec61f5770c5a f3ab9e21324756cb4c4c6eea6d53609d2946f37f,10013,0ee268dde27798fdafd2303e7945631dd58083c2 5e66067aab936d6cff3fb500704f41ed929707ca eeb15b15b8d0af6d1d5ba859e2da23f16001fe32,8bba7e902d70542cc78488833f71ff0703b058bf 2e34edd8a62940f89ada38db81c122288fcbf98e e675313663288ed6f20edbb1e4a98173e34ca060,False,False,False,False
10010,48c6868d884a1ef6eb070f2c6a2ec313ef72af16,dd048d9dfcaeb0b8f121a98e503d33dd458f41fd,10009,7c5f8f0786ad3fd9ab02a64c1b06425844c83e4c,3c1bdadd45d0bf74ebdd52356423c63a31e248a2,False,False,False,False
70400,daa16c12b109de1261b4a47d6464ed37f17674a5 ac69b97d81affb67b94409d890d14ab537657f37 7e9f5e8db4e6b1de389adbff0f9a26cb85abf75b,a516d2ec2b3d5740c4944ff556f34e2bd95af2cf c0c31d74eca545bf7515109718a514d708106c2d 4466caa42cae5f83d983f774735e6ac081ffa7b6,70135,b33956ce2ada630a9681b0c59efe3b1c77b3000b,b274b6fbb9eb0407ee9094b43775ab676324f6e1,False,False,False,False
70202,0657bce64e02313f9e5ef13a8453ffcb81d18591 b519b7c33f0dc8f6b4b5ee0ab77564960f7191cf,2ac814e682a7be784ca4ccde3996d1858f021d6b a3a54c65cf75c9bb7e97f6d2a9a46023852c2ac4,70142,f051f14bcb2184a7e08fa79ec5c095084a860533 6d3b67c8364d0d23c3d01dceee1c96d461e29335 cbc0d91b8b1f5751c3c6033344f2df47f189ddb9,07f949b38d75cfbe67912e0ebf9cbfa6f2cf32d2 26e504cb922977182bad3b3564c5842ce914558b 2e858f1c0a054219adae2f5aad2b1f18a0eb70e6,False,False,False,False
70108,e8b5dc35bbcf912596013ad7fb8c418ff838b0eb 691813f86aa6b7d386b241912e474791fc22b36b ab7447f5c7d6fa5e22779f8157916896b35ead28,a28d49a30efcd8df95b3d357916aac17d99608bd 7439043a5aff1b555f3417fd65128a7423e6cc64 3a55896db1ea70b565b9e9a12fc14e1e4c147220,70060,b2f0ec69e48d82b27c6c0747aab39353d2ace709 c3f264c6e13f599423cb04a153e7769b99c212f5,6a586b08b1e273c0d5a7733414c446c5c02f486b 705c014dbef1dbd6b0b5d3bdbec0f19a133ed74f,True,False,False,False
50158,,,50017,05d9afbcc7962b74703f3881b5a4cdd5a435a301 1092ccca5168d38a982ec41e43ab35c288d6ea48,20e2c38fc49105e237c4f609006b557a522cf4e9 8310b1ffb2420d3857e391675b3f33e3e27a988a,,,False,False
70029,a2121853a3ce4281ca1016543e272e0b325fb5d7,d48f8ab354446304e4daedd6797b9e70b5ffe542,70295,0f52e8fb311894f15f88f1951916dd274f11e1b1 9ff17c342c5a37e1fd13f592a65be072f697c9f2 527b42bfc3b327025cd8223b589692f77a2a3f51,4d3c908f7026f84924f6c6fcbf68514e27f4a621 eb903b48efe625e6c1227215f3fcc6209c20e002 2d7d35e2930995ed1d169a198a94b922f10441f8,False,False,False,False
50213,,,50006,eab2944cbcb51004b09812ffe47c5958fcd4784a,81f81d8d57e77ae26428d3b37e3085d6fa21e9a7,,,False,False
70258,a87cd1ec26c41b6c2f01cd2c2c3f1bcbaaec80d8 62e6b8f6b7e2ebe3cabd6e3bb5c8d0022aa64916,4a871ad4cb4fe7b2301b1a9a44cbef0646313e64 364fbb620e32dabc3fb8164ab4540aa347b67cf9,70217,b35f3ac2ed8066c512ddeac966c77ada4a8867ab 14d2ab25d4b408b4ea5e1dc328439c159c05cef9 d3f4c40ae90c5459b23ee3423f4b45619c17beab d384768c8acf4d4fb3cd6957c4ae689c98e8ff1c,ae032e1439da5f9a99fad923b4b1fb71e9bd93aa 021541a588b9de77676aa097699b815c3e6783d2 d4cf92ef3f84314c6ef2aad22a7a1144390d53ea acd135c92e3b1d9ac2262e0d089c720da7b77133,False,True,False,False
70377,be6c3445a1529a6a1064a8b4fa2f219f0da05dc7 e7854d54028740e0a5971c86661a3fb49a68be9a 15c442495ceb961af0e43eff971447edb8376dc2,becaa00dce910ca5e90b2a5fd8a88e5741972fb4 806b873fd6955fffbc8532244257f874fc6c6e60 8f9e9a7a74d9a2759e72044e8ce23ad99667a29d,70087,da8b7df00c2d1f315495109e366ef1b1c5755c2d 489b34e2aa1c982bc83e80ecab4299bf03dfe659 5baa6730c950cb26773233e354b60ca15b67a6ed,22f217436b868697138ac3fa2696b76041ade27d b7b9f46391daccd354a7830e2bd55c2610d840ac 1be6eec7c4f634933eff7d42eafa14765b10173d,False,False,False,False
70155,2cb51d5028dbecb1a59a573c938fb85236848e1d f871a4169d6716d39668d50ff7868c17f021a67b b91ce087ed10c959aad6f423cce9a90d3718347c,fb88eab584f01e68b570de9738fe933587b85d92 e2ca0f112af5c87570c8101f9738a67e2e5e2bee 264b126c6b7ab12b8dec04b9962ae0c8043f18c5,70078,0cb7dcde99e30ae3a8b1fffb6bfd1463fab8d4fb 03d0c749a3c7ba650803ef707493674cfe99c22d 4159134769960fe47fa404562d7307a09cb06d1b 7b74309dc6bff8105614d70d6c289a567dd19ca4,89c8cb90e55edecdd44f9b120f7f1148f516bf9a af98d020fc0f0f71dd5bfecff87de3da078eb12f e1839e195974b524b9eaae11197d920e3ff3371f e99a1572fa99ecd858fc33d19c020bfcf4be2b28,True,False,False,False
10200,3f89ed50b92f8fdf58b1942f6a8d483fccd546ef,d9bc56ed24bad5e077f49577df262e552d3c7276,10100,ff0a0d21316bdcda7783a7d633b6c919d4e16fcd fb220d5d9f2bd613ecf45137632149d93618017a d5d5e3d8775a8a590aeb76d7f4bf55bd74beee4c 01501d818713e08ebe0ee785ec571d0cc78d8928,427c8f5d02df24b45a9839d58c22f982a2b792ff bc2f40f989acd7347084651d28dd28bd995c511d efabef1fc4dcf788fb216f1b824e19fd00ff0e55 e529171c0a91591f66d366b671fd23161bcf4a5e,False,False,False,False
70187,69b0117bfd71989692a11e02de3414b7f76fcaf8 f1dab07b93d48e2d31811b1459ebdbb24d40d9c9,8071e2afa04a3e353552ea080c44ca4548aee616 b019d6af4dba1dccf5ce0c134547fb6615897169,70304 70044,c25ed80c1dadb8f9542561d8d1cf6eefe2068a00 5b82171abb39e85c1102a16ff41d834e85081020,51b2b8547218e7d18bbd555e379ab0aca0c638c9 fc75730e5c0f950862b056eb40ff1c220770894d,False,False,False,False
70299,e01e478560a03eb1ca39b2064f03f9fd3147318c 5be6e03110ed8ea40f663665d7bd6ec1d48f9cc6 a1e0a6c075b2ceee10c3dabe292e848fb2624697,4a89ac6529622192c9de43ebcf7b2511e1773aac 4705891296c3559a9327b1c8f7aef6db3f7a69a8 ef003244b1f081b504a4a6403f9a522382a810cc,70420,b3f9122fece9c5bc8da1d290364b8e9d0d5913dd,504b7b7e1a14d31a804a85b2aaed19ab72871e54,True,False,False,False
70445,054fc733edde1911de1034d5ac7172289f45efd0,fb7de5f55a4b0ab448bc5aff425fa651424ef253,70314,9c3f6075dbcf0c9abc3197a864ba27c39306d682 92ec11518cbcce2bb4f066ac0f19d7c73286e191 48eba490b741e39d561452dbdf7f53ec3151b3a1 f33f5f518b9fda681b86a545208a4411a97dbba1,59f4374ba35c5c9b9ecfd90e894b7bc8df7091f0 8f2f324ab329dded2b8a27949961e79338c51e8a e783e433fc1d5ea30daea16031c7a574bd232bc2 c6f04c57787518da95bd2928e7cb0a675d803b1b,False,False,False,False
70181,e9435bbcd4df825fc22ea8c0f81acbddda0567fa c26afad7605f70d7f188987864d41cf4ea8e6e6c,2b8283adfd7f426c6413707636f6c8ce71004c37 ad2a0a2719694ef5ee677a9f4eb4f5ed8f782e02,70283,fae5d8c8c3419fb7747a2cb0507f235473837eac,7c4acb04b488d87f86db7810f5e1d7018e47c754,True,False,False,False
30005,1e6245a7b2fd70616e27b6f924d41fc2c4fcdb22 8075faa7f615ca8cd7b81fd4298a7f7a23fae8e5,640f11b375f91bdde500bc161a34a4e301b29a02 72d9234283d97ddf6092d541d3f82b8a259cdab9,30003 30004,0b54453cb1e9d2d2511571f17e3f92fb17152719 4a2923984665ece2e314195e69db4cb9665ca694,ed4b2f3aa63a82557d6edb134af2cd99df76fdb1 f152e6d5ef80a8a28d3857cd2bc20ad20a0db94b,False,False,False,False
50166,,,50014,c0aaf9fee51c70f721449c3b932675230e8daab4 e12b3116baec3b244f66c1d295c718df1ecf018d e0f0c791cbd328557b9817885a182680c0c79132,684302d600144815d89baabffe86857c85817a30 afa1ebddc31a1ab6144f488f6a8ce3dbc9e61722 c1d41e8f84ce3f73c763277a6357d6d64aaaa8d0,,,False,False
70191,67be12d93e6920b0985d3be3310536e471075bcc 3a484e1a38bfe403d5053734a4a7478cc4a9799e 53e2a2cb8bc3b97e464170ff64d6847d5b5cc60b,35d9bda90dba851bb894c66e8f5c61bf0246c909 3e64ecafbeaccd285a74817c1437ccc8d1afaf8a f4a9a46f44c85ab3ef100326fafbe0719a908db3,70364,f5cdcef73eba907e438b734dcd3d705addd86b7d 49faa8efe25e223a703472d8ec34ed2868d3b2c4 e1be4053c6337757c0bc7d8373a9f8cd3e642e6b,873e8042242dfc2f640d8847069deafce39cddd4 109cb29443430a265515679c66045c065627af64 c55f4caaad7ba7de70d844efae11e45123baf145,False,True,False,False
70106,5e7c810945b9b6607ac9472ed279ac535b7b64de 0436cce3c3c86fbedb1d191360b2c747a61e34cb 4fd7c4004651edfd0e4f26edfa7bad8676fc8443,09fa9e158546fb7b1e28fcb0c7357f716ffdb710 80e75f6d8d228e4cdd9cf46e7fdb09ffcd9f2321 7062bcb708703df02d01030ec40ec3f19e121dae,70038,e14249b1c2f4fb32eb7efdaa3fb2742746366edb,c86f986a797ded08c2515661a36467c3e326521c,False,False,False,False
70043,05765eb95787c3bcbd10b30f45ca6e4b0a1e5b5c,2748dfd2307c3801e816c282e48fa1a32a622fb1,70413,483b3559a64372cad8d781ab7102bd155789f51a 28ee9530e1be0f8458bb4cc9c6589fecf0efc96b 2a5499f4d659875907ab04c08908c6a914babf45,f86be51b977ccd17f7a6247507973f249aac7e51 4f009962d6bc084592de4c8f742e0cc71f99e586 e13a0f3327c88ad910fa1579a76c540d4c7b8bf8,False,False,False,False
60071,5a0e3de03157b56fee83fa48c7ed51fc5357a0c8 33c062f11c8f3469f6e59b309f64d965839229ae,c6435d6b1e594953553dba738552e3dd137ab471 bd496acc531d20b0c814b9312c93e49f5f252d48,60107,72ed99732be847868931bcb6142335da68d8f9ce 61911e9862275d1a96afa8e03d38d41803b83498 6656967d782f4c981adeeb71c688775db8744fb4,251c9e2325f4ef283762b7ddaac94a1106ce800a 7663d713d39ced80895bb04506002a820c1bdc5d 9155ab2a14ccab1efbc925762eff270d9b93c6b6,True,True,False,False
70295,8d9844ad3dfb39b766a0c154d43f6d307a10750e c75a4c3c8588dfbccdc19f7bc48b144ce2cc9710,2098a91e5b1481d7c2660326e6374399263e6131 c44d220f1bf1dc89d9e324f6d9e52debcb321d17,70366 70422,5b1594f332129c180942812f3f697a2e4491ed0a 712da0ee2ec43d37d76e5b073e02297c1abf2b2a 673210982fa33758582119e07b0be5f38ffec0f8,49c728b7be72ce4618f1d1fa6bf1c2777099a777 31d7fec6d47d2f34222c8a485c1ff91351e1c71d d0081e2a487493a8b054599085d70e56cf174118,False,False,False,False
70376,a9cc5e358daa19af4ee17424c61ed4f197f18d86,bc8901bbab540a38cfa3a45b073fe621e6bdd790,70079,261b6ca6379bdcece9c8722cd60420d71e3b2e6e 14e9e913cb88efa3f61e54cb0cc2d5b230535ea2 f26e8b9303f6635da27b95b3df5dd7c8544e8b0c,dfb75f8e4a1e0d3203964b8455b8cb7a9d43cb23 fe585302d874bf123597f09d023df73bd382d9fa a1c35ffb81a1f2740e2e699a081086b70622e33e,True,False,False,False
70280,1a482701c6aac3569e4ad90a57667f28ae390ff9 877def86c91927fd660a37e9ecd56d6f6f180a02 6a237ceae61d12a3a1a2572559eb4510e158c3e6,7da860b94d94405c3c0a5372e1c419998010f3fb b7a0e01767eb6d80f24d48b172c51bc7d601cadd d4f5c4184aea499902f8d24c753e638d9aca3be5,70074 70414,7459514c3e25572b29762d58682a1a0958cdcc18 e08d665a8fc2a2522c64308de3f529769c3ecda5,13a85d039eb7b3cd972f014753e74f85e449aaad 365d29fb864fed1d9287f5c57d2f35daab1010c9,False,True,False,False
60066,3056c77562ee4097b910ee9549f11a22d593c73f f10bc832ee7a504cb0b7de1b6f7790021c6282f3,5752e9478339f587ad18b20f00dd9632702b201e dcc0a00edf62554ea7c7e0869f7619218cced43b,60122,770a8846ccfa6c106d537ab6e2ff2e53d80b62a3 1291d86150e4cfcb882e3680b2d204681644ffea 0972ab52f44a8fddc2fa4c2e4de9d340703ce1ff,50e729cac1b7cf8c226422afc1f9ea9b0cb15be2 9b2345cf05960b764ba26896e31fdc8376465be1 5bd48593f18eea75dfcc432ffccf53e326477222,True,False,False,False
70287,e9f344fc5b439ba2f8f63646df4b1866fd2c3319,7a96fd31fdeb3556cd81e94b41c4fab3cae97a67,70294,e8929eeb6c92f0910b661e5504f68d07454a927a ab14ab02919ae8419cda9c5695fa7e61262ceaba d0a2eb7ba4e9b9ce72a2511da20ae419b4fd71b5,4263188a3cda5e3a61589704a3c856ca33a3d02c aacb66243a7207fa4b8318e8577ee3b798aeb0a8 28a62d103ba6593e44a2403cb02e407c2eba7e6b,False,False,False,False
70292,21dee601664e1f6ab66926ac23c75a53b7b33708 af12793dd40e083ea518b079681f3092ed77ef57,248354049b8d5935611202ad34201f921e4a2eba 0d19ebd8f67c4035a7c6b8238e02007b88d57c30,70239,c5c8871048d88fcf122c3f48c6e531cb544f3876 c3a4841c2eb5e348be618e9ac2a01e9aa2644921 35b2e78e0dd329f581e89f2db2f9ad3c857dd187,7efd9224ded0ba6fd5054a8ce15f4496ee2774c6 175fd8b5b121cb35edc1046e76a36f6e849bb055 45580735f81b6883f804d7e1d30972e882379656,False,False,False,False
60227,7c64d90e071d41a02e626a677c73a271bb20d9a6 80d5409aa19db5861e13825f9d5a8bdce94ac72a 1471ef5e31527dc8873cb51a3f5b992c5f5534dd,2d920fcc8fc3127b65409f878a6d0b915059a48a 1ad8f4d042608859e90f90043907e571cdfbc090 fea5a7c812983a21af87a013e62dec001980589b,60264,e45b50aec2871b09be36f6c179cad4fe39499318 0bbb1668399b928623744aebc77b0e0b3d5cb7d4 a84f6f799e1985806482d16769924c8031ca0552,01c06c01ac45c651b6b06057e46f9ef964f50197 89d0ae98f10af163c246e121fa354e6853c12591 ad6fccf76898ba786764946e857c004903624c52,False,False,True,False
70293,ad59dbb556215d789c86f63d829b8fd67b3d478d 3daed0e9622c9d0751e80c2174704835abc8e422 05c94a0c27cc8fbcd6e059f119649d9556e59fa4,bc090a047e97e5db68a34f11506af5e9e8ddfffd 8df0317753e677f257162beec823edf90fc89888 7913852ce2b51502afa9a88e50c166f73e533b4b,70093,eeec7bc1fc803ca2fcecebb30e2c6281961a2423,edc2c95103411206db0e1e3ae25d311a342f2413,False,False,False,False
70150,318ed7628e404dc39abc1302977aada50eae3ea5 a32c435d3d2363467543ce78d9b720e5e0d60524,6a2f2e3bf556375064fbfb740c0ae62001d75a40 926f11d833e72820deec68aeb26993319bf84881,70186,cdbc2a2dcf13c9af54ef96661ed3d8c1302d14e2 ee40b00c22cc74059d32beafb6cdd4c3709708aa 76cfbb9454f669cc817a39ff494d3c21e17796ae,cb307bce1a0179637a50c4f900dacfc78e5c8c09 f8f21bb38107e964bb3593c79cf219c19d7b9c33 cf0c4b655977f417fdd4134b34efd64921bae2e5,False,False,False,False
20006,c4dce293e03e0bbddaca23ee54c06cff06ee4a05,5484d812e529dfeaf0b207f359ee6c4a03a4376f,20005,6e67542671e5e20654bd2fcf946ac4c57d5e93fa 521ed6b595464b1025dcf8b55d47f2b9d706310f,376462eb39799e5ac979656e523d2be4f411d754 a7a7acb42564c43e4e735f5165693782ae97d491,False,False,False,False
70068,22373912c6a4d366aadbb05b15f1226021b8adf8 ee6c31b3f600d6aa2e1ea4f61738c4161574d801 4f6beeaf1cda8b13a9e5a0d6813132a272a51000,0a1554e719371294fc5e6431571e3514403ad087 d9c924d64cd61eb52d8f169418c365680a398a1d b7fa649f6c6623e5cb8e2af1b7aa29d4714636cc,70216,5d5a8d4adb08c6110e3bd2877bceb75aac8ff490 842e6d46871cb6070ab0330a6006b5f0e46380f8,7b15b872595f3ca2d65f32d5ca5cf4227efe55de 300c9931c2f9521faa8b9358c6d9015217609358,False,False,False,False
10008,636b2a36e10fc3fdd426917b94f8863928173159,c9fd8cbef54e9460e0e4617e3a2c13acdef6cceb,10007,b75b985e4fc5018de132fa8aa64e2864ee5640a0,5c631ee85273cdb8e0cb7f59a9107f73d16721cc,False,False,False,False
70038,fefa165ee8dfd4de6476c5d35636a94bcf2b4b26 067d3223ed6713fc30b24e7a3a0f14656fd3bed8 64cbea745e30cd7f01659054009f55cf7f06ffaf,8397c455674a52fd0bf44c0bd681d586fe02997c 14673e947270579b1c06d5764c9a640099561dce 0cb68e5e8a8816e601596154138856b17f00c8ba,70195,7b9491370dae9b7cfb5adeadcb4968fe2b235adb c66c3480861407a414510c18c276c442e146b66c,d5cd6df05800503ca83dc677cacdd3605b9ff1ad d098ea4b5e72bf08e7f083c856719a559adf5c48,False,False,False,False
50115,,,50008,ae598bf1b4b971e068f70f57d28b16c4f1fce3d0,ce279b6c9006c2765f38fbbcf0ab61365759d0c7,,,False,False
50157,,,50002,14085a3c8802f56491353b2e83ac6accba0c8a8e 3daeaf6281d8e412d9f0b28ec1d18c41d5d5cac6 577694a154294acea54fb307df1cfb849911b596 95a1b045fc7f07196e22fdd5f53a49d67502a8f3,6aa5b86f57069e2a5c5a7c7345ba5a675b22e26d 32b7e056fee50fb3f171523b58689fb43bb1c3f9 3c3e5f7af784d909fd4e09050d85b279f170640e 1efd4887307cafc04b963043a0afad894053f26a,,,False,False
70225,72dd4639054cf11be6d6aba3087afdfdd5eaf957,9f854d8304d59f1810d5dbc27228b22207c0ca06,70243,f70af2318101dea7f8f579a5b6eebe6c170878e5 7f1adec801f33e8db5acb31f21beeead80bd8e13 d2d4d90fa042a51ca1ccab226f92ef3fc89f5e7b,0699c79501f0e5054e2afb5b695999bdd698eb2b 807c292375bc678a1c9bf4df8ef939fc6a85e68c 60161cb0ff198ff3f9f6e18b8cfacd1e6aeb2f4a,False,False,False,False
50194,,,50005,3e4ff038b336a339ffab515761190cf97ac451c7 7c7f896aefc8704185f5130e1519a600556932c1 cfb534e351a2a2e673efbef9ecb5e059446301db,766bb0ff4b731fc7f73ac89cf1290108c7cc50c2 dc7e146c34c51787103fc6b58269f87ca7755830 0b38fae10a6ff39123c6390f28481c99da52873e,,,False,False
60329,d6be106a4d1596bf57c40a8f1abbcba5f17cd049 117a839c5e87158874a4a6f383247e5f85cddbec,66b6ce8b6edb70f0206bee093ab2a5bd3ebb5408 18e5430819c40600e650a5549a982068ba2b2caf,60359,,,False,False,False,True
60040,7dac1f6389db2a56292553e892eda6000e123e18,26df8ca2df6af423828ba31a37088bef3f71cab7,60105,aa327c2ae987530f5a496058fea4b566e4d23347 a27e4cc40bd2c63b597d45c5b307df3ed5c5b22c,fe48cd69cae31f26d8e47fc75d2227288dbf2f9f d122e5ed27fc98e6d8bb58968a595ca94baf0002,True,False,False,False
50242,,,50013,1452b45eed741e357f5868fc29c0bc8d93737008 fc960d80c5699bed2c19cce0946a8c2ed48e48a2 47bda4a80ea40e93d3b44af5ab2ba1f3a8665899,f910524dec581f873238df68616b3bd50f04acfb 5d348c2c3fb687ac5844962a29517d9cf3d093e6 f781524be4fbf25f5914468f9ed6471c8705230a,,,False,False
60019,81544d117383bda2a339f326a24ebdedbdc9d33c 936889feddf14bcc1bbbc22fd13a5b876f74a231 334c45b6312dc92efe4a0706e5ccd00a91b94e60,a63ada33840601da47da2a82fcffa51260ac4ecd a9ab654234d74050987f7df4a6c096de9774f0cd d2c4fe0cf56a0ed51c55fb186585a4123ce02345,60109,46d62cf23d0c5e9ab0df599868122fb543b8fa5e a90be45e5454fa796f70c3cd4a01ed36057334be 755ec9ad80c1e1dd89fdc9e24c4b7cbf83eb3df9,e077d62a3d609878ca5e125b4cdeed68b2fb2953 d57ed795c69f0747c6ee9c5a73d34b0bb76027f3 66490343621f485eeba83d29469b35aa2d1b22fa,True,False,False,False
50246,,,50020,e2b664053fe677fe6a253e22a1345648584886e0 3ce9d87f132598e7474b89fbb291ca62f7df81b8 4591bc725b217e0048c8b70eabbd13fc48852dfd,adcdbfe01cf8e66b55027cc0e425063c2c56ccc5 61745884a306c22973c430913fb50b32ec52bff0 0f0caac99c43ea5625a256c171659510b528e803,,,False,False
60056,1b0e6427d0591524378bc495f9a18e6f2009e0af,0bb3877992fbee328ba4bb62af8ec10417503a28,60111,0b25203c1eb48207c44b53b89e4cc7861fb4ca7f 0c3caa60a9f7efff39ae1bee3898ee3eb5105172 ba1b3ee411e4b641d15bd750c96aadedbce39650,3d5a2d4a678497b7f87e378f0cc5568a84ab5ada c7d325e198712a1d510f83090bc7902068adc01e 4b54561771b57132de44f4134e9ce9aa5a49c723,True,False,False,False
60032,5632d743c7f9ea8921aabab2d62ca63539fc7cd3,e46963f53cf813cb0914ebb19928d79098483169,60103,5061b4381c7e56b721a0e7bb5f7bf53a39060c83 0abdb1459e217f4f08b474fd69655fba15cbb485 d4345d4ade040db52574bac1485e6fac6bc4b717 89b3421cf4e98c48fe665a1c499a5e7e85e473ae,60f1ef70cc18810afdc4f2ac5aee3869976946af 5844aab6e0b986f7530d64f40992d3e712f6d491 f6e613e14d5482b1d1a03e596ffd94e0550306be 07e5604b2aa9cb679befa10e8720631c06e5f2c8,True,False,False,False
60025,75a8fd49c04391a85f9df769f25780d0d389aaf9 baa6f56c19a091c0ee7f74233c8d370c3167351f 9afe0b4f8547a8bcdca9556294f9de2fa87847d8,e34e7b482297a9d4b39933be161497279c4deb00 3317857584675dc19a69f1b51374473902c9da3a cbe26349d4bf6de3c5e9f5e6e63f98b6e2fc03e1,60128,f56da844777dff64b8d183a2bb7c3ed2950eaa94 227ae10e80bca663f914327a82f2231157ae3f71 6b42763bf4c4bf1dc710e254fd04f2941284c258 d03dc1c0f42b4c97bb3e5a641d1083d9b0cd5bf5,171ef729a1212e673d6738afd1686e949c25376b 9bcbea8e20df26d806250182f642c751e7e01116 fe51945b391721a448157de22aa3dded11a64e33 02638ed7561dff49086bf12a6babf89b07d74dae,True,False,False,False
50239,,,50004,3d37b3ba40e4e9cbf05547c436b2f2a56343c795 bd8a3011fb5916d5b363fb0198163ca81be4eb56 c9da3b1cd4630a8d53b49a28c829287123742248,5625067a918bf810956c00c4cd7e40091286c48b 6b6c0df6b90bc0863988b1c67dfb05f34a642e14 981632153737664e72acb298af82be77f8972083,,,False,False
70218,af28faed006d7f0cbe0b7107046460c8e1c9d4f2 d4953c38c06208d736b2ebb7cec075522570ad59 53b2cad6fa635a7e39856112b701b1b1a0f6e0fc,9568856c2163ab0d340d289a93b51938d9ca459d cc4afde00ff1fe066024f3c2a849926814854612 e0de41ff8d0f057e5a5a6875c6afd96c35dddf98,70101,10097dc822fd34d5f5b9d34134b3cc8d2142acba ff7459df0a333135b24bd61b4e9a151a6003d686 877233bd4e63f490b8b475bde2856370b61f6e12,0c33c1084207e8291e802e19f077e353c55be56e a411ceba91f59026b51f3aeb11d2470beb21b8eb 6d70b5265ee48c63bd9bdfce4ad618ac126869ff,False,False,False,False
50229,,,50020,e2b664053fe677fe6a253e22a1345648584886e0 3ce9d87f132598e7474b89fbb291ca62f7df81b8 4591bc725b217e0048c8b70eabbd13fc48852dfd 163c64e79598d39c97b3ee0d9625986a99d85d57,adcdbfe01cf8e66b55027cc0e425063c2c56ccc5 61745884a306c22973c430913fb50b32ec52bff0 0f0caac99c43ea5625a256c171659510b528e803 7b842d5edaac3e19679c477e0e63b3541c7cdb98,,,False,False
50222,,,50009,192d6f124ac2f06dc622494627f9893cc239772a d1c4d3254270aa672fce15ffa0f08a329ba90ad9 8c7a602ea592d7876365062878ca65e38583753b,99c46e26f453e5f1cb9aa87310eb772b0a110a80 10909db4044da0f0c37ba5adfd630137cabac57c ad35c48be6d02a1f24cc90a822fc861be49ae1ff,,,False,False
60060,66bf82097154e15090d4aab0c2d04f7c76db30a8 059190cbcb0e37116bed1f2da6c359ee6881dc85 4bb3de8a47647a8ac4fdd4eda00e421c5653dd7b,e28cc54871605ac9cc844e5627404855a5fa63ba 45134f1f95904a1c3155bd3aee328ae581ca923f 4bf09a86d0461cb7867951ee15c5e602aba67bf9,60109,46d62cf23d0c5e9ab0df599868122fb543b8fa5e a90be45e5454fa796f70c3cd4a01ed36057334be 755ec9ad80c1e1dd89fdc9e24c4b7cbf83eb3df9,e077d62a3d609878ca5e125b4cdeed68b2fb2953 d57ed795c69f0747c6ee9c5a73d34b0bb76027f3 66490343621f485eeba83d29469b35aa2d1b22fa,True,False,False,False
70189,d88c78c0422ad43971bdf74771fea3cdbbb3827e 40056a17b713dbeed2d6b39d1284334830cf66b0,114505949c0ee47d98103034f502c099e95ca9bf 6883114869bda4837a4512e765fc301ea5a02d43,70159,bbb5fdc421008fc5e27c069a686dedc05363e025 b840b10826c73eaed41503af00e50862a028e248 cbdd56c842e398c20908942804ce1923ddbd9689 13c1d33ca086944e65d79f0ca684f78e63da083a,8523cb24e8ac805a3b93620b3faf30e47cc7b973 9da515ba6e2811558fade48ff24aaffde6a395eb e41eef434fa0a2344efb06c8d7b942c45a3f2c0e a9917dc4a7e650fbece8ec324c85bc44ac6dd088,True,False,False,False
60008,83d94fb1607481533919fd362089418279ca1358 154cc6d649184f6fda3c4d3ca7836bf7d36842af,71c305a82c621ddec474341cf4691ef1cbd1367a f0aa7c7449795a06fac13365af781f39003093d9,60123,8b672807534787ec1a3c29807f620441d1b06345 f3162da51d2188a3e7ff0eda9307f09f00b68940 8873771ba573431ab2b08384b99ec4bb2a0f6d71 719c8c5b46a539b77e9e655e85859be38f26f0d4,3c8a09d9d65af7edfcec49e67d65eea5feb8a94a 135aac06df67603194a4ff58fc2455b91542fd74 c101005c335a141025a73ac8df86597dc14da194 7baa0d565bed98b2f38ba48a649c08338f45339f,True,False,False,False
60327,d91bdc07ac57af6ed1c2f9f820758f71d6cad5f7 d1e1191fa34162427701f3f93b386e079191da32 bbf9bcb163213dd9acd4b41ad1d41150632252f7,ddfe2fcba8b4a36379812c763794e6c7a07f43bc 1361b71ba512421083f9535fa455bb3b6c9bf737 3b1600e053b577ab61701ece53c6f430eaa9b759,60370,,,False,False,False,True
60226,a1f1f58f8b4d5d9bc1e4bc0d65f49ecd85ca8062,3bd5c8746f71429f53d61f8aac20cea260b76d35,60265,1f13b300fc13d460b7fb0224984bf8d40b70ac1c,767729851e416b64ac0234faf128eb96296fe7bc,False,False,True,False
70124,f64636e29fdb339f08fffec3ea15c33ed921cca8 69c90f101e4cd893edc0201192afaef57ce1b0f7,7948d8aa4cc76ff224e64b616847fcb6871fee77 c9b145117e9d526428f7b811506157d04662015a,70228 70060,16c5c6e06636465bc477f1466218424a7ff296eb,fef4f6fdb95cc41be016606b2e224247c0cc753d,False,False,False,False
50217,,,50012,cbbdb0b58897cf5c314e28161e232678f515c1ca 18ac4c8193d99e8b7c14af33a72115890ed99fc8 ec5c1738ab20d74471d38b81ee7e0f21a3a148cc,9fb5e2607650c8cafbd75e74bb8cfbad059ba5f6 16cf0207e2f308666aacd5ea41c6a8a6f923fc9b 6637c684e5bd8b09efc3ff3eb53a23009dab0377,,,False,False
70085,c16b7ed5ce8b4aa59230395682ce97a75b1a117f 2003dacfa9581c71f036d60a395d4e6d3ff8bb2a,de6312771950edfa3de6dc2b8ad0bbd8765cdca0 790fa9186d951e75e724a006fe9ef7135305c9ed,70452,b7e7f9f714d533fcc47f83e47120772931774cbb adc6357e1498993f0915975b5c1dd03e589c4f45 5c830d25b703fb357033c89104a6253b283018dc 644f7cc4adefbf61175cbac33b17e1eddc588f27,6f2b4d3155aaef4a432f4bcd463643780f652e43 572534a067065c1c7aa0fb33785bd36040c9950c f88c060343ff37b96bb055329cab213657639330 2760480bad20424754cf0a815d8865c6246260af,False,False,False,False
50112,,,50012,cbbdb0b58897cf5c314e28161e232678f515c1ca 18ac4c8193d99e8b7c14af33a72115890ed99fc8 ec5c1738ab20d74471d38b81ee7e0f21a3a148cc b4f1a80ff4476ffd5d8269ccf6e7055f3a00ae35,9fb5e2607650c8cafbd75e74bb8cfbad059ba5f6 16cf0207e2f308666aacd5ea41c6a8a6f923fc9b 6637c684e5bd8b09efc3ff3eb53a23009dab0377 cbf148bbd7a5c385fe6a60477ff37373c9269933,,,False,False
60315,e04a0b430fa311f7f745ecdc3ed91b534b4b6349,43d152871e8180634363f0fb8afb872632701277,60368,,,False,False,False,True
70448,8f889b1ed9986e21adea9a5962c58edaeee3b92a,491be7c082071cf3bfb47625ae54e833fa75e505,70145,6daede92424a4f901487858fc64b47184e7909d2 500ced060f34843a4007abf0230f82a94bff39f6,fffe100c8d196d1433462b9cfc902daf2dbaa072 8e6df8944466623b07d40fcfebd092015bb3c5fa,False,False,False,False
50130,,,50014,c0aaf9fee51c70f721449c3b932675230e8daab4 e12b3116baec3b244f66c1d295c718df1ecf018d e0f0c791cbd328557b9817885a182680c0c79132,684302d600144815d89baabffe86857c85817a30 afa1ebddc31a1ab6144f488f6a8ce3dbc9e61722 c1d41e8f84ce3f73c763277a6357d6d64aaaa8d0,,,False,False
60079,b744a7b1bbf3476fe1d419246bc3dda634d3d124 ebddf8a30db3d4d0320134bac21f303d77ce3536,26a5585a9ee1a467b35599837063609ff5509e3a 66df92c9d1a2ea1e4243f159c784a8d1b7024ac5,60102,8d03189f737289afc8253e8d4f8fd4851f437cc2,84edae90e67763830f67e4f0a704eda432f6a960,True,True,False,False
60039,e7e3918bc02ae44b4276db3771710c31c4ed7414,362ee442c75219a5119a83dcac4f712d038a00ca,60127,1e19019971c6182203247752d7fa5f79b78b296c f3c0b62a4536acf3df60c4451aa3c8127f0314f6,277ff0720fa820f43a0abe4483194af6ce1d99ec 65e34546ca032723c0b39c120d6e12be4a07868d,True,True,False,False
70087,ada2d98b1a20cca1f9719f5efc2daf54425f96e1 6bdc99fb55932deb941c887cba98d7050861f8ca c6e4dcbb1b316516cdaba39d87bad8062034c35a,83839e1dd260965098803d15dbad5663b78b9f8b 8352f7715192117530945da07c6626e6cbee50c3 5b86b91b5544b61767563db7d067e0c46ae77f01,70476,a86b289501ef145ab70d1f73b1592be36052b84d 65004aca5f52fe80bf3ead9d95bbbea051c4e7e3,e23e35d62c51bd410c754b5f720f38f73a73be81 b7646562df68f160b3112bbe9191fc6b776f09d3,False,False,False,False
10011,be159b338eb88c703a18e5da47ce5f5c5e703b6c 5ad51d07aea91fc6abbf07d87e54b50dca1b4f0b 03838d1ce98717f66e233bfb8b1f9ce3e571455d,0e1b0ccc66aaf8cd721389a46ba78f40676b4c3d dfb983a0452120f07152f94572d4a2155a7bb5f4 68301548b67243df47c09a18bc19cd1d2f36707c,10010,9721610435a96056d501c2d57e0d6cea69b91216 f67f43eab6c3c290e662d0c11bc9ccd22c525ffc,15b99796fef10fb11cc51e3c01c04a3e7ed36a8c 23c5e533a83c2db5fb7066eec9c567b64416d1b1,False,False,False,False
70021,1120e1e0060b1df511e0d1374f290ed42c54fac7 4b41c047bb27fd5cdd75191be3d1cc395edc12ee,03d16b3c38c0988bd2435e454dc382134b8d559f 80c93bab5170173f07bffdb7f00b401255930008,70381 70126,5fc20b7714d47ae3bb518c889c43413f00a979b8 50596665f86157d70961309bb027943488f20471,db047154a1ae1b7705abc195e4fd5d8f768873bb 895d63f7bcb292ec9ad9af518a1cb2d7e53c0c5f,False,False,False,False
70497,37291afb5b5694a8b9729600ec0e9ddea9ba6945 21baa0118b67e6b0052275e2fce982669baebcc3,376eb81b6ea4c8fdc3d0ad4420abc95965d957f7 3a7cf169063a0ad8527046b397a1f155b2f51fbf,70089,d372113c7817a1f24084033d9bad15d0d360ece1 e11845bbb56a474e8e902e2970828624e4d263c7 8dee19557549e3744cf597e7816c74c035954f04 7e209a0758bac36410ff1ed241f343b8c75621f6,b9ac2964be93612effb8e9b4cc0f91c9b1c7b5ce 5f0c006a17b22fed4a9a3f66c6bca16690ce026a b923ef2fc33038701f2cb9052bfa6e232d6ab6f7 4c9625657ce67e791b640110a56f07d988f61437,False,False,False,False
70246,62d0a3fed72086f37e4f08e2ba0a8dd31c1ca7e2 12195f1040c400c4dca4421b4466783ee1294d00 66edb8171e0237744b2521ea45ce28c041030aa3,dbbf4f65872fc4cb8c5787d1b000e9844462fd71 029f8c90fe9ebf0833dfa96a3402df833d615f2f cffff4aa834dc0f45e5c92f28ba51eebef39ed74,70349,277e721011d307f2fd94a9a25324da03bba0abf0 d81693bde35875b4911215a00101f209e3c73769 38b0664f1c4be275ff3bcc97bf5b0569a99616fa,8bd2c2805a3d41d85a7819e345e88db508753731 ca46ec634ffdb7d4cc258bf20351d238bf0bc295 f14c9631d151e40f94f545f8096429333ca15c27,False,False,False,False
70241,ed366b52d0f21dad186bf61aaf657ed27f1a7c08 f4ca3fd302ec24d30d78fb5ff9012d2019b9a155,37e483c50c72be83bd08b86d45ed6937920db0a7 ad209c9825d6addc13fbb17b8bb1c5580cc98ac8,70455 70022,445a3e8f54c494380588e04eb6770a30a990774d 116621b9b5efabe142f3cc76f7fc13b4921ed98a c19309493c65dbfe429752340f123d7054d50214,c253246e8ae681e646bfb6f30193616b6145f8b8 130bbd415ad6413776c1fdc761354fc01c810506 52ff321e45eda88ef8b7dba2896d368de4c4def3,False,False,False,False
60228,56dc3d1f0bc6bf5e5196630e4b29cc267435b2f2 c8c72af65f3534680da70c16303bcf511cb4c3b5,143ca7c19523fd1d10d9c9f0abbd95f5af7154f9 272eb26e40607d9bc409d1724ca5031d24773163,60270,e6c2c97e2601f65d0ed0e54db02e9c2fff9fd4e9,7caae4fcb8d644921a78cccd31130e5b677b4717,False,False,True,False
70428,adfbbe9c7b9062a87e6798645a2584d11f2f4848 0fe8cdcd6267947f645c5d6409d437e86e4f843d 7cbc01e5a698bf6128be4c19cb1b5c00902ab9a4,5e4dc8d44dda074cf8aa1c4d023f19955f68bdab 1610f891741304d9ac69fd3fea7d1e9408cc9e4a bc8af4948855e42d726c16ff65f15493e30773de,70426,7fbfbf1aa86b9c6510610e183050b28cccea0ca6 842b61446d775cd26e7f805e0b099ef5b980d844 0c3671b990e7790d8278ddf69aacb63da6f78d68,4edf909e6ddc6a472c9bfda92c99e122fa07ce72 a4e4e8fc7b4483c18bacc4c0d4035f9df695335b 7eff4f6b35458a31002b139170fae0cd1fba3fbf,False,False,False,False
60010,741b3a2c52f3cb96f9a2af10778faec9803e674d,8b15c55237c82ea444807649a1d34c04d2efe0a0,60129,c340f9f33369cb0d6f496f2d428c3e981c702422 ae285fe7025aea89ff424871059b7db422b7b395 0c0e72b717a03d9efb3ba0ed7cf91c58b840815b 162db38d04a492f37bcaceda9307b23c2dc21a39,1dc66dfc781b4209c9d5562c07ccc551b6f03caf 4b8f05398771502248096c794b3e7b32b3c7f2fc 10386c6b26eb4bc6c99e593a232156e8fda73020 a7af23eaa6057110f374c3f4f0b04f1e01ea9396,True,False,False,False
70468,60cfbee4023d19ea23541164dc62b65e46230f25,5766e9a13d1f94241b5a7ba2778c891391931ce1,70100,d564ca84bebe06dd44f8ac0be17cdb350f1bff13 b4f11691f9b8d57ab96cdce3863070695b0eef50,b842e9ff9be2cb0af8f757cea511cf26438b0370 00c7c0846e2845766e8c0f681bff22f9f01eeb77,False,False,False,False
50104,,,50019,30c15f9892134434c54e4269f22ac67e84b8ff24,9022f08d3a0181bd99352434397cb0cf846d50c8,,,False,False
60049,dca041c8456f2c3a60c8ce9eeff9fee82753e856 ae3593dde8f4ebbab1fd548960d5ac84639f53e9,c5f96c8e0eec63bc830686bb38cf0bca95d912e4 3768e91e2db46b24d96ae684ffa80aa383621d4f,60118,bbb1dbb5e6146b4a4c4e5d533279e77a591f2512,5d0061c2fb1dbf88ade0b5844bc4eaf16df29e4b,True,False,False,False
70252,e2b6156ec5057a3aacf36886e7b01ec24e4eb5ff 37526f315e0e22ce99c0e31815e2ed3c30e1a030 fb4d42d09af2368b7fb8bfff450580fef0cd08a6,49165571bdd3a4f90edac754b6a87300f02e640c f9755148e0c859da263d535a89e1dc65fd0a829e de4e736355551da651dc6c9da2973f16dccd2ab3,70004,26906047b1a59f504e3055ebc9f108f89e5680f7 0bc94d060b89d86f71ea8c723c1156955074d1f0 088bd975f8057c3846d920c5a123bf44319c7054,eca862121c98483be6228b62bdf3883e811f82e0 09bbbae4b1eb1e69fb0774e6b630380c299d8842 593c64a168da1121b197ff09d25db604a60b46cd,False,False,False,False
70327,a31b780102cc2eec52604fb3ffe7778031d57e4d,a72621e76cb520f82131a84c72474299c316099c,70276,90338521dcf6b103534169efb204443bee0f1996 8df7ce5c2f1adae6b390a04ffd521ad58a7487df ca1ea6c5d6e141bd4bd500e56cfaaa57ca8a7e41,3ef9b62046398cc3e8b071b698d1ed66ba6294ac f91fb6c63fda10ebcc897623d7f7f7c08f880f0a 13b186bd75cf8cfedbb9320273f608ca11e6c7da,False,False,False,False
10115,b379ee0533b5ffff954e1bb2b2af5cc47675d8d7 6a7cdc519acbe8351499ea0ae0da3c12472a6fa8,82214ee59917c29e98c56dfd042cafc3b8f4964d e4513a5bb4567788f76fd50f9abf52d0ad5250c4,10014,8d89cf05494bf6d0ed9281a7319f0cc1a2677926 71f3a19b08d6a8bfee1e6c715b9076c739c6e84a 11c9346689b0ef8d8331813414da2c353bf01c8c,8623d77db7629671cb2bf576c0ac00c78475bda6 b2f3beda1dea385237e9766bf39ef58e665e278e 8ba6144d4881bd4ae695e271b547ffa3526af7b0,False,False,False,False
70030,9bd70623ebe3f00678688d5433d9868c3e7ebed2 1a6eebd4366ee9333ed91a2ab9b5b486e47edc8f,7256eb936e6540e6296f58c7573df9eee669413c 27ed63907fdc4330dd949e80ee5efac40326c6a2,70206,333481b10da5b38cf6e24f8db3520009b0302559 c787cf9536fbec8bc1021d7902fef1f473928b9c,e017c49d16d45fa7af7420bfd907571274428650 5b2f58ccffc5d5b7c9d65d3907b1f31120512603,False,False,False,False
70192,405ce35a471e7cf8ba2720c11a41ce5988bf919e 29760eabb4bfd03a00113bba2bd51b8f4cd192a2,595262a0603cab071a39483973e15fa7a93eb8fa dca58aee8e90a7a937d32596ac0aef13e19ec1b3,70344,90553515a101bd4f10b4ce1ee8b8813133866787 019d0a7261399dacb99662c29438be5e80177feb 197df0ed6170bd8bc5da1cb49cf3fa9f94d58f44 44e77f546a48ea2a8e80ca248af312f5cf00b4e2,50e77f58d98133bee0bad5a774e12bdb466ae6df a8b3240b705e0a48ebd8372e9df45cba3423fc17 bfe4610c40b9ab463610dc1463776cc31921482a b65f3dd3644f58c680d91d88202657ce1846ae72,False,False,False,False
70151,71766a2c7d7eed35d4e6a281d3a3cdcdbed18fb3 ded74785ce74dcefa57866f46e24bd45ede9f550,86905b3743684716065fe1990d45fc4cd8b81236 83c64c22159c0238cfc1e4718473c20512f0ddc9,70491,92cd43ecf74fbdb37cc107ee0ff7a385f5b2aa93 6522801045bb4e8de9b492b2746810b2b57d3ec6,a5f52067d6fe7d7aa89fdfd62ffd095c12e6217a e6ff09edb864d450c4951e8f1567c81d893844bc,False,False,False,False
60312,0fe62975a0ba92cd64a8e677f9fd4a8f909a22cc bfc43f98d1afa3782f472e0561f571e75e8dbd76 5020ce86b31430ac229c5190b52dfa805d149c48,0f2efd1d716758ac361a8a4093b8f039965ea3c0 eb86d451f4c6d56143099a799c23448b5c0332eb 9b31ec113d94000b05bd834309863f596cfe4a44,60351,,,False,False,False,True
60034,d0dcc65ecca177f73de7af27cfe7a8e622555cd3 c446a230ce0154ddcc7445a2db82bfdbb474420b,09c5737b8e49d79e16d580c22c810d7ff1701a10 ff37efa587aee830448469bbb268a89ea79abdb8,60107,72ed99732be847868931bcb6142335da68d8f9ce 61911e9862275d1a96afa8e03d38d41803b83498 6656967d782f4c981adeeb71c688775db8744fb4 bd19d58d3c67d9ae640b6b8aa23b0a5342750bb5,251c9e2325f4ef283762b7ddaac94a1106ce800a 7663d713d39ced80895bb04506002a820c1bdc5d 9155ab2a14ccab1efbc925762eff270d9b93c6b6 b24ba7fa081965fe672394e6399170c0e5a91e16,True,False,False,False
70398,e27580afdd3174459b0e86c3dd9e719f51613a24,e92840bb8d9b2c65f4a1617370865ae27a3775f0,70057,2fe3955270a948b849a3a47657b8d5e9fbccb410 3890aed7f4419938cc02fb76d69ad311e2a5e6dd,96731681e0437db36fe47be3d03ebc085143844a 82b14f701a114b9beb54ff3fb504413de0cc0c58,False,False,False,False
70116,730c438c31047140560f991fc2ee07680f28164f 072b5daa7adefbf3479f04c8c5b4dfbd27f4aa32,9cf9df32f8c6bba2702804c305d40faf6e39610d 459e0b972060f9d6d616f788b5df1ab2cea7d0fb,70246,05372eccc7d31ee0e28ba749d1dcf51bba087d09 afcc11ff9bcec87f9495738b8e6a42cd9e672bea f50abc01401907ea030dd6c5f239ae2669fbff09,fa27632e151b59139c98774f6ade8352a41163b8 eea711c18f6688b0c56300e2bda903a7aa248982 29676e926413cb920ec1fd66c946297a34e0c26c,True,False,False,False
70023,e220a74eb7125510c886b0ee87f6f7f0e5360146,dbfa29713b92aea3efe4a616c2a14256e57a7a27,70004,26906047b1a59f504e3055ebc9f108f89e5680f7 0bc94d060b89d86f71ea8c723c1156955074d1f0 088bd975f8057c3846d920c5a123bf44319c7054,eca862121c98483be6228b62bdf3883e811f82e0 09bbbae4b1eb1e69fb0774e6b630380c299d8842 593c64a168da1121b197ff09d25db604a60b46cd,False,False,False,False
70047,8ea0246b12a98296a84c6d40d1ca12cba7f5f973 260a6577f9f738d10441ca4354047bedb7758e40 9a12e0881a3f259c1701ad35be33af223ad7c2cf,a2afd9fd33279ffdbcf3e1f7f6305fea5d587a6d 7fb1e51c67af627d01768135c6f690274718f724 c4314db936b24e32ad61338d195db6b872dfd468,70137,11ff6ecc583ef8e1c859fcdc7e2b0c65688e5d6f 22d75c939ceac35f1a7c4d65690db26a0b63eb96,5b095d1b7b97625192ade3f91c4c0ad22172c96c 69736d7ffd886c1cdfc5445f4bac7e886b436444,False,False,False,False
60041,c7feac3f7963e27aa2732f074d9c4c0fdf416664 0170ae3763caeaed1fe5ae5b1e8872dac6692b41,52c75eede733b9ff5812ba314ca235111f7aae90 d9e94d97cb4a16b16573d91391f91d3b19561134,60115,30edfba255a3f1fdf4b704cc89b7e8d70c872441 8784fec516b8bf1bcc59b9eae0bd2953e34c638e,90806c28fbab98020971630d282a2c9b834b6b9d cea9a6b768498efd0c32aa9c1756089f26105b15,True,False,False,False
70474,d0e7ce71d22f588477881db8959196fd30c3a224,c5de7f4696b65e0d397f752d25c7ee01cf6735ce,70108,5e0e86c3901b427c1d692836c3f389f5f6f54591 92a80978cd381a5fc2c12df2b163c9e306b83dd3,6f4ed23e90139dbc8232fa11d784b8f31a268be0 a3543c93e9715d632abee69fcedc3229c28af20b,False,False,False,False
70466,2e7984d6cc056b453a7f79880ffa26b0a9d28a30,6352a250743cd1ec06598d776201cb0af4ee1d16,70200,580e3f97d4272d65b66adc39904da8c9f86372d0,3f37ac8e4287acd46c7cbe2d0b23474d2772f94d,True,False,False,False
60048,9959a6bf1601591a4e61b368e24363384c311a28,224f8141d48a13c87f5a4e36a4fd3f22cf06350f,60126 60048,f199b8842b31b624df91caff18098f1fb32602e4 f2bfe0dfdc2bf9b3e920e28e19930f6a8bad2c6a 8a4addc36e83b3bd489095cac95ad596b77b84ea,6d23afed70b83efc75acd2bbc4cdc118e68c20d8 d44f83c0df1d931219e167e625c4dba8a6c68fe7 e40b2cab37fec7bf012bce8fc2f0cb36998654eb,True,False,False,False
70352,daa0ae84a921057fbc6acae470f84fa54f5417ab e9d38321ff97714b4b26fbfc27078d25f4c47b57,07b2b2ee502e3dee6a2e770b4dbd01389d6972a2 1e20620f5f89ae6824a7459ec47c88c913ee0f51,70119,8c19951719228ae6304ca8b3bd866510caa00b0c 4ac033368914ccdcc75d2cad92302fd14b66e4da c615480004a419ee1e864fb5bd3951d180dfb592,c71c645c1b29a8a16be56d9d1f43e112e3ac1c88 d50a0d352af599f7b908f9a42011abb502a88e52 bc2904e71cfe452646dcba29a0382e35d0054882,False,False,False,False
50154,,,50010,bd6bfe2319b845bbb851ba1f60ecb5032b2174c5 8b25f6656885b4e3981221b3117629302fa8d988,759ca7fa0d6831ff92aa1759e089a36312ff16ff 48e52f4cdfd554e6464a668f4300018aa7cdaf3a,,,False,False
60313,2d3e83e0a02d2daa67a9ba6b4ffd10cd71a7085a,164b8c850ad0716c10c66a672e94814d98733225,60370,,,False,False,False,True
60206,92a653b90ffbd76b63e5816f2d71963d01b36688 04d6c264a70e1402f4890429a81790d46516f626,57fb2525404d9bfbdfc31244bf2b0bb7fad78911 fedaf4b6e98ae7f60130d59abd889bc2d9e2ed3d,60265,1f13b300fc13d460b7fb0224984bf8d40b70ac1c 0e2698fe2901cde724b493be99417d4ec0c1948a a60ad5272da08932c86db2234e74f3a530b9767e 2b32c12852f60eb1111677aff96386da8a6c5cae,767729851e416b64ac0234faf128eb96296fe7bc 993783dd463e4edfa66c15bf7cf77d2036c1f773 a43d5abefbc3a57ed146979f884402b66c00e5e5 b78280a31871b70efe12de1e51090a609a95e59e,False,False,True,False
70102,4e81d8fb64ab342651cf05150306acee404db07e f73cfd86991db750f08181de0999542fa584fecf,02637752113c2c9a23040ac9071b41fbc0e56b4f f9d09a88cea83eb0bf0ae4f42537bbbee4df08bd,70009,a833c2fd3c928a8169d8e65624760f5b6bca2d70 9a08458b2f934106f368de34ae1f25212d33549f 00c4d8e4b6053018614844093a722918f18201d4,5683d26f8f060aec14561d1db4768b76c41e38a5 23dc13fc747a99152556bd895cc91196c4da2dd1 94a022fbdd14aba967c0985fc8a210c7e55fbf7f,True,False,True,False
50109,,,50009,192d6f124ac2f06dc622494627f9893cc239772a d1c4d3254270aa672fce15ffa0f08a329ba90ad9 8c7a602ea592d7876365062878ca65e38583753b 71232a3ddd39600e4690ce8dc2ccba1c241c7c75,99c46e26f453e5f1cb9aa87310eb772b0a110a80 10909db4044da0f0c37ba5adfd630137cabac57c ad35c48be6d02a1f24cc90a822fc861be49ae1ff 677a8cf075ee729bc796edba5aff1eacc2bcd053,,,False,False
70083,f4ce2521aa8dcf176877be0982e0f907fea3c6f6 83fe5e283eed33218355309c90d0b96d224d83c0,c480a5aabc820e6bcb10213f1c8d5a7e55a6251b 44afbdbf17bb2bd9a464933a539365bac8c7ea31,70340,4fbaff941649a8be4f091c95d911b971cbcf175f,1f8d52cc691a89a72bb8a4a093339497c5318117,True,False,False,False
50144,,,50003,6966fd8ce3a9b88ef49b74c2e7eda1b5522dfb69 bc62a67ee3033643c40ae876f87cc6286f8f2b26,5bde3379e39096bc07f40300ff088ec6fa078c9a e37362fb6d180fd90f0976ec486b3fbaa6daf489,,,False,False
70055,b7cad360757498a9c2b0c8cd91700d6c8a66e2d5 216da1dd823192643df39ba8868318487c5342f9 ac15a15485d4087946e172f279e13ce1db029ac1,1e1b4fea6e0175cc52779f39904f5b6916dd8ad5 327bee8ecef45d3ec391155fd9509ebf2dd2594e fe6e1b3902f41633dfa68e8862a1f8982a9e70df,70126,b9299a1bcc6b3eb7e4d01fa0af726a912cbe2555,dd344bd4f7a7abddcd035856cd3b1eeca17b8986,False,False,False,False
70074,dfcbba8c84cbe4de0dff9c59f9971c23ffabc91d dfdb3330a0c19205b5f72456ee65b004eda65227,b9cd4803faecd334a425406b247fe09745724f8f f20979759171b29a02ef3905a40517dcd7d70c10,70257 70307,0743d10a5915f310bfaa2a6c44704fa01bc5ddab 2f2057159c749fb907a44b73cbc721d56f0d545b 1656fc53128b246500fe5b0b3f49711b6972fe02 f534878c4f8571d0a15ed4b1da5ff425ef7eb0f1,ef277b850e67229251f5ac9b567697dfb5228c88 0aae16d920b23e04dd45424b91ee9c48b87dfcca 1598ca333fa0688a83306abf3f2866daf7622491 f25b0f1b62c1df2baecd7f59a9eadf26c2e48d53,False,False,False,False
70449,5637533e54d7a4aaa9545b92d971375006cb8a25 89d632ef0873ecd69686087afe7c3626cfbe1a0d 174c333af9101d7027051091dadb1c3c8d236220,0f82f453bbe79a29d0fb4e7e8fcabe03e4a972ce 4db9b1bc8afb7e36c0ba4b2c5239a2066ad4f523 0c186ea2d6a3463048a9f07fb1c5812171f74e4a,70363,09c3e8e430129a4377dc38f33fe3e1a7f0b594fc 50d2bfc3dc8c877d57a0eec90b7fbf22a701135d,8ce26429270ebc449e592e6122973f36ec38754d feefcd6d7e6f687b76d25541adccf3ff5ddc0db1,False,False,False,False
60052,ea45cc0bcbfa2826a083ec97e52181b7585ff633 f26ebc1a79d93e7cbf946bcd6a9fc9e25f1ed3c8,a7eb7e10d99658a792b8b1d7d69e84bd300cec96 0bf077d7e4e3a441d5169dde502202986561ea0c,60121,04fa5ca1996ae00a72d6bc11ae15d15cc51dff7f d9a28c681cb845f62b17cf68c58ae7511f647e32,4e06300e25357e0defa3e2e95fb14fd531dc8581 1fd7165c2c3227474c6e0068b840b18603180002,True,False,False,False
10006,b154a8eb96fb426b4a8f77760649b54c65059c46 4a98347ec1fb0810154fda8e57eaea77caa69780 f882bd64563ef9e7a9116210c81aa909092af96d,166d7c05530a1c60e2528f050592390eac43ed02 507a99831b335108e5780f5589f93043cbc60063 01f963f81d7fb138747168ef7456d8d766636fe2,10005,b3f98cec56ed8b00cc20770ba71da36ebced93b7,6c03dca9b1eb41a64617dfba3876ff64ea3b4f85,False,False,False,False
70135,babbd1a304906f1c67d5492183dc55362d9d0b79 096449f9d65dc7dc9e86c2e3e303e7b45c1c1736 8a5220b58cb10ccef8eb757a5aca4aa8ce85f5a9,da962c2100b5617ee570d922ee0aa4b58c280bc5 6539cd9616af8870d654fb96fa8daf6cb0c6269f 4577bbcc25bd77a0f0277cd899db13c898870782,70392,5b7204369c38e7118c59df30f8bcf417e9a9601b 14b1870925b38e69f4589c226365983c666e9f99,5b3d06ae4685596b8e9cfbaa24a489beea04f95e bd53b8ad07dc88ed320560579cc2d4510a4e492e,False,False,False,False
70234,4846231c4858b29b7d4fde966dc8a1dbbcac77e3 d4d425e71851e432764cc12d8cf23e29f4c56ae6,041d620d2f655c647088839a249a64faeb777e5d 74a97d828b8f05ea636c05fbc408ff46b3539155,70471,81f681a99d37c8752e9ab8f3ea72856ee8ff2f74,870855e4e7d132b43df99d2df4b65bdd9271096f,False,False,False,False
70024,50b9ec2207f1554862dfd376813385dcec051147 d53a3b2154b9adc52bcd3d094ef10bc3668b267a 4755492bb31bf0364b786cd7a27efb29bda39c9a,e9a93de69b0b6cf08fb211da145956ad21dfe08f 68615bdcde866e56e02f4f25aba6d2b3fbb233a5 12bd65dc85e79a4bd76a9825cba0439cf8bc3ce5,70177 70281,b215f4232fa0bb7bce16a60dd1c5d2ea4587993a 11297a277ade751ae240f03ce0a45eaedcc5b842 6dc0111b360e305d0e8a00c721f55204a53aaf78,a03a5227b207f3bb10fe805b1c8aec8bfbdc5f20 cc3e5b3b006d753434ddbe0b3793a0fb742feda9 7d20077ef53b88a64e61a2a31f5f186a9ac0d950,False,False,False,False
70402,163a1355eb912c2b6d08126847a2510094683b4a 0be8365b80e61b69660b2a90e557e206545cf466,a5e93bae2aa1242958c9aa31158b39475953d4aa 33fded4ab981d469e1058ee9f4e26daad7af1381,70068 70364,de1df46d144fee546d509045d9f91c74e8c27112,afd3e746303bc079e84b0cb5c2c1c2fa43244ad0,False,False,False,False
70144,4bd5de1e1fb43358ec15741e2248e90ed928b88a,0131945e7b396590eb02d7755acc7ca69a156897,70394,f0472b1fdc4158df710d87949b78a41478958b77 c147ef172910c0e2ef4eeb5cb0b4af55fe6613e7 29bc2eca8566a25170e693b9758a83e8bdb0baa7,6526fd980aa3d272c8b4a3cb3a9ded8030a1ef4a 6c71aa964362a34aaa7adf3d576da2d45c979454 c4cabf1c8c691edce91cb008f71fae7f83a3c560,False,False,False,False
60016,a787cb2d18669dd28c8593c8ed14be6f2fb70524 1145726c142ce0dde110abbcd69f9450547c836a,139af4bd8dc0b5c3c1a25f03ed87798b6bbed520 670436964b243e24b0616a4a1e15f639d96ce561,60124,ecbb2e04e79b29643422349bef1588385b0d8411 f665f7e6f7e06a52f63f7dd5fdd85d3e402497f0 2fbf14c9c729bf89455fda072f66cb507c7639a5,8bd41731e45f653cad6c14e4d91554b6741a3335 1cce94f72636c05bf1149c3b45bf853281601bc5 18c607c830931a0d3f2fb02f4285d3607f542abe,True,False,False,False
60068,cc2fa40da233a15dd07d202d33b22287da3b835b 4c87a4c9f8391c15bc5813db499f046b0576fc79,0ac5c786cafd14de3493e8c3755d7d9dc828afe2 0b09192953c2d34bb94ab1a6b92e4a059d2b61ef,60112,3e95ed3e7a7769ff9456ec258c1f509b4b548e49 e20551bcdbc8114bd32c4b93435e6e3e7cf011d4 c92b77d090a8efa3f8ad677a4c7560c0b4bcd595,11e81349cbaa6e58dbc175316591858c573248e3 c5315a5a7a43d238958404de2ba3c891f936f057 9f23eb46928cec53142059bd2c7447d1f3223ab5,True,False,False,False
60320,625603c3fe79668853f99ab240b56ba92d5a612d edd7495cd30ad69b68d7e6e1185d1160d251aed4,86bf59249f92cf3a9fdef198198755c33d64bf9d 15b75d82c4a36b705bd2bdd89b687bff2b99476e,60355,,,False,False,False,True
60321,8fc06d33964e352eea028a382dc0648f88fbbee7 610976fe7250296e2448c022d73b063261e0820d d9618432b0230a00550eb688f93f6b3ce3d6aaa2,6f3c626092921e1b49327e04b7706057b9553d30 e74cfe43b24a03388c872f8138de6dc34dd3f207 3ad1732cb3856b4f19fd297c239631b516c8ae5a,60360,,,False,False,False,True
70114,894b58b95cdbb8fc4351e094187fceb77d29b8fd 290613fe008ba6c179508b7942837cbd1e462c18,1cb840809fc2150332e0377e5d58361a163a5d95 0956b5fdf8bfb5e8d0d554c2e12008e424342010,70129,bc622d01494acfebd8aafcbb91f95e2da411a010,4e89fa1c4d332889b156e691ec9534570db82bbf,False,False,False,False
50245,,,50013,1452b45eed741e357f5868fc29c0bc8d93737008 fc960d80c5699bed2c19cce0946a8c2ed48e48a2,f910524dec581f873238df68616b3bd50f04acfb 5d348c2c3fb687ac5844962a29517d9cf3d093e6,,,False,False
60076,6fc20bc0e6cd8df0e680cf6b279ed29659624e1a bff6c7224baee029d8783e7dfe063d2e5acb5aad a1c410e9c05e512cf97039c6baa362b70c68ee8a,5f3a91285a5c43cb448cc417d58a26091d70fef4 168a764f0515ecc2115d43ee075b23ea250f79af 278f921cee9e8a56f849717abb54d4d315fa47c3,60123,8b672807534787ec1a3c29807f620441d1b06345 f3162da51d2188a3e7ff0eda9307f09f00b68940 8873771ba573431ab2b08384b99ec4bb2a0f6d71 719c8c5b46a539b77e9e655e85859be38f26f0d4,3c8a09d9d65af7edfcec49e67d65eea5feb8a94a 135aac06df67603194a4ff58fc2455b91542fd74 c101005c335a141025a73ac8df86597dc14da194 7baa0d565bed98b2f38ba48a649c08338f45339f,True,False,False,False
70277,07b3af743d9af59d8300a16904917c62e411f6c8,89d75027b53b7b4a36f137619d38850d64fec68c,70303 70354,acd1f060d317a5d20c84b37e5ea3e440cd27471f ae7a522560614e7bae814256211c98fab6c1c704,4a75c9b731fc298e17e70bbb324a6e4c7830e42c 8f33880e1546c1634fb0e68123f700c6edb06ead,False,False,False,False
50127,,,50008,ae598bf1b4b971e068f70f57d28b16c4f1fce3d0 24a13b509ea96040957f5f7337daa4c52afd54c5 694bedbaba5c01f726c45809753119980b749c1f 0c9f0bc46679b336e88d7bec8c6a3b1d89901ae6,ce279b6c9006c2765f38fbbcf0ab61365759d0c7 a9f8b1ff352e0ca53d2eb301f43df64efe64d255 5a4e4cbb8404ed9b5a3069a86a93d4e65eb53129 b7da83fed76eb3171c5c72492b016e18a714e5a2,,,False,False
50105,,,50003,6966fd8ce3a9b88ef49b74c2e7eda1b5522dfb69 bc62a67ee3033643c40ae876f87cc6286f8f2b26 f7e977926b225ffbf49e23c7d867ccf488c38c68 509bcbf875e39cc815f0522d3eed49226ad5f557,5bde3379e39096bc07f40300ff088ec6fa078c9a e37362fb6d180fd90f0976ec486b3fbaa6daf489 8ea4a6548840332faf2c658f3264755710fa52c3 6c0747afc13790885530402f55b850590a70c5d0,,,False,False
10102,baabc6860634b8375a0d07fcc648cc967e7bba28 7db3642a4f383276d5a5cfcacd17616a6d2a0154,09e952e36177c519c9a719873bee5006f7f566a8 c00cfefbe8bfc198e71c7a84fcb459d7e97eadd7,10014,8d89cf05494bf6d0ed9281a7319f0cc1a2677926,8623d77db7629671cb2bf576c0ac00c78475bda6,False,False,False,False
70432,473240b7b6d20d3ff3b488fa513f18c00201e681,81cf2bcde2c3765502dd2f884f994639793f9aa3,70217 70414,b35f3ac2ed8066c512ddeac966c77ada4a8867ab 14d2ab25d4b408b4ea5e1dc328439c159c05cef9,ae032e1439da5f9a99fad923b4b1fb71e9bd93aa 021541a588b9de77676aa097699b815c3e6783d2,True,False,False,False
50240,,,50017,05d9afbcc7962b74703f3881b5a4cdd5a435a301 1092ccca5168d38a982ec41e43ab35c288d6ea48 6c67572d2d5eb2e68e639eb7ec0dc06cfeef515f,20e2c38fc49105e237c4f609006b557a522cf4e9 8310b1ffb2420d3857e391675b3f33e3e27a988a cb4be8b6b4dcd883c07f20b4bd221f6e6d808c01,,,False,False
70459,f668e089bd4c957ba32f30aedc9906a97e7e726d,8f24113dc0c38c0be53a428f7ea875ec2e68cb0f,70280,2d4e5751cecfc82a19c273ffa27e8774b54557f3 edaa86f6fbc59ca6b174ec3466499b822c428b97 de7c5602ccb36b4e8c6692e1dde428b20beb7cd4,83fded0dd6c98408670b5430bb6156d1f6008040 a1ee0da698e6edcb7ec257fd5b72878eb7c06f89 3bdfc5fcbc0ec2f5cba163e5a693f386c5e4a38b,False,False,True,False
70370,724d20fbdb335223731f79e0e1761170481226d8,77727aaeabb8cda9cb2ae18357796418dec4fd0b,70122 70155,c570d352f89e5e3add85edb6142912be37d4e0cb,2e3e9053620d01ac649a20ff5ce6dbfb269de52b,False,False,False,False
70303,f59d112d8fc823e932a8e29c603bebec8a1384d7 05e70a022efa15b2d6ec961e1cc77a08776b5f12 93d003a42fbbba5dd21fbb72c6b5c033536c6527,e24933c240adb6f35e4d9f952ae8d9bcf391e090 f09febeff8ec6607e28065cbdeaefef7832cd8d2 6c4027268c7d0662614d9fb5bbe8e4a29972b35d,70071,f94774624ea9fb0c3b782efa45bf1ae764191817,a5da052293963c50a9b871d3a2a5049a803e7c79,False,False,False,False
70004,4d1ef6d091bf30eef2efe7fdcb84bd3bb8a9e263 78b88bccfcf38a39793186a15efa9f110e592b3f ec1652e4cdacbd43b45a6e7a56d34f5747e467c0,2c2b23be52cedcf25e909951a19b2a86a3692aba 7f48f749bb57fa8f76fed014aa4b9a77c612cbef f256061c000bd1a7e52b8df270f83f650fbe335a,70472 70417,2cb4301c8dda442909b43f2ba417227c1d93bce2,6a374c0e67c4813b09b8b9de1ebbca43b85f9680,False,False,False,False
60326,5d5f14e5406fbb46a61f750e47091267e4241e57,ce8d05f09a8313bc164330c8e550799f7ae531ed,60363,,,False,False,False,True
70433,8a7f94a456cc8be48723ca6d4419d39e57f2c8f8 dcc2970f411c14ae8d9886e8dac4b86b43f7e0fa 12eb42dfae2caccb57ce75c27769f4891e609c78,f7caeb68cf4b088a4eb98cb711771f590c90e036 14dca47b41307342e58a57c9b7537ef516d2730e 7b8d7e69b1b6b6c74a643c4aa6c15b298613fac0,70027 70329,0334803aa1b5db561664045b695547ffb707af72,6e4d475a896b8c33840992531e3e12dabfda11e4,False,False,False,False
70026,9d6b426eec328a8a5a3cd84e0aa02712143a0665 ffde9bc0576f79e2faff497466a8bbd6aaa11c5a,846c3bbf1ac1fbbf652c93772b1f8270e4eb37ab 5bcadbe6e49e99c2993eba2477b50133188a61bd,70088,7e8fe94959030c1d5c6a76c24124b82d9d064854 f7057f9dde70ead341f9adc10bccd4b1155fbf44 b882b23e72b3907bea3a57578ce13892bb794cf4,22bb2dd05a34f6c1202c4653cd170708a6b0df30 f1dc426def234298a0393c3a0cc839a05f1f99b3 e5efc784ff971f5b8f12a42a64d0488bad6e4146,False,False,False,False
50123,,,50017,05d9afbcc7962b74703f3881b5a4cdd5a435a301 1092ccca5168d38a982ec41e43ab35c288d6ea48,20e2c38fc49105e237c4f609006b557a522cf4e9 8310b1ffb2420d3857e391675b3f33e3e27a988a,,,False,False
50196,,,50018,c693faa4af0d62af9186ef29660ae47dbe723dcf a85d0a3a6a212a33e9364dbbbe819c6a0d2a79c6 319b80ef880184c3852e4540a0408f823700bec5 6e64aba99ab37311323051b29574b6e0cda568e2,ad96df62afbfe1fda4319a76d5c23675d8ae0d12 53670f68cf67cff0580d6f17ef574ec39d6089dd e6f0d9fa49f01b59fd1de3315b6026df29e3609a 6470274abba7fa209dc1369e5dc4628d1327753f,,,False,False
10002,04d13d15aedb6a7fc0a2a00cb1c919f089b8bb22 6c35689624866cf6fe8b2cc2aff81abf6d2ccc6e 25ba18d0aeab4a24a8083d63eccb6c6942fc3320,b5b5dc565c9660eee1cb3d5840c2a2f130e20102 d73c1add4e328140e5f116e6f3b4f6ec0dbdc752 14321a4b4aa3727a538dc645fe2dd9301ac9b5ef,10001,029a86356f187197c7066ed10d555575f3eaf4c1,2cc2f8aa39d337ac0df9768769cc18b9eadd5c13,False,False,False,False
70265,3aede5e7158074effbfd136c22415e755b424060 3939d99378f60043d592a8d929db316db6b06052,ffecb04726504a85158bc653950fc76e4fbf4434 12326fbc0c1080d2aff5ee28186561a626534458,70350,b516bae3357c704c51731cdf228157596906f280 e298d7a3e0fad2d3cf132d2e27f7722485778904 a6ddfcf2e168c16edef20aadc56c8b03e0041b35 da31384c952f2ed3863954f0f6ae798150151753,63fb3fb9136eae2e7d44ef431e178be9eebd9421 c25438865a4ec879558d71d49b95b8de50351a60 c556859beb16a1647edab0121279b67195014e74 f918fb1e16ad804830e83795f5244d680c2708ef,False,True,False,False
60029,1851d514a786331f5a09168c6d60996588474f7d 7c0ea36fc6927d28d319fc79d24f94b0128b806f ea68ed41c3eecfa6d063c63aafc9b0382c639f18,1186bb4c2c1360fd91c73c14470782f95569e8f2 c44a3bd7428e9e90e0f98261f8fccecc1e14f2ab cbddf776cf768bf64ac032f1f0f235eee8071882,60101,76d188ea665472f7a98b57cbe12e14bd07a72473 5d90f9f85a969f4cdcdd73d7d8d7f1e0b044b7ac 28e310926bd15de16b354c77d8011ee6ed133a97 60f0c8ced7b8dc8ff56b53cde4fc3c25a702be60,20e2b5bc58205b4535059eb1e03dce524f5cf9f8 0bf817ff1e85c841b5e9d971f47b61bd4da63b9f 023067e733a2360476ae5da68dd754cd74210e9c 5ae368b9eba8c26789d9dfe64b15aa27dcb0a6ae,True,False,False,False
60333,0454743c7a5137bc6d967ffd5d08aa30fca3725f 775710c899932b64d10e6cba3409f9efdfd7f5e5 51735933c2e2f7abfeda36cc28f01c7a32b85346,54ee817124241a025a909a2f330cad42ac3e8589 50f07ccee16b6f513ec91533c0e74b8c15e5dfc5 7b323a6c827606c3ac7a5d32f6b6869f713d6a59,60360,,,False,False,False,True
10203,b048b09ece04cc20cbb167bd5cd120489366fa81,8301c475602e3127495b3dc9edbd7a64d3835de1,10103,8ed6b52c57bd39ca783014c73979f67133eb3442 3b31566b1f3270b0d6209a359daa21d3dd48460b,842eeb7d415579deff11d47997d15e2b22c52fde fdf6e0050b6312c61579ba4ac39785465959f841,False,False,False,False
70442,7f98b95626947caf6be502afb8dc2f69d0151b46,e2103dbf2dab5ce5ce01046e0de99e4e8b0068ac,70317,93092779b4b728df5cf4d9a41939b90c27477836 76238fdb3a82639915159da713245f02512a7fe8 14d1e82ee8cce89054f55e902130fba0602f5e54,bbf6e4fcc0364201b8aa3678789bc46c8f169ad2 46a5d54e782213ec3ce295a750e7783a728a4f7f 123237b0aecabd81a5feebb05206638b0c160b29,True,False,False,False
50208,,,50008,ae598bf1b4b971e068f70f57d28b16c4f1fce3d0 24a13b509ea96040957f5f7337daa4c52afd54c5,ce279b6c9006c2765f38fbbcf0ab61365759d0c7 a9f8b1ff352e0ca53d2eb301f43df64efe64d255,,,False,False
70219,2b6dec3e35c51f80e128a286530045fc713ddbbc,012a2b9f9ebb9a2a4955d56cafc699d0cb9fb912,70303,acd1f060d317a5d20c84b37e5ea3e440cd27471f,4a75c9b731fc298e17e70bbb324a6e4c7830e42c,False,False,False,False
60022,ccaa72d763d6bba41a750b311e6d901952e4c18e 8d550568b1c9aa0cfc517b0b104c57939d745972,9eaf3a2d48711b11251314fe5a9ac7f76a13079e aebee0dcfe48158637eed19aa49f59a02aacc3e7,60123,8b672807534787ec1a3c29807f620441d1b06345 f3162da51d2188a3e7ff0eda9307f09f00b68940 8873771ba573431ab2b08384b99ec4bb2a0f6d71 719c8c5b46a539b77e9e655e85859be38f26f0d4,3c8a09d9d65af7edfcec49e67d65eea5feb8a94a 135aac06df67603194a4ff58fc2455b91542fd74 c101005c335a141025a73ac8df86597dc14da194 7baa0d565bed98b2f38ba48a649c08338f45339f,True,True,False,False
70203,44dbc54af0ded42ab97f0caf8ad5d961391f0667 7845d2f6c317b25389a7bd92c10953f3d9e64b0f,cbef4ed136fafbedb369222bfa466ba9490043c5 a7f02755120610c45dd0dccb9cb6ff9ecf0d29be,70079,261b6ca6379bdcece9c8722cd60420d71e3b2e6e,dfb75f8e4a1e0d3203964b8455b8cb7a9d43cb23,False,False,False,False
70480,8dbdd441f6edbb3de57b2b0a44ebadbba11fbc3e 249c09d7e4d011639170e1f138e4e363f1f7f446 617cc8d6b618a2d6f0b843d9126b4415adcaff18,93da15a6742a01c0ba1fc500dadf4ecc8e87586a fb44694c12bda5005853bbe3fabbddd9db928a7d 6312febba8a462d583827137cadab5b94d74b0f5,70289 70337,89f8993d5a4611295c43133074a0176cbbccb327 9f01179631b7c320fef41abaadf37587a213cc9c,60f651e70ace5f2aae021faaa04ca20073ab7468 3367decd2d80050438c4452ad0727442620dc63e,True,False,False,False
70190,1a1c5f4dc0768c981fc6dee832cb3bc40345ff59 7da8e4aaa88d290536e4f7f249941b88cd4ab0b6,35936eba28e4d34b298f43908f219cbfaaca9b8e 33bfa18214d5c2ff8eebd5a9ead27be68fa42467,70034,34399c05163bf1fdbdddb82fa007eecd30a72560,c96ed9c7ea2f3f96206bf6a166554d10078e8f82,False,False,False,False
10201,a6716975698744375b1d5f6436aa4d221f11b033 94057b39da6260e040ce1482a65431381027f19a,10c31746289e97c11b407c8b66b41f5bff590aee 4c816f395d53918bfa1c854af238a7ab14e22806,10101,3889c88d6f053c369ab3920b6bc126520eb00c78 faee58d69d3f9cfb8d71f46ef6a9d472d4c6ed2b d8f1743e88bedc79893f260c136856929064db6d b24f9c544679c4f4e7fa05eeffdfdb3fa4e29247,63ab69d0f3d192a810fbc106175c4f77180e94b6 124a32efd5c94a1b72ffebe37c4bcf5e8ca62da5 c5a5db20fb5757a9243b7da9b7c2806718375e77 a88856515af9fe4f70b1da3ea5bcdff366cc7b42,False,False,False,False
50234,,,50014,c0aaf9fee51c70f721449c3b932675230e8daab4,684302d600144815d89baabffe86857c85817a30,,,False,False
60077,fc847db25c401e78951c89daf7ec2b2ecce7b960 f9476021174e9750281866effeb0d0800186ad2a 1e54c578745f581beceb33fd762143d0cef4a8c3,d309fdc01a9b734475cec1e7b129894bfad5a41a 9efa2e1d10a0f833b7619f3a1e831df863c804ae 76f10ee903acc84e0453eedd020e26389bb2a024,60104,6d90c00d587915265deafbcef3d5f491228db035 5fdc4cae5bd040f881b9c90b97c2d32f7d373f5b 3dc256651ecadf9c0994a562809829a5d84f9df0,57bc5e4e990cd2711437e00490a5331d76985533 64fe52336f0e6b84774784c242fcaa57eca388e1 0378d33a90ba202ea3d55f0ac456ac0b6e279557,True,False,False,False
70378,7c65be4b0a63b8f2fe9b309e108863288d722ef8 c58b4c680b6165cf5401fe647963bd6f2edac59f d684f2ff4aeb09c52ecd93218c15eb04552ddcd8,ec2af4180c043eb5287a55003e6d5b487fdd15e9 9fde3eeadd063d672e84203aef0b9dcdf3981aba 610e66e1792ead6218eae16d52e12fe6fcc7e529,70285,f48aa33423c55958f5b9def0310a1b27e6c4c6a8 b1508cf43aca41da056a15b3f2b6b942c75fbe62 537b234f5fdda97a4ec1fb8e0fada7a641c4c538,86aa350a6ef7d91d0c59711227d9cbdbed958482 64d6061de569732fc39a30744f5184c413874482 a38268e032f489e0d5545f9c8b49ef1abaa6773a,False,False,False,False
70264,074318b4eeccc3b2ff97ada74d98b9ef6a11aaae,bc906bc36fba9eb81e35737717afa6344a053d5c,70328,0474db2997e5f98c2ee341668a5098d3f730fb6e c41acd3f9fe326486e0d759f6b0b2094230a26d7,0f2396ef47a3f198dd173131e4104f95dc6318e2 112387e8ee6772bc74956ecb63d1768eb4eededb,False,False,False,False
50241,,,50014,c0aaf9fee51c70f721449c3b932675230e8daab4 e12b3116baec3b244f66c1d295c718df1ecf018d e0f0c791cbd328557b9817885a182680c0c79132,684302d600144815d89baabffe86857c85817a30 afa1ebddc31a1ab6144f488f6a8ce3dbc9e61722 c1d41e8f84ce3f73c763277a6357d6d64aaaa8d0,,,False,False
10012,64c9c8fb30ea4441c4f2e95ae1dd7de13a71c130 19108db85e3c64ad5e87c58d22325a70e44c7ffb 76b32cc4a08f22ad9c4db92de5cab48a4da99434,055a3c0e3b489a068109ef65a38399df99874131 743466506bb00ae0ff883323063c473fd51112f4 2887f0d94f0e50ee5ff6cddec424dd5e226ad9f3,10011,011313e7f70b0b5c9bcf2646b894a7f200100feb 1e7947517974026f713c5e00c3eb4cd1b85b6a04 a633bc73c6a89f25eebb75d4c2bb8cd815d5a890 4d610c4b6317e2b333a7cf46787b1556ee0f8c2a,aed19c349f27cf0f092e10e2cdd892ac63e58903 ae55413a01811c3b74eb72f2f01e2e58b1cb6daa 49da998ee205d085286310f674cef21146da9922 83c0888329ddf4d41f8e077d2b0e0db235a97299,False,False,False,False
70351,62aedc02f57be545370333c4dd28fff058631c52,9f1cbd96ca5abbf190d29761cfbd960f84df48b5,70026,7ef91a60f3ec995bb80a9e26be7284ab4617559e d4ea1adb5989c8b6cb93eb45d3e878291dae6787 77568cedc1f6fe3ab24d8d3e8a80d1d7b7f02eee,ece3610839eb61e06f809c2566c5ed4cb43327e7 d0e190f3efe1b8819057de3637197f04ceb27c18 d7009f4c644008b76aa287334e5d26cea3b299cb,False,False,False,False
70177,4972911b9b49d549ec8aa2d034339f99913eb796,7f052a3e7d7ed65421861cffcc2418a817313ac1,70388,4bb8f99db3da37077ca89382bf55c943f55e2935 cbb48bd7b541b5c8612232e0478896c860a6586f 391d5ef685b107cd709d9f4c758cdbf10df40e65,b2b62ddf900742f104a01990d8fede4cf61244b6 bfb691be65f016faeb490ebf3c7ed975403d5149 48c8390e5d66784286c3fbe60c9d86e06139170f,False,False,False,False
70415,1c1aadeece3940283bede0446f4b2ad73248a897 6afdf01abbdda5581bba581be290629bf0f0162f,1b74c862c3e635cd9d216a306d5cbc810bb3b418 cb2379ffa919c6604bb209759e108e16d30481ae,70026,7ef91a60f3ec995bb80a9e26be7284ab4617559e d4ea1adb5989c8b6cb93eb45d3e878291dae6787 77568cedc1f6fe3ab24d8d3e8a80d1d7b7f02eee,ece3610839eb61e06f809c2566c5ed4cb43327e7 d0e190f3efe1b8819057de3637197f04ceb27c18 d7009f4c644008b76aa287334e5d26cea3b299cb,False,False,False,False
50214,,,50013,1452b45eed741e357f5868fc29c0bc8d93737008,f910524dec581f873238df68616b3bd50f04acfb,,,False,False
40004,d854c9765fa9a0b159b99fdc1a70d2f4118ba392 a1d68dfd5016813dd1b2598d576a78aee6b52824 9514d6cb3d027bb714bcfd6ce50c0f6def436a4c,4ce7b2152428418960d822b638bceee0244af3f4 f5692aae6d3dc374b5243ecd7bff3240148d8db1 524ec2adf16073830acd30a2e933fd0c33064826,40001,d845296b1d701059660386a05dbc23e722797458 2ada21f98416c26e953b8360caa846fef8805919,53593d88d9acdaa62e8326afe3df7002df848995 e1c1a98e2de843b1d57b732b8b5bd10e2a3399dd,False,False,False,False
70199,ce3c212cce68a18040d1a095aa24a01064aef605,702e4a37c48b19621e6b3b03645637d0e36236b5,70053,43afce5d1276016c264c9c5c52edae036d36991b 7877bda3ecbfcece5decd56508091c135074817b,691a9c2860741806d42110b982d0a507aa92f872 a7d5ede008005e3cfa5d16a33a1df0137c65e17f,False,False,True,False
70375,fcc8b0f7877ff7e9d3b372ba2ebe0829921afa91 087a4c0a2b5dcc7079c69c0ae2fa44d2d1e49ef6,241c9a888dbea5207723b14980343cee0e6dee1e ab0be873ef118ed1db5eda6969ea0b5d3a5e0be0,70089,d372113c7817a1f24084033d9bad15d0d360ece1 e11845bbb56a474e8e902e2970828624e4d263c7,b9ac2964be93612effb8e9b4cc0f91c9b1c7b5ce 5f0c006a17b22fed4a9a3f66c6bca16690ce026a,False,False,False,False
60078,21488fef7076c6d855dd6e2edf7809ff2a96ad08 1620f10f5dc41f3e37fb26032fde3d53f0e77957,4381d7a005cd802ebfdfe0a0e8822412a7d8e8ca 15cef920a2a4ca56b48583a0ce098d0c771e8f0f,60116,d65808ff30bd5b0ca18c5d0e238605f28c26ff9a 47b5293bcc4d0d5a3e9e68abdf01ffb362a64d4c,6399552646e288e15d4cafc94afaf1bda03914c5 21f1dbe2d146d530b0b93ffd6dac6034b607f9c8,True,False,False,False
70311,c9ce07098ce775a58f3d16fdcada32ea4ec24ac3 542f6c1fbd408ea4b719f8984f105a89874d046e,a17c5de4eb500eaa43032389b93cdeca71f04216 825ec2869b5d09edf4d4b6ed9389df98d7d0f6fb,70248,0dc408977e1d5fd4e7903bbc5780d31aab92cb33 00173c436ce50d8cd3a922094424956da00d53ab,9cab060ef2a23ada33ce402fb2aca58a5a1bf189 171540bf2f06b22598fe49286539233faba41a74,False,False,False,False
70372,9f98fc5ae961acd4b16ce8427e9e83498aa1e694 45dd6e42d98bdab5f3bdd68f23d743823ab2dd5d ac401d446b14a77f3dda6e188a914344991f768d,1d89565bc7f50560ef125b199618dfa114d79bca 6a95e07f872dcd32017433799b708f457b4f204b ddb2445b884cd7b86bfcf272b91e94c9cacdec2f,70019,6d5a6dbb30926c82438f076c0951eec5ddd8dc8f 2aef920ca761ef1dd0e0178cbb7fc876c71f2c7f,e7c837bc70024e2f007763862948d60e08914ef1 911b8203be55890556719f27f117809b54e7b092,False,False,False,False
70410,812a2f3a24d4932a306c3743ef9f8b90a838a59f 1256fdc381c24b4ab16d1209eae8bab1d7fcd4a6 53aa2d35f19da9cfab4f36b81278b810590d673c,9690b0cfa2252c45572c596e693549b0ab44cfa4 814ed3895a6888f51fb40f56d54a97e20fe63cc8 9e0988d27689ca5256e7bf49366a2127531899d1,70021 70113,820a9825c0fba9c77b8e83e33f2ad3d7947b86b8 c6fafcf6f9da90d0be0979f5054e8173b89ac6bd,e0d8a292c39f53bb4682c818b8b3204b66568e84 92c5ce8efbcd2c545c8548bdbf5cd1d97db3c7fc,False,False,False,False
70305,04186b8893d730d7cc27394ec76ce4924070457d f5853b58207fd23cf240527777b6c53bdbe2d833,85fe54c6d3504e2de7f83f1ad6f28e444fb9264f b32e9d7c210d3da294c407e2c9290d130c80d1b4,70194,d4acd67b48d22b4bc7eeae7ba8b6b084b91affc9 82707e2256a4847f7fd5fae1d9a6def7cac818ae,07d94847b4126a577c1bf107de145c778364501e b48d92369adbf6ff7df04f84b27911eeedc84d28,False,False,False,False
70196,521080fe5b64d2fcbd021dd8fcd167d759f83117 0161abb4f88253700859a43b49730a1de17dc7a5 d29db82ed8ef27b12d7d329f8db60390de33d789,173f85415621a6b0ddcc6e6e4812b50659bcb921 59b78952d25d1ae9b978ea572d0cb75aaf03e708 b8fb5e1abfda979fda8af795e25baa8277fc77a0,70290,081e40a405655f6578e2afaf24b320fe8265e8d7 f42c017b7ff1df1db23a20eebb7d5b546f484e42 88d6f62b5088510e994c7882f02f0ca9253a5698,e69ded59bc3b0dfc7523ace9f9bd134aba0a39ac 33b7e9721373435b0e2e8d0d6784fa5a2ed4e964 45192ee3fd991288a38b810cfd7eda788b5184a0,False,False,False,False
10205,c0e4f645747117a87e49cbd881e6c30c6e4e06e0 e8765444fe4800fcc9162751c29250aa4b2f5b72 60d715a56141e81a861b536a0ef67d990559b601,34519a4e5fb858cac22c0f5341bf95b83a57c9c7 315d80f0cb820a553a2a308f4ccc0f02f679bbc9 b7725c0df65a5a0acd31119fa7eb4bdece6e9d23,10105,1c15fa0f5626fe2e79aa38f7e813d8c6f5959e8b 498f6795d454d63998b28f45546e9223c2acec29 7462940fa677b411f9bc16b6975de1f8d8a0f5fb a6e19104e36d7819d499c303279c9082eed7c9d6,452edeae4ba1bdaf2ad5d2dc960de03aa9bc1fd1 23e57e08f6e7007ed8d44400ea47b537d3647b0e c04b9eef8e8d87374846c2faed87fe569b67d490 27f160da897904c449ea1eb7f1600b7093669d3e,False,False,False,False
70095,4da330d340b57ede7fb2831fc51f711e2075b378 481122cf1f0912ec7eb6d7d8ac133c3453e5a933,f98036443894a2f41e872a9a114bb8686fb41336 ff65fe77c53da4c19ab6628fc72442b62b694906,70182,5fc1111c60376fb18a15ebe1d83e9b099d0e0076 93743c1b4b916b2d7d29f9d6a278cf49a0620af7 b324148b77ff161d63c9f1893f92c8284ceae4de,5de8e1de6245548e18cdde916950b65e3c448dd8 815d085055898fdfd7799494f9aa412e9242d066 db5b83be5d618bb339052a9f5cf0001c9c120c49,False,False,False,False
50116,,,50011,a30fdc3738e2a1b5edd80f9048ee4f276deefc8f,584994f0a2f33b79dc3b1ba198cb3c067dda5031,,,False,False
70028,19850f572918471ec84a726bcc51735126e37ff3,1c40efef33afbc46f376a27a64024799bf634943,70447 70086,9eb785e4f1d1b26be6d7e0d89259915a11625941 77271e98d769883cbbc963bcd61e36835bb97d00,89c96ee48b9da5ecf01834034c2032a3a9ff368a 33ef71b01883a602735698ae6c2209727347e7d4,True,False,False,False
60012,fcbe7f9b15fc76a9ba047e7dffaba57e3f2a16cb,ea5fac61122a94539254a44fa64fed6f762dd956,60102,8d03189f737289afc8253e8d4f8fd4851f437cc2 3ad09b05e80ab0004e87346b056cafe5f19a62b9 36f148777c2eaf3278c2eb427e37c89d7f26df30 40259df3b1425f2f6b135250cff2667f3ab14cea,84edae90e67763830f67e4f0a704eda432f6a960 96d605126d518be6ef434f976c591f15bdeadf9d 20702f320b135255763346f32a591b5fc6ec2734 6a4dce24d940513119b0ae8010a621c090f9fccc,True,False,False,False
60054,94e4a40bac21bde8d0f0fba02af4d7b3fb551ed3 1a9b36f0959471a208dedb0da02e54c39936347e a55127b91114c068c76085b05c65073557d766f2,8f51767f47e5d56afd1f22240374fb6dbeb88e5c 4f18446f2054e052b575a655a3d17e36c43c35f0 1412e5b57332cb7152f05e23c900e09205adc577,60120,591acf3f48087d7d8513eeaaf3ac76295fa9b8ed 81380cbebdda040f319fe5828d7819e56bf28fc1 81467806a171f1b3bc45cb3199befee648cb0ae3 d683eca73a62befaa29d159b717fb35ef33e119b,f6c38584b95b5b85cc256f92d2e54e714ac3e6c0 13019cf3814bdd3014fc2789e820645074a5923f 1444e3410fcd6a4aca4351530461f3e733a8df07 83e3eca9ead40c1d37b3175239c5e8d297169092,True,False,False,False
40011,771234e20cb1dd4f6e9552f227d75b5668ca8068 1ae558db05716b8d85b7bf39e95d63ea65a2c320,2ae5b6a28b4226e1331e365b413f14e72f7c65d7 55b7ae52a545ab50e9db803064919c0e752ef5e5,40005,01324345bdff1cc4c94957d244611e97ebc39c28,2a379c3bb18d8595c2b4f2a10818296179e4899b,False,False,False,False
50125,,,50007,fc0090d54f36ba62d00b2e0477309b6a4618196b 71c2c3ad56976044bad33eaa43db5a718f426c09,fc8fa282406f97b4105f196e74eb879ea6f396db 2f4013d212a0813946f0cecdfa25818debdc508a,,,False,False
70317,140706e6a330e18b4f3d6d07f786b48d94b9e9bf c3dbeaa7a42f1d4869ddeaec1d8bf6cd25995d3c,dc4d267bdff567e1e5222a86e36e1dc477a2a9c7 3c96ad6ee4c6aa8bab36f7a08a366aa24ed4f196,70016,ec6d434265c455450834fa6653d6efbe048189a2 f866db78d338b5551df8575f9fbad97eda857cd6,2bf9398031053e167aa020544fb0583fc7c39fbd fb9a5946f9c4d8d2977075588b7416bee44767fc,False,False,False,False
70215,ac37e223a82c69b43154834e98808c835d728e6c 6f609598fad6b9f679962e7b62bd1728b0caf834,1fcd842e97d76bb9c2d89017e62f36875fcae21c a57364ecaea5643082cd10493ab231eeabb2d89b,70238,b7b65365b1b98ad8f4d8df21c2f0cb3f8869b5e6,f7f0a437e6b3941241ca6f033670e09db39f25f7,True,False,False,False
70041,ddd08d1b3145a26a95a80b9f4c037c640958a50d 59c9357de50d6002c4ad740374841071ecdd1d9c,54aa9f511673ff74bf789694f8331e7d03ea2de5 6e25ffae55a12691ffdd78bef97009b3899cd900,70083,cdaf582646c0f71d955c0ea03a672daa1f38f651,916731176c801828c1430b21376a62d1471fab1d,False,False,False,False
50183,,,50004,3d37b3ba40e4e9cbf05547c436b2f2a56343c795 bd8a3011fb5916d5b363fb0198163ca81be4eb56,5625067a918bf810956c00c4cd7e40091286c48b 6b6c0df6b90bc0863988b1c67dfb05f34a642e14,,,False,False
50128,,,50014,c0aaf9fee51c70f721449c3b932675230e8daab4 e12b3116baec3b244f66c1d295c718df1ecf018d,684302d600144815d89baabffe86857c85817a30 afa1ebddc31a1ab6144f488f6a8ce3dbc9e61722,,,False,False
10007,91c3f958618e0e9bf5bface837826b1e634bd452 e5fe74d4cb68071c406a7d8c0578e949ca5dc73f 5b0a4178a70799fc55814ffe756f7a272cfd5be7,9fa91f8b3e7d8e4c08ff6a439b3998c3b61d8a11 223c32cc397abc4a6b39987ebc9c5a4c20d33647 e320fc3e6d3b0c8fc0463caa78f49e5d028115a8,10006 10007,47caa616604d3e0848f267ed97fd12ad689a1036 d0fd740ca95bf49f5ebfdce1539aea437ff11cda dcdffb1e6957944391522132a0e2fe62d4707828 e48ba68699efd7ca3c4c0f8a98917bb2397747fa,6052b9c574a54f1ea256ba7a60f5c7251ddf64cc 9fbd147caf2d9f0133907bb077c1d14f9f35da60 7d8b9cd81b20d5cc2a316d89545b09a882888ed9 5fe6b441cc77af8d3d0f17a5f7649f71c0a28221,False,False,False,False
70153,d25287936ed412f2bf2ccf4e81e25b12ad6c9255 32bce7ea0e96da407777e4101461b17961864842,27a7543e11cf729f64a4e851d30bfdaa94d38133 322643573ae17d6f7389cd48dbdf2b8f734621f5,70471,81f681a99d37c8752e9ab8f3ea72856ee8ff2f74,870855e4e7d132b43df99d2df4b65bdd9271096f,False,False,False,False
70334,dd0b2c1b92d34a2c15917cc117118a4c54409f9e 790e90ca770523e09576d511a73b91352316af77 14ae3cc1467edcb9e5441985a63035b329793cbe,84d1802e8b2098223d78a15470e66e981b49a3a6 f8fd48cc7b94623f5d5a45a39978d238ea30c6dc 833f90b0cefb2bebbf9f4ca73edc5914d2af04cb,70430 70176,fa9065d3c09ae59f8df9f3bdffaae7b4e22745fb 7c8bf91668145c6f35b8d6a9102e653c04073c2f 0780135b6f895c8d1e602182e28cec145422685d 67db4696d1dbb1e2bcbffacd17b3813a12e3dc5b,a88d8b21e8efe308e03faba4491e9599d800504e 187aec83fcc5815fcf9d929821ea905e9d6a4b9f b3c3066f8e00f364fda4e0d0d60865d39002d1dc 4a4b016aec1a3ff4c7b4ff1677d8f166131e25af,False,False,False,False
50199,,,50005,3e4ff038b336a339ffab515761190cf97ac451c7,766bb0ff4b731fc7f73ac89cf1290108c7cc50c2,,,False,False
30003,a00caee10a1f706a4127f4ef61d7b1bb6b5f412d ce07710ecbed8271f08e9da78baff6951fd943ea 787e087c7b6547de45842d6f551e027749c69537,16dc40f3390ac8e7f4d4249ac369bddfffa964b4 5aafb186621bf0fbc53d28f0d9eb9883f57d8eb3 c1abf1ec95607bba8d3f9142e4acd4c26771579b,30001,95e3b919b7ba9af9ee5c6e26954be90437ee0b30 bff74b35d87f267e764f2536d890b8540ccee8a7 d79ebb8a6918d0c8e734aa8292d3caad5e5ea7fa,6033c84e956aedf5f39960c8ac3cab478e8cbca6 0e953a913649890832f7b3087fd5afcd8fbf683f 9fef2f79a672810694d051a5df34d478701c1106,False,False,False,False
70323,e5265679c9b385b82cd2b4438b0d127b00fa6514 aa7f2d6ad570bf30482bb64f85169fb4f315392b 997203285d0edde9602a60973f73fe4a1bcc44fb,06e9d07ee9aacbe6c55bd813c50935fa1abe110c b852f2b6065c479b4ce653467f908990bb3ec22a 1d58c74b091e82571e080cde0027e4f7035a6cb7,70278,5497302081d3c865a15cf3b0783aa5cd5c805d8d 6277325bcfed095e102d988d6ec55060cde197f2,da866e95343d20dff473c3a64a544b22f6556743 cba2beac1eaffaed48e67d072c034c301392110f,True,False,False,False
70115,1a5bcfab86baea79e4d191d0e80a362609bd3c25 9df8825c6d08c4e7ecb9fe6b577130b4f37d56fa,87059bde14c67269da1d9e1634de3821a1bc695d ebf1aab3a8c3b2c5c89368086d0594c926ff08cb,70251,72aac4ba7ae3723d3ee47708f44533ba7d2165e0,b60763aa4a19c358f64d1c9ab3365dba4a748f6e,True,False,False,False
70294,41eeeefac7bd0003136c14d02f6fc1e13b8dedf7 9e68e975ef91d528c8d2f84752f097f31fe2bcd9,61ecfd1d2cc68db992236753e146462f0a6d9668 f12b57bcb558f2cce746a8457eebefcff2c05ef9,70024 70476,dd0798aca8336e4fe76529dcae108a85613a4fdf eaa77bd25e78f42bbfc47478743a363cb7859a3a,b51ad8f2440c3da6fc273fa042278292beb3be4c e9c3bd872f60e2f0843944c3655e3f656158fcf9,False,False,False,False
70061,eceda8ef975e92941748c0cb954edd3555a71cfa 44525fd5541e469144bd30c9e2082ef73dfb0018 fd8d9844d34ee6448e9e24b8373d3fb90c59634f,99024b2996db7b22a2ecfc1df584e2655be85927 38c3fd19e00d6ef90c43400436698b6a4ab872d2 c11d7ae12362ffa294e5ec61ead04097df80fe73,70493 70251,d1c049ca44ad3742e2d07b88f90f5db425b46710 72beaa95ac5457753940bf492a18e3b537d3eeee 885131ba1c177b1b01ca4c248acef4befd9662ea,4f2dec265b0bd8366a6d5ce7c5a185bde154d17e 6b2b742a74e553f902eaacc60618394839060f12 908c99fb991f62cac18c4258eb3bece9850ee1c7,False,False,False,False
70188,aab006b43638966363184c09e0a6f66f4c77fde3 2fedabb48e591e4e2d6485074a8a280218967046 6d4a1866eb174c60323b1066298019387b551a40,7a3d8b497ad04031b1cd2bc61353c74db51d4273 1f9cfcace38144afc4783a3bc73bd6387cbca72e 8c5d42c74e44475e852dbbdc1f7b14b2273dbde4,70414 70031,620a5e63d80bf4dbf6c1e1cfc6f0e8ee5d231f61 207853eb48a01cbde77a56c5800a0bbb58b8a7ec 4e8677a048afe013448137e7ee3a2bc79b2172bc,cddb228b6df64b46f59c9ac445efe89a642efad7 1ab51816a16fdef61f50549792e69352e9fbe582 6df6795d5c29f7a61411c2e84932f698981b5d17,False,False,False,False
60311,4d17a39020dcb5796c5ad9f7d706cd2aa25f886c,3978d241c06a26ba7182e06ee9cbf20c2fb22c52,60366,,,False,False,False,True
70226,fecc8946f4f5bedcf2d5530be97f0865e4b232c5,83e2d3d50632bbf2fe3651a21c3b6093d34c556d,70392,5b7204369c38e7118c59df30f8bcf417e9a9601b 14b1870925b38e69f4589c226365983c666e9f99,5b3d06ae4685596b8e9cfbaa24a489beea04f95e bd53b8ad07dc88ed320560579cc2d4510a4e492e,False,False,False,False
70392,115c3ab139e5d38aba8ad25a39134c3ce9f35906,3eee0e35f482f9a84d019e939ec47f8b9c075f21,70331 70403,4a9cc09cd204b7553bc2a830c9c2c7ad3e12f488 ef5542cf670670b047be89a9bb7fc95fe398d268,5899f5a090bc1809bc775de8a6c1f5c6e69e17bd 938223a41c72cfe9b94f51c05ebbc6f3026e69dd,False,False,False,False
60004,2a6be941cee43971612995e320eb0d39f9ca9ff9,d7181851df26ad93c3e3980507c79d5c43fc5c11,60103,5061b4381c7e56b721a0e7bb5f7bf53a39060c83 0abdb1459e217f4f08b474fd69655fba15cbb485 d4345d4ade040db52574bac1485e6fac6bc4b717,60f1ef70cc18810afdc4f2ac5aee3869976946af 5844aab6e0b986f7530d64f40992d3e712f6d491 f6e613e14d5482b1d1a03e596ffd94e0550306be,True,False,False,False
50137,,,50018,c693faa4af0d62af9186ef29660ae47dbe723dcf a85d0a3a6a212a33e9364dbbbe819c6a0d2a79c6 319b80ef880184c3852e4540a0408f823700bec5 6e64aba99ab37311323051b29574b6e0cda568e2,ad96df62afbfe1fda4319a76d5c23675d8ae0d12 53670f68cf67cff0580d6f17ef574ec39d6089dd e6f0d9fa49f01b59fd1de3315b6026df29e3609a 6470274abba7fa209dc1369e5dc4628d1327753f,,,False,False
50200,,,50012,cbbdb0b58897cf5c314e28161e232678f515c1ca 18ac4c8193d99e8b7c14af33a72115890ed99fc8,9fb5e2607650c8cafbd75e74bb8cfbad059ba5f6 16cf0207e2f308666aacd5ea41c6a8a6f923fc9b,,,False,False
70316,b4470a0fe7936a5b938e49b442e374daa78b62c4 fec52a856796bff327c0ee1872c74c99b2aa94f8,8971e2666a9a34d477d898d70839fd13295a1166 590835809c944d7df6383899b2d3e2d204f86404,70312,8f5eafc7ac950bdaa096736c4d2e1a742382fe51 09170ff38d69553791949594e9613b582bb8b816 baed3669ff3595031546d21352aa98fa31c14ae9 f259a9061b24573e3da74f800fc62b079be78cbe,8a0e74b10c68179f1d553a0a450db5c494a0f17a bdcff70abae87cc35bb72813037732a47ec77911 779e7b3383e4331027a9953b5e86daea9057e453 dc38cc831626bac31f2dfc6e2379bb4b2ceb8796,False,False,False,False
70325,3cdb9e958c27ae55d6c6e3baa029268e9df4cb8b 349f15f44ac94b84b4b533ebe9c9799a7f5b25a3 9e6bafb883686ea9bceccc75c90fa82607a6355c,3127119cce9bb40d0da2cd8ce95beb07974413a1 90b3a2767eac616a4d3150a34409597b0fae3df2 8b69fbf3e0e595d04689fdf81f63855443874ef3,70459,50d2b728b257a5757c4a932df8901da57bf2612c 21d961ab5a5f3522f57293c95405e4b7eb4c43f6 8eedcfe2b7f6b7b37c2cc0c78b340a9c69407fb1,02f87b25164c43136891df531c991d0885f113b2 015f5e685b6f12b0cb3caba58cfc47b14e42522e e72e20ab38008011fe6d42890a80c66eee46609a,False,False,False,False
60020,705a8b8a9ec68b3e5e7d22154674c7a5592e298f 43f59bfca8db59f7f18a8823ed153b780fa041c8,66975f7389295316eef42c4cf817ac33d9162bcc 43f75b4af72b505f9ce1e9800135c120556fb4e3,60108,581f91096d870837195ea46020edcbf58d8a07bc,8d14085c282c96aabf5adccaaa153a0a183283d6,True,True,False,False
70096,693d8ed7cc0c2b12716156eed4a7d391f9296479,f4ff9d43592e0bf417a74e1254667057b6cbfb9b,70214,95264aaa7106fb97fec6352b02a4cae305b4ae41 9651557f6c09f6e9fed224ae6fb203eb0a8d3f91,f24b8a35127aaa8a4afaca71a765bead54587fbb 91235d0a613efc4a3a8e6d3e32eae6621e994f7c,False,False,False,False
50156,,,50011,a30fdc3738e2a1b5edd80f9048ee4f276deefc8f,584994f0a2f33b79dc3b1ba198cb3c067dda5031,,,False,False
70381,b3d515a58b95bf4361a5705dbd7fb2006c966dbf 0649712cdd568d40e2fe3930c76c5139e79e6859 eaebcfddbbadc7798d347f3e29ef88594f12bd8a,a39a31f3eee050351a7340411cc0701970d14cd8 b761f967a7de085a8fddf18c482fcb62b1c187d0 2e2b2c66a5cc8bab2561c59136d0a44b3fdf606d,70151,8d53bedcfe02c2bc64ad8dc0ed72b3239c122cb7,96d6e25448e78b803b17f67e987be788e3972cd3,False,False,False,False
50176,,,50005,3e4ff038b336a339ffab515761190cf97ac451c7 7c7f896aefc8704185f5130e1519a600556932c1 cfb534e351a2a2e673efbef9ecb5e059446301db,766bb0ff4b731fc7f73ac89cf1290108c7cc50c2 dc7e146c34c51787103fc6b58269f87ca7755830 0b38fae10a6ff39123c6390f28481c99da52873e,,,False,False
70048,b183010fb1903d74164e3ad9d2cd1e9fc894e3dd,bf7cf5477123f102642745846c95680749150013,70057,2fe3955270a948b849a3a47657b8d5e9fbccb410 3890aed7f4419938cc02fb76d69ad311e2a5e6dd,96731681e0437db36fe47be3d03ebc085143844a 82b14f701a114b9beb54ff3fb504413de0cc0c58,False,False,False,False
70052,4061ab81e1fbe492329431dd7efd4d3dc8d47066 6ecb333d495ef5ab36580f004c207138fb0a7618,af2a55c27170d997c2918426a14dffeb76697920 46f59b35e9d81e46c068e04a8fba7b0d208333eb,70124,2cd3310684ec7b1df27e81d21ba0e5bfb312e8d5 cee4e88101de58c6bb5eba6d3b08674af2dda4cb adeabf2ec9f214ec553b4e91f2ae544c2c91e35a f17ef8430e113601d69b13e7f8c95d99c416f97c,4ac03f186f5a50346f9067662872ac9069041ac0 9a3ed0b74b9b991fa9f7bc7e17a44da118c07de4 638f695197ce52a9596611b7ea4c8a60f1541ae6 89b5bbb92fd8f50e4ad8c3d0be1a2d0b99c7d1d4,False,False,False,False
70367,7368c9c681c9c6ad3e00999e27274b1422f70e22 fbde2cd8bda9b623b46a2ba7e6d7355754ac7f49 6d2dd1d629431a3e6e7608ec0f86927daaa08b9c,0032e46f8b04d5e681290aa6b7a7f8621659181f 2fc1194c0f1e83c746260d514ef60f45af8756d9 b9e82134019c1f3a8059f5f4724f6116ae0e266d,70404,d4c8f48840cf63e41aef8d06eeb224161fe67152 af0252bd3a8ddac50ea8c88e19d8478022d90f24 416ceee1313a83f707b2f6c678e4e7f559a27cb5,b8654d59e6c357a9266aca37899f040b75f1fa68 1454fe7d25fd6166c444c77b96fcf7ca6790ee0b bb9c6c5f8fae06a7db441d4031f0c21ab964ecd0,False,False,False,False
60317,7e9ac57b72ea36e44bb1d296b022d2a0a9fb117b,ac2a3d408e58f8a2397f29f30b4aa9cba3fa3741,60353,,,False,False,False,True
70056,fa723290ced6e846636270c87dd6f7172338591b,96afc9ff36f04794857debef72f5cb91126ba081,70066,ac78bb1654d1643d1df820024db3ab3863fa4423 53954820136b09abec7c9767dc2debee0d8081aa 65afc8784e55c9ffe080b1d20e9eab38fe54058f,52c73663c2f6d83a0dad67ca21338865f6b92024 d08fbeebe806b3ab8cd6687b7bbea120c22138ed eda13d5fb0e503302fbad6b8ff6e034362bbf2c7,False,False,False,False
60219,93c46fd950be034bd2628c4826f39c748b2b3ce8,e1d72b39744772afecdb4e73d1d9d917f5c1e16c,60264,e45b50aec2871b09be36f6c179cad4fe39499318 0bbb1668399b928623744aebc77b0e0b3d5cb7d4,01c06c01ac45c651b6b06057e46f9ef964f50197 89d0ae98f10af163c246e121fa354e6853c12591,False,False,True,False
60044,b7da4b019568fb399b77b9410ec60499c8bbdfe4 a4bd6797f4c3ea8b5eacb8ec964ce0b7f22c067b,b7544dc7a162187685bec63c05d70316243fba1d 5bf5e0574e821c07720f2e7cd331215eb0af9d22,60119,77c95c7f36b2ed5e2b47a6e93dc3785af3853b99 b0c09cb34974149b67eefeeb15142654a6f5942d f4c342789b56f4504f0f233cff4daf1b145cc33c a7faa3e7f9787167598d5970bfc0c471e50543d6,daf08bb2cd0a9954f4e2f996ae966efb3b42b5d2 60313d4062187897571a4b6d9afd93501c61a006 a8e8e1f431fda164c456bcd1ed8e7b3684409324 2dec26711da453a112ca253d3f447ebc1feb578c,True,True,False,False
70236,e6bed6ffb8473f339f653705ba809ec2409ee619 6072f6a7326e023529a6992d2117c7c83d116e15 e68e5ae181d29cc786c7f01beccf74760d507b84,d2d107043af68932edb5e289e51089bbe423e8a5 de2eea4d6c269cf9300e29bd3f3f12ce2706aa45 39536f10bccbc9dfad1584f8362aa5c2bb494b47,70481,032bd012ed5d22716db70c812de20d81e0b32c8a,240b0cf1148895d863deae8f925ebf9763fb44e7,False,False,False,False
70132,9e2ad568be7df434fcb1b9cac1fbb01266d35bac bd0aef240f88b7eeb6c2dcb82491d169d6e78ced cbdb175f5cfb533e1d851b7704797a57d9cbaf83,ba9d54961ec69651f31d89e9f6f65d5fd11ce267 32a95c5771e0fb0bc3ae055d5f17fdcc7cec057e 80f7798337eeebb50154ab9644aa9fa8e379ac38,70169 70299 70002,311c4cb12ed7310b0798ef8745ed5755f884d5f2 ba4c289b415b9523499b3fc079c51070eb3dc0d7 8665d700367251cd96802e2f982b21ce70fb219a,7f6d08c61ec95586062b40d8d788917e8a27924d c02c7ba47aed9ecf81b71ae34199b321c188faec db71797c5b765f638b189e657d366ae4eb9b0f77,False,False,False,False
70059,dc02d0005d766d91275b78d485f6524387174b22 f4c0968e68b2883bd9de17b9c98d27ad4d39e846,0fc911ef818b33f53e3afaf0d5be549f049c7eec e78a477decda3e4d0a3b7feae29accd71dadd361,70221 70105 70354,ca01a73b9bdd8304fb646ad9a0a3b7faba4efe81,b77e7acb12f355b440c8dcfb557e1657479c2d34,False,False,False,False
70123,e8109d594bba9d060cae8bcdaf9e153e65cb3c7f 8bf50767ebec58db81a56c24fb0a3d8e4d363583,23f99bf682f4bc2c065f96587009e7ead1586611 2fff2908e74a9f472d39c4337a08379eb7f793d8,70338,a03927ee4f610e13de6149a0d31a1fb4d3c1e594 630338abeb1ae26c9ca68aea30649935a883ad75 fd4a7b63789900021497680fcab4a54174f08f92,10fed0fe3d6a3c15a0a0850d0d2bc4dbbcaa5320 dc86666cda4e943d721147ed9e09cfdabe6b56be 0d1e6238aebcebc53ac69e4ab4a6c20a0c93f422,False,False,False,False
50218,,,50008,ae598bf1b4b971e068f70f57d28b16c4f1fce3d0 24a13b509ea96040957f5f7337daa4c52afd54c5,ce279b6c9006c2765f38fbbcf0ab61365759d0c7 a9f8b1ff352e0ca53d2eb301f43df64efe64d255,,,False,False
70131,d5e8766297810ec378f4efdc4360c7f1a3176b2a 0a3265feae659383541505c5cedc448ebc89a235,663ecea45cbf1593ee7e92a0ea298fc2d2ebfbf3 fdb57a93f20cfc5cb90ac44a9122399a058387f1,70370,e396b915cecec19a900e46dd9e938f222ad9da7e f80e43fe7e0e4b6243fe03d9e102808fdae9845a,4a1aa9c8a6b9e3974812cc38fe42f0ca14827448 0eea18a1e188f69b4b2b7654ae50c8a160d623c7,False,False,False,False
70450,ffba597b9fc331bc239bf7862386e71b018d281e,47073540ba0c8b78300ca8d24431147c11a6d99f,70296,bfa62e67ee1e1d876ed0e0c8814cc192fdcffdb7,1c923690c5bca18dc9eeab8bb34f75ab673d1c06,False,False,False,False
70257,9ab16ef816d6aec1a9ce13ebb29780846403bf6d 26293501da1e8931ef1391fba7c3765560b23dd2,36bc8cb9676e0af243c55e5cbb9dc46b1c773fee 84171add2a52d410c2f2b8908dfbc799ad87a27a,70142 70445,f051f14bcb2184a7e08fa79ec5c095084a860533 6d3b67c8364d0d23c3d01dceee1c96d461e29335,07f949b38d75cfbe67912e0ebf9cbfa6f2cf32d2 26e504cb922977182bad3b3564c5842ce914558b,False,False,False,False
70401,72c07f2bbdd980df89fae59b24e87bddeb5cc173 c5896ea1579d0ad6552e25f7c518d925b6229de4,5716d90047570563570009ab41bbcbf980f95c55 68a24b0d8866bdf68db3920db11fbe674f13e9d1,70332,816e18ce94fdf519fe63e0f777487c5159796396 13cfec8f711ccd2e09a1a78b85e56c76b3117f5e 8255c117bc8cc65e38068038cd18afe884544454,1efb73f7dcbecb7b41665f1bf0bca2d95febf848 46a0b130c5097049a2440a68d0ac1c28c5fe30da fd3e5b69cef91edeaa3453346189e5f717bbfa10,False,False,False,False
50243,,,50018,c693faa4af0d62af9186ef29660ae47dbe723dcf a85d0a3a6a212a33e9364dbbbe819c6a0d2a79c6,ad96df62afbfe1fda4319a76d5c23675d8ae0d12 53670f68cf67cff0580d6f17ef574ec39d6089dd,,,False,False
70472,bd1b1c3d8fc90308ef39e08834067c03f1d9b8b2 ea01135de4081fa30be3a37f6a248dd13d463868 648f4414600e9be32d7af51bc6fb9aad75454b7d,1086443591528d524dbf393d569d6786c463dd3f 3e1a1c5ba343b29123d30a38bdaa7138ab366bea 46c13e30583854f89841e362802dc657c701b513,70067,9c2baff16897b8b0a662b4ba3059c8628482691e a8c4918f2adae6a61a52bee595bb5a071cf2c6c9 6675a297f77d43b5b153f1b380ac4d723fc6d416 f49e3480eee2862074f857517b0bb22a36f2671f,17d63c6fc2d6198e71430124f022acf5b7015e37 fc6d41479146e6f1d43b48d77bdf9a3e94a27811 c38450728c4d6257627175c17777cc417c4c9246 954f8aeb30963822599283fa384e5d1059f79961,False,False,True,False
70500,977494304a81e28cc6200a54a35d305cefbe62ed d7495137b660a5cbc860e317f6c9801eb77a8b5a,571666242393ffbfbae93bf3b94b1dc6580b4c94 329caa1b4d7fba4476d902dc1bfc86225e39ce92,70023,af8cae3547b205526037730b082518e41d4193dc 59619c8ce11508c1f222d6f3d03028ad179fd664 75a900fdb073a25767831424325b4cb9e33c8345 c6eaee62377e7453ad3958ad7f1c14361bc826bd,d0c4472fde705c4355eb79bcd1387564a5075406 746db977483ccbfabaf0e991affcffd66a5ef25c c166bb428246aef23741d7dd16dfaa8ff2d2fe43 bc00512491c257276acfe1bd65e876d1cadfe6da,False,False,False,False
70288,8fd9407230f78e5c4e8036c33c4ac4ac7cb5fc5c 35d07bef43ba9b38157a75914351b6124bcc36f9,0b59502249df2975fec3a51a6f3f8232bb7ccb1a 8c1789ea35912acc5047fa67c814e7c5a2372f27,70459,50d2b728b257a5757c4a932df8901da57bf2612c 21d961ab5a5f3522f57293c95405e4b7eb4c43f6,02f87b25164c43136891df531c991d0885f113b2 015f5e685b6f12b0cb3caba58cfc47b14e42522e,False,False,False,False
60067,f9e625b2de8f32740342cafc3eb195aa87f1fb96 0b926ab6079209f34824a8b7698cff6ab7e3747a bc322a846b72fcc1a1478c2ef05a7589d84a917b,cc2ca9d60c5655a25ee6c57c6368dde8a0729b54 f54b44592441f871646151667358d4b741864ca7 a46cafe0ff90870b194f70a68fc52eedda1a1e9f,60114,361c53336051f00b50ccb1b9f965ef619ee9967b eca861ea5f46481f39591eefd1d004d4d580124e f4d8fee1d26a0f9ba9810339ac6683a07f4c8c30,a118f70ecdd7d3bd34495407453054568e4922d2 b2cafe9fff7613e7216022c6e3fafb4e73c10fe8 3b3884527524bede7a3ca4447a8faa3646fa8cb4,True,False,False,False
70473,677247471a6c6d43925080d4f5c2cee3e4fdc2ed 481ee1c5bc0d049ddb86ebb7f0bf627c834619b7,4a8314519a595afce89c93200fb9a73d178d9eae 0b4d4bcf8e4cd373f5788d604405b08b7a2fbac1,70301,7a4e25799e952cc98ef2879d9fd4aa71272be1fa,5ee4bce7f364377673b3938a434317839c755073,False,False,False,False
60339,3fe606024dd41c58e6e081816c4ee11e7dcaa342 b120e6b3a95a5cee71e15e639793ce4fed803516,58850ff5a9f169f6b97b66f7629aa31083ab1fc3 93e69475b0326406408fd83a557551d5c95241a2,60368,,,False,False,False,True
70286,1078ec2be7153801974fde68748ce414f8b6ebc6 15ac2bb0efefd76b4350fd9d6131224e85a8e34e 08132688f96b2b67d454fbe5e32e3e47ba5c6f70,8dcc4fd2417356a385d92cd4af746d878996adc6 a81c15a60ad35619e6cf59fd65fa288ffd5a6334 7430a7625a96ca581f0771642106eb9ff1fba97c,70005,a65138eb84e40115f6bbc243355527e4036f060d bda026680faeece5bdc05d30103a6e870ef887c5,2afec6636ab8e09c954a9dbb3d8bdcd1495f6c04 1e83ee2a6308c1e5454ef31866e201d1080308aa,False,False,False,False
