2024  92  0 2598  21    3    43   229  138.3  84 0    3.2    7.1  397.6
2024  92  1 2598  31    7   -58     0  133.2  77 0    4.8    4.8  502.0
2024  92  2 2598  24    4   -39     0  141.4  76 0    3.1   11.8  200.0
2024  92  3 2598  43   16    -8     0  141.9  80 0    5.7    2.7  377.8
2024  92  4 2598  21    3    31   251  139.1  88 0    4.5    4.9  379.3
2024  92  5 2598  35    9    -9     0  139.6  78 0    3.8    2.6  374.6
2024  92  6 2598  29    6    11    31  143.1  85 0    4.6    3.4  295.3
2024  92  7 2598  35    9    -5     0  145.2  79 0    3.2    2.8  255.9
2024  92  8 2598  33    8    21   449  147.3  88 0    4.9    8.0  541.0
2024  92  9 2598  24    4    -9    13  141.2  80 0    4.6    2.8  389.1
2024  92 10 2598  21    3    17   228  142.9  87 1    2.9    2.4  368.8
2024  92 11 2598  35    9     1     0  142.7  80 0    5.9    6.6  316.0
2024  92 12 2598  35    9     3   137  142.4  79 0    4.3    3.4  314.7
2024  92 13 2598  27    5    13   277  139.9  75 0    3.6    4.5  416.5
2024  92 14 2598  27    5   -21    22  140.5  78 0    5.0    2.3  427.9
2024  92 15 2598  21    3     3    73  136.9  75 0    3.1    7.2  420.2
2024  92 16 2598  27    5   -10    51  147.4  89 0    5.6    3.3  391.3
2024  92 17 2598  17    2   -11     0  143.0  78 0    3.0    4.0  376.6
2024  92 18 2598  33    8   -41    93  140.9  80 0    3.8    4.5  320.2
2024  92 19 2598  41   14   -15     0  145.3  90 0    4.7    8.8  479.9
2024  92 20 2598  21    3    -5     0  141.6  72 0    3.1    3.3  513.5
2024  92 21 2598  31    7     2     0  142.8  75 0    3.0    2.7  305.9
2024  92 22 2598  31    7   -48   159  143.5  82 0    3.3    3.8  536.9
2024  92 23 2598  27    5    44     8  143.8  86 0    4.2    8.4  325.9
2024  93  0 2598  31    7   -21     0  146.7  83 0    5.2    5.0  521.0
2024  93  1 2598  36   10    18    60  144.6  90 0    2.4    4.7  320.1
2024  93  2 2598  35    9   -19   253  138.8  69 0    2.9    7.2  329.9
2024  93  3 2598  31    7   -44     0  151.2  99 0    2.6    9.1  477.4
2024  93  4 2598  27    5    16   216  139.0  79 0    6.6    6.3  302.9
2024  93  5 2598  31    7   -34     0  141.9  93 0    3.8    5.9  286.6
2024  93  6 2598  29    6    -5     0  143.6  83 0    4.5    5.2  426.4
2024  93  7 2598  21    3    -4   363  148.2  84 0    4.5    5.4  424.2
2024  93  8 2598  24    4   -17   103  144.9  80 0    5.9   13.5  259.2
2024  93  9 2598  33    8    29     0  145.6  88 0    7.1    7.2  505.0
2024  93 10 2598  31    7    12     0  152.2  81 0    5.2    7.8  315.2
2024  93 11 2598  36   10     2   181  143.3  88 0    5.3    3.8  549.5
2024  93 12 2598  27    5   -18     0  147.5  85 0    3.9    5.3  340.6
2024  93 13 2598  33    8    23     0  144.4  83 0    3.6    9.8  331.5
2024  93 14 2598  33    8     0    79  151.9  86 0    3.5    2.0  200.0
2024  93 15 2598  27    5   -41     0  144.4  88 0    4.9    3.2  200.0
2024  93 16 2598  35    9    15   371  139.0  92 0    5.8    3.5  453.0
2024  93 17 2598  31    7    -7     0  149.3  86 0    4.6    5.8  349.5
2024  93 18 2598  43   16     0   159  146.7  86 0    6.5   14.6  200.0
2024  93 19 2598  31    7    -9     0  146.7  87 0    9.0    3.4  396.2
2024  93 20 2598  33    8    14     0  147.7  72 0    5.0    5.5  542.9
2024  93 21 2598  24    4    20    20  142.7  84 0    2.5    3.4  420.6
2024  93 22 2598 999 9999 99999 99999  145.4  80 9    4.0    4.2  200.0
2024  93 23 2598  27    5    -8   290  146.5  76 0    4.1    5.5  360.3
2024  94  0 2598  27    5    -4    12  143.2  82 0    4.8    4.9  533.8
2024  94  1 2598  31    7     6     0  145.6  76 0    2.6    3.6  200.0
2024  94  2 2598  35    9    18   158  149.8  81 0    3.8    5.1  262.5
2024  94  3 2598  21    3    20     0  144.7  86 0    5.3    1.4  609.8
2024  94  4 2598  31    7   -17   180  147.0  77 0    8.9    9.0  487.6
2024  94  5 2598  52   30   -15     0  152.7  83 0    4.4    2.8  247.2
2024  94  6 2598  27    5   -13    80  148.0  86 0    3.5    6.6  331.7
2024  94  7 2598  33    8    -6   157  143.1  85 0    3.2    3.8  534.4
2024  94  8 2598  17    2    -1    97  142.8  88 0    9.4    5.2  297.5
2024  94  9 2598  29    6   -28   286  147.0  83 0    2.8    2.5  414.4
2024  94 10 2598  33    8    -7     0  149.9  69 0    4.3    9.9  390.3
2024  94 11 2598  35    9    -8     9  147.1  90 0    2.6   11.7  564.5
2024  94 12 2598  21    3    29   232  150.1  98 0   11.5    4.5  394.2
2024  94 13 2598  43   17   -46     0  150.4  87 0    3.8    4.6  200.0
2024  94 14 2598  37   11    26     0  155.2  88 0    5.9    6.5  240.8
2024  94 15 2598  29    6   -45     0  153.1  85 0    4.3    7.5  335.9
2024  94 16 2598  35    9   -11     0  152.2  90 0   10.0    4.2  411.7
2024  94 17 2598  39   12   -10     0  147.2  86 0    5.2    2.4  610.2
2024  94 18 2598  33    8   -15   208  148.8  84 0    5.0    5.3  299.3
2024  94 19 2598  24    4   -18     0  147.8  93 0    3.5    1.8  331.3
2024  94 20 2598  31    7    11   137  154.3  83 0    4.5    8.6  320.2
2024  94 21 2598  40   13   -11   142  146.0  82 0    2.4    6.7  302.8
2024  94 22 2598  40   13    26    31  145.8  94 0    5.6    2.5  304.0
2024  94 23 2598  37   11   -36    66  143.3  92 0    4.4    2.8  403.6
2024  95  0 2598  33    8    44    14  150.9  93 0    3.4    4.3  486.2
2024  95  1 2598  29    6   -11     0  153.8  86 0    4.5    7.4  467.8
2024  95  2 2598  27    5    -9   382  153.0  85 0    5.0    2.9  311.4
2024  95  3 2598  24    4     8    59  149.6  91 0    5.3    3.7  365.3
2024  95  4 2598  40   13    -7     0  151.5  88 0    3.2    7.3  559.4
2024  95  5 2598  35    9    -9   384  149.0  85 0    5.6    2.7  296.6
2024  95  6 2598  29    6    -2   197  147.7  87 0    3.5    2.3  422.6
2024  95  7 2598  37   11     4     0  144.0  83 0    3.2    4.0  339.2
2024  95  8 2598  29    6    16   147  151.3  89 0    5.3    2.5  282.3
2024  95  9 2598  37   11    -9   147  141.9  81 0    5.5   10.4  306.2
2024  95 10 2598  17    2   -14    18  150.3  81 0    2.8    4.4  336.5
2024  95 11 2598  36   10     3   129  149.3  96 0    4.4    4.4  200.0
2024  95 12 2598  29    6    -7     0  152.9  93 0    4.9    3.7  339.7
2024  95 13 2598  31    7   -20     0  152.8  83 0    3.2    6.0  216.5
2024  95 14 2598  29    6    -5     0  154.6  87 0    4.6    2.1  200.0
2024  95 15 2598  33    8    -4    60  151.8  85 0    7.2    6.3  214.0
2024  95 16 2598  27    5     0    28  149.8  92 0    3.4    3.5  276.8
2024  95 17 2598  24    4    13     0  150.2  88 0    4.7    4.7  370.6
2024  95 18 2598  33    8    18   342  155.9  87 0    4.1    2.1  318.7
2024  95 19 2598  31    7    12   190  156.4  92 0    4.6    4.1  440.7
2024  95 20 2598  31    7   -37     0  149.1  87 0    5.0    4.6  293.1
2024  95 21 2598  36   10    -2     0  153.1  93 0    5.4    3.5  220.7
2024  95 22 2598  24    4    -6     0  152.0  78 0    3.3    3.9  376.7
2024  95 23 2598  29    6    -5   106  155.9  85 0    4.2    8.7  413.3
2024  96  0 2598  24    4    33     0  149.2  83 0    6.5    3.1  303.7
2024  96  1 2598  37   11    36     0  148.3  94 0    4.3    9.6  222.0
2024  96  2 2598  31    7    28     0  153.4  85 0    7.5    6.2  328.2
2024  96  3 2598  21    3    22     0  152.0  90 0    2.5    1.5  390.6
2024  96  4 2598  37   11   -25   213  153.4  94 0    3.6    1.7  359.8
2024  96  5 2598  27    5   -34     0  156.0  90 0    3.8    3.0  432.0
2024  96  6 2598  40   13     1     0  149.2  86 0    2.7   10.9  304.8
2024  96  7 2598  24    4   -10    16  156.4  84 0    5.3    3.2  474.8
2024  96  8 2598  27    5    18     0  156.0  96 0    3.9   10.5  402.3
2024  96  9 2598  27    5    -7    15  154.0  87 0    6.0   10.7  465.8
2024  96 10 2598  33    8    28    93  149.7  90 0    4.3    3.4  366.3
2024  96 11 2598  31    7    -5   100  154.0  91 0    4.5    5.7  415.0
2024  96 12 2598  36   10     3     0  155.3  85 0    4.6    6.1  309.8
2024  96 13 2598  17    2     4     0  152.8  85 0    2.4    2.5  486.2
2024  96 14 2598  27    5   -18     0  157.5  90 0    4.5    4.6  200.0
2024  96 15 2598  27    5    21    93  149.2  88 0    4.8    4.2  329.5
2024  96 16 2598  24    4     2     0  153.2  89 0    4.2    6.9  388.0
2024  96 17 2598  29    6    -9   170  151.5  83 0    4.7    5.2  503.4
2024  96 18 2598  21    3    11     0  153.8  84 0    4.7    6.1  303.5
2024  96 19 2598  24    4     8   216  159.1  91 0    6.0    6.2  479.2
2024  96 20 2598  31    7   -25   135  157.2  83 0    5.2    1.9  381.9
2024  96 21 2598  33    8   -43     0  154.6  93 0    6.5   10.7  301.5
2024  96 22 2598  43   16   -21     0  155.3  83 0    5.1    1.7  468.2
2024  96 23 2598  40   13     2    23  158.2  90 0    4.9   11.6  574.9
2024  97  0 2598  17    2    11     0  159.1  98 0    8.3    4.6  379.6
2024  97  1 2598  21    3   -16     0  150.0  90 0    6.9    2.7  521.6
2024  97  2 2598  24    4   -30   122  153.8  87 0    4.1    5.1  379.1
2024  97  3 2598  24    4    -6   227  157.9  84 0    3.9    3.4  288.5
2024  97  4 2598  21    3    -7   158  155.5  93 0  999.9  999.9 9999.9
2024  97  5 2598  27    5    44   111  155.5  83 0    3.8    9.6  458.0
2024  97  6 2598  27    5    -4     0  158.0  90 0    3.3    3.8  463.3
2024  97  7 2598  33    8   -24     0  156.1  89 0    5.2    3.6  357.7
2024  97  8 2598  31    7    -6   507  155.3  87 0    4.2    3.2  472.1
2024  97  9 2598  29    6     4    75  158.3  86 1    3.9    4.5  200.0
2024  97 10 2598  24    4     4     0  150.7  87 0    4.5    8.2  257.6
2024  97 11 2598  24    4    21   495  159.3  88 0    2.8    5.2  300.5
2024  97 12 2598  27    5     7    95  156.8  87 0    3.9    2.5  270.0
2024  97 13 2598  27    5   -13    61  151.7  92 0    4.3    6.3  502.8
2024  97 14 2598  31    7   -48     0  156.6  91 0    3.1    5.7  300.6
2024  97 15 2598  33    8    -6   365  152.9  89 0    5.9    6.5  200.0
2024  97 16 2598  31    7   -18     0  151.1  91 0    4.8    3.3  206.2
2024  97 17 2598  35    9    35   268  154.1  86 0    4.8    2.1  431.3
2024  97 18 2598  29    6     0    20  153.9  81 0    5.0    6.4  319.9
2024  97 19 2598  21    3    12    84  157.5  89 0    5.9    6.5  281.8
2024  97 20 2598  36   10    -1     0  152.7  87 0    5.1    4.9  209.1
2024  97 21 2598  21    3   -29     0  156.1  78 0    3.9    5.0  382.7
2024  97 22 2598  31    7    -1   276  153.1  88 0    4.7    3.7  332.2
2024  97 23 2598  39   12    43     0  157.7  79 0    4.6    8.8  292.5
2024  98  0 2598  24    4    26   185  156.1  91 0    3.5    3.9  407.4
2024  98  1 2598  31    7    29   130  158.3  87 0    5.5    3.5  328.4
2024  98  2 2598  24    4     9     0  154.0  82 0    7.1    4.4  328.7
2024  98  3 2598  17    2    -5     0  156.2  91 0    4.5    7.6  333.4
2024  98  4 2598  33    8     9     0  150.7  84 0    1.6    8.1  200.0
2024  98  5 2598  35    9    11     0  153.0  84 0    5.8    3.0  431.5
2024  98  6 2598  29    6    38   116  154.8 101 0    5.9    4.7  426.9
2024  98  7 2598  24    4    -4   317  154.7  94 0    2.8    2.6  276.6
2024  98  8 2598  27    5    -5     0  150.0 101 0    5.1    3.5  421.4
2024  98  9 2598  27    5   -23   314  155.7  96 0    3.9    4.2  405.6
2024  98 10 2598  24    4   -21    20  155.7  94 0    5.7    4.3  529.4
2024  98 11 2598  21    3    11   241  157.4  94 0    2.5    6.9  374.1
2024  98 12 2598  29    6   -20     0  153.1  83 0    3.3    5.4  441.4
2024  98 13 2598  24    4    15     0  157.0  93 0    2.6    4.2  452.3
2024  98 14 2598  35    9    -4     0  157.5  88 0    7.0    1.9  293.3
2024  98 15 2598  29    6     2     0  152.9  89 0    2.8    2.2  297.5
2024  98 16 2598  21    3   -13   239  152.1  89 0    5.7    7.0  356.3
2024  98 17 2598  31    7    29   426  160.5  88 0    4.6    4.4  302.1
2024  98 18 2598  31    7   -25   378  154.1  82 0    4.0    2.7  327.3
2024  98 19 2598  24    4    20     0  160.9  98 0    6.3    5.9  308.2
2024  98 20 2598  36   10   -10     0  156.1  94 0    4.6    3.6  375.4
2024  98 21 2598  31    7   -31   149  152.3  99 0    3.5    2.5  321.4
2024  98 22 2598  46   20   -26     0  156.0  82 0    2.9    3.8  325.5
2024  98 23 2598  29    6    -3     0  151.4  90 0    2.2    1.6  373.4
2024  99  0 2598  31    7    11   130  151.8  95 0    3.5    5.8  222.8
2024  99  1 2598  42   15   -29     0  150.2  96 0    4.4    4.3  342.4
2024  99  2 2598  35    9   -34   263  157.7  94 0    8.5    5.6  399.0
2024  99  3 2598  49   25   -12     0  157.1  91 0    3.9   10.3  381.0
2024  99  4 2598  40   13   -25     0  152.3  86 0    4.5    7.7  397.9
2024  99  5 2598  31    7    36   190  151.8  87 0    5.0    5.6  369.8
2024  99  6 2598  46   21   -40   153  154.3  93 0    6.3    1.0  326.9
2024  99  7 2598  43   16   -17     0  161.2  89 0    7.7    7.9  295.5
2024  99  8 2598  44   18     6   369  154.7  95 0    6.3    3.5  210.2
2024  99  9 2598  50   26     9     0  159.0  87 0    5.8    2.8  313.8
2024  99 10 2598  44   18    -1     0  155.4  94 0    3.3    3.3  498.7
2024  99 11 2598  54   35    -5   311  149.5  87 0    4.9    3.9  200.0
2024  99 12 2598  49   25   -15     0  154.6  88 1    5.4    7.3  275.0
2024  99 13 2598  53   32   -30     0  154.2  90 0    6.8    4.5  317.5
2024  99 14 2598  54   35    -3   105  158.1  91 0    3.1    5.0  460.7
2024  99 15 2598  57   44   -27     0  154.3  86 0    4.2    3.0  347.4
2024  99 16 2598  58   48   -23   266  155.0  90 0    4.7    3.3  340.8
2024  99 17 2598  61   58    -5   450  156.8  87 0    2.9    4.6  348.9
2024  99 18 2598  64   68   -21   202  152.1  82 0    6.6    7.9  316.7
2024  99 19 2598  65   75   -27   269  150.7  86 0    3.0    5.4  269.9
2024  99 20 2598  66   82   -53   297  152.6 101 0    4.9    9.2  371.6
2024  99 21 2598  69   98   -55     6  153.8  93 0    4.6   10.5  283.3
2024  99 22 2598  70  105   -48     0  159.5  90 0    4.3    1.9  397.6
2024  99 23 2598  72  119   -47   197  155.2  95 0    3.6    3.9  302.0
2024 100  0 2598  73  126   -62   532  153.3  92 0    5.1    3.7  234.7
2024 100  1 2598  73  132   -68   319  154.8  97 0    3.1    3.5  200.0
2024 100  2 2598  76  152   -92   406  159.1  82 0    4.1    2.5  252.0
2024 100  3 2598  75  148     0   166  160.0  86 0    4.9    5.8  291.4
2024 100  4 2598  76  156   -76   307  155.9  90 0    2.9    4.3  399.6
2024 100  5 2598  76  158   -66     0  155.8  85 0    5.1    3.2  407.1
2024 100  6 2598  76  161   -50   217  153.1  84 0    6.0    5.0  275.3
2024 100  7 2598  78  174   -86   477  153.1  92 0    4.5    5.8  200.0
2024 100  8 2598  77  169   -61   284  154.3  84 0    4.1    3.3  299.1
2024 100  9 2598  77  169   -90   196  153.7  90 0    5.3    7.6  555.6
2024 100 10 2598  77  164   -79   450  159.9  94 0    4.4    3.9  383.1
2024 100 11 2598  76  160  -107   346  153.4  81 0    3.4    3.4  538.1
2024 100 12 2598  75  151   -58   243  155.8  85 0    6.2    3.7  403.6
2024 100 13 2598  75  145   -35   741  148.9  89 0    4.1    1.6  302.7
2024 100 14 2598  74  138   -64   359  154.5  89 0    3.5    6.8  200.0
2024 100 15 2598  73  132   -19   358  156.2  91 0    5.0    2.2  259.2
2024 100 16 2598  72  122    -5     0  154.5  87 0    3.5   12.6  453.4
2024 100 17 2598  71  113   -22   445  155.4  85 0    3.9    7.8  422.4
2024 100 18 2598  70  106   -18   412  149.2  88 0    6.5    4.7  307.7
2024 100 19 2598  69   96   -27   569  152.0  92 0    2.6    1.6  284.5
2024 100 20 2598  66   82   -40     0  146.2  90 0    4.3    4.7  226.2
2024 100 21 2598  65   73   -52     0  153.5  84 0    3.8    3.8  255.0
2024 100 22 2598  64   68   -22   306  150.6  91 0    2.6    6.6  324.2
2024 100 23 2598  60   54   -12   106  156.8  93 0    4.8    4.4  471.2
2024 101  0 2598  60   55    23   353  152.5  89 0    4.2    1.6  480.3
2024 101  1 2598  56   42    -2     0  149.4  88 1    3.0    2.9  626.9
2024 101  2 2598  55   38    27   117  153.5  87 0   10.5    4.5  311.5
2024 101  3 2598  51   28   -28   467  154.3  92 0    3.8    4.4  336.5
2024 101  4 2598 999 9999 99999 99999  149.2  88 9    2.3    9.5  351.5
2024 101  5 2598  50   27    15   130  153.6  89 1    4.4    8.9  200.0
2024 101  6 2598  45   19   -28     0  153.1  91 0    3.5    4.2  435.9
2024 101  7 2598  42   15    -2   171  157.3  86 0    4.3    2.2  282.6
2024 101  8 2598  42   15   -28    18  151.0  92 0    5.3    7.4  515.5
2024 101  9 2598  37   11   -29   245  155.7  92 0    4.1    5.6  474.7
2024 101 10 2598  36   10    -5     0  152.6  77 0    6.6    3.7  359.5
2024 101 11 2598  36   10   -10   127  152.5  89 0    2.9    5.3  242.1
2024 101 12 2598  36   10   -52   476  152.5  78 0    2.1    4.8  406.4
2024 101 13 2598  29    6   -28   175  146.2  97 0    6.0    3.0  261.2
2024 101 14 2598  27    5   -21     0  151.9  83 0    3.7    6.8  461.2
2024 101 15 2598  35    9   -26     0  150.5  90 0    7.3    6.3  462.0
2024 101 16 2598  27    5    31     0  151.4  96 0    5.8    7.9  287.5
2024 101 17 2598  46   20    -3    58  149.7  86 0    3.7    4.4  377.5
2024 101 18 2598  29    6     4   340  149.2  89 0    4.5    4.4  309.6
2024 101 19 2598  27    5    15   172  154.7  86 0    3.6    1.7  417.4
2024 101 20 2598  29    6    -4   168  148.0  94 0    3.4    3.3  353.1
2024 101 21 2598  27    5    -2     0  147.6  92 0    3.5    5.1  637.8
2024 101 22 2598  24    4   -28   122  151.9  75 0    3.9    5.8  340.1
2024 101 23 2598  36   10   -18   118  150.2  90 0    4.8    4.4  296.3
2024 102  0 2598  29    6   -19   298  150.0  87 0    4.0    8.4  314.7
2024 102  1 2598  37   11    30   163  147.5  83 0    3.3    3.9  339.1
2024 102  2 2598  27    5   -23   269  150.5  82 0    3.6    3.6  245.0
2024 102  3 2598  24    4   -12   199  149.1  90 0    3.4    3.8  375.0
2024 102  4 2598  17    2    -4     0  151.1  87 0    5.2    6.0  370.8
2024 102  5 2598  27    5    -3     0  152.8  86 0    6.0    6.2  326.7
2024 102  6 2598  29    6   -15     1  146.9  90 0    4.3    1.2  510.9
2024 102  7 2598  21    3     1    82  151.2  90 0    6.7    5.0  521.4
2024 102  8 2598  24    4   -28    98  150.7  94 0    3.0    3.9  223.2
2024 102  9 2598  31    7   -13   241  150.6  81 0    5.2    5.0  200.0
2024 102 10 2598  29    6    26     0  149.8  92 0    3.1    5.0  349.2
2024 102 11 2598  37   11   -21     0  143.0  92 0    5.8    8.7  392.8
2024 102 12 2598  29    6    -5     0  146.3  92 0    4.8    2.1  398.5
2024 102 13 2598  17    2   -10    80  149.6  85 0    4.0    5.4  273.7
2024 102 14 2598  44   18   -31   151  150.0 106 0    4.0    3.3  374.4
2024 102 15 2598  27    5   -49    21  151.5  87 0    3.0    8.8  463.8
2024 102 16 2598  24    4    -8   235  152.6  93 0    5.1    5.6  366.1
2024 102 17 2598  29    6    -7     0  155.3  86 0    4.0    4.9  304.3
2024 102 18 2598  39   12    11     0  149.7  89 0    4.5    3.5  200.0
2024 102 19 2598  31    7   -27   124  153.5  89 0    4.1    4.3  324.9
2024 102 20 2598  27    5   -14     0  148.2  92 0   13.8    4.4  442.6
2024 102 21 2598  21    3     7   233  153.0  86 0    6.3    4.3  413.2
2024 102 22 2598  31    7   -24   252  152.7  92 0    4.1    6.4  343.8
2024 102 23 2598  27    5   -14    39  149.0  85 0    4.1    4.9  283.5
2024 103  0 2598  27    5     2     0  152.5  91 0    4.0    1.0  200.0
2024 103  1 2598  27    5     1    23  147.8  87 0    5.6    1.4  345.3
2024 103  2 2598  31    7     0   209  146.3  89 0    4.4    2.5  346.1
2024 103  3 2598  17    2   -21     0  145.5  94 0    7.2    3.2  241.5
2024 103  4 2598  29    6     7     0  153.3  84 0    6.9    3.8  314.2
2024 103  5 2598  24    4    -9     0  148.0  79 0    3.4    9.8  295.6
2024 103  6 2598  33    8     1   330  146.7  83 0    3.5    6.1  314.7
2024 103  7 2598  21    3     8    77  144.8  85 0    3.7    4.9  407.1
2024 103  8 2598  27    5    -1     0  149.1  88 0    3.5    3.8  437.0
2024 103  9 2598  24    4    -3    76  145.9  87 0    8.1    7.1  281.8
2024 103 10 2598  41   14     8     0  146.2  85 0    3.8    4.6  573.4
2024 103 11 2598  24    4    20   184  150.0  89 0    4.1    8.0  258.9
2024 103 12 2598  35    9     9   392  144.8  90 0    3.8    2.7  200.0
2024 103 13 2598  39   12     9    75  143.7  86 0    4.1    4.2  271.6
2024 103 14 2598  31    7     6     0  145.1  86 0    5.4    5.0  527.0
2024 103 15 2598  27    5     3    38  143.5  79 0    3.3    2.6  427.8
2024 103 16 2598  36   10   -31   161  137.9  76 0    5.2    3.8  400.2
2024 103 17 2598  36   10    15     0  144.8  95 0    5.9    1.5  340.8
2024 103 18 2598  33    8    19   145  148.0  87 0    5.6   10.5  408.0
2024 103 19 2598  35    9    23    23  145.6  84 0    5.0    1.7  278.0
2024 103 20 2598  42   15   -14    99  143.3  96 0    3.0    1.9  371.8
2024 103 21 2598  27    5    13     0  145.6  86 0    4.8    5.4  442.8
2024 103 22 2598  39   12    23     0  148.0  86 0    3.7   12.3  465.4
2024 103 23 2598  36   10   -30     0  142.3  84 0    4.2    3.8  402.4
2024 104  0 2598  29    6     1   336  149.4  96 0    4.4    7.7  200.0
2024 104  1 2598  35    9     6    35  145.3  85 0    4.8    2.0  271.3
2024 104  2 2598  40   13   -31   247  145.5  95 0    4.0    4.0  358.1
2024 104  3 2598  21    3   -34   154  144.4  91 0    6.3    3.3  272.1
2024 104  4 2598  35    9     6     0  145.5  92 0    5.9    3.2  442.5
2024 104  5 2598  27    5    -6   309  143.8  85 0    4.3    3.4  631.5
2024 104  6 2598  31    7   -11     0  149.4  85 0    4.6    4.9  554.2
2024 104  7 2598  31    7    39     0  142.5  93 0    5.2    4.4  429.2
2024 104  8 2598  21    3     9   244  138.5  83 0    8.4    2.8  387.2
2024 104  9 2598  35    9   -23     0  140.3  84 0    4.2    2.8  416.0
2024 104 10 2598  24    4    13   411  149.6  93 0    8.3   11.0  318.0
2024 104 11 2598  41   14     5    92  145.4  83 0    4.1    4.1  372.9
2024 104 12 2598  29    6    12     0  145.8  83 0    5.1    3.7  352.2
2024 104 13 2598  39   12   -25    16  145.6  78 0    4.9    6.1  319.2
2024 104 14 2598  24    4   -31     0  140.7  80 0    3.2    6.7  231.3
2024 104 15 2598  35    9    16     0  138.8  80 0    5.4    6.8  259.7
2024 104 16 2598  35    9     9     0  146.2  76 0    4.3    3.9  397.8
2024 104 17 2598  40   13     6    32  143.6  87 0    5.6    3.7  377.1
2024 104 18 2598  29    6   -12     0  141.0  85 0    3.9    3.5  378.8
2024 104 19 2598  43   17   -29     0  143.1  81 0    5.0    4.6  421.5
2024 104 20 2598  21    3    -9    22  146.8  76 0    6.6    4.5  446.0
2024 104 21 2598  27    5   -35   162  144.1  80 0    6.2   10.4  250.3
2024 104 22 2598  29    6     4     0  142.1  71 0    4.3    7.7  353.4
2024 104 23 2598  24    4    18     0  143.6  87 0    6.4    5.5  295.8
2024 105  0 2598  33    8     2    88  140.8  87 0    5.7    4.0  425.0
2024 105  1 2598  21    3   -33    60  140.3  78 0    4.9    3.2  314.8
2024 105  2 2598  29    6    -4   141  138.4  83 0    3.5    4.9  200.0
2024 105  3 2598  31    7   -10     0  136.1  78 0    8.6    2.6  275.5
2024 105  4 2598  27    5    21   423  144.2  85 0    3.3    2.4  355.6
2024 105  5 2598  27    5   -31     0  138.1  74 0    2.5    5.5  427.3
2024 105  6 2598  24    4    -9     0  147.4  87 0  999.9  999.9 9999.9
2024 105  7 2598  33    8   -12   272  144.4  78 0    4.7    3.0  298.2
2024 105  8 2598  24    4    -8     0  148.0  94 0    4.5    2.3  251.8
2024 105  9 2598  29    6    -2   218  138.4  82 0    4.7    5.5  515.5
2024 105 10 2598  27    5    -7     0  142.9  78 0    5.3    4.0  387.3
2024 105 11 2598  35    9     4     0  140.8  88 0    2.3    4.0  281.5
2024 105 12 2598  21    3    39     0  144.6  84 0    3.8    6.7  363.0
2024 105 13 2598  31    7   -29     0  142.9  81 0    5.4    6.3  270.1
2024 105 14 2598  21    3    -2     0  137.1  85 0    6.5    3.7  530.0
2024 105 15 2598  31    7    -3    28  139.2  81 0    3.3    3.2  409.4
2024 105 16 2598  44   18    17   165  135.9  80 0    6.0    8.5  305.0
2024 105 17 2598  33    8    26    80  145.8  75 0    9.7    2.0  326.4
2024 105 18 2598  33    8   -26   171  139.7  83 0    3.3    5.4  515.5
2024 105 19 2598  39   12   -20     0  136.4  78 0    3.1   16.3  420.1
2024 105 20 2598  24    4     3    72  138.6  83 0    4.4    3.6  346.0
2024 105 21 2598  29    6    -7    58  139.4  80 0    6.0    5.3  458.5
2024 105 22 2598  17    2     4     0  141.1  82 0    4.9    5.1  423.8
2024 105 23 2598  31    7     0     0  136.3  85 0    4.3    6.2  403.0
2024 106  0 2598  40   13     0    35  138.9  84 0    3.5    4.3  200.0
2024 106  1 2598  33    8   -31     0  141.8  79 0    6.4    5.0  200.0
2024 106  2 2598  35    9    10    17  138.9  78 0    3.2   10.4  417.4
2024 106  3 2598  29    6    -9     0  134.0  85 0    6.5    3.7  408.5
2024 106  4 2598  33    8    50    50  133.3  85 0    4.1    5.9  269.6
2024 106  5 2598  36   10     4     0  139.4  90 0    3.7    4.0  355.6
2024 106  6 2598  27    5     2    44  141.6  73 0    4.8    3.4  420.4
2024 106  7 2598  27    5    16   154  135.4  82 0    3.8    2.5  272.9
2024 106  8 2598  31    7     2     0  140.7  84 0    5.1    2.7  200.0
2024 106  9 2598  31    7    -9   408  140.8  89 0    4.6    4.4  499.0
2024 106 10 2598  29    6    19     0  140.5  89 0    5.0    1.9  379.0
2024 106 11 2598  21    3    37   229  139.0  81 0    3.1    3.4  302.2
2024 106 12 2598  29    6    15    47  138.6  78 0    5.4    9.6  550.9
2024 106 13 2598  27    5    35    33  135.4  79 0    5.6    9.9  593.0
2024 106 14 2598  17    2    17    68  141.7  83 0    4.7    1.4  221.8
2024 106 15 2598  31    7   -14     0  132.9  75 0   11.4    5.7  320.8
2024 106 16 2598  21    3   -21    10  135.7  85 0    5.0    2.7  395.7
2024 106 17 2598  27    5    12     0  137.0  78 0    3.8    3.3  207.2
2024 106 18 2598  35    9    -3   212  135.3  86 0    6.3    8.8  565.6
2024 106 19 2598  21    3    10     6  135.6  78 1    2.8    5.0  366.6
2024 106 20 2598  24    4    13    63  131.7  77 0    5.3    4.4  464.7
2024 106 21 2598  21    3    -8     0  140.2  80 0    2.5    2.5  267.3
2024 106 22 2598 999 9999 99999 99999  130.0  73 9    4.2   13.9  603.1
2024 106 23 2598  24    4    20     0  131.1  93 0    6.0    5.2  299.2
2024 107  0 2598  21    3    -8     0  138.7  74 0    3.5    1.8  417.2
2024 107  1 2598  24    4     9     0  127.7  76 0    3.5    2.0  381.5
2024 107  2 2598  27    5   -12     0  138.2  87 0    6.4    5.5  355.2
2024 107  3 2598  21    3    -4     0  133.1  83 0    4.1    2.6  468.3
2024 107  4 2598  27    5   -18   152  134.5  75 0  999.9  999.9 9999.9
2024 107  5 2598  24    4    23     0  127.9  86 0    2.5    3.5  200.0
2024 107  6 2598  35    9    -2   156  134.4  85 0    5.7    6.9  318.2
2024 107  7 2598  29    6     4     0  129.8  78 0    4.3    4.2  518.1
2024 107  8 2598  39   12     6     0  130.3  64 0    4.5    3.5  297.8
2024 107  9 2598  31    7   -38   266  134.2  95 0    4.1    6.0  387.4
2024 107 10 2598  31    7   -53   309  130.1  85 0    3.0    6.1  321.1
2024 107 11 2598  24    4   -19     0  132.8  73 0    3.3   10.6  290.0
2024 107 12 2598  29    6   -25   276  136.2  77 0    4.2    3.9  403.3
2024 107 13 2598  31    7   -36     0  131.9  83 0    4.1    1.6  480.9
2024 107 14 2598  35    9   -58     0  133.0  73 0    3.9    5.7  481.4
2024 107 15 2598  29    6     8     0  132.3  86 0    3.9    6.0  235.1
2024 107 16 2598  27    5    -4     0  128.6  80 0    4.1    3.9  441.3
2024 107 17 2598  33    8    38   121  137.4  79 0    6.4    2.9  380.7
2024 107 18 2598  27    5    39     0  131.3  80 0    8.3    6.0  200.0
2024 107 19 2598  36   10   -22   373  132.3  78 0   10.9   11.7  264.4
2024 107 20 2598  33    8     0    23  134.6  86 0    4.7    4.7  528.3
2024 107 21 2598  31    7    18   242  128.3  82 0    3.8    2.8  354.2
2024 107 22 2598  31    7    -4     0  128.4  69 0   10.4    5.8  200.0
2024 107 23 2598  21    3   -31   103  129.4  75 0    3.6    7.1  482.5
2024 108  0 2598  24    4    12   327  131.9  87 0    4.5    3.6  495.4
2024 108  1 2598  33    8   -33     0  128.7  85 0    5.6    4.0  234.9
2024 108  2 2598  27    5    26    82  129.8  80 0    5.7    1.2  329.6
2024 108  3 2598  27    5     1     0  131.4  97 1    4.0    3.6  564.8
2024 108  4 2598  36   10    -1    46  133.6  79 0    5.2    6.0  303.0
2024 108  5 2598  29    6    -8    20  138.4  73 0    6.4    3.8  350.1
2024 108  6 2598  24    4   -18     0  126.9  75 0    5.7    6.6  321.5
2024 108  7 2598  31    7   -21    99  127.9  80 0    4.2    2.8  444.4
2024 108  8 2598  24    4    35   151  130.8  76 0    3.6    8.3  534.1
2024 108  9 2598  37   11   -10   381  130.5  75 0    4.1    4.5  373.4
2024 108 10 2598  24    4     8    42  131.1  78 0    4.9    3.3  316.9
2024 108 11 2598  39   12    17    48  127.3  67 0    3.8    2.0  200.0
2024 108 12 2598  21    3   -18   179  135.9  75 0    4.5    3.8  300.9
2024 108 13 2598  24    4    14     0  128.8  75 0    4.4    2.2  321.0
2024 108 14 2598  21    3   -18     0  125.6  84 0    4.2    5.7  531.4
2024 108 15 2598  35    9    25   208  127.8  75 0  999.9  999.9 9999.9
2024 108 16 2598 999 9999 99999 99999  130.2  73 9    4.0    2.0  290.6
2024 108 17 2598  31    7    49   193  124.9  72 0    5.4    8.8  377.4
2024 108 18 2598  46   20   -28     0  128.1  74 0    3.4    3.0  290.2
2024 108 19 2598  44   18   -32   246  125.2  76 0    4.0    7.2  200.0
2024 108 20 2598  36   10     8    31  127.8  80 0    4.4    3.9  249.0
2024 108 21 2598  27    5   -35     0  127.0  76 0    2.8    4.3  443.9
2024 108 22 2598  37   11    15   198  129.5  77 0    2.5    3.3  510.9
2024 108 23 2598  29    6    -7     0  131.3  72 0    4.5    2.6  430.3
2024 109  0 2598  27    5   -35    35  129.4  82 0    4.9    4.4  200.0
2024 109  1 2598  17    2   -11   436  133.6  72 0    4.0    3.6  261.2
2024 109  2 2598  40   13    -8    78  133.2  73 0    6.3    3.0  373.4
2024 109  3 2598  17    2     7   189  128.2  68 0    6.7   11.4  244.5
2024 109  4 2598  35    9    -5     0  127.9  77 0    6.0    4.5  321.3
2024 109  5 2598  21    3   -10     0  127.7  72 0    6.7    6.5  424.9
2024 109  6 2598  36   10    36     0  130.8  72 0    4.1    5.4  328.2
2024 109  7 2598  17    2     0     0  130.9  71 0    5.6    6.3  200.0
2024 109  8 2598  39   12   -10     0  127.9  78 0    3.7    9.1  301.1
2024 109  9 2598  24    4     5   111  127.4  68 0    2.8   10.0  365.3
2024 109 10 2598  21    3    55     7  129.7  75 0    3.9    2.3  342.1
2024 109 11 2598  40   13   -18     0  129.2  78 0    5.5    3.0  324.2
2024 109 12 2598  31    7    15     0  128.9  77 0    2.3    6.6  597.2
2024 109 13 2598  27    5    12   476  126.6  81 0    3.9    7.3  400.4
2024 109 14 2598  35    9   -22     0  128.9  74 0    3.1    5.6  382.3
2024 109 15 2598  24    4    17     0  122.4  80 0    3.5    7.2  496.9
2024 109 16 2598  21    3    48     0  127.0  76 0    3.0   11.2  353.1
2024 109 17 2598  24    4   -10     0  126.8  79 1    8.4    3.5  371.6
2024 109 18 2598  33    8   -14   214  127.2  76 1    3.9    8.0  361.6
2024 109 19 2598  17    2     2     0  126.5  81 0    3.1    4.7  413.6
2024 109 20 2598  37   11    -8   142  126.6  74 0    5.2    3.5  437.0
2024 109 21 2598  24    4    -7   464  123.7  84 0    2.7    2.4  397.1
2024 109 22 2598  29    6     4   281  124.4  77 0    4.3    2.5  226.7
2024 109 23 2598  24    4    29     0  122.7  69 0    4.2    1.6  269.3
2024 110  0 2598  21    3    10    67  120.5  81 0    5.4    6.1  378.6
2024 110  1 2598  21    3    -8     0  128.9  74 0    6.3    5.4  417.5
2024 110  2 2598  43   16   -10     7  126.4  72 0    2.5    5.8  269.0
2024 110  3 2598  31    7   -17   140  130.2  65 0    3.1    5.4  489.5
2024 110  4 2598  39   12   -34     0  125.8  79 0    3.2    6.5  509.9
2024 110  5 2598  24    4   -50     0  131.0  72 0    3.8    5.7  407.2
2024 110  6 2598  33    8   -10    56  125.9  78 0    2.5    1.9  414.4
2024 110  7 2598  27    5    14     0  121.1  75 0    3.0    4.6  375.6
2024 110  8 2598  29    6    -4     0  131.7  76 0    2.6    7.7  389.1
2024 110  9 2598  29    6   -12     0  127.9  84 0    6.6    3.7  372.1
2024 110 10 2598  31    7   -49    57  126.7  72 0    4.5    2.4  332.6
2024 110 11 2598  29    6   -18     2  125.2  64 0    4.2    7.2  266.7
2024 110 12 2598  21    3    -9     0  127.7  79 0    5.0    3.7  329.3
2024 110 13 2598  46   20     8     6  133.5  80 0    9.1    7.0  323.3
2024 110 14 2598  29    6    25    49  116.6  73 0    2.7    3.0  339.2
2024 110 15 2598  37   11   -21    39  128.7  67 0    4.5    5.9  267.5
2024 110 16 2598  29    6    15     0  122.0  78 0    6.0    6.4  469.0
2024 110 17 2598  27    5     6     0  120.0  76 0    4.5    5.2  412.8
2024 110 18 2598  31    7     9   220  120.9  71 0    4.8    3.4  334.9
2024 110 19 2598  27    5    -3     0  125.1  78 0    5.7    3.4  280.6
2024 110 20 2598  40   13    -5     0  129.8  70 0    5.6    6.0  289.6
2024 110 21 2598  24    4     9     0  124.6  76 0    5.2    4.7  346.2
2024 110 22 2598  24    4    -3   296  123.8  74 0    2.3    2.7  356.4
2024 110 23 2598  36   10    -1   288  120.6  71 0    4.0    5.4  261.6
2024 111  0 2598  27    5   -26     0  124.6  75 0    4.3    3.2  405.2
2024 111  1 2598  29    6   -33   128  129.1  80 0  999.9  999.9 9999.9
2024 111  2 2598  29    6    -9     0  127.0  70 0    5.1   11.5  200.0
2024 111  3 2598  31    7    33   134  123.6  71 0    2.5    5.2  272.8
2024 111  4 2598  33    8   -33    80  127.8  72 0    4.6    4.6  267.8
2024 111  5 2598  21    3   -16   109  126.8  69 0    4.3    4.7  286.4
2024 111  6 2598  24    4   -21   183  125.2  65 0    3.7    3.1  325.0
2024 111  7 2598  27    5   -20     0  128.3  67 0    4.3    5.2  200.0
2024 111  8 2598  29    6   -17     0  128.3  56 1    5.0    2.3  353.7
2024 111  9 2598  21    3     9     0  130.6  65 0    9.1    8.9  298.1
2024 111 10 2598  27    5   -31    39  125.8  67 0    4.2    8.6  200.0
2024 111 11 2598  27    5   -27   241  126.3  67 0    4.5    4.9  329.6
2024 111 12 2598  33    8    29   179  125.0  69 0    5.2    2.0  264.0
2024 111 13 2598  27    5   -27   205  128.7  63 0    5.6    6.3  320.8
2024 111 14 2598  44   18   -12   132  132.3  69 0    3.7    9.4  411.0
2024 111 15 2598  29    6   -30     0  118.7  75 0    3.1    3.9  313.9
2024 111 16 2598 999 9999 99999 99999  125.7  67 9    6.3    5.0  392.0
2024 111 17 2598  36   10   -26     0  124.4  68 0    4.2    7.6  289.4
2024 111 18 2598  33    8     7    88  124.5  72 0    4.4    1.5  333.5
2024 111 19 2598  35    9    -7     0  127.9  71 0    5.3    3.3  399.3
2024 111 20 2598  27    5     9     0  127.1  73 0    4.2    5.4  200.0
2024 111 21 2598  27    5   -11   166  128.2  80 0    5.0    6.5  312.1
2024 111 22 2598  39   12     9     0  124.1  66 0    6.1    7.3  315.2
2024 111 23 2598  35    9   -38    14  126.0  66 0    3.2    8.5  272.9
2024 112  0 2598  31    7   -19   179  127.4  62 0    4.5    3.7  210.4
2024 112  1 2598  41   14     8     0  123.3  74 0    3.8    4.2  409.5
2024 112  2 2598  33    8    24   163  124.0  70 0    4.2    9.2  290.2
2024 112  3 2598  27    5    10   269  122.5  68 0    4.0   15.0  560.0
2024 112  4 2598  17    2    11    44  122.5  80 1    3.2    4.0  447.7
2024 112  5 2598  31    7    -5   103  120.8  71 0    6.3    2.8  410.9
2024 112  6 2598  31    7    32    66  127.0  71 0    3.4   10.4  260.9
2024 112  7 2598  36   10   -13     0  126.3  75 0    4.0    5.8  200.0
2024 112  8 2598  21    3    16     0  129.8  70 0    3.4    2.8  222.8
2024 112  9 2598  35    9   -15   302  123.9  76 1    4.3    1.6  465.3
2024 112 10 2598  39   12    14   213  124.9  69 0    2.5    5.0  487.0
2024 112 11 2598  35    9     6     3  125.1  74 0    2.8   10.4  361.1
2024 112 12 2598  31    7    19     0  121.0  78 0    4.0    2.0  256.8
2024 112 13 2598  21    3   -22   306  124.8  84 0    4.9    2.9  453.6
2024 112 14 2598  21    3   -17     0  127.4  63 0   11.3    1.5  502.5
2024 112 15 2598  29    6    27   167  122.4  71 0    5.2    4.7  359.0
2024 112 16 2598  39   12    -9    30  130.6  70 0    3.7    3.8  213.3
2024 112 17 2598  27    5   -20     0  128.4  81 0    5.7    3.8  200.0
2024 112 18 2598  33    8     6    29  131.3  79 0    5.2    1.4  311.6
2024 112 19 2598  31    7     8   120  117.1  69 0    5.6    2.5  330.7
2024 112 20 2598  36   10    -4     9  124.9  63 0    4.5    3.3  200.0
2024 112 21 2598  36   10    -1    38  121.7  69 0    3.2    3.0  513.4
2024 112 22 2598  51   29     5   134  129.2  72 0    4.1    2.7  573.9
2024 112 23 2598  44   18   -55     0  125.4  69 0    3.3    3.0  409.3
2024 113  0 2598  45   19   -12    55  125.4  76 0    2.7    2.7  200.0
2024 113  1 2598  46   21    -8   435  123.6  77 0    3.8    5.9  477.0
2024 113  2 2598  50   26   -33   147  121.7  70 0    4.2    3.9  353.0
2024 113  3 2598  51   29   -19   164  128.2  70 0    4.1    2.7  285.3
2024 113  4 2598  55   37    -6   464  125.5  68 0    4.2    4.2  200.0
2024 113  5 2598  57   43     8   121  127.5  78 0    3.5   11.1  468.4
2024 113  6 2598  59   51    -8    24  120.6  62 0    4.4    7.6  595.0
2024 113  7 2598 999 9999 99999 99999  124.1  82 9    3.2    2.2  200.0
2024 113  8 2598  63   64   -11     0  122.7  69 0    3.0    4.8  451.4
2024 113  9 2598  65   76   -19   213  130.9  83 0    2.6    2.4  332.2
2024 113 10 2598  67   84     0   276  127.3  70 0    6.8    4.5  278.7
2024 113 11 2598  68   90   -22   437  124.3  59 0    4.7    5.0  391.8
2024 113 12 2598  68   94   -59   382  119.9  64 0    3.8    3.7  468.6
2024 113 13 2598  69  101   -39    73  125.8  68 0    2.5    4.5  363.3
2024 113 14 2598  70  107   -80   351  128.9  68 0    2.7    3.3  272.9
2024 113 15 2598  71  109   -44   132  124.4  64 0   10.9    4.4  397.7
2024 113 16 2598  71  110   -10   511  122.8  68 0    3.9    3.1  388.8
2024 113 17 2598  70  107   -43    62  125.9  73 0    4.3    4.7  387.8
2024 113 18 2598  70  102   -22   243  127.1  69 0    4.7    2.8  267.7
2024 113 19 2598  69   99   -33   328  125.9  72 0    5.9    3.0  272.1
2024 113 20 2598  69   97   -15    87  121.1  67 0    3.3    7.1  477.5
2024 113 21 2598  68   92     8   426  132.1  75 0    3.8    2.2  393.5
2024 113 22 2598  66   80   -44   332  124.3  75 0    4.1    3.0  260.4
2024 113 23 2598  65   73    -9   247  130.3  72 1    3.1    7.2  325.1
2024 114  0 2598  63   66    -2   365  127.6  83 0    2.9    7.8  200.0
2024 114  1 2598  61   56   -19    75  130.2  78 0    2.7    5.9  317.6
2024 114  2 2598  59   50    -2     0  126.8  72 0    5.1    5.6  283.8
2024 114  3 2598  58   47   -43    91  130.2  76 0    3.3    7.8  355.5
2024 114  4 2598  56   41    10   125  124.0  69 0    4.9    1.2  637.0
2024 114  5 2598  52   31   -21     0  124.9  67 0    5.2    5.8  245.1
2024 114  6 2598  48   24   -16   166  126.4  66 0    3.8    4.8  456.3
2024 114  7 2598  46   21   -10     0  126.4  63 0  999.9  999.9 9999.9
2024 114  8 2598  43   16   -13     0  128.9  66 0    4.3    4.6  356.0
2024 114  9 2598  43   16    14   153  127.5  66 0    5.8    8.2  278.2
2024 114 10 2598  46   20     1    61  126.4  71 0    3.6    3.7  389.8
2024 114 11 2598  37   11     4     0  130.1  77 0    7.7    5.5  489.1
2024 114 12 2598  41   14    26    21  127.9  61 0    4.0    3.7  200.0
2024 114 13 2598  33    8     7   135  127.4  80 0    3.3    5.5  347.8
2024 114 14 2598  27    5     0     0  121.8  73 0    5.9    4.3  200.0
2024 114 15 2598  31    7   -13    53  127.3  75 0    3.3    3.9  515.1
2024 114 16 2598  29    6   -33     0  131.6  62 0    2.9   10.5  323.6
2024 114 17 2598  35    9   -11   433  130.0  70 0    4.3    8.2  200.0
2024 114 18 2598  40   13    -1    27  121.4  63 0    9.6    6.7  301.1
2024 114 19 2598  29    6   -14   321  130.4  65 0    3.1    5.3  455.5
2024 114 20 2598  35    9   -12    62  127.2  65 0    5.6    3.6  406.5
2024 114 21 2598  27    5    16     0  127.4  71 0    8.5    7.1  334.5
2024 114 22 2598  31    7     6     0  126.3  79 0    3.6   14.1  587.8
2024 114 23 2598  39   12   -46     0  121.9  74 0    4.7    2.2  606.1
2024 115  0 2598  17    2     7     0  125.5  62 0    4.6    1.7  309.9
2024 115  1 2598  21    3   -10     0  125.1  74 0    5.9    2.5  311.8
2024 115  2 2598  41   14     9    27  122.0  79 0    3.8    6.4  312.5
2024 115  3 2598  24    4   -26   301  126.3  67 0    5.8    1.1  394.0
2024 115  4 2598  21    3     2   243  129.7  69 0    7.2    4.0  437.1
2024 115  5 2598  42   15    14   197  124.3  78 0    4.7    9.5  329.1
2024 115  6 2598  37   11   -12   144  127.6  65 0    3.5    3.7  332.5
2024 115  7 2598  35    9    -4    51  125.7  66 0    3.0    6.8  448.1
2024 115  8 2598  33    8   -28    53  123.9  69 0    2.6    6.6  279.4
2024 115  9 2598  24    4   -13     0  131.3  64 0    4.0   10.3  319.4
2024 115 10 2598  39   12   -19    36  125.9  65 0    4.8    4.4  346.8
2024 115 11 2598  29    6     8     0  128.9  76 0    7.6    2.6  417.8
2024 115 12 2598  29    6   -17     0  131.5  70 0    4.6    5.2  461.5
2024 115 13 2598  17    2    -5   201  129.8  72 0    2.6    1.8  350.2
2024 115 14 2598  24    4     5   211  129.8  69 0    3.4    3.1  512.9
2024 115 15 2598  24    4    57   124  132.2  69 0    5.9    3.4  333.7
2024 115 16 2598  27    5     2    61  128.2  77 0   10.1    8.4  301.9
2024 115 17 2598  29    6   -11   248  131.9  70 0    3.2   12.1  415.6
2024 115 18 2598  21    3   -18     0  131.4  69 0    3.8    4.4  280.3
2024 115 19 2598  29    6    10     0  130.8  69 0    3.0   12.9  240.1
2024 115 20 2598  27    5    20     0  128.4  63 0    3.2   10.6  305.9
2024 115 21 2598  37   11    -8   132  126.1  69 0    4.0    2.1  219.3
2024 115 22 2598  27    5   -67   155  128.1  71 0    7.8    4.1  381.0
2024 115 23 2598  31    7    17   129  129.7  71 0    2.3    5.6  412.7
2024 116  0 2598  33    8     8     0  126.1  75 0    4.3    5.6  630.8
2024 116  1 2598  37   11    28     0  130.4  69 0    4.5    2.6  354.9
2024 116  2 2598  29    6    21   129  130.9  62 0    3.7    7.3  422.6
2024 116  3 2598  29    6    12     0  135.8  63 0    2.6    3.6  462.2
2024 116  4 2598  24    4    18   106  127.0  72 0    4.1    4.0  255.3
2024 116  5 2598  21    3   -20     0  129.4  64 0    3.5    5.4  269.0
2024 116  6 2598  35    9   -17    98  128.8  78 0    4.7    5.0  296.2
2024 116  7 2598  21    3    -1   181  128.3  77 0    3.3    4.6  321.2
2024 116  8 2598  31    7   -15    68  132.6  65 0    5.4    5.8  200.0
2024 116  9 2598  31    7    33     0  129.5  61 0    5.7    4.4  457.3
2024 116 10 2598  21    3    -7   185  131.5  76 0    2.9    7.3  300.0
2024 116 11 2598  39   12    18    69  129.2  76 0    7.5    3.2  221.9
2024 116 12 2598  29    6     8   147  130.7  68 0    4.3    6.2  242.7
2024 116 13 2598  24    4    24     0  134.8  70 0    4.9    5.0  200.0
2024 116 14 2598  31    7    20     0  131.0  61 0    3.9    8.6  262.3
2024 116 15 2598  21    3    19     0  131.8  65 0    3.2   10.5  342.9
2024 116 16 2598  27    5   -28    74  131.6  70 0    4.5    2.5  261.8
2024 116 17 2598  24    4     0    10  132.2  76 0    8.2    2.1  491.5
2024 116 18 2598  36   10    28     0  129.5  74 0    3.2    4.0  442.2
2024 116 19 2598  27    5    -9   308  131.3  71 0    4.6    6.8  372.7
2024 116 20 2598  29    6   -19    91  136.3  76 0    3.7    6.0  255.9
2024 116 21 2598  24    4    18     0  131.0  72 0    4.6    3.5  450.9
2024 116 22 2598  21    3   -44   203  131.8  67 0    5.3    3.7  312.6
2024 116 23 2598  29    6   -29     0  133.5  66 0    3.8    5.1  273.0
2024 117  0 2598  35    9    24   221  133.0  73 0    2.7    3.9  350.0
2024 117  1 2598  31    7     3   512  128.2  70 0    5.0    4.0  255.7
2024 117  2 2598  24    4    -1     0  133.6  67 0    3.4    3.7  366.6
2024 117  3 2598  17    2    11    19  132.2  72 0    4.2    3.9  326.1
2024 117  4 2598  31    7    -4     0  132.0  73 0    4.4    6.2  361.8
2024 117  5 2598  27    5    68     0  132.6  69 1    7.2    8.7  204.5
2024 117  6 2598  33    8     2   252  135.0  74 0    3.8    6.3  378.6
2024 117  7 2598  33    8   -37   331  130.6  70 0    5.3    2.8  257.0
2024 117  8 2598  40   13    11     1  134.2  71 0    5.5    2.7  200.0
2024 117  9 2598  35    9    23   332  129.2  78 0    8.3    5.0  411.8
2024 117 10 2598  31    7   -37     0  135.2  69 1    4.8    2.6  248.8
2024 117 11 2598  27    5    19     0  137.8  71 0    4.0    6.5  345.6
2024 117 12 2598  33    8     4   281  136.0  80 0    4.5    2.7  426.6
2024 117 13 2598  29    6   -10     0  133.5  63 0    3.6    3.6  205.6
2024 117 14 2598  35    9    -9     0  136.3  79 0    6.6    3.5  384.7
2024 117 15 2598  29    6    24     0  132.6  61 0    3.2    3.8  363.9
2024 117 16 2598  33    8    42    94  131.8  66 0    4.2    4.0  313.1
2024 117 17 2598  21    3     4    39  140.4  80 0    4.8    5.1  501.9
2024 117 18 2598  24    4    11     0  138.3  68 0    4.0    8.5  213.4
2024 117 19 2598  29    6    40     0  133.0  73 0    3.9    3.9  357.2
2024 117 20 2598  31    7   -19     0  141.7  75 0    4.0    3.4  200.0
2024 117 21 2598  35    9   -38   452  144.6  72 0    4.3   10.9  304.3
2024 117 22 2598  35    9     3     0  130.2  78 0    7.2    3.4  264.7
2024 117 23 2598  24    4    -7     0  135.2  82 0    2.9    5.2  376.2
2024 118  0 2598  29    6   -11     0  136.5  75 0    4.8    5.7  323.9
2024 118  1 2598  24    4   -18    22  139.8  75 0    2.7    6.4  341.9
2024 118  2 2598  40   13   -45     0  135.1  74 0    5.3    4.4  350.7
2024 118  3 2598  35    9   -42     8  135.1  69 0    3.7    9.8  313.1
2024 118  4 2598  21    3   -12    68  134.5  73 0    3.0    4.0  512.9
2024 118  5 2598  29    6     5     0  138.9  68 0    5.4    4.3  230.2
2024 118  6 2598  24    4     8   199  134.5  73 0    3.0    4.0  200.0
2024 118  7 2598  31    7   -16     0  136.4  73 0    4.0    4.4  416.3
2024 118  8 2598  33    8    19    52  141.5  70 0    2.7    7.3  200.0
2024 118  9 2598  29    6    -8    48  136.6  67 0    3.4    6.8  463.1
2024 118 10 2598  27    5   -24   121  140.4  76 0    5.0    3.9  411.1
2024 118 11 2598  29    6   -31     1  140.8  73 0    2.8    1.6  456.7
2024 118 12 2598  29    6   -27   106  142.3  77 0    4.0    4.7  415.5
2024 118 13 2598  21    3   -59     0  143.3  71 0    4.9   14.1  353.1
2024 118 14 2598  36   10   -48   282  137.3  80 0    3.6    3.8  200.0
2024 118 15 2598  21    3   -15     0  134.4  78 0    4.4    5.7  475.8
2024 118 16 2598  33    8    16     0  137.9  65 0    3.5    4.9  455.9
2024 118 17 2598  21    3   -24   290  141.4  75 0    3.5    2.4  291.4
2024 118 18 2598  37   11    -8     0  132.2  70 0    6.1    5.7  291.0
2024 118 19 2598  27    5   -25     0  142.5  77 0    5.4    7.0  341.6
2024 118 20 2598  29    6   -10     0  143.5  84 0    3.2    7.7  373.9
2024 118 21 2598  33    8    -5   515  138.0  70 0    5.2    5.9  247.5
2024 118 22 2598  27    5    30    71  138.5  73 0    3.4    3.1  258.5
2024 118 23 2598  33    8    11     0  145.3  69 0    5.7    9.1  429.5
2024 119  0 2599  21    3     3     0  142.1  76 0    4.5    3.0  308.3
2024 119  1 2599  36   10     8    86  140.9  73 0    8.2    1.7  452.4
2024 119  2 2599  35    9     6   182  135.0  72 0    4.0    6.2  404.6
2024 119  3 2599  42   15    21   327  138.8  72 0    3.1    2.2  289.9
2024 119  4 2599  48   24   -10     0  134.8  74 0    5.1    9.2  250.9
2024 119  5 2599  33    8   -17   146  147.2  73 0    4.5    6.3  475.0
2024 119  6 2599  27    5    19    43  143.7  78 0    4.9    3.0  299.6
2024 119  7 2599  21    3     4     0  139.7  70 0    4.6    5.3  200.0
2024 119  8 2599  29    6    -5     3  140.1  84 0    4.7    3.0  473.4
2024 119  9 2599  36   10    -7     0  140.1  71 0    7.9    4.5  390.0
2024 119 10 2599  24    4     0     0  142.4  64 0    3.5    2.4  273.4
2024 119 11 2599  17    2     9   470  140.9  75 0    7.7    8.7  461.6
2024 119 12 2599  39   12   -32    84  140.9  70 0    4.4    3.9  319.4
2024 119 13 2599  33    8    14   179  141.0  73 0    3.1   11.2  415.3
2024 119 14 2599  27    5   -38     0  145.7  76 0    8.2    4.0  281.4
2024 119 15 2599  41   14    -3     0  140.9  77 0    6.0    5.5  451.4
2024 119 16 2599  21    3    25     0  138.7  74 0    8.6    3.6  426.3
2024 119 17 2599  33    8   -23     0  142.0  72 0    4.6    7.1  403.1
2024 119 18 2599  31    7   -26   313  141.1  72 0    7.1    6.7  383.7
2024 119 19 2599  42   15    53   208  148.4  85 0    4.1    4.3  340.5
2024 119 20 2599  27    5     8     4  147.0  67 0    3.1    5.2  434.6
2024 119 21 2599 999 9999 99999 99999  141.8  70 9    2.8    2.5  487.0
2024 119 22 2599  29    6     0    37  142.6  72 0    3.9    2.4  354.6
2024 119 23 2599  35    9     6     0  144.3  72 0    4.0   11.6  387.8
2024 120  0 2599  17    2   -11     0  142.7  68 0    4.2    4.9  361.2
2024 120  1 2599  31    7     9    36  145.4  78 0    5.0    2.2  447.6
2024 120  2 2599  33    8   -11   291  140.5  83 0    3.9    2.4  200.0
2024 120  3 2599  36   10   -28   318  150.7  85 0    4.7    6.2  510.6
2024 120  4 2599  41   14     4   110  145.0  76 0    4.9    4.1  316.4
2024 120  5 2599  33    8    -1     0  145.9  70 0    4.0    2.4  305.0
2024 120  6 2599  24    4    16   245  148.7  79 0    3.8    6.5  366.9
2024 120  7 2599  31    7   -33     0  143.9  85 0    3.1   22.1  384.2
2024 120  8 2599  27    5    13     0  147.5  81 0    8.5    4.6  258.4
2024 120  9 2599  29    6   -26     0  143.2  88 0    4.2    7.8  379.9
2024 120 10 2599  35    9   -12   235  138.3  82 0    3.6    3.8  316.5
2024 120 11 2599  40   13    -4   112  145.6  79 0    3.4    6.5  495.8
2024 120 12 2599  24    4   -31     0  143.6  81 0    3.9    4.6  208.5
2024 120 13 2599  21    3    -7     0  147.4  80 0    3.1    3.1  407.3
2024 120 14 2599  31    7   -15   159  146.6  80 0    4.2    8.4  335.5
2024 120 15 2599 999 9999 99999 99999  144.2  82 9    3.9    2.8  513.1
2024 120 16 2599  35    9   -23    54  143.2  74 0    4.7    5.4  453.6
2024 120 17 2599  21    3    -7    47  144.1  83 0    4.3    2.3  248.7
2024 120 18 2599  27    5    21     0  144.6  83 0    2.4    5.3  287.4
2024 120 19 2599  21    3    55   521  149.7  79 0    3.2    6.7  486.4
2024 120 20 2599  42   15     9     0  148.1  71 0    5.1    3.9  352.6
2024 120 21 2599  21    3   -19   193  144.0  78 0    6.8    6.1  394.6
2024 120 22 2599  24    4    -7   158  149.3  77 0    3.0    4.7  200.0
2024 120 23 2599  29    6     8   175  147.1  77 0    4.1    3.5  254.3
2024 121  0 2599  27    5   -16   142  143.4  75 0    6.0    9.6  419.7
2024 121  1 2599  33    8    10     0  145.5  82 0    6.1    3.8  414.4
2024 121  2 2599  27    5    -9     0  146.6  80 0    4.5    4.7  335.3
2024 121  3 2599  31    7   -19   172  150.4  85 0    4.2    5.6  369.5
2024 121  4 2599  27    5    16   121  147.1  82 0    7.0    7.8  379.4
2024 121  5 2599  31    7   -19   277  144.5  82 0    4.1    5.5  504.7
2024 121  6 2599  36   10   -14     0  143.9  78 0    3.1   11.7  480.0
2024 121  7 2599  21    3    -1   262  145.0  77 0    4.0    3.8  263.7
2024 121  8 2599  21    3    -3   280  147.4  85 0    4.0    3.5  333.7
2024 121  9 2599  42   15   -30   274  148.1  78 0    8.8    7.4  439.0
2024 121 10 2599  31    7   -19     0  149.4  82 0    5.3    3.8  456.8
2024 121 11 2599  29    6    11     8  145.6  79 0    5.0    6.1  412.6
2024 121 12 2599  31    7     0   101  141.5  78 0    5.9   15.7  464.2
2024 121 13 2599  46   20   -24   287  150.4  82 0    4.4    3.6  335.4
2024 121 14 2599  29    6    -8   179  146.5  77 0    4.6    3.2  455.4
2024 121 15 2599  27    5    -6   477  145.9  77 0    7.1    3.8  259.3
2024 121 16 2599  27    5     7     0  146.5  64 0    5.8    6.8  223.1
2024 121 17 2599  21    3   -25     0  148.7  77 0    5.5    1.9  339.8
2024 121 18 2599  24    4     0   136  151.6  76 0    3.7    4.4  347.0
2024 121 19 2599  31    7    18     0  150.3  76 0    2.9    6.6  288.1
2024 121 20 2599  35    9   -42     0  147.9  82 0    4.4    4.8  292.6
2024 121 21 2599  31    7     8    92  146.2  81 0    4.6    4.1  454.3
2024 121 22 2599  17    2    22     0  152.5  81 0    2.8    7.2  453.7
2024 121 23 2599  31    7     5     0  150.1  74 0    4.3    8.6  584.6
2024 122  0 2599  43   16    46     0  145.4  70 0    4.8    1.4  523.6
2024 122  1 2599  27    5   -16   125  147.9  85 0    3.9    2.4  340.0
2024 122  2 2599  21    3   -13     0  149.6  78 0    5.5   10.6  233.5
2024 122  3 2599  29    6    -3     0  156.1  89 0    9.0    7.7  200.0
2024 122  4 2599  24    4     2   111  148.6  80 0    7.1    4.4  333.0
2024 122  5 2599  29    6   -11     0  149.3  76 0    3.5    7.3  413.5
2024 122  6 2599  39   12   -33     0  149.3  81 0    5.4    3.7  235.5
2024 122  7 2599  21    3   -14     0  147.9  72 0    3.8    7.3  353.1
2024 122  8 2599  29    6     0     0  150.6  89 0    5.2    6.0  293.5
2024 122  9 2599  27    5    29     0  147.4  77 0    7.0    4.8  455.1
2024 122 10 2599  37   11    27     0  152.5  77 0    3.5    4.8  571.0
2024 122 11 2599  31    7   -12     5  147.1  79 0    4.0    4.2  200.0
2024 122 12 2599  37   11    -1   209  154.0  85 0    6.8    4.4  396.5
2024 122 13 2599  31    7    36     0  151.2  80 0    4.3    9.3  209.3
2024 122 14 2599  27    5   -42     7  145.9  79 0    2.6    5.0  274.8
2024 122 15 2599  35    9    -2   125  149.5  77 0    3.3    2.7  413.2
2024 122 16 2599  24    4   -29     0  152.4  77 0    6.2   12.0  381.3
2024 122 17 2599  36   10    -3     0  152.8  75 0    3.8    3.1  391.8
2024 122 18 2599  43   17     1    72  154.0  85 0    4.0    4.6  545.5
2024 122 19 2599  35    9   -21     0  151.2  85 0    3.9    6.7  421.0
2024 122 20 2599  37   11     2   153  156.5  83 0    5.8    2.9  249.2
2024 122 21 2599  29    6    14     0  149.9  88 0    4.0    2.9  539.8
2024 122 22 2599  29    6    -5     0  148.8  80 0    3.8    5.6  200.0
2024 122 23 2599  41   14   -10     0  152.0  77 0    3.7    3.8  432.6
2024 123  0 2599  27    5    25     0  146.9  88 0    3.4   11.2  239.2
2024 123  1 2599  31    7    -5   118  155.8  88 0    3.4    5.1  498.2
2024 123  2 2599  27    5     2     0  151.9  85 0    2.8    3.4  255.5
2024 123  3 2599  31    7     7   190  151.7  80 0    2.9    3.3  526.6
2024 123  4 2599  35    9   -13   114  148.6  80 0    3.6    4.4  206.6
2024 123  5 2599  31    7   -20    19  154.2  87 0    7.6    3.6  290.5
2024 123  6 2599  24    4    -1   300  149.4  85 0    6.4    4.5  287.2
2024 123  7 2599  24    4   -17     0  154.3  79 0    3.9    2.9  480.5
2024 123  8 2599  31    7    28     0  155.5  80 0    2.6    9.2  228.7
2024 123  9 2599  21    3    -6    13  153.4  76 0    3.4    6.4  326.9
2024 123 10 2599  24    4   -22   148  155.3  89 0    4.7    2.5  220.6
2024 123 11 2599  24    4    14   157  152.4  88 0    4.2    5.0  451.3
2024 123 12 2599  41   14   -29    27  153.2  78 0    6.4    5.2  491.4
2024 123 13 2599  21    3    -9     0  154.7  79 1    3.8    3.6  200.0
2024 123 14 2599  21    3   -21   523  154.6  77 0    5.9    2.5  359.6
2024 123 15 2599  21    3   -27    57  152.0  92 0    5.3    4.2  450.5
2024 123 16 2599  35    9   -11     0  154.9  89 0    3.9    4.7  340.5
2024 123 17 2599  24    4   -15     0  154.3  90 0    5.8    2.6  320.0
2024 123 18 2599  24    4    -4     0  151.3  95 0    5.7    4.2  501.2
2024 123 19 2599  31    7    -3    68  155.0  81 0    4.7    3.5  435.4
2024 123 20 2599  24    4     6     0  157.5  87 0    3.2    1.8  406.7
2024 123 21 2599  29    6    12   219  150.3  78 0    4.6    3.0  441.8
2024 123 22 2599  24    4   -31     0  155.9  82 0    3.3    8.6  359.6
2024 123 23 2599  35    9    17   453  150.7  84 0    3.4    6.6  457.8
2024 124  0 2599  39   12   -18     0  157.6  85 0    3.9    2.7  327.5
2024 124  1 2599  29    6    39    86  147.6  89 0    4.7    8.8  325.4
2024 124  2 2599  31    7   -52     0  156.1  83 0    3.8    6.7  304.8
2024 124  3 2599  33    8   -25     0  147.3  82 0    7.3    4.2  393.7
2024 124  4 2599  24    4    31    27  153.4  86 0    4.7    5.8  422.5
2024 124  5 2599  44   18     6   226  149.6  74 0    4.5    3.9  347.3
2024 124  6 2599  29    6    17   187  153.3  89 0    3.6    3.3  344.1
2024 124  7 2599  29    6    10   280  153.2  79 0    8.8    3.5  507.1
2024 124  8 2599  21    3    -5   345  155.9  88 0    9.0    5.6  319.4
2024 124  9 2599  33    8   -27   412  148.1  90 0    5.8    8.1  345.4
2024 124 10 2599  36   10   -28   410  158.4  86 0    6.6    4.0  252.2
2024 124 11 2599  24    4    -4     0  150.3  93 0    9.0    3.3  525.6
2024 124 12 2599  31    7    16    57  152.1  83 0    3.1    4.7  206.4
2024 124 13 2599  27    5    36   243  158.0  81 0    5.8    4.4  345.5
2024 124 14 2599  46   20   -33    35  154.8  85 0    2.8    3.6  337.1
2024 124 15 2599  29    6    -7   251  155.9  88 0    2.5    4.5  261.6
2024 124 16 2599  33    8     7     0  154.0  77 0    2.8    6.0  383.2
2024 124 17 2599  27    5   -30    48  152.2  83 0    4.4    3.1  265.8
2024 124 18 2599  33    8    -1    66  150.5  82 0    2.5    5.5  538.5
2024 124 19 2599  33    8   -26    35  151.9  85 0    3.9    2.9  363.1
2024 124 20 2599  35    9    33   305  157.1  88 0    3.3    5.2  243.5
2024 124 21 2599  31    7   -20     0  156.8  88 0    5.2    5.0  282.7
2024 124 22 2599  46   21   -28   105  151.9  89 0    6.3    1.6  378.8
2024 124 23 2599  27    5    -9    37  151.4  87 0    5.6    6.0  274.5
2024 125  0 2599  24    4   -13    33  154.9  85 0    4.4    4.6  339.1
2024 125  1 2599  27    5    19   258  153.1  88 0    4.0   13.2  303.7
2024 125  2 2599  36   10     1   135  159.3  85 0    2.8   13.2  286.2
2024 125  3 2599  27    5    -5   275  154.1  82 0    3.7    0.9  480.6
2024 125  4 2599  33    8   -37    61  160.5  94 0    3.1    1.6  408.1
2024 125  5 2599  27    5    -7   314  154.0  91 0    3.5    3.7  542.2
2024 125  6 2599  29    6     3   400  160.3  82 0    5.3    1.5  414.9
2024 125  7 2599  27    5   -19    19  157.1  86 0    4.2    6.6  463.0
2024 125  8 2599  31    7     3   120  156.8  88 0    4.9    7.2  467.8
2024 125  9 2599  27    5     5   472  156.4  81 0    6.1    2.5  200.0
2024 125 10 2599  27    5   -38   249  154.9  87 0    4.8    5.2  442.3
2024 125 11 2599  29    6    18   183  159.2  88 0    3.5    2.5  310.5
2024 125 12 2599  52   30   -27     0  156.1  84 0    2.3    3.7  373.4
2024 125 13 2599  31    7   -41     0  156.4  88 0    3.5    5.7  275.0
2024 125 14 2599  29    6   -13     0  156.8  84 0    9.0    9.4  395.6
2024 125 15 2599  35    9   -19     0  154.1  80 0    4.9    4.4  384.3
2024 125 16 2599  21    3    -3   403  157.1  89 0    4.7    8.8  359.4
2024 125 17 2599  24    4   -24    73  157.3  88 0    4.8    3.0  228.7
2024 125 18 2599  31    7    42    72  159.8  79 0    2.4   11.0  516.1
2024 125 19 2599  43   16    34   177  158.1  84 0    9.7    3.4  200.0
2024 125 20 2599  21    3    -6     0  153.9  83 0    7.6    6.5  200.0
2024 125 21 2599  37   11   -15     2  155.4  85 0    4.6    4.3  445.9
2024 125 22 2599  29    6   -19   300  153.9  86 0    6.7    6.2  282.9
2024 125 23 2599  31    7     4    15  157.2  89 0    6.0    5.2  487.1
2024 126  0 2599  39   12   -41    91  153.9  92 0    2.5    8.3  200.0
2024 126  1 2599  33    8    16     0  157.8  93 0    2.7    2.3  287.2
2024 126  2 2599  36   10    10     0  155.5  95 0    4.9    4.4  283.2
2024 126  3 2599  41   14    37     0  157.3  86 0    5.2    3.0  212.0
2024 126  4 2599  43   17   -34     0  152.3  97 0    3.4    4.2  384.9
2024 126  5 2599  41   14   -35    31  151.5  82 0    6.0    3.4  209.7
2024 126  6 2599  51   28    -2     0  148.9  97 0    3.9    2.3  332.7
2024 126  7 2599  46   20    16     0  157.5  84 0    3.8    2.7  379.2
2024 126  8 2599  50   26   -28    75  158.4  91 0    3.8    2.1  330.1
2024 126  9 2599  53   32   -29   644  154.5  86 0    5.8    2.3  200.0
2024 126 10 2599  56   41   -18     0  155.1  81 0    4.1    4.0  304.7
2024 126 11 2599  56   41     6   493  150.5  89 0    3.3    4.3  447.0
2024 126 12 2599  61   57   -43     0  152.7  91 0    2.9    5.5  351.4
2024 126 13 2599  60   53   -59   433  147.2 102 0    4.4    4.1  223.6
2024 126 14 2599  62   60   -17   289  162.5  85 0    4.0    2.6  271.4
2024 126 15 2599  65   77   -20   324  151.0  87 0    3.0    3.4  408.7
2024 126 16 2599  67   85   -57   415  156.4  84 0    2.5    4.6  246.1
2024 126 17 2599  67   86   -71   275  151.7  80 0    5.2    8.9  518.8
2024 126 18 2599  70  106   -30   144  156.1  93 0    3.2    4.3  377.0
2024 126 19 2599  70  104   -20   453  156.8  79 0    4.1    2.8  320.5
2024 126 20 2599  72  116   -62   452  154.4  84 0    4.4    3.3  333.8
2024 126 21 2599  74  133   -39   174  155.0  89 0    4.5    4.2  340.3
2024 126 22 2599  75  143   -64   255  155.5  98 0    3.5    4.0  302.4
2024 126 23 2599  75  150   -81   243  161.1  83 1    3.4    3.4  392.9
2024 127  0 2599  76  160   -21   483  154.8  94 0    3.8    2.6  335.0
2024 127  1 2599  77  173   -51   660  158.9  89 0    3.1    1.8  290.3
2024 127  2 2599  78  183   -85   490  154.9  90 0    8.9    7.3  407.2
2024 127  3 2599  79  189   -77   862  154.8  82 0    3.5    1.0  424.9
2024 127  4 2599  80  199   -93   650  152.9  82 0    6.0    7.3  328.8
2024 127  5 2599  80  209   -82   791  149.8  92 0    5.1    8.4  261.8
2024 127  6 2599  81  222  -102   480  157.6  83 0    5.6    5.0  264.6
2024 127  7 2599  81  219  -106   500  152.2  82 0    3.8    4.4  370.3
2024 127  8 2599  81  220  -100   405  154.9  90 0    2.5    4.2  366.9
2024 127  9 2599  82  231  -111   512  155.9  88 0    4.5   10.8  298.2
2024 127 10 2599  82  227  -103   894  152.0  84 0    3.5    1.6  373.5
2024 127 11 2599  81  225   -59   801  156.8  93 0    2.5    8.4  488.7
2024 127 12 2599  82  230   -63   150  155.1  84 0    6.0    1.6  468.7
2024 127 13 2599  81  220   -68   409  164.4  89 0    8.0    4.8  453.8
2024 127 14 2599  81  213   -83   616  151.2  88 0    6.3    9.5  369.8
2024 127 15 2599  80  206  -106   444  151.5  86 0    5.6    7.0  351.0
2024 127 16 2599  80  202   -68   592  151.8  94 0    2.3   10.1  302.6
2024 127 17 2599  79  189   -73   742  154.2  94 0    4.0    5.3  274.9
2024 127 18 2599  79  189   -56   801  147.0  83 0    5.3    4.8  300.0
2024 127 19 2599  78  177   -68   455  153.1  86 0    4.2    2.3  357.4
2024 127 20 2599  77  168   -67   368  151.6  81 0    4.2    7.5  200.0
2024 127 21 2599  75  149   -65   554  149.4  95 0    4.9    0.8  218.9
2024 127 22 2599  75  142   -67    97  156.3  86 0    3.8    2.0  331.4
2024 127 23 2599  73  131   -73   461  156.9  78 0    4.5   13.7  232.1
2024 128  0 2599  72  116   -67   247  156.0  86 0    2.6    6.6  354.2
2024 128  1 2599  70  106   -24   455  157.7  92 0    6.8    3.4  381.9
2024 128  2 2599  69   96   -19   346  147.9  89 0    4.7    8.4  265.7
2024 128  3 2599  69   97   -27   273  158.2 100 0    3.8    6.1  338.7
2024 128  4 2599  66   82   -40   373  143.2  90 0    5.8    3.6  424.9
2024 128  5 2599  64   69   -11   100  149.3  92 0    4.3    5.0  443.0
2024 128  6 2599  62   62   -18     0  148.7  94 0    2.9    7.7  341.6
2024 128  7 2599  60   53    -4   134  152.8  94 0    7.1    2.2  310.3
2024 128  8 2599  59   50     7   361  155.5  86 0    3.7    3.6  298.8
2024 128  9 2599  55   39    11   309  149.4  92 0    3.9    3.6  324.6
2024 128 10 2599  53   34    15   392  147.0  89 0    6.8    2.4  200.0
2024 128 11 2599  55   39   -20     0  157.1  91 0    3.7    3.7  298.7
2024 128 12 2599  51   28    18   126  158.9  91 0    5.2    5.4  353.9
2024 128 13 2599  54   35    -3     0  149.4  88 0    4.9    3.1  283.7
2024 128 14 2599  46   20   -11    47  151.6  85 0    4.7   10.0  383.7
2024 128 15 2599  43   17     2   335  153.5  88 0    7.1    3.0  399.1
2024 128 16 2599  46   21    -3   105  150.4  88 0    3.5    8.5  221.6
2024 128 17 2599  43   17   -11   171  150.5 100 0    7.2    1.9  213.6
2024 128 18 2599  37   11    -7    43  151.8  85 0    4.5    3.5  200.0
2024 128 19 2599  37   11    -3     0  153.7  90 0    3.2    3.3  456.6
2024 128 20 2599  39   12    14    89  149.7  90 0    6.5    5.9  346.0
2024 128 21 2599  35    9   -55    54  156.3  82 0    2.7    4.7  376.8
2024 128 22 2599  29    6    -4    98  150.3  98 0    4.2    4.8  311.0
2024 128 23 2599  24    4     5    67  152.2  93 0    3.0    5.0  439.5
2024 129  0 2599  33    8     2     0  148.8  88 0  999.9  999.9 9999.9
2024 129  1 2599  33    8   -28     0  145.8  92 0    6.1    4.5  446.3
2024 129  2 2599  44   18   -35    66  152.5  95 0    4.1    7.1  269.6
2024 129  3 2599  35    9    -1     0  144.7  89 0    4.2    3.8  319.9
2024 129  4 2599  36   10    16     0  150.4  94 0    3.5    4.2  263.3
2024 129  5 2599  27    5   -27     0  150.7  92 0    4.1    2.3  272.3
2024 129  6 2599  31    7     1     0  147.1  93 0    4.3    3.3  343.9
2024 129  7 2599  27    5   -32     0  155.4  87 0    4.1    7.6  281.8
2024 129  8 2599  29    6   -66     0  149.5  90 0    2.9    3.0  468.5
2024 129  9 2599  24    4   -23     0  148.7  94 0    2.9    2.3  287.8
2024 129 10 2599  27    5   -24    14  150.5  91 0    4.1    9.5  461.2
2024 129 11 2599  35    9   -49    84  150.6  81 0    3.6    2.0  312.0
2024 129 12 2599  27    5    26     0  148.0  98 0    1.8    5.4  454.3
2024 129 13 2599  33    8    17    98  150.1  88 0    5.1    1.3  358.2
2024 129 14 2599  24    4    -2     0  147.7  85 0    5.0    0.9  380.9
2024 129 15 2599  21    3    -4     0  147.8  93 0    3.8    3.8  502.8
2024 129 16 2599  36   10    -6    17  150.9  86 0    5.6    3.6  384.7
2024 129 17 2599  39   12   -23    43  149.6  90 0    4.8    4.6  509.1
2024 129 18 2599  27    5    18   120  151.9  84 0    5.6    4.9  349.5
2024 129 19 2599  27    5    13    55  152.4  98 0    5.6    6.0  247.7
2024 129 20 2599  45   19   -16   247  152.6  87 0    3.0    6.7  238.2
2024 129 21 2599  21    3   -20   148  144.1  87 0    3.9    3.9  339.0
2024 129 22 2599  17    2   -49     0  144.8  95 0    5.7    4.3  502.6
2024 129 23 2599  27    5   -16     0  150.5  77 0    5.7    5.2  262.6
2024 130  0 2599  21    3     0   192  148.8  93 0    7.7    4.8  440.7
2024 130  1 2599  31    7   -20     0  145.3  90 0    8.5    1.8  405.7
2024 130  2 2599  37   11    -8   139  141.5  86 0    3.0    3.5  272.6
2024 130  3 2599  24    4    24     0  150.9  91 0    3.6    3.5  411.2
2024 130  4 2599  24    4   -33   240  148.0  97 0    5.9    3.8  425.0
2024 130  5 2599  21    3   -27     0  149.5  95 0    4.5    3.1  329.0
2024 130  6 2599  29    6     6     0  143.4  94 0    3.9    2.5  305.1
2024 130  7 2599  40   13    -4     0  147.2  83 0    3.1    2.3  395.3
2024 130  8 2599  35    9   -19     0  153.2  78 0    4.4   11.0  513.0
2024 130  9 2599  33    8     4   124  151.7  94 0    3.9    3.1  252.2
2024 130 10 2599  44   18    -9     0  147.9  90 0    6.7    2.6  432.8
2024 130 11 2599  24    4    13     0  147.1  97 1    3.0    4.2  386.5
2024 130 12 2599  27    5    21     0  146.9  91 0    4.6    5.8  286.4
2024 130 13 2599  31    7    10     0  148.7  98 0    7.5    1.2  314.2
2024 130 14 2599  36   10   -38   122  148.3  86 0    5.2    9.4  389.6
2024 130 15 2599  27    5    10     0  147.3  87 0    5.0   11.7  205.2
2024 130 16 2599  36   10   -10     0  141.3  89 0    4.4    3.2  370.7
2024 130 17 2599  31    7    -8    31  146.2  93 0    4.4    5.8  366.5
2024 130 18 2599  35    9   -12   126  145.6  91 0  999.9  999.9 9999.9
2024 130 19 2599  27    5    -2     0  143.6  84 0    4.3    7.2  200.0
2024 130 20 2599  33    8    27     0  143.2  89 0    2.3    3.3  348.1
2024 130 21 2599  29    6     1   211  145.8  93 0    5.2    4.3  394.6
2024 130 22 2599  29    6   -42   171  149.6  90 0    6.9    4.9  200.0
2024 130 23 2599  31    7   -33    20  149.2  76 0    3.9    3.1  417.6
2024 131  0 2599  27    5   -24    22  147.8  96 1    4.4    5.0  381.4
2024 131  1 2599  29    6    14     0  144.4  89 0    2.8    7.2  406.3
2024 131  2 2599  27    5    -3   292  143.7  97 0    3.5    2.2  200.0
2024 131  3 2599  21    3    -3   300  147.8  95 0    3.7    4.2  293.2
2024 131  4 2599  29    6    24     0  144.9  87 0    3.9    4.3  272.2
2024 131  5 2599  24    4   -17   138  143.4  89 0    5.1    2.1  331.0
2024 131  6 2599  27    5    11   150  137.7  89 0    3.3   11.2  264.4
2024 131  7 2599  31    7    10     7  144.2  93 0    2.5    5.3  422.2
2024 131  8 2599  21    3     0   205  147.4  85 0    4.8    3.7  467.9
2024 131  9 2599  39   12    15   178  141.9  94 0    4.1    2.5  352.1
2024 131 10 2599  36   10    10     8  144.5  86 0    3.4    5.0  458.2
2024 131 11 2599  27    5    -4     0  138.3  82 0    3.7    6.6  244.4
2024 131 12 2599  21    3   -32   185  144.3  89 0    5.2    6.5  276.5
2024 131 13 2599  33    8   -19     2  146.0  88 0    3.6    3.6  566.6
2024 131 14 2599  31    7   -13     0  139.1  95 0    2.9    6.9  223.6
2024 131 15 2599  27    5     1    31  139.6  81 0    4.0    7.8  249.7
2024 131 16 2599  29    6   -17     0  139.5  96 0    4.6    5.3  432.5
2024 131 17 2599  24    4    -6    18  142.8  84 0    5.0    3.8  303.3
2024 131 18 2599  24    4   -22   255  138.3  87 0    6.0    2.5  365.2
2024 131 19 2599  17    2    -8   558  143.1  91 0    3.6    5.0  408.6
2024 131 20 2599  24    4    10   174  143.3  90 0    2.8    3.6  370.6
2024 131 21 2599  37   11   -34    70  143.6  88 0    5.2    5.9  373.8
2024 131 22 2599  33    8    23    13  139.7 106 0    4.2    7.2  445.2
2024 131 23 2599  24    4    -2     0  147.8  83 0    5.5    7.3  337.7
2024 132  0 2599  31    7    21   534  142.6  90 0    4.3    7.2  296.5
2024 132  1 2599  41   14   -18     0  141.3  84 0    3.5    6.4  200.0
2024 132  2 2599  33    8   -23   468  141.2  86 0    6.1    9.9  337.6
2024 132  3 2599  36   10    10     0  133.1 102 0  999.9  999.9 9999.9
2024 132  4 2599  24    4   -22    69  144.6  87 0    4.1    8.5  246.4
2024 132  5 2599  24    4     9   103  141.7  94 0    4.4    5.6  376.7
2024 132  6 2599  24    4    -2     0  144.5  90 0    3.9    7.0  271.9
2024 132  7 2599  36   10     7    36  138.3  85 0    3.9    3.8  394.9
2024 132  8 2599  27    5     7   345  144.4  85 0    2.9    3.5  516.0
2024 132  9 2599  24    4    11     0  147.4  92 0    4.7    5.0  450.0
2024 132 10 2599  36   10     8   102  144.7  83 0    3.7    4.1  434.0
2024 132 11 2599  29    6    -9     0  140.5  95 0    3.9    6.3  420.3
2024 132 12 2599  29    6   -10     0  138.3  91 0    4.0    2.9  255.3
2024 132 13 2599  35    9   -17    22  138.1  94 0    5.9    9.2  242.9
2024 132 14 2599  37   11   -12    38  143.4  87 0    3.5    6.3  286.2
2024 132 15 2599  31    7    -9   195  138.5  86 0    3.6    5.5  243.2
2024 132 16 2599  36   10    16    33  139.9  87 0    6.0    1.5  303.3
2024 132 17 2599  27    5   -33     0  139.6  78 0    5.4    4.8  439.2
2024 132 18 2599  45   19    -1   192  138.4  84 0    3.8    3.4  368.6
2024 132 19 2599  31    7   -11     0  133.2  85 0    6.9    2.3  423.4
2024 132 20 2599  35    9   -15   256  138.9  85 0    3.9    3.5  259.9
2024 132 21 2599  17    2    27     0  135.7  85 0    5.1    4.0  277.0
2024 132 22 2599  36   10   -10    30  135.7  91 0    3.7   11.2  295.9
2024 132 23 2599  29    6    14     0  134.8  82 0    4.9    1.7  351.6
2024 133  0 2599  29    6    20     0  138.2  87 0    3.0    6.8  463.7
2024 133  1 2599 999 9999 99999 99999  140.6  83 9    7.2    7.7  369.2
2024 133  2 2599  24    4    22   219  139.3  88 0    4.6    7.6  380.6
2024 133  3 2599  37   11    -9    30  141.3  79 0    4.9    6.4  358.0
2024 133  4 2599  33    8    -5   410  135.0  96 0    6.0    5.0  424.4
2024 133  5 2599  27    5     7    11  142.8  93 0    2.9    7.9  544.9
2024 133  6 2599  24    4    19     2  140.8  88 0    3.4    3.7  380.0
2024 133  7 2599  39   12   -11   268  136.5  81 0    3.4    3.2  404.2
2024 133  8 2599  27    5   -16   277  141.1  83 0    4.6    3.4  462.4
2024 133  9 2599  21    3     8    21  133.9  80 0    3.5    6.3  327.0
2024 133 10 2599  33    8   -16     0  135.7  92 0    4.7    3.9  253.4
2024 133 11 2599  36   10    22     0  134.8  89 0    6.0    7.8  511.4
2024 133 12 2599  31    7   -25     0  138.2  81 0    7.1    6.5  498.1
2024 133 13 2599  29    6   -27   192  136.3  89 0    3.1    5.1  200.0
2024 133 14 2599  27    5   -57   184  134.6  90 0    4.0    3.3  473.2
2024 133 15 2599  27    5    18     0  134.2  90 0    4.5    2.4  425.6
2024 133 16 2599  27    5   -14     0  138.3  86 0    4.7    4.6  342.6
2024 133 17 2599  35    9     5     0  132.9  78 0    4.6    2.9  494.6
2024 133 18 2599  35    9   -32     0  134.9  91 0    5.7    5.1  424.7
2024 133 19 2599  21    3    14    46  136.9  90 0    3.9    3.8  449.9
2024 133 20 2599  35    9   -16   175  133.0  84 0    4.2    4.7  306.4
2024 133 21 2599  33    8   -41    34  139.6  81 0    4.4   10.1  398.2
2024 133 22 2599  40   13   -26    65  135.6  91 0    3.3    9.2  200.0
2024 133 23 2599  43   17     8   171  134.5  84 0    4.5    7.0  382.3
2024 134  0 2599  27    5    -8   126  143.1  83 0    2.8    4.7  446.4
2024 134  1 2599  29    6    -6     0  133.0  82 0    4.5    8.0  285.5
2024 134  2 2599  21    3    36     0  133.0  95 0    4.3    4.6  334.9
2024 134  3 2599  29    6   -21   107  134.4  84 0    6.4   10.5  308.5
2024 134  4 2599  39   12     8   181  138.6  83 0    6.0    3.2  260.3
2024 134  5 2599  35    9   -22     0  136.8  86 0    2.6    6.3  264.4
2024 134  6 2599  24    4    11   604  135.2  85 0    4.6    1.8  315.4
2024 134  7 2599  36   10   -28     0  128.8  82 0    3.5    7.6  375.2
2024 134  8 2599  27    5   -18   162  138.3  81 0    4.1    5.3  218.6
2024 134  9 2599  24    4   -54     0  133.3  89 0    5.2    5.3  301.0
2024 134 10 2599  27    5   -17     0  135.1  90 0    7.2   11.8  200.0
2024 134 11 2599  27    5     5     0  129.3  77 0    3.3    5.2  413.7
2024 134 12 2599  31    7    10    92  131.3  80 0    3.4    5.0  200.0
2024 134 13 2599  33    8    14    97  136.8  92 0    3.2    8.7  266.1
2024 134 14 2599  21    3   -21     0  135.2  79 0    5.3    6.3  234.7
2024 134 15 2599  35    9     4     0  133.6  78 0    3.6    8.3  402.0
2024 134 16 2599  24    4   -46    26  133.4  82 0    5.2    4.1  386.4
2024 134 17 2599  43   16    14     0  133.7  83 0    4.6    3.6  485.1
2024 134 18 2599  42   15   -31     0  133.2  91 0    4.4    6.1  588.9
2024 134 19 2599  39   12    37     0  133.4  90 1    7.3    3.3  221.1
2024 134 20 2599  29    6   -16    26  128.5  87 0    3.5    3.1  340.6
2024 134 21 2599  39   12     8   174  126.9  87 0    4.0    9.3  426.0
2024 134 22 2599  24    4   -13     0  141.5  77 0    4.8    2.5  424.1
2024 134 23 2599  21    3    -3   363  135.2  83 0    4.3    4.9  299.5
2024 135  0 2599  31    7    13   369  134.0  86 0    4.0    4.4  427.3
2024 135  1 2599  21    3   -12     0  131.4  86 0    7.3    2.6  401.5
2024 135  2 2599  27    5   -25     0  130.6  79 0    4.7    2.8  416.8
2024 135  3 2599  27    5    -3     0  136.1  83 0    3.1    4.7  356.1
2024 135  4 2599  37   11    13     0  132.4  82 0    3.4   19.5  495.9
2024 135  5 2599  36   10    19    89  132.7  86 0    3.0    8.5  395.8
2024 135  6 2599  29    6    17    68  129.6  77 0    3.5    2.4  200.0
2024 135  7 2599  31    7    19    81  128.2  86 0    8.8    4.0  288.0
2024 135  8 2599  36   10    38   252  131.5  85 0    5.1   11.6  263.7
2024 135  9 2599  31    7    22     5  127.8  81 0    4.6    6.0  459.9
2024 135 10 2599  21    3    -1     0  134.7  83 0    7.0    2.3  376.6
2024 135 11 2599  31    7     7     0  133.2  76 0    5.1    3.0  250.2
2024 135 12 2599  37   11    16    58  134.2  95 0    3.2    6.1  450.4
2024 135 13 2599  21    3    24     0  124.8  80 0    4.4    3.1  424.1
2024 135 14 2599  29    6     2     0  122.2  76 0    3.8    2.3  326.3
2024 135 15 2599  33    8   -13   141  132.0  86 0    3.0    2.3  277.0
2024 135 16 2599  35    9    -2    72  129.5  84 0    4.0   15.7  405.7
2024 135 17 2599  31    7     8   226  131.3  78 0    6.3    3.3  500.7
2024 135 18 2599  24    4    16    25  135.1  84 0    3.5    1.4  421.4
2024 135 19 2599  21    3   -22   138  125.6  86 0    5.2    2.2  349.8
2024 135 20 2599  29    6   -12     0  133.7  82 0    2.5    3.4  458.8
2024 135 21 2599  21    3    11     0  135.1  89 0    3.9    1.8  348.4
2024 135 22 2599  27    5    -1   195  128.4  78 0    5.0    2.9  462.2
2024 135 23 2599  27    5    14     0  128.9  78 0    4.0    7.5  240.1
2024 136  0 2599  43   16     9   344  131.6  79 0    3.9    4.4  348.5
2024 136  1 2599  31    7     5     0  128.4  93 0    5.2    6.0  549.9
2024 136  2 2599  29    6   -10    91  131.5  74 1    3.5    6.4  367.0
2024 136  3 2599  31    7   -13     0  130.2  90 0    4.3    8.5  451.8
2024 136  4 2599  27    5     7     0  130.3  77 0    4.3    7.1  395.4
2024 136  5 2599  37   11     4     0  129.9  92 0    4.3    2.2  434.2
2024 136  6 2599  21    3     7    50  131.6  85 0    5.4    5.2  305.3
2024 136  7 2599  31    7    11   104  129.1  76 0    3.2    5.9  354.0
2024 136  8 2599  29    6   -22    82  128.6  79 0    3.1    5.1  284.6
2024 136  9 2599  21    3    -8     0  130.7  89 0    4.0    8.7  392.1
2024 136 10 2599  21    3   -48     0  127.5  90 0    3.8    3.7  289.2
2024 136 11 2599  17    2   -30     0  130.7  76 0    5.1    3.9  333.7
2024 136 12 2599  29    6     3   205  127.8  88 0    6.6    4.5  446.6
2024 136 13 2599  27    5   -27     0  123.3  71 0    6.6    4.8  475.5
2024 136 14 2599  24    4   -33   162  127.5  86 0    3.7    3.8  390.1
2024 136 15 2599  35    9    23     0  126.3  81 0    2.2    5.7  456.0
2024 136 16 2599  29    6     1     0  124.3  86 0    4.3    3.5  434.4
2024 136 17 2599  36   10    22     0  125.3  85 0    4.1    3.5  208.9
2024 136 18 2599  36   10     5    22  131.4  82 0    3.9    4.0  242.4
2024 136 19 2599  46   20   -10     0  123.1  89 0    6.3    1.7  482.2
2024 136 20 2599  21    3    20   281  125.7  82 0    4.5    5.5  500.2
2024 136 21 2599  33    8   -20   464  130.7  80 0    3.5    4.7  282.7
2024 136 22 2599  43   17    12    12  128.6  75 0    3.2    8.4  462.5
2024 136 23 2599 999 9999 99999 99999  127.8  74 9    5.9    6.4  390.9
2024 137  0 2599  35    9    31     0  126.9  84 0    8.9    3.6  455.9
2024 137  1 2599  41   14   -18   345  126.2  74 0   10.7    2.5  449.4
2024 137  2 2599  35    9   -18     0  130.2  75 0    5.0    3.3  423.0
2024 137  3 2599  36   10    15   206  134.2  75 0    3.2    2.4  353.9
2024 137  4 2599  41   14   -15     0  125.7  85 0    4.6    5.9  354.8
2024 137  5 2599  37   11    -6     0  129.5  78 0    4.3    2.8  571.9
2024 137  6 2599  43   16     4   158  130.5  75 0    4.8    8.3  353.9
2024 137  7 2599  43   17   -35    51  122.9  69 0    7.2    2.8  304.6
2024 137  8 2599  50   27     8   211  127.3  72 0    8.3    4.8  416.3
2024 137  9 2599  53   32    22     0  131.3  79 0    4.5    2.9  415.0
2024 137 10 2599  53   32    13     0  123.3  79 0    2.8    2.7  438.2
2024 137 11 2599  56   41   -39     0  129.2  86 0    5.2    7.4  283.4
2024 137 12 2599  58   46   -16   373  127.5  75 0    3.8    2.9  278.2
2024 137 13 2599  60   55    -2     0  122.1  80 0    3.3   13.7  373.6
2024 137 14 2599  64   69   -56   395  130.1  77 0    5.5    2.0  262.6
2024 137 15 2599  65   74    -9   304  127.3  81 0    3.8    7.4  346.8
2024 137 16 2599  65   75   -23    49  121.2  84 0    5.1    8.1  200.0
2024 137 17 2599  65   77   -35   270  124.7  75 0    4.6   14.2  352.2
2024 137 18 2599  67   88   -64   478  128.5  85 0    2.5    2.2  354.9
2024 137 19 2599  68   90   -43   768  119.8  78 1    2.6    4.7  243.3
2024 137 20 2599  67   84   -50   542  126.5  78 0    4.5    1.8  378.5
2024 137 21 2599  67   87   -19   299  123.8  75 0    2.5    3.3  266.4
2024 137 22 2599  66   79    -3   368  128.1  81 0    5.3    7.3  338.3
2024 137 23 2599  67   85   -50   191  124.5  84 0    3.5    4.2  414.8
2024 138  0 2599  65   76    -6   351  127.3  85 0    3.1    5.7  325.1
2024 138  1 2599  64   68   -72     0  123.2  88 0    2.8    8.6  377.6
2024 138  2 2599  62   59   -24   227  127.5  76 0    4.5    2.3  200.0
2024 138  3 2599  62   59   -31   401  128.6  74 0    4.0    6.0  398.1
2024 138  4 2599  58   46     5   212  125.6  76 0    4.0    1.2  386.0
2024 138  5 2599  58   45   -20   131  123.6  83 0    4.0    6.3  362.9
2024 138  6 2599  54   35     3    24  128.8  81 0    6.4    4.2  223.7
2024 138  7 2599  50   27     1   337  123.3  67 0    5.6    1.2  200.0
2024 138  8 2599  49   25    10   301  126.8  76 0    6.8    3.9  522.3
2024 138  9 2599  43   17   -46   185  130.8  72 0    4.2    7.9  259.7
2024 138 10 2599  45   19   -13   251  127.2  82 0    3.0    6.8  426.3
2024 138 11 2599  47   22   -14    70  131.2  65 0    4.2    3.9  336.2
2024 138 12 2599  36   10    17     0  125.4  78 0    3.0    7.0  323.2
2024 138 13 2599  33    8    34   359  122.6  68 0    5.2    2.4  360.8
2024 138 14 2599  36   10   -23   740  127.1  76 0    3.9    2.6  378.9
2024 138 15 2599  31    7   -34   269  127.6  80 0    3.4    4.6  200.0
2024 138 16 2599  35    9   -32     0  124.2  79 0    5.0    3.4  200.0
2024 138 17 2599  33    8   -23    33  127.9  76 0    4.1    5.2  306.0
2024 138 18 2599  31    7   -17     0  130.0  73 0    4.3    4.8  491.3
2024 138 19 2599  24    4   -30     0  125.6  76 0    4.9    1.6  445.9
2024 138 20 2599  33    8   -13     0  126.0  84 0    4.4    3.0  348.8
2024 138 21 2599  36   10    16     0  132.3  83 0    7.8    6.0  248.6
2024 138 22 2599  27    5   -28     0  120.1  72 0    3.4    4.6  204.7
2024 138 23 2599  24    4     2    69  123.6  79 0    4.6    6.4  365.9
2024 139  0 2599  27    5     2   274  122.8  86 0    2.5    3.7  335.1
2024 139  1 2599  24    4   -11     0  127.5  77 0    3.2    2.6  257.4
2024 139  2 2599  35    9    -1   152  122.6  80 0    7.1    1.9  226.9
2024 139  3 2599  31    7   -14     0  124.2  80 0    5.9    4.2  316.7
2024 139  4 2599  35    9    -7   205  125.4  84 0    5.0    6.6  318.2
2024 139  5 2599  24    4    20     0  124.5  86 0    3.3   11.0  245.9
2024 139  6 2599  24    4    11     0  120.6  75 0    2.9    2.8  341.4
2024 139  7 2599  31    7    26    37  131.1  79 0    3.9    2.7  503.2
2024 139  8 2599  21    3     2     0  131.6  80 0    4.8    5.5  365.9
2024 139  9 2599  29    6     8     0  122.8  77 0    5.5    3.7  248.5
2024 139 10 2599  24    4   -35     0  124.0  70 0    5.4    3.0  459.7
2024 139 11 2599  36   10   -22   316  124.2  62 0   11.3    5.2  331.9
2024 139 12 2599  21    3   -21     0  131.2  78 0    4.0    4.6  229.4
2024 139 13 2599  21    3   -15     0  122.0  77 0    3.9    8.0  372.4
2024 139 14 2599  37   11   -41    28  126.5  68 0    3.6    9.1  560.7
2024 139 15 2599  33    8    -2   182  124.8  80 0    5.7    3.9  240.3
2024 139 16 2599  24    4    -1     0  127.2  68 0    3.9   20.1  345.0
2024 139 17 2599  24    4     7     0  122.0  75 0    3.5    4.7  278.0
2024 139 18 2599  41   14    -4    50  122.7  67 0  999.9  999.9 9999.9
2024 139 19 2599  24    4     8     0  124.3  72 0    4.4    3.8  536.7
2024 139 20 2599  21    3   -12    95  122.3  83 0    5.4    3.0  226.2
2024 139 21 2599  27    5    -7   259  127.2  62 0    3.5    4.9  347.8
2024 139 22 2599  31    7   -10     0  126.6  71 1    7.6    3.1  407.8
2024 139 23 2599  31    7    11     0  119.2  74 0    5.2    4.6  289.8
2024 140  0 2599  21    3    10     0  125.1  66 0    4.2    8.5  304.3
2024 140  1 2599  21    3    -4     0  126.4  81 0    4.4    4.4  292.3
2024 140  2 2599  33    8    -4    45  123.0  70 0    3.2    2.8  265.3
2024 140  3 2599  31    7   -34     0  129.9  82 0    2.3    4.3  446.2
2024 140  4 2599  17    2   -31   124  127.2  68 0    4.8    5.9  445.4
2024 140  5 2599  37   11    -3    75  122.0  70 0    6.3    8.6  216.9
2024 140  6 2599  29    6    27   235  127.6  82 0    5.2    6.7  200.0
2024 140  7 2599  35    9    -6    95  124.0  77 0    4.1    1.8  292.9
2024 140  8 2599  33    8     2    15  130.0  77 0    4.7    3.4  200.0
2024 140  9 2599  24    4    18     0  125.9  70 0    3.3    5.8  521.0
2024 140 10 2599  36   10   -14     0  125.4  83 0    4.7    4.4  398.7
2024 140 11 2599  47   22   -22   160  123.0  69 0    3.3    3.0  398.5
2024 140 12 2599  37   11    15     0  122.4  73 0    5.0    3.2  419.2
2024 140 13 2599  40   13    19    47  120.7  65 0    2.8    3.3  450.9
2024 140 14 2599  39   12   -51   257  125.4  69 0    3.6    3.3  400.6
2024 140 15 2599  27    5    -7     0  130.4  80 0    6.1    4.7  299.3
2024 140 16 2599  35    9   -26   154  127.0  80 0    3.8    9.9  272.0
2024 140 17 2599  29    6   -15    80  124.0  66 0    4.7    4.6  321.3
2024 140 18 2599  29    6    -6   245  129.4  75 0    5.2    2.7  431.1
2024 140 19 2599  39   12   -13     0  122.1  75 0    3.1    6.3  448.4
2024 140 20 2599  31    7     4   182  121.9  66 0    5.7    8.4  394.7
2024 140 21 2599  24    4    -5     0  126.9  70 0    4.8    2.4  320.5
2024 140 22 2599  29    6    -8     0  124.1  75 0    6.3    8.7  402.8
2024 140 23 2599  31    7    11     0  124.3  68 0    4.4    3.2  200.0
2024 141  0 2599  24    4   -12   197  122.8  67 0    3.6    5.6  521.3
2024 141  1 2599 999 9999 99999 99999  129.6  69 9    5.1    2.8  261.1
2024 141  2 2599  33    8     5   191  124.5  67 0    5.9    4.9  686.2
2024 141  3 2599  31    7   -11     0  122.5  67 0    3.7    8.0  449.7
2024 141  4 2599  29    6    -4     0  127.0  76 0    4.2    4.6  252.2
2024 141  5 2599  31    7   -14     0  126.7  70 0    5.8    2.4  408.9
2024 141  6 2599  36   10     9     0  129.9  71 0    4.5    5.1  359.3
2024 141  7 2599  29    6   -18     0  131.5  76 0    7.0    6.3  378.7
2024 141  8 2599  35    9    13    72  124.0  76 0    2.3    3.6  254.0
2024 141  9 2599  21    3    18    31  129.0  67 0    4.0    3.4  419.6
2024 141 10 2599  29    6    11     0  129.1  78 0    2.9    2.2  388.1
2024 141 11 2599  21    3    16    42  127.4  76 0    7.1   12.7  446.6
2024 141 12 2599  42   15   -22     0  127.4  74 0    3.6    5.9  428.9
2024 141 13 2599  29    6   -45    92  119.6  77 0    5.5    5.5  214.6
2024 141 14 2599  33    8    -4    25  124.4  66 0    5.5    5.3  308.3
2024 141 15 2599  27    5     5   385  124.3  63 0    3.0    4.7  440.1
2024 141 16 2599  27    5    10   204  127.7  78 0    2.8    5.6  411.1
2024 141 17 2599  35    9   -10     0  128.3  72 0    3.4    4.1  222.4
2024 141 18 2599  24    4   -24     0  124.9  77 0    3.5    5.5  362.9
2024 141 19 2599 999 9999 99999 99999  123.7  81 9    5.2    4.6  372.3
2024 141 20 2599  17    2   -19     8  127.0  79 0    7.4    5.1  464.7
2024 141 21 2599  27    5   -21     0  129.7  73 0    2.9    1.7  335.9
2024 141 22 2599  27    5   -24     0  131.5  75 0    7.1    6.1  200.0
2024 141 23 2599  24    4     9   223  127.9  77 0    7.9    4.4  238.9
2024 142  0 2599  31    7     5   290  128.2  59 0    3.1    1.4  295.5
2024 142  1 2599  27    5   -29    94  129.6  71 0    2.8    4.3  200.0
2024 142  2 2599  24    4    13     0  130.9  81 0    3.6    6.4  400.1
2024 142  3 2599  24    4    25     0  132.7  72 0    5.5    5.6  362.5
2024 142  4 2599  37   11    -7     0  134.9  74 0    5.0    3.5  250.9
2024 142  5 2599  21    3     0     0  128.3  70 0    2.1    7.9  247.0
2024 142  6 2599  24    4   -12   339  131.9  68 0    3.7    5.5  286.0
2024 142  7 2599  35    9   -17     0  130.9  74 0    3.9    7.9  350.2
2024 142  8 2599  24    4    -5     0  129.0  74 0    3.5    4.9  243.2
2024 142  9 2599  24    4    22    10  128.4  73 0    8.4    7.5  331.0
2024 142 10 2599  43   16   -18   115  130.2  78 0    3.5    4.3  310.5
2024 142 11 2599  27    5    29    60  129.0  67 0   17.1    2.9  347.7
2024 142 12 2599  21    3   -20   380  131.6  66 0    4.1    6.2  267.8
2024 142 13 2599  33    8    -8     0  127.0  74 0    5.1    2.9  452.8
2024 142 14 2599  24    4     8    70  123.2  76 0    3.2    6.3  509.6
2024 142 15 2599  17    2    52     0  128.3  58 0    3.0    8.2  395.4
2024 142 16 2599  33    8    -3   287  130.8  74 0    3.8    5.6  443.9
2024 142 17 2599  31    7    14   147  130.4  73 0    4.9    2.8  235.7
2024 142 18 2599  29    6    13     0  130.3  64 0    7.0    6.2  282.4
2024 142 19 2599  21    3   -21     0  128.4  64 0    5.5    3.5  278.3
2024 142 20 2599  29    6   -16     0  128.7  68 0    4.1    3.7  288.9
2024 142 21 2599  21    3    23   376  131.1  68 0    5.8    2.7  307.5
2024 142 22 2599  43   17   -42     0  129.0  76 0    3.9    6.0  200.0
2024 142 23 2599  21    3   -16    37  124.5  75 0    4.7    3.6  308.3
2024 143  0 2599  36   10   -10     0  126.9  77 0    4.3    6.1  421.0
2024 143  1 2599  29    6    -9   213  130.5  77 1    3.6    2.5  369.2
2024 143  2 2599  33    8    14    68  128.5  69 0    3.2    8.4  361.5
2024 143  3 2599  27    5     6     0  130.0  77 0    5.1    6.1  254.5
2024 143  4 2599 999 9999 99999 99999  131.7  72 9    5.3    2.9  265.1
2024 143  5 2599  29    6    16   312  127.1  68 0    3.3    3.2  526.9
2024 143  6 2599  24    4    -6   353  125.9  70 0    4.9    3.2  348.8
2024 143  7 2599  24    4    -3     0  127.6  70 0    4.0    2.6  262.4
2024 143  8 2599  31    7    23     0  126.6  73 0    2.6    3.7  493.7
2024 143  9 2599  33    8     4     0  131.0  60 0    4.7    8.9  299.7
2024 143 10 2599  33    8    11     0  134.8  69 0    7.1    6.0  311.5
2024 143 11 2599  29    6    29     0  131.6  64 0    4.5    4.0  351.9
2024 143 12 2599  35    9    26     0  134.0  68 0    9.5    3.7  340.7
2024 143 13 2599  21    3   -16   280  130.5  69 0    3.4    4.4  441.1
2024 143 14 2599  44   18     8   334  130.6  69 0    3.6    7.2  203.8
2024 143 15 2599  31    7    36    91  134.9  70 0    2.6    6.4  324.4
2024 143 16 2599  24    4   -39     0  133.7  74 0    3.6    3.3  416.9
2024 143 17 2599  29    6    15     0  132.9  67 0    5.1    5.3  318.5
2024 143 18 2599  29    6   -25     0  132.3  78 0    4.9    4.5  313.3
2024 143 19 2599  27    5     1   324  129.9  69 0    7.1    4.9  304.0
2024 143 20 2599  27    5    12     0  124.7  70 0    2.2    6.1  478.7
2024 143 21 2599  24    4   -27     0  130.5  69 0    3.4    4.5  365.0
2024 143 22 2599  33    8    14     0  132.8  80 0    4.3    3.9  312.5
2024 143 23 2599  21    3     9   274  128.7  65 0    4.6    6.7  200.1
2024 144  0 2599  40   13   -28   281  136.1  66 0    5.7    2.4  423.4
2024 144  1 2599  21    3    21     0  138.7  67 0    3.3    3.4  347.6
2024 144  2 2599  36   10   -23    39  133.8  65 0    3.3    2.6  200.0
2024 144  3 2599  33    8    -1     0  132.4  71 0    3.4    3.4  381.9
2024 144  4 2599  27    5    29     0  130.9  65 0    3.3    4.5  373.4
2024 144  5 2599  33    8   -45   195  130.3  67 0    7.9    3.7  200.0
2024 144  6 2599  21    3   -26   151  134.5  73 0    5.8    7.5  391.3
2024 144  7 2599  24    4   -36   170  134.4  69 0    5.2    4.8  363.4
2024 144  8 2599  21    3    22   107  135.4  69 0    5.9    5.2  526.5
2024 144  9 2599  27    5    14     0  132.5  71 0    3.4    4.1  275.4
2024 144 10 2599  27    5     1     0  132.5  76 0    5.0    6.0  360.0
2024 144 11 2599  27    5    14     0  135.4  75 1    3.7    3.0  315.8
2024 144 12 2599  36   10   -11    37  127.8  73 0    4.3    3.6  504.0
2024 144 13 2599  31    7    11   286  131.9  68 0    7.9    2.3  520.0
2024 144 14 2599  40   13    16   319  138.6  65 0    5.6    6.8  373.5
2024 144 15 2599  39   12    -9    23  136.3  68 0    6.9    3.0  200.0
2024 144 16 2599  44   18   -46   113  129.3  74 0    6.3    6.1  286.7
2024 144 17 2599  29    6   -20   139  134.3  71 0    3.2    8.1  380.7
2024 144 18 2599  27    5   -15    27  133.8  63 0    4.7    3.7  360.4
2024 144 19 2599  21    3    15   330  138.8  71 0    4.1    3.3  452.7
2024 144 20 2599  35    9    -1     0  133.6  69 0    4.9    5.8  200.0
2024 144 21 2599  24    4   -14     0  135.1  70 0    3.1    4.2  338.1
2024 144 22 2599  31    7   -18   359  130.0  74 0    5.2    2.3  258.7
2024 144 23 2599  33    8   -20     0  135.8  72 0    4.3    8.7  276.0
2024 145  0 2599  24    4    -7    39  141.4  62 0    3.1    5.8  366.5
2024 145  1 2599 999 9999 99999 99999  134.8  70 9    3.7    8.7  437.4
2024 145  2 2599  21    3     1     0  134.7  69 0    4.0    8.0  464.5
2024 145  3 2599  39   12   -34   106  144.2  71 0    2.8    3.8  368.5
2024 145  4 2599  31    7    17     0  141.2  75 0    3.0   20.9  342.6
2024 145  5 2599  29    6   -25    55  144.9  72 0    6.3    7.6  250.7
2024 145  6 2599  24    4    10   165  135.9  66 0    7.9    2.2  389.1
2024 145  7 2599  21    3    18     0  136.5  71 0    4.7    3.3  465.7
2024 145  8 2599  33    8    37    81  135.3  84 0    4.0    2.4  266.0
2024 145  9 2599  37   11   -23   138  142.4  71 0    4.3    7.5  484.3
2024 145 10 2599  29    6   -35    47  135.5  67 0    3.9    5.6  377.7
2024 145 11 2599  21    3   -15     0  132.0  70 0    5.8    1.6  286.6
2024 145 12 2599  27    5    19   166  134.8  67 0    6.7    6.1  312.2
2024 145 13 2599  31    7   -29     0  136.0  71 0    3.1    6.5  200.0
2024 145 14 2599  36   10    -9   141  143.5  71 0    3.7    4.3  200.0
2024 145 15 2599  29    6    -3     0  140.9  77 0    6.8    4.0  538.3
2024 145 16 2599  27    5    -1     0  143.1  65 0    5.9    3.6  430.6
2024 145 17 2599  27    5     1     0  133.8  73 0    5.0    1.6  457.8
2024 145 18 2599  37   11     1   103  138.5  70 0    3.3    9.2  411.7
2024 145 19 2599  29    6     0     0  142.6  72 0    3.5    5.2  200.0
2024 145 20 2599  46   20   -29     0  142.1  73 0    5.0    3.7  406.4
2024 145 21 2599  27    5    -7   341  137.4  65 0    7.7    2.6  357.2
2024 145 22 2599  33    8    19   117  138.4  74 0  999.9  999.9 9999.9
2024 145 23 2599  41   14    14   222  137.8  75 0    9.5    5.9  314.6
2024 146  0 2600  27    5   -23     0  132.2  81 0    7.1    7.8  377.1
2024 146  1 2600  37   11    21   137  144.5  68 0    6.5    5.3  221.5
2024 146  2 2600  24    4    17     0  145.8  69 0    3.6    5.9  360.1
2024 146  3 2600  17    2    34    34  136.8  75 0    3.7    5.4  200.0
2024 146  4 2600  29    6   -28     0  141.0  74 0    3.8    2.5  442.7
2024 146  5 2600  24    4     4     0  139.8  72 0    4.7    4.6  363.8
2024 146  6 2600  35    9     4   152  142.3  65 0    5.4    4.2  526.1
2024 146  7 2600  24    4   -24   267  136.9  66 0    3.6    5.3  345.9
2024 146  8 2600  21    3   -20     0  137.1  71 0    4.2    7.0  384.3
2024 146  9 2600  31    7    16     0  143.5  74 0    2.8    6.7  390.9
2024 146 10 2600  39   12   -11    20  139.5  67 0    6.6    4.5  346.8
2024 146 11 2600  37   11   -24     0  135.5  67 0    5.5    5.1  346.1
2024 146 12 2600  35    9   -26   523  142.8  79 0    3.8    8.7  323.2
2024 146 13 2600  29    6    -1    50  144.9  65 0    4.9    3.5  291.9
2024 146 14 2600  29    6   -44     0  137.8  75 0    5.3    2.2  416.5
2024 146 15 2600  21    3    17     0  144.9  64 0    4.3    6.1  391.7
2024 146 16 2600  27    5   -12     0  142.0  75 0    3.0    4.6  200.0
2024 146 17 2600  21    3    -8   552  145.5  69 0    5.1    7.4  321.0
2024 146 18 2600  24    4    23   195  145.8  72 0    6.5    2.9  200.0
2024 146 19 2600  21    3    38     0  144.6  69 0    4.8    4.0  245.2
2024 146 20 2600  29    6    -8   289  144.2  70 0    3.5    2.7  316.7
2024 146 21 2600  35    9    -9     0  142.9  70 0    5.5    6.3  208.7
2024 146 22 2600  27    5   -18    76  137.1  76 0    4.2    5.9  451.8
2024 146 23 2600  24    4     8     0  145.4  70 0    3.0    6.0  299.4
2024 147  0 2600  27    5     9   354  144.8  61 0    4.9    7.2  631.3
2024 147  1 2600  31    7    21    89  143.6  71 0    2.7    5.5  483.9
2024 147  2 2600  27    5   -27    38  139.9  67 0    4.2    3.0  515.2
2024 147  3 2600  21    3    31     0  148.2  71 0    4.1    9.8  418.7
2024 147  4 2600  21    3    20   274  142.1  65 0    7.3    4.2  472.4
2024 147  5 2600  35    9   -10   285  142.7  70 0    5.3    7.4  403.0
2024 147  6 2600  31    7    17     0  148.3  73 0    2.7    5.6  440.4
2024 147  7 2600  27    5   -28     0  149.0  76 0    4.0    2.2  286.7
2024 147  8 2600  31    7     0     0  142.5  65 0    4.1    6.8  200.0
2024 147  9 2600  27    5   -13   205  148.2  63 0    3.5    5.1  323.9
2024 147 10 2600  24    4    15     0  145.1  69 0    7.1    1.9  274.6
2024 147 11 2600  33    8    -7   135  149.9  75 0    2.4    6.1  404.3
2024 147 12 2600  31    7   -50     0  148.4  68 0    6.2    5.7  200.0
2024 147 13 2600  40   13    14   231  143.8  75 0    4.5    1.9  374.3
2024 147 14 2600  39   12     2     0  150.7  72 0    5.7    4.8  393.3
2024 147 15 2600  31    7    -9     0  139.0  77 0    5.1    8.8  366.6
2024 147 16 2600  29    6     6   150  144.4  83 0    4.7    2.5  415.7
2024 147 17 2600  35    9   -20     0  141.2  65 0    5.2    6.2  314.5
2024 147 18 2600  27    5    21   208  143.1  66 0    3.5    2.1  513.7
2024 147 19 2600  29    6   -10     0  141.4  80 0    3.7    1.7  246.9
2024 147 20 2600  36   10     9     0  151.6  67 0    3.2    6.1  385.2
2024 147 21 2600  29    6   -28   157  146.2  67 0    6.1    1.8  388.3
2024 147 22 2600  36   10    12   458  147.0  71 0    3.5    3.1  536.8
2024 147 23 2600  31    7    20   203  148.7  78 0    3.9    1.7  476.4
2024 148  0 2600  40   13   -31    17  146.8  80 0    5.3    3.2  388.5
2024 148  1 2600  27    5   -15     0  145.3  79 0    4.0    3.5  272.6
2024 148  2 2600  29    6    -3     0  148.4  76 0    5.3    1.4  453.0
2024 148  3 2600  24    4    30   147  150.9  75 0    6.0   10.3  310.6
2024 148  4 2600  37   11   -20     0  145.4  65 0    5.2    1.5  327.9
2024 148  5 2600  24    4   -15     0  150.1  76 0    4.2    2.8  331.9
2024 148  6 2600 999 9999 99999 99999  150.0  74 9    2.0    3.1  327.9
2024 148  7 2600  33    8   -22     0  147.8  69 0    3.4   13.6  247.5
2024 148  8 2600  21    3   -26   299  149.6  73 0    4.0    4.7  277.6
2024 148  9 2600  31    7   -21     0  147.6  75 0    3.5    8.5  217.2
2024 148 10 2600  31    7     6     0  153.9  74 0    5.7    6.9  200.0
2024 148 11 2600  33    8   -17     0  150.8  83 0    4.8    4.2  311.7
2024 148 12 2600  27    5   -24   411  150.0  77 0    4.0    2.6  453.9
2024 148 13 2600  21    3     4     0  150.2  78 0    3.8    5.5  277.8
2024 148 14 2600  27    5    20     0  150.6  73 0    4.4    4.5  269.4
2024 148 15 2600  31    7   -20   163  149.8  74 0    3.9    3.0  309.4
2024 148 16 2600  24    4   -12     0  152.0  77 0    4.0    9.2  429.5
2024 148 17 2600  31    7   -14   315  153.8  74 0    4.9    6.6  372.6
2024 148 18 2600  29    6   -19     0  148.4  70 0    4.1    9.4  200.0
2024 148 19 2600  33    8   -10     0  147.3  62 0    3.3    2.8  410.2
2024 148 20 2600  27    5    22    31  150.7  60 0    5.5    8.1  387.2
2024 148 21 2600  37   11    -1    81  151.8  77 0    7.1    3.0  284.8
2024 148 22 2600  24    4   -36    47  151.5  77 0    8.7    3.2  200.0
2024 148 23 2600  33    8   -34    40  153.1  73 0    4.1    2.0  200.0
2024 149  0 2600  33    8    -9    81  149.9  73 0    9.3    4.2  311.4
2024 149  1 2600  24    4   -30     0  146.0  61 0    3.0    4.0  409.2
2024 149  2 2600  31    7    45   323  152.1  75 0    2.8    4.3  312.5
2024 149  3 2600  27    5   -43    49  151.0  61 0    4.0    2.4  226.2
2024 149  4 2600  35    9   -10    44  150.2  75 0    7.0    6.5  205.3
2024 149  5 2600  24    4   -19    50  153.0  71 0    2.9    2.5  426.0
2024 149  6 2600  24    4     8     0  149.9  77 0    5.5    5.3  267.6
2024 149  7 2600  29    6    -5   169  154.8  80 0    4.1    4.4  267.9
2024 149  8 2600  37   11   -10   128  153.2  80 0    4.3    3.0  260.3
2024 149  9 2600  21    3   -16     0  150.5  83 0    3.7   11.4  396.7
2024 149 10 2600  29    6    -6     0  150.2  78 0    4.8    3.6  557.6
2024 149 11 2600  33    8    -9     0  152.7  75 0    3.5    6.9  436.0
2024 149 12 2600  24    4   -23   342  149.9  66 0    3.3    3.2  509.8
2024 149 13 2600  24    4    17     0  154.0  71 0    3.7    3.0  312.8
2024 149 14 2600  27    5    -7   239  156.7  81 0    2.0    3.0  366.2
2024 149 15 2600  27    5   -46   105  144.1  80 0    3.5    4.4  254.2
2024 149 16 2600  33    8    -1   352  152.8  76 1    3.8    4.8  314.6
2024 149 17 2600  21    3   -12     0  156.4  77 0    2.6    6.4  394.8
2024 149 18 2600  31    7     9    37  151.6  73 0    4.8    2.6  389.0
2024 149 19 2600  42   15   -20     0  145.2  73 0    7.4    5.4  298.8
2024 149 20 2600  31    7     3   295  153.0  70 0    2.8    5.6  355.8
2024 149 21 2600  21    3    16    17  151.1  73 0    2.8    4.9  218.6
2024 149 22 2600  31    7    -7   101  150.4  75 0    3.4    3.9  222.2
2024 149 23 2600  21    3     7     0  150.0  72 0    4.4    4.8  402.9
2024 150  0 2600  35    9   -21    15  157.1  78 0    5.6    8.7  354.9
2024 150  1 2600  24    4   -12    81  156.1  72 0    4.0   12.0  400.1
2024 150  2 2600  44   18    -8     0  151.0  77 0    2.7    9.4  354.1
2024 150  3 2600  21    3     1   225  152.0  69 0    3.3   10.0  518.7
2024 150  4 2600  31    7   -37    13  156.0  69 0    6.2    4.6  330.7
2024 150  5 2600  17    2     7   456  149.8  73 0    4.0    6.3  255.3
2024 150  6 2600  27    5    -7   100  155.8  77 0    2.5    6.1  200.0
2024 150  7 2600  31    7    -9   381  152.1  69 0    3.3    3.6  423.7
2024 150  8 2600  21    3   -12     0  156.5  81 0    3.1    3.4  288.5
2024 150  9 2600 999 9999 99999 99999  156.6  74 9    4.9    4.0  295.7
2024 150 10 2600  31    7     1     0  151.1  76 0    6.2    3.0  331.7
2024 150 11 2600  21    3     5    13  152.4  81 0   12.6   10.4  509.0
2024 150 12 2600  27    5     9     0  151.4  76 0    7.2    4.6  378.2
2024 150 13 2600  33    8    39     0  159.7  77 0    5.1    2.6  200.0
2024 150 14 2600  29    6   -22   281  160.6  75 0    4.8    4.5  237.7
2024 150 15 2600  31    7     5    38  155.0  78 0    4.2    4.5  224.4
2024 150 16 2600  29    6   -20   180  152.6  74 0    3.7    2.0  379.0
2024 150 17 2600  29    6    19     0  156.4  81 0    5.4    2.8  200.0
2024 150 18 2600  35    9    -2    18  155.2  80 0    5.8    7.6  219.1
2024 150 19 2600  27    5   -38     0  152.8  70 0    5.4    4.0  348.5
2024 150 20 2600  31    7    22     0  149.7  64 0    4.5    9.1  339.0
2024 150 21 2600  39   12     9   244  156.6  77 0    3.8    6.9  431.5
2024 150 22 2600  27    5    -8   280  151.2  80 0    4.2    4.5  354.7
2024 150 23 2600  39   12     3     0  153.8  79 0    5.9    6.1  456.1
2024 151  0 2600  29    6     8     0  150.4  75 0    3.0    5.1  317.4
2024 151  1 2600  31    7     2     0  153.6  81 0    2.7   13.9  424.3
2024 151  2 2600  29    6    -8    49  152.9  75 0    6.0   12.4  413.5
2024 151  3 2600  29    6     0     0  158.3  75 0    8.0    6.0  233.1
2024 151  4 2600  47   22   -18    27  150.6  84 0    4.1    5.0  421.6
2024 151  5 2600  33    8    -3     0  157.5  72 0    3.7    2.6  360.5
2024 151  6 2600  39   12     1     0  157.3  73 0    6.2   13.6  215.0
2024 151  7 2600  41   14    -3    20  153.4  79 0    3.3    2.6  439.3
2024 151  8 2600  41   14   -18   132  156.8  84 0    2.7   16.7  200.0
2024 151  9 2600  45   19   -57     0  155.8  70 0    3.9    3.7  390.4
2024 151 10 2600  46   20   -49    70  152.1  73 1    2.5    5.8  483.4
2024 151 11 2600  48   24   -50    43  162.5  78 0    2.7    5.2  343.6
2024 151 12 2600  50   27   -36     0  152.6  82 0    4.1    5.8  339.7
2024 151 13 2600  56   42   -21    97  154.8  80 0    4.1    3.7  424.2
2024 151 14 2600  57   43   -13     0  154.0  80 0   10.1    3.2  432.5
2024 151 15 2600  58   45    17   342  152.8  74 0    4.1    7.6  334.1
2024 151 16 2600  60   52   -19   262  153.7  86 0    5.5    3.0  237.4
2024 151 17 2600  62   61   -24   162  156.0  76 0    3.1    7.8  440.5
2024 151 18 2600  64   71   -37   419  157.4  81 0    5.8    2.3  200.0
2024 151 19 2600  65   74   -13   577  154.9  75 0    3.4    6.9  509.4
2024 151 20 2600  68   90   -47   343  150.2  72 0    5.6    2.2  485.5
2024 151 21 2600  69  101    17   285  151.5  84 0    5.5    4.5  276.6
2024 151 22 2600  70  104   -34   304  153.2  86 0    3.7    3.5  302.7
2024 151 23 2600  72  118   -67    83  157.3  74 0    4.4   12.4  442.5
2024 152  0 2600  72  123   -99   805  157.3  80 0    8.6    5.8  327.7
2024 152  1 2600  74  135   -61   321  151.4  74 0    4.5    4.0  316.4
2024 152  2 2600  75  147   -48   193  152.2  75 1    3.0    3.4  269.9
2024 152  3 2600  76  152   -49   319  163.2  89 0    3.8    5.0  217.1
2024 152  4 2600  77  164   -46   518  160.5  91 0    3.1    5.0  267.8
2024 152  5 2600  77  165   -64   594  151.3  82 0    4.2    4.4  343.3
2024 152  6 2600  78  176   -94   313  153.5  88 0    3.4    5.0  417.8
2024 152  7 2600  78  178   -57   705  155.7  87 1    4.0    6.0  502.8
2024 152  8 2600  78  179   -80   459  156.1  72 0    5.7    2.1  298.3
2024 152  9 2600  79  186   -73   209  159.9  84 0    3.4    4.0  455.8
2024 152 10 2600  78  185   -85   482  156.5  89 0    2.6    5.8  404.7
2024 152 11 2600  78  183   -96   390  153.6  85 0    4.5    6.9  351.9
2024 152 12 2600  79  189   -78   649  160.1  77 0    2.6    3.0  406.8
2024 152 13 2600  78  181   -80   150  156.6  81 0    3.1    3.6  434.1
2024 152 14 2600  77  173   -76   393  158.0  74 1    4.1    9.9  416.3
2024 152 15 2600  77  168  -114   499  153.1  82 0    3.2   14.3  200.0
2024 152 16 2600  76  159   -30   494  150.8  77 0    3.7    5.1  315.7
2024 152 17 2600  75  150   -48   538  156.6  77 0    4.9    2.9  405.3
2024 152 18 2600  75  143   -91   306  153.7  79 0    4.4    5.2  200.0
2024 152 19 2600  74  133   -70   389  154.0  85 0    4.5    7.4  324.7
2024 152 20 2600  73  127   -66   252  153.9  81 0    3.0    4.0  320.0
2024 152 21 2600  72  122   -39   769  152.5  86 0    5.4    2.6  254.0
2024 152 22 2600  70  106   -66   227  156.1  92 0    5.0    3.7  291.7
2024 152 23 2600  69   96   -54   431  152.0  91 0    3.4    4.2  373.1
2024 153  0 2600  67   86   -45   344  156.5  78 0    4.9    3.2  312.5
2024 153  1 2600  67   84   -12   132  149.7  86 0    4.2    5.1  504.1
2024 153  2 2600  64   71   -63   354  158.4  85 0    5.5    2.6  375.9
2024 153  3 2600  61   57    -7   102  162.3  89 0    7.5    6.3  222.3
2024 153  4 2600  60   52   -15     0  154.8  78 0    3.8    6.4  464.9
2024 153  5 2600  58   48   -15     0  152.7  83 0    3.3    4.3  373.9
2024 153  6 2600  55   39   -47    51  153.0  83 0    8.7    3.7  305.2
2024 153  7 2600  53   33   -11     0  161.1  77 0    3.5    2.9  261.6
2024 153  8 2600  52   31   -23     0  154.0  88 0    3.8    3.4  383.2
2024 153  9 2600  48   23   -18   439  158.2  83 0    3.9    4.9  239.9
2024 153 10 2600  46   21    -6     0  161.1  86 0    6.1    6.3  364.1
2024 153 11 2600  44   18   -33   358  159.4  84 0    6.1    6.1  294.6
2024 153 12 2600  47   22    25     0  153.7  86 0    5.7    3.7  300.3
2024 153 13 2600  43   17     4     0  159.0  79 0    4.0    4.3  439.8
2024 153 14 2600  41   14    -8     0  154.7  83 0    2.6    4.6  491.1
2024 153 15 2600 999 9999 99999 99999  156.8  86 9    4.5    2.6  254.4
2024 153 16 2600  33    8     1     0  154.6  82 0    2.7    4.3  280.1
2024 153 17 2600  33    8     5   560  152.7  89 0    6.3    5.9  353.4
2024 153 18 2600  42   15     5   270  152.2  78 0    6.8    2.7  200.0
2024 153 19 2600  37   11     0     2  154.4  88 0    9.0    4.6  362.2
2024 153 20 2600  39   12    -9   434  155.3  80 0    4.1    5.4  527.8
2024 153 21 2600  35    9    -1     0  152.6  82 0    3.1    4.6  276.9
2024 153 22 2600  24    4    10     0  157.3  86 0    5.9    2.0  433.3
2024 153 23 2600 999 9999 99999 99999  153.3  78 9    4.0    4.2  318.9
2024 154  0 2600  29    6    23    98  156.9  90 0    3.3    3.1  207.2
2024 154  1 2600  33    8   -10     0  155.7  76 0    5.4    4.9  464.5
2024 154  2 2600  29    6     9   299  157.5  89 0    3.6    3.2  242.1
2024 154  3 2600  42   15     7    63  154.5  95 0    4.3    5.5  375.2
2024 154  4 2600  24    4   -21   193  153.5  88 0    3.9    5.8  410.2
2024 154  5 2600  29    6   -38   102  153.0  89 0    4.0    5.4  311.4
2024 154  6 2600  36   10    12     0  153.3  86 0    3.4    3.9  305.6
2024 154  7 2600  17    2    -3     0  154.0  88 0    2.5    4.0  443.2
2024 154  8 2600  21    3    21     0  149.1  88 0    3.5    4.4  305.9
2024 154  9 2600  33    8   -23   312  157.5  88 0    4.5    5.7  243.8
2024 154 10 2600  29    6    47    35  153.1  86 0    4.1    5.8  200.0
2024 154 11 2600  27    5    12     0  159.8  85 0    5.5    6.4  443.8
2024 154 12 2600  29    6    11     0  153.8  87 0    5.6    4.9  351.8
2024 154 13 2600  43   17   -24   234  152.9  85 0    2.7    6.5  266.4
2024 154 14 2600  35    9    -7     0  154.3  89 0    4.6    2.7  562.1
2024 154 15 2600  24    4   -20     0  150.8  88 0    7.5    8.2  479.8
2024 154 16 2600  31    7     7     3  153.4  87 0    5.0    4.7  405.8
2024 154 17 2600  33    8     5     0  155.5  74 0    4.7    9.3  383.0
2024 154 18 2600  27    5     7     0  152.8  80 0    3.3    3.0  352.3
2024 154 19 2600  31    7   -11     0  148.6  82 0    6.5    4.4  339.8
2024 154 20 2600  21    3    -7     0  150.2  90 0    4.1    3.7  286.3
2024 154 21 2600  24    4    -7     0  149.3  80 0    2.6    4.7  416.9
2024 154 22 2600  29    6     1     0  152.0  91 0    5.5    3.7  398.4
2024 154 23 2600  33    8   -18     0  153.9  89 0    4.8    6.3  391.3
2024 155  0 2600  31    7    13     0  156.9  87 0    4.0    7.0  563.2
2024 155  1 2600  24    4     7    68  154.4  80 0    2.2    3.2  347.2
2024 155  2 2600  36   10    30   180  150.3  87 0    5.5    5.6  290.4
2024 155  3 2600  31    7     5   259  156.3  92 0    4.2    5.5  200.0
2024 155  4 2600  41   14   -22     0  149.0  93 0    3.1    6.7  356.1
2024 155  5 2600  37   11   -43     0  154.1  81 0    6.0    4.1  295.8
2024 155  6 2600  27    5    27   498  157.2  96 0    5.6    4.5  316.4
2024 155  7 2600  21    3   -26    25  154.5  87 0    3.4    4.8  512.1
2024 155  8 2600  21    3    27     0  156.1  81 0    4.6    7.0  381.7
2024 155  9 2600 999 9999 99999 99999  149.2  84 9    3.6    4.4  348.7
2024 155 10 2600  39   12    20     0  153.2  84 0    9.3    3.5  227.9
2024 155 11 2600  24    4    23    59  152.2  85 0    4.1    3.1  374.5
2024 155 12 2600  29    6    37   188  151.1  84 0    4.4    4.5  443.0
2024 155 13 2600  33    8    44     0  153.2  92 0    4.0    5.2  464.9
2024 155 14 2600  27    5   -22     0  147.7  87 0    4.7    4.5  500.4
2024 155 15 2600  17    2   -22     0  153.2  81 0    3.7    4.8  436.2
2024 155 16 2600  24    4    -4     0  150.2  88 0    2.5    4.8  300.8
2024 155 17 2600  27    5   -27     0  155.4  89 0    2.8    4.2  428.7
2024 155 18 2600  29    6   -24     0  156.4  88 0    3.5    5.0  200.0
2024 155 19 2600  36   10    24   104  150.6  91 0    3.6   10.2  386.5
2024 155 20 2600  33    8    15   177  149.6  82 0    3.6    3.3  585.3
2024 155 21 2600  21    3    29     0  154.6  87 0    3.1    8.8  520.3
2024 155 22 2600  31    7   -18   279  147.9  82 0    4.6    6.2  392.1
2024 155 23 2600  24    4    -6     0  151.7  89 0    2.7    7.1  311.5
2024 156  0 2600  24    4     8     0  144.5  84 0    3.9    7.8  500.9
2024 156  1 2600  31    7    -3   283  154.3  87 0    7.0    2.0  506.8
2024 156  2 2600  46   20    -3   106  151.1  96 0    3.9    4.5  326.3
2024 156  3 2600  29    6    12   390  155.3  99 0    9.3    4.9  315.3
2024 156  4 2600  33    8    29    74  153.7  87 0    3.1    4.1  307.2
2024 156  5 2600  35    9    24    12  155.6  89 0    3.3    6.7  651.3
2024 156  6 2600  27    5     4     0  149.3  86 0    5.3    3.1  363.1
2024 156  7 2600  27    5     1   168  150.5  89 0    4.1    3.8  200.0
2024 156  8 2600  37   11    21     0  151.3  85 0    6.9    5.0  349.2
2024 156  9 2600  24    4    -8     0  151.5  96 0    4.7    5.3  305.3
2024 156 10 2600  24    4    11     0  157.3  92 0    6.9    2.2  200.0
2024 156 11 2600  27    5   -11   245  144.9  93 0    3.2    4.0  250.2
2024 156 12 2600  31    7    10   330  151.5  86 0    3.5    8.9  302.9
2024 156 13 2600  41   14     3     0  152.4  91 0    6.9    3.5  278.5
2024 156 14 2600  39   12    17     0  148.6  88 0    6.7    3.7  311.8
2024 156 15 2600  35    9    -6     0  149.6  87 0    3.5    5.2  340.3
2024 156 16 2600  29    6    -3   374  150.3  92 0    5.0    7.0  306.2
2024 156 17 2600  24    4    -3     0  153.1  96 0    2.8    2.8  474.2
2024 156 18 2600  40   13    21    86  155.0  83 0    3.2    5.2  345.5
2024 156 19 2600  29    6     9     7  148.4  96 1    5.1    6.7  418.2
2024 156 20 2600  40   13     6     0  147.3  78 0    4.6    2.8  317.3
2024 156 21 2600  24    4     9     0  153.0  96 0    5.3    3.2  384.0
2024 156 22 2600  36   10    35   393  151.0  90 0    3.7   10.2  218.9
2024 156 23 2600  27    5    -2   190  151.2  84 0    2.2    7.9  618.5
2024 157  0 2600  21    3     5   402  149.9  86 0    3.3   17.3  354.9
2024 157  1 2600  24    4     4   169  152.4  81 0    5.2    3.4  414.8
2024 157  2 2600  31    7   -12   451  153.9  88 0    5.8    3.4  356.5
2024 157  3 2600  46   21   -46     0  142.5  93 0    2.7    1.8  200.0
2024 157  4 2600  21    3    -7     0  146.0  95 0    3.0    4.9  543.0
2024 157  5 2600  35    9    11    94  148.7  80 0    6.2    1.7  443.1
2024 157  6 2600  36   10     9   146  147.1  94 0    5.8    8.4  387.7
2024 157  7 2600  21    3    53    88  148.5  90 0    6.6    4.4  368.1
2024 157  8 2600  21    3   -32   128  148.4  98 0    3.9    4.9  310.2
2024 157  9 2600  47   22     7     0  151.3 102 0    7.1    4.4  291.2
2024 157 10 2600  35    9   -20     0  146.1  80 0    3.8    5.6  428.7
2024 157 11 2600 999 9999 99999 99999  149.0  96 9    5.9   11.0  339.6
2024 157 12 2600  41   14    -4     0  146.6  92 0    9.1    4.6  244.1
2024 157 13 2600  35    9   -27     0  148.9  90 0    2.8    5.4  352.2
2024 157 14 2600  37   11   -33   157  147.4  90 0    5.3    4.4  268.5
2024 157 15 2600  21    3   -46     0  144.8  84 0    5.0    4.2  283.1
2024 157 16 2600  29    6   -18   137  149.8  87 0    4.4    3.5  254.5
2024 157 17 2600  31    7   -23     0  143.1  87 0    3.7    4.2  312.9
2024 157 18 2600  27    5   -10     0  147.3  84 0    4.2    4.6  331.3
2024 157 19 2600  29    6   -39     0  146.1  93 0    3.6    4.4  200.0
2024 157 20 2600  24    4   -22     0  147.0  89 0    3.8   14.3  258.0
2024 157 21 2600  35    9    -4   226  146.8  95 0    3.2   11.9  347.4
2024 157 22 2600  17    2    -6     0  147.5  87 0    8.0    4.6  546.4
2024 157 23 2600  41   14    40   159  144.2  84 0    8.5    6.1  420.7
2024 158  0 2600  17    2    -2   201  144.2  88 0    6.2    4.3  200.0
2024 158  1 2600  31    7     7     0  148.2  94 0    3.6    7.2  321.9
2024 158  2 2600  27    5    -8    13  143.6  89 0    5.1    2.4  302.8
2024 158  3 2600  31    7    16     0  143.3  99 0    3.7   16.5  276.6
2024 158  4 2600  33    8    -3   390  146.3  94 0    6.5    4.5  447.4
2024 158  5 2600  29    6     6   187  146.9  96 0    2.9    7.0  358.3
2024 158  6 2600  27    5    10     0  143.8  87 0    6.1    7.7  280.4
2024 158  7 2600  27    5   -30     0  145.7  86 1    3.7    1.2  407.7
2024 158  8 2600  24    4   -55     0  146.6  91 0    3.6    4.2  265.3
2024 158  9 2600  33    8   -31     0  144.9  92 0    3.1    3.5  529.5
2024 158 10 2600  35    9   -14   198  140.5  92 0    4.2    3.7  235.7
2024 158 11 2600  27    5   -25   147  140.2 105 0    5.2    3.0  453.5
2024 158 12 2600  33    8   -27   238  145.5  89 0    3.6    2.6  200.0
2024 158 13 2600  21    3    15     0  137.5  84 0    5.3    8.5  372.5
2024 158 14 2600  21    3     6     0  145.2  85 0    8.0    6.4  367.9
2024 158 15 2600  31    7    -6   185  146.2  91 0    4.9   11.8  249.4
2024 158 16 2600  33    8     5   171  146.4  89 0    5.2    2.5  483.9
2024 158 17 2600  35    9    -4     0  142.4  86 0    5.1    3.5  297.5
2024 158 18 2600  24    4     4    34  145.8  86 0    6.6    5.4  210.6
2024 158 19 2600  24    4   -16    87  138.6  93 0    4.3    5.5  278.5
2024 158 20 2600  31    7   -11   101  146.9  94 0  999.9  999.9 9999.9
2024 158 21 2600  29    6   -14     0  145.3 100 0    7.9    6.5  202.3
2024 158 22 2600  21    3   -27     0  139.8  82 0    6.5    3.2  235.4
2024 158 23 2600  52   30    -7   440  139.5  85 0    6.1   15.0  415.9
2024 159  0 2600  33    8   -20     0  143.0  90 0    4.4    3.6  200.0
2024 159  1 2600 999 9999 99999 99999  145.3  88 9    8.2    3.9  375.3
2024 159  2 2600  21    3    -7     0  141.9  90 0    5.9    2.4  261.8
2024 159  3 2600  29    6    -5   115  139.6  90 0    3.9    5.7  214.2
2024 159  4 2600  24    4    14     0  134.4 100 0    5.1   10.3  341.2
2024 159  5 2600  36   10     2     0  135.8  75 0    3.7    3.8  414.1
2024 159  6 2600  33    8    -9   391  144.3  89 0    2.3   13.1  301.1
2024 159  7 2600  27    5    40   187  140.1  87 0    5.7    4.2  354.7
2024 159  8 2600  24    4   -40   287  141.4  89 0    6.0    4.9  347.9
2024 159  9 2600  24    4    33   159  140.7  93 0    3.8   10.6  462.4
2024 159 10 2600  27    5    -4     0  139.2  79 0    3.4    2.9  200.0
2024 159 11 2600  17    2    30   146  142.6  92 0    5.2    3.9  320.6
2024 159 12 2600  21    3    11    12  143.5  89 0    4.4    1.0  497.1
2024 159 13 2600  24    4    11     0  141.6 102 0    5.6    0.9  361.0
2024 159 14 2600  36   10    -4   381  140.9  90 0    4.1    2.9  483.8
2024 159 15 2600  41   14     1   269  141.6  93 0    4.8    5.4  310.4
2024 159 16 2600  35    9    25   242  138.2  90 0    3.7    7.8  200.0
2024 159 17 2600  31    7   -19     0  137.6  85 0    4.3    2.9  311.2
2024 159 18 2600  24    4    37     0  138.2  84 0    3.3    2.0  328.9
2024 159 19 2600  21    3   -14     0  143.6  93 1    4.7    4.4  378.9
2024 159 20 2600  27    5    -6   194  139.2  91 0    5.1    6.2  399.0
2024 159 21 2600  21    3   -18   421  139.2  92 0    5.3    6.3  425.0
2024 159 22 2600  29    6     5   291  136.0  97 0    3.3    4.4  403.3
2024 159 23 2600  27    5   -21     0  141.0  84 0    3.2    7.7  423.6
2024 160  0 2600  27    5   -40   445  141.5  93 0    2.9    6.2  200.0
2024 160  1 2600  36   10   -20   247  137.9  88 0    6.9    9.0  324.4
2024 160  2 2600  40   13    -9   136  135.2  97 1    2.0    2.4  330.7
2024 160  3 2600  33    8    -3     0  137.9  98 0    7.0    3.8  364.7
2024 160  4 2600  31    7   -24     0  134.1  90 0    7.4    1.7  234.2
2024 160  5 2600  17    2    17   164  135.2 101 0    2.7    2.7  299.1
2024 160  6 2600  39   12   -28     0  136.5  97 0    2.8    2.9  378.3
2024 160  7 2600  36   10     1   474  137.9  92 0    4.1    5.8  342.8
2024 160  8 2600  29    6    22     0  136.9  89 0    3.9    2.2  397.8
2024 160  9 2600  35    9    21   102  137.4  92 0    5.8    5.3  318.4
2024 160 10 2600  31    7     7   224  136.6  91 0    4.1    4.4  464.9
2024 160 11 2600  21    3     1     0  142.3  91 0    3.6    7.0  316.2
2024 160 12 2600  33    8    31     0  135.7  87 0    5.2    4.3  290.1
2024 160 13 2600  24    4   -50     0  138.2  91 0    3.8    3.2  267.1
2024 160 14 2600  36   10    13     0  134.5  90 0    3.0    4.2  239.4
2024 160 15 2600  35    9    24    18  135.8  79 0    5.8    4.7  357.5
2024 160 16 2600  29    6   -18    73  132.9  90 0    4.9    9.1  346.3
2024 160 17 2600  39   12   -18   147  138.9  89 0    5.8    3.7  279.0
2024 160 18 2600  29    6   -25     0  132.2  86 0    2.9    3.3  481.1
2024 160 19 2600  35    9     4    48  134.2  88 0    6.0    1.3  455.5
2024 160 20 2600  35    9    17     0  142.2  87 0    6.6    3.4  216.0
2024 160 21 2600  24    4     3     0  139.1  86 0    3.0    3.3  324.5
2024 160 22 2600  29    6    -6     0  135.4  88 0  999.9  999.9 9999.9
2024 160 23 2600  21    3    28   159  140.2  86 0    6.6   10.6  487.8
2024 161  0 2600  21    3    14     0  134.7  94 0    8.2    4.1  200.0
2024 161  1 2600  44   18     6     0  136.5  88 0   10.5    3.7  260.4
2024 161  2 2600  33    8     7     4  132.1  91 0    6.2    3.8  298.3
2024 161  3 2600  27    5    -1     0  136.1  85 0    6.9    3.4  433.5
2024 161  4 2600  39   12   -13    90  134.2  97 0    3.3    5.3  200.0
2024 161  5 2600  31    7    16     0  134.8  85 0    7.9    5.4  285.4
2024 161  6 2600  31    7   -15    27  131.1  86 0    5.7    3.8  416.8
2024 161  7 2600  36   10    -8   178  137.6  94 0    4.7    3.8  343.2
2024 161  8 2600  43   16   -17   319  137.3  87 0    7.0    4.6  430.4
2024 161  9 2600  21    3    23    27  132.5  96 1    5.5    2.7  529.2
2024 161 10 2600  17    2    26     0  129.7  95 0    4.1    4.1  327.6
2024 161 11 2600  27    5   -15     0  136.0  95 1    3.4    5.2  224.8
2024 161 12 2600  27    5   -29   202  132.7  86 0    4.5    4.5  549.8
2024 161 13 2600  21    3   -22     0  133.7  85 0    4.2    4.0  322.7
2024 161 14 2600  35    9    15     8  132.1  81 0    3.7    3.5  200.0
2024 161 15 2600  48   24    -6   164  132.5  90 0    4.2    6.9  501.7
2024 161 16 2600  24    4     4   105  129.3  90 0    4.4    7.9  333.6
2024 161 17 2600  21    3   -22     0  131.2 103 0    7.3    5.0  504.9
2024 161 18 2600  17    2   -12    76  134.3  89 0    4.9    6.8  341.5
2024 161 19 2600  24    4    36   232  131.6  88 0    3.5    3.1  249.9
2024 161 20 2600  17    2   -10     0  132.4  89 0    3.6    4.0  230.8
2024 161 21 2600  33    8     1   182  137.0  91 0    5.7    5.6  353.5
2024 161 22 2600 999 9999 99999 99999  132.0  88 9    3.6    5.8  369.8
2024 161 23 2600  27    5    27     0  127.7  88 0    4.7    3.3  339.7
2024 162  0 2600  27    5    -8   102  125.6  89 0    3.6    9.3  404.0
2024 162  1 2600  21    3    38   135  130.5  88 0    5.9    5.1  302.7
2024 162  2 2600  24    4   -10     0  130.5  91 0    7.5    2.3  200.0
2024 162  3 2600  24    4    16   130  129.6  86 0    4.3    5.0  459.9
2024 162  4 2600  39   12    14   300  132.6  88 0    3.3    1.6  396.6
2024 162  5 2600  31    7   -31     0  128.9  93 0    3.5    3.7  322.9
2024 162  6 2600  35    9   -29     0  131.6  91 0    4.7   12.6  297.1
2024 162  7 2600  29    6     9    30  131.7  90 0    3.2    3.1  200.0
2024 162  8 2600  29    6   -15   112  130.0  93 0    9.1    4.4  411.7
2024 162  9 2600  37   11    -2   142  131.3  89 0    3.3    2.1  200.0
2024 162 10 2600 999 9999 99999 99999  134.1  90 9    4.0    5.1  279.1
2024 162 11 2600  21    3    27     0  133.5  90 0    4.8    1.8  339.6
2024 162 12 2600  27    5    21     0  133.6  96 0    3.7    6.0  250.7
2024 162 13 2600  33    8   -13   107  132.6 100 0    6.0    6.3  403.1
2024 162 14 2600  44   18    10     0  134.2  92 0    2.8    3.4  325.1
2024 162 15 2600  37   11   -32   194  124.9  81 0    3.8    3.9  361.6
2024 162 16 2600  24    4    37    30  131.0  84 0    6.4    4.3  394.5
2024 162 17 2600  21    3    22   166  128.3  83 0    3.8    7.9  261.5
2024 162 18 2600  27    5    14   221  129.1  85 0    3.3    5.0  449.4
2024 162 19 2600  33    8   -15     0  127.8  88 0    4.6    2.2  234.4
2024 162 20 2600  37   11   -12    96  133.2  87 0    5.4    2.8  332.9
2024 162 21 2600  40   13    -1     0  123.7  85 0    4.7    5.3  376.7
2024 162 22 2600  27    5    12   105  125.3  82 0    4.0   10.0  396.6
2024 162 23 2600  41   14   -18     0  131.9  88 0    3.0    7.1  250.6
2024 163  0 2600  29    6   -14     2  124.4  86 0    4.8    3.3  474.4
2024 163  1 2600  41   14     7   217  125.5  87 0    7.1    3.9  540.6
2024 163  2 2600  29    6   -15   395  133.1  88 0    4.9    3.5  276.5
2024 163  3 2600  24    4   -19     0  131.0  88 0    2.5    6.8  234.3
2024 163  4 2600  36   10   -16    50  126.1  86 0    6.3    1.8  315.4
2024 163  5 2600  31    7   -17     0  130.7  85 0    4.4    5.8  420.6
2024 163  6 2600  39   12   -26     0  125.1  78 0    6.3    9.5  376.3
2024 163  7 2600  21    3    17     0  124.7  86 0    3.4    5.3  328.6
2024 163  8 2600  21    3     9     0  126.9  84 0    5.6    5.2  400.6
2024 163  9 2600  43   16     3    80  127.0  81 0    6.7    1.7  326.8
2024 163 10 2600  21    3    16     0  127.3  95 0    5.4    3.0  459.1
2024 163 11 2600  31    7   -17     0  121.4  76 0    4.1    8.4  200.0
2024 163 12 2600  27    5    32   345  131.6  88 0    4.7    3.2  349.5
2024 163 13 2600  36   10     7    95  122.8  90 0    3.3    4.4  373.9
2024 163 14 2600  29    6   -21     0  128.4  83 0    4.5    5.1  264.2
2024 163 15 2600  27    5   -14    33  128.3  84 0    5.8    2.8  451.4
2024 163 16 2600  33    8     3     0  125.7  95 0    4.6    4.1  353.6
2024 163 17 2600  27    5    12   481  126.0  88 0    5.6    4.2  339.4
2024 163 18 2600  24    4    -4     0  126.5  85 0    4.7    4.5  411.1
2024 163 19 2600 999 9999 99999 99999  128.1  91 9    3.5    7.8  314.5
2024 163 20 2600  27    5    38     0  122.2  88 0    2.8    2.3  243.8
2024 163 21 2600  17    2   -15   123  125.7  84 0    6.1    6.2  512.8
2024 163 22 2600  31    7     7     0  129.1  78 0    4.7    4.1  201.5
2024 163 23 2600  33    8   -34     0  124.5  92 0    8.6   10.2  200.0
2024 164  0 2600  29    6   -28     0  129.5  85 0    5.5    9.8  426.3
2024 164  1 2600  27    5   -30   469  126.5  85 0    4.7    3.5  388.1
2024 164  2 2600  33    8   -18   238  129.7  90 0    7.6    5.7  297.3
2024 164  3 2600  24    4     2     0  131.7  79 0    4.1    7.9  438.6
2024 164  4 2600  29    6    -2   339  127.8  90 0    3.3    1.4  343.6
2024 164  5 2600  27    5   -17     0  119.2  94 0    3.8    2.9  314.6
2024 164  6 2600  27    5     9     0  122.1  86 0    3.9    7.6  341.8
2024 164  7 2600  31    7    17     0  128.7  84 0    4.7    6.8  208.5
2024 164  8 2600  21    3   -32     0  126.1  88 0    6.5    6.4  430.9
2024 164  9 2600  24    4   -30     0  128.2  71 0    4.8    1.9  273.4
2024 164 10 2600  27    5    -5   176  124.1  88 0    6.0    1.8  320.0
2024 164 11 2600  24    4    15    96  129.1  82 0    4.2    8.0  363.3
2024 164 12 2600  29    6    37     0  132.5  86 1    3.7    2.9  470.4
2024 164 13 2600  42   15    -1     0  120.5  86 0    4.9    9.7  226.9
2024 164 14 2600  21    3   -18   264  131.3  85 0    2.7    6.4  453.4
2024 164 15 2600  37   11     3    70  121.5  79 0    2.9    2.1  429.8
2024 164 16 2600  31    7     7   300  132.1  88 0    4.1    5.7  300.9
2024 164 17 2600  36   10     5     0  129.4  82 0    2.4    3.8  622.5
2024 164 18 2600  24    4   -11   131  127.9  83 0    3.9    3.5  357.9
2024 164 19 2600  43   16   -24     0  128.2  95 0    4.2    4.6  328.1
2024 164 20 2600  35    9   -22   182  128.4  79 0    5.0    5.6  329.8
2024 164 21 2600  27    5    18     0  129.3  94 0    6.8    2.9  200.0
2024 164 22 2600  29    6   -21   159  126.3  90 0    2.7    5.0  361.1
2024 164 23 2600  24    4    31     0  127.2  83 0   10.2    2.4  351.4
2024 165  0 2600  31    7   -16     0  129.4  90 0    3.5    5.5  466.7
2024 165  1 2600  24    4     2     0  124.6  76 0    2.6    2.3  200.0
2024 165  2 2600  27    5   -18     0  125.4  87 0    4.1    5.7  283.0
2024 165  3 2600  24    4     2   119  123.2  82 0    6.1    5.7  297.9
2024 165  4 2600  31    7     0     0  124.1  91 0    3.9   11.6  239.3
2024 165  5 2600  27    5   -34   261  121.2  76 1    5.9    4.9  370.6
2024 165  6 2600  42   15    13     0  129.8  81 0    5.0    3.9  415.1
2024 165  7 2600  31    7    24   172  126.5  80 0    3.0    4.2  200.0
2024 165  8 2600  29    6   -25    79  126.4  85 0  999.9  999.9 9999.9
2024 165  9 2600  29    6    30   132  125.7  93 0    1.9    3.9  358.4
2024 165 10 2600  36   10   -16     0  125.8  82 0    5.2    4.6  430.5
2024 165 11 2600  29    6    -9    31  126.0  87 0    6.4    4.5  200.0
2024 165 12 2600  21    3     7    11  122.9  86 0    5.0    4.8  330.4
2024 165 13 2600  21    3   -21   184  130.5  95 0    3.4    2.5  434.4
2024 165 14 2600  29    6   -33     0  123.2  86 0    4.4    4.2  499.3
2024 165 15 2600  27    5   -32    14  126.7  84 0    3.5    7.2  399.4
2024 165 16 2600  21    3   -21   125  124.8  80 0    2.7    3.4  384.8
2024 165 17 2600  24    4   -36     0  127.1  81 0    2.7    4.7  293.2
2024 165 18 2600  29    6    34   232  122.9  86 0    3.7   11.4  355.1
2024 165 19 2600  24    4    24    10  130.1  85 0    4.5    6.5  346.1
2024 165 20 2600  29    6   -53     0  129.2  81 0    3.4    4.9  342.1
2024 165 21 2600  35    9    14   310  125.0  74 0    3.3    4.9  351.9
2024 165 22 2600  42   15   -13   430  126.8  80 0    5.0    5.3  297.1
2024 165 23 2600  39   12     8     0  126.3  94 0    6.5    3.5  495.8
2024 166  0 2600  37   11   -28     0  122.2  79 0    3.4    9.0  361.1
2024 166  1 2600  35    9   -37    36  124.1  79 0    3.5    3.9  279.9
2024 166  2 2600  29    6     0     0  124.3  77 0    3.6    6.4  502.6
2024 166  3 2600  21    3    25    10  121.6  83 0    6.1    4.3  250.5
2024 166  4 2600  31    7    29   246  122.6  78 0    8.1    8.4  422.6
2024 166  5 2600  33    8     4     0  127.3  81 0    2.4    2.4  359.2
2024 166  6 2600  37   11     9     0  124.0  86 0    3.8    6.5  370.7
2024 166  7 2600  37   11    11   448  123.6  77 0    3.5    5.0  238.3
2024 166  8 2600  31    7   -12    17  122.3  83 0    3.6    4.1  452.6
2024 166  9 2600  33    8   -10   419  123.7  72 0    3.7    2.6  225.7
2024 166 10 2600  21    3   -12    45  130.8  81 0    4.1    2.3  309.9
2024 166 11 2600  24    4    11     0  121.5  81 0    4.9    3.8  305.6
2024 166 12 2600  29    6    41   175  124.7  84 0    5.6    3.0  483.3
2024 166 13 2600  33    8    22    93  123.3  76 0  999.9  999.9 9999.9
2024 166 14 2600  36   10    13   478  122.6  79 1    4.6    7.3  684.3
2024 166 15 2600  35    9     5   190  129.5  78 0    4.9    4.3  248.2
2024 166 16 2600  29    6     4    74  123.5  85 0    3.5    1.8  398.4
2024 166 17 2600  29    6     3    41  121.3  80 0    4.0    5.5  407.0
2024 166 18 2600  33    8    15    75  125.3  81 0    3.4    8.3  466.8
2024 166 19 2600  29    6    23     0  123.5  80 0    4.4    3.6  311.3
2024 166 20 2600  29    6    -1   242  124.5  74 0    4.4    2.3  235.4
2024 166 21 2600  31    7    -6    43  126.9  87 0    4.0    3.2  367.8
2024 166 22 2600  29    6   -18   110  123.5  80 0    5.8    2.2  500.2
2024 166 23 2600  33    8    -9   109  122.9  81 0    4.0    3.4  426.5
2024 167  0 2600  35    9   -33   186  127.2  88 0    3.8    2.6  332.8
2024 167  1 2600  36   10    22     0  124.5  90 0    3.6    2.6  449.7
2024 167  2 2600  27    5   -16     0  124.6  81 0    3.4    3.0  404.4
2024 167  3 2600  24    4   -13   291  126.2  86 0    6.1    4.6  365.3
2024 167  4 2600  33    8   -27     0  123.4  76 1    5.0    2.7  316.1
2024 167  5 2600  17    2    22     0  121.9  90 0    4.1    1.7  262.4
2024 167  6 2600  24    4   -42     0  126.9  76 0    4.6    4.9  200.0
2024 167  7 2600  27    5   -25     0  124.2  86 0    5.4    5.1  382.1
2024 167  8 2600  24    4    -6    36  127.4  84 0    5.1   11.9  305.0
2024 167  9 2600  29    6   -16    60  131.9  76 0    5.4    5.6  386.7
2024 167 10 2600  27    5    -7    92  122.3  81 0    3.2    2.4  309.4
2024 167 11 2600  24    4   -21     0  125.4  84 0    6.8    2.3  200.0
2024 167 12 2600  27    5   -29     0  126.8  79 0    6.2    4.0  317.8
2024 167 13 2600  37   11   -50   139  127.0  77 0    4.2    1.9  200.0
2024 167 14 2600 999 9999 99999 99999  127.0  82 9    4.2    3.7  370.6
2024 167 15 2600  24    4   -28     0  123.9  84 0    5.9    4.9  231.5
2024 167 16 2600  27    5    -6     0  126.3  85 0    5.6    2.9  455.9
2024 167 17 2600  31    7    15     0  121.8  75 0    6.1    2.4  479.0
2024 167 18 2600  17    2   -20    76  128.3  82 0    4.6    2.2  497.4
2024 167 19 2600  17    2     5     0  124.5  89 0    7.1    3.4  353.0
2024 167 20 2600  37   11     8     0  124.9  77 0    4.2    2.5  497.9
2024 167 21 2600  31    7   -31     0  126.3  86 0    4.4    6.0  293.2
2024 167 22 2600  35    9    20   172  126.8  76 0    6.5   11.5  439.1
2024 167 23 2600  24    4    11     0  129.0  80 0    4.2    3.6  330.5
