"chart","age","age_units","gender","measure","measure_units","L","M","S"
"fenton_2013","23.5","weeks","f","head_circ","cm","1","20.8774277272727","0.0566470011718738"
"fenton_2013","23.5714285714286","weeks","f","head_circ","cm","1","20.9436697952075","0.0566334504599017"
"fenton_2013","23.7142857142857","weeks","f","head_circ","cm","1","21.076156789449","0.0566062186779487"
"fenton_2013","23.8571428571429","weeks","f","head_circ","cm","1","21.2086523588068","0.0565785958219695"
"fenton_2013","24","weeks","f","head_circ","cm","1","21.3411622200249","0.0565503211759464"
"fenton_2013","24.1428571428571","weeks","f","head_circ","cm","1","21.4736920898474","0.056521134023862"
"fenton_2013","24.2857142857143","weeks","f","head_circ","cm","1","21.6062476850186","0.0564907736496988"
"fenton_2013","24.4285714285714","weeks","f","head_circ","cm","1","21.7388347222825","0.0564589793374392"
"fenton_2013","24.5714285714286","weeks","f","head_circ","cm","1","21.8714587988075","0.0564254958244011"
"fenton_2013","24.7142857142857","weeks","f","head_circ","cm","1","22.0041227615188","0.0563901932746184"
"fenton_2013","24.8571428571429","weeks","f","head_circ","cm","1","22.1368267070985","0.0563530672788405"
"fenton_2013","25","weeks","f","head_circ","cm","1","22.2695706126526","0.0563141188811524"
"fenton_2013","25.1428571428571","weeks","f","head_circ","cm","1","22.4023544552877","0.0562733491256391"
"fenton_2013","25.2857142857143","weeks","f","head_circ","cm","1","22.5351782121098","0.0562307590563856"
"fenton_2013","25.4285714285714","weeks","f","head_circ","cm","1","22.6680418602252","0.0561863497174768"
"fenton_2013","25.5714285714286","weeks","f","head_circ","cm","1","22.8009454087805","0.056140120691781"
"fenton_2013","25.7142857142857","weeks","f","head_circ","cm","1","22.9338896038475","0.0560920379541791"
"fenton_2013","25.8571428571429","weeks","f","head_circ","cm","1","23.0668759284236","0.0560420338715648"
"fenton_2013","26","weeks","f","head_circ","cm","1","23.1999058975463","0.0559900393496151"
"fenton_2013","26.1428571428571","weeks","f","head_circ","cm","1","23.3329810262534","0.0559359852940068"
"fenton_2013","26.2857142857143","weeks","f","head_circ","cm","1","23.4661028295823","0.0558798026104168"
"fenton_2013","26.4285714285714","weeks","f","head_circ","cm","1","23.5992728225706","0.0558214222045222"
"fenton_2013","26.5714285714286","weeks","f","head_circ","cm","1","23.7324925116709","0.0557607753735315"
"fenton_2013","26.7142857142857","weeks","f","head_circ","cm","1","23.8657632058768","0.0556978024198868"
"fenton_2013","26.8571428571429","weeks","f","head_circ","cm","1","23.9990860167238","0.0556324526512627"
"fenton_2013","27","weeks","f","head_circ","cm","1","24.1324620471619","0.0555646757668661"
"fenton_2013","27.1428571428571","weeks","f","head_circ","cm","1","24.2658924001414","0.0554944214659036"
"fenton_2013","27.2857142857143","weeks","f","head_circ","cm","1","24.3993781786122","0.055421639447582"
"fenton_2013","27.4285714285714","weeks","f","head_circ","cm","1","24.5329204855245","0.0553462794111079"
"fenton_2013","27.5714285714286","weeks","f","head_circ","cm","1","24.6665204261289","0.0552682909507774"
"fenton_2013","27.7142857142857","weeks","f","head_circ","cm","1","24.8001791585847","0.0551876212479417"
"fenton_2013","27.8571428571429","weeks","f","head_circ","cm","1","24.9338978939602","0.055104215071007"
"fenton_2013","28","weeks","f","head_circ","cm","1","25.067677845624","0.0550180170834689"
"fenton_2013","28.1428571428571","weeks","f","head_circ","cm","1","25.2015202269447","0.0549289719488229"
"fenton_2013","28.2857142857143","weeks","f","head_circ","cm","1","25.335426251291","0.0548370243305647"
"fenton_2013","28.4285714285714","weeks","f","head_circ","cm","1","25.4693971320315","0.0547421188921898"
"fenton_2013","28.5714285714286","weeks","f","head_circ","cm","1","25.6034340819184","0.0546442003253045"
"fenton_2013","28.7142857142857","weeks","f","head_circ","cm","1","25.7375382995271","0.0545432139680618"
"fenton_2013","28.8571428571429","weeks","f","head_circ","cm","1","25.8717109692561","0.0544391058051612"
"fenton_2013","29","weeks","f","head_circ","cm","1","26.0059532748874","0.0543318218494131"
"fenton_2013","29.1428571428571","weeks","f","head_circ","cm","1","26.1402664002032","0.0542213081136278"
"fenton_2013","29.2857142857143","weeks","f","head_circ","cm","1","26.2746515289854","0.0541075106106156"
"fenton_2013","29.4285714285714","weeks","f","head_circ","cm","1","26.4091098450163","0.0539903753531867"
"fenton_2013","29.5714285714286","weeks","f","head_circ","cm","1","26.5436425322429","0.0538698483466194"
"fenton_2013","29.7142857142857","weeks","f","head_circ","cm","1","26.6782507784114","0.0537458754229499"
"fenton_2013","29.8571428571429","weeks","f","head_circ","cm","1","26.8129357750662","0.053618402240973"
"fenton_2013","30","weeks","f","head_circ","cm","1","26.9476987139171","0.0534873744519514"
"fenton_2013","30.1428571428571","weeks","f","head_circ","cm","1","27.082540786674","0.0533527377071474"
"fenton_2013","30.2857142857143","weeks","f","head_circ","cm","1","27.2174631850466","0.0532144376578236"
"fenton_2013","30.4285714285714","weeks","f","head_circ","cm","1","27.3524671007446","0.0530724199552425"
"fenton_2013","30.5714285714286","weeks","f","head_circ","cm","1","27.487552741303","0.0529266333924117"
"fenton_2013","30.7142857142857","weeks","f","head_circ","cm","1","27.6226976782333","0.0527770990224755"
"fenton_2013","30.8571428571429","weeks","f","head_circ","cm","1","27.7578568470243","0.0526239101587146"
"fenton_2013","31","weeks","f","head_circ","cm","1","27.8929841989894","0.052467163256155"
"fenton_2013","31.1428571428571","weeks","f","head_circ","cm","1","28.0280336854424","0.0523069547698226"
"fenton_2013","31.2857142857143","weeks","f","head_circ","cm","1","28.1629592576967","0.0521433811547433"
"fenton_2013","31.4285714285714","weeks","f","head_circ","cm","1","28.2977148670662","0.051976538865943"
"fenton_2013","31.5714285714286","weeks","f","head_circ","cm","1","28.4322544648761","0.0518065243579068"
"fenton_2013","31.7142857142857","weeks","f","head_circ","cm","1","28.5665320027248","0.0516334340726817"
"fenton_2013","31.8571428571429","weeks","f","head_circ","cm","1","28.7005014324832","0.0514573644398764"
"fenton_2013","32","weeks","f","head_circ","cm","1","28.8341167060342","0.0512784118885588"
"fenton_2013","32.1428571428571","weeks","f","head_circ","cm","1","28.9673317752604","0.0510966728477969"
"fenton_2013","32.2857142857143","weeks","f","head_circ","cm","1","29.1001005920447","0.0509122437466587"
"fenton_2013","32.4285714285714","weeks","f","head_circ","cm","1","29.23237710827","0.050725221014212"
"fenton_2013","32.5714285714286","weeks","f","head_circ","cm","1","29.3641152758158","0.0505357010796698"
"fenton_2013","32.7142857142857","weeks","f","head_circ","cm","1","29.4952690464887","0.0503437803755777"
"fenton_2013","32.8571428571429","weeks","f","head_circ","cm","1","29.6257923720222","0.0501495553378141"
"fenton_2013","33","weeks","f","head_circ","cm","1","29.7556392041466","0.0499531224024025"
"fenton_2013","33.1428571428571","weeks","f","head_circ","cm","1","29.8847634945921","0.0497545780053662"
"fenton_2013","33.2857142857143","weeks","f","head_circ","cm","1","30.013119195089","0.0495540185827285"
"fenton_2013","33.4285714285714","weeks","f","head_circ","cm","1","30.1406602573677","0.0493515405705128"
"fenton_2013","33.5714285714286","weeks","f","head_circ","cm","1","30.2673406331593","0.0491472404047037"
"fenton_2013","33.7142857142857","weeks","f","head_circ","cm","1","30.3931142742145","0.0489412145203926"
"fenton_2013","33.8571428571429","weeks","f","head_circ","cm","1","30.5179351323036","0.0487335593517782"
"fenton_2013","34","weeks","f","head_circ","cm","1","30.6417571591978","0.0485243713330199"
"fenton_2013","34.1428571428571","weeks","f","head_circ","cm","1","30.7645343066682","0.0483137468982775"
"fenton_2013","34.2857142857143","weeks","f","head_circ","cm","1","30.8862205264861","0.0481017824817105"
"fenton_2013","34.4285714285714","weeks","f","head_circ","cm","1","31.0067697704225","0.0478885745174788"
"fenton_2013","34.5714285714286","weeks","f","head_circ","cm","1","31.1261359902484","0.0476742194397523"
"fenton_2013","34.7142857142857","weeks","f","head_circ","cm","1","31.2442731377295","0.0474588136829403"
"fenton_2013","34.8571428571429","weeks","f","head_circ","cm","1","31.3611351646263","0.0472424536816917"
"fenton_2013","35","weeks","f","head_circ","cm","1","31.4766760226988","0.0470252358706654"
"fenton_2013","35.1428571428571","weeks","f","head_circ","cm","1","31.5908496637073","0.0468072566845205"
"fenton_2013","35.2857142857143","weeks","f","head_circ","cm","1","31.7036100394121","0.0465886125579162"
"fenton_2013","35.4285714285714","weeks","f","head_circ","cm","1","31.8149111015732","0.0463693999255115"
"fenton_2013","35.5714285714286","weeks","f","head_circ","cm","1","31.924708266303","0.0461497152219628"
"fenton_2013","35.7142857142857","weeks","f","head_circ","cm","1","32.0329906298105","0.045929654881862"
"fenton_2013","35.8571428571429","weeks","f","head_circ","cm","1","32.1397809684017","0.0457093153397371"
"fenton_2013","36","weeks","f","head_circ","cm","1","32.2451035227345","0.0454887930301132"
"fenton_2013","36.1428571428571","weeks","f","head_circ","cm","1","32.3489825334668","0.0452681843875151"
"fenton_2013","36.2857142857143","weeks","f","head_circ","cm","1","32.4514422412567","0.0450475858464681"
"fenton_2013","36.4285714285714","weeks","f","head_circ","cm","1","32.5525068867621","0.0448270938414972"
"fenton_2013","36.5714285714286","weeks","f","head_circ","cm","1","32.6522007106409","0.0446068048071281"
"fenton_2013","36.7142857142857","weeks","f","head_circ","cm","1","32.7505479535506","0.0443868151779044"
"fenton_2013","36.8571428571429","weeks","f","head_circ","cm","1","32.8475728561483","0.0441672213883869"
"fenton_2013","37","weeks","f","head_circ","cm","1","32.9432996590908","0.0439481198731375"
"fenton_2013","37.1428571428571","weeks","f","head_circ","cm","1","33.0377526030352","0.0437296070667178"
"fenton_2013","37.2857142857143","weeks","f","head_circ","cm","1","33.1309559286385","0.0435117794036898"
"fenton_2013","37.4285714285714","weeks","f","head_circ","cm","1","33.2229338765577","0.043294733318615"
"fenton_2013","37.5714285714286","weeks","f","head_circ","cm","1","33.3137106874496","0.0430785652460551"
"fenton_2013","37.7142857142857","weeks","f","head_circ","cm","1","33.4033106019719","0.0428633716205653"
"fenton_2013","37.8571428571429","weeks","f","head_circ","cm","1","33.4917578607824","0.042649248876695"
"fenton_2013","38","weeks","f","head_circ","cm","1","33.5790767045389","0.042436293448993"
"fenton_2013","38.1428571428571","weeks","f","head_circ","cm","1","33.6652913738996","0.0422246017720085"
"fenton_2013","38.2857142857143","weeks","f","head_circ","cm","1","33.7504261095222","0.0420142702802903"
"fenton_2013","38.4285714285714","weeks","f","head_circ","cm","1","33.8345051520646","0.0418053954083875"
"fenton_2013","38.5714285714286","weeks","f","head_circ","cm","1","33.9175527421849","0.0415980735908493"
"fenton_2013","38.7142857142857","weeks","f","head_circ","cm","1","33.9995931205394","0.0413924012622319"
"fenton_2013","38.8571428571429","weeks","f","head_circ","cm","1","34.0806505277834","0.0411884748570984"
"fenton_2013","39","weeks","f","head_circ","cm","1","34.160749204572","0.0409863908100122"
"fenton_2013","39.1428571428571","weeks","f","head_circ","cm","1","34.2399133915604","0.0407862455555366"
"fenton_2013","39.2857142857143","weeks","f","head_circ","cm","1","34.3181673294036","0.0405881355282351"
"fenton_2013","39.4285714285714","weeks","f","head_circ","cm","1","34.395535258757","0.0403921571626711"
"fenton_2013","39.5714285714286","weeks","f","head_circ","cm","1","34.4720414202757","0.040198406893407"
"fenton_2013","39.7142857142857","weeks","f","head_circ","cm","1","34.54771005462","0.0400069811549837"
"fenton_2013","39.8571428571429","weeks","f","head_circ","cm","1","34.6225654024551","0.0398179763819207"
"fenton_2013","40","weeks","f","head_circ","cm","1","34.6966317044463","0.0396314890087366"
"fenton_2013","40.1428571428571","weeks","f","head_circ","cm","1","34.7699332012588","0.03944761546995"
"fenton_2013","40.2857142857143","weeks","f","head_circ","cm","1","34.8424941335581","0.0392664522000792"
"fenton_2013","40.4285714285714","weeks","f","head_circ","cm","1","34.9143387420095","0.039088095633643"
"fenton_2013","40.5714285714286","weeks","f","head_circ","cm","1","34.9854909646336","0.0389126393177304"
"fenton_2013","40.7142857142857","weeks","f","head_circ","cm","1","35.0559677786261","0.0387401103885557"
"fenton_2013","40.8571428571429","weeks","f","head_circ","cm","1","35.1257792003572","0.0385704695714582"
"fenton_2013","41","weeks","f","head_circ","cm","1","35.1949349435525","0.0384036747043479"
"fenton_2013","41.1428571428571","weeks","f","head_circ","cm","1","35.2634447219378","0.0382396836251347"
"fenton_2013","41.2857142857143","weeks","f","head_circ","cm","1","35.3313182492388","0.0380784541717286"
"fenton_2013","41.4285714285714","weeks","f","head_circ","cm","1","35.398565239181","0.0379199441820396"
"fenton_2013","41.5714285714286","weeks","f","head_circ","cm","1","35.4651954054932","0.0377641114939647"
"fenton_2013","41.7142857142857","weeks","f","head_circ","cm","1","35.5312184619719","0.0376109139451064"
"fenton_2013","41.8571428571429","weeks","f","head_circ","cm","1","35.5966441224815","0.0374603093727723"
"fenton_2013","42","weeks","f","head_circ","cm","1","35.6614821008895","0.0373122556142571"
"fenton_2013","42.1428571428571","weeks","f","head_circ","cm","1","35.7257421110632","0.0371667105068558"
"fenton_2013","42.2857142857143","weeks","f","head_circ","cm","1","35.78943386687","0.0370236318878631"
"fenton_2013","42.4285714285714","weeks","f","head_circ","cm","1","35.8525670821774","0.0368829775945737"
"fenton_2013","42.5714285714286","weeks","f","head_circ","cm","1","35.9151514708417","0.0367447054643305"
"fenton_2013","42.7142857142857","weeks","f","head_circ","cm","1","35.9771967464658","0.0366087733355759"
"fenton_2013","42.8571428571429","weeks","f","head_circ","cm","1","36.0387126223994","0.0364751390478525"
"fenton_2013","43","weeks","f","head_circ","cm","1","36.0997088119809","0.0363437604407508"
"fenton_2013","43.1428571428571","weeks","f","head_circ","cm","1","36.1601950285488","0.036214595353861"
"fenton_2013","43.2857142857143","weeks","f","head_circ","cm","1","36.2201809854417","0.0360876016267738"
"fenton_2013","43.4285714285714","weeks","f","head_circ","cm","1","36.279676395998","0.0359627370990794"
"fenton_2013","43.5714285714286","weeks","f","head_circ","cm","1","36.3386909735975","0.0358399596101897"
"fenton_2013","43.7142857142857","weeks","f","head_circ","cm","1","36.3972344325655","0.0357192269954117"
"fenton_2013","43.8571428571429","weeks","f","head_circ","cm","1","36.4553164881732","0.0356004970859468"
"fenton_2013","44","weeks","f","head_circ","cm","1","36.512946855733","0.0354837277128183"
"fenton_2013","44.1428571428571","weeks","f","head_circ","cm","1","36.5701352505572","0.0353688767070493"
"fenton_2013","44.2857142857143","weeks","f","head_circ","cm","1","36.6268913879581","0.035255901899663"
"fenton_2013","44.4285714285714","weeks","f","head_circ","cm","1","36.683224983248","0.0351447611216826"
"fenton_2013","44.5714285714286","weeks","f","head_circ","cm","1","36.7391457515858","0.0350354122047974"
"fenton_2013","44.7142857142857","weeks","f","head_circ","cm","1","36.7946634046007","0.0349278129960171"
"fenton_2013","44.8571428571429","weeks","f","head_circ","cm","1","36.849787650392","0.0348219213576722"
"fenton_2013","45","weeks","f","head_circ","cm","1","36.9045281969058","0.0347176951527593"
"fenton_2013","45.1428571428571","weeks","f","head_circ","cm","1","36.9588947520881","0.0346150922442748"
"fenton_2013","45.2857142857143","weeks","f","head_circ","cm","1","37.0128970238848","0.0345140704952153"
"fenton_2013","45.4285714285714","weeks","f","head_circ","cm","1","37.0665447202419","0.0344145877685773"
"fenton_2013","45.5714285714286","weeks","f","head_circ","cm","1","37.1198475496782","0.0343166019248713"
"fenton_2013","45.7142857142857","weeks","f","head_circ","cm","1","37.1728152338853","0.0342200707674308"
"fenton_2013","45.8571428571429","weeks","f","head_circ","cm","1","37.2254575077281","0.034124952042412"
"fenton_2013","46","weeks","f","head_circ","cm","1","37.2777841066442","0.0340312034934854"
"fenton_2013","46.1428571428571","weeks","f","head_circ","cm","1","37.3298047660711","0.0339387828643213"
"fenton_2013","46.2857142857143","weeks","f","head_circ","cm","1","37.3815292214463","0.0338476478985899"
"fenton_2013","46.4285714285714","weeks","f","head_circ","cm","1","37.4329672082074","0.0337577563399616"
"fenton_2013","46.5714285714286","weeks","f","head_circ","cm","1","37.4841284596545","0.0336690659413845"
"fenton_2013","46.7142857142857","weeks","f","head_circ","cm","1","37.535022659925","0.0335815346691946"
"fenton_2013","46.8571428571429","weeks","f","head_circ","cm","1","37.5856594439942","0.033495120703116"
"fenton_2013","47","weeks","f","head_circ","cm","1","37.6360484446997","0.0334097822321503"
"fenton_2013","47.1428571428571","weeks","f","head_circ","cm","1","37.6861992948791","0.0333254774452992"
"fenton_2013","47.2857142857143","weeks","f","head_circ","cm","1","37.73612162737","0.0332421645315646"
"fenton_2013","47.4285714285714","weeks","f","head_circ","cm","1","37.7858250750101","0.0331598016799481"
"fenton_2013","47.5714285714286","weeks","f","head_circ","cm","1","37.8353192786142","0.0330783470448264"
"fenton_2013","47.7142857142857","weeks","f","head_circ","cm","1","37.884614062474","0.0329977579842017"
"fenton_2013","47.8571428571429","weeks","f","head_circ","cm","1","37.9337194343581","0.0329179910597013"
"fenton_2013","48","weeks","f","head_circ","cm","1","37.982645410012","0.0328390027983274"
"fenton_2013","48.1428571428571","weeks","f","head_circ","cm","1","38.0314020051817","0.0327607497270823"
"fenton_2013","48.2857142857143","weeks","f","head_circ","cm","1","38.0799992356127","0.0326831883729685"
"fenton_2013","48.4285714285714","weeks","f","head_circ","cm","1","38.128447117051","0.0326062752629883"
"fenton_2013","48.5714285714286","weeks","f","head_circ","cm","1","38.1767556354706","0.0325299670533661"
"fenton_2013","48.7142857142857","weeks","f","head_circ","cm","1","38.224934092101","0.0324542233724375"
"fenton_2013","48.8571428571429","weeks","f","head_circ","cm","1","38.2729911034271","0.0323790068206487"
"fenton_2013","49","weeks","f","head_circ","cm","1","38.3209352561619","0.0323042801276683"
"fenton_2013","49.1428571428571","weeks","f","head_circ","cm","1","38.3687751370188","0.0322300060231648"
"fenton_2013","49.2857142857143","weeks","f","head_circ","cm","1","38.4165193327108","0.0321561472368068"
"fenton_2013","49.4285714285714","weeks","f","head_circ","cm","1","38.4641764299513","0.0320826664982629"
"fenton_2013","49.5714285714286","weeks","f","head_circ","cm","1","38.5117552783397","0.0320095253961529"
"fenton_2013","49.7142857142857","weeks","f","head_circ","cm","1","38.5592707738585","0.0319366592749802"
"fenton_2013","49.8571428571429","weeks","f","head_circ","cm","1","38.6067438588735","0.0318639772351314"
"fenton_2013","50","weeks","f","head_circ","cm","1","38.6541957386364","0.0317913872359448"
"fenton_2013","23.5","weeks","f","length","cm","1","29.5918595454545","0.060939"
"fenton_2013","23.5714285714286","weeks","f","length","cm","1","29.6875437536612","0.0610643714477708"
"fenton_2013","23.7142857142857","weeks","f","length","cm","1","29.8789223494441","0.0613147081871034"
"fenton_2013","23.8571428571429","weeks","f","length","cm","1","30.0703314833358","0.0615638264578084"
"fenton_2013","24","weeks","f","length","cm","1","30.2617915140752","0.0618109139474677"
"fenton_2013","24.1428571428571","weeks","f","length","cm","1","30.4533228004017","0.0620551583436628"
"fenton_2013","24.2857142857143","weeks","f","length","cm","1","30.6449457010542","0.0622957473339756"
"fenton_2013","24.4285714285714","weeks","f","length","cm","1","30.836680574772","0.0625318686059875"
"fenton_2013","24.5714285714286","weeks","f","length","cm","1","31.0285473544552","0.0627627268382278"
"fenton_2013","24.7142857142857","weeks","f","length","cm","1","31.2205561787083","0.0629879175010139"
"fenton_2013","24.8571428571429","weeks","f","length","cm","1","31.41270739184","0.0632074268564524"
"fenton_2013","25","weeks","f","length","cm","1","31.6050009123198","0.0634212581575969"
"fenton_2013","25.1428571428571","weeks","f","length","cm","1","31.7974366586175","0.0636294146575011"
"fenton_2013","25.2857142857143","weeks","f","length","cm","1","31.9900145492029","0.0638318996092187"
"fenton_2013","25.4285714285714","weeks","f","length","cm","1","32.1827345025456","0.0640287162658033"
"fenton_2013","25.5714285714286","weeks","f","length","cm","1","32.3755965512185","0.064219863327598"
"fenton_2013","25.7142857142857","weeks","f","length","cm","1","32.5686033521682","0.0644052347826018"
"fenton_2013","25.8571428571429","weeks","f","length","cm","1","32.7617601867149","0.0645846199064693"
"fenton_2013","26","weeks","f","length","cm","1","32.955072450282","0.0647578034221446"
"fenton_2013","26.1428571428571","weeks","f","length","cm","1","33.1485455382928","0.0649245700525718"
"fenton_2013","26.2857142857143","weeks","f","length","cm","1","33.3421848461707","0.065084704520695"
"fenton_2013","26.4285714285714","weeks","f","length","cm","1","33.5359957693392","0.0652379915494583"
"fenton_2013","26.5714285714286","weeks","f","length","cm","1","33.7299836726478","0.0653842170817009"
"fenton_2013","26.7142857142857","weeks","f","length","cm","1","33.9241532177472","0.0655231951178501"
"fenton_2013","26.8571428571429","weeks","f","length","cm","1","34.1185083630893","0.0656547677159212"
"fenton_2013","27","weeks","f","length","cm","1","34.3130530365522","0.0657787781538248"
"fenton_2013","27.1428571428571","weeks","f","length","cm","1","34.5077911660141","0.0658950697094712"
"fenton_2013","27.2857142857143","weeks","f","length","cm","1","34.7027266793528","0.066003485660771"
"fenton_2013","27.4285714285714","weeks","f","length","cm","1","34.8978635044467","0.0661038692856347"
"fenton_2013","27.5714285714286","weeks","f","length","cm","1","35.0932055773658","0.0661960635351028"
"fenton_2013","27.7142857142857","weeks","f","length","cm","1","35.2887570226022","0.0662799038422078"
"fenton_2013","27.8571428571429","weeks","f","length","cm","1","35.4845221530693","0.0663552181219741"
"fenton_2013","28","weeks","f","length","cm","1","35.6805052898726","0.0664218339625563"
"fenton_2013","28.1428571428571","weeks","f","length","cm","1","35.8767107541178","0.066479578952109"
"fenton_2013","28.2857142857143","weeks","f","length","cm","1","36.0731428669107","0.0665282806787865"
"fenton_2013","28.4285714285714","weeks","f","length","cm","1","36.2698059493569","0.0665677667307434"
"fenton_2013","28.5714285714286","weeks","f","length","cm","1","36.4667043203668","0.0665978647837189"
"fenton_2013","28.7142857142857","weeks","f","length","cm","1","36.6638422483637","0.0666184045278961"
"fenton_2013","28.8571428571429","weeks","f","length","cm","1","36.8612239512834","0.0666292176679024"
"fenton_2013","29","weeks","f","length","cm","1","37.0588536448664","0.0666301359959499"
"fenton_2013","29.1428571428571","weeks","f","length","cm","1","37.2567355448534","0.0666209913042504"
"fenton_2013","29.2857142857143","weeks","f","length","cm","1","37.454873866985","0.066601615385016"
"fenton_2013","29.4285714285714","weeks","f","length","cm","1","37.6532728270019","0.0665718400304586"
"fenton_2013","29.5714285714286","weeks","f","length","cm","1","37.851936641233","0.0665314970093219"
"fenton_2013","29.7142857142857","weeks","f","length","cm","1","38.050869539535","0.0664804175505811"
"fenton_2013","29.8571428571429","weeks","f","length","cm","1","38.250075765293","0.0664184323434424"
"fenton_2013","30","weeks","f","length","cm","1","38.44955956248","0.0663453720536441"
"fenton_2013","30.1428571428571","weeks","f","length","cm","1","38.6493251750691","0.0662610673469243"
"fenton_2013","30.2857142857143","weeks","f","length","cm","1","38.8493768470335","0.0661653488890212"
"fenton_2013","30.4285714285714","weeks","f","length","cm","1","39.0497188223463","0.0660580473456729"
"fenton_2013","30.5714285714286","weeks","f","length","cm","1","39.2503538746733","0.0659390024996931"
"fenton_2013","30.7142857142857","weeks","f","length","cm","1","39.4512509606111","0.0658082638266309"
"fenton_2013","30.8571428571429","weeks","f","length","cm","1","39.6523452196875","0.0656660904947711"
"fenton_2013","31","weeks","f","length","cm","1","39.8535703211227","0.0655127507894737"
"fenton_2013","31.1428571428571","weeks","f","length","cm","1","40.0548599341372","0.065348512996099"
"fenton_2013","31.2857142857143","weeks","f","length","cm","1","40.2561477279512","0.0651736454000072"
"fenton_2013","31.4285714285714","weeks","f","length","cm","1","40.4573673717851","0.0649884162865583"
"fenton_2013","31.5714285714286","weeks","f","length","cm","1","40.6584525349014","0.0647930939394277"
"fenton_2013","31.7142857142857","weeks","f","length","cm","1","40.8593368875341","0.0645879466035368"
"fenton_2013","31.8571428571429","weeks","f","length","cm","1","41.0599541008881","0.0643732424850537"
"fenton_2013","32","weeks","f","length","cm","1","41.2602378462108","0.0641492497884612"
"fenton_2013","32.1428571428571","weeks","f","length","cm","1","41.4601217947495","0.0639162367182425"
"fenton_2013","32.2857142857143","weeks","f","length","cm","1","41.6595396177517","0.0636744714788804"
"fenton_2013","32.4285714285714","weeks","f","length","cm","1","41.8584249864645","0.063424222274858"
"fenton_2013","32.5714285714286","weeks","f","length","cm","1","42.0567115721241","0.0631657573111096"
"fenton_2013","32.7142857142857","weeks","f","length","cm","1","42.2543330457062","0.0628993448029539"
"fenton_2013","32.8571428571429","weeks","f","length","cm","1","42.4512230779262","0.0626252529760932"
"fenton_2013","33","weeks","f","length","cm","1","42.6473153394885","0.0623437500566816"
"fenton_2013","33.1428571428571","weeks","f","length","cm","1","42.8425435010972","0.062055104270873"
"fenton_2013","33.2857142857143","weeks","f","length","cm","1","43.0368412334565","0.0617595838448213"
"fenton_2013","33.4285714285714","weeks","f","length","cm","1","43.2301422072705","0.0614574570046806"
"fenton_2013","33.5714285714286","weeks","f","length","cm","1","43.4223800932466","0.0611489919764839"
"fenton_2013","33.7142857142857","weeks","f","length","cm","1","43.6134885621618","0.0608344569834816"
"fenton_2013","33.8571428571429","weeks","f","length","cm","1","43.8034012848626","0.0605141202461421"
"fenton_2013","34","weeks","f","length","cm","1","43.9920519321988","0.0601882499848125"
"fenton_2013","34.1428571428571","weeks","f","length","cm","1","44.1793741750202","0.0598571144198401"
"fenton_2013","34.2857142857143","weeks","f","length","cm","1","44.3653016841765","0.059520981771572"
"fenton_2013","34.4285714285714","weeks","f","length","cm","1","44.5497681305175","0.0591801202603554"
"fenton_2013","34.5714285714286","weeks","f","length","cm","1","44.732707184892","0.05883479810657"
"fenton_2013","34.7142857142857","weeks","f","length","cm","1","44.9140525181303","0.058485283531341"
"fenton_2013","34.8571428571429","weeks","f","length","cm","1","45.093737801044","0.0581318447565393"
"fenton_2013","35","weeks","f","length","cm","1","45.2716967044436","0.0577747500040681"
"fenton_2013","35.1428571428571","weeks","f","length","cm","1","45.4478628991401","0.0574142674958306"
"fenton_2013","35.2857142857143","weeks","f","length","cm","1","45.6221700559441","0.0570506654537302"
"fenton_2013","35.4285714285714","weeks","f","length","cm","1","45.7945518456663","0.0566842120996701"
"fenton_2013","35.5714285714286","weeks","f","length","cm","1","45.9649440978772","0.0563151756555448"
"fenton_2013","35.7142857142857","weeks","f","length","cm","1","46.1333322936236","0.0559438243430489"
"fenton_2013","35.8571428571429","weeks","f","length","cm","1","46.2997515654278","0.0555704263836769"
"fenton_2013","36","weeks","f","length","cm","1","46.4642392045723","0.0551952499989146"
"fenton_2013","36.1428571428571","weeks","f","length","cm","1","46.6268325023396","0.0548185634102479"
"fenton_2013","36.2857142857143","weeks","f","length","cm","1","46.7875687500119","0.0544406348391626"
"fenton_2013","36.4285714285714","weeks","f","length","cm","1","46.9464852388718","0.0540617325071444"
"fenton_2013","36.5714285714286","weeks","f","length","cm","1","47.1036192602015","0.0536821246356816"
"fenton_2013","36.7142857142857","weeks","f","length","cm","1","47.259008105282","0.0533020794463168"
"fenton_2013","36.8571428571429","weeks","f","length","cm","1","47.4126890653927","0.0529218651606473"
"fenton_2013","37","weeks","f","length","cm","1","47.564699431813","0.0525417500002725"
"fenton_2013","37.1428571428571","weeks","f","length","cm","1","47.7150764958222","0.0521620021867919"
"fenton_2013","37.2857142857143","weeks","f","length","cm","1","47.8638575486999","0.0517828899418051"
"fenton_2013","37.4285714285714","weeks","f","length","cm","1","48.0110798817253","0.0514046814869117"
"fenton_2013","37.5714285714286","weeks","f","length","cm","1","48.156780786178","0.0510276450437102"
"fenton_2013","37.7142857142857","weeks","f","length","cm","1","48.300997553338","0.0506520488337817"
"fenton_2013","37.8571428571429","weeks","f","length","cm","1","48.4437674744862","0.050278161078689"
"fenton_2013","38","weeks","f","length","cm","1","48.5851278409036","0.0499062499999942"
"fenton_2013","38.1428571428571","weeks","f","length","cm","1","48.7251159438711","0.0495365838192595"
"fenton_2013","38.2857142857143","weeks","f","length","cm","1","48.8637690746695","0.0491694307580471"
"fenton_2013","38.4285714285714","weeks","f","length","cm","1","49.0011245245799","0.048805059037919"
"fenton_2013","38.5714285714286","weeks","f","length","cm","1","49.1372195848831","0.0484437368804381"
"fenton_2013","38.7142857142857","weeks","f","length","cm","1","49.2720915468584","0.0480857325071846"
"fenton_2013","38.8571428571429","weeks","f","length","cm","1","49.4057777017837","0.0477313141397556"
"fenton_2013","39","weeks","f","length","cm","1","49.5383153409368","0.0473807499997491"
"fenton_2013","39.1428571428571","weeks","f","length","cm","1","49.6697417555957","0.0470343083087631"
"fenton_2013","39.2857142857143","weeks","f","length","cm","1","49.8000942370381","0.0466922572883957"
"fenton_2013","39.4285714285714","weeks","f","length","cm","1","49.9294100765418","0.0463548651602446"
"fenton_2013","39.5714285714286","weeks","f","length","cm","1","50.057726565385","0.0460224001459059"
"fenton_2013","39.7142857142857","weeks","f","length","cm","1","50.1850809948508","0.0456951304669243"
"fenton_2013","39.8571428571429","weeks","f","length","cm","1","50.3115106562276","0.0453733243447942"
"fenton_2013","40","weeks","f","length","cm","1","50.4370528408042","0.0450572500010076"
"fenton_2013","40.1428571428571","weeks","f","length","cm","1","50.5617448398692","0.0447471756570564"
"fenton_2013","40.2857142857143","weeks","f","length","cm","1","50.6856239447112","0.0444433695344326"
"fenton_2013","40.4285714285714","weeks","f","length","cm","1","50.8087274466189","0.0441460998546283"
"fenton_2013","40.5714285714286","weeks","f","length","cm","1","50.9310920741648","0.0438556271860823"
"fenton_2013","40.7142857142857","weeks","f","length","cm","1","51.0527416134491","0.0435720360770113"
"fenton_2013","40.8571428571429","weeks","f","length","cm","1","51.1736869080998","0.0432952350554097"
"fenton_2013","41","weeks","f","length","cm","1","51.2939382390288","0.0430251249962188"
"fenton_2013","41.1428571428571","weeks","f","length","cm","1","51.4135058871479","0.0427616067743798"
"fenton_2013","41.2857142857143","weeks","f","length","cm","1","51.532400133369","0.0425045812648342"
"fenton_2013","41.4285714285714","weeks","f","length","cm","1","51.6506312586039","0.0422539493425231"
"fenton_2013","41.5714285714286","weeks","f","length","cm","1","51.7682095437676","0.0420096118823578"
"fenton_2013","41.7142857142857","weeks","f","length","cm","1","51.885145269847","0.0417714697585563"
"fenton_2013","41.8571428571429","weeks","f","length","cm","1","52.0014487179007","0.0415394238446439"
"fenton_2013","42","weeks","f","length","cm","1","52.1171301689906","0.0413133750141155"
"fenton_2013","42.1428571428571","weeks","f","length","cm","1","52.2321999041786","0.0410932241404662"
"fenton_2013","42.2857142857143","weeks","f","length","cm","1","52.3466682045264","0.0408788720971909"
"fenton_2013","42.4285714285714","weeks","f","length","cm","1","52.4605453510959","0.0406702197577847"
"fenton_2013","42.5714285714286","weeks","f","length","cm","1","52.5738416249373","0.040467167995855"
"fenton_2013","42.7142857142857","weeks","f","length","cm","1","52.6865673068325","0.0402696176875954"
"fenton_2013","42.8571428571429","weeks","f","length","cm","1","52.7987326772954","0.0400774697117855"
"fenton_2013","43","weeks","f","length","cm","1","52.9103480168278","0.0398906249473174"
"fenton_2013","43.1428571428571","weeks","f","length","cm","1","53.021423605932","0.0397089842730831"
"fenton_2013","43.2857142857143","weeks","f","length","cm","1","53.1319697251101","0.0395324485679747"
"fenton_2013","43.4285714285714","weeks","f","length","cm","1","53.241996654864","0.0393609187108844"
"fenton_2013","43.5714285714286","weeks","f","length","cm","1","53.3515146757394","0.0391942955802845"
"fenton_2013","43.7142857142857","weeks","f","length","cm","1","53.4605340692829","0.0390324800449962"
"fenton_2013","43.8571428571429","weeks","f","length","cm","1","53.5690651180421","0.0388753729641891"
"fenton_2013","44","weeks","f","length","cm","1","53.6771181046081","0.0387228751966134"
"fenton_2013","44.1428571428571","weeks","f","length","cm","1","53.7847033115721","0.0385748876010191"
"fenton_2013","44.2857142857143","weeks","f","length","cm","1","53.8918310215251","0.0384313110361564"
"fenton_2013","44.4285714285714","weeks","f","length","cm","1","53.9985115170585","0.0382920463607753"
"fenton_2013","44.5714285714286","weeks","f","length","cm","1","54.1047550806007","0.038156994435192"
"fenton_2013","44.7142857142857","weeks","f","length","cm","1","54.2105719908448","0.038026056155742"
"fenton_2013","44.8571428571429","weeks","f","length","cm","1","54.3159725227479","0.0378991324547803"
"fenton_2013","45","weeks","f","length","cm","1","54.4209669511045","0.0377761242662277"
"fenton_2013","45.1428571428571","weeks","f","length","cm","1","54.5255655507094","0.0376569325240052"
"fenton_2013","45.2857142857143","weeks","f","length","cm","1","54.6297785963573","0.0375414581620339"
"fenton_2013","45.4285714285714","weeks","f","length","cm","1","54.7336163628427","0.0374296021142346"
"fenton_2013","45.5714285714286","weeks","f","length","cm","1","54.8370891255667","0.0373212653086838"
"fenton_2013","45.7142857142857","weeks","f","length","cm","1","54.9402071738721","0.0372163485390315"
"fenton_2013","45.8571428571429","weeks","f","length","cm","1","55.0429808110444","0.037114752464502"
"fenton_2013","46","weeks","f","length","cm","1","55.145420340975","0.0370163777384746"
"fenton_2013","46.1428571428571","weeks","f","length","cm","1","55.2475360675553","0.036921125014329"
"fenton_2013","46.2857142857143","weeks","f","length","cm","1","55.3493382946768","0.0368288949454444"
"fenton_2013","46.4285714285714","weeks","f","length","cm","1","55.4508373262311","0.0367395881852005"
"fenton_2013","46.5714285714286","weeks","f","length","cm","1","55.5520434638472","0.036653105408789"
"fenton_2013","46.7142857142857","weeks","f","length","cm","1","55.6529669571213","0.0365693477930871"
"fenton_2013","46.8571428571429","weeks","f","length","cm","1","55.7536180036164","0.0364882170166568"
"fenton_2013","47","weeks","f","length","cm","1","55.8540067986332","0.0364096147798726"
"fenton_2013","47.1428571428571","weeks","f","length","cm","1","55.9541435374724","0.0363334427831093"
"fenton_2013","47.2857142857143","weeks","f","length","cm","1","56.0540384154348","0.0362596027267413"
"fenton_2013","47.4285714285714","weeks","f","length","cm","1","56.1537016278212","0.0361879963111432"
"fenton_2013","47.5714285714286","weeks","f","length","cm","1","56.2531433783751","0.0361185251552845"
"fenton_2013","47.7142857142857","weeks","f","length","cm","1","56.3523740650306","0.0360510890058204"
"fenton_2013","47.8571428571429","weeks","f","length","cm","1","56.4514042799114","0.0359855857370916"
"fenton_2013","48","weeks","f","length","cm","1","56.5502446235844","0.0359219131420338"
"fenton_2013","48.1428571428571","weeks","f","length","cm","1","56.6489056966167","0.0358599690135827"
"fenton_2013","48.2857142857143","weeks","f","length","cm","1","56.747398099575","0.035799651144674"
"fenton_2013","48.4285714285714","weeks","f","length","cm","1","56.8457324330262","0.0357408573282434"
"fenton_2013","48.5714285714286","weeks","f","length","cm","1","56.9439192660275","0.0356834856610342"
"fenton_2013","48.7142857142857","weeks","f","length","cm","1","57.0419684429087","0.0356274412273622"
"fenton_2013","48.8571428571429","weeks","f","length","cm","1","57.1398890832726","0.035572636099116"
"fenton_2013","49","weeks","f","length","cm","1","57.2376902752121","0.0355189826519914"
"fenton_2013","49.1428571428571","weeks","f","length","cm","1","57.3353811068202","0.0354663932616845"
"fenton_2013","49.2857142857143","weeks","f","length","cm","1","57.4329706661898","0.0354147803038914"
"fenton_2013","49.4285714285714","weeks","f","length","cm","1","57.5304680414138","0.0353640561543079"
"fenton_2013","49.5714285714286","weeks","f","length","cm","1","57.6278825988213","0.0353141305059714"
"fenton_2013","49.7142857142857","weeks","f","length","cm","1","57.725230104174","0.0352648513507648"
"fenton_2013","49.8571428571429","weeks","f","length","cm","1","57.8225327226659","0.0352160049794175"
"fenton_2013","50","weeks","f","length","cm","1","57.9198128977273","0.035167375"
"fenton_2013","22.5","weeks","f","weight","kg","0.07","0.509","0.141"
"fenton_2013","22.5714285714286","weeks","f","weight","kg","0.0909561423514779","0.5129417451083039","0.141753313768707"
"fenton_2013","22.7142857142857","weeks","f","weight","kg","0.132926572171614","0.520865133755834","0.143272624826488"
"fenton_2013","22.8571428571429","weeks","f","weight","kg","0.175071437343292","0.5289082176961301","0.144829986445367"
"fenton_2013","23","weeks","f","weight","kg","0.217507028100873","0.537150793791038","0.146450765666077"
"fenton_2013","23.1428571428571","weeks","f","weight","kg","0.260349634678721","0.545672658902401","0.148160329529351"
"fenton_2013","23.2857142857143","weeks","f","weight","kg","0.303715547311196","0.5545536098920649","0.149984045075922"
"fenton_2013","23.4285714285714","weeks","f","weight","kg","0.347721056232659","0.563873443621873","0.151947279346521"
"fenton_2013","23.5714285714286","weeks","f","weight","kg","0.39247365809118","0.5737093340290831","0.15407437325808"
"fenton_2013","23.7142857142857","weeks","f","weight","kg","0.437878597050105","0.584078127785433","0.156366066880117"
"fenton_2013","23.8571428571429","weeks","f","weight","kg","0.483638864788056","0.5949363442971409","0.158799499434735"
"fenton_2013","24","weeks","f","weight","kg","0.529448659397362","0.606237880045842","0.161350784020234"
"fenton_2013","24.1428571428571","weeks","f","weight","kg","0.575002178970352","0.617936631513165","0.163996033734917"
"fenton_2013","24.2857142857143","weeks","f","weight","kg","0.619993621599358","0.629986495180744","0.166711361677086"
"fenton_2013","24.4285714285714","weeks","f","weight","kg","0.664117185376707","0.6423413675302101","0.169472880945043"
"fenton_2013","24.5714285714286","weeks","f","weight","kg","0.707071983338151","0.65495584785369","0.172256979586133"
"fenton_2013","24.7142857142857","weeks","f","weight","kg","0.748670172218104","0.667800700084702","0.175046369475707"
"fenton_2013","24.8571428571429","weeks","f","weight","kg","0.788836952449649","0.680862852798154","0.177830086317122"
"fenton_2013","25","weeks","f","weight","kg","0.827502439409287","0.694129937379449","0.180597440762778"
"fenton_2013","25.1428571428571","weeks","f","weight","kg","0.864596748473519","0.70758958521399","0.183337743465075"
"fenton_2013","25.2857142857143","weeks","f","weight","kg","0.900049995018849","0.721229427687179","0.186040305076414"
"fenton_2013","25.4285714285714","weeks","f","weight","kg","0.933792294421778","0.7350370961844199","0.188694436249194"
"fenton_2013","25.5714285714286","weeks","f","weight","kg","0.96575586734049","0.749000657339559","0.19128962816895"
"fenton_2013","25.7142857142857","weeks","f","weight","kg","0.995921355911887","0.76311818850061","0.193819524283296"
"fenton_2013","25.8571428571429","weeks","f","weight","kg","1.02431782375159","0.777397777729759","0.196281920301925"
"fenton_2013","26","weeks","f","weight","kg","1.0509764397569","0.791847948337634","0.198674792467667"
"fenton_2013","26.1428571428571","weeks","f","weight","kg","1.07592837282511","0.806477223634864","0.200996117023348"
"fenton_2013","26.2857142857143","weeks","f","weight","kg","1.09920479185353","0.8212941269320749","0.203243870211797"
"fenton_2013","26.4285714285714","weeks","f","weight","kg","1.12083686573947","0.836307181539895","0.205416028275841"
"fenton_2013","26.5714285714286","weeks","f","weight","kg","1.14085576338021","0.851524961228031","0.207510587198763"
"fenton_2013","26.7142857142857","weeks","f","weight","kg","1.15929265367307","0.8669572003249669","0.209525996994266"
"fenton_2013","26.8571428571429","weeks","f","weight","kg","1.17617870551535","0.882614793717971","0.211461161706477"
"fenton_2013","27","weeks","f","weight","kg","1.19154508780434","0.898508686753386","0.213315005119978"
"fenton_2013","27.1428571428571","weeks","f","weight","kg","1.20542296943735","0.914649824777555","0.215086451019347"
"fenton_2013","27.2857142857143","weeks","f","weight","kg","1.21784351931168","0.9310491531368229","0.216774423189167"
"fenton_2013","27.4285714285714","weeks","f","weight","kg","1.22883790632464","0.947717617177534","0.218377845414017"
"fenton_2013","27.5714285714286","weeks","f","weight","kg","1.23843729937352","0.964666148727114","0.21989563618904"
"fenton_2013","27.7142857142857","weeks","f","weight","kg","1.24667286735562","0.981905368677912","0.221326592352292"
"fenton_2013","27.8571428571429","weeks","f","weight","kg","1.25357577916825","0.999445586987196","0.222669389084745"
"fenton_2013","28","weeks","f","weight","kg","1.25917720370871","1.01729710009332","0.223922696277932"
"fenton_2013","28.1428571428571","weeks","f","weight","kg","1.26350830987431","1.03547020443463","0.225085183823386"
"fenton_2013","28.2857142857143","weeks","f","weight","kg","1.26660026656233","1.0539751964494801","0.226155521612641"
"fenton_2013","28.4285714285714","weeks","f","weight","kg","1.26848424267009","1.07282237257622","0.227132379537229"
"fenton_2013","28.5714285714286","weeks","f","weight","kg","1.26919140709488","1.0920220328697998","0.228014428905984"
"fenton_2013","28.7142857142857","weeks","f","weight","kg","1.26875292873401","1.11158456056669","0.228800373625658"
"fenton_2013","28.8571428571429","weeks","f","weight","kg","1.26719997648478","1.1315204220849","0.22948895020092"
"fenton_2013","29","weeks","f","weight","kg","1.26456371924449","1.15184008745905","0.23007889655374"
"fenton_2013","29.1428571428571","weeks","f","weight","kg","1.26087532591044","1.17255402672373","0.23056895060609"
"fenton_2013","29.2857142857143","weeks","f","weight","kg","1.25616596537994","1.19367270991355","0.230957850279937"
"fenton_2013","29.4285714285714","weeks","f","weight","kg","1.25046680655029","1.21520660706311","0.231244333497254"
"fenton_2013","29.5714285714286","weeks","f","weight","kg","1.24380901831878","1.23716618725959","0.231427137800245"
"fenton_2013","29.7142857142857","weeks","f","weight","kg","1.23622376958272","1.2595618977990601","0.23150499199653"
"fenton_2013","29.8571428571429","weeks","f","weight","kg","1.22774222923942","1.28240416418657","0.231476616159143"
"fenton_2013","30","weeks","f","weight","kg","1.21839556618616","1.3057034109796901","0.231340729981353"
"fenton_2013","30.1428571428571","weeks","f","weight","kg","1.20821494932026","1.32947006273602","0.231096053156431"
"fenton_2013","30.2857142857143","weeks","f","weight","kg","1.19723154753901","1.3537145440131302","0.230741305377646"
"fenton_2013","30.4285714285714","weeks","f","weight","kg","1.18547652973972","1.37844727936862","0.230275206338266"
"fenton_2013","30.5714285714286","weeks","f","weight","kg","1.17298106481968","1.40367818251792","0.229696603386898"
"fenton_2013","30.7142857142857","weeks","f","weight","kg","1.1597763216762","1.42940541780723","0.229007279944866"
"fenton_2013","30.8571428571429","weeks","f","weight","kg","1.14589346920658","1.4556154002134498","0.228211955506217"
"fenton_2013","31","weeks","f","weight","kg","1.13136367630813","1.48229403387136","0.227315477220332"
"fenton_2013","31.1428571428571","weeks","f","weight","kg","1.11621811187815","1.50942722291574","0.226322692236594"
"fenton_2013","31.2857142857143","weeks","f","weight","kg","1.10048794481395","1.5370008714813501","0.225238447704383"
"fenton_2013","31.4285714285714","weeks","f","weight","kg","1.08420434401283","1.56500088370299","0.224067590773082"
"fenton_2013","31.5714285714286","weeks","f","weight","kg","1.0673984783721","1.5934131639702","0.222814968564806"
"fenton_2013","31.7142857142857","weeks","f","weight","kg","1.05010151678905","1.62222362253263","0.221485427574556"
"fenton_2013","31.8571428571429","weeks","f","weight","kg","1.03234462816097","1.65141817550001","0.220083813670218"
"fenton_2013","32","weeks","f","weight","kg","1.01415898138516","1.68098273923686","0.218614972692411"
"fenton_2013","32.1428571428571","weeks","f","weight","kg","0.995575745358907","1.7109032301077","0.217083750481755"
"fenton_2013","32.2857142857143","weeks","f","weight","kg","0.976626088979492","1.74116556447703","0.215494992878871"
"fenton_2013","32.4285714285714","weeks","f","weight","kg","0.957341181144211","1.77175565870938","0.213853545724378"
"fenton_2013","32.5714285714286","weeks","f","weight","kg","0.937752190750352","1.80265942797695","0.212164254866201"
"fenton_2013","32.7142857142857","weeks","f","weight","kg","0.917890286695235","1.8338627600288702","0.210431966320302"
"fenton_2013","32.8571428571429","weeks","f","weight","kg","0.897786637876205","1.86535151519117","0.208661526270676"
"fenton_2013","33","weeks","f","weight","kg","0.877472413190609","1.89711155259759","0.206857780908625"
"fenton_2013","33.1428571428571","weeks","f","weight","kg","0.856978781535793","1.92912873138187","0.20502557642545"
"fenton_2013","33.2857142857143","weeks","f","weight","kg","0.836336911809105","1.9613889106777398","0.203169759012452"
"fenton_2013","33.4285714285714","weeks","f","weight","kg","0.81557797290789","1.99387794961892","0.201295174860934"
"fenton_2013","33.5714285714286","weeks","f","weight","kg","0.794733133729492","2.0265817118536","0.199406670160239"
"fenton_2013","33.7142857142857","weeks","f","weight","kg","0.773833563171149","2.05948616486221","0.197509091054686"
"fenton_2013","33.8571428571429","weeks","f","weight","kg","0.752910430130001","2.09257737995742","0.195607283643569"
"fenton_2013","34","weeks","f","weight","kg","0.731994903503181","2.12584143296636","0.193706094024226"
"fenton_2013","34.1428571428571","weeks","f","weight","kg","0.711118152187823","2.15926439971615","0.191810368293992"
"fenton_2013","34.2857142857143","weeks","f","weight","kg","0.69031134508106","2.19283235603391","0.189924952550205"
"fenton_2013","34.4285714285714","weeks","f","weight","kg","0.669605651080026","2.22653137774677","0.1880546928902"
"fenton_2013","34.5714285714286","weeks","f","weight","kg","0.649032239081871","2.26034752381638","0.18620443541184"
"fenton_2013","34.7142857142857","weeks","f","weight","kg","0.628622277984126","2.29426646529846","0.184379026225049"
"fenton_2013","34.8571428571429","weeks","f","weight","kg","0.608406936684703","2.32827348534284","0.182583311451818"
"fenton_2013","35","weeks","f","weight","kg","0.588417384081532","2.36235385023387","0.180822137214661"
"fenton_2013","35.1428571428571","weeks","f","weight","kg","0.568684789072542","2.39649282625589","0.179100349636093"
"fenton_2013","35.2857142857143","weeks","f","weight","kg","0.549240320555661","2.43067567969324","0.177422794838628"
"fenton_2013","35.4285714285714","weeks","f","weight","kg","0.530115147428819","2.46488767683026","0.175794318944781"
"fenton_2013","35.5714285714286","weeks","f","weight","kg","0.511340438589882","2.4991136774988","0.174219639720081"
"fenton_2013","35.7142857142857","weeks","f","weight","kg","0.492947362935295","2.5333291931229702","0.172700522719421"
"fenton_2013","35.8571428571429","weeks","f","weight","kg","0.474967089360081","2.56750038671921","0.171235781287051"
"fenton_2013","36","weeks","f","weight","kg","0.457430786759201","2.6015930148514","0.169824100410239"
"fenton_2013","36.1428571428571","weeks","f","weight","kg","0.440369624027615","2.63557283408346","0.168464165076252"
"fenton_2013","36.2857142857143","weeks","f","weight","kg","0.423814770060285","2.6694056009793097","0.167154660272358"
"fenton_2013","36.4285714285714","weeks","f","weight","kg","0.40779739375217","2.70305707210284","0.165894270985824"
"fenton_2013","36.5714285714286","weeks","f","weight","kg","0.392347790385119","2.73649276909362","0.164681682203954"
"fenton_2013","36.7142857142857","weeks","f","weight","kg","0.377476162139404","2.76967281033151","0.163515578914921"
"fenton_2013","36.8571428571429","weeks","f","weight","kg","0.363172618093715","2.80255191093663","0.162394646107763"
"fenton_2013","37","weeks","f","weight","kg","0.349426393713634","2.83508455110477","0.161317568771556"
"fenton_2013","37.1428571428571","weeks","f","weight","kg","0.336226724464739","2.8672252110317","0.160283031895375"
"fenton_2013","37.2857142857143","weeks","f","weight","kg","0.323562845812611","2.89892837091323","0.159289720468298"
"fenton_2013","37.4285714285714","weeks","f","weight","kg","0.31142399322283","2.93014851094514","0.1583363194794"
"fenton_2013","37.5714285714286","weeks","f","weight","kg","0.299799402160115","2.9608412185633703","0.157421513917747"
"fenton_2013","37.7142857142857","weeks","f","weight","kg","0.288678308069375","2.99098754772754","0.156543988772171"
"fenton_2013","37.8571428571429","weeks","f","weight","kg","0.278049946375709","3.02059401892089","0.155702429031269"
"fenton_2013","38","weeks","f","weight","kg","0.267903552503357","3.04966825986686","0.154895519683631"
"fenton_2013","38.1428571428571","weeks","f","weight","kg","0.258228361876556","3.0782178982888597","0.154121945717843"
"fenton_2013","38.2857142857143","weeks","f","weight","kg","0.249013609919546","3.10625056191032","0.153380392122493"
"fenton_2013","38.4285714285714","weeks","f","weight","kg","0.240248532056563","3.13377387845466","0.152669543886171"
"fenton_2013","38.5714285714286","weeks","f","weight","kg","0.231922363715063","3.16079658288516","0.151988085997465"
"fenton_2013","38.7142857142857","weeks","f","weight","kg","0.224024340396426","3.18735287668216","0.151334703445037"
"fenton_2013","38.8571428571429","weeks","f","weight","kg","0.216543697675966","3.2135024278429802","0.150708081217614"
"fenton_2013","39","weeks","f","weight","kg","0.209469671132211","3.23930601160485","0.15010690430393"
"fenton_2013","39.1428571428571","weeks","f","weight","kg","0.202791496343687","3.2648244032049702","0.149529857692715"
"fenton_2013","39.2857142857143","weeks","f","weight","kg","0.196498408888921","3.2901183778805496","0.148975626372701"
"fenton_2013","39.4285714285714","weeks","f","weight","kg","0.190579644346441","3.3152487108688002","0.148442895332621"
"fenton_2013","39.5714285714286","weeks","f","weight","kg","0.185024438282778","3.34027594248348","0.147930349561203"
"fenton_2013","39.7142857142857","weeks","f","weight","kg","0.179822025988552","3.36525520979849","0.147436674047137"
"fenton_2013","39.8571428571429","weeks","f","weight","kg","0.174961642478473","3.39023624664793","0.146960553779068"
"fenton_2013","40","weeks","f","weight","kg","0.170432522755256","3.4152685519424097","0.146500673745641"
"fenton_2013","40.1428571428571","weeks","f","weight","kg","0.166223901821614","3.44040162459258","0.146055718935499"
"fenton_2013","40.2857142857143","weeks","f","weight","kg","0.16232501468026","3.4656849635090397","0.145624374337288"
"fenton_2013","40.4285714285714","weeks","f","weight","kg","0.15872509633391","3.4911680676024197","0.145205324939651"
"fenton_2013","40.5714285714286","weeks","f","weight","kg","0.155413381830046","3.51689920122696","0.144797277173548"
"fenton_2013","40.7142857142857","weeks","f","weight","kg","0.152379107245865","3.54289823393992","0.144399430643167"
"fenton_2013","40.8571428571429","weeks","f","weight","kg","0.149611509688276","3.56915664050164","0.144011478125931"
"fenton_2013","41","weeks","f","weight","kg","0.147099826308956","3.59566466111604","0.143633133841575"
"fenton_2013","41.1428571428571","weeks","f","weight","kg","0.144833294259583","3.62241253598705","0.143264112009835"
"fenton_2013","41.2857142857143","weeks","f","weight","kg","0.142801150691837","3.6493905053185998","0.142904126850446"
"fenton_2013","41.4285714285714","weeks","f","weight","kg","0.140992632757395","3.67658880931463","0.142552892583145"
"fenton_2013","41.5714285714286","weeks","f","weight","kg","0.139396977440851","3.70399767132542","0.142210123427651"
"fenton_2013","41.7142857142857","weeks","f","weight","kg","0.138003417883861","3.7316069270672902","0.141875533603332"
"fenton_2013","41.8571428571429","weeks","f","weight","kg","0.136801183385144","3.75940602462265","0.141548837329202"
"fenton_2013","42","weeks","f","weight","kg","0.135779503076334","3.78738439522024","0.14122974882426"
"fenton_2013","42.1428571428571","weeks","f","weight","kg","0.134927606089065","3.81553147008882","0.140917982307504"
"fenton_2013","42.2857142857143","weeks","f","weight","kg","0.134234721554971","3.8438366804571102","0.140613251997933"
"fenton_2013","42.4285714285714","weeks","f","weight","kg","0.133690078605686","3.8722894575538698","0.140315272114546"
"fenton_2013","42.5714285714286","weeks","f","weight","kg","0.13328290699641","3.90087923707816","0.140023756876399"
"fenton_2013","42.7142857142857","weeks","f","weight","kg","0.133002450824385","3.92959555754638","0.139738420503861"
"fenton_2013","42.8571428571429","weeks","f","weight","kg","0.13283796852889","3.95842806029225","0.139458977218616"
"fenton_2013","43","weeks","f","weight","kg","0.132778719172772","3.98736639111981","0.139185141242404"
"fenton_2013","43.1428571428571","weeks","f","weight","kg","0.132813961818876","4.01640019583311","0.138916626796965"
"fenton_2013","43.2857142857143","weeks","f","weight","kg","0.132932955530049","4.0455191202361895","0.138653148104041"
"fenton_2013","43.4285714285714","weeks","f","weight","kg","0.133124959369139","4.0747128101331","0.138394419385371"
"fenton_2013","43.5714285714286","weeks","f","weight","kg","0.133379230071807","4.1039709103002595","0.138140154862483"
"fenton_2013","43.7142857142857","weeks","f","weight","kg","0.133684970848498","4.1332830418786894","0.137890068752002"
"fenton_2013","43.8571428571429","weeks","f","weight","kg","0.134031331384436","4.16263880237407","0.137643875265652"
"fenton_2013","44","weeks","f","weight","kg","0.134407459037662","4.192027788264429","0.137401288614944"
"fenton_2013","44.1428571428571","weeks","f","weight","kg","0.134802501166218","4.2214395960278","0.137162023011388"
"fenton_2013","44.2857142857143","weeks","f","weight","kg","0.135205605128143","4.25086382214221","0.136925792666495"
"fenton_2013","44.4285714285714","weeks","f","weight","kg","0.135605918281478","4.28029006308571","0.136692311791776"
"fenton_2013","44.5714285714286","weeks","f","weight","kg","0.135992596669433","4.3097079149765","0.136461294599535"
"fenton_2013","44.7142857142857","weeks","f","weight","kg","0.136354996094052","4.339106965657","0.136232455320374"
"fenton_2013","44.8571428571429","weeks","f","weight","kg","0.13668267211622","4.36847679469378","0.136005508203184"
"fenton_2013","45","weeks","f","weight","kg","0.136965188981986","4.39780698129364","0.135780167497654"
"fenton_2013","45.1428571428571","weeks","f","weight","kg","0.137192110937403","4.42708710466333","0.135556147453473"
"fenton_2013","45.2857142857143","weeks","f","weight","kg","0.13735300222852","4.4563067440096304","0.135333162320329"
"fenton_2013","45.4285714285714","weeks","f","weight","kg","0.137437427101389","4.48545547853932","0.13511092634791"
"fenton_2013","45.5714285714286","weeks","f","weight","kg","0.137434917388576","4.514523063433581","0.134889159641346"
"fenton_2013","45.7142857142857","weeks","f","weight","kg","0.137334259412515","4.54350330128505","0.134667716980948"
"fenton_2013","45.8571428571429","weeks","f","weight","kg","0.137123493985508","4.5723940420978195","0.134446587822199"
"fenton_2013","46","weeks","f","weight","kg","0.13679062950637","4.6011933118504","0.134225767476028"
"fenton_2013","46.1428571428571","weeks","f","weight","kg","0.13632367437392","4.62989913652128","0.134005251253364"
"fenton_2013","46.2857142857143","weeks","f","weight","kg","0.135710636986974","4.65850954208899","0.133785034465134"
"fenton_2013","46.4285714285714","weeks","f","weight","kg","0.134939525744349","4.68702255453201","0.133565112422268"
"fenton_2013","46.5714285714286","weeks","f","weight","kg","0.133998470013632","4.71543619032108","0.13334548044677"
"fenton_2013","46.7142857142857","weeks","f","weight","kg","0.132878381444102","4.74374824724824","0.133126134115444"
"fenton_2013","46.8571428571429","weeks","f","weight","kg","0.131572953966731","4.7719563044268","0.132907069259885"
"fenton_2013","47","weeks","f","weight","kg","0.130076002481264","4.80005793146231","0.13268828172277"
"fenton_2013","47.1428571428571","weeks","f","weight","kg","0.128381341887441","4.82805069796033","0.132469767346773"
"fenton_2013","47.2857142857143","weeks","f","weight","kg","0.126482787085004","4.8559321735264005","0.132251521974569"
"fenton_2013","47.4285714285714","weeks","f","weight","kg","0.124374152973697","4.88369992776609","0.132033541448834"
"fenton_2013","47.5714285714286","weeks","f","weight","kg","0.122048802991668","4.91135156584911","0.131815821570899"
"fenton_2013","47.7142857142857","weeks","f","weight","kg","0.119489716960426","4.93888551092141","0.131598357191186"
"fenton_2013","47.8571428571429","weeks","f","weight","kg","0.116669491084839","4.9663010041051","0.131381142209208"
"fenton_2013","48","weeks","f","weight","kg","0.113560270108182","4.99359732208651","0.131164170483132"
"fenton_2013","48.1428571428571","weeks","f","weight","kg","0.11013419877373","5.020773741551929","0.130947435871127"
"fenton_2013","48.2857142857143","weeks","f","weight","kg","0.106363421824758","5.04782953918768","0.130730932231362"
"fenton_2013","48.4285714285714","weeks","f","weight","kg","0.102220084004542","5.0747639916800695","0.130514653422006"
"fenton_2013","48.5714285714286","weeks","f","weight","kg","0.0976826917125799","5.10157624296644","0.130298593455524"
"fenton_2013","48.7142857142857","weeks","f","weight","kg","0.0928760694415406","5.12826238375806","0.130082749893224"
"fenton_2013","48.8571428571429","weeks","f","weight","kg","0.088071359777258","5.15481545154013","0.129867123845258"
"fenton_2013","49","weeks","f","weight","kg","0.0835460669617911","5.18122835104888","0.129651716576074"
"fenton_2013","49.1428571428571","weeks","f","weight","kg","0.0795776952371987","5.2074939870205394","0.129436529350119"
"fenton_2013","49.2857142857143","weeks","f","weight","kg","0.0764437488455398","5.23360526419133","0.129221563431843"
"fenton_2013","49.4285714285714","weeks","f","weight","kg","0.0744217320288732","5.2595550872975","0.129006820085692"
"fenton_2013","49.5714285714286","weeks","f","weight","kg","0.0737742713460118","5.28533753327993","0.128792299213651"
"fenton_2013","49.7142857142857","weeks","f","weight","kg","0.0744218066411153","5.31097363978677","0.12857796938097"
"fenton_2013","49.8571428571429","weeks","f","weight","kg","0.0759425910436921","5.33651140517346","0.128363767816174"
"fenton_2013","50","weeks","f","weight","kg","0.0779","5.362","0.128149630385321"
"fenton_2013","23.5","weeks","m","head_circ","cm","1","21.2567409090909","0.0579276"
"fenton_2013","23.5714285714286","weeks","m","head_circ","cm","1","21.326855526538","0.0578762668004129"
"fenton_2013","23.7142857142857","weeks","m","head_circ","cm","1","21.4670775677564","0.0577735499818473"
"fenton_2013","23.8571428571429","weeks","m","head_circ","cm","1","21.6072780279473","0.0576706819051072"
"fenton_2013","24","weeks","m","head_circ","cm","1","21.7474425197592","0.0575675617314098"
"fenton_2013","24.1428571428571","weeks","m","head_circ","cm","1","21.8875566558405","0.0574640886219719"
"fenton_2013","24.2857142857143","weeks","m","head_circ","cm","1","22.0276060488396","0.0573601617380108"
"fenton_2013","24.4285714285714","weeks","m","head_circ","cm","1","22.1675763114048","0.0572556802407433"
"fenton_2013","24.5714285714286","weeks","m","head_circ","cm","1","22.3074533571213","0.0571505454006076"
"fenton_2013","24.7142857142857","weeks","m","head_circ","cm","1","22.4472300211219","0.0570447070001259"
"fenton_2013","24.8571428571429","weeks","m","head_circ","cm","1","22.5869060600863","0.0569381633339044"
"fenton_2013","25","weeks","m","head_circ","cm","1","22.7264815316314","0.0568309148057707"
"fenton_2013","25.1428571428571","weeks","m","head_circ","cm","1","22.865956493374","0.0567229618195519"
"fenton_2013","25.2857142857143","weeks","m","head_circ","cm","1","23.0053310029308","0.0566143047790754"
"fenton_2013","25.4285714285714","weeks","m","head_circ","cm","1","23.1446051179187","0.0565049440881687"
"fenton_2013","25.5714285714286","weeks","m","head_circ","cm","1","23.2837788153186","0.0563948795854949"
"fenton_2013","25.7142857142857","weeks","m","head_circ","cm","1","23.4228502174885","0.0562840981109437"
"fenton_2013","25.8571428571429","weeks","m","head_circ","cm","1","23.5618155921634","0.0561725735056307"
"fenton_2013","26","weeks","m","head_circ","cm","1","23.7006711264424","0.0560602790455076"
"fenton_2013","26.1428571428571","weeks","m","head_circ","cm","1","23.8394130074246","0.0559471880065262"
"fenton_2013","26.2857142857143","weeks","m","head_circ","cm","1","23.9780374222093","0.055833273664638"
"fenton_2013","26.4285714285714","weeks","m","head_circ","cm","1","24.1165405578957","0.0557185092957948"
"fenton_2013","26.5714285714286","weeks","m","head_circ","cm","1","24.2549186231891","0.0556028683273836"
"fenton_2013","26.7142857142857","weeks","m","head_circ","cm","1","24.3931683237398","0.0554863276698021"
"fenton_2013","26.8571428571429","weeks","m","head_circ","cm","1","24.5312868621427","0.0553688677164592"
"fenton_2013","27","weeks","m","head_circ","cm","1","24.6692714625991","0.055250469012199"
"fenton_2013","27.1428571428571","weeks","m","head_circ","cm","1","24.8071193493101","0.0551311121018654"
"fenton_2013","27.2857142857143","weeks","m","head_circ","cm","1","24.9448277464771","0.0550107775303026"
"fenton_2013","27.4285714285714","weeks","m","head_circ","cm","1","25.0823938783013","0.0548894458423547"
"fenton_2013","27.5714285714286","weeks","m","head_circ","cm","1","25.2198149631945","0.0547670975422886"
"fenton_2013","27.7142857142857","weeks","m","head_circ","cm","1","25.3570880864126","0.0546437122011017"
"fenton_2013","27.8571428571429","weeks","m","head_circ","cm","1","25.4942102000556","0.0545192684565209"
"fenton_2013","28","weeks","m","head_circ","cm","1","25.631178250434","0.0543937449056967"
"fenton_2013","28.1428571428571","weeks","m","head_circ","cm","1","25.7679891838584","0.054267120145779"
"fenton_2013","28.2857142857143","weeks","m","head_circ","cm","1","25.9046399466395","0.0541393727739183"
"fenton_2013","28.4285714285714","weeks","m","head_circ","cm","1","26.0411274850877","0.0540104813872647"
"fenton_2013","28.5714285714286","weeks","m","head_circ","cm","1","26.177448747065","0.053880424593841"
"fenton_2013","28.7142857142857","weeks","m","head_circ","cm","1","26.3136007161121","0.0537491812517388"
"fenton_2013","28.8571428571429","weeks","m","head_circ","cm","1","26.449580411449","0.0536167304691189"
"fenton_2013","29","weeks","m","head_circ","cm","1","26.5853848538467","0.0534830513650145"
"fenton_2013","29.1428571428571","weeks","m","head_circ","cm","1","26.7210110640766","0.0533481230584587"
"fenton_2013","29.2857142857143","weeks","m","head_circ","cm","1","26.8564560629097","0.0532119246684848"
"fenton_2013","29.4285714285714","weeks","m","head_circ","cm","1","26.9917168711172","0.0530744353141259"
"fenton_2013","29.5714285714286","weeks","m","head_circ","cm","1","27.1267905090545","0.052935634111502"
"fenton_2013","29.7142857142857","weeks","m","head_circ","cm","1","27.261673987517","0.0527955001097273"
"fenton_2013","29.8571428571429","weeks","m","head_circ","cm","1","27.3963643077399","0.0526540122909101"
"fenton_2013","30","weeks","m","head_circ","cm","1","27.5308584705426","0.0525111496342455"
"fenton_2013","30.1428571428571","weeks","m","head_circ","cm","1","27.6651534767447","0.0523668911189286"
"fenton_2013","30.2857142857143","weeks","m","head_circ","cm","1","27.7992463271656","0.0522212157241544"
"fenton_2013","30.4285714285714","weeks","m","head_circ","cm","1","27.9331340226249","0.052074102429118"
"fenton_2013","30.5714285714286","weeks","m","head_circ","cm","1","28.0668128964811","0.051925531379976"
"fenton_2013","30.7142857142857","weeks","m","head_circ","cm","1","28.2002639304936","0.0517755095629963"
"fenton_2013","30.8571428571429","weeks","m","head_circ","cm","1","28.3334527548218","0.0516240708045585"
"fenton_2013","31","weeks","m","head_circ","cm","1","28.4663443321646","0.0514712500980037"
"fenton_2013","31.1428571428571","weeks","m","head_circ","cm","1","28.5989036252208","0.0513170824366727"
"fenton_2013","31.2857142857143","weeks","m","head_circ","cm","1","28.7310955966892","0.0511616028139066"
"fenton_2013","31.4285714285714","weeks","m","head_circ","cm","1","28.8628852092685","0.0510048462230464"
"fenton_2013","31.5714285714286","weeks","m","head_circ","cm","1","28.9942374256277","0.0508468476572238"
"fenton_2013","31.7142857142857","weeks","m","head_circ","cm","1","29.1251172077494","0.05068764210476"
"fenton_2013","31.8571428571429","weeks","m","head_circ","cm","1","29.2554895169298","0.050527264549165"
"fenton_2013","32","weeks","m","head_circ","cm","1","29.3853193144351","0.05036574997374"
"fenton_2013","32.1428571428571","weeks","m","head_circ","cm","1","29.5145715615317","0.0502031333617861"
"fenton_2013","32.2857142857143","weeks","m","head_circ","cm","1","29.6432112194859","0.0500394496966042"
"fenton_2013","32.4285714285714","weeks","m","head_circ","cm","1","29.7712032495641","0.0498747339614954"
"fenton_2013","32.5714285714286","weeks","m","head_circ","cm","1","29.8985126130406","0.0497090211398169"
"fenton_2013","32.7142857142857","weeks","m","head_circ","cm","1","30.0251042713736","0.0495423462162147"
"fenton_2013","32.8571428571429","weeks","m","head_circ","cm","1","30.1509431862052","0.0493747441766241"
"fenton_2013","33","weeks","m","head_circ","cm","1","30.2759943191857","0.0492062500070363"
"fenton_2013","33.1428571428571","weeks","m","head_circ","cm","1","30.4002226319652","0.0490368986934426"
"fenton_2013","33.2857142857143","weeks","m","head_circ","cm","1","30.5235930861938","0.0488667252218343"
"fenton_2013","33.4285714285714","weeks","m","head_circ","cm","1","30.6460706435218","0.0486957645782024"
"fenton_2013","33.5714285714286","weeks","m","head_circ","cm","1","30.767620265597","0.0485240517485234"
"fenton_2013","33.7142857142857","weeks","m","head_circ","cm","1","30.8882069140183","0.048351621718428"
"fenton_2013","33.8571428571429","weeks","m","head_circ","cm","1","31.007795550335","0.0481785094732016"
"fenton_2013","34","weeks","m","head_circ","cm","1","31.1263511360946","0.0480047499981146"
"fenton_2013","34.1428571428571","weeks","m","head_circ","cm","1","31.2438386328443","0.0478303782784376"
"fenton_2013","34.2857142857143","weeks","m","head_circ","cm","1","31.3602230021314","0.0476554292994407"
"fenton_2013","34.4285714285714","weeks","m","head_circ","cm","1","31.4754692055033","0.0474799380463946"
"fenton_2013","34.5714285714286","weeks","m","head_circ","cm","1","31.5895422045078","0.0473039395045735"
"fenton_2013","34.7142857142857","weeks","m","head_circ","cm","1","31.702406960706","0.0471274686593445"
"fenton_2013","34.8571428571429","weeks","m","head_circ","cm","1","31.8140284356722","0.0469505604961671"
"fenton_2013","35","weeks","m","head_circ","cm","1","31.9243715909813","0.0467732500005049"
"fenton_2013","35.1428571428571","weeks","m","head_circ","cm","1","32.0334013882081","0.0465955721578216"
"fenton_2013","35.2857142857143","weeks","m","head_circ","cm","1","32.1410827889274","0.0464175619535805"
"fenton_2013","35.4285714285714","weeks","m","head_circ","cm","1","32.2473807547142","0.0462392543732454"
"fenton_2013","35.5714285714286","weeks","m","head_circ","cm","1","32.3522615856006","0.0460606844022787"
"fenton_2013","35.7142857142857","weeks","m","head_circ","cm","1","32.4557223661368","0.0458818870261181"
"fenton_2013","35.8571428571429","weeks","m","head_circ","cm","1","32.5577909653913","0.0457028972301764"
"fenton_2013","36","weeks","m","head_circ","cm","1","32.6584965908895","0.0455237499998653"
"fenton_2013","36.1428571428571","weeks","m","head_circ","cm","1","32.7578684501572","0.0453444803205966"
"fenton_2013","36.2857142857143","weeks","m","head_circ","cm","1","32.8559357507199","0.045165123177782"
"fenton_2013","36.4285714285714","weeks","m","head_circ","cm","1","32.9527277001033","0.0449857135568334"
"fenton_2013","36.5714285714286","weeks","m","head_circ","cm","1","33.0482735058332","0.0448062864431626"
"fenton_2013","36.7142857142857","weeks","m","head_circ","cm","1","33.1426023754359","0.0446268768221886"
"fenton_2013","36.8571428571429","weeks","m","head_circ","cm","1","33.235743516439","0.0444475196793369"
"fenton_2013","37","weeks","m","head_circ","cm","1","33.32772613637","0.0442682500000334"
"fenton_2013","37.1428571428571","weeks","m","head_circ","cm","1","33.4185794427564","0.0440891027697041"
"fenton_2013","37.2857142857143","weeks","m","head_circ","cm","1","33.5083326431256","0.0439101129737747"
"fenton_2013","37.4285714285714","weeks","m","head_circ","cm","1","33.5970149450052","0.0437313155976713"
"fenton_2013","37.5714285714286","weeks","m","head_circ","cm","1","33.6846555559226","0.0435527456268196"
"fenton_2013","37.7142857142857","weeks","m","head_circ","cm","1","33.7712836834053","0.043374438046643"
"fenton_2013","37.8571428571429","weeks","m","head_circ","cm","1","33.8569285349807","0.043196427842563"
"fenton_2013","38","weeks","m","head_circ","cm","1","33.9416193181762","0.0430187500000004"
"fenton_2013","38.1428571428571","weeks","m","head_circ","cm","1","34.0253852405191","0.0428414395043766"
"fenton_2013","38.2857142857143","weeks","m","head_circ","cm","1","34.108255509537","0.0426645313411126"
"fenton_2013","38.4285714285714","weeks","m","head_circ","cm","1","34.1902593327572","0.0424880604956295"
"fenton_2013","38.5714285714286","weeks","m","head_circ","cm","1","34.2714259177071","0.0423120619533485"
"fenton_2013","38.7142857142857","weeks","m","head_circ","cm","1","34.3517844719133","0.0421365706996933"
"fenton_2013","38.8571428571429","weeks","m","head_circ","cm","1","34.4313642029018","0.0419616217200899"
"fenton_2013","39","weeks","m","head_circ","cm","1","34.5101943181984","0.0417872499999641"
"fenton_2013","39.1428571428571","weeks","m","head_circ","cm","1","34.5883040253291","0.0416134905247422"
"fenton_2013","39.2857142857143","weeks","m","head_circ","cm","1","34.6657225318197","0.0414403782798501"
"fenton_2013","39.4285714285714","weeks","m","head_circ","cm","1","34.742479045196","0.0412679482507139"
"fenton_2013","39.5714285714286","weeks","m","head_circ","cm","1","34.8186027729842","0.0410962354227593"
"fenton_2013","39.7142857142857","weeks","m","head_circ","cm","1","34.8941229227132","0.0409252747814049"
"fenton_2013","39.8571428571429","weeks","m","head_circ","cm","1","34.9690687019149","0.0407551013120622"
"fenton_2013","40","weeks","m","head_circ","cm","1","35.0434693181214","0.0405857500001422"
"fenton_2013","40.1428571428571","weeks","m","head_circ","cm","1","35.1173539788646","0.0404172558310562"
"fenton_2013","40.2857142857143","weeks","m","head_circ","cm","1","35.1907518916766","0.0402496537902151"
"fenton_2013","40.4285714285714","weeks","m","head_circ","cm","1","35.2636922640895","0.0400829788630302"
"fenton_2013","40.5714285714286","weeks","m","head_circ","cm","1","35.3362038182784","0.0399172650145056"
"fenton_2013","40.7142857142857","weeks","m","head_circ","cm","1","35.4083041132082","0.0397525227402838"
"fenton_2013","40.8571428571429","weeks","m","head_circ","cm","1","35.4799995446337","0.0395887390666459"
"fenton_2013","41","weeks","m","head_circ","cm","1","35.5512960229529","0.039425899999466"
"fenton_2013","41.1428571428571","weeks","m","head_circ","cm","1","35.6221994585637","0.0392639915446182"
"fenton_2013","41.2857142857143","weeks","m","head_circ","cm","1","35.6927157618639","0.0391029997079764"
"fenton_2013","41.4285714285714","weeks","m","head_circ","cm","1","35.7628508432515","0.0389429104954149"
"fenton_2013","41.5714285714286","weeks","m","head_circ","cm","1","35.8326106131261","0.0387837099128033"
"fenton_2013","41.7142857142857","weeks","m","head_circ","cm","1","35.9020009819288","0.0386253839659137"
"fenton_2013","41.8571428571429","weeks","m","head_circ","cm","1","35.9710278601418","0.0384679186604202"
"fenton_2013","42","weeks","m","head_circ","cm","1","36.0396971582493","0.0383113000019926"
"fenton_2013","42.1428571428571","weeks","m","head_circ","cm","1","36.1080147867354","0.038155513996301"
"fenton_2013","42.2857142857143","weeks","m","head_circ","cm","1","36.1759866560843","0.038000546649015"
"fenton_2013","42.4285714285714","weeks","m","head_circ","cm","1","36.24361867678","0.0378463839658047"
"fenton_2013","42.5714285714286","weeks","m","head_circ","cm","1","36.3109167592999","0.0376930119523558"
"fenton_2013","42.7142857142857","weeks","m","head_circ","cm","1","36.3778868139674","0.0375404166147192"
"fenton_2013","42.8571428571429","weeks","m","head_circ","cm","1","36.4445347509513","0.0373885839593107"
"fenton_2013","43","weeks","m","head_circ","cm","1","36.510866480414","0.0372374999925623"
"fenton_2013","43.1428571428571","weeks","m","head_circ","cm","1","36.5768879125179","0.0370871507209057"
"fenton_2013","43.2857142857143","weeks","m","head_circ","cm","1","36.6426049574253","0.0369375221507727"
"fenton_2013","43.4285714285714","weeks","m","head_circ","cm","1","36.7080235252984","0.0367886002885953"
"fenton_2013","43.5714285714286","weeks","m","head_circ","cm","1","36.7731495263246","0.0366403711407459"
"fenton_2013","43.7142857142857","weeks","m","head_circ","cm","1","36.8379888712667","0.0364928207122346"
"fenton_2013","43.8571428571429","weeks","m","head_circ","cm","1","36.9025474714631","0.0363459350067088"
"fenton_2013","44","weeks","m","head_circ","cm","1","36.9668312382769","0.036199700027757"
"fenton_2013","44.1428571428571","weeks","m","head_circ","cm","1","37.0308460830715","0.0360541017789672"
"fenton_2013","44.2857142857143","weeks","m","head_circ","cm","1","37.0945979172102","0.0359091262639278"
"fenton_2013","44.4285714285714","weeks","m","head_circ","cm","1","37.1580926520562","0.0357647594862269"
"fenton_2013","44.5714285714286","weeks","m","head_circ","cm","1","37.2213361988796","0.035620987449674"
"fenton_2013","44.7142857142857","weeks","m","head_circ","cm","1","37.2843344668025","0.0354777961631634"
"fenton_2013","44.8571428571429","weeks","m","head_circ","cm","1","37.3470933627995","0.0353351716406746"
"fenton_2013","45","weeks","m","head_circ","cm","1","37.4096187937518","0.0351930998964084"
"fenton_2013","45.1428571428571","weeks","m","head_circ","cm","1","37.4719166665405","0.0350515669445652"
"fenton_2013","45.2857142857143","weeks","m","head_circ","cm","1","37.5339928880469","0.0349105587993457"
"fenton_2013","45.4285714285714","weeks","m","head_circ","cm","1","37.5958533651521","0.0347700614749505"
"fenton_2013","45.5714285714286","weeks","m","head_circ","cm","1","37.6575040050858","0.0346300609847551"
"fenton_2013","45.7142857142857","weeks","m","head_circ","cm","1","37.718950723093","0.0344905433231572"
"fenton_2013","45.8571428571429","weeks","m","head_circ","cm","1","37.7801994424337","0.0343514944655765"
"fenton_2013","46","weeks","m","head_circ","cm","1","37.8412560867167","0.034212900386608"
"fenton_2013","46.1428571428571","weeks","m","head_circ","cm","1","37.9021265795506","0.0340747470608462"
"fenton_2013","46.2857142857143","weeks","m","head_circ","cm","1","37.9628168445441","0.033937020462886"
"fenton_2013","46.4285714285714","weeks","m","head_circ","cm","1","38.0233328053058","0.0337997065673222"
"fenton_2013","46.5714285714286","weeks","m","head_circ","cm","1","38.0836803841437","0.0336627913518288"
"fenton_2013","46.7142857142857","weeks","m","head_circ","cm","1","38.1438654734528","0.0335262608649062"
"fenton_2013","46.8571428571429","weeks","m","head_circ","cm","1","38.2038939357143","0.0333901012258807"
"fenton_2013","47","weeks","m","head_circ","cm","1","38.2637716321093","0.0332542985571582"
"fenton_2013","47.1428571428571","weeks","m","head_circ","cm","1","38.3235044238185","0.0331188389811446"
"fenton_2013","47.2857142857143","weeks","m","head_circ","cm","1","38.3830981720229","0.0329837086202456"
"fenton_2013","47.4285714285714","weeks","m","head_circ","cm","1","38.4425587379033","0.032848893596867"
"fenton_2013","47.5714285714286","weeks","m","head_circ","cm","1","38.5018919874944","0.0327143800219222"
"fenton_2013","47.7142857142857","weeks","m","head_circ","cm","1","38.561103898469","0.0325801537419979"
"fenton_2013","47.8571428571429","weeks","m","head_circ","cm","1","38.6202005601376","0.0324462003393538"
"fenton_2013","48","weeks","m","head_circ","cm","1","38.679188066665","0.0323125053847574"
"fenton_2013","48.1428571428571","weeks","m","head_circ","cm","1","38.7380725122154","0.0321790544489761"
"fenton_2013","48.2857142857143","weeks","m","head_circ","cm","1","38.7968599909537","0.0320458331027772"
"fenton_2013","48.4285714285714","weeks","m","head_circ","cm","1","38.8555565970441","0.0319128269169282"
"fenton_2013","48.5714285714286","weeks","m","head_circ","cm","1","38.9141684065366","0.0317800215050869"
"fenton_2013","48.7142857142857","weeks","m","head_circ","cm","1","38.9727010788423","0.031647403467392"
"fenton_2013","48.8571428571429","weeks","m","head_circ","cm","1","39.0311598567335","0.0315149603904631"
"fenton_2013","49","weeks","m","head_circ","cm","1","39.089549964868","0.0313826799038103"
"fenton_2013","49.1428571428571","weeks","m","head_circ","cm","1","39.1478766279035","0.0312505496369434"
"fenton_2013","49.2857142857143","weeks","m","head_circ","cm","1","39.2061450704977","0.0311185572193726"
"fenton_2013","49.4285714285714","weeks","m","head_circ","cm","1","39.2643605173082","0.0309866902806079"
"fenton_2013","49.5714285714286","weeks","m","head_circ","cm","1","39.3225283529481","0.030854936071431"
"fenton_2013","49.7142857142857","weeks","m","head_circ","cm","1","39.380657641003","0.0307232731318724"
"fenton_2013","49.8571428571429","weeks","m","head_circ","cm","1","39.438761124031","0.0305916712912116"
"fenton_2013","50","weeks","m","head_circ","cm","1","39.4968517045455","0.0304601"
"fenton_2013","23.5","weeks","m","length","cm","1","30.2244516923077","0.0628539076923077"
"fenton_2013","23.5714285714286","weeks","m","length","cm","1","30.3243962854168","0.0629975772705277"
"fenton_2013","23.7142857142857","weeks","m","length","cm","1","30.5242693201923","0.0632838188355993"
"fenton_2013","23.8571428571429","weeks","m","length","cm","1","30.7240939006397","0.0635667676265656"
"fenton_2013","24","weeks","m","length","cm","1","30.9238377238738","0.0638442284606899"
"fenton_2013","24.1428571428571","weeks","m","length","cm","1","31.1234684870092","0.0641140061552353"
"fenton_2013","24.2857142857143","weeks","m","length","cm","1","31.3229538871606","0.064373905527465"
"fenton_2013","24.4285714285714","weeks","m","length","cm","1","31.5222616214425","0.0646217313946421"
"fenton_2013","24.5714285714286","weeks","m","length","cm","1","31.7213600626415","0.0648553344901497"
"fenton_2013","24.7142857142857","weeks","m","length","cm","1","31.9202331239964","0.0650736216181247"
"fenton_2013","24.8571428571429","weeks","m","length","cm","1","32.118880259198","0.0652765556534582"
"fenton_2013","25","weeks","m","length","cm","1","32.3173015976093","0.0654641453871612"
"fenton_2013","25.1428571428571","weeks","m","length","cm","1","32.5154972685929","0.0656363996102444"
"fenton_2013","25.2857142857143","weeks","m","length","cm","1","32.7134674015119","0.0657933271137188"
"fenton_2013","25.4285714285714","weeks","m","length","cm","1","32.9112121257288","0.0659349366885952"
"fenton_2013","25.5714285714286","weeks","m","length","cm","1","33.108731880254","0.0660612411268013"
"fenton_2013","25.7142857142857","weeks","m","length","cm","1","33.3060342259842","0.0661723452413525"
"fenton_2013","25.8571428571429","weeks","m","length","cm","1","33.5031338457034","0.0662684458663519"
"fenton_2013","26","weeks","m","length","cm","1","33.7000457318429","0.0663497438368193"
"fenton_2013","26.1428571428571","weeks","m","length","cm","1","33.8967848768338","0.0664164399877746"
"fenton_2013","26.2857142857143","weeks","m","length","cm","1","34.0933662731072","0.0664687351542377"
"fenton_2013","26.4285714285714","weeks","m","length","cm","1","34.2898049130944","0.0665068301712284"
"fenton_2013","26.5714285714286","weeks","m","length","cm","1","34.4861158377375","0.0665309291703958"
"fenton_2013","26.7142857142857","weeks","m","length","cm","1","34.6823152037331","0.0665413121058574"
"fenton_2013","26.8571428571429","weeks","m","length","cm","1","34.878420283532","0.0665383347541998"
"fenton_2013","27","weeks","m","length","cm","1","35.0744483980958","0.0665223561886384"
"fenton_2013","27.1428571428571","weeks","m","length","cm","1","35.2704168683866","0.0664937354823888"
"fenton_2013","27.2857142857143","weeks","m","length","cm","1","35.4663430153661","0.0664528317086666"
"fenton_2013","27.4285714285714","weeks","m","length","cm","1","35.6622441599962","0.0664000039406871"
"fenton_2013","27.5714285714286","weeks","m","length","cm","1","35.8581376102401","0.0663356103683369"
"fenton_2013","27.7142857142857","weeks","m","length","cm","1","36.0540403750958","0.0662599888649331"
"fenton_2013","27.8571428571429","weeks","m","length","cm","1","36.2499691645956","0.0661734569872235"
"fenton_2013","28","weeks","m","length","cm","1","36.4459406757736","0.066076331408627"
"fenton_2013","28.1428571428571","weeks","m","length","cm","1","36.6419716056635","0.0659689288025624"
"fenton_2013","28.2857142857143","weeks","m","length","cm","1","36.8380786512994","0.0658515658424484"
"fenton_2013","28.4285714285714","weeks","m","length","cm","1","37.034278509715","0.0657245592017038"
"fenton_2013","28.5714285714286","weeks","m","length","cm","1","37.2305878814274","0.0655882257904348"
"fenton_2013","28.7142857142857","weeks","m","length","cm","1","37.4270235470609","0.0654428879625557"
"fenton_2013","28.8571428571429","weeks","m","length","cm","1","37.6236023673475","0.0652888735157893"
"fenton_2013","29","weeks","m","length","cm","1","37.820341206502","0.0651265104845458"
"fenton_2013","29.1428571428571","weeks","m","length","cm","1","38.0172569287394","0.0649561269032351"
"fenton_2013","29.2857142857143","weeks","m","length","cm","1","38.2143663982746","0.0647780508062673"
"fenton_2013","29.4285714285714","weeks","m","length","cm","1","38.4116864793224","0.0645926102280526"
"fenton_2013","29.5714285714286","weeks","m","length","cm","1","38.6092340351646","0.0644001331395808"
"fenton_2013","29.7142857142857","weeks","m","length","cm","1","38.8070259076179","0.0642009460531779"
"fenton_2013","29.8571428571429","weeks","m","length","cm","1","39.0050789170346","0.0639953740225055"
"fenton_2013","30","weeks","m","length","cm","1","39.2034098828335","0.0637837420378054"
"fenton_2013","30.1428571428571","weeks","m","length","cm","1","39.4020356244335","0.0635663750893191"
"fenton_2013","30.2857142857143","weeks","m","length","cm","1","39.6009729612536","0.0633435981672884"
"fenton_2013","30.4285714285714","weeks","m","length","cm","1","39.8002387127125","0.0631157362619549"
"fenton_2013","30.5714285714286","weeks","m","length","cm","1","39.99984788148","0.062883110388627"
"fenton_2013","30.7142857142857","weeks","m","length","cm","1","40.1997736849926","0.0626459501391533"
"fenton_2013","30.8571428571429","weeks","m","length","cm","1","40.3999475554537","0.0624043936819215"
"fenton_2013","31","weeks","m","length","cm","1","40.6002991083177","0.0621585752103867"
"fenton_2013","31.1428571428571","weeks","m","length","cm","1","40.8007579590388","0.0619086289180039"
"fenton_2013","31.2857142857143","weeks","m","length","cm","1","41.0012537230712","0.061654688998228"
"fenton_2013","31.4285714285714","weeks","m","length","cm","1","41.2017160158691","0.0613968896445139"
"fenton_2013","31.5714285714286","weeks","m","length","cm","1","41.4020744528198","0.0611353650457632"
"fenton_2013","31.7142857142857","weeks","m","length","cm","1","41.6022586477694","0.0608702492861501"
"fenton_2013","31.8571428571429","weeks","m","length","cm","1","41.802198213023","0.0606016763451216"
"fenton_2013","32","weeks","m","length","cm","1","42.0018227608186","0.060329780197571"
"fenton_2013","32.1428571428571","weeks","m","length","cm","1","42.2010619033941","0.0600546948183919"
"fenton_2013","32.2857142857143","weeks","m","length","cm","1","42.3998452529877","0.0597765541824777"
"fenton_2013","32.4285714285714","weeks","m","length","cm","1","42.5981024218374","0.059495492264722"
"fenton_2013","32.5714285714286","weeks","m","length","cm","1","42.7957630221992","0.0592116430412382"
"fenton_2013","32.7142857142857","weeks","m","length","cm","1","42.9927566667419","0.0589251405162017"
"fenton_2013","32.8571428571429","weeks","m","length","cm","1","43.1890129685474","0.058636118721849"
"fenton_2013","33","weeks","m","length","cm","1","43.3844615407156","0.0583447116916373"
"fenton_2013","33.1428571428571","weeks","m","length","cm","1","43.5790319963462","0.0580510534590232"
"fenton_2013","33.2857142857143","weeks","m","length","cm","1","43.7726539485391","0.0577552780574636"
"fenton_2013","33.4285714285714","weeks","m","length","cm","1","43.965257010394","0.0574575195204155"
"fenton_2013","33.5714285714286","weeks","m","length","cm","1","44.156770795006","0.0571579118810087"
"fenton_2013","33.7142857142857","weeks","m","length","cm","1","44.3471249153595","0.0568565891648541"
"fenton_2013","33.8571428571429","weeks","m","length","cm","1","44.536248984328","0.0565536853900434"
"fenton_2013","34","weeks","m","length","cm","1","44.7240726147806","0.0562493345743415"
"fenton_2013","34.1428571428571","weeks","m","length","cm","1","44.9105254195861","0.0559436707355132"
"fenton_2013","34.2857142857143","weeks","m","length","cm","1","45.0955370116135","0.0556368278913233"
"fenton_2013","34.4285714285714","weeks","m","length","cm","1","45.2790370037316","0.0553289400595367"
"fenton_2013","34.5714285714286","weeks","m","length","cm","1","45.4609550088106","0.0550201412580057"
"fenton_2013","34.7142857142857","weeks","m","length","cm","1","45.6412206397504","0.0547105655065976"
"fenton_2013","34.8571428571429","weeks","m","length","cm","1","45.8197635094804","0.0544003468271944"
"fenton_2013","35","weeks","m","length","cm","1","45.9965132309313","0.0540896192417656"
"fenton_2013","35.1428571428571","weeks","m","length","cm","1","46.171399417034","0.0537785167722809"
"fenton_2013","35.2857142857143","weeks","m","length","cm","1","46.3443516807192","0.0534671734407099"
"fenton_2013","35.4285714285714","weeks","m","length","cm","1","46.5152996349175","0.0531557232690221"
"fenton_2013","35.5714285714286","weeks","m","length","cm","1","46.6841755007677","0.0528442999427653"
"fenton_2013","35.7142857142857","weeks","m","length","cm","1","46.8509714881869","0.0525330294097867"
"fenton_2013","35.8571428571429","weeks","m","length","cm","1","47.0157397958714","0.0522220298802322"
"fenton_2013","36","weeks","m","length","cm","1","47.1785352307251","0.0519114192278263"
"fenton_2013","36.1428571428571","weeks","m","length","cm","1","47.339412599652","0.0516013153262933"
"fenton_2013","36.2857142857143","weeks","m","length","cm","1","47.4984267095559","0.0512918360493576"
"fenton_2013","36.4285714285714","weeks","m","length","cm","1","47.6556323673409","0.0509830992707435"
"fenton_2013","36.5714285714286","weeks","m","length","cm","1","47.8110843799109","0.0506752228641819"
"fenton_2013","36.7142857142857","weeks","m","length","cm","1","47.964837554172","0.0503683247035486"
"fenton_2013","36.8571428571429","weeks","m","length","cm","1","48.1169466970322","0.0500625226628651"
"fenton_2013","37","weeks","m","length","cm","1","48.2674666153994","0.0497579346161593"
"fenton_2013","37.1428571428571","weeks","m","length","cm","1","48.4164521161819","0.0494546784374588"
"fenton_2013","37.2857142857143","weeks","m","length","cm","1","48.5639580062875","0.0491528720007915"
"fenton_2013","37.4285714285714","weeks","m","length","cm","1","48.7100390926245","0.048852633180185"
"fenton_2013","37.5714285714286","weeks","m","length","cm","1","48.8547501821009","0.0485540798496654"
"fenton_2013","37.7142857142857","weeks","m","length","cm","1","48.9981460816247","0.048257329883217"
"fenton_2013","37.8571428571429","weeks","m","length","cm","1","49.140281598104","0.047962501154783"
"fenton_2013","38","weeks","m","length","cm","1","49.281211538447","0.0476697115383047"
"fenton_2013","38.1428571428571","weeks","m","length","cm","1","49.4209907095615","0.0473790789077232"
"fenton_2013","38.2857142857143","weeks","m","length","cm","1","49.5596739183557","0.0470907211369797"
"fenton_2013","38.4285714285714","weeks","m","length","cm","1","49.6973159717376","0.0468047561000156"
"fenton_2013","38.5714285714286","weeks","m","length","cm","1","49.8339716766153","0.046521301670773"
"fenton_2013","38.7142857142857","weeks","m","length","cm","1","49.9696958398948","0.0462404757232144"
"fenton_2013","38.8571428571429","weeks","m","length","cm","1","50.10454326848","0.0459623961313228"
"fenton_2013","39","weeks","m","length","cm","1","50.2385687692749","0.0456871807690823"
"fenton_2013","39.1428571428571","weeks","m","length","cm","1","50.3718271491836","0.0454149475104766"
"fenton_2013","39.2857142857143","weeks","m","length","cm","1","50.5043732151098","0.0451458142294897"
"fenton_2013","39.4285714285714","weeks","m","length","cm","1","50.6362617739577","0.0448798988001055"
"fenton_2013","39.5714285714286","weeks","m","length","cm","1","50.7675476326315","0.0446173190963062"
"fenton_2013","39.7142857142857","weeks","m","length","cm","1","50.8982855980433","0.0443581929920335"
"fenton_2013","39.8571428571429","weeks","m","length","cm","1","51.0285304771133","0.0441026383611891"
"fenton_2013","40","weeks","m","length","cm","1","51.1583370767617","0.0438507730776726"
"fenton_2013","40.1428571428571","weeks","m","length","cm","1","51.287760203909","0.0436027150153837"
"fenton_2013","40.2857142857143","weeks","m","length","cm","1","51.4168546654757","0.0433585820482223"
"fenton_2013","40.4285714285714","weeks","m","length","cm","1","51.545675268382","0.043118492050088"
"fenton_2013","40.5714285714286","weeks","m","length","cm","1","51.6742754631891","0.0428825594860507"
"fenton_2013","40.7142857142857","weeks","m","length","cm","1","51.8026775041965","0.0426508204180916"
"fenton_2013","40.8571428571429","weeks","m","length","cm","1","51.9308724494414","0.0424232325051035"
"fenton_2013","41","weeks","m","length","cm","1","52.0588500006021","0.042199749997149"
"fenton_2013","41.1428571428571","weeks","m","length","cm","1","52.1865998593569","0.0419803271442911"
"fenton_2013","41.2857142857143","weeks","m","length","cm","1","52.3141117273839","0.0417649181965925"
"fenton_2013","41.4285714285714","weeks","m","length","cm","1","52.4413753063613","0.0415534774041159"
"fenton_2013","41.5714285714286","weeks","m","length","cm","1","52.5683802979723","0.0413459590169014"
"fenton_2013","41.7142857142857","weeks","m","length","cm","1","52.69511640401","0.0411423172844659"
"fenton_2013","41.8571428571429","weeks","m","length","cm","1","52.821573326378","0.0409425064558031"
"fenton_2013","42","weeks","m","length","cm","1","52.9477407669846","0.0407464807798837"
"fenton_2013","42.1428571428571","weeks","m","length","cm","1","53.0736084277382","0.0405541945056787"
"fenton_2013","42.2857142857143","weeks","m","length","cm","1","53.1991660105471","0.040365601882159"
"fenton_2013","42.4285714285714","weeks","m","length","cm","1","53.3244032173196","0.0401806571582955"
"fenton_2013","42.5714285714286","weeks","m","length","cm","1","53.4493097499463","0.039999314583144"
"fenton_2013","42.7142857142857","weeks","m","length","cm","1","53.5738753099059","0.039821528407712"
"fenton_2013","42.8571428571429","weeks","m","length","cm","1","53.698089598266","0.0396472528849593"
"fenton_2013","43","weeks","m","length","cm","1","53.8219423160759","0.0394764422679302"
"fenton_2013","43.1428571428571","weeks","m","length","cm","1","53.9454231643853","0.0393090508096691"
"fenton_2013","43.2857142857143","weeks","m","length","cm","1","54.0685218442435","0.0391450327632205"
"fenton_2013","43.4285714285714","weeks","m","length","cm","1","54.1912280567002","0.0389843423816287"
"fenton_2013","43.5714285714286","weeks","m","length","cm","1","54.3135315028716","0.0388269339176215"
"fenton_2013","43.7142857142857","weeks","m","length","cm","1","54.4354218854098","0.0386727616166422"
"fenton_2013","43.8571428571429","weeks","m","length","cm","1","54.5568889085027","0.0385217797168498"
"fenton_2013","44","weeks","m","length","cm","1","54.6779222764051","0.0383739424560864"
"fenton_2013","44.1428571428571","weeks","m","length","cm","1","54.7985116933717","0.0382292040721942"
"fenton_2013","44.2857142857143","weeks","m","length","cm","1","54.9186468636572","0.0380875188030155"
"fenton_2013","44.4285714285714","weeks","m","length","cm","1","55.0383174915163","0.0379488408863926"
"fenton_2013","44.5714285714286","weeks","m","length","cm","1","55.1575132809546","0.0378131245613495"
"fenton_2013","44.7142857142857","weeks","m","length","cm","1","55.2762239302457","0.0376803240940962"
"fenton_2013","44.8571428571429","weeks","m","length","cm","1","55.3944391319315","0.0375503937780281"
"fenton_2013","45","weeks","m","length","cm","1","55.5121485783047","0.0374232879077229"
"fenton_2013","45.1428571428571","weeks","m","length","cm","1","55.6293419616581","0.037298960777758"
"fenton_2013","45.2857142857143","weeks","m","length","cm","1","55.7460089742842","0.037177366682711"
"fenton_2013","45.4285714285714","weeks","m","length","cm","1","55.8621393084759","0.0370584599171594"
"fenton_2013","45.5714285714286","weeks","m","length","cm","1","55.9777232006269","0.0369421941657525"
"fenton_2013","45.7142857142857","weeks","m","length","cm","1","56.0927634014581","0.0368285090847919"
"fenton_2013","45.8571428571429","weeks","m","length","cm","1","56.2072751760175","0.0367173303022317"
"fenton_2013","46","weeks","m","length","cm","1","56.3212743334541","0.0366085828360975"
"fenton_2013","46.1428571428571","weeks","m","length","cm","1","56.4347766829172","0.0365021917044152"
"fenton_2013","46.2857142857143","weeks","m","length","cm","1","56.5477980335556","0.0363980819252106"
"fenton_2013","46.4285714285714","weeks","m","length","cm","1","56.6603541945187","0.0362961785165094"
"fenton_2013","46.5714285714286","weeks","m","length","cm","1","56.7724609714843","0.0361964065128002"
"fenton_2013","46.7142857142857","weeks","m","length","cm","1","56.8841340902969","0.0360986913272194"
"fenton_2013","46.8571428571429","weeks","m","length","cm","1","56.9953891969669","0.0360029587515503"
"fenton_2013","47","weeks","m","length","cm","1","57.1062419340339","0.0359091345940396"
"fenton_2013","47.1428571428571","weeks","m","length","cm","1","57.2167079440372","0.0358171446629336"
"fenton_2013","47.2857142857143","weeks","m","length","cm","1","57.3268028695165","0.035726914766479"
"fenton_2013","47.4285714285714","weeks","m","length","cm","1","57.4365423530112","0.0356383707129222"
"fenton_2013","47.5714285714286","weeks","m","length","cm","1","57.5459420500149","0.0355514382490692"
"fenton_2013","47.7142857142857","weeks","m","length","cm","1","57.6550179139648","0.0354660417085946"
"fenton_2013","47.8571428571429","weeks","m","length","cm","1","57.7637861962418","0.0353821040120414"
"fenton_2013","48","weeks","m","length","cm","1","57.872263161181","0.0352995480185123"
"fenton_2013","48.1428571428571","weeks","m","length","cm","1","57.9804650731174","0.0352182965871099"
"fenton_2013","48.2857142857143","weeks","m","length","cm","1","58.088408196386","0.0351382725769368"
"fenton_2013","48.4285714285714","weeks","m","length","cm","1","58.1961087953217","0.0350593988470956"
"fenton_2013","48.5714285714286","weeks","m","length","cm","1","58.3035830859144","0.034981598485988"
"fenton_2013","48.7142857142857","weeks","m","length","cm","1","58.4108461722128","0.034904799855894"
"fenton_2013","48.8571428571429","weeks","m","length","cm","1","58.5179120463247","0.034828936592972"
"fenton_2013","49","weeks","m","length","cm","1","58.6247946520128","0.0347539425626794"
"fenton_2013","49.1428571428571","weeks","m","length","cm","1","58.7315079330394","0.0346797516304737"
"fenton_2013","49.2857142857143","weeks","m","length","cm","1","58.8380658331672","0.0346062976618122"
"fenton_2013","49.4285714285714","weeks","m","length","cm","1","58.9444822961587","0.0345335145221525"
"fenton_2013","49.5714285714286","weeks","m","length","cm","1","59.0507716926712","0.034461334052212"
"fenton_2013","49.7142857142857","weeks","m","length","cm","1","59.1569582119421","0.0343896415236929"
"fenton_2013","49.8571428571429","weeks","m","length","cm","1","59.2630758617888","0.034318275639281"
"fenton_2013","50","weeks","m","length","cm","1","59.3691590769231","0.0342470730769231"
"fenton_2013","22.5","weeks","m","weight","kg","0.662594392523364","0.533","0.13688689603125"
"fenton_2013","22.5714285714286","weeks","m","weight","kg","0.674935081746314","0.538333777930006","0.13814012941787"
"fenton_2013","22.7142857142857","weeks","m","weight","kg","0.699593491930451","0.549017761839655","0.140644177013959"
"fenton_2013","22.8571428571429","weeks","m","weight","kg","0.7241829973293","0.559751029898218","0.143140967078594"
"fenton_2013","23","weeks","m","weight","kg","0.748657661419335","0.57056643820497","0.145625661257472"
"fenton_2013","23.1428571428571","weeks","m","weight","kg","0.772971547677032","0.581496842859189","0.148093421196291"
"fenton_2013","23.2857142857143","weeks","m","weight","kg","0.797078719578865","0.592575099960149","0.150539408540748"
"fenton_2013","23.4285714285714","weeks","m","weight","kg","0.820933240601309","0.6038340656071269","0.152958784936541"
"fenton_2013","23.5714285714286","weeks","m","weight","kg","0.844490044484421","0.615305761496609","0.155346803691584"
"fenton_2013","23.7142857142857","weeks","m","weight","kg","0.867724081030653","0.62700301806095","0.157700826344761"
"fenton_2013","23.8571428571429","weeks","m","weight","kg","0.890630316104853","0.6389194744683679","0.160020322665928"
"fenton_2013","24","weeks","m","weight","kg","0.913204585835451","0.651047935484292","0.162304854087157"
"fenton_2013","24.1428571428571","weeks","m","weight","kg","0.935442726350877","0.6633812058741541","0.164553982040522"
"fenton_2013","24.2857142857143","weeks","m","weight","kg","0.957340573779561","0.675912090403384","0.166767267958095"
"fenton_2013","24.4285714285714","weeks","m","weight","kg","0.978893964249933","0.688633393837412","0.168944273271947"
"fenton_2013","24.5714285714286","weeks","m","weight","kg","1.000098500704","0.70153814451922","0.171084534853335"
"fenton_2013","24.7142857142857","weeks","m","weight","kg","1.02094442279601","0.714624513075521","0.173187024674727"
"fenton_2013","24.8571428571429","weeks","m","weight","kg","1.04141660689247","0.72789581241675","0.175250149809807"
"fenton_2013","25","weeks","m","weight","kg","1.06149969617344","0.741355579030897","0.177272292771441"
"fenton_2013","25.1428571428571","weeks","m","weight","kg","1.081178333819","0.755007349405952","0.179251836072496"
"fenton_2013","25.2857142857143","weeks","m","weight","kg","1.10043716300922","0.768854660029906","0.181187162225837"
"fenton_2013","25.4285714285714","weeks","m","weight","kg","1.11926082692417","0.782901047390748","0.183076653744331"
"fenton_2013","25.5714285714286","weeks","m","weight","kg","1.13763403122605","0.7971501596689811","0.184918699721896"
"fenton_2013","25.7142857142857","weeks","m","weight","kg","1.15554291866565","0.811608213972904","0.186711840616622"
"fenton_2013","25.8571428571429","weeks","m","weight","kg","1.17297506908242","0.826283996338612","0.188454768250775"
"fenton_2013","26","weeks","m","weight","kg","1.1899181247979","0.8411864044947129","0.190146181027668"
"fenton_2013","26.1428571428571","weeks","m","weight","kg","1.20635972813363","0.856324336169815","0.191784777350618"
"fenton_2013","26.2857142857143","weeks","m","weight","kg","1.22228752141117","0.871706689092524","0.193369255622941"
"fenton_2013","26.4285714285714","weeks","m","weight","kg","1.23768914695205","0.88734236099145","0.194898314247951"
"fenton_2013","26.5714285714286","weeks","m","weight","kg","1.25255223033579","0.903240265647345","0.196370649865578"
"fenton_2013","26.7142857142857","weeks","m","weight","kg","1.26686401207517","0.919409686040325","0.197784918557841"
"fenton_2013","26.8571428571429","weeks","m","weight","kg","1.28061134761624","0.935860274349865","0.199139735848852"
"fenton_2013","27","weeks","m","weight","kg","1.293781075663","0.9526016988075849","0.200433715499336"
"fenton_2013","27.1428571428571","weeks","m","weight","kg","1.30636003491946","0.969643627645107","0.201665471270018"
"fenton_2013","27.2857142857143","weeks","m","weight","kg","1.31833506408963","0.986995729094053","0.202833616921622"
"fenton_2013","27.4285714285714","weeks","m","weight","kg","1.32969300187753","1.0046676713860399","0.203936766214874"
"fenton_2013","27.5714285714286","weeks","m","weight","kg","1.34042069147318","1.02266911845154","0.204973533382996"
"fenton_2013","27.7142857142857","weeks","m","weight","kg","1.35050507924492","1.04100963529433","0.20594254352667"
"fenton_2013","27.8571428571429","weeks","m","weight","kg","1.35993321473942","1.05969868799154","0.206842432614036"
"fenton_2013","28","weeks","m","weight","kg","1.36869215198935","1.07874573831912","0.207671837085734"
"fenton_2013","28.1428571428571","weeks","m","weight","kg","1.37676894502741","1.0981602480530501","0.2084293933824"
"fenton_2013","28.2857142857143","weeks","m","weight","kg","1.38415064788627","1.11795167896928","0.209113737944675"
"fenton_2013","28.4285714285714","weeks","m","weight","kg","1.39082431459861","1.1381294928437602","0.209723507213197"
"fenton_2013","28.5714285714286","weeks","m","weight","kg","1.39677699799508","1.15870315260496","0.210257367598942"
"fenton_2013","28.7142857142857","weeks","m","weight","kg","1.4019957232598","1.17968214768865","0.210714674830648"
"fenton_2013","28.8571428571429","weeks","m","weight","kg","1.40646748793033","1.20107599403793","0.21109547395482"
"fenton_2013","29","weeks","m","weight","kg","1.4101792883422","1.2228942087483798","0.211399839988297"
"fenton_2013","29.1428571428571","weeks","m","weight","kg","1.41311812083094","1.24514630891559","0.211627847947919"
"fenton_2013","29.2857142857143","weeks","m","weight","kg","1.41527098173211","1.26784181163515","0.211779572850527"
"fenton_2013","29.4285714285714","weeks","m","weight","kg","1.41662486738122","1.29099023400265","0.21185508971296"
"fenton_2013","29.5714285714286","weeks","m","weight","kg","1.41716677443591","1.31460109280487","0.211854473585984"
"fenton_2013","29.7142857142857","weeks","m","weight","kg","1.41688370696166","1.3386838977259599","0.21177780030061"
"fenton_2013","29.8571428571429","weeks","m","weight","kg","1.41576267643183","1.36324815134749","0.211625146468099"
"fenton_2013","30","weeks","m","weight","kg","1.41379069464186","1.38830335594219","0.211396588733636"
"fenton_2013","30.1428571428571","weeks","m","weight","kg","1.41095477338718","1.41385901378279","0.211092203742406"
"fenton_2013","30.2857142857143","weeks","m","weight","kg","1.40724192446325","1.43992462714204","0.210712068139594"
"fenton_2013","30.4285714285714","weeks","m","weight","kg","1.40263915966549","1.46650969829268","0.210256258570384"
"fenton_2013","30.5714285714286","weeks","m","weight","kg","1.39713448931344","1.4936231072181398","0.209724908039036"
"fenton_2013","30.7142857142857","weeks","m","weight","kg","1.39073888978071","1.5212594212480999","0.20911944580854"
"fenton_2013","30.8571428571429","weeks","m","weight","kg","1.38348630349501","1.54939889505842","0.208442597400612"
"fenton_2013","31","weeks","m","weight","kg","1.37541167140813","1.57802116103569","0.207697144696047"
"fenton_2013","31.1428571428571","weeks","m","weight","kg","1.36654993447186","1.6071058515665","0.206885869575638"
"fenton_2013","31.2857142857143","weeks","m","weight","kg","1.35693603363798","1.63663259903743","0.206011553920178"
"fenton_2013","31.4285714285714","weeks","m","weight","kg","1.3466049098583","1.66658103583506","0.20507697961046"
"fenton_2013","31.5714285714286","weeks","m","weight","kg","1.33559150410773","1.6969307943238","0.204084928529713"
"fenton_2013","31.7142857142857","weeks","m","weight","kg","1.32393075789304","1.72766150635812","0.203038182617184"
"fenton_2013","31.8571428571429","weeks","m","weight","kg","1.31165761325287","1.7587528032825501","0.201939523868142"
"fenton_2013","32","weeks","m","weight","kg","1.29880701224899","1.79018431641943","0.200791734280289"
"fenton_2013","32.1428571428571","weeks","m","weight","kg","1.28541389694316","1.82193567709112","0.199597595851329"
"fenton_2013","32.2857142857143","weeks","m","weight","kg","1.27151320939714","1.85398651661996","0.198359890578963"
"fenton_2013","32.4285714285714","weeks","m","weight","kg","1.25713989167269","1.88631646632832","0.197081400460894"
"fenton_2013","32.5714285714286","weeks","m","weight","kg","1.24232888582538","1.91890515754448","0.195764907494174"
"fenton_2013","32.7142857142857","weeks","m","weight","kg","1.22711513376826","1.95173222173338","0.194413193660843"
"fenton_2013","32.8571428571429","weeks","m","weight","kg","1.21153357727189","1.98477729049657","0.19302904092793"
"fenton_2013","33","weeks","m","weight","kg","1.1956191581006","2.01801999544157","0.191615231261813"
"fenton_2013","33.1428571428571","weeks","m","weight","kg","1.17940681801874","2.05143996817588","0.19017454662887"
"fenton_2013","33.2857142857143","weeks","m","weight","kg","1.16293149879066","2.08501684030701","0.18870976899548"
"fenton_2013","33.4285714285714","weeks","m","weight","kg","1.1462281421807","2.11873024344247","0.187223680328019"
"fenton_2013","33.5714285714286","weeks","m","weight","kg","1.12933168995488","2.1525598091881704","0.18571906259304"
"fenton_2013","33.7142857142857","weeks","m","weight","kg","1.11227708391738","2.18648516911343","0.184198697761117"
"fenton_2013","33.8571428571429","weeks","m","weight","kg","1.09509926591059","2.22048595475095","0.182665367806843"
"fenton_2013","34","weeks","m","weight","kg","1.07783317777854","2.25454179763185","0.181121854704986"
"fenton_2013","34.1428571428571","weeks","m","weight","kg","1.06051376136527","2.2886323292872497","0.179570940430317"
"fenton_2013","34.2857142857143","weeks","m","weight","kg","1.04317595851482","2.32273718124826","0.178015406957603"
"fenton_2013","34.4285714285714","weeks","m","weight","kg","1.02585471107123","2.3568359850460103","0.176458036261612"
"fenton_2013","34.5714285714286","weeks","m","weight","kg","1.00858496087809","2.39090837221204","0.174901610317068"
"fenton_2013","34.7142857142857","weeks","m","weight","kg","0.991401649768764","2.42493397428765","0.17334891109762"
"fenton_2013","34.8571428571429","weeks","m","weight","kg","0.974339719566386","2.45889242282396","0.171802720575843"
"fenton_2013","35","weeks","m","weight","kg","0.957434112093643","2.4927633493724803","0.170265820724269"
"fenton_2013","35.1428571428571","weeks","m","weight","kg","0.940719769173226","2.52652638548473","0.168740993515426"
"fenton_2013","35.2857142857143","weeks","m","weight","kg","0.924231632627822","2.56016116271224","0.167231020921845"
"fenton_2013","35.4285714285714","weeks","m","weight","kg","0.908004644280119","2.5936473126065196","0.165738684916057"
"fenton_2013","35.5714285714286","weeks","m","weight","kg","0.89207291763762","2.62696446671899","0.16426671873388"
"fenton_2013","35.7142857142857","weeks","m","weight","kg","0.876451514958555","2.66009225659855","0.162816734666819"
"fenton_2013","35.8571428571429","weeks","m","weight","kg","0.861136447251876","2.6930103137916097","0.161389224062058"
"fenton_2013","36","weeks","m","weight","kg","0.846122897211352","2.72569826984447","0.159984629530074"
"fenton_2013","36.1428571428571","weeks","m","weight","kg","0.831406047530751","2.7581357563034197","0.158603393681342"
"fenton_2013","36.2857142857143","weeks","m","weight","kg","0.816981080903842","2.79030240471476","0.157245959126339"
"fenton_2013","36.4285714285714","weeks","m","weight","kg","0.802843180024394","2.82217784662478","0.15591276847554"
"fenton_2013","36.5714285714286","weeks","m","weight","kg","0.788987527586143","2.85374258957594","0.154604264339422"
"fenton_2013","36.7142857142857","weeks","m","weight","kg","0.775409306282116","2.88499728902246","0.15332088932845"
"fenton_2013","36.8571428571429","weeks","m","weight","kg","0.762103698804629","2.9159627483303203","0.152063086053085"
"fenton_2013","37","weeks","m","weight","kg","0.749065887845966","2.9466606468616603","0.150831297123784"
"fenton_2013","37.1428571428571","weeks","m","weight","kg","0.736291056098413","2.97711266397863","0.149625965151006"
"fenton_2013","37.2857142857143","weeks","m","weight","kg","0.723774386254255","3.00734047904336","0.14844753274521"
"fenton_2013","37.4285714285714","weeks","m","weight","kg","0.711511061005776","3.037365771418","0.147296442516853"
"fenton_2013","37.5714285714286","weeks","m","weight","kg","0.699496263045265","3.06721022046476","0.146173137076384"
"fenton_2013","37.7142857142857","weeks","m","weight","kg","0.687725175065121","3.0968955055474","0.145078059034015"
"fenton_2013","37.8571428571429","weeks","m","weight","kg","0.676192979757849","3.12644330603122","0.14401165099972"
"fenton_2013","38","weeks","m","weight","kg","0.66489485981596","3.1558753012816","0.142974355583463"
"fenton_2013","38.1428571428571","weeks","m","weight","kg","0.653825997931963","3.1852131706639204","0.14196661539521"
"fenton_2013","38.2857142857143","weeks","m","weight","kg","0.64298157679837","3.21447859354354","0.140988873044923"
"fenton_2013","38.4285714285714","weeks","m","weight","kg","0.63235677910769","3.24369324928585","0.140041571142568"
"fenton_2013","38.5714285714286","weeks","m","weight","kg","0.621946787552447","3.2728788172559398","0.13912515229815"
"fenton_2013","38.7142857142857","weeks","m","weight","kg","0.61174678482544","3.30205697681246","0.138240059122631"
"fenton_2013","38.8571428571429","weeks","m","weight","kg","0.601751953619751","3.33124940730765","0.137386734227928"
"fenton_2013","39","weeks","m","weight","kg","0.59195747662847","3.3604777880934598","0.136565620225998"
"fenton_2013","39.1428571428571","weeks","m","weight","kg","0.58235853654469","3.38976379852183","0.1357771597288"
"fenton_2013","39.2857142857143","weeks","m","weight","kg","0.5729503160615","3.4191291179446996","0.135021795348292"
"fenton_2013","39.4285714285714","weeks","m","weight","kg","0.563727997871995","3.44859542571402","0.134299969696432"
"fenton_2013","39.5714285714286","weeks","m","weight","kg","0.554686764669211","3.4781844011827903","0.133612125385023"
"fenton_2013","39.7142857142857","weeks","m","weight","kg","0.545821799144965","3.5079177237282","0.132958705022283"
"fenton_2013","39.8571428571429","weeks","m","weight","kg","0.537128283989852","3.53781707275163","0.132340151212843"
"fenton_2013","40","weeks","m","weight","kg","0.528601401894412","3.5679041276554897","0.131756906561181"
"fenton_2013","40.1428571428571","weeks","m","weight","kg","0.520236335549188","3.59820056784223","0.131209413671774"
"fenton_2013","40.2857142857143","weeks","m","weight","kg","0.512028267644719","3.6287280727142504","0.130698115149098"
"fenton_2013","40.4285714285714","weeks","m","weight","kg","0.503972380871547","3.659508321674","0.130223453597631"
"fenton_2013","40.5714285714286","weeks","m","weight","kg","0.496063923313728","3.69056228997249","0.129785828783902"
"fenton_2013","40.7142857142857","weeks","m","weight","kg","0.488299647106137","3.72189475737834","0.129384655201663"
"fenton_2013","40.8571428571429","weeks","m","weight","kg","0.480677808434472","3.75349430817774","0.129018362071888"
"fenton_2013","41","weeks","m","weight","kg","0.473196728877945","3.7853488225054996","0.128685335777602"
"fenton_2013","41.1428571428571","weeks","m","weight","kg","0.465854730015767","3.8174461804964297","0.128383962701833"
"fenton_2013","41.2857142857143","weeks","m","weight","kg","0.458650133427149","3.8497742622853104","0.128112629227607"
"fenton_2013","41.4285714285714","weeks","m","weight","kg","0.451581260691304","3.88232094800696","0.12786972173795"
"fenton_2013","41.5714285714286","weeks","m","weight","kg","0.444646433386693","3.91507411781081","0.127653626613717"
"fenton_2013","41.7142857142857","weeks","m","weight","kg","0.437843973074563","3.94802165218343","0.127462730185811"
"fenton_2013","41.8571428571429","weeks","m","weight","kg","0.431172201298941","3.98115143194845","0.127295418735187"
"fenton_2013","42","weeks","m","weight","kg","0.424629439603106","4.01445133794416","0.127150078540626"
"fenton_2013","42.1428571428571","weeks","m","weight","kg","0.418214009530336","4.04790925100886","0.127025095880908"
"fenton_2013","42.2857142857143","weeks","m","weight","kg","0.411924232623912","4.08151305198085","0.126918857034817"
"fenton_2013","42.4285714285714","weeks","m","weight","kg","0.405758430427111","4.11525062169843","0.126829748281132"
"fenton_2013","42.5714285714286","weeks","m","weight","kg","0.399714924486008","4.149109840945179","0.126756155906742"
"fenton_2013","42.7142857142857","weeks","m","weight","kg","0.393792036410935","4.18307858924666","0.126696466384951"
"fenton_2013","42.8571428571429","weeks","m","weight","kg","0.387988087876487","4.21714474487037","0.126649066375484"
"fenton_2013","43","weeks","m","weight","kg","0.382301400560052","4.25129618602912","0.12661234254617"
"fenton_2013","43.1428571428571","weeks","m","weight","kg","0.376730296139019","4.28552079093571","0.126584681564841"
"fenton_2013","43.2857142857143","weeks","m","weight","kg","0.371273096290774","4.31980643780295","0.126564470099325"
"fenton_2013","43.4285714285714","weeks","m","weight","kg","0.365928122692708","4.35414100484364","0.126550094817452"
"fenton_2013","43.5714285714286","weeks","m","weight","kg","0.360693697011779","4.388512370474721","0.126539942356803"
"fenton_2013","43.7142857142857","weeks","m","weight","kg","0.355568140675126","4.42290841780823","0.126532398659234"
"fenton_2013","43.8571428571429","weeks","m","weight","kg","0.350549774870058","4.45731703465131","0.126525848970875"
"fenton_2013","44","weeks","m","weight","kg","0.34563692077346","4.49172610901522","0.126518678507608"
"fenton_2013","44.1428571428571","weeks","m","weight","kg","0.340827899562216","4.52612352891124","0.126509272485315"
"fenton_2013","44.2857142857143","weeks","m","weight","kg","0.336121032413211","4.56049718235063","0.126496016119877"
"fenton_2013","44.4285714285714","weeks","m","weight","kg","0.331514640503328","4.5948349573446805","0.126477294627175"
"fenton_2013","44.5714285714286","weeks","m","weight","kg","0.327007045048366","4.6291247411428005","0.126451493335982"
"fenton_2013","44.7142857142857","weeks","m","weight","kg","0.322596568159163","4.66335440347208","0.126417000171551"
"fenton_2013","44.8571428571429","weeks","m","weight","kg","0.318281532841596","4.69751179653727","0.126372205655619"
"fenton_2013","45","weeks","m","weight","kg","0.314060262140455","4.73158477178125","0.126315500422811"
"fenton_2013","45.1428571428571","weeks","m","weight","kg","0.309931079100531","4.765561180646929","0.126245275107753"
"fenton_2013","45.2857142857143","weeks","m","weight","kg","0.305892306766617","4.7994288745772","0.126159920345072"
"fenton_2013","45.4285714285714","weeks","m","weight","kg","0.301942268183503","4.83317570501496","0.126057826769393"
"fenton_2013","45.5714285714286","weeks","m","weight","kg","0.29807926990242","4.86678975899956","0.125937447434908"
"fenton_2013","45.7142857142857","weeks","m","weight","kg","0.294301239122716","4.90026454228853","0.125798671045809"
"fenton_2013","45.8571428571429","weeks","m","weight","kg","0.290605723691856","4.93359897935763","0.125642821956291"
"fenton_2013","46","weeks","m","weight","kg","0.286990254963744","4.96679223027905","0.125471286940113"
"fenton_2013","46.1428571428571","weeks","m","weight","kg","0.283452364292284","4.999843455124981","0.125285452771034"
"fenton_2013","46.2857142857143","weeks","m","weight","kg","0.279989583031382","5.03275181396761","0.125086706222814"
"fenton_2013","46.4285714285714","weeks","m","weight","kg","0.276599442534941","5.06551646687915","0.124876434069211"
"fenton_2013","46.5714285714286","weeks","m","weight","kg","0.273279474698879","5.0981365633207","0.124656024656347"
"fenton_2013","46.7142857142857","weeks","m","weight","kg","0.270027223885394","5.13061100869859","0.124426902494669"
"fenton_2013","46.8571428571429","weeks","m","weight","kg","0.266840246922969","5.16293846436435","0.124190528258949"
"fenton_2013","47","weeks","m","weight","kg","0.2637161011821","5.19511758105845","0.12394836419632"
"fenton_2013","47.1428571428571","weeks","m","weight","kg","0.26065234403328","5.22714700952133","0.123701872553917"
"fenton_2013","47.2857142857143","weeks","m","weight","kg","0.257646532847005","5.25902540049346","0.123452515578874"
"fenton_2013","47.4285714285714","weeks","m","weight","kg","0.25469622499377","5.29075140471529","0.123201755518326"
"fenton_2013","47.5714285714286","weeks","m","weight","kg","0.25179897582125","5.32232371252837","0.12295104875127"
"fenton_2013","47.7142857142857","weeks","m","weight","kg","0.248952294152324","5.3537419250991","0.122701716689607"
"fenton_2013","47.8571428571429","weeks","m","weight","kg","0.246153642285066","5.38500655441878","0.122454945778137"
"fenton_2013","48","weeks","m","weight","kg","0.243400480494735","5.41611815207979","0.122211916593523"
"fenton_2013","48.1428571428571","weeks","m","weight","kg","0.240690269056587","5.44707726967449","0.121973809712432"
"fenton_2013","48.2857142857143","weeks","m","weight","kg","0.238020468245882","5.47788445879525","0.121741805711526"
"fenton_2013","48.4285714285714","weeks","m","weight","kg","0.235388538337877","5.50854027103446","0.121517085167472"
"fenton_2013","48.5714285714286","weeks","m","weight","kg","0.232791947157088","5.53904511019123","0.12130085055711"
"fenton_2013","48.7142857142857","weeks","m","weight","kg","0.23022833616095","5.56939598081998","0.121094808061358"
"fenton_2013","48.8571428571429","weeks","m","weight","kg","0.227695520439822","5.5995864882304005","0.120901167565205"
"fenton_2013","49","weeks","m","weight","kg","0.225191322633318","5.6296100899389305","0.120722160853818"
"fenton_2013","49.1428571428571","weeks","m","weight","kg","0.222713565381053","5.65946024346203","0.120560019712365"
"fenton_2013","49.2857142857143","weeks","m","weight","kg","0.220260071322642","5.68913040631613","0.120416975926014"
"fenton_2013","49.4285714285714","weeks","m","weight","kg","0.217828663097699","5.71861403601768","0.120295261279931"
"fenton_2013","49.5714285714286","weeks","m","weight","kg","0.215417096684937","5.74790589511629","0.120196914177938"
"fenton_2013","49.7142857142857","weeks","m","weight","kg","0.213021594862323","5.77703076192416","0.120119525252902"
"fenton_2013","49.8571428571429","weeks","m","weight","kg","0.210636847207074","5.8060434305161","0.120056237366734"
"fenton_2013","50","weeks","m","weight","kg","0.208257476635514","5.835","0.12"
