id	pos	best	average	competition_id	round_type_id	event_id	person_name	person_id	format_id	regional_single_record	regional_average_record	person_country_id
55180	1	22	0	BarcelonaOpen2009	f	333fm	Jimmy Coll	2006COLL01	1	WR	NULL	Belgium
135044	1	22	0	CzechOpen2010	f	333fm	István Kocza	2005KOCZ01	1	WR	NULL	Hungary
141111	1	24	0	USNationals2010	f	333fm	Clément Gallet	2004GALL02	2	NR	NULL	France
150340	1	25	0	EstonianOpen2010	f	333fm	Teemu Tiinanen	2007TIIN01	1	NR	NULL	Finland
164515	1	24	0	DutchNationals2010	f	333fm	Sébastien Auroux	2008AURO01	1	NR	NULL	Germany
199947	1	25	0	BelgianOpen2011	f	333fm	Ron van Bruchem	2003BRUC01	1	NR	NULL	Netherlands
271558	1	24	0	Altbier2012	f	333fm	Erik Akkersdijk	2005AKKE01	2	NR	NULL	Netherlands
272966	1	25	-1	TwenteOpen2012	f	333fm	Guus Razoux Schultz	1982RAZO01	3	NULL	NULL	Netherlands
294051	1	25	3067	PKUFM2012	f	333fm	Baiqiang Dong (董百强)	2008DONG06	3	AsR	NULL	China
305266	1	24	0	SaarlandOpen2012	f	333fm	Tim Reynolds	2005REYN01	1	NAR	NULL	USA
305267	2	25	0	SaarlandOpen2012	f	333fm	Sébastien Auroux	2008AURO01	1	NULL	NULL	Germany
307893	1	20	0	CzechOpen2012	f	333fm	Tomoaki Okayama (岡山友昭)	2009OKAY01	2	WR	NULL	Japan
326296	1	24	-1	MovesN00bs2012	f	333fm	Erik Akkersdijk	2005AKKE01	3	NR	NULL	Netherlands
331845	1	24	0	JapanOpen2012	f	333fm	Yu Nakajima (中島悠)	2007NAKA03	1	NULL	NULL	Japan
337935	1	25	0	MunichOpen2012	f	333fm	Sébastien Auroux	2008AURO01	1	NULL	NULL	Germany
353294	1	25	0	BerkeleyAutumn2012	f	333fm	Shotaro Makisumi (牧角章太郎)	2003MAKI01	1	NULL	NULL	Japan
385718	1	25	0	MontrealOpen2013	f	333fm	Joon Cha (차준혁)	2012CHAJ01	1	NR	NULL	Korea
392555	1	21	0	BWOpen2013	f	333fm	Moritz Karl	2008KARL02	2	ER	NULL	Germany
397058	1	23	0	GermanOpen2013	f	333fm	Adrian Lehmann	2010LEHM02	2	NULL	NULL	Germany
405682	1	23	2600	BerlinOpen2013	f	333fm	Sébastien Auroux	2008AURO01	3	NULL	WR	Germany
428316	1	25	0	WC2013	f	333fm	Steven Xu	2007XUST01	2	NULL	NULL	USA
433348	1	25	0	TachikawaFest2013	f	333fm	Tomoaki Okayama (岡山友昭)	2009OKAY01	1	NULL	NULL	Japan
441244	1	25	3033	CubeCampKanazawa2013	f	333fm	Yuki Tanaka (田中悠樹)	2010TANA02	3	NULL	NULL	Japan
446554	1	23	2567	VilladeCatral2013	f	333fm	Sébastien Auroux	2008AURO01	3	NULL	WR	Germany
448484	1	25	0	SHOpen2013	f	333fm	Sébastien Auroux	2008AURO01	1	NULL	NULL	Germany
458461	1	25	0	MadridOpen2013	f	333fm	Bence Barát	2008BARA01	2	NULL	NULL	Hungary
475388	1	24	0	SpanishChampionships2013	f	333fm	Javier Cabezuelo Sánchez	2007SANC01	2	NR	NULL	Spain
481013	1	24	0	HasseltOpen2013	f	333fm	Sébastien Auroux	2008AURO01	2	NULL	NULL	Germany
486411	1	24	0	TwenteOpen2013	f	333fm	Erik Akkersdijk	2005AKKE01	2	NR	NULL	Netherlands
521105	1	24	0	FrankfurtCubeDays2014	f	333fm	Laura Ohrndorf	2009OHRN01	1	NULL	NULL	Germany
521106	1	24	0	FrankfurtCubeDays2014	f	333fm	Sébastien Auroux	2008AURO01	1	NULL	NULL	Germany
522347	1	24	3033	MolinaOpen2014	f	333fm	Tomoaki Okayama (岡山友昭)	2009OKAY01	m	NULL	NULL	Japan
533673	1	25	0	UniversityofNottingham2014	f	333fm	Daniel Sheppard	2009SHEP01	1	NR	NULL	United Kingdom
536153	1	23	0	HamburgOpen2014	f	333fm	Sébastien Auroux	2008AURO01	2	NULL	NULL	Germany
543170	1	24	0	HessenOpen2014	f	333fm	Sébastien Auroux	2008AURO01	1	NULL	NULL	Germany
560318	1	25	2800	VelbertEasterOpen2014	f	333fm	Marcel Peters	2012PETE03	m	NULL	NULL	Germany
560328	1	21	2500	VelbertEasterOpen2014	1	333fm	Sébastien Auroux	2008AURO01	m	ER	WR	Germany
560329	2	24	2667	VelbertEasterOpen2014	1	333fm	Marcel Peters	2012PETE03	m	NULL	NULL	Germany
570625	1	24	2733	OxfordOpen2014	f	333fm	Daniel Sheppard	2009SHEP01	m	NR	NR	United Kingdom
573302	1	25	3733	KirkkonummiOpen2014	f	333fm	Sakari Rautalin	2012RAUT01	m	NR	NR	Finland
582238	1	24	2633	NottinghamSummer2014	f	333fm	Daniel Sheppard	2009SHEP01	m	NR	NR	United Kingdom
593945	1	23	3000	CzechOpen2014	f	333fm	Bence Barát	2008BARA01	m	NULL	NR	Hungary
596135	1	23	0	DixonSummer2014	f	333fm	Walker Welch	2011WELC01	1	NAR	NULL	USA
607107	1	22	2500	USNationals2014	f	333fm	Vincent Sheu	2006SHEU01	m	NAR	WR	USA
608567	1	25	0	BrasileiroInverno2014	f	333fm	João Pedro Batista Ribeiro Costa	2013COST02	1	SAR	NULL	Brazil
609992	2	25	2833	Euro2014	f	333fm	Linus Frész	2011FRES01	m	NULL	NULL	Germany
609993	1	23	2633	Euro2014	f	333fm	Sébastien Auroux	2008AURO01	m	NULL	NULL	Germany
623440	1	25	3167	PLSMarina2014	f	333fm	Marcin Stachura	2011STAC01	m	NR	NULL	Poland
629151	1	24	2900	PragueOpen2014	f	333fm	Tomoaki Okayama (岡山友昭)	2009OKAY01	m	NULL	AsR	Japan
635773	1	25	2867	SebraOpen2014	f	333fm	Emanuel Rheinert	2011RHEI01	m	NULL	NULL	Germany
638316	1	21	0	SapporoOpen2014	f	333fm	Tomoaki Okayama (岡山友昭)	2009OKAY01	1	NULL	NULL	Japan
642927	1	25	3200	UPVOpen2014	f	333fm	Alexander Olleta del Molino	2008OLLE01	m	NULL	NULL	Spain
658631	1	25	0	AsianChampionship2014	f	333fm	Tomoaki Okayama (岡山友昭)	2009OKAY01	2	NULL	NULL	Japan
665720	1	23	0	FranconiaWinter2014	f	333fm	Linus Frész	2011FRES01	1	NULL	NULL	Germany
678211	1	25	0	KharkivWinter2014	f	333fm	Serhii Koksharov (Сергій Кокшаров)	2013KOKS01	1	NR	NULL	Ukraine
688351	4	25	3333	AnotherFMC2015	f	333fm	Cale Schoon	2014SCHO02	m	NULL	NULL	USA
689112	2	25	0	FrankfurtCubeDays2015	f	333fm	Emanuel Rheinert	2011RHEI01	1	NULL	NULL	Germany
689113	1	22	0	FrankfurtCubeDays2015	f	333fm	Laura Ohrndorf	2009OHRN01	1	NULL	NULL	Germany
694639	15	23	-1	PreMundial2015	f	333fm	João Pedro Batista Ribeiro Costa	2013COST02	m	SAR	NULL	Brazil
698153	1	22	3167	WinterWestUkraine2015	f	333fm	Anton Krokhmal (Антон Крохмаль)	2012KROK01	m	NR	NR	Ukraine
698324	2	24	3233	BONDOpen2015	f	333fm	Bence Barát	2008BARA01	m	NULL	NULL	Hungary
713038	4	24	3300	ZonhovenOpen2015	f	333fm	Andreas Pohl	2012POHL01	m	NULL	NULL	Germany
713041	1	25	2667	ZonhovenOpen2015	f	333fm	Sébastien Auroux	2008AURO01	m	NULL	NULL	Germany
718919	1	25	0	EdinburghSpring2015	f	333fm	Daniel Sheppard	2009SHEP01	1	NULL	NULL	United Kingdom
719361	14	23	3233	FMCEurope2015	f	333fm	Anton Krokhmal (Антон Крохмаль)	2012KROK01	m	NULL	NULL	Ukraine
719368	6	25	2833	FMCEurope2015	f	333fm	Jan Bentlage	2010BENT01	m	NULL	NULL	Germany
719372	2	25	2633	FMCEurope2015	f	333fm	Emanuel Rheinert	2011RHEI01	m	NULL	NULL	Germany
719373	1	23	2600	FMCEurope2015	f	333fm	Marcel Peters	2012PETE03	m	NULL	NULL	Germany
720089	1	25	2900	FMCed2015	f	333fm	Prakhar Gupta	2014GUPT09	m	NR	NR	India
722936	1	25	3067	PolishOpen2015	f	333fm	Grzegorz Łuczyna	2005LUCZ01	m	NR	NR	Poland
733723	1	25	0	GermanOpen2015	f	333fm	Laura Ohrndorf	2009OHRN01	1	NULL	NULL	Germany
749401	1	25	2733	CanberraAutumn2015	f	333fm	Feliks Zemdegs	2009ZEMD01	m	OcR	OcR	Australia
750775	1	23	0	ErfurtOpen2015	f	333fm	Tomáš Novotný	2014NOVO01	1	NR	NULL	Czech Republic
753743	1	22	2500	CBNBC2015	f	333fm	Jan Bentlage	2010BENT01	m	NULL	WR	Germany
753744	2	24	2733	CBNBC2015	f	333fm	Marcel Peters	2012PETE03	m	NULL	NULL	Germany
756401	1	24	2600	BrasiliaOpen2015	f	333fm	João Pedro Batista Ribeiro Costa	2013COST02	m	NULL	SAR	Brazil
762540	3	25	3733	IndianNationals2015	f	333fm	Rohan Krishna	2013KRIS02	m	NR	NULL	India
765485	8	22	-1	VelbertOpen2015	f	333fm	Marcel Peters	2012PETE03	m	NULL	NULL	Germany
765492	1	25	2667	VelbertOpen2015	f	333fm	Sébastien Auroux	2008AURO01	m	NULL	NULL	Germany
772541	5	24	-1	FantabulousMichigan2015	f	333fm	Ryan DeLine	2012DELI01	m	NULL	NULL	USA
780186	1	22	0	FranconiaOpen2015	f	333fm	Linus Frész	2011FRES01	1	NULL	NULL	Germany
780187	1	22	0	FranconiaOpen2015	f	333fm	Anonymous	2011ANON06	1	NULL	NULL	Germany
782018	1	25	2700	CroatianOpen2015	f	333fm	Bence Barát	2008BARA01	m	NULL	NR	Hungary
791910	1	20	2700	Michigan2015	f	333fm	Rami Sbahi	2011SBAH01	m	WR	NULL	USA
795111	1	25	2767	CzechOpen2015	f	333fm	Tomáš Novotný	2014NOVO01	m	NULL	NR	Czech Republic
795112	2	24	2900	CzechOpen2015	f	333fm	Bence János Csuti	2014CSUT01	m	NULL	NULL	Hungary
795113	3	25	2900	CzechOpen2015	f	333fm	Bence Barát	2008BARA01	m	NULL	NULL	Hungary
798649	1	25	2567	WC2015	f	333fm	João Pedro Batista Ribeiro Costa	2013COST02	m	NULL	SAR	Brazil
798650	2	25	2733	WC2015	f	333fm	Jan Bentlage	2010BENT01	m	NULL	NULL	Germany
798652	4	24	2767	WC2015	f	333fm	Marcel Peters	2012PETE03	m	NULL	NULL	Germany
798654	6	24	2800	WC2015	f	333fm	Tomoaki Okayama (岡山友昭)	2009OKAY01	m	NULL	NULL	Japan
800765	4	25	-1	GernikaOpen2015	f	333fm	Alberto Pérez de Rada Fiol	2011FIOL01	m	NULL	NULL	Spain
806408	2	24	2967	SESCSantos2015	f	333fm	Diego Meneghetti	2012MENE01	m	NULL	NULL	Brazil
810298	1	22	2500	N8W8Summer2015	f	333fm	Sébastien Auroux	2008AURO01	m	NULL	WR	Germany
810299	2	22	2667	N8W8Summer2015	f	333fm	Jan Bentlage	2010BENT01	m	NULL	NULL	Germany
814065	9	23	3267	USNationals2015	f	333fm	Tim Wong	2007WONG02	m	NULL	NULL	USA
830105	1	23	0	GBCO2015	f	333fm	Sébastien Auroux	2008AURO01	1	NULL	NULL	Germany
830106	2	24	0	GBCO2015	f	333fm	Marcel Peters	2012PETE03	1	NULL	NULL	Germany
840966	1	25	0	GermanNationals2015	f	333fm	Wilhelm Kilders	2010KILD02	1	NULL	NULL	Germany
843588	1	24	0	UtahMegacomp2015	f	333fm	Michael Young	2008YOUN02	1	NULL	NULL	USA
865257	4	25	-1	ArnoldClassicRubik2015	f	333fm	Gonzalo Orellana Barrasa	2010OREL02	m	NULL	NULL	Spain
873643	1	25	2833	PleaseBeQuiet2015	f	333fm	Michael Young	2008YOUN02	m	NULL	NULL	USA
877840	4	25	2967	PolishChampionship2015	f	333fm	Michał Pleskowicz	2009PLES01	m	NR	NULL	Poland
884313	1	19	0	IrvineFall2015	f	333fm	Tim Wong	2007WONG02	1	WR	NULL	USA
892999	1	23	2800	FMCUSA2015	f	333fm	Michael Young	2008YOUN02	m	NULL	NULL	USA
896807	1	25	0	MunichOpen2015	f	333fm	Marcel Peters	2012PETE03	1	NULL	NULL	Germany
906972	1	23	0	FranconiaWinter2015	f	333fm	Emanuel Rheinert	2011RHEI01	1	NULL	NULL	Germany
915961	46	25	-1	FMCAsia2015	f	333fm	Nikhil Mande	2008MAND01	m	NR	NULL	India
916046	1	23	2833	BeijingLongEvents2015	f	333fm	Yunke Zhang (张云柯)	2014ZHAN11	m	NR	NR	China
925603	1	24	2567	SebraOpen2015	f	333fm	Sébastien Auroux	2008AURO01	m	NULL	NULL	Germany
925604	2	25	2600	SebraOpen2015	f	333fm	Marcel Peters	2012PETE03	m	NULL	NULL	Germany
925605	3	24	2667	SebraOpen2015	f	333fm	Emanuel Rheinert	2011RHEI01	m	NULL	NULL	Germany
926603	1	22	2767	ItalianOpen2015	f	333fm	Sebastiano Tronto	2011TRON02	m	NR	NR	Italy
940438	1	25	0	WelcomeThayCambridge2015	f	333fm	Daniel Sheppard	2009SHEP01	1	NULL	NULL	United Kingdom
940439	1	25	0	WelcomeThayCambridge2015	f	333fm	Jan Bentlage	2010BENT01	1	NULL	NULL	Germany
950873	1	24	2833	HelsinkiSideEvents2016	f	333fm	Janne Lehtimäki	2012LEHT01	m	NR	NR	Finland
956027	1	24	2567	Cubelonia2016	f	333fm	Sébastien Auroux	2008AURO01	m	NULL	NULL	Germany
956028	2	19	2633	Cubelonia2016	f	333fm	Marcel Peters	2012PETE03	m	WR	NULL	Germany
956029	3	25	2800	Cubelonia2016	f	333fm	Mats Valk	2007VALK01	m	NULL	NULL	Netherlands
960745	1	25	2667	KeepPortlandQuiet2016	f	333fm	Walker Welch	2011WELC01	m	NULL	NULL	USA
960746	2	24	2800	KeepPortlandQuiet2016	f	333fm	Mark Boyanowski	2014BOYA01	m	NULL	NULL	USA
966470	1	25	2667	MinnesotaWinter2016	f	333fm	Cale Schoon	2014SCHO02	m	NULL	NULL	USA
971773	1	23	0	FrankfurtCubeDays2016	f	333fm	Laura Ohrndorf	2009OHRN01	1	NULL	NULL	Germany
974968	1	23	2600	BONDOpen2016	f	333fm	Bence Barát	2008BARA01	m	NULL	NR	Hungary
974969	2	24	2700	BONDOpen2016	f	333fm	Sébastien Auroux	2008AURO01	m	NULL	NULL	Germany
974970	3	24	2733	BONDOpen2016	f	333fm	Marcel Peters	2012PETE03	m	NULL	NULL	Germany
985719	1	25	3033	BlindandWhatnot2016	f	333fm	Ryan DeLine	2012DELI01	m	NULL	NULL	USA
985720	2	24	3067	BlindandWhatnot2016	f	333fm	Mark Boyanowski	2014BOYA01	m	NULL	NULL	USA
990914	1	22	2700	OsijekOpen2016	f	333fm	Bence Barát	2008BARA01	m	NR	NULL	Hungary
996446	6	25	-1	ZonhovenOpen2016	f	333fm	Linus Frész	2011FRES01	m	NULL	NULL	Germany
996447	1	22	2500	ZonhovenOpen2016	f	333fm	Sébastien Auroux	2008AURO01	m	NULL	WR	Germany
1003097	1	25	2633	FMCEurope2016	f	333fm	Marcel Peters	2012PETE03	m	NULL	NULL	Germany
1003098	2	25	2700	FMCEurope2016	f	333fm	Daniel Sheppard	2009SHEP01	m	NULL	NULL	United Kingdom
1003099	3	23	2767	FMCEurope2016	f	333fm	Robert Yau	2009YAUR01	m	NR	NULL	United Kingdom
1003101	5	25	2900	FMCEurope2016	f	333fm	Grzegorz Łuczyna	2005LUCZ01	m	NR	NULL	Poland
1003102	6	25	2967	FMCEurope2016	f	333fm	Bence János Csuti	2014CSUT01	m	NULL	NULL	Hungary
1006397	1	25	0	KansaiOpen2016	f	333fm	Shuto Ueno (上野柊斗)	2008UENO01	1	NULL	NULL	Japan
1006398	1	25	0	KansaiOpen2016	f	333fm	Tomoaki Okayama (岡山友昭)	2009OKAY01	1	NULL	NULL	Japan
1017911	2	25	2867	MichiganCubingClubAlpha2016	f	333fm	Mark Boyanowski	2014BOYA01	m	NULL	NULL	USA
1022526	1	25	0	PlentziaOpen2016	f	333fm	Alexander Olleta del Molino	2008OLLE01	2	NULL	NULL	Spain
1023409	1	22	0	ExeterOpen2016	f	333fm	Daniel Sheppard	2009SHEP01	1	NR	NULL	United Kingdom
1023410	2	25	0	ExeterOpen2016	f	333fm	Evan Liu	2009LIUE01	1	NULL	NULL	USA
1028002	1	25	2900	CrossstraitFMC2016	1	333fm	Yunke Zhang (张云柯)	2014ZHAN11	m	NULL	NULL	China
1028041	1	25	2733	CrossstraitFMC2016	f	333fm	Jiejie Du (杜杰杰)	2010DUJI01	m	NULL	AsR	China
1029981	1	23	0	GermanOpen2016	f	333fm	Marcel Peters	2012PETE03	1	NULL	NULL	Germany
1039130	1	25	0	OpenCubeProject2016	f	333fm	Anton Piau	2008PIAU01	1	NULL	NULL	France
1065630	1	25	0	LvivSpringDays2016	f	333fm	Serhii Koksharov (Сергій Кокшаров)	2013KOKS01	1	NULL	NULL	Ukraine
1068356	1	24	0	HessenOpen2016	f	333fm	Moritz Karl	2008KARL02	1	NULL	NULL	Germany
1068357	2	25	0	HessenOpen2016	f	333fm	Jan Bentlage	2010BENT01	1	NULL	NULL	Germany
1068358	2	25	0	HessenOpen2016	f	333fm	Linus Frész	2011FRES01	1	NULL	NULL	Germany
1090564	1	24	2433	SchwandorfOpen2016	f	333fm	Marcel Peters	2012PETE03	m	NULL	WR	Germany
1090565	2	23	2833	SchwandorfOpen2016	f	333fm	Jan Bentlage	2010BENT01	m	NULL	NULL	Germany
1092729	1	25	0	NortheasternSpring2016	f	333fm	Tim Wong	2007WONG02	1	NULL	NULL	USA
1099896	1	23	0	BrasiliaOpen2016	f	333fm	João Pedro Batista Ribeiro Costa	2013COST02	1	SAR	NULL	Brazil
1110683	1	22	2633	CubeofOddNumbers2016	f	333fm	Jiejie Du (杜杰杰)	2010DUJI01	m	NULL	AsR	China
1110684	2	20	2667	CubeofOddNumbers2016	f	333fm	Ziheng Ma (马子恒)	2012MAZI01	m	AsR	NULL	China
1110685	3	25	2700	CubeofOddNumbers2016	f	333fm	Baiqiang Dong (董百强)	2008DONG06	m	NULL	NULL	China
1118826	13	24	-1	MentalBreakdown2016	1	333fm	Mark Boyanowski	2014BOYA01	m	NULL	NULL	USA
1118833	1	23	2567	MentalBreakdown2016	f	333fm	Mark Boyanowski	2014BOYA01	m	NULL	NULL	USA
1118844	12	25	-1	MentalBreakdown2016	f	333fm	Walker Welch	2011WELC01	m	NULL	NULL	USA
1123814	1	22	2467	Indiana2016	f	333fm	Ryan DeLine	2012DELI01	m	NULL	NAR	USA
1123815	1	22	2467	Indiana2016	f	333fm	Walker Welch	2011WELC01	m	NULL	NAR	USA
1123816	3	24	2600	Indiana2016	f	333fm	Mark Boyanowski	2014BOYA01	m	NULL	NULL	USA
1123817	4	22	2800	Indiana2016	f	333fm	Kit Clement	2008CLEM01	m	NULL	NULL	USA
1143563	2	25	3233	SoCal2016	f	333fm	Andrew Nathenson	2011NATH02	m	NULL	NULL	USA
1146626	1	23	2533	Euro2016	f	333fm	Jan Bentlage	2010BENT01	m	NULL	NULL	Germany
1146627	2	25	2700	Euro2016	f	333fm	Linus Frész	2011FRES01	m	NULL	NULL	Germany
1146628	3	25	2767	Euro2016	f	333fm	Sébastien Auroux	2008AURO01	m	NULL	NULL	Germany
1146629	3	25	2767	Euro2016	f	333fm	Matěj Grohmann	2015GROH02	m	NULL	NR	Czech Republic
1146681	56	25	-1	Euro2016	f	333fm	Marcel Peters	2012PETE03	m	NULL	NULL	Germany
1165731	1	25	2600	Brasileiro2016	f	333fm	João Pedro Batista Ribeiro Costa	2013COST02	m	NULL	NULL	Brazil
1170437	1	25	0	ZeelandOpen2016	f	333fm	Jan Bentlage	2010BENT01	1	NULL	NULL	Germany
1172785	2	23	2867	USNationals2016	f	333fm	Cale Schoon	2014SCHO02	m	NULL	NULL	USA
1172802	19	25	3567	USNationals2016	f	333fm	AJ Blair	2009BLAI01	m	NULL	NULL	USA
1183523	1	25	2800	CubeCampinKanazawa2016	f	333fm	Tomoaki Okayama (岡山友昭)	2009OKAY01	m	NULL	NULL	Japan
1185340	1	23	0	FullStepsinBrest2016	f	333fm	Wojciech Szatanowski	2011SZAT01	1	NR	NULL	Poland
1187516	1	24	0	N8W8Summer2016	f	333fm	Max Hahnbück	2013HAHN02	1	NULL	NULL	Germany
1192184	11	25	-1	TubingenOpen2016	f	333fm	Marcel Peters	2012PETE03	m	NULL	NULL	Germany
1195297	1	22	2633	CrossstraitCubing2016	f	333fm	Bo Huang (黄镈)	2013HUAN16	m	NULL	AsR	China
1200248	1	23	2600	Michigan2016	f	333fm	Mark Boyanowski	2014BOYA01	m	NULL	NULL	USA
1200264	17	23	-1	Michigan2016	f	333fm	Walker Welch	2011WELC01	m	NULL	NULL	USA
1212934	4	22	-1	AlicanteOpen2016	f	333fm	Javier Cabezuelo Sánchez	2007SANC01	m	NR	NULL	Spain
1213765	1	23	2667	FantasticManhattan2016	f	333fm	Mark Boyanowski	2014BOYA01	m	NULL	NULL	USA
1218889	1	19	0	PSUOpen2016	f	333fm	Uladzislau Ushakov (Владислав Ушаков)	2014USHA01	1	WR	NULL	Belarus
1227982	1	25	0	SwissNationals2016	f	333fm	Linus Frész	2011FRES01	1	NULL	NULL	Germany
1241750	1	20	2467	CanberraSpring2016	f	333fm	Jayden McNeill	2012MCNE01	m	OcR	OcR	Australia
1246502	1	23	3467	KrivbassOpen2016	f	333fm	Serhii Mormul (Сергій Мормуль)	2012MORM01	m	NULL	NULL	Ukraine
1255687	1	25	2800	AsianChampionship2016	f	333fm	Ziheng Ma (马子恒)	2012MAZI01	m	NULL	NULL	China
1255900	1	25	2800	AsianChampionship2016	f	333fm	Yiwei Liu (刘伊玮)	2012LIUY03	m	NULL	NULL	China
1256505	3	25	2833	AsianChampionship2016	f	333fm	Peiyan Li (利沛焰)	2013LIPE01	m	NULL	NULL	China
1260130	1	25	2900	PragueOpen2016	f	333fm	Bence Barát	2008BARA01	m	NULL	NULL	Hungary
1260452	9	25	-1	PragueOpen2016	f	333fm	Tomáš Nguyen	2014QUYN02	m	NR	NULL	Vietnam
1262229	1	23	2533	GermanNationals2016	f	333fm	Emanuel Rheinert	2011RHEI01	m	NULL	NULL	Germany
1262677	5	25	2833	GermanNationals2016	f	333fm	Linus Frész	2011FRES01	m	NULL	NULL	Germany
1262748	2	24	2733	GermanNationals2016	f	333fm	Marcel Peters	2012PETE03	m	NULL	NULL	Germany
1262966	6	23	3000	GermanNationals2016	f	333fm	Olivér Perge	2007PERG01	m	NULL	NULL	Hungary
1263126	2	24	2733	GermanNationals2016	f	333fm	Sébastien Auroux	2008AURO01	m	NULL	NULL	Germany
1263147	23	23	-1	GermanNationals2016	f	333fm	Simon Kalhofer	2012KALH01	m	NULL	NULL	Germany
1263172	11	23	3333	GermanNationals2016	f	333fm	Stephen Adhisaputra	2010ADHI01	m	NR	NULL	Indonesia
1267619	1	24	0	JapanOpen2016	f	333fm	Toru Morooka (諸岡徹)	2010MORO01	1	NULL	NULL	Japan
1279515	1	25	2900	Museesuissedujeu2016	f	333fm	Reto Bubendorf	2012BUBE01	m	NR	NULL	Switzerland
1292096	1	23	2600	SebraOpen2016	f	333fm	Jan Bentlage	2010BENT01	m	NULL	NULL	Germany
1292142	3	24	2700	SebraOpen2016	f	333fm	Laura Ohrndorf	2009OHRN01	m	NULL	NULL	Germany
1292170	2	23	2633	SebraOpen2016	f	333fm	Linus Frész	2011FRES01	m	NULL	NULL	Germany
1292196	4	23	2800	SebraOpen2016	f	333fm	Marcel Peters	2012PETE03	m	NULL	NULL	Germany
1292340	5	23	2833	SebraOpen2016	f	333fm	Sébastien Auroux	2008AURO01	m	NULL	NULL	Germany
1293084	3	25	3133	HungarianOpen2016	f	333fm	Attila Horváth	2012HORV01	m	NULL	NULL	Hungary
1293414	2	24	2967	HungarianOpen2016	f	333fm	Dávid Balog	2009BALO03	m	NULL	NULL	Hungary
1327893	1	23	0	PSKubing2016	f	333fm	Jan Bentlage	2010BENT01	1	NULL	NULL	Germany
1327965	1	23	0	PSKubing2016	f	333fm	Laura Ohrndorf	2009OHRN01	1	NULL	NULL	Germany
1328046	4	24	0	PSKubing2016	f	333fm	Linus Frész	2011FRES01	1	NULL	NULL	Germany
1328336	1	23	0	PSKubing2016	f	333fm	Sébastien Auroux	2008AURO01	1	NULL	NULL	Germany
1332680	1	24	0	MPEIOpen2016	f	333fm	Serhii Koksharov (Сергій Кокшаров)	2013KOKS01	1	NULL	NULL	Ukraine
1337460	1	25	2633	PoliMiOpen2016	f	333fm	Sebastiano Tronto	2011TRON02	m	NULL	NR	Italy
1340213	4	25	2933	FMCAsia2016	f	333fm	Baiqiang Dong (董百强)	2008DONG06	m	NULL	NULL	China
1340282	1	25	2667	FMCAsia2016	f	333fm	Bo Huang (黄镈)	2013HUAN16	m	NULL	NULL	China
1340331	1	25	2667	FMCAsia2016	f	333fm	ChoongMyoung Lee (이충명)	2012LEEC01	m	NR	NR	Korea
1348788	1	25	2567	MegaMinnesotaWinter2016	f	333fm	Walker Welch	2011WELC01	m	NULL	NULL	USA
1351993	12	24	-1	PolishChampionship2016	f	333fm	Tomek Bogdanik	2013BOGD04	m	NULL	NULL	Poland
1361361	1	24	0	OpalOpen2016	f	333fm	Reto Bubendorf	2012BUBE01	1	NR	NULL	Switzerland
1379635	2	21	2600	Cubelonia2017	f	333fm	Cornelius Dieckmann	2009DIEC01	m	NULL	NULL	Germany
1379769	11	24	3533	Cubelonia2017	f	333fm	Gregor Billing	2012BILL01	m	NULL	NULL	Germany
1379852	6	25	2967	Cubelonia2017	f	333fm	Jan Bentlage	2010BENT01	m	NULL	NULL	Germany
1380014	5	23	2967	Cubelonia2017	f	333fm	Kevin Gerhardt	2013GERH01	m	NULL	NULL	Germany
1380126	25	23	-1	Cubelonia2017	f	333fm	Linus Frész	2011FRES01	m	NULL	NULL	Germany
1380201	3	25	2633	Cubelonia2017	f	333fm	Marcel Peters	2012PETE03	m	NULL	NULL	Germany
1380284	7	25	3167	Cubelonia2017	f	333fm	Max Hahnbück	2013HAHN02	m	NULL	NULL	Germany
1380409	4	25	2667	Cubelonia2017	f	333fm	Reto Bubendorf	2012BUBE01	m	NULL	NR	Switzerland
1380467	1	21	2567	Cubelonia2017	f	333fm	Sébastien Auroux	2008AURO01	m	NULL	NULL	Germany
1384688	1	21	2900	DneprSuperBlind2017	f	333fm	Serhii Koksharov (Сергій Кокшаров)	2013KOKS01	m	NR	NR	Ukraine
1393029	1	25	2667	MCCAlpha2017	f	333fm	Mark Boyanowski	2014BOYA01	m	NULL	NULL	USA
1400520	1	22	0	FrankfurtCubeDays2017	f	333fm	Laura Ohrndorf	2009OHRN01	1	NULL	NULL	Germany
1406234	1	23	2767	ImaginaliaOpen2017	f	333fm	Javier Cabezuelo Sánchez	2007SANC01	m	NULL	NULL	Spain
1406585	2	25	2833	PleaseBeQuietBerkeley2017	1	333fm	Kit Clement	2008CLEM01	m	NULL	NULL	USA
1406595	1	22	2700	PleaseBeQuietBerkeley2017	1	333fm	Mark Boyanowski	2014BOYA01	m	NULL	NULL	USA
1406630	6	25	-1	PleaseBeQuietBerkeley2017	f	333fm	Ryan DeLine	2012DELI01	m	NULL	NULL	USA
1408096	1	25	2600	MentalBreakdownGermany2017	1	333fm	Laura Ohrndorf	2009OHRN01	m	NULL	NULL	Germany
1408099	3	25	2767	MentalBreakdownGermany2017	1	333fm	Linus Frész	2011FRES01	m	NULL	NULL	Germany
1408100	4	25	2833	MentalBreakdownGermany2017	f	333fm	Linus Frész	2011FRES01	m	NULL	NULL	Germany
1408114	3	25	2767	MentalBreakdownGermany2017	1	333fm	Marcel Peters	2012PETE03	m	NULL	NULL	Germany
1408115	3	24	2800	MentalBreakdownGermany2017	f	333fm	Marcel Peters	2012PETE03	m	NULL	NULL	Germany
1408143	5	25	3033	MentalBreakdownGermany2017	1	333fm	Sébastien Auroux	2008AURO01	m	NULL	NULL	Germany
1410580	2	25	2867	WisconsinWinter2017	f	333fm	Cale Schoon	2014SCHO02	m	NULL	NULL	USA
1410713	1	25	2833	WisconsinWinter2017	f	333fm	Walker Welch	2011WELC01	m	NULL	NULL	USA
1424081	2	25	2967	HamburgOpen2017	f	333fm	Martin Vædele Egdal	2013EGDA02	m	NR	NR	Denmark
1470530	1	24	2533	SchwandorfOpen2017	f	333fm	Jan Bentlage	2010BENT01	m	NULL	NULL	Germany
1470679	2	25	2600	SchwandorfOpen2017	f	333fm	Marcel Peters	2012PETE03	m	NULL	NULL	Germany
1484336	1	21	2567	FMCEurope2017	f	333fm	Bence János Csuti	2014CSUT01	m	NR	NR	Hungary
1484371	5	22	2800	FMCEurope2017	f	333fm	Harry Savage	2013SAVA01	m	NR	NULL	United Kingdom
1484420	27	25	3333	FMCEurope2017	f	333fm	Markus Pirzer	2006PIRZ01	m	NULL	NULL	Germany
1484423	2	21	2667	FMCEurope2017	f	333fm	Martin Vædele Egdal	2013EGDA02	m	NR	NR	Denmark
1484440	75	21	-1	FMCEurope2017	f	333fm	Niko Ronkainen	2010RONK01	m	NR	NULL	Finland
1484443	25	21	3267	FMCEurope2017	f	333fm	Pablo Aguilar Dominguez	2010AGUI04	m	NR	NULL	Spain
1484450	3	21	2733	FMCEurope2017	f	333fm	Reto Bubendorf	2012BUBE01	m	NR	NULL	Switzerland
1484451	23	25	3200	FMCEurope2017	f	333fm	Robert Yau	2009YAUR01	m	NULL	NULL	United Kingdom
1487174	4	25	2900	XianCherryBlossom2017	f	333fm	Yunqi Ouyang (欧阳韵奇)	2007YUNQ01	m	NULL	NULL	China
1517116	5	23	-1	PleaseBeQuietWPI2017	f	333fm	Benjamin Costantini	2016COST11	m	NULL	NULL	USA
1517904	1	25	3033	WhiteCityCubing2017	f	333fm	Serhii Koksharov (Сергій Кокшаров)	2013KOKS01	m	NULL	NULL	Ukraine
1529048	3	24	2867	PBQUCLA2017	1	333fm	Kevin Matthews	2010MATT02	m	NR	NULL	Canada
1529668	1	23	3233	BarbyCube732017	f	333fm	Clément Cherblanc	2014CHER05	m	NR	NULL	France
1540555	1	24	2567	MinnesotaCubeMelt2017	f	333fm	Walker Welch	2011WELC01	m	NULL	NULL	USA
1565523	1	24	0	HessenOpen2017	f	333fm	Anonymous	2011ANON06	1	NULL	NULL	Germany
1576621	15	24	-1	SwedishChampionship2017	f	333fm	Jakob Gunnarsson	2015GUNN01	m	NR	NULL	Sweden
1582509	1	23	2500	ClassicCityShhhhh2017	1	333fm	Mark Boyanowski	2014BOYA01	m	NULL	NULL	USA
1582560	2	25	2667	ClassicCityShhhhh2017	1	333fm	Walker Welch	2011WELC01	m	NULL	NULL	USA
1591724	1	25	2567	TachikawaFMC2017	f	333fm	Shuto Ueno (上野柊斗)	2008UENO01	m	NULL	AsR	Japan
1591726	2	22	3233	TachikawaFMC2017	f	333fm	Tomoaki Okayama (岡山友昭)	2009OKAY01	m	NULL	NULL	Japan
1610517	1	24	2633	Brasileiro2017	f	333fm	João Pedro Batista Ribeiro Costa	2013COST02	m	NULL	NULL	Brazil
1620920	1	25	0	IrishChampionship2017	f	333fm	Tao Yu (喻韬)	2012YUTA01	1	NR	NULL	Ireland
1623493	1	23	2833	625BayArea2017	f	333fm	Brandon Harnish	2009HARN01	m	NULL	NULL	USA
1646116	2	24	2867	CubingUSANationals2017	f	333fm	Walker Welch	2011WELC01	m	NULL	NULL	USA
1654548	136	25	-1	WC2017	f	333fm	Chris Chi	2014CHIC01	m	NULL	NULL	USA
1655115	13	25	3000	WC2017	f	333fm	Eva Kato	2013KATO01	m	NULL	NULL	USA
1656541	1	25	2633	WC2017	f	333fm	Marcel Peters	2012PETE03	m	NULL	NULL	Germany
1657718	2	25	2733	WC2017	f	333fm	Sebastiano Tronto	2011TRON02	m	NULL	NULL	Italy
1661887	1	25	2533	BOB2017	f	333fm	João Pedro Batista Ribeiro Costa	2013COST02	m	NULL	SAR	Brazil
1676979	1	21	2433	ChinaChampionship2017	f	333fm	Baiqiang Dong (董百强)	2008DONG06	m	NULL	WR	China
1682701	1	25	3000	SESCSantos2017	1	333fm	Diego Meneghetti	2012MENE01	m	NULL	NULL	Brazil
1703187	11	25	3800	GLSCupIV2017	f	333fm	Marcin Jakubowski	2007JAKU01	m	NULL	NULL	Poland
1720241	1	23	2967	AsturiasOpen2017	f	333fm	Alexander Olleta del Molino	2008OLLE01	m	NULL	NULL	Spain
1722506	1	23	2733	Michigan2017	f	333fm	Mark Boyanowski	2014BOYA01	m	NULL	NULL	USA
1728771	1	24	2600	SwisscubingCupFinal2017	f	333fm	Reto Bubendorf	2012BUBE01	m	NULL	NR	Switzerland
1730836	1	22	0	SpokaneValleySummer2017	f	333fm	Kit Clement	2008CLEM01	1	NULL	NULL	USA
1732266	1	23	2400	OnlyFMC2017	f	333fm	Sébastien Auroux	2008AURO01	m	NULL	WR	Germany
1744786	1	24	2533	GermanNationals2017	f	333fm	Emanuel Rheinert	2011RHEI01	m	NULL	NULL	Germany
1745935	4	24	2933	GermanNationals2017	f	333fm	Reto Bubendorf	2012BUBE01	m	NULL	NULL	Switzerland
1747169	1	25	2867	UkrainianNationals2017	f	333fm	Serhii Koksharov (Сергій Кокшаров)	2013KOKS01	m	NULL	NR	Ukraine
1795424	1	25	2767	ArnoldOpen2017	f	333fm	Jan Bentlage	2010BENT01	m	NULL	NULL	Germany
1808338	1	24	2633	SwisscubingFMC2017	1	333fm	Reto Bubendorf	2012BUBE01	m	NULL	NULL	Switzerland
1829134	1	23	2867	HungarianOpen2017	c	333fm	Dávid Balog	2009BALO03	m	NULL	NULL	Hungary
1836690	5	25	3300	SpanishChampionship2017	f	333fm	Manuel Prieto de Antón	2015ANTO04	m	NULL	NULL	Spain
1837238	1	25	2600	SpanishChampionship2017	f	333fm	Sébastien Auroux	2008AURO01	m	NULL	NULL	Germany
1841629	1	25	0	MalaysiaCubeOpen2017	f	333fm	Wong Chong Wen (黄崇文)	2014WENW01	1	NR	NULL	Singapore
1842293	2	25	2700	FMCAmericas2017	f	333fm	Andrew Nathenson	2011NATH02	m	NULL	NULL	USA
1842299	5	25	3000	FMCAmericas2017	f	333fm	Brandon Harnish	2009HARN01	m	NULL	NULL	USA
1842346	76	23	-1	FMCAmericas2017	f	333fm	João Pedro Batista Ribeiro Costa	2013COST02	m	SAR	NULL	Brazil
1842365	73	22	-1	FMCAmericas2017	f	333fm	Kieran Dizon	2015DIZO02	m	NULL	NULL	USA
1842380	6	24	3033	FMCAmericas2017	f	333fm	Marlon de V. Marques	2014MARQ02	m	NULL	NULL	Brazil
1842409	73	22	-1	FMCAmericas2017	f	333fm	Shawn Boucke	2016BOUC01	m	NULL	NULL	USA
1842414	73	22	-1	FMCAmericas2017	f	333fm	Steven Wang	2013WANG63	m	NULL	NULL	USA
1842424	1	22	2400	FMCAmericas2017	f	333fm	Walker Welch	2011WELC01	m	NULL	WR	USA
1854687	1	24	2733	GLSCupV2017	f	333fm	Marcin Stachura	2011STAC01	m	NULL	NR	Poland
1854830	2	24	2900	GLSCupV2017	f	333fm	Piotr Kuchta	2012KUCH01	m	NULL	NULL	Poland
1859538	1	24	2600	UKChampionship2017	f	333fm	Harry Savage	2013SAVA01	m	NULL	NR	United Kingdom
1890325	1	25	3033	BasauriOpen2017	f	333fm	Alexander Olleta del Molino	2008OLLE01	m	NULL	NULL	Spain
1892782	8	25	-1	NanchangOpen2017	f	333fm	Yiwei Liu (刘伊玮)	2012LIUY03	m	NULL	NULL	China
1892796	1	25	2867	NanchangOpen2017	f	333fm	Ziheng Ma (马子恒)	2012MAZI01	m	NULL	NULL	China
1898542	1	25	2967	Museesuissedujeu2017	f	333fm	Reto Bubendorf	2012BUBE01	m	NULL	NULL	Switzerland
1902446	1	25	0	BelgianOpen2017	f	333fm	Daniel Sheppard	2009SHEP01	1	NULL	NULL	United Kingdom
1903576	4	24	0	PSKubing2017	f	333fm	Hanns Hub	2013HUBH01	1	NULL	NULL	Germany
1903595	1	23	0	PSKubing2017	f	333fm	Jan Bentlage	2010BENT01	1	NULL	NULL	Germany
1903640	4	24	0	PSKubing2017	f	333fm	Konstantin Jaehne	2015JAEH01	1	NULL	NULL	Germany
1903683	1	23	0	PSKubing2017	f	333fm	Laura Ohrndorf	2009OHRN01	1	NULL	NULL	Germany
1903742	6	25	0	PSKubing2017	f	333fm	Linus Frész	2011FRES01	1	NULL	NULL	Germany
1903839	1	23	0	PSKubing2017	f	333fm	Minhyun Kim (김민현)	2007MINH01	1	NR	NULL	Korea
1915272	3	24	3200	PolishNationals2017	f	333fm	Krzysztof Żerucha	2008ZERU01	m	NULL	NULL	Poland
1915366	9	24	3467	PolishNationals2017	f	333fm	Marcin Jakubowski	2007JAKU01	m	NULL	NULL	Poland
1915667	1	24	2933	PolishNationals2017	f	333fm	Michał Pleskowicz	2009PLES01	m	NULL	NULL	Poland
1918945	1	25	2800	WHURubiksCubeDays2017	f	333fm	Yiwei Liu (刘伊玮)	2012LIUY03	m	NULL	NULL	China
1920573	1	23	0	WSMO2017	f	333fm	Daniel Sheppard	2009SHEP01	1	NULL	NULL	United Kingdom
1920677	1	23	0	WSMO2017	f	333fm	Fabio Schwandt	2014SCHW02	1	NULL	NULL	United Kingdom
1920763	3	25	0	WSMO2017	f	333fm	Harry Savage	2013SAVA01	1	NULL	NULL	United Kingdom
1930729	1	24	2733	BerlinKubusProjekt2017	f	333fm	Jan Bentlage	2010BENT01	m	NULL	NULL	Germany
1930823	3	23	2833	BerlinKubusProjekt2017	f	333fm	Laura Ohrndorf	2009OHRN01	m	NULL	NULL	Germany
1930883	2	25	2733	BerlinKubusProjekt2017	f	333fm	Marcel Peters	2012PETE03	m	NULL	NULL	Germany
1931038	9	25	-1	BerlinKubusProjekt2017	f	333fm	Sébastien Auroux	2008AURO01	m	NULL	NULL	Germany
1939237	3	25	2767	FMCAsia2017	f	333fm	Tomoaki Okayama (岡山友昭)	2009OKAY01	m	NULL	NULL	Japan
1939239	1	24	2700	FMCAsia2017	f	333fm	Shuto Ueno (上野柊斗)	2008UENO01	m	NULL	NULL	Japan
1939240	2	23	2767	FMCAsia2017	f	333fm	Tomoyuki Hiraide (平出智之)	2012HIRA01	m	NULL	NULL	Japan
1939284	94	21	-1	FMCAsia2017	f	333fm	Chunhao Liu (柳春浩)	2017LIUC11	m	NULL	NULL	China
1939313	9	20	3000	FMCAsia2017	f	333fm	Saeed Mostafavi Layegh (سعید مصطفوی لایق)	2011LAYE01	m	AsR	NULL	Iran
1943175	9	25	-1	ClassicCity4Charity2017	f	333fm	Raymond Goslow	2014GOSL01	m	NULL	NULL	USA
1957480	1	25	0	NewZealandNationals2017	f	333fm	James Macdiarmid	2015MACD03	2	NR	NULL	New Zealand
1988064	1	25	0	MoscowWinterCubing2018	f	333fm	Alexey Zharikov	2015ZHAR01	1	NR	NULL	Russia
1989223	1	25	2800	SwisscubingMentalBreakdown2018	f	333fm	Reto Bubendorf	2012BUBE01	m	NULL	NR	Finland
2034709	2	24	2633	PBQLA2018	f	333fm	Andrew Nathenson	2011NATH02	m	NULL	NULL	USA
2034750	1	25	2667	PBQLA2018	1	333fm	Mark Boyanowski	2014BOYA01	m	NULL	NULL	USA
2034751	1	22	2500	PBQLA2018	f	333fm	Mark Boyanowski	2014BOYA01	m	NULL	NULL	USA
2064148	1	24	3000	CubeFactoryLeagueLuty2018	f	333fm	Marcin Stachura	2011STAC01	m	NULL	NULL	Poland
2064258	2	25	3067	CubeFactoryLeagueLuty2018	f	333fm	Piotr Kuchta	2012KUCH01	m	NULL	NULL	Poland
2064425	1	24	2667	UberlandiaSpecials2018	f	333fm	Alexandre Henrique Afonso Campos	2015CAMP17	m	NULL	NULL	Brazil
2066113	1	24	0	WarsawCubeMasters2018	f	333fm	Anonymous	2017ANON13	1	NULL	NULL	Poland
2068078	2	24	2933	SingaporeChampionship2018	f	333fm	Firstian Fushada (符逢城)	2015FUSH01	m	NULL	NR	Indonesia
2079080	1	25	2867	DesafiodeVerao2018	f	333fm	Alexandre Henrique Afonso Campos	2015CAMP17	m	NULL	NULL	Brazil
2081500	1	22	2467	MentalBreakdownGermany2018	1	333fm	Jan Bentlage	2010BENT01	m	NULL	NULL	Germany
2081501	1	24	2700	MentalBreakdownGermany2018	f	333fm	Jan Bentlage	2010BENT01	m	NULL	NULL	Germany
2081537	3	22	2867	MentalBreakdownGermany2018	f	333fm	Linus Frész	2011FRES01	m	NULL	NULL	Germany
2081590	2	25	2600	MentalBreakdownGermany2018	1	333fm	Sébastien Auroux	2008AURO01	m	NULL	NULL	Germany
2081980	1	22	2767	SwisscubingCupI2018	f	333fm	Reto Bubendorf	2012BUBE01	m	NULL	NR	Finland
2083205	16	24	2933	FMCEurope2018	f	333fm	Alexander Olleta del Molino	2008OLLE01	m	NULL	NULL	Spain
2083230	13	25	2833	FMCEurope2018	f	333fm	Bence Barát	2008BARA01	m	NULL	NULL	Hungary
2083282	2	25	2633	FMCEurope2018	f	333fm	Harry Savage	2013SAVA01	m	NULL	NULL	United Kingdom
2083291	7	24	2800	FMCEurope2018	f	333fm	Jakob Gunnarsson	2015GUNN01	m	NR	NR	Sweden
2083306	7	24	2800	FMCEurope2018	f	333fm	Anonymous	2017ANON13	m	NULL	NULL	Poland
2083319	17	22	2967	FMCEurope2018	f	333fm	Laura Ohrndorf	2009OHRN01	m	NULL	NULL	Germany
2083324	4	25	2767	FMCEurope2018	f	333fm	Linus Frész	2011FRES01	m	NULL	NULL	Germany
2083336	9	25	2800	FMCEurope2018	f	333fm	Martin Vædele Egdal	2013EGDA02	m	NULL	NULL	Denmark
2083379	2	25	2633	FMCEurope2018	f	333fm	Reto Bubendorf	2012BUBE01	m	NULL	NR	Finland
2083380	1	24	2633	FMCEurope2018	f	333fm	Robert Yau	2009YAUR01	m	NULL	NULL	United Kingdom
2083395	12	23	2833	FMCEurope2018	f	333fm	Sergey Lahno	2015LAHN01	m	NR	NR	Russia
2083397	24	23	3200	FMCEurope2018	f	333fm	Serhii Mormul (Сергій Мормуль)	2012MORM01	m	NULL	NULL	Ukraine
2083518	2	25	2633	MichiganCubingClubBeta2018	f	333fm	Blake Thompson	2010THOM03	m	NULL	NULL	USA
2083833	1	24	2500	MichiganCubingClubBeta2018	f	333fm	Mark Boyanowski	2014BOYA01	m	NULL	NULL	USA
2085682	1	25	0	Murcia2018	f	333fm	Jerónimo Ibarra Bernal	2010IBAR01	2	NULL	NULL	Spain
2090587	17	24	-1	HeartlandChampionships2018	f	333fm	Luigi Soriano	2016SORI04	m	NULL	NULL	USA
2090619	1	24	2833	HeartlandChampionships2018	f	333fm	Mark Boyanowski	2014BOYA01	m	NULL	NULL	USA
2098808	1	25	3100	BrilliantBNBB2018	f	333fm	Jacob Ambrose	2010AMBR01	m	NULL	NULL	USA
2110844	4	24	-1	PleaseBeAsQuietAsACat2018	f	333fm	Ryan DeLine	2012DELI01	m	NULL	NULL	USA
2114501	1	25	2700	KeepPortlandQuiet2018	f	333fm	Andrew Nathenson	2011NATH02	m	NULL	NULL	USA
2114550	4	25	2967	KeepPortlandQuiet2018	f	333fm	Kit Clement	2008CLEM01	m	NULL	NULL	USA
2114563	4	25	2967	KeepPortlandQuiet2018	1	333fm	Mark Boyanowski	2014BOYA01	m	NULL	NULL	USA
2114602	2	25	2733	KeepPortlandQuiet2018	f	333fm	Walker Welch	2011WELC01	m	NULL	NULL	USA
2124535	1	24	2733	MedanAFO2018	f	333fm	Wong Chong Wen (黄崇文)	2014WENW01	m	NR	NR	Singapore
2126414	1	25	0	Tlaxcala2018	f	333fm	Carlos Rill Garcia	2016GARC34	2	NR	NULL	Mexico
2133756	2	25	3067	France2018	f	333fm	Clément Cherblanc	2014CHER05	m	NULL	NULL	France
2135087	24	22	-1	France2018	f	333fm	Thomas Lehéricy	2016LEHE01	m	NR	NULL	France
2142585	1	25	2867	GLSCupII2018	f	333fm	Marcin Stachura	2011STAC01	m	NULL	NULL	Poland
2142705	2	25	3000	GLSCupII2018	f	333fm	Szymon Jeziorski	2013JEZI01	m	NULL	NULL	Poland
2177284	1	21	0	GermanOpen2018	f	333fm	Laura Ohrndorf	2009OHRN01	1	NULL	NULL	Germany
2177426	2	23	0	GermanOpen2018	f	333fm	Maja von Borstel	2017BORS02	1	NULL	NULL	Germany
2194636	2	24	0	ElsassOpen2018	f	333fm	Mats Valk	2007VALK01	1	NR	NULL	Netherlands
2194686	2	24	0	ElsassOpen2018	f	333fm	Nicolas Gertner Kilian	2013GERT01	1	NULL	NULL	France
2194862	1	23	0	ElsassOpen2018	f	333fm	Reto Bubendorf	2012BUBE01	1	NULL	NULL	Finland
2202468	1	19	0	BeijingOpen2018	f	333fm	Baiqiang Dong (董百强)	2008DONG06	1	WR	NULL	China
2212792	1	25	2933	RenoSpring2018	f	333fm	Brandon Harnish	2009HARN01	m	NULL	NULL	USA
2226640	1	24	2833	MinnesotaCubeMelt2018	f	333fm	Ryan DeLine	2012DELI01	m	NULL	NULL	USA
2229044	1	22	2400	FinnishChampionship2018	f	333fm	Reto Bubendorf	2012BUBE01	m	NULL	WR	Finland
2236320	1	25	3100	SPBIsland2018	f	333fm	Farid Mikhailov	2015MIKH04	m	NR	NR	Kazakhstan
2238359	1	24	0	ShanghaiLoveinECNU2018	f	333fm	Baiqiang Dong (董百强)	2008DONG06	1	NULL	NULL	China
2239059	5	23	-1	ZHBITOpen2018	f	333fm	Yan Luo (骆彦)	2017LUOY05	m	NULL	NULL	China
2243514	1	22	2567	PaodeQueijo2018	f	333fm	Alexandre Henrique Afonso Campos	2015CAMP17	m	SAR	NULL	Brazil
2257951	5	23	-1	BairesCentroOpen2018	f	333fm	Marcos Masini	2016MASI01	m	NR	NULL	Argentina
2271409	1	21	2533	SchwandorfOpen2018	f	333fm	Linus Frész	2011FRES01	m	NULL	NULL	Germany
2279591	7	25	-1	PBQWaterloo2018	f	333fm	Max Xiong (熊锐明)	2015XION03	m	NULL	NULL	China
2287235	1	24	3033	RoseCity2018	f	333fm	Kit Clement	2008CLEM01	m	NULL	NULL	USA
2317895	14	23	-1	TarnbyCubeTraef2018	f	333fm	Jakob Gunnarsson	2015GUNN01	m	NR	NULL	Sweden
2322134	1	25	0	VeenendaalOpen2018	f	333fm	Sebastiano Tronto	2011TRON02	1	NULL	NULL	Italy
2326321	1	25	0	NantesOpen2018	f	333fm	Callum Hales-Jepp	2012HALE01	1	NULL	NULL	United Kingdom
2329360	17	25	-1	PleaseBeQuietBeijing2018	f	333fm	Yiwei Liu (刘伊玮)	2012LIUY03	m	NULL	NULL	China
2329402	1	25	2700	PleaseBeQuietBeijing2018	f	333fm	Ziheng Ma (马子恒)	2012MAZI01	m	NULL	NULL	China
2336454	1	25	2667	Maryland2018	f	333fm	Chris Chi	2014CHIC01	m	NULL	NULL	USA
2336906	12	24	-1	Maryland2018	f	333fm	Ryan DeLine	2012DELI01	m	NULL	NULL	USA
2349523	1	25	2733	MentalBreakdownMinnesota2018	1	333fm	Cale Schoon	2014SCHO02	m	NULL	NULL	USA
2349558	1	25	2567	MentalBreakdownMinnesota2018	f	333fm	Mark Boyanowski	2014BOYA01	m	NULL	NULL	USA
2350178	1	24	0	MedanAllEvents2018	1	333fm	Wong Chong Wen (黄崇文)	2014WENW01	1	NR	NULL	Singapore
2350179	1	25	2833	MedanAllEvents2018	f	333fm	Wong Chong Wen (黄崇文)	2014WENW01	m	NULL	NULL	Singapore
2351792	1	25	2700	OnlyMentalLyon2018	f	333fm	Nicolas Gertner Kilian	2013GERT01	m	NULL	NR	France
2353371	1	23	3200	BoliviaNationals2018	f	333fm	Rodrigo Ugarte	2015UGAR01	m	NR	NR	Bolivia
2358045	1	25	2633	WuxiTrytoGetaMean2018	d	333fm	Yiwei Liu (刘伊玮)	2012LIUY03	m	NULL	NULL	China
2358130	1	20	2600	WuxiTrytoGetaMean2018	f	333fm	Baiqiang Dong (董百强)	2008DONG06	m	NULL	NULL	China
2358229	4	24	2933	WuxiTrytoGetaMean2018	f	333fm	Feihong Zhang (张费鸿)	2016ZHAN18	m	NULL	NULL	China
2361900	4	24	3033	CologneOpen2018	f	333fm	Sébastien Auroux	2008AURO01	m	NULL	NULL	Germany
2363210	3	25	3000	MentalBreakdownSummer2018	1	333fm	Mark Boyanowski	2014BOYA01	m	NULL	NULL	USA
2363211	1	25	2833	MentalBreakdownSummer2018	f	333fm	Mark Boyanowski	2014BOYA01	m	NULL	NULL	USA
2363263	11	25	-1	MentalBreakdownSummer2018	f	333fm	Walker Welch	2011WELC01	m	NULL	NULL	USA
2374360	1	23	2667	Brasileiro2018	f	333fm	Alexandre Henrique Afonso Campos	2015CAMP17	m	NULL	NULL	Brazil
2374810	2	22	2767	Brasileiro2018	f	333fm	Marlon de V. Marques	2014MARQ02	m	SAR	NULL	Brazil
2378112	1	22	2700	ShenzhenOpen2018	f	333fm	Yiwei Liu (刘伊玮)	2012LIUY03	m	NULL	NULL	China
2378252	23	22	-1	ShenzhenOpen2018	f	333fm	Yan Luo (骆彦)	2017LUOY05	m	NULL	NULL	China
2378271	2	24	2867	ShenzhenOpen2018	f	333fm	Bo Huang (黄镈)	2013HUAN16	m	NULL	NULL	China
2378516	5	24	3167	ShenzhenOpen2018	f	333fm	Zibo Xu (徐子博)	2014XUZI01	m	NULL	NULL	China
2380189	16	24	3133	Euro2018	f	333fm	Alexander Olleta del Molino	2008OLLE01	m	NULL	NULL	Spain
2380610	9	20	2900	Euro2018	f	333fm	Ben Coppin	2013COPP01	m	NR	NULL	United Kingdom
2381668	1	24	2600	Euro2018	f	333fm	Harry Savage	2013SAVA01	m	NULL	NR	United Kingdom
2382867	2	20	2667	Euro2018	f	333fm	Marcel Peters	2012PETE03	m	NULL	NULL	Germany
2383041	7	25	2867	Euro2018	f	333fm	Martin Vædele Egdal	2013EGDA02	m	NULL	NULL	Denmark
2383978	3	23	2767	Euro2018	f	333fm	Robert Yau	2009YAUR01	m	NULL	NULL	United Kingdom
2393311	1	25	3567	ColombiaNationals2018	f	333fm	José Leonardo Chaparro Prieto	2011CHAP01	m	NR	NULL	Colombia
2404785	54	25	-1	CubingUSANationals2018	f	333fm	Cale Schoon	2014SCHO02	m	NULL	NULL	USA
2404969	1	24	2500	CubingUSANationals2018	f	333fm	Chris Chi	2014CHIC01	m	NULL	NULL	USA
2406276	2	22	2667	CubingUSANationals2018	f	333fm	Kit Clement	2008CLEM01	m	NULL	NULL	USA
2406577	3	24	2700	CubingUSANationals2018	f	333fm	Mark Boyanowski	2014BOYA01	m	NULL	NULL	USA
2407739	5	25	2867	CubingUSANationals2018	f	333fm	Walker Welch	2011WELC01	m	NULL	NULL	USA
2437969	2	24	3333	MexicanChampionship2018	f	333fm	Alexis Fedeler	2015FEDE01	m	NULL	NULL	Germany
2438304	1	25	2967	MexicanChampionship2018	f	333fm	Carlos Rill Garcia	2016GARC34	m	NR	NR	Mexico
2443427	1	25	2767	ItBetterBeSolvedNYC2018	1	333fm	Daniel Goodman	2013GOOD01	m	NULL	NULL	USA
2443458	1	24	2800	ItBetterBeSolvedNYC2018	f	333fm	Chris Choi	2016CHOI01	m	NULL	NULL	USA
2445366	3	24	2800	AsianChampionship2018	f	333fm	Baiqiang Dong (董百强)	2008DONG06	m	NULL	NULL	China
2445890	2	24	2733	AsianChampionship2018	f	333fm	Jan Bentlage	2010BENT01	m	NULL	NULL	Germany
2446726	1	24	2600	AsianChampionship2018	f	333fm	Shuto Ueno (上野柊斗)	2008UENO01	m	NULL	NULL	Japan
2446988	7	25	3100	AsianChampionship2018	f	333fm	Wilson Alvis (陈智胜)	2011ALVI01	m	NULL	NULL	Indonesia
2447002	29	24	-1	AsianChampionship2018	f	333fm	Wong Chong Wen (黄崇文)	2014WENW01	m	NR	NULL	Singapore
2453126	1	25	2500	Michigan2018	f	333fm	Mark Boyanowski	2014BOYA01	m	NULL	NULL	USA
2455315	1	25	2667	Pennsylvania2018	f	333fm	Chris Chi	2014CHIC01	m	NULL	NULL	USA
2460123	1	22	3033	GLSCupIV2018	f	333fm	Marek Pepke	2008PEPK01	m	NR	NULL	Poland
2476766	3	25	3000	BratislavaMentalBreakdown2018	1	333fm	Bence János Csuti	2014CSUT01	m	NULL	NULL	Hungary
2476767	1	24	2567	BratislavaMentalBreakdown2018	f	333fm	Bence János Csuti	2014CSUT01	m	NULL	NR	Hungary
2476917	2	24	2700	BratislavaMentalBreakdown2018	f	333fm	Reto Bubendorf	2012BUBE01	m	NULL	NULL	Finland
2482608	1	25	0	MusicCitySpeedsolving2018	f	333fm	Jacob Ambrose	2010AMBR01	1	NULL	NULL	USA
2491685	1	25	0	Quinnipiac2018	f	333fm	Chris Chi	2014CHIC01	1	NULL	NULL	USA
2494058	3	25	2767	GermanNationals2018	f	333fm	Emanuel Rheinert	2011RHEI01	m	NULL	NULL	Germany
2494406	22	25	-1	GermanNationals2018	f	333fm	Kevin Gerhardt	2013GERH01	m	NULL	NULL	Germany
2494684	2	24	2767	GermanNationals2018	f	333fm	Malte Ihlefeld	2016IHLE01	m	NULL	NULL	Germany
2495039	1	25	2600	GermanNationals2018	f	333fm	Sébastien Auroux	2008AURO01	m	NULL	NULL	Germany
2512882	1	23	2567	AnaheimFall2018	f	333fm	Andrew Nathenson	2011NATH02	m	NULL	NULL	USA
2529757	1	24	2633	PleaseBeQuietBelgium2018	f	333fm	Sébastien Auroux	2008AURO01	m	NULL	NULL	Germany
2531064	8	23	-1	SwisscubingFMC2018	f	333fm	Reto Bubendorf	2012BUBE01	m	NULL	NULL	Finland
2532796	8	25	-1	PhilippineChampionship2018	f	333fm	Richard Espinosa	2014ESPI01	m	NR	NULL	Philippines
2542791	2	25	2800	ChinaChampionship2018	f	333fm	Baiqiang Dong (董百强)	2008DONG06	m	NULL	NULL	China
2542843	2	25	2800	ChinaChampionship2018	f	333fm	Yiwei Liu (刘伊玮)	2012LIUY03	m	NULL	NULL	China
2558922	1	25	0	SCRD2018	f	333fm	Amaury Miguel Caballero	2016CABA07	1	NR	NULL	Dominican Republic
2561581	2	24	2933	SkottegardsskolenOpen2018	f	333fm	Daniel Wallin	2013WALL03	m	NULL	NULL	Sweden
2561697	3	25	2967	SkottegardsskolenOpen2018	f	333fm	Laurids Abelsen Holm	2016HOLM04	m	NULL	NULL	Denmark
2561749	1	20	2467	SkottegardsskolenOpen2018	f	333fm	Martin Vædele Egdal	2013EGDA02	m	NR	NR	Denmark
2571460	3	25	3300	UkrainianNationals2018	f	333fm	Pavlo Huk (Павло Гук)	2015HUKP01	m	NULL	NULL	Ukraine
2573264	1	23	2900	Spain2018	f	333fm	Alexander Olleta del Molino	2008OLLE01	m	NULL	NULL	Spain
2573642	12	25	-1	Spain2018	f	333fm	Eki Gartzia González	2013GONZ05	m	NULL	NULL	Spain
2580794	1	25	0	KjellerOpen2018	f	333fm	Martin Vædele Egdal	2013EGDA02	1	NULL	NULL	Denmark
2588987	1	22	2667	FewestMovesSoutheastAsia2018	f	333fm	Wilson Alvis (陈智胜)	2011ALVI01	m	NR	NR	Indonesia
2588988	2	25	2700	FewestMovesSoutheastAsia2018	f	333fm	Wong Chong Wen (黄崇文)	2014WENW01	m	NULL	NR	Singapore
2589597	1	25	0	FlagCityFall2018	f	333fm	Ryan DeLine	2012DELI01	1	NULL	NULL	USA
2591572	2	18	2767	GACubersMountainTrip2018	2	333fm	Chad Batten	2009BATT01	m	WR	NULL	USA
2591646	4	23	2800	GACubersMountainTrip2018	2	333fm	Mark Boyanowski	2014BOYA01	m	NULL	NULL	USA
2591677	1	23	2467	GACubersMountainTrip2018	2	333fm	Walker Welch	2011WELC01	m	NULL	NULL	USA
2594569	1	25	2733	XianOpen2018	f	333fm	Yiwei Liu (刘伊玮)	2012LIUY03	m	NULL	NULL	China
2595062	2	25	2900	XianOpen2018	f	333fm	Baiqiang Dong (董百强)	2008DONG06	m	NULL	NULL	China
2599156	6	24	3033	UKC2018	f	333fm	Charlie Stark	2014STAR05	m	NULL	NULL	United Kingdom
2599358	1	24	2700	UKC2018	f	333fm	Daniel Sheppard	2009SHEP01	m	NULL	NULL	United Kingdom
2599670	3	24	2733	UKC2018	f	333fm	Harry Savage	2013SAVA01	m	NULL	NULL	United Kingdom
2600614	1	24	2700	UKC2018	f	333fm	Robert Yau	2009YAUR01	m	NULL	NULL	United Kingdom
2606284	1	19	2700	PolishChampionship2018	f	333fm	Anonymous	2017ANON13	m	WR	NR	Poland
2606698	14	19	-1	PolishChampionship2018	f	333fm	Szymon Jeziorski	2013JEZI01	m	WR	NULL	Poland
2612099	4	25	3033	NordicChampionship2018	f	333fm	Daniel Vædele Egdal	2013EGDA01	m	NULL	NULL	Denmark
2612506	20	25	-1	NordicChampionship2018	f	333fm	Jakob Gunnarsson	2015GUNN01	m	NULL	NULL	Sweden
2618987	62	24	-1	FMCAmericas2018	f	333fm	Aedan Bryant	2017BRYA06	m	NULL	NULL	USA
2618991	14	24	3033	FMCAmericas2018	f	333fm	Alexandre Henrique Afonso Campos	2015CAMP17	m	NULL	NULL	Brazil
2618994	62	24	-1	FMCAmericas2018	f	333fm	Andrew Nathenson	2011NATH02	m	NULL	NULL	USA
2618997	17	25	3133	FMCAmericas2018	f	333fm	Benjamin Gottschalk	2016GOTT01	m	NULL	NULL	USA
2619001	9	25	2867	FMCAmericas2018	f	333fm	Cale Schoon	2014SCHO02	m	NULL	NULL	USA
2619003	1	25	2733	FMCAmericas2018	f	333fm	Carlos Rill Garcia	2016GARC34	m	NR	NR	Mexico
2619005	6	24	2800	FMCAmericas2018	f	333fm	Carter Kucala	2015KUCA01	m	NULL	NULL	USA
2619029	1	25	2733	FMCAmericas2018	f	333fm	Ishaan Lal	2014LALI01	m	NULL	NULL	USA
2619031	1	25	2733	FMCAmericas2018	f	333fm	Jacob Ambrose	2010AMBR01	m	NULL	NULL	USA
2619068	64	25	-1	FMCAmericas2018	f	333fm	Nicolás Sánchez	2015SANC11	m	NULL	NULL	USA
2619076	11	25	2900	FMCAmericas2018	f	333fm	Ryan DeLine	2012DELI01	m	NULL	NULL	USA
2619084	64	25	-1	FMCAmericas2018	f	333fm	Shawn Boucke	2016BOUC01	m	NULL	NULL	USA
2619092	7	25	2800	FMCAmericas2018	f	333fm	Walker Welch	2011WELC01	m	NULL	NULL	USA
2619160	1	24	0	WelcometoAcademy2018	f	333fm	Aleksandr Beznogov	2017BEZN01	1	NULL	NULL	Russia
2631501	19	25	-1	HangzhouOpen2018	f	333fm	Yiwei Liu (刘伊玮)	2012LIUY03	m	NULL	NULL	China
2653403	1	23	0	BasauriOpen2018	f	333fm	Alexander Olleta del Molino	2008OLLE01	2	NULL	NULL	Spain
2659247	1	24	2567	Hawaii2018	f	333fm	Kit Clement	2008CLEM01	m	NULL	NULL	USA
2672455	1	25	2667	MalaysiaCubeChampionship2018	f	333fm	Wong Chong Wen (黄崇文)	2014WENW01	m	NULL	NR	Singapore
2692970	3	24	3067	Wiscube2018	f	333fm	Spencer Chubb	2017CHUB02	m	NULL	NULL	USA
2692981	2	25	3033	Wiscube2018	f	333fm	Stanley Chapel	2016CHAP04	m	NULL	NULL	USA
2694588	2	25	2567	FMCAsia2018	f	333fm	Baiqiang Dong (董百强)	2008DONG06	m	NULL	NULL	China
2694591	1	22	2433	FMCAsia2018	f	333fm	Teh Keng Foo (郑庆富)	2011FOOT01	m	NR	AsR	Malaysia
2694594	8	25	2767	FMCAsia2018	f	333fm	Dohyun Kim (김도현)	2013KIMD01	m	NULL	NULL	Korea
2694595	4	24	2633	FMCAsia2018	f	333fm	Xinyuan Fan (范歆远)	2016FANX01	m	NULL	NULL	China
2694612	13	23	2867	FMCAsia2018	f	333fm	Mok Man Kit (莫文傑)	2009KITM01	m	NULL	NULL	Hong Kong
2694616	3	25	2600	FMCAsia2018	f	333fm	Shuto Ueno (上野柊斗)	2008UENO01	m	NULL	NULL	Japan
2694617	5	23	2667	FMCAsia2018	f	333fm	Wong Chong Wen (黄崇文)	2014WENW01	m	NR	NR	Singapore
2694667	24	24	3167	FMCAsia2018	f	333fm	Minhyun Kim (김민현)	2007MINH01	m	NULL	NULL	Korea
2694691	6	22	2733	FMCAsia2018	f	333fm	Wong Kin Lok (黃健樂)	2014LOKW01	m	NR	NR	Hong Kong
2694712	10	25	2800	FMCAsia2018	f	333fm	Peiyan Li (利沛焰)	2013LIPE01	m	NULL	NULL	China
2694715	9	23	2800	FMCAsia2018	f	333fm	Ali Salavati (علی صلواتی)	2011SALA04	m	NULL	NR	Iran
2694772	12	24	2833	FMCAsia2018	f	333fm	Saeed Mostafavi Layegh (سعید مصطفوی لایق)	2011LAYE01	m	NULL	NULL	Iran
2694776	16	24	3000	FMCAsia2018	f	333fm	Yan Luo (骆彦)	2017LUOY05	m	NULL	NULL	China
2707667	3	25	3500	Skillcon2018	f	333fm	Bradley Sampson	2008SAMP01	m	NULL	NULL	USA
2708730	1	25	2867	GAChamp2018	f	333fm	Raymond Goslow	2014GOSL01	m	NULL	NULL	USA
2709286	5	22	3100	MegaMinnesotaWinter2018	f	333fm	David Jiang (蒋濬哲)	2016JIAN13	m	NULL	NULL	USA
2713329	1	25	0	RijswijkOpen2018	f	333fm	Sébastien Auroux	2008AURO01	1	NULL	NULL	Germany
2725526	2	25	2967	FewestMovesChristmas2018	f	333fm	Laurids Abelsen Holm	2016HOLM04	m	NULL	NULL	Denmark
2725559	7	24	-1	StadiFMC2018	f	333fm	Sergey Lahno	2015LAHN01	m	NULL	NULL	Russia
2729690	1	20	2433	TolongDiamMedan2018	1	333fm	Firstian Fushada (符逢城)	2015FUSH01	m	NR	AsR	Indonesia
2729691	1	23	2567	TolongDiamMedan2018	f	333fm	Firstian Fushada (符逢城)	2015FUSH01	m	NULL	NULL	Indonesia
2729748	2	20	2567	TolongDiamMedan2018	1	333fm	Wong Chong Wen (黄崇文)	2014WENW01	m	NR	NR	Singapore
2729749	2	25	2633	TolongDiamMedan2018	f	333fm	Wong Chong Wen (黄崇文)	2014WENW01	m	NULL	NULL	Singapore
2733463	1	24	2900	PleaseBeQuietPhilippines2018	1	333fm	John Edison Ubaldo (ᜇ᜔ᜌᜓ︀ᜈ᜔ ᜁᜇᜒᜐᜓ︀ᜈ᜔ ᜂᜊᜎ᜔ᜇᜓ︀)	2010UBAL01	m	NR	NR	Philippines
2740649	1	25	2733	SoutheastTexasWinter2019	f	333fm	Kit Clement	2008CLEM01	m	NULL	NULL	USA
2761743	9	23	-1	AcarajeOpen2019	f	333fm	Bruno Fonsêca Coelho Lima	2011LIMA02	m	NULL	NULL	Brazil
2764018	8	23	-1	FlorenceWinter2019	f	333fm	Walker Welch	2011WELC01	m	NULL	NULL	USA
2772146	1	22	2700	BerlinWinterCubing2019	f	333fm	Jan Bentlage	2010BENT01	m	NULL	NULL	Germany
2772215	8	22	-1	BerlinWinterCubing2019	f	333fm	Konstantin Jaehne	2015JAEH01	m	NULL	NULL	Germany
2773248	5	25	2900	TGBBO2019	f	333fm	Charlie Stark	2014STAR05	m	NULL	NULL	United Kingdom
2773264	8	24	-1	TGBBO2019	f	333fm	Deni Mintsaev	2013MINT01	m	NULL	NULL	Russia
2773276	2	20	2500	TGBBO2019	f	333fm	Fabio Schwandt	2014SCHW02	m	NULL	NULL	United Kingdom
2773289	2	17	2500	TGBBO2019	1	333fm	Harry Savage	2013SAVA01	m	WR	NR	United Kingdom
2773290	1	23	2433	TGBBO2019	f	333fm	Harry Savage	2013SAVA01	m	NULL	NR	United Kingdom
2773369	3	19	2500	TGBBO2019	1	333fm	Robert Yau	2009YAUR01	m	NULL	NR	United Kingdom
2773370	4	22	2667	TGBBO2019	f	333fm	Robert Yau	2009YAUR01	m	NULL	NULL	United Kingdom
2773375	1	18	2400	TGBBO2019	1	333fm	Sebastiano Tronto	2011TRON02	m	NR	WR	Italy
2773376	3	23	2533	TGBBO2019	f	333fm	Sebastiano Tronto	2011TRON02	m	NULL	NULL	Italy
2782222	1	24	2733	PSSFMCWarszawa2019	f	333fm	Anonymous	2017ANON13	m	NULL	NULL	Poland
2785407	1	25	2800	MelbourneSummer2019	f	333fm	Tommy Kiprillis	2014KIPR01	m	NULL	NULL	Australia
2807665	10	25	-1	FewestMovesVitebsk2019	2	333fm	Sergey Lahno	2015LAHN01	m	NULL	NULL	Russia
2807682	9	23	-1	FewestMovesVitebsk2019	f	333fm	Sergey Lahno	2015LAHN01	m	NR	NULL	Russia
2814139	1	25	2800	FMCBrasil2019	1	333fm	Marlon de V. Marques	2014MARQ02	m	NULL	NULL	Brazil
2814165	1	24	2600	FMCBrasil2019	f	333fm	Alexandre Henrique Afonso Campos	2015CAMP17	m	NULL	NULL	Brazil
2814166	2	24	3067	FMCBrasil2019	f	333fm	Marlon de V. Marques	2014MARQ02	m	NULL	NULL	Brazil
2831329	1	25	2933	UCSDWinter2019	f	333fm	Kit Clement	2008CLEM01	m	NULL	NULL	USA
2838364	1	20	2667	CFLGoesSideways2019	1	333fm	Anonymous	2017ANON13	m	NULL	NR	Poland
2838365	2	24	2700	CFLGoesSideways2019	1	333fm	Szymon Jeziorski	2013JEZI01	m	NULL	NULL	Poland
2838371	8	23	3233	CFLGoesSideways2019	1	333fm	Marcin Stachura	2011STAC01	m	NULL	NULL	Poland
2838372	9	25	3333	CFLGoesSideways2019	1	333fm	Michał Wojcieszek	2015WOJC02	m	NULL	NULL	Poland
2838393	1	25	2633	CFLGoesSideways2019	f	333fm	Jan Zych	2014ZYCH01	m	NULL	NR	Poland
2838394	2	24	2900	CFLGoesSideways2019	f	333fm	Jonatan Kłosko	2013KOSK01	m	NULL	NULL	Poland
2838395	2	24	2900	CFLGoesSideways2019	f	333fm	Marcin Stachura	2011STAC01	m	NULL	NULL	Poland
2838396	4	24	2933	CFLGoesSideways2019	f	333fm	Szymon Jeziorski	2013JEZI01	m	NULL	NULL	Poland
2841906	2	24	2833	SingaporeChampionship2019	f	333fm	Chang Hong Liang (张泓量)	2016LIAN02	m	NULL	NULL	Singapore
2845457	1	23	2767	MelbourneMentalMania2019	1	333fm	Tommy Kiprillis	2014KIPR01	m	NULL	NULL	Australia
2845486	11	24	-1	MelbourneMentalMania2019	f	333fm	Tommy Kiprillis	2014KIPR01	m	NULL	NULL	Australia
2860196	1	24	2867	AarhusSpring2019	f	333fm	Laurids Abelsen Holm	2016HOLM04	m	NULL	NULL	Denmark
2872114	1	21	0	HeartlandChampionship2019	f	333fm	Walker Welch	2011WELC01	1	NULL	NULL	USA
2872115	2	23	0	HeartlandChampionship2019	f	333fm	Cale Schoon	2014SCHO02	1	NULL	NULL	USA
2872116	3	24	0	HeartlandChampionship2019	f	333fm	Carter Kucala	2015KUCA01	1	NULL	NULL	USA
2876794	1	24	2933	KoalaficationSydney2019	f	333fm	Feliks Zemdegs	2009ZEMD01	m	NULL	NULL	Australia
2881204	1	25	2633	PoliMiMentalBreakdown2019	1	333fm	Reto Bubendorf	2012BUBE01	m	NULL	NULL	Finland
2881206	3	25	2800	PoliMiMentalBreakdown2019	1	333fm	Karam Al-Robaie	2016ALRO01	m	NULL	NULL	United Kingdom
2881222	1	23	2467	PoliMiMentalBreakdown2019	f	333fm	Sebastiano Tronto	2011TRON02	m	NULL	NULL	Italy
2881223	2	24	2700	PoliMiMentalBreakdown2019	f	333fm	Reto Bubendorf	2012BUBE01	m	NULL	NULL	Finland
2882805	1	24	2600	PleaseBeQuietKorea2019	f	333fm	Dohyun Kim (김도현)	2013KIMD01	m	NULL	NR	Korea
2882815	11	25	-1	PleaseBeQuietKorea2019	f	333fm	Minhyun Kim (김민현)	2007MINH01	m	NULL	NULL	Korea
2883683	1	22	2633	MedanMiniAllEvents2019	f	333fm	Wong Chong Wen (黄崇文)	2014WENW01	m	NULL	NULL	Singapore
2887583	1	24	2633	FMCEurope2019	f	333fm	Harry Savage	2013SAVA01	m	NULL	NULL	United Kingdom
2887584	2	25	2633	FMCEurope2019	f	333fm	Daniel Sheppard	2009SHEP01	m	NULL	NULL	United Kingdom
2887587	5	23	2800	FMCEurope2019	f	333fm	Nicolas Gertner Kilian	2013GERT01	m	NULL	NULL	France
2887588	6	24	2800	FMCEurope2019	f	333fm	Fabio Schwandt	2014SCHW02	m	NULL	NULL	United Kingdom
2887590	8	24	2833	FMCEurope2019	f	333fm	Nathan Dwyer	2011DWYE02	m	NULL	NULL	USA
2887591	9	24	2867	FMCEurope2019	f	333fm	Linus Frész	2011FRES01	m	NULL	NULL	Germany
2887592	10	25	2867	FMCEurope2019	f	333fm	Bence Barát	2008BARA01	m	NULL	NULL	Hungary
2887596	14	23	2967	FMCEurope2019	f	333fm	Laura Ohrndorf	2009OHRN01	m	NULL	NULL	Germany
2887599	17	24	3067	FMCEurope2019	f	333fm	Marek Pepke	2008PEPK01	m	NULL	NULL	Poland
2887713	131	23	-1	FMCEurope2019	f	333fm	Anonymous	2011ANON06	m	NULL	NULL	Germany
2887714	132	25	-1	FMCEurope2019	f	333fm	Malte Ihlefeld	2016IHLE01	m	NULL	NULL	Germany
2887715	132	25	-1	FMCEurope2019	f	333fm	Theodor Nordstrand	2016NORD02	m	NULL	NULL	Sweden
2887716	132	25	-1	FMCEurope2019	f	333fm	Anton Krokhmal (Антон Крохмаль)	2012KROK01	m	NULL	NULL	Ukraine
2896549	2	24	3233	MentalBreakdownNorway2019	f	333fm	Filip Nilsen	2016NILS03	m	NR	NULL	Norway
2900122	1	22	2533	KostelecOpen2019	f	333fm	Matěj Grohmann	2015GROH02	m	NR	NR	Czech Republic
2906136	1	25	2933	FMCUkraine2019	f	333fm	Sergey Lahno	2015LAHN01	m	NULL	NULL	Russia
2906139	4	23	-1	FMCUkraine2019	f	333fm	Lev Golub (Лев Голуб)	2014HOLU01	m	NULL	NULL	Ukraine
2906661	1	25	2833	PleaseBeQuietTokyo2019	f	333fm	Tomohiro Kobayashi (小林知広)	2013KOBA01	m	NULL	NULL	Japan
2906662	2	25	3000	PleaseBeQuietTokyo2019	f	333fm	Shuto Ueno (上野柊斗)	2008UENO01	m	NULL	NULL	Japan
2915802	1	25	2800	LeBarcaresMB2019	f	333fm	Reto Bubendorf	2012BUBE01	m	NULL	NULL	Finland
2931236	1	25	0	GermanOpen2019	f	333fm	Sébastien Auroux	2008AURO01	1	NULL	NULL	Germany
2941165	1	25	0	LesFranquesesOpen2019	f	333fm	Noé Bourdon	2016BOUR01	1	NULL	NULL	France
2945017	1	25	2700	KoalaficationCanberra2019	f	333fm	Tommy Kiprillis	2014KIPR01	m	NULL	NULL	Australia
2947180	2	24	3133	IndianNationals2019	f	333fm	Shivam Bansal	2011BANS02	m	NR	NULL	India
2948985	1	22	0	SSL2Skurup2019	f	333fm	Martin Vædele Egdal	2013EGDA02	1	NULL	NULL	Denmark
2950251	1	25	2767	HamburgInternational2019	f	333fm	Sébastien Auroux	2008AURO01	m	NULL	NULL	Germany
2950254	4	24	2967	HamburgInternational2019	f	333fm	Laurids Abelsen Holm	2016HOLM04	m	NULL	NULL	Denmark
2950257	7	22	3200	HamburgInternational2019	f	333fm	Laura Ohrndorf	2009OHRN01	m	NULL	NULL	Germany
2956011	1	23	2600	ClockNFMCWisconsin2019	1	333fm	Cale Schoon	2014SCHO02	m	NULL	NULL	USA
2956020	1	23	2700	ClockNFMCWisconsin2019	f	333fm	Cale Schoon	2014SCHO02	m	NULL	NULL	USA
2956022	3	22	3133	ClockNFMCWisconsin2019	f	333fm	Joshua Feran	2011FERA01	m	NULL	NULL	USA
2957317	1	24	0	CorkOpen2019	f	333fm	James Molloy	2011MOLL01	1	NULL	NULL	United Kingdom
2961174	4	24	3167	FMCShanghai2019	1	333fm	Maosheng Chen (陈茂盛)	2012CHEN44	m	NULL	NULL	China
2961190	1	24	2733	FMCShanghai2019	2	333fm	Yiwei Liu (刘伊玮)	2012LIUY03	m	NULL	NULL	China
2961191	2	24	2833	FMCShanghai2019	2	333fm	Bo Huang (黄镈)	2013HUAN16	m	NULL	NULL	China
2961192	2	24	2833	FMCShanghai2019	2	333fm	Xinyuan Fan (范歆远)	2016FANX01	m	NULL	NULL	China
2961204	1	22	2667	FMCShanghai2019	f	333fm	Xinyuan Fan (范歆远)	2016FANX01	m	NULL	NULL	China
2970371	1	24	2833	EasterFMCKamppi2019	f	333fm	Niko Ronkainen	2010RONK01	m	NULL	NULL	Finland
2974853	1	24	0	KansaiOpen2019	f	333fm	Shuto Ueno (上野柊斗)	2008UENO01	1	NULL	NULL	Japan
2978146	10	24	-1	YJPetersburgSpecial2019	f	333fm	Sergey Lahno	2015LAHN01	m	NULL	NULL	Russia
2979460	1	25	2667	EmpireStateSpring2019	f	333fm	Chris Chi	2014CHIC01	m	NULL	NULL	USA
2981672	1	22	2300	FrenchChampionship2019	f	333fm	Reto Bubendorf	2012BUBE01	m	NULL	WR	Finland
2981673	2	23	2467	FrenchChampionship2019	f	333fm	Nicolas Gertner Kilian	2013GERT01	m	NULL	NR	France
2981674	3	21	2600	FrenchChampionship2019	f	333fm	Malte Ihlefeld	2016IHLE01	m	NULL	NULL	Germany
2981675	4	25	2667	FrenchChampionship2019	f	333fm	Jan Bentlage	2010BENT01	m	NULL	NULL	Germany
2981676	5	23	2700	FrenchChampionship2019	f	333fm	Mario Laurent	2008LAUR01	m	NULL	NULL	France
2981702	31	23	-1	FrenchChampionship2019	f	333fm	Clément Cherblanc	2014CHER05	m	NULL	NULL	France
2981703	31	23	-1	FrenchChampionship2019	f	333fm	Léo Bailly	2015BAIL04	m	NULL	NULL	France
2981704	31	23	-1	FrenchChampionship2019	f	333fm	Peter Grassard	2016GRAS01	m	NULL	NULL	France
2981705	34	24	-1	FrenchChampionship2019	f	333fm	Lucas Déglise	2015DEGL01	m	NULL	NULL	France
2989416	1	21	2567	KMGSpring2019	f	333fm	Laurids Abelsen Holm	2016HOLM04	m	NULL	NULL	Denmark
2996710	1	24	2667	MentalBreakdownWashington2019	1	333fm	Mark Boyanowski	2014BOYA01	m	NULL	NULL	USA
2996726	3	25	3267	MentalBreakdownWashington2019	f	333fm	Benjamin Gottschalk	2016GOTT01	m	NULL	NULL	USA
3004434	1	23	2600	MentalBreakdownCapelle2019	f	333fm	Sébastien Auroux	2008AURO01	m	NULL	NULL	Germany
3004435	2	25	2633	MentalBreakdownCapelle2019	f	333fm	Sebastiano Tronto	2011TRON02	m	NULL	NULL	Italy
3004436	3	25	2733	MentalBreakdownCapelle2019	f	333fm	Malte Ihlefeld	2016IHLE01	m	NULL	NULL	Germany
3004437	4	25	2767	MentalBreakdownCapelle2019	f	333fm	Reto Bubendorf	2012BUBE01	m	NULL	NULL	Finland
3004438	5	22	2867	MentalBreakdownCapelle2019	f	333fm	Jan Bentlage	2010BENT01	m	NULL	NULL	Germany
3004439	6	20	3067	MentalBreakdownCapelle2019	f	333fm	Erik Akkersdijk	2005AKKE01	m	NR	NULL	Netherlands
3004448	15	24	-1	MentalBreakdownCapelle2019	f	333fm	Alexandros Fokianos	2017FOKI01	m	NULL	NULL	Italy
3007972	14	24	-1	Meadowlands2019	f	333fm	Krish Shah-Nathwani	2015SHAH09	m	NULL	NULL	USA
3010687	1	24	0	LugaOpen2019	f	333fm	Aleksandr Beznogov	2017BEZN01	1	NULL	NULL	Russia
3011947	1	25	2767	SilenceinTlaxcala2019	f	333fm	Carlos Rill Garcia	2016GARC34	m	NR	NULL	Mexico
3013005	1	19	2633	PleaseBeQuietWPISpring2019	2	333fm	Mark Boyanowski	2014BOYA01	m	NULL	NULL	USA
3013006	2	25	2667	PleaseBeQuietWPISpring2019	2	333fm	James Quinn	2016QUIN01	m	NULL	NULL	USA
3013017	2	25	2667	PleaseBeQuietWPISpring2019	f	333fm	James Quinn	2016QUIN01	m	NULL	NULL	USA
3029221	1	24	2633	FewestMovesLA2019	1	333fm	Michael Young	2008YOUN02	m	NULL	NULL	USA
3029222	2	25	2700	FewestMovesLA2019	1	333fm	Andrew Nathenson	2011NATH02	m	NULL	NULL	USA
3029230	1	22	2833	FewestMovesLA2019	f	333fm	Michael Young	2008YOUN02	m	NULL	NULL	USA
3044075	1	25	3100	PleaseBeQuietThailand2019	f	333fm	Yunqi Ouyang (欧阳韵奇)	2007YUNQ01	m	NULL	NULL	China
3044756	1	24	2633	WroclawFMCMasters2019	1	333fm	Matěj Grohmann	2015GROH02	m	NULL	NULL	Czech Republic
3044757	2	25	2700	WroclawFMCMasters2019	1	333fm	Reto Bubendorf	2012BUBE01	m	NULL	NULL	Finland
3044761	6	24	3000	WroclawFMCMasters2019	1	333fm	Anonymous	2017ANON13	m	NULL	NULL	Poland
3044784	1	24	2700	WroclawFMCMasters2019	f	333fm	Karol Zakrzewski	2014ZAKR01	m	NULL	NULL	Poland
3044788	5	24	2967	WroclawFMCMasters2019	f	333fm	Jan Zych	2014ZYCH01	m	NULL	NULL	Poland
3052777	1	25	3267	PleaseBeSolvedVancouver2019	f	333fm	Dylan Wang	2014WANG48	m	NULL	NULL	Canada
3054111	1	25	3000	PeachState2019	f	333fm	Raymond Goslow	2014GOSL01	m	NULL	NULL	USA
3077031	3	25	3433	TuzoClasico2019	f	333fm	Daniel Guardado Cabral	2014CABR07	m	NULL	NULL	Mexico
3077039	11	23	-1	TuzoClasico2019	f	333fm	Carlos Rill Garcia	2016GARC34	m	NR	NULL	Mexico
3083458	1	25	2800	Pulmapelipaivat2019	f	333fm	Niko Ronkainen	2010RONK01	m	NULL	NULL	Finland
3083966	1	17	2233	MentalBreakdownMinnesota2019	1	333fm	Mark Boyanowski	2014BOYA01	m	WR	WR	USA
3083977	1	23	2433	MentalBreakdownMinnesota2019	f	333fm	Mark Boyanowski	2014BOYA01	m	NULL	NULL	USA
3083978	2	24	2567	MentalBreakdownMinnesota2019	f	333fm	Walker Welch	2011WELC01	m	NULL	NULL	USA
3103257	1	24	2600	Malaysia10thCubeOpen2019	f	333fm	Teh Keng Foo (郑庆富)	2011FOOT01	m	NULL	NULL	Malaysia
3103258	2	25	2633	Malaysia10thCubeOpen2019	f	333fm	Wong Chong Wen (黄崇文)	2014WENW01	m	NULL	NULL	Singapore
3103277	19	25	-1	Malaysia10thCubeOpen2019	f	333fm	William Gan Wei Ren (颜伟仁)	2014RENW01	m	NULL	NULL	Malaysia
3107014	1	16	2200	FMC2019	f	333fm	Sebastiano Tronto	2011TRON02	m	WR	WR	Italy
3107015	2	21	2300	FMC2019	f	333fm	Harry Savage	2013SAVA01	m	NULL	NR	United Kingdom
3107016	3	21	2367	FMC2019	f	333fm	Baiqiang Dong (董百强)	2008DONG06	m	NULL	AsR	China
3107017	4	22	2367	FMC2019	f	333fm	Cale Schoon	2014SCHO02	m	NULL	NULL	USA
3107018	5	21	2433	FMC2019	f	333fm	Mark Boyanowski	2014BOYA01	m	NULL	NULL	USA
3107019	6	24	2567	FMC2019	f	333fm	Aleksandr Beznogov	2017BEZN01	m	NULL	NR	Russia
3107020	7	21	2600	FMC2019	f	333fm	Sébastien Auroux	2008AURO01	m	NULL	NULL	Germany
3107021	8	24	2633	FMC2019	f	333fm	Chris Chi	2014CHIC01	m	NULL	NULL	USA
3107023	10	24	2667	FMC2019	f	333fm	Nitheesh Kumar Elangovan	2016ELAN01	m	NR	NR	India
3107025	12	24	2700	FMC2019	f	333fm	James Quinn	2016QUIN01	m	NULL	NULL	USA
3107029	16	24	2767	FMC2019	f	333fm	Elvin Thorsen	2016THOR08	m	NULL	NR	Sweden
3107033	20	25	2800	FMC2019	f	333fm	Malte Ihlefeld	2016IHLE01	m	NULL	NULL	Germany
3107034	20	25	2800	FMC2019	f	333fm	Yunke Zhang (张云柯)	2014ZHAN11	m	NULL	NULL	China
3107038	25	25	2833	FMC2019	f	333fm	João Pedro Batista Ribeiro Costa	2013COST02	m	NULL	NULL	Brazil
3107084	71	25	3300	FMC2019	f	333fm	Kaur Tuule	2018TUUL01	m	NR	NR	Estonia
3107100	87	25	3433	FMC2019	f	333fm	Mitchell Lane	2010LANE02	m	NULL	NULL	USA
3107209	196	24	-1	FMC2019	f	333fm	Javier Cabezuelo Sánchez	2007SANC01	m	NULL	NULL	Spain
3107210	197	25	-1	FMC2019	f	333fm	Noah Kraft	2016KRAF01	m	NULL	NULL	Germany
3107211	197	25	-1	FMC2019	f	333fm	Carter Kucala	2015KUCA01	m	NULL	NULL	USA
3115381	11	21	-1	NorthernVirginiaSummer2019	f	333fm	Blake Thompson	2010THOM03	m	NULL	NULL	USA
3115382	11	21	-1	NorthernVirginiaSummer2019	f	333fm	Aedan Bryant	2017BRYA06	m	NULL	NULL	USA
3121715	1	23	0	IrishChampionship2019	f	333fm	Tao Yu (喻韬)	2012YUTA01	1	NR	NULL	Ireland
3124480	1	23	2433	MedanFarewell2019	f	333fm	Wong Chong Wen (黄崇文)	2014WENW01	m	NULL	NR	Singapore
3124487	8	24	-1	MedanFarewell2019	f	333fm	Firstian Fushada (符逢城)	2015FUSH01	m	NULL	NULL	Indonesia
3126115	1	25	2733	YJKazan2019	f	333fm	Aleksandr Beznogov	2017BEZN01	m	NULL	NULL	Russia
3142851	1	24	2633	WarmUpCanberra2019	f	333fm	Jayden McNeill	2012MCNE01	m	NULL	NULL	Australia
3142852	1	24	2633	WarmUpCanberra2019	f	333fm	Mark Boyanowski	2014BOYA01	m	NULL	NULL	USA
3142853	3	25	2667	WarmUpCanberra2019	f	333fm	Wong Chong Wen (黄崇文)	2014WENW01	m	NULL	NULL	Singapore
3142854	4	25	2800	WarmUpCanberra2019	f	333fm	Yiwei Liu (刘伊玮)	2012LIUY03	m	NULL	NULL	China
3142855	5	25	2867	WarmUpCanberra2019	f	333fm	Kit Clement	2008CLEM01	m	NULL	NULL	USA
3142858	8	24	3033	WarmUpCanberra2019	f	333fm	James Molloy	2011MOLL01	m	NULL	NULL	United Kingdom
3142869	19	24	-1	WarmUpCanberra2019	f	333fm	Joshua Feran	2011FERA01	m	NULL	NULL	USA
3145649	1	24	0	BritishSummerOpen2019	f	333fm	Ben Whitmore	2009WHIT01	1	NULL	NULL	United Kingdom
3145650	2	25	0	BritishSummerOpen2019	f	333fm	Eli Jay	2014JAYE01	1	NULL	NULL	United Kingdom
3145651	2	25	0	BritishSummerOpen2019	f	333fm	Fabio Schwandt	2014SCHW02	1	NULL	NULL	United Kingdom
3148261	2	25	3100	YJFestMoscow2019	f	333fm	Valeriy Sluchek	2012SLUC01	m	NULL	NULL	Russia
3153665	1	25	3033	UberlandiaOpen2019	f	333fm	Alexandre Henrique Afonso Campos	2015CAMP17	m	NULL	NULL	Brazil
3166739	1	24	2533	WC2019	f	333fm	Chris Chi	2014CHIC01	m	NULL	NULL	USA
3166740	1	24	2533	WC2019	f	333fm	Firstian Fushada (符逢城)	2015FUSH01	m	NULL	NULL	Indonesia
3166741	3	24	2567	WC2019	f	333fm	Jan Bentlage	2010BENT01	m	NULL	NULL	Germany
3166742	3	24	2567	WC2019	f	333fm	Sebastiano Tronto	2011TRON02	m	NULL	NULL	Italy
3166743	5	25	2633	WC2019	f	333fm	Tommy Kiprillis	2014KIPR01	m	NULL	NULL	Australia
3166744	5	25	2633	WC2019	f	333fm	Wong Chong Wen (黄崇文)	2014WENW01	m	NULL	NULL	Singapore
3166746	8	25	2667	WC2019	f	333fm	Mark Boyanowski	2014BOYA01	m	NULL	NULL	USA
3166747	9	23	2733	WC2019	f	333fm	Harry Savage	2013SAVA01	m	NULL	NULL	United Kingdom
3166748	10	24	2733	WC2019	f	333fm	Michael Young	2008YOUN02	m	NULL	NULL	USA
3166749	11	23	2767	WC2019	f	333fm	Daniel Sheppard	2009SHEP01	m	NULL	NULL	United Kingdom
3166752	14	22	2800	WC2019	f	333fm	Martin Vædele Egdal	2013EGDA02	m	NULL	NULL	Denmark
3166753	15	25	2800	WC2019	f	333fm	Timothy Lawrance	2017LAWR04	m	AfR	AfR	South Africa
3166754	16	25	2833	WC2019	f	333fm	Shuto Ueno (上野柊斗)	2008UENO01	m	NULL	NULL	Japan
3166757	19	25	2900	WC2019	f	333fm	Sébastien Auroux	2008AURO01	m	NULL	NULL	Germany
3166760	22	24	2933	WC2019	f	333fm	Stanley Chapel	2016CHAP04	m	NULL	NULL	USA
3166767	29	24	3067	WC2019	f	333fm	Ethan Stevens	2015STEV03	m	NULL	NULL	Australia
3166770	32	25	3133	WC2019	f	333fm	Oscar Watson	2017WATS07	m	NULL	NULL	Australia
3166833	95	23	-1	WC2019	f	333fm	Robert Yau	2009YAUR01	m	NULL	NULL	United Kingdom
3199401	1	25	0	PuydeDomeOpen2019	f	333fm	Mario Laurent	2008LAUR01	1	NULL	NULL	France
3206971	1	24	2633	ChinaChampionship2019	f	333fm	Xinyuan Fan (范歆远)	2016FANX01	m	NULL	NULL	China
3206972	2	25	2667	ChinaChampionship2019	f	333fm	Yiwei Liu (刘伊玮)	2012LIUY03	m	NULL	NULL	China
3216151	1	25	2633	MassachusettsChampionship2019	f	333fm	Luigi Soriano	2016SORI04	m	NULL	NULL	USA
3216152	2	25	2700	MassachusettsChampionship2019	f	333fm	Chris Chi	2014CHIC01	m	NULL	NULL	USA
3221499	1	25	2600	GermanNationals2019	f	333fm	Jan Bentlage	2010BENT01	m	NULL	NULL	Germany
3221500	2	25	2633	GermanNationals2019	f	333fm	Nicolas Gertner Kilian	2013GERT01	m	NULL	NULL	France
3221501	3	21	2733	GermanNationals2019	f	333fm	Laura Ohrndorf	2009OHRN01	m	NULL	NULL	Germany
3221514	16	25	3367	GermanNationals2019	f	333fm	Kamil Przybylski	2016PRZY01	m	NULL	NULL	Poland
3225040	1	25	0	SSL3Varberg2019	f	333fm	Martin Vædele Egdal	2013EGDA02	1	NULL	NULL	Denmark
3226318	1	25	2900	CanadianChampionship2019	f	333fm	Owen Widdis	2015WIDD01	m	NULL	NULL	USA
3237719	1	23	2433	CubingUSANationals2019	f	333fm	Cale Schoon	2014SCHO02	m	NULL	NULL	USA
3237720	2	22	2500	CubingUSANationals2019	f	333fm	Zachary Ochs	2016OCHS01	m	NULL	NULL	USA
3237721	3	23	2700	CubingUSANationals2019	f	333fm	Mark Boyanowski	2014BOYA01	m	NULL	NULL	USA
3237724	6	25	2767	CubingUSANationals2019	f	333fm	Walker Welch	2011WELC01	m	NULL	NULL	USA
3237725	7	25	2800	CubingUSANationals2019	f	333fm	Joey Stahl	2013STAH02	m	NULL	NULL	USA
3237727	9	23	2833	CubingUSANationals2019	f	333fm	Stanley Chapel	2016CHAP04	m	NULL	NULL	USA
3250496	1	23	2600	CubeCampinKanazawa2019	f	333fm	Shuto Ueno (上野柊斗)	2008UENO01	m	NULL	NULL	Japan
3252176	1	23	2500	Michigan2019	f	333fm	Chris Chi	2014CHIC01	m	NULL	NULL	USA
3252177	2	23	2567	Michigan2019	f	333fm	Mark Boyanowski	2014BOYA01	m	NULL	NULL	USA
3262257	1	20	2467	GLSCupIII2019	f	333fm	Anonymous	2017ANON13	m	NULL	NR	Poland
3262258	2	23	2867	GLSCupIII2019	f	333fm	Michał Pleskowicz	2009PLES01	m	NULL	NULL	Poland
3262269	14	25	-1	GLSCupIII2019	f	333fm	Szymon Jeziorski	2013JEZI01	m	NULL	NULL	Poland
3266992	1	22	0	BursaSummer2019	f	333fm	Tolga Kaan Kantarcı	2018KANT01	1	NR	NULL	Turkey
3269351	1	25	0	IndonesianChampionship2019	f	333fm	Firstian Fushada (符逢城)	2015FUSH01	1	NULL	NULL	Indonesia
3270932	1	21	0	KoreanChampionship2019	f	333fm	Dohyun Kim (김도현)	2013KIMD01	1	NR	NULL	Korea
3281663	1	24	2500	3x3OnlyMinnesota2019	f	333fm	Cale Schoon	2014SCHO02	m	NULL	NULL	USA
3281664	2	25	2667	3x3OnlyMinnesota2019	f	333fm	Carter Kucala	2015KUCA01	m	NULL	NULL	USA
3291101	1	24	2600	Xian10thAnniversary2019	f	333fm	Baiqiang Dong (董百强)	2008DONG06	m	NULL	NULL	China
3294879	1	23	2333	PleaseBeQuietMerdeka2019	f	333fm	Wong Chong Wen (黄崇文)	2014WENW01	m	NULL	AsR	Singapore
3294880	2	21	2433	PleaseBeQuietMerdeka2019	f	333fm	Firstian Fushada (符逢城)	2015FUSH01	m	NULL	NR	Indonesia
3294881	3	23	2700	PleaseBeQuietMerdeka2019	f	333fm	Teh Keng Foo (郑庆富)	2011FOOT01	m	NULL	NULL	Malaysia
3294919	1	25	2933	FewestMovesHelsinki2019	f	333fm	Niko Ronkainen	2010RONK01	m	NULL	NULL	Finland
3303805	1	21	2633	WroclawSideChallenge2019	f	333fm	Matěj Grohmann	2015GROH02	m	NR	NULL	Czech Republic
3303806	2	25	2700	WroclawSideChallenge2019	f	333fm	Szymon Jeziorski	2013JEZI01	m	NULL	NULL	Poland
3303807	3	23	2800	WroclawSideChallenge2019	f	333fm	Jan Zych	2014ZYCH01	m	NULL	NULL	Poland
3308609	3	25	3267	BignBlindinBangalore2019	f	333fm	Mohammed Aiman Koli	2017KOLI01	m	NULL	NULL	India
3311770	1	22	0	SlovakianOpen2019	f	333fm	Matěj Grohmann	2015GROH02	1	NULL	NULL	Czech Republic
3311771	2	25	0	SlovakianOpen2019	f	333fm	Bence Barát	2008BARA01	1	NULL	NULL	Hungary
3313516	1	24	2800	FMCNorthAmericaWest2019	1	333fm	Dylan Wang	2014WANG48	m	NR	NULL	Canada
3313532	17	24	-1	FMCNorthAmericaWest2019	1	333fm	Kit Clement	2008CLEM01	m	NULL	NULL	USA
3313548	1	23	2633	FMCNorthAmericaWest2019	2	333fm	Mark Boyanowski	2014BOYA01	m	NULL	NULL	USA
3313552	5	25	3033	FMCNorthAmericaWest2019	2	333fm	Dylan Wang	2014WANG48	m	NULL	NULL	Canada
3313555	8	25	3100	FMCNorthAmericaWest2019	2	333fm	Kit Clement	2008CLEM01	m	NULL	NULL	USA
3313569	22	23	-1	FMCNorthAmericaWest2019	2	333fm	Ben Streeter	2013STRE01	m	NULL	NULL	USA
3314666	1	21	2300	BoxHillBigBlindBonanza2019	f	333fm	Tommy Kiprillis	2014KIPR01	m	NULL	OcR	Australia
3318433	1	21	2400	MentalBreakdownGermany2019	1	333fm	Linus Frész	2011FRES01	m	NULL	NR	Germany
3318434	2	22	2400	MentalBreakdownGermany2019	1	333fm	Sébastien Auroux	2008AURO01	m	NULL	NR	Germany
3318459	3	25	2933	MentalBreakdownGermany2019	f	333fm	Noah Kraft	2016KRAF01	m	NULL	NULL	Germany
3320016	2	25	3067	DanishOpen2019	f	333fm	Daniel Vædele Egdal	2013EGDA01	m	NULL	NULL	Denmark
3321154	1	23	2567	MerdekaMindGames2019	f	333fm	Wong Chong Wen (黄崇文)	2014WENW01	m	NULL	NULL	Singapore
3326596	1	24	2867	PolishOpen2019	f	333fm	Grzegorz Łuczyna	2005LUCZ01	m	NULL	NULL	Poland
3327829	1	23	2767	ArenaBernoCityFM2019	1	333fm	Alexandre Henrique Afonso Campos	2015CAMP17	m	NULL	NULL	Brazil
3327846	1	24	3000	ArenaBernoCityFM2019	f	333fm	Anderson Alessandro Pavia	2014PAVI02	m	NULL	NULL	Brazil
3337330	1	25	2633	FloridaFallFest2019	f	333fm	Stanley Chapel	2016CHAP04	m	NULL	NULL	USA
3337331	2	23	2667	FloridaFallFest2019	f	333fm	Tommy Cherry	2015CHER07	m	NULL	NULL	USA
3337332	3	25	2733	FloridaFallFest2019	f	333fm	Jacob Ambrose	2010AMBR01	m	NULL	NULL	USA
3338243	1	24	0	EstonianOpen2019	f	333fm	Aleksandr Beznogov	2017BEZN01	1	NULL	NULL	Russia
3342944	1	19	2400	AyaseAutumn2019	f	333fm	Shuto Ueno (上野柊斗)	2008UENO01	m	AsR	NR	Japan
3342945	2	23	2667	AyaseAutumn2019	f	333fm	Arifumi Fushimi (伏見有史)	2009FUSH01	m	NULL	NULL	Japan
3353105	1	21	2367	HungarianOpen2019	c	333fm	Dávid Balog	2009BALO03	m	NR	NR	Hungary
3357718	2	25	-1	PhilippineChampionship2019	f	333fm	Jaden Lim	2017LIMJ02	m	NULL	NULL	Philippines
3365788	1	23	2600	SiouxFall2019	f	333fm	Walker Welch	2011WELC01	m	NULL	NULL	USA
3367806	1	23	2700	SunCityOpen2019	f	333fm	Luiz Fellipe Oliuza Leal Silva	2016SILV02	m	NULL	NULL	Brazil
3367809	4	25	-1	SunCityOpen2019	f	333fm	Bruno Fonsêca Coelho Lima	2011LIMA02	m	NULL	NULL	Brazil
3370932	2	24	2933	FacaMaispelasCriancas2019	1	333fm	Anderson Alessandro Pavia	2014PAVI02	m	NULL	NULL	Brazil
3370946	16	24	-1	FacaMaispelasCriancas2019	1	333fm	Bruno Fonsêca Coelho Lima	2011LIMA02	m	NULL	NULL	Brazil
3370954	1	25	2767	FacaMaispelasCriancas2019	f	333fm	Alexandre Henrique Afonso Campos	2015CAMP17	m	NULL	NULL	Brazil
3389982	1	25	0	BackiPetrovacOpen2019	f	333fm	Bence Barát	2008BARA01	1	NULL	NULL	Hungary
3391300	1	25	3533	NovosibirskTechLibrary2019	f	333fm	Nikita Razzamazov (Никита Раззама́зов)	2016RAZZ01	m	NULL	NULL	Russia
3392858	1	24	0	BelgorodOpen2019	f	333fm	Serhii Koksharov (Сергій Кокшаров)	2013KOKS01	2	NULL	NULL	Ukraine
3398169	1	23	2500	PolishChampionship2019	f	333fm	Jan Zych	2014ZYCH01	m	NULL	NULL	Poland
3398170	2	24	2633	PolishChampionship2019	f	333fm	Jonatan Kłosko	2013KOSK01	m	NULL	NULL	Poland
3398171	3	23	2700	PolishChampionship2019	f	333fm	Szymon Jeziorski	2013JEZI01	m	NULL	NULL	Poland
3398172	4	25	2733	PolishChampionship2019	f	333fm	Marcin Stachura	2011STAC01	m	NULL	NULL	Poland
3398173	5	24	2767	PolishChampionship2019	f	333fm	Karol Zakrzewski	2014ZAKR01	m	NULL	NULL	Poland
3398183	15	24	-1	PolishChampionship2019	f	333fm	Anonymous	2017ANON13	m	NULL	NULL	Poland
3402394	3	24	2967	RoadtoICMilano2019	f	333fm	Lorenzo Vigani Poli	2007POLI01	m	NULL	NULL	Italy
3402401	10	25	4233	RoadtoICMilano2019	f	333fm	Matteo Provasi	2009PROV01	m	NULL	NULL	Italy
3403966	22	24	-1	NordicChampionship2019	f	333fm	Laurids Abelsen Holm	2016HOLM04	m	NULL	NULL	Denmark
3403967	23	25	-1	NordicChampionship2019	f	333fm	Modest Podzolkin	2017PODZ01	m	NULL	NULL	Ukraine
3403968	23	25	-1	NordicChampionship2019	f	333fm	Theodor Nordstrand	2016NORD02	m	NULL	NULL	Sweden
3406352	1	24	2700	SpanishChampionship2019	f	333fm	Carlos Méndez García-Barroso	2010GARC02	m	NULL	NR	Spain
3422696	1	24	2600	PBQBerkeleyFall2019	f	333fm	Brandon Harnish	2009HARN01	m	NULL	NULL	USA
3425847	1	22	2333	UKChampionship2019	f	333fm	Daniel Sheppard	2009SHEP01	m	NULL	NULL	United Kingdom
3425848	2	20	2467	UKChampionship2019	f	333fm	Harry Savage	2013SAVA01	m	NULL	NULL	United Kingdom
3425849	3	24	2700	UKChampionship2019	f	333fm	Fabio Schwandt	2014SCHW02	m	NULL	NULL	United Kingdom
3425850	4	25	2700	UKChampionship2019	f	333fm	Karam Al-Robaie	2016ALRO01	m	NULL	NULL	United Kingdom
3425853	7	25	3167	UKChampionship2019	f	333fm	George Scholey	2015SCHO05	m	NULL	NULL	United Kingdom
3430208	1	25	2933	CopperCountryCubingFall2019	f	333fm	Joshua Feran	2011FERA01	m	NULL	NULL	USA
3440750	1	25	2767	Cubetcha2019	f	333fm	Walker Welch	2011WELC01	m	NULL	NULL	USA
3442476	1	22	0	ItalianChampionship2019	f	333fm	Alessandro Nicolì	2012NICO02	1	NULL	NULL	Italy
3442477	1	22	0	ItalianChampionship2019	f	333fm	Marcel Ručigaj	2016RUCI01	1	NR	NULL	Slovenia
3442478	3	23	0	ItalianChampionship2019	f	333fm	Gabriele Cappelletti	2012CAPP01	1	NULL	NULL	Italy
3442479	3	23	0	ItalianChampionship2019	f	333fm	Nicolas Gertner Kilian	2013GERT01	1	NULL	NULL	France
3442480	5	24	0	ItalianChampionship2019	f	333fm	Niko Ronkainen	2010RONK01	1	NULL	NULL	Finland
3450025	1	23	0	EveryEventEire2019	f	333fm	Callum Hales-Jepp	2012HALE01	1	NULL	NULL	United Kingdom
3453118	1	25	0	SSL4Sundsvall2019	f	333fm	Helmer Ewert	2015EWER01	1	NULL	NULL	Sweden
3465994	1	23	2633	OSUBlindWeekend2019	1	333fm	Walker Welch	2011WELC01	m	NULL	NULL	USA
3465995	2	25	2667	OSUBlindWeekend2019	1	333fm	Kit Clement	2008CLEM01	m	NULL	NULL	USA
3465996	3	25	2700	OSUBlindWeekend2019	1	333fm	Stanley Chapel	2016CHAP04	m	NULL	NULL	USA
3465998	5	25	3067	OSUBlindWeekend2019	1	333fm	Timothy Lawrance	2017LAWR04	m	AfR	NULL	South Africa
3466009	1	25	2733	OSUBlindWeekend2019	f	333fm	Walker Welch	2011WELC01	m	NULL	NULL	USA
3466010	2	23	2800	OSUBlindWeekend2019	f	333fm	Stanley Chapel	2016CHAP04	m	NULL	NULL	USA
3466014	6	23	-1	OSUBlindWeekend2019	f	333fm	Timothy Lawrance	2017LAWR04	m	AfR	NULL	South Africa
3466966	1	23	2767	BarbyCube2019	f	333fm	Nicolas Gertner Kilian	2013GERT01	m	NULL	NULL	France
3473172	1	24	2733	FlagCityFall2019	f	333fm	Owen Widdis	2015WIDD01	m	NULL	NULL	USA
3476359	1	25	3267	ThailandChampionship2019	f	333fm	Natthaphat Mahtani (ณัฐภัทร จี มาทานี)	2011MAHT02	m	NR	NULL	Thailand
3481070	1	22	2567	SingaporeMini2019	f	333fm	Firstian Fushada (符逢城)	2015FUSH01	m	NULL	NULL	Indonesia
3481071	2	25	2633	SingaporeMini2019	f	333fm	Wong Chong Wen (黄崇文)	2014WENW01	m	NULL	NULL	Singapore
3481072	3	25	2867	SingaporeMini2019	f	333fm	James Matthew Young	2018YOUN09	m	NULL	NR	Philippines
3481358	4	23	-1	BlindintheWaterTower2019	f	333fm	Jakob Gunnarsson	2015GUNN01	m	NR	NULL	Sweden
3487499	1	22	2433	FMCAmericas2019	f	333fm	Cale Schoon	2014SCHO02	m	NULL	NULL	USA
3487500	2	24	2467	FMCAmericas2019	f	333fm	Chris Chi	2014CHIC01	m	NULL	NULL	USA
3487501	3	23	2533	FMCAmericas2019	f	333fm	Guido Dipietro	2013DIPI01	m	NR	SAR	Argentina
3487502	4	23	2600	FMCAmericas2019	f	333fm	Andrew Nathenson	2011NATH02	m	NULL	NULL	USA
3492954	1	24	2567	FargoFall2019	f	333fm	Walker Welch	2011WELC01	m	NULL	NULL	USA
3494724	1	24	0	BadenWurttembergOpen2019	f	333fm	Jan Bentlage	2010BENT01	1	NULL	NULL	Germany
3494725	2	25	0	BadenWurttembergOpen2019	f	333fm	Alexis Fedeler	2015FEDE01	1	NULL	NULL	Germany
3505748	1	21	2333	MalaysiaCubeChampionship2019	f	333fm	Wong Chong Wen (黄崇文)	2014WENW01	m	NULL	AsR	Singapore
3508582	1	23	2700	KjellerMentalBreakdown2019	f	333fm	Theodor Nordstrand	2016NORD02	m	NR	NR	Sweden
3520008	1	23	2400	FMCAsia2019	f	333fm	Firstian Fushada (符逢城)	2015FUSH01	m	NULL	NR	Indonesia
3520009	2	23	2500	FMCAsia2019	f	333fm	Korakot Inkaew (กรกฎ อิ่นแก้ว)	2017INKA01	m	NR	NR	Thailand
3520010	3	24	2533	FMCAsia2019	f	333fm	Vincent Hartanto Utomo	2010UTOM01	m	NULL	NULL	Indonesia
3520011	4	23	2567	FMCAsia2019	f	333fm	Baiqiang Dong (董百强)	2008DONG06	m	NULL	NULL	China
3520012	5	24	2600	FMCAsia2019	f	333fm	Ujjawal Pabreja	2015PABR01	m	NR	NR	India
3520014	7	25	2767	FMCAsia2019	f	333fm	Dohyun Kim (김도현)	2013KIMD01	m	NULL	NULL	Korea
3520020	13	25	2933	FMCAsia2019	f	333fm	Wong Kin Lok (黃健樂)	2014LOKW01	m	NULL	NULL	Hong Kong
3520024	17	25	3000	FMCAsia2019	f	333fm	Inha Woo (우인하)	2010INHA01	m	NULL	NULL	Korea
3520026	19	25	3067	FMCAsia2019	f	333fm	Yunqi Ouyang (欧阳韵奇)	2007YUNQ01	m	NULL	NULL	China
3520085	78	23	-1	FMCAsia2019	f	333fm	Asia Konvittayayotin (เอเชีย กรวิทยโยธิน)	2009KONV01	m	NR	NULL	Thailand
3520086	78	23	-1	FMCAsia2019	f	333fm	Tomohiro Kobayashi (小林知広)	2013KOBA01	m	NULL	NULL	Japan
3520087	78	23	-1	FMCAsia2019	f	333fm	Yuhei Takagi (高木佑平)	2008TAKA01	m	NULL	NULL	Japan
3520088	81	24	-1	FMCAsia2019	f	333fm	James Matthew Young	2018YOUN09	m	NR	NULL	Philippines
3520089	82	25	-1	FMCAsia2019	f	333fm	Wong Chong Wen (黄崇文)	2014WENW01	m	NULL	NULL	Singapore
3532982	2	25	2667	FMCGermany2019	1	333fm	Sébastien Auroux	2008AURO01	m	NULL	NULL	Germany
3532984	4	25	2767	FMCGermany2019	1	333fm	Malte Ihlefeld	2016IHLE01	m	NULL	NULL	Germany
3532998	18	24	-1	FMCGermany2019	1	333fm	Tommaso Raposio	2014RAPO01	m	NULL	NULL	Italy
3532999	19	25	-1	FMCGermany2019	1	333fm	Ivan Vinogradov	2017VINO02	m	NULL	NULL	Belarus
3533002	1	21	2400	FMCGermany2019	f	333fm	Malte Ihlefeld	2016IHLE01	m	NULL	NR	Germany
3533003	2	21	2467	FMCGermany2019	f	333fm	Noah Kraft	2016KRAF01	m	NULL	NULL	Germany
3533004	3	24	2467	FMCGermany2019	f	333fm	Jan Bentlage	2010BENT01	m	NULL	NULL	Germany
3533005	3	24	2467	FMCGermany2019	f	333fm	Sebastiano Tronto	2011TRON02	m	NULL	NULL	Italy
3533006	5	24	2733	FMCGermany2019	f	333fm	Linus Frész	2011FRES01	m	NULL	NULL	Germany
3533007	5	24	2733	FMCGermany2019	f	333fm	Marcel Peters	2012PETE03	m	NULL	NULL	Germany
3533008	7	24	2767	FMCGermany2019	f	333fm	Sébastien Auroux	2008AURO01	m	NULL	NULL	Germany
3533010	9	24	2900	FMCGermany2019	f	333fm	Konstantin Jaehne	2015JAEH01	m	NULL	NULL	Germany
3533011	10	24	2933	FMCGermany2019	f	333fm	Erik Akkersdijk	2005AKKE01	m	NULL	NULL	Netherlands
3533012	11	24	2967	FMCGermany2019	f	333fm	Lorenzo Vigani Poli	2007POLI01	m	NULL	NULL	Italy
3533015	14	24	-1	FMCGermany2019	f	333fm	Niclas Mach	2018MACH13	m	NULL	NULL	Germany
3535600	1	23	2567	NingboFootsteps2019	1	333fm	Baiqiang Dong (董百强)	2008DONG06	m	NULL	NULL	China
3535602	3	25	3100	NingboFootsteps2019	1	333fm	Maosheng Chen (陈茂盛)	2012CHEN44	m	NULL	NULL	China
3538494	1	24	2633	TapiolaWinterOpen2019	f	333fm	Aleksandr Beznogov	2017BEZN01	m	NULL	NULL	Russia
3538495	2	25	3567	TapiolaWinterOpen2019	f	333fm	Niko Ronkainen	2010RONK01	m	NULL	NULL	Finland
3541621	1	22	2567	SantaClausCubeRace2019	f	333fm	Jonatan Kłosko	2013KOSK01	m	NULL	NULL	Poland
3541622	2	24	2600	SantaClausCubeRace2019	f	333fm	Jan Zych	2014ZYCH01	m	NULL	NULL	Poland
3541623	3	25	2767	SantaClausCubeRace2019	f	333fm	Karol Zakrzewski	2014ZAKR01	m	NULL	NULL	Poland
3542942	1	24	2633	ClactOnSocksOff2019	f	333fm	Fabio Schwandt	2014SCHW02	m	NULL	NULL	United Kingdom
3558590	1	24	2467	TaiwanChampionship2019	f	333fm	Ruei-Ying Huang (黃睿穎)	2017HUAN63	m	NR	NR	Taiwan
3558591	2	24	2733	TaiwanChampionship2019	f	333fm	Tomohiro Kobayashi (小林知広)	2013KOBA01	m	NULL	NULL	Japan
3561022	1	22	2467	Medan10thAnniversary2019	f	333fm	Wong Chong Wen (黄崇文)	2014WENW01	m	NULL	NULL	Singapore
3561023	2	24	2833	Medan10thAnniversary2019	f	333fm	Wilson Alvis (陈智胜)	2011ALVI01	m	NULL	NULL	Indonesia
3567114	1	23	2400	Wiscube2019	1	333fm	Walker Welch	2011WELC01	m	NULL	NULL	USA
3567115	2	23	2533	Wiscube2019	1	333fm	Cale Schoon	2014SCHO02	m	NULL	NULL	USA
3567116	3	22	2633	Wiscube2019	1	333fm	Carter Kucala	2015KUCA01	m	NULL	NULL	USA
3567117	4	23	3200	Wiscube2019	1	333fm	Simon Kellum	2016KELL12	m	NULL	NULL	USA
3567118	5	23	3233	Wiscube2019	1	333fm	Joshua Feran	2011FERA01	m	NULL	NULL	USA
3567139	1	22	2400	Wiscube2019	f	333fm	Cale Schoon	2014SCHO02	m	NULL	NULL	USA
3573072	1	22	2267	SelangorCubeOpen2019	f	333fm	Firstian Fushada (符逢城)	2015FUSH01	m	NULL	AsR	Indonesia
3573073	2	25	2600	SelangorCubeOpen2019	f	333fm	Wong Chong Wen (黄崇文)	2014WENW01	m	NULL	NULL	Singapore
3573075	4	25	3033	SelangorCubeOpen2019	f	333fm	Ang Chin Zhen (洪靖程)	2016ZHEN09	m	NULL	NULL	Malaysia
3575010	1	23	0	IvanovoCuberCup2019	f	333fm	Alexey Zharikov	2015ZHAR01	1	NR	NULL	Russia
3575518	1	23	2600	NoShoesKentucky2019	1	333fm	Mark Boyanowski	2014BOYA01	m	NULL	NULL	USA
3575543	1	24	2567	NoShoesKentucky2019	2	333fm	Chris Chi	2014CHIC01	m	NULL	NULL	USA
3575544	2	25	2600	NoShoesKentucky2019	2	333fm	Mark Boyanowski	2014BOYA01	m	NULL	NULL	USA
3575545	3	25	2800	NoShoesKentucky2019	2	333fm	Jacob Ambrose	2010AMBR01	m	NULL	NULL	USA
3575561	1	24	2567	NoShoesKentucky2019	f	333fm	Chris Chi	2014CHIC01	m	NULL	NULL	USA
3575564	4	25	3300	NoShoesKentucky2019	f	333fm	Joshua Feran	2011FERA01	m	NULL	NULL	USA
3575569	9	23	-1	NoShoesKentucky2019	f	333fm	Mark Boyanowski	2014BOYA01	m	NULL	NULL	USA
3578584	1	25	0	SarikiInMoscow2020	f	333fm	Ilya Nazarov	2015NAZA02	1	NULL	NULL	Russia
3595902	4	25	-1	ParityatCharis2020	f	333fm	Jaden Lim	2017LIMJ02	m	NULL	NULL	Philippines
3598021	1	25	0	DYPatilCubeOpen2020	f	333fm	Mohammed Aiman Koli	2017KOLI01	1	NULL	NULL	India
3604520	1	18	2100	NorthStarCubingChallenge2020	f	333fm	Cale Schoon	2014SCHO02	m	NULL	WR	USA
3604521	2	25	2600	NorthStarCubingChallenge2020	f	333fm	Walker Welch	2011WELC01	m	NULL	NULL	USA
3608912	1	23	2400	BerlinWinterCubing2020	f	333fm	Sébastien Auroux	2008AURO01	m	NULL	NR	Germany
3608913	2	24	2533	BerlinWinterCubing2020	f	333fm	Jan Bentlage	2010BENT01	m	NULL	NULL	Germany
3608914	3	24	2567	BerlinWinterCubing2020	f	333fm	Laura Ohrndorf	2009OHRN01	m	NULL	NULL	Germany
3608915	4	24	3000	BerlinWinterCubing2020	f	333fm	Andreas Pohl	2012POHL01	m	NULL	NULL	Germany
3608926	15	24	-1	BerlinWinterCubing2020	f	333fm	William Gan Wei Ren (颜伟仁)	2014RENW01	m	NULL	NULL	Malaysia
3616032	1	21	2500	WashingtonChampionship2020	f	333fm	Dylan Wang	2014WANG48	m	NR	NR	Canada
3616033	2	21	2533	WashingtonChampionship2020	f	333fm	Kit Clement	2008CLEM01	m	NULL	NULL	USA
3616034	3	21	2867	WashingtonChampionship2020	f	333fm	Benjamin Gottschalk	2016GOTT01	m	NULL	NULL	USA
3616035	3	21	2867	WashingtonChampionship2020	f	333fm	Sameer Aggarwal	2017AGGA01	m	NULL	NULL	USA
3616036	5	21	2967	WashingtonChampionship2020	f	333fm	Jason White	2016WHIT16	m	NULL	NULL	USA
3616039	8	21	3367	WashingtonChampionship2020	f	333fm	Kevin Matthews	2010MATT02	m	NR	NULL	Canada
3616040	9	21	3467	WashingtonChampionship2020	f	333fm	Tripp Peters	2017PETE04	m	NULL	NULL	USA
3618908	1	20	2267	MelbourneSummer2020	f	333fm	Tommy Kiprillis	2014KIPR01	m	OcR	OcR	Australia
3623484	1	25	0	PSTBilgoraj2020	f	333fm	Karol Zakrzewski	2014ZAKR01	1	NULL	NULL	Poland
3625856	4	23	3833	WellingtonMindGames2020	f	333fm	Aneurin Hunt	2010HUNT02	m	NR	NULL	New Zealand
3625858	6	25	-1	WellingtonMindGames2020	f	333fm	Lucas O'Connell	2016OCON02	m	NULL	NULL	Italy
3630269	1	23	2733	CMITessellateCubeOpen2020	f	333fm	Pranav Prabhu	2016PRAB03	m	NR	NULL	India
3630271	3	25	3500	CMITessellateCubeOpen2020	f	333fm	Sukant Koul	2014KOUL01	m	NULL	NULL	India
3630275	7	23	-1	CMITessellateCubeOpen2020	f	333fm	Nitheesh Kumar Elangovan	2016ELAN01	m	NR	NULL	India
3648824	1	25	2667	CampeonatoBaiano2020	f	333fm	Kim Vianna	2016VIAN01	m	NULL	NULL	Brazil
3650738	1	25	0	ChellesOpen2020	f	333fm	Nicolas Gertner Kilian	2013GERT01	1	NULL	NULL	France
3657207	1	24	0	HernandoSummer2020	f	333fm	Agustín Bernasconi	2015BERN02	1	NULL	NULL	Argentina
3672095	6	25	-1	PBQtahSandyWinter2020	f	333fm	Lewis Isom	2018ISOM02	m	NULL	NULL	USA
3683231	1	21	2467	HamburgInternational2020	f	333fm	Sébastien Auroux	2008AURO01	m	NULL	NULL	Germany
3683232	2	25	2767	HamburgInternational2020	f	333fm	Jan Bentlage	2010BENT01	m	NULL	NULL	Germany
3685294	1	24	2833	DesafioBrasileirodeVerao2020	f	333fm	Vicenzo Guerino Cecchini	2015CECC01	m	NULL	NULL	Brazil
3685309	16	22	-1	DesafioBrasileirodeVerao2020	f	333fm	Kim Vianna	2016VIAN01	m	SAR	NULL	Brazil
3685310	17	25	-1	DesafioBrasileirodeVerao2020	f	333fm	Enzo Mattos	2015MATT05	m	NULL	NULL	Brazil
3685433	1	22	2267	BlueRidgeMountains2020	f	333fm	Zachary Ochs	2016OCHS01	m	NULL	NULL	USA
3685434	2	25	2933	BlueRidgeMountains2020	f	333fm	Jacob Ambrose	2010AMBR01	m	NULL	NULL	USA
3693049	1	24	3000	SidenBlindForserum2020	f	333fm	Elvin Thorsen	2016THOR08	m	NULL	NULL	Sweden
3697749	1	25	2733	CambridgeChallenge2020	f	333fm	Tim Reynolds	2005REYN01	m	NULL	NULL	USA
3700455	1	22	2500	Florida2020	f	333fm	Cale Schoon	2014SCHO02	m	NULL	NULL	USA
3701524	1	23	2600	SlowDownPerth2020	f	333fm	Joshua Hounslow	2016HOUN01	m	NULL	NULL	Australia
3705992	1	24	0	LLSIIIv22020	f	333fm	Bartosz Karpiński	2019KARP03	1	NULL	NULL	Poland
3706854	1	23	0	DanishChampionship2020	f	333fm	Daniel Vædele Egdal	2013EGDA01	1	NULL	NULL	Denmark
3707433	1	19	2433	OnlyFMC2020	1	333fm	Mauro Moisés Ortega López	2016LOPE44	m	NR	NULL	Spain
3707445	1	23	2367	OnlyFMC2020	f	333fm	Mauro Moisés Ortega López	2016LOPE44	m	NULL	NR	Spain
3707446	2	22	2567	OnlyFMC2020	f	333fm	Nicolas Gertner Kilian	2013GERT01	m	NR	NULL	France
3714643	1	22	2567	Guangzhou3x3BLDandFMC2020	f	333fm	Baiqiang Dong (董百强)	2008DONG06	m	NULL	NULL	China
3715142	2	23	2967	NewZealandNationals2020	f	333fm	James Macdiarmid	2015MACD03	m	NR	NULL	New Zealand
3723810	1	24	2500	MelbourneSummer2021	f	333fm	Jack Love	2018LOVE03	m	NULL	NULL	Australia
3726418	6	25	-1	WellingtonMindGames2021	f	333fm	Tom Nelson	2013NELS01	m	NULL	NULL	New Zealand
3741456	1	25	3033	GuangdongOpen2021	f	333fm	Peiyan Li (利沛焰)	2013LIPE01	m	NULL	NULL	China
3742563	1	22	2400	TurninginTownsville2021	f	333fm	Jack Love	2018LOVE03	m	NULL	NULL	Australia
3742564	2	23	2633	TurninginTownsville2021	f	333fm	Jayden McNeill	2012MCNE01	m	NULL	NULL	Australia
3749977	1	25	0	WelcometoMurmansk2021	f	333fm	Aleksandr Beznogov	2017BEZN01	1	NULL	NULL	Russia
3751429	1	17	2167	TianjinSummerSolstice2021	f	333fm	Yiwei Liu (刘伊玮)	2012LIUY03	m	AsR	AsR	China
3751430	2	25	2800	TianjinSummerSolstice2021	f	333fm	Zhiyuan Zhang (张质源)	2018ZHAZ08	m	NULL	NULL	China
3752595	1	25	2667	BacktoCambridgeA2021	f	333fm	James Quinn	2016QUIN01	m	NULL	NULL	USA
3752596	2	25	2800	BacktoCambridgeA2021	f	333fm	Vincent Trang	2019TRAN10	m	NULL	NULL	USA
3752613	4	24	-1	BacktoCambridgeB2021	f	333fm	Chris Chi	2014CHIC01	m	NULL	NULL	USA
3764910	1	23	0	CopperCountryCubingSummer2021	f	333fm	Walker Welch	2011WELC01	1	NULL	NULL	USA
3774922	1	22	2400	BolognaBackfromHolidays2021	f	333fm	Nicolas Gertner Kilian	2013GERT01	m	NR	NR	France
3774923	2	21	2500	BolognaBackfromHolidays2021	f	333fm	Tommaso Raposio	2014RAPO01	m	NULL	NULL	Italy
3774924	3	23	2800	BolognaBackfromHolidays2021	f	333fm	Gabriele Cappelletti	2012CAPP01	m	NULL	NULL	Italy
3779648	1	21	2433	SzansaCubingOpenWarsaw2021	f	333fm	Jan Bentlage	2010BENT01	m	NULL	NULL	Germany
3779649	2	21	2533	SzansaCubingOpenWarsaw2021	f	333fm	Wojciech Rogoziński	2019ROGO04	m	NULL	NULL	Poland
3779650	3	22	2533	SzansaCubingOpenWarsaw2021	f	333fm	Cyprian Kalbarczyk	2016KALB01	m	NULL	NULL	Poland
3779651	4	24	2533	SzansaCubingOpenWarsaw2021	f	333fm	Bartosz Karpiński	2019KARP03	m	NULL	NULL	Poland
3779652	5	22	2567	SzansaCubingOpenWarsaw2021	f	333fm	Jan Zych	2014ZYCH01	m	NULL	NULL	Poland
3779653	6	23	2600	SzansaCubingOpenWarsaw2021	f	333fm	Anonymous	2017ANON13	m	NULL	NULL	Poland
3785919	1	23	2733	PolishChampionship2021	f	333fm	Wojciech Rogoziński	2019ROGO04	m	NULL	NULL	Poland
3785920	2	23	2767	PolishChampionship2021	f	333fm	Cyprian Kalbarczyk	2016KALB01	m	NULL	NULL	Poland
3785922	4	24	2900	PolishChampionship2021	f	333fm	Marek Pepke	2008PEPK01	m	NULL	NULL	Poland
3785925	7	23	3033	PolishChampionship2021	f	333fm	Przemysław Rogalski	2013ROGA02	m	NULL	NULL	Poland
3804258	1	24	0	LaMassana2021	f	333fm	Mauro Moisés Ortega López	2016LOPE44	1	NULL	NULL	Spain
3808820	1	24	2500	GACubersQuietQuarrel2021	f	333fm	Kerry Creech	2018CREE01	m	NULL	NULL	USA
3808821	2	24	2533	GACubersQuietQuarrel2021	f	333fm	Zachary Ochs	2016OCHS01	m	NULL	NULL	USA
3816001	1	23	2700	GermanSideEvents2021	f	333fm	Sébastien Auroux	2008AURO01	m	NULL	NULL	Germany
3816002	2	22	2800	GermanSideEvents2021	f	333fm	Jan Bentlage	2010BENT01	m	NULL	NULL	Germany
3816003	3	25	2867	GermanSideEvents2021	f	333fm	Alexander Botz	2013BOTZ01	m	NULL	NULL	Germany
3816004	4	23	3167	GermanSideEvents2021	f	333fm	Ricardo Olea Catalán	2017CATA04	m	NULL	NULL	Germany
3819362	1	23	2500	PittsburghFall2021	f	333fm	AJ Kamal	2016KAMA04	m	NULL	NULL	USA
3819363	2	24	2667	PittsburghFall2021	f	333fm	Daniel Karnaukh	2014KARN02	m	NULL	NULL	USA
3819364	3	24	2700	PittsburghFall2021	f	333fm	Krish Shah-Nathwani	2015SHAH09	m	NULL	NULL	USA
3819365	4	25	2767	PittsburghFall2021	f	333fm	Shawn Boucke	2016BOUC01	m	NULL	NULL	USA
3819385	24	21	-1	PittsburghFall2021	f	333fm	Owen Widdis	2015WIDD01	m	NULL	NULL	USA
3824003	1	24	2533	CubingUSAWesternChampionship2021	f	333fm	Carter Kucala	2015KUCA01	m	NULL	NULL	USA
3824011	9	25	-1	CubingUSAWesternChampionship2021	f	333fm	Ben Baron	2016BARO04	m	NR	NULL	Israel
3830385	1	20	2333	FMCItaly2021	f	333fm	Tommaso Raposio	2014RAPO01	m	NULL	NULL	Italy
3830386	2	23	2533	FMCItaly2021	f	333fm	Vasco Vasconcelos	2008VASC01	m	NR	NR	Portugal
3830387	3	25	2633	FMCItaly2021	f	333fm	Alexandros Fokianos	2017FOKI01	m	NULL	NULL	Italy
3830388	4	24	2867	FMCItaly2021	f	333fm	Federico Borgogni	2014BORG02	m	NULL	NULL	Italy
3831643	1	25	2600	GaridechOpen2021	f	333fm	Nicolas Gertner Kilian	2013GERT01	m	NULL	NULL	France
3831644	2	25	2667	GaridechOpen2021	f	333fm	Alaric Pouchain	2019POUC01	m	NULL	NULL	France
3831645	3	24	2700	GaridechOpen2021	f	333fm	Louis Sarthou	2012SART01	m	NULL	NULL	France
3849346	1	20	2267	PleaseBeQuietLexington2022	f	333fm	AJ Kamal	2016KAMA04	m	NULL	NULL	USA
3849347	2	22	2367	PleaseBeQuietLexington2022	f	333fm	Krish Shah-Nathwani	2015SHAH09	m	NULL	NULL	USA
3849348	3	23	2367	PleaseBeQuietLexington2022	f	333fm	Chris Chi	2014CHIC01	m	NULL	NULL	USA
3849349	4	22	2467	PleaseBeQuietLexington2022	f	333fm	James Quinn	2016QUIN01	m	NULL	NULL	USA
3852016	1	25	2500	MelbourneSummer2022	f	333fm	Tommy Kiprillis	2014KIPR01	m	NULL	NULL	Australia
3852017	2	22	2567	MelbourneSummer2022	f	333fm	Riley Dexter	2016DEXT01	m	NULL	NULL	Australia
3852021	6	24	3700	MelbourneSummer2022	f	333fm	Conan Mo	2020MOCO01	m	NULL	NULL	Australia
3860230	1	21	2400	GACubersCelebration2022	f	333fm	Kerry Creech	2018CREE01	m	NULL	NULL	USA
3860240	11	25	-1	GACubersCelebration2022	f	333fm	Sean Hartman	2016HART02	m	NULL	NULL	USA
3867938	1	22	2267	NorthStarCubingChallenge2022	f	333fm	Cale Schoon	2014SCHO02	m	NULL	NULL	USA
3867939	2	24	2533	NorthStarCubingChallenge2022	f	333fm	James Quinn	2016QUIN01	m	NULL	NULL	USA
3867940	3	25	2667	NorthStarCubingChallenge2022	f	333fm	Daniel Karnaukh	2014KARN02	m	NULL	NULL	USA
3867943	6	25	2933	NorthStarCubingChallenge2022	f	333fm	Hassan Khanani	2018KHAN26	m	NULL	NULL	USA
3871889	1	23	2500	PoliMiMentalBreakdown2022	1	333fm	Jan Bentlage	2010BENT01	m	NULL	NULL	Germany
3871890	2	22	2767	PoliMiMentalBreakdown2022	1	333fm	Tommaso Raposio	2014RAPO01	m	NULL	NULL	Italy
3871891	3	24	2800	PoliMiMentalBreakdown2022	1	333fm	Louis Sarthou	2012SART01	m	NULL	NULL	France
3871909	1	24	2400	PoliMiMentalBreakdown2022	f	333fm	Louis Sarthou	2012SART01	m	NULL	NR	France
3871910	2	20	2500	PoliMiMentalBreakdown2022	f	333fm	Jan Bentlage	2010BENT01	m	NULL	NULL	Germany
3871917	9	24	-1	PoliMiMentalBreakdown2022	f	333fm	Tommaso Raposio	2014RAPO01	m	NULL	NULL	Italy
3871918	9	24	-1	PoliMiMentalBreakdown2022	f	333fm	Nicolas Gertner Kilian	2013GERT01	m	NULL	NULL	France
3876936	1	23	2400	WLTDPoznanSideOpen2022	f	333fm	Wojciech Rogoziński	2019ROGO04	m	NULL	NR	Poland
3876939	4	25	2833	WLTDPoznanSideOpen2022	f	333fm	Anonymous	2017ANON13	m	NULL	NULL	Poland
3878318	12	25	-1	RoskildeByNight2022	f	333fm	Victor Valentin Glyrskov	2014GLYR01	m	NULL	NULL	Denmark
3882220	1	24	2500	PBQtahWinter2022	f	333fm	Lewis Isom	2018ISOM02	m	NULL	NULL	USA
3890361	1	24	2700	CambridgeChallenge2022	f	333fm	Aedan Bryant	2017BRYA06	m	NULL	NULL	USA
3890371	11	24	-1	CambridgeChallenge2022	f	333fm	Hassan Khanani	2018KHAN26	m	NULL	NULL	USA
3890734	1	23	2733	KidderminsterBlindOff2022	f	333fm	Harry Savage	2013SAVA01	m	NULL	NULL	United Kingdom
3905020	1	21	2167	SilentSydney2022	f	333fm	Jack Love	2018LOVE03	m	NULL	OcR	Australia
3906204	1	21	2233	MiniMinnesotaSpring2022	1	333fm	Cale Schoon	2014SCHO02	m	NULL	NULL	USA
3906205	2	23	2600	MiniMinnesotaSpring2022	1	333fm	Carter Kucala	2015KUCA01	m	NULL	NULL	USA
3906211	8	25	-1	MiniMinnesotaSpring2022	1	333fm	Simon Kellum	2016KELL12	m	NULL	NULL	USA
3906221	1	21	2267	MiniMinnesotaSpring2022	f	333fm	Cale Schoon	2014SCHO02	m	NULL	NULL	USA
3906222	2	22	2300	MiniMinnesotaSpring2022	f	333fm	James Quinn	2016QUIN01	m	NULL	NULL	USA
3906223	3	23	2400	MiniMinnesotaSpring2022	f	333fm	Carter Kucala	2015KUCA01	m	NULL	NULL	USA
3913260	1	22	2367	OhioStateExpoOpen2022	f	333fm	James Quinn	2016QUIN01	m	NULL	NULL	USA
3913261	2	23	2500	OhioStateExpoOpen2022	f	333fm	Daniel Karnaukh	2014KARN02	m	NULL	NULL	USA
3913263	4	25	2700	OhioStateExpoOpen2022	f	333fm	Walker Welch	2011WELC01	m	NULL	NULL	USA
3916621	1	20	2567	FastMindsinPoznan2022	1	333fm	Radomił Baran	2020BARA02	m	NULL	NULL	Poland
3916622	2	23	2633	FastMindsinPoznan2022	1	333fm	Cyprian Kalbarczyk	2016KALB01	m	NULL	NULL	Poland
3916623	3	22	2700	FastMindsinPoznan2022	1	333fm	Wojciech Rogoziński	2019ROGO04	m	NULL	NULL	Poland
3916624	4	25	2733	FastMindsinPoznan2022	1	333fm	Bartosz Karpiński	2019KARP03	m	NULL	NULL	Poland
3916638	1	24	2500	FastMindsinPoznan2022	f	333fm	Cyprian Kalbarczyk	2016KALB01	m	NULL	NULL	Poland
3916639	2	25	2633	FastMindsinPoznan2022	f	333fm	Wojciech Rogoziński	2019ROGO04	m	NULL	NULL	Poland
3916640	3	19	2667	FastMindsinPoznan2022	f	333fm	Bartosz Karpiński	2019KARP03	m	NR	NULL	Poland
3916641	4	24	2733	FastMindsinPoznan2022	f	333fm	Radomił Baran	2020BARA02	m	NULL	NULL	Poland
3918977	6	25	-1	TaipeiFMCAllDay2022	f	333fm	Fu-Yu Chan (詹馥宇)	2021CHAN09	m	NULL	NULL	Taiwan
3926178	9	23	-1	DontMoveCopenhagen2022	1	333fm	Louis Sarthou	2012SART01	m	NULL	NULL	France
3926185	1	24	2567	DontMoveCopenhagen2022	f	333fm	Adam Marcellus Kelly	2016KELL10	m	NULL	NULL	USA
3926186	2	25	2833	DontMoveCopenhagen2022	f	333fm	Daniel Vædele Egdal	2013EGDA01	m	NULL	NULL	Denmark
3946478	1	23	2533	SkjettenMentalBreakdown2022	f	333fm	Theodor Nordstrand	2016NORD02	m	NR	NR	Sweden
3948850	1	22	2233	MelbourneMinimalMoves2022	1	333fm	Jack Love	2018LOVE03	m	NULL	NULL	Australia
3948851	2	24	3233	MelbourneMinimalMoves2022	1	333fm	Matthew Sieredzinski	2019SIER04	m	NULL	NULL	Australia
3948863	1	21	2233	MelbourneMinimalMoves2022	f	333fm	Jack Love	2018LOVE03	m	NULL	NULL	Australia
3958186	1	22	2233	HeartlandChampionship2022	f	333fm	Cale Schoon	2014SCHO02	m	NULL	NULL	USA
3958187	2	24	2433	HeartlandChampionship2022	f	333fm	James Quinn	2016QUIN01	m	NULL	NULL	USA
3958188	3	23	2600	HeartlandChampionship2022	f	333fm	Walker Welch	2011WELC01	m	NULL	NULL	USA
3958189	4	25	2600	HeartlandChampionship2022	f	333fm	Carter Kucala	2015KUCA01	m	NULL	NULL	USA
3958190	5	21	2633	HeartlandChampionship2022	f	333fm	Simon Kellum	2016KELL12	m	NULL	NULL	USA
3976848	1	22	0	CarquefOpen2022	f	333fm	Louis Sarthou	2012SART01	1	NR	NULL	France
3978838	1	21	0	ChesterSpring2022	f	333fm	Callum Hales-Jepp	2012HALE01	1	NULL	NULL	United Kingdom
3981498	1	21	2333	MSUQuietQualifier2022	f	333fm	Krish Shah-Nathwani	2015SHAH09	m	NULL	NULL	USA
3981499	2	24	2667	MSUQuietQualifier2022	f	333fm	Owen Widdis	2015WIDD01	m	NULL	NULL	USA
3981505	8	25	-1	MSUQuietQualifier2022	f	333fm	Chris Chi	2014CHIC01	m	NULL	NULL	USA
3986148	1	24	0	DutchMasters2022	f	333fm	Jan Bentlage	2010BENT01	1	NULL	NULL	Germany
3989838	1	25	2600	UtahsCaliforniaGullExtravaga2022	f	333fm	James Quinn	2016QUIN01	m	NULL	NULL	USA
3989846	9	25	-1	UtahsCaliforniaGullExtravaga2022	f	333fm	Bradley Sampson	2008SAMP01	m	NULL	NULL	USA
4004762	1	21	2367	NortheastChampionship2022	f	333fm	Krish Shah-Nathwani	2015SHAH09	m	NULL	NULL	USA
4004763	2	22	2400	NortheastChampionship2022	f	333fm	AJ Kamal	2016KAMA04	m	NULL	NULL	USA
4004764	3	21	2433	NortheastChampionship2022	f	333fm	Chris Chi	2014CHIC01	m	NULL	NULL	USA
4004765	4	22	2500	NortheastChampionship2022	f	333fm	James Quinn	2016QUIN01	m	NULL	NULL	USA
4004766	5	21	2533	NortheastChampionship2022	f	333fm	Owen Widdis	2015WIDD01	m	NULL	NULL	USA
4004767	6	22	2567	NortheastChampionship2022	f	333fm	Alexei Sinyavin	2016SINY01	m	NULL	NULL	USA
4004768	7	25	2633	NortheastChampionship2022	f	333fm	Carter Kucala	2015KUCA01	m	NULL	NULL	USA
4004769	8	25	2833	NortheastChampionship2022	f	333fm	Stanley Chapel	2016CHAP04	m	NULL	NULL	USA
4004774	13	25	-1	NortheastChampionship2022	f	333fm	Daniel Karnaukh	2014KARN02	m	NULL	NULL	USA
4011711	1	23	2433	IrvineFMCA2022	f	333fm	Kyeongmin Choi (최경민)	2017CHOI07	m	NULL	NR	Korea
4016654	1	19	2367	UPPPoznanCubing2022	f	333fm	Radomił Baran	2020BARA02	m	NR	NR	Poland
4016655	2	22	2433	UPPPoznanCubing2022	f	333fm	Anonymous	2017ANON13	m	NULL	NULL	Poland
4016665	12	22	-1	UPPPoznanCubing2022	f	333fm	Wojciech Rogoziński	2019ROGO04	m	NULL	NULL	Poland
4033408	1	21	2667	KidderminsterSummerBBO2022	f	333fm	Fabio Schwandt	2014SCHW02	m	NULL	NULL	United Kingdom
4034154	1	23	2400	JaquecaDeFlorida2022	f	333fm	Guido Dipietro	2013DIPI01	m	NR	SAR	Argentina
4034356	1	20	2233	AldeillaMentalBreakdown2022	1	333fm	Mauro Moisés Ortega López	2016LOPE44	m	NULL	NR	Spain
4034357	2	23	2467	AldeillaMentalBreakdown2022	1	333fm	Vasco Vasconcelos	2008VASC01	m	NR	NR	Portugal
4034375	1	23	2433	AldeillaMentalBreakdown2022	f	333fm	Mauro Moisés Ortega López	2016LOPE44	m	NULL	NULL	Spain
4034376	2	24	2733	AldeillaMentalBreakdown2022	f	333fm	Rafael Rodriguez Santana	2012SANT12	m	NULL	NULL	Spain
4034377	3	25	2867	AldeillaMentalBreakdown2022	f	333fm	Carlos Méndez García-Barroso	2010GARC02	m	NULL	NULL	Spain
4049865	1	25	2633	CambridgeSummerChallenge2022	f	333fm	Aedan Bryant	2017BRYA06	m	NULL	NULL	USA
4056594	1	24	2533	RomeMentalBreakdown2022	1	333fm	Jan Bentlage	2010BENT01	m	NULL	NULL	Germany
4056607	1	22	2467	RomeMentalBreakdown2022	f	333fm	Jan Bentlage	2010BENT01	m	NULL	NULL	Germany
4059341	1	25	3133	Brisbanes20in21in2022	f	333fm	Tam Quan	2016QUAN03	m	NULL	NULL	Australia
4068860	1	20	0	MetzOpen2022	f	333fm	Louis-Marie Ratto	2019RATT02	1	NR	NULL	France
4075013	1	23	2400	MentalWarmUpArlanda2022	f	333fm	Jan Bentlage	2010BENT01	m	NULL	NR	Germany
4075014	2	20	2500	MentalWarmUpArlanda2022	f	333fm	Theodor Nordstrand	2016NORD02	m	NR	NR	Sweden
4077124	1	23	2467	NewYorkChampionship2022	f	333fm	Ishaan Lal	2014LALI01	m	NULL	NULL	USA
4077125	2	25	2800	NewYorkChampionship2022	f	333fm	Alexei Sinyavin	2016SINY01	m	NULL	NULL	USA
4084891	1	25	0	ParlaOpen2022	f	333fm	Rafael Rodriguez Santana	2012SANT12	1	NULL	NULL	Spain
4087836	1	21	2233	NAC2022	f	333fm	Kyeongmin Choi (최경민)	2017CHOI07	m	NR	NR	Korea
4087837	2	22	2367	NAC2022	f	333fm	Kerry Creech	2018CREE01	m	NULL	NULL	USA
4087838	3	23	2433	NAC2022	f	333fm	Krish Shah-Nathwani	2015SHAH09	m	NULL	NULL	USA
4087839	4	22	2500	NAC2022	f	333fm	Mark Boyanowski	2014BOYA01	m	NULL	NULL	USA
4087840	5	24	2533	NAC2022	f	333fm	Zachary Ochs	2016OCHS01	m	NULL	NULL	USA
4087841	6	23	2567	NAC2022	f	333fm	Chris Chi	2014CHIC01	m	NULL	NULL	USA
4087842	7	24	2600	NAC2022	f	333fm	Walker Welch	2011WELC01	m	NULL	NULL	USA
4087843	8	24	2633	NAC2022	f	333fm	AJ Kamal	2016KAMA04	m	NULL	NULL	USA
4087845	10	23	2900	NAC2022	f	333fm	Jacob Ambrose	2010AMBR01	m	NULL	NULL	USA
4087876	41	23	-1	NAC2022	f	333fm	Michael Young	2008YOUN02	m	NULL	NULL	USA
4087877	42	24	-1	NAC2022	f	333fm	Carter Kucala	2015KUCA01	m	NULL	NULL	USA
4087878	42	24	-1	NAC2022	f	333fm	Aedan Bryant	2017BRYA06	m	NULL	NULL	USA
4087879	44	25	-1	NAC2022	f	333fm	Owen Widdis	2015WIDD01	m	NULL	NULL	USA
4092959	1	20	2300	PolishChampionship2022	f	333fm	Cyprian Kalbarczyk	2016KALB01	m	NULL	NR	Poland
4092960	2	23	2467	PolishChampionship2022	f	333fm	Jan Zych	2014ZYCH01	m	NULL	NULL	Poland
4092961	3	22	2500	PolishChampionship2022	f	333fm	Bartosz Karpiński	2019KARP03	m	NULL	NULL	Poland
4092962	4	20	2667	PolishChampionship2022	f	333fm	Radomił Baran	2020BARA02	m	NULL	NULL	Poland
4092963	5	23	2667	PolishChampionship2022	f	333fm	Dawid Wójcik	2016WOJC04	m	NULL	NULL	Poland
4092964	6	23	2700	PolishChampionship2022	f	333fm	Wojciech Rogoziński	2019ROGO04	m	NULL	NULL	Poland
4092975	17	20	-1	PolishChampionship2022	f	333fm	Anonymous	2017ANON13	m	NULL	NULL	Poland
4092976	18	25	-1	PolishChampionship2022	f	333fm	Igor Tarasov	2016TARA04	m	NULL	NULL	Ukraine
4098116	1	22	2267	Euro2022	f	333fm	Cyprian Kalbarczyk	2016KALB01	m	NULL	NR	Poland
4098117	2	23	2433	Euro2022	f	333fm	Jan Bentlage	2010BENT01	m	NULL	NULL	Germany
4098118	3	24	2500	Euro2022	f	333fm	Mauro Moisés Ortega López	2016LOPE44	m	NULL	NULL	Spain
4098119	4	24	2533	Euro2022	f	333fm	Wojciech Rogoziński	2019ROGO04	m	NULL	NULL	Poland
4098120	5	24	2567	Euro2022	f	333fm	Nicolas Gertner Kilian	2013GERT01	m	NULL	NULL	France
4098121	6	22	2633	Euro2022	f	333fm	Radomił Baran	2020BARA02	m	NULL	NULL	Poland
4098122	7	24	2633	Euro2022	f	333fm	Louis Sarthou	2012SART01	m	NULL	NULL	France
4098123	8	24	2700	Euro2022	f	333fm	Juliette Sébastien	2014SEBA01	m	NULL	NULL	France
4098125	10	24	2733	Euro2022	f	333fm	Sébastien Auroux	2008AURO01	m	NULL	NULL	Germany
4098126	10	24	2733	Euro2022	f	333fm	Sebastiano Tronto	2011TRON02	m	NULL	NULL	Italy
4098127	10	24	2733	Euro2022	f	333fm	Reto Bubendorf	2012BUBE01	m	NULL	NULL	Finland
4098130	15	25	2767	Euro2022	f	333fm	Harry Savage	2013SAVA01	m	NULL	NULL	United Kingdom
4098131	16	25	2867	Euro2022	f	333fm	Martin Vædele Egdal	2013EGDA02	m	NULL	NULL	Denmark
4098148	33	25	3567	Euro2022	f	333fm	Clément Cherblanc	2014CHER05	m	NULL	NULL	France
4098153	38	22	-1	Euro2022	f	333fm	Theodor Nordstrand	2016NORD02	m	NULL	NULL	Sweden
4098154	39	24	-1	Euro2022	f	333fm	Robert Yau	2009YAUR01	m	NULL	NULL	United Kingdom
4098155	40	25	-1	Euro2022	f	333fm	Knut Skaug Haraldsen	2016HARA02	m	NULL	NULL	Norway
4114323	1	20	2600	NorwegianChampionship2022	f	333fm	Nicolas Gertner Kilian	2013GERT01	m	NR	NULL	France
4114324	2	25	2733	NorwegianChampionship2022	f	333fm	Martin Vædele Egdal	2013EGDA02	m	NULL	NULL	Denmark
4114344	22	23	-1	NorwegianChampionship2022	f	333fm	Theodor Nordstrand	2016NORD02	m	NULL	NULL	Sweden
4114345	23	25	-1	NorwegianChampionship2022	f	333fm	Tim Reynolds	2005REYN01	m	NULL	NULL	USA
4117428	1	25	0	FLIPOpen2022	f	333fm	Diego Fraile	2013FRAI01	2	NULL	NULL	France
4117753	1	25	2633	SundaySilenceSingapore2022	f	333fm	Wong Chong Wen (黄崇文)	2014WENW01	m	NULL	NULL	Singapore
4117754	2	25	3133	SundaySilenceSingapore2022	f	333fm	Ng Jia Quan (黄佳铨)	2015QUAN03	m	NULL	NULL	Malaysia
4120053	1	24	2500	SoutheastFMCChampionship2022	f	333fm	Zachary Ochs	2016OCHS01	m	NULL	NULL	USA
4120056	4	21	2900	SoutheastFMCChampionship2022	f	333fm	Raymond Goslow	2014GOSL01	m	NULL	NULL	USA
4120058	6	21	3000	SoutheastFMCChampionship2022	f	333fm	Daniel G. Preston	2019PRES02	m	NULL	NULL	USA
4122947	1	24	0	MallorcaOpen2022	f	333fm	Thomas Heiden	2019HEID03	1	NR	NULL	Austria
4124605	1	20	2467	SAC2022	f	333fm	Guido Dipietro	2013DIPI01	m	SAR	NULL	Argentina
4146953	2	21	-1	TobaCubetastrophe2022	f	333fm	Firstian Fushada (符逢城)	2015FUSH01	m	NULL	NULL	Indonesia
4152127	10	23	-1	CubingUSASouthernChampionshi2022	f	333fm	Blake Thompson	2010THOM03	m	NULL	NULL	USA
4154100	2	23	-1	TurninginTownsville2022	f	333fm	Jayden McNeill	2012MCNE01	m	NULL	NULL	Australia
4156515	1	25	2867	ManchesterSummerBBO2022	1	333fm	Harry Savage	2013SAVA01	m	NULL	NULL	United Kingdom
4159727	7	25	-1	MileHighPBQ2022	f	333fm	AJ Blair	2009BLAI01	m	NULL	NULL	USA
4177016	1	22	2367	SoCalSilentSpectacular2022	f	333fm	Kyeongmin Choi (최경민)	2017CHOI07	m	NULL	NULL	Korea
4177017	2	22	2733	SoCalSilentSpectacular2022	f	333fm	Michael Young	2008YOUN02	m	NULL	NULL	USA
4184595	1	25	2600	AbiertoDelMirador2022	f	333fm	Guido Dipietro	2013DIPI01	m	NULL	NULL	Argentina
4187924	1	21	0	IsraelChampionship2022	f	333fm	Ben Baron	2016BARO04	1	NR	NULL	Israel
4190346	1	21	2267	AldeillaOpen2022	f	333fm	Mauro Moisés Ortega López	2016LOPE44	m	NULL	NULL	Spain
4192019	1	24	0	GermanNationals2022	f	333fm	Jan Bentlage	2010BENT01	1	NULL	NULL	Germany
4192020	1	24	0	GermanNationals2022	f	333fm	Sébastien Auroux	2008AURO01	1	NULL	NULL	Germany
4195810	1	19	2233	MentalBreakdownMinnesota2022	f	333fm	Cale Schoon	2014SCHO02	m	NULL	NULL	USA
4195811	1	19	2233	MentalBreakdownMinnesota2022	f	333fm	Mark Boyanowski	2014BOYA01	m	NULL	NULL	USA
4195812	3	22	2400	MentalBreakdownMinnesota2022	f	333fm	Carter Kucala	2015KUCA01	m	NULL	NULL	USA
4195818	9	25	-1	MentalBreakdownMinnesota2022	f	333fm	Simon Kellum	2016KELL12	m	NULL	NULL	USA
4195819	9	25	-1	MentalBreakdownMinnesota2022	f	333fm	Nathan Phillips	2021PHIL05	m	NULL	NULL	USA
4205723	1	21	2267	GreatLakesChampionship2022	f	333fm	Krish Shah-Nathwani	2015SHAH09	m	NULL	NULL	USA
4205724	2	24	2600	GreatLakesChampionship2022	f	333fm	Daniel Karnaukh	2014KARN02	m	NULL	NULL	USA
4205725	3	21	2633	GreatLakesChampionship2022	f	333fm	Owen Widdis	2015WIDD01	m	NULL	NULL	USA
4205732	10	25	-1	GreatLakesChampionship2022	f	333fm	Mark Boyanowski	2014BOYA01	m	NULL	NULL	USA
4210591	1	24	3033	SwisscubingCupIV2022	f	333fm	Nicolas Gertner Kilian	2013GERT01	m	NULL	NULL	France
4214057	1	25	2933	SidesBahia2022	f	333fm	Marlon de V. Marques	2014MARQ02	m	NULL	NULL	Brazil
4220030	1	21	2367	FrenchChampionship2022	f	333fm	Mauro Moisés Ortega López	2016LOPE44	m	NULL	NULL	Spain
4220031	2	22	2433	FrenchChampionship2022	f	333fm	Louis Sarthou	2012SART01	m	NULL	NULL	France
4220032	3	24	2600	FrenchChampionship2022	f	333fm	Alaric Pouchain	2019POUC01	m	NULL	NULL	France
4220033	4	22	2667	FrenchChampionship2022	f	333fm	Rafael Rodriguez Santana	2012SANT12	m	NULL	NULL	Spain
4220036	7	25	3000	FrenchChampionship2022	f	333fm	Eden Robinson-Rechavi	2022ROBI05	m	NULL	NULL	France
4220037	7	25	3000	FrenchChampionship2022	f	333fm	Anthony Lafourcade	2014LAFO01	m	NULL	NULL	France
4221263	1	21	2400	PoznanSummerSideOpen2022	f	333fm	Wojciech Rogoziński	2019ROGO04	m	NULL	NULL	Poland
4221264	2	23	2400	PoznanSummerSideOpen2022	f	333fm	Radomił Baran	2020BARA02	m	NULL	NULL	Poland
4235672	1	21	2400	YJMalaysiaCubeOpen2022	f	333fm	Ang Chin Zhen (洪靖程)	2016ZHEN09	m	NR	NR	Malaysia
4235673	2	23	2467	YJMalaysiaCubeOpen2022	f	333fm	Wong Chong Wen (黄崇文)	2014WENW01	m	NULL	NULL	Singapore
4235676	5	25	2900	YJMalaysiaCubeOpen2022	f	333fm	Ng Jia Quan (黄佳铨)	2015QUAN03	m	NULL	NULL	Malaysia
4235688	17	23	-1	YJMalaysiaCubeOpen2022	f	333fm	Carmen Teo Bin Jie (张斌婕)	2012JIET01	m	NULL	NULL	Singapore
4235689	17	23	-1	YJMalaysiaCubeOpen2022	f	333fm	Takumi Tamura (田村匠)	2019TAMU01	m	NULL	NULL	Japan
4250843	1	24	2600	DanishFMChampionship2022	f	333fm	Theodor Nordstrand	2016NORD02	m	NULL	NULL	Sweden
4250844	2	22	2633	DanishFMChampionship2022	f	333fm	Martin Vædele Egdal	2013EGDA02	m	NULL	NULL	Denmark
4250860	18	25	-1	DanishFMChampionship2022	f	333fm	Lars Vennike Nielsson	2008NIEL01	m	NULL	NULL	Denmark
4263081	1	25	2667	LaFloritaMentalBreakdown2022	f	333fm	Rafael Rodriguez Santana	2012SANT12	m	NULL	NULL	Spain
4263127	1	25	2933	KryivkaPBQ2022	f	333fm	Lev Golub (Лев Голуб)	2014HOLU01	m	NULL	NULL	Ukraine
4279227	1	21	2267	SzansaCubingOpenWarsaw2022	f	333fm	Radomił Baran	2020BARA02	m	NULL	NR	Poland
4279228	2	25	2500	SzansaCubingOpenWarsaw2022	f	333fm	Bartosz Karpiński	2019KARP03	m	NULL	NULL	Poland
4279229	3	23	2533	SzansaCubingOpenWarsaw2022	f	333fm	Theodor Nordstrand	2016NORD02	m	NULL	NULL	Sweden
4279230	4	22	2567	SzansaCubingOpenWarsaw2022	f	333fm	Wojciech Rogoziński	2019ROGO04	m	NULL	NULL	Poland
4279242	16	22	-1	SzansaCubingOpenWarsaw2022	f	333fm	Cyprian Kalbarczyk	2016KALB01	m	NULL	NULL	Poland
4279243	16	22	-1	SzansaCubingOpenWarsaw2022	f	333fm	Radosław Opoka	2013OPOK01	m	NULL	NULL	Poland
4279244	18	23	-1	SzansaCubingOpenWarsaw2022	f	333fm	Jan Zych	2014ZYCH01	m	NULL	NULL	Poland
4279245	19	25	-1	SzansaCubingOpenWarsaw2022	f	333fm	Anonymous	2017ANON13	m	NULL	NULL	Poland
4283387	1	21	2400	TrondheimMentalBreakdown2022	f	333fm	Wojciech Rogoziński	2019ROGO04	m	NULL	NULL	Poland
4283388	2	23	2633	TrondheimMentalBreakdown2022	f	333fm	Radomił Baran	2020BARA02	m	NULL	NULL	Poland
4290742	1	24	0	7x7MadisonPark2022	f	333fm	Carter Kucala	2015KUCA01	1	NULL	NULL	USA
4294452	1	22	2233	AustralianNationalsFMC2022	f	333fm	Jayden McNeill	2012MCNE01	m	NULL	NULL	Australia
4294453	2	25	2700	AustralianNationalsFMC2022	f	333fm	Benjamin Warry	2017WARR04	m	NULL	NULL	Australia
4294480	29	25	-1	AustralianNationalsFMC2022	f	333fm	Joshua Hounslow	2016HOUN01	m	NULL	NULL	Australia
4308339	1	21	2300	PoznanMentalBreakdown2022	f	333fm	Radomił Baran	2020BARA02	m	NULL	NULL	Poland
4308340	2	23	2700	PoznanMentalBreakdown2022	f	333fm	Przemysław Rogalski	2013ROGA02	m	NULL	NULL	Poland
4308341	3	24	2700	PoznanMentalBreakdown2022	f	333fm	Bartosz Karpiński	2019KARP03	m	NULL	NULL	Poland
4308342	4	25	2733	PoznanMentalBreakdown2022	f	333fm	Radosław Opoka	2013OPOK01	m	NULL	NULL	Poland
4308343	5	25	2800	PoznanMentalBreakdown2022	f	333fm	Wojciech Rogoziński	2019ROGO04	m	NULL	NULL	Poland
4309823	1	23	2533	NacionalesArgentinas2022	f	333fm	Guido Dipietro	2013DIPI01	m	NULL	NULL	Argentina
4309824	2	25	3200	NacionalesArgentinas2022	f	333fm	Theo Goluboff	2017GOLU01	m	NULL	NULL	Argentina
4316192	1	23	2333	SpanishChampionship2022	f	333fm	Mauro Moisés Ortega López	2016LOPE44	m	NULL	NULL	Spain
4316193	2	23	2433	SpanishChampionship2022	f	333fm	Jan Bentlage	2010BENT01	m	NULL	NULL	Germany
4316194	3	23	2467	SpanishChampionship2022	f	333fm	Rafael Rodriguez Santana	2012SANT12	m	NULL	NULL	Spain
4316196	5	24	2800	SpanishChampionship2022	f	333fm	Manuel Prieto de Antón	2015ANTO04	m	NULL	NULL	Spain
4324314	1	21	2400	WCCWesternChampionship2022	f	333fm	Kyeongmin Choi (최경민)	2017CHOI07	m	NR	NULL	Korea
4324315	2	22	2400	WCCWesternChampionship2022	f	333fm	Andrew Nathenson	2011NATH02	m	NULL	NULL	USA
4343871	1	23	2533	KjellerOpen2022	f	333fm	Jan Bentlage	2010BENT01	m	NULL	NULL	Germany
4343872	2	23	2667	KjellerOpen2022	f	333fm	Theodor Nordstrand	2016NORD02	m	NULL	NULL	Sweden
4361185	1	25	3000	FMCSingapore2022	f	333fm	Lim Chun Yik (林峻毅)	2018YIKL01	m	NULL	NULL	Malaysia
4361192	8	23	-1	FMCSingapore2022	f	333fm	Wong Chong Wen (黄崇文)	2014WENW01	m	NULL	NULL	Singapore
4361193	9	24	-1	FMCSingapore2022	f	333fm	Carmen Teo Bin Jie (张斌婕)	2012JIET01	m	NULL	NULL	Singapore
4361194	9	24	-1	FMCSingapore2022	f	333fm	Ng Jia Quan (黄佳铨)	2015QUAN03	m	NULL	NULL	Malaysia
4361327	1	23	2500	PleaseBeQuietKorea2022	f	333fm	Dohyun Kim (김도현)	2013KIMD01	m	NULL	NULL	Korea
4361645	1	22	2400	KewbzUKChampionshipFMC2022	f	333fm	Yunhao Lou (娄云皓)	2017LOUY01	m	NULL	NULL	China
4361674	30	24	-1	KewbzUKChampionshipFMC2022	f	333fm	Ben Coppin	2013COPP01	m	NULL	NULL	United Kingdom
4365315	1	25	2567	TexasQuietChampionship2022	f	333fm	Ryan Pilat	2016PILA03	m	NULL	NULL	USA
4368056	1	23	2567	Minyons2022	f	333fm	Mauro Moisés Ortega López	2016LOPE44	m	NULL	NULL	Spain
4368057	2	25	2700	Minyons2022	f	333fm	Jan Bentlage	2010BENT01	m	NULL	NULL	Germany
4368067	12	24	-1	Minyons2022	f	333fm	Oscar Sánchez Najarro	2017NAJA02	m	NULL	NULL	Spain
4368164	1	25	3133	KyivFMCFriendsOctober2022	f	333fm	Yurii Riabov (Юрій Рябов)	2018RIAB01	m	NULL	NULL	Ukraine
4368306	1	20	2233	FMCFallSanDiego2022	1	333fm	Kyeongmin Choi (최경민)	2017CHOI07	m	NR	NR	Korea
4368307	2	21	2433	FMCFallSanDiego2022	1	333fm	Andrew Nathenson	2011NATH02	m	NULL	NULL	USA
4368322	1	20	2267	FMCFallSanDiego2022	f	333fm	Kyeongmin Choi (최경민)	2017CHOI07	m	NR	NULL	Korea
4368323	2	23	2467	FMCFallSanDiego2022	f	333fm	Andrew Nathenson	2011NATH02	m	NULL	NULL	USA
4373379	1	20	2300	FMConaMadisonTerrace2022	1	333fm	Cale Schoon	2014SCHO02	m	NULL	NULL	USA
4373380	2	22	2467	FMConaMadisonTerrace2022	1	333fm	James Quinn	2016QUIN01	m	NULL	NULL	USA
4373381	3	23	2533	FMConaMadisonTerrace2022	1	333fm	Carter Kucala	2015KUCA01	m	NULL	NULL	USA
4373382	4	24	2600	FMConaMadisonTerrace2022	1	333fm	Walker Welch	2011WELC01	m	NULL	NULL	USA
4373383	5	25	2667	FMConaMadisonTerrace2022	1	333fm	Mark Boyanowski	2014BOYA01	m	NULL	NULL	USA
4373384	6	23	2833	FMConaMadisonTerrace2022	1	333fm	Zeke Mackay	2015MACK06	m	NULL	NULL	USA
4373390	12	20	-1	FMConaMadisonTerrace2022	1	333fm	Simon Kellum	2016KELL12	m	NULL	NULL	USA
4373398	1	22	2333	FMConaMadisonTerrace2022	2	333fm	Cale Schoon	2014SCHO02	m	NULL	NULL	USA
4373399	2	22	2533	FMConaMadisonTerrace2022	2	333fm	Mark Boyanowski	2014BOYA01	m	NULL	NULL	USA
4373400	3	24	2567	FMConaMadisonTerrace2022	2	333fm	James Quinn	2016QUIN01	m	NULL	NULL	USA
4373401	4	25	2633	FMConaMadisonTerrace2022	2	333fm	Carter Kucala	2015KUCA01	m	NULL	NULL	USA
4373402	4	25	2633	FMConaMadisonTerrace2022	2	333fm	Walker Welch	2011WELC01	m	NULL	NULL	USA
4373412	1	22	2367	FMConaMadisonTerrace2022	f	333fm	Cale Schoon	2014SCHO02	m	NULL	NULL	USA
4373413	2	23	2533	FMConaMadisonTerrace2022	f	333fm	Carter Kucala	2015KUCA01	m	NULL	NULL	USA
4373414	3	24	2533	FMConaMadisonTerrace2022	f	333fm	James Quinn	2016QUIN01	m	NULL	NULL	USA
4373418	7	21	-1	FMConaMadisonTerrace2022	f	333fm	Mark Boyanowski	2014BOYA01	m	NULL	NULL	USA
4373419	8	25	-1	FMConaMadisonTerrace2022	f	333fm	Simon Kellum	2016KELL12	m	NULL	NULL	USA
4390918	1	25	2967	KoalaficationTauranga2022	f	333fm	James Macdiarmid	2015MACD03	m	NULL	NULL	New Zealand
4390922	5	24	-1	KoalaficationTauranga2022	f	333fm	Aneurin Hunt	2010HUNT02	m	NULL	NULL	New Zealand
4394441	1	21	2433	CambridgeFallChallenge2022	f	333fm	James Quinn	2016QUIN01	m	NULL	NULL	USA
4403078	1	23	2467	GaridechOpen2022	f	333fm	Louis Sarthou	2012SART01	m	NULL	NULL	France
4403079	2	24	2667	GaridechOpen2022	f	333fm	Nicolas Gertner Kilian	2013GERT01	m	NULL	NULL	France
4403080	3	22	2900	GaridechOpen2022	f	333fm	Mario Laurent	2008LAUR01	m	NULL	NULL	France
4403090	13	23	-1	GaridechOpen2022	f	333fm	Alaric Pouchain	2019POUC01	m	NULL	NULL	France
4405754	1	23	2400	SwedishFMCChampionship2022	f	333fm	Theodor Nordstrand	2016NORD02	m	NULL	NR	Sweden
4405755	2	24	2833	SwedishFMCChampionship2022	f	333fm	Erik Jernqvist	2010JERN01	m	NULL	NULL	Sweden
4418601	1	25	2667	MarseilleOpen2022	f	333fm	Nicolas Gertner Kilian	2013GERT01	m	NULL	NULL	France
4420154	1	24	2533	PotablavaOpen2022	f	333fm	Jan Bentlage	2010BENT01	m	NULL	NULL	Germany
4420155	2	25	2533	PotablavaOpen2022	f	333fm	Mauro Moisés Ortega López	2016LOPE44	m	NULL	NULL	Spain
4431363	1	22	2233	FMCrepes2022	1	333fm	Louis Sarthou	2012SART01	m	NULL	NR	France
4431366	4	24	2967	FMCrepes2022	1	333fm	Mario Laurent	2008LAUR01	m	NULL	NULL	France
4431368	6	24	3133	FMCrepes2022	1	333fm	Hippolyte Moreau	2008MORE02	m	NULL	NULL	France
4431378	1	25	2567	FMCrepes2022	f	333fm	Louis Sarthou	2012SART01	m	NULL	NULL	France
4431691	1	18	2233	FrosoCubing2022	f	333fm	Theodor Nordstrand	2016NORD02	m	NR	NR	Sweden
4445534	1	24	2733	PleaseBeQuietMumbai2022	f	333fm	Advay Sant	2015SANT44	m	NULL	NULL	USA
4445640	1	25	2833	ThanksgivingPBQLehi2022	f	333fm	Samuel Baird	2016BAIR01	m	NULL	NULL	USA
4445655	1	24	2567	FMCPartyIsrael2022	f	333fm	Zecharya Moshavi	2018MOSH01	m	NULL	NR	Israel
4445656	2	24	2600	FMCPartyIsrael2022	f	333fm	Ben Baron	2016BARO04	m	NULL	NULL	Israel
4445667	13	24	-1	FMCPartyIsrael2022	f	333fm	Itamar Turm	2017TURM01	m	NULL	NULL	Israel
4445908	1	25	2700	FMCNewZealand2022	f	333fm	Tom Nelson	2013NELS01	m	NULL	NR	New Zealand
4445920	13	23	-1	FMCNewZealand2022	f	333fm	Jayden McNeill	2012MCNE01	m	NULL	NULL	Australia
4447216	1	24	2533	FMCItaly2022	f	333fm	Sebastiano Tronto	2011TRON02	m	NULL	NULL	Italy
4447217	2	24	2633	FMCItaly2022	f	333fm	Tommaso Raposio	2014RAPO01	m	NULL	NULL	Italy
4447218	3	25	3000	FMCItaly2022	f	333fm	Lorenzo Mauro	2014MAUR06	m	NULL	NULL	Italy
4447219	4	25	3067	FMCItaly2022	f	333fm	Gabriele Cappelletti	2012CAPP01	m	NULL	NULL	Italy
4455220	1	25	3100	ThanksgivingPBQLHS2022	f	333fm	Samuel Baird	2016BAIR01	m	NULL	NULL	USA
4455227	8	22	-1	ThanksgivingPBQLHS2022	f	333fm	Brendan Bakker (貝庭笙)	2015BAKK01	m	NULL	NULL	USA
4466012	1	23	2633	SilenceinCebu2022	f	333fm	Jose Polorhenzo Aquino	2016AQUI02	m	NR	NR	Philippines
4468711	1	25	2567	VardagscubingIUppsala2022	f	333fm	Theodor Nordstrand	2016NORD02	m	NULL	NULL	Sweden
4468712	2	22	2667	VardagscubingIUppsala2022	f	333fm	Minhyun Kim (김민현)	2007MINH01	m	NULL	NULL	Korea
4477883	1	25	2967	FMCCanada2022	f	333fm	Mark Boyanowski	2014BOYA01	m	NULL	NULL	USA
4477913	31	23	-1	FMCCanada2022	f	333fm	Burno Li Chak Kwan (李澤堃)	2017KWAN05	m	NULL	NULL	Hong Kong
4477914	32	25	-1	FMCCanada2022	f	333fm	Dylan Wang	2014WANG48	m	NULL	NULL	Canada
4489033	1	20	2200	FMCFrance2022	1	333fm	Alexis Le Merrer	2019MERR02	m	NR	ER	France
4489039	7	22	-1	FMCFrance2022	1	333fm	Louis Sarthou	2012SART01	m	NULL	NULL	France
4489045	1	24	2667	FMCFrance2022	f	333fm	Louis Sarthou	2012SART01	m	NULL	NULL	France
4489046	2	23	2933	FMCFrance2022	f	333fm	Nicolas Gertner Kilian	2013GERT01	m	NULL	NULL	France
4489052	8	22	-1	FMCFrance2022	f	333fm	Alexis Le Merrer	2019MERR02	m	NULL	NULL	France
4490027	1	25	0	SwisscubingCupFinale2022	f	333fm	Nicolas Gertner Kilian	2013GERT01	1	NULL	NULL	France
4493689	1	22	2633	GACubersPersonalBestQuest2022	1	333fm	Mark Boyanowski	2014BOYA01	m	NULL	NULL	USA
4493690	2	25	2667	GACubersPersonalBestQuest2022	1	333fm	Kerry Creech	2018CREE01	m	NULL	NULL	USA
4493691	3	23	2700	GACubersPersonalBestQuest2022	1	333fm	Jacob Ambrose	2010AMBR01	m	NULL	NULL	USA
4493692	4	25	2767	GACubersPersonalBestQuest2022	1	333fm	Noah Swor	2017SWOR01	m	NULL	NULL	USA
4493709	1	22	2533	GACubersPersonalBestQuest2022	2	333fm	Mark Boyanowski	2014BOYA01	m	NULL	NULL	USA
4493710	2	22	2633	GACubersPersonalBestQuest2022	2	333fm	Kerry Creech	2018CREE01	m	NULL	NULL	USA
4493711	3	23	2700	GACubersPersonalBestQuest2022	2	333fm	Jacob Ambrose	2010AMBR01	m	NULL	NULL	USA
4493712	4	23	2767	GACubersPersonalBestQuest2022	2	333fm	Sean Hartman	2016HART02	m	NULL	NULL	USA
4493713	5	25	2933	GACubersPersonalBestQuest2022	2	333fm	Noah Swor	2017SWOR01	m	NULL	NULL	USA
4493724	1	22	2300	GACubersPersonalBestQuest2022	f	333fm	Mark Boyanowski	2014BOYA01	m	NULL	NULL	USA
4493725	2	24	2567	GACubersPersonalBestQuest2022	f	333fm	Kerry Creech	2018CREE01	m	NULL	NULL	USA
4493730	7	24	-1	GACubersPersonalBestQuest2022	f	333fm	Noah Swor	2017SWOR01	m	NULL	NULL	USA
4494338	1	22	2467	MentalBreakdownSingapore2022	f	333fm	Firstian Fushada (符逢城)	2015FUSH01	m	NULL	NULL	Indonesia
4494339	2	22	2533	MentalBreakdownSingapore2022	f	333fm	Wong Chong Wen (黄崇文)	2014WENW01	m	NULL	NULL	Singapore
4500126	1	25	2533	Archena24Horas2022	f	333fm	Mauro Moisés Ortega López	2016LOPE44	m	NULL	NULL	Spain
4500136	2	25	2767	Archena24Horas2022	f	333fm	Rafael Rodriguez Santana	2012SANT12	m	NULL	NULL	Spain
4500142	3	22	2833	Archena24Horas2022	f	333fm	Antonie Paterakis	2012PATE01	m	NULL	NULL	Netherlands
4502851	1	20	0	WinterWestSideEvents2022	f	333fm	Kyeongmin Choi (최경민)	2017CHOI07	1	NR	NULL	Korea
4502852	2	25	0	WinterWestSideEvents2022	f	333fm	Carter Kucala	2015KUCA01	1	NULL	NULL	USA
4505682	2	23	2633	MalaysiaCubeChampionship2022	f	333fm	Ang Chin Zhen (洪靖程)	2016ZHEN09	m	NULL	NULL	Malaysia
4505686	1	20	2200	MalaysiaCubeChampionship2022	f	333fm	Wong Chong Wen (黄崇文)	2014WENW01	m	NR	NR	Singapore
4508726	10	23	-1	3x3x3paaBiblioteket2022	f	333fm	Theodor Nordstrand	2016NORD02	m	NULL	NULL	Sweden
4511831	1	24	2900	FMCUkraineFriendship2022	1	333fm	Modest Podzolkin	2017PODZ01	m	NULL	NULL	Ukraine
4511836	2	25	2933	FMCUkraineFriendship2022	1	333fm	Yurii Riabov (Юрій Рябов)	2018RIAB01	m	NULL	NULL	Ukraine
4517164	2	23	2533	OC2022	f	333fm	David Roche	2014ROCH07	m	NULL	NULL	Australia
4517165	3	25	2833	OC2022	f	333fm	Riley Dexter	2016DEXT01	m	NULL	NULL	Australia
4517170	5	25	2867	OC2022	f	333fm	Benjamin Warry	2017WARR04	m	NULL	NULL	Australia
4517173	1	21	2467	OC2022	f	333fm	Jayden McNeill	2012MCNE01	m	NULL	NULL	Australia
4517181	3	25	2833	OC2022	f	333fm	Joshua Hounslow	2016HOUN01	m	NULL	NULL	Australia
4517193	9	25	3267	OC2022	f	333fm	Jonathan Charlesworth	2016CHAR01	m	NULL	NULL	Australia
4522800	6	25	2667	PittsburghFall2022	f	333fm	AJ Kamal	2016KAMA04	m	NULL	NULL	USA
4522801	1	22	2267	PittsburghFall2022	f	333fm	Chris Chi	2014CHIC01	m	NULL	NULL	USA
4522803	2	23	2367	PittsburghFall2022	f	333fm	Krish Shah-Nathwani	2015SHAH09	m	NULL	NULL	USA
4522805	23	24	-1	PittsburghFall2022	f	333fm	Kerry Creech	2018CREE01	m	NULL	NULL	USA
4522813	5	24	2533	PittsburghFall2022	f	333fm	Zachary Ochs	2016OCHS01	m	NULL	NULL	USA
4522817	3	19	2400	PittsburghFall2022	f	333fm	Owen Widdis	2015WIDD01	m	NULL	NULL	USA
4522821	4	22	2400	PittsburghFall2022	f	333fm	Daniel Karnaukh	2014KARN02	m	NULL	NULL	USA
4522822	8	25	2933	PittsburghFall2022	f	333fm	Hassan Khanani	2018KHAN26	m	NULL	NULL	USA
4531031	1	22	2333	FMCUndertheMistletoe2022	f	333fm	Kyeongmin Choi (최경민)	2017CHOI07	m	NULL	NULL	Korea
4531037	7	23	3767	FMCUndertheMistletoe2022	f	333fm	Parth Garg	2014GARG01	m	NULL	NULL	USA
4531050	20	22	-1	FMCUndertheMistletoe2022	f	333fm	Samuel Baird	2016BAIR01	m	NULL	NULL	USA
4535223	1	22	2500	VardagscubingIIHiveA2022	f	333fm	Theodor Nordstrand	2016NORD02	m	NULL	NULL	Sweden
4536666	1	22	2467	MiniMinnesotaFriday2022	f	333fm	Walker Welch	2011WELC01	m	NULL	NULL	USA
4536668	2	23	2767	MiniMinnesotaFriday2022	f	333fm	Carter Kucala	2015KUCA01	m	NULL	NULL	USA
4536830	1	22	2433	CambridgeHolidayFMC2022	1	333fm	James Quinn	2016QUIN01	m	NULL	NULL	USA
4536831	2	20	2533	CambridgeHolidayFMC2022	1	333fm	Aedan Bryant	2017BRYA06	m	NULL	NULL	USA
4536832	3	20	2600	CambridgeHolidayFMC2022	1	333fm	AJ Kamal	2016KAMA04	m	NULL	NULL	USA
4536833	4	24	2767	CambridgeHolidayFMC2022	1	333fm	Chris Chi	2014CHIC01	m	NULL	NULL	USA
4536834	5	24	2800	CambridgeHolidayFMC2022	1	333fm	Owen Widdis	2015WIDD01	m	NULL	NULL	USA
4536848	1	19	2333	CambridgeHolidayFMC2022	f	333fm	AJ Kamal	2016KAMA04	m	NULL	NULL	USA
4536849	2	21	2367	CambridgeHolidayFMC2022	f	333fm	Owen Widdis	2015WIDD01	m	NULL	NULL	USA
4536850	3	24	2433	CambridgeHolidayFMC2022	f	333fm	James Quinn	2016QUIN01	m	NULL	NULL	USA
4536851	4	24	2533	CambridgeHolidayFMC2022	f	333fm	Aedan Bryant	2017BRYA06	m	NULL	NULL	USA
4536852	5	22	3133	CambridgeHolidayFMC2022	f	333fm	Will Russo	2015RUSS03	m	NULL	NULL	USA
4536860	13	25	-1	CambridgeHolidayFMC2022	f	333fm	Chris Chi	2014CHIC01	m	NULL	NULL	USA
4542430	4	25	3500	IndonesianChampionship2022	f	333fm	Wilson Alvis (陈智胜)	2011ALVI01	m	NULL	NULL	Indonesia
4542432	1	22	2500	IndonesianChampionship2022	f	333fm	Firstian Fushada (符逢城)	2015FUSH01	m	NULL	NULL	Indonesia
4553752	1	25	2733	ColoradoTrifecta2023	f	333fm	Jackson Warley	2008WARL01	m	NULL	NULL	USA
4559111	1	23	2367	ImagineFMCinRzeszow2023	1	333fm	Bartosz Karpiński	2019KARP03	m	NULL	NULL	Poland
4559112	2	24	2467	ImagineFMCinRzeszow2023	1	333fm	Cyprian Kalbarczyk	2016KALB01	m	NULL	NULL	Poland
4559113	3	23	2500	ImagineFMCinRzeszow2023	1	333fm	Wojciech Rogoziński	2019ROGO04	m	NULL	NULL	Poland
4559114	4	23	2633	ImagineFMCinRzeszow2023	1	333fm	Radomił Baran	2020BARA02	m	NULL	NULL	Poland
4559115	5	25	2667	ImagineFMCinRzeszow2023	1	333fm	Jan Zych	2014ZYCH01	m	NULL	NULL	Poland
4559126	16	25	-1	ImagineFMCinRzeszow2023	1	333fm	Radosław Opoka	2013OPOK01	m	NULL	NULL	Poland
4559135	1	22	2267	ImagineFMCinRzeszow2023	f	333fm	Radomił Baran	2020BARA02	m	NULL	NR	Poland
4559136	2	22	2333	ImagineFMCinRzeszow2023	f	333fm	Wojciech Rogoziński	2019ROGO04	m	NULL	NULL	Poland
4559137	3	23	2433	ImagineFMCinRzeszow2023	f	333fm	Cyprian Kalbarczyk	2016KALB01	m	NULL	NULL	Poland
4559138	4	24	2600	ImagineFMCinRzeszow2023	f	333fm	Bartosz Karpiński	2019KARP03	m	NULL	NULL	Poland
4559139	5	25	2600	ImagineFMCinRzeszow2023	f	333fm	Radosław Opoka	2013OPOK01	m	NULL	NULL	Poland
4561389	5	25	-1	TurninginTownsville2023	f	333fm	Patrick Kleverlaan	2019KLEV01	m	NULL	NULL	Australia
4561390	1	20	2167	TurninginTownsville2023	f	333fm	Jayden McNeill	2012MCNE01	m	OcR	OcR	Australia
4564434	1	24	2500	SacCubingXIII2023	f	333fm	Simon Kellum	2016KELL12	m	NULL	NULL	USA
4564444	2	25	2867	SacCubingXIII2023	f	333fm	Brian Johnson	2013JOHN10	m	NULL	NULL	USA
4564449	16	22	-1	SacCubingXIII2023	f	333fm	Danny Sungin Park (박성인)	2015PARK13	m	NULL	NULL	USA
4566891	2	22	2433	BuckeyeBigBrain2023	1	333fm	James Quinn	2016QUIN01	m	NULL	NULL	USA
4566896	1	21	2267	BuckeyeBigBrain2023	1	333fm	Kyeongmin Choi (최경민)	2017CHOI07	m	NULL	NULL	Korea
4566910	3	24	2867	BuckeyeBigBrain2023	f	333fm	Stanley Chapel	2016CHAP04	m	NULL	NULL	USA
4566911	2	23	2533	BuckeyeBigBrain2023	f	333fm	James Quinn	2016QUIN01	m	NULL	NULL	USA
4566919	1	22	2300	BuckeyeBigBrain2023	f	333fm	Kyeongmin Choi (최경민)	2017CHOI07	m	NULL	NULL	Korea
4567161	3	21	-1	Pocoes2023	f	333fm	Gustavo Vaz Costa	2019COST14	m	NR	NULL	Brazil
4567162	1	24	2833	Pocoes2023	f	333fm	Kim Vianna	2016VIAN01	m	NULL	NULL	Brazil
4587522	1	20	2400	MelbourneSummer2023	f	333fm	Jayden McNeill	2012MCNE01	m	OcR	NULL	Australia
4587523	2	23	2400	MelbourneSummer2023	f	333fm	Tommy Kiprillis	2014KIPR01	m	NULL	NULL	Australia
4587524	3	25	2700	MelbourneSummer2023	f	333fm	Riley Dexter	2016DEXT01	m	NULL	NULL	Australia
4599393	1	22	2333	FMCinaGemCityTemple2023	f	333fm	Owen Widdis	2015WIDD01	m	NULL	NULL	USA
4600682	1	25	2733	NorthStarCubingChallenge2023	f	333fm	Simon Kellum	2016KELL12	m	NULL	NULL	USA
4603348	1	21	2300	KyivFMCFriendsI2023	f	333fm	Modest Podzolkin	2017PODZ01	m	NR	NR	Ukraine
4603370	9	23	-1	Mentallinn2023	f	333fm	Radosław Opoka	2013OPOK01	m	NULL	NULL	Poland
4603374	2	24	2600	Mentallinn2023	f	333fm	Wojciech Rogoziński	2019ROGO04	m	NULL	NULL	Poland
4603375	1	23	2400	Mentallinn2023	f	333fm	Radomił Baran	2020BARA02	m	NULL	NULL	Poland
4603377	10	25	-1	Mentallinn2023	f	333fm	Kamil Przybylski	2016PRZY01	m	NULL	NULL	Poland
4603384	3	25	2600	Mentallinn2023	f	333fm	Jan Bentlage	2010BENT01	m	NULL	NULL	Germany
4607177	1	24	0	SSLIFalkenberg2023	f	333fm	Martin Vædele Egdal	2013EGDA02	1	NULL	NULL	Denmark
4614535	4	22	2633	4BLDinaMadisonHall2023	1	333fm	Mark Boyanowski	2014BOYA01	m	NULL	NULL	USA
4614547	2	21	2400	4BLDinaMadisonHall2023	1	333fm	James Quinn	2016QUIN01	m	NULL	NULL	USA
4614550	1	21	2233	4BLDinaMadisonHall2023	1	333fm	Cale Schoon	2014SCHO02	m	NULL	NULL	USA
4614552	3	23	2433	4BLDinaMadisonHall2023	1	333fm	Carter Kucala	2015KUCA01	m	NULL	NULL	USA
4614561	3	24	2600	4BLDinaMadisonHall2023	f	333fm	Carter Kucala	2015KUCA01	m	NULL	NULL	USA
4614565	12	22	-1	4BLDinaMadisonHall2023	f	333fm	Mark Boyanowski	2014BOYA01	m	NULL	NULL	USA
4614569	1	20	2300	4BLDinaMadisonHall2023	f	333fm	Cale Schoon	2014SCHO02	m	NULL	NULL	USA
4614575	2	23	2467	4BLDinaMadisonHall2023	f	333fm	James Quinn	2016QUIN01	m	NULL	NULL	USA
4614579	13	25	-1	4BLDinaMadisonHall2023	f	333fm	Walker Welch	2011WELC01	m	NULL	NULL	USA
4615480	2	25	2833	URJCOpen2023	f	333fm	Manuel Prieto de Antón	2015ANTO04	m	NULL	NULL	Spain
4615483	10	23	-1	URJCOpen2023	f	333fm	Pablo Aguilar Dominguez	2010AGUI04	m	NULL	NULL	Spain
4615501	1	22	2467	URJCOpen2023	f	333fm	Rafael Rodriguez Santana	2012SANT12	m	NULL	NULL	Spain
4628659	1	24	2900	VardagscubingIIIFlenB2023	f	333fm	Minhyun Kim (김민현)	2007MINH01	m	NULL	NULL	Korea
4632888	1	24	2500	LleidaWinter2023	f	333fm	Mauro Moisés Ortega López	2016LOPE44	m	NULL	NULL	Spain
4650394	17	23	-1	CambridgeSideEventsWinter2023	f	333fm	Robert Yau	2009YAUR01	m	NULL	NULL	United Kingdom
4650399	2	21	2533	CambridgeSideEventsWinter2023	f	333fm	Fabio Schwandt	2014SCHW02	m	NULL	NULL	United Kingdom
4650415	1	24	2500	CambridgeSideEventsWinter2023	f	333fm	Yunhao Lou (娄云皓)	2017LOUY01	m	NULL	NULL	China
4652464	4	25	3000	FMCSpain2023	f	333fm	Carlos Méndez García-Barroso	2010GARC02	m	NULL	NULL	Spain
4652481	1	24	2500	FMCSpain2023	f	333fm	Mauro Moisés Ortega López	2016LOPE44	m	NULL	NULL	Spain
4654261	3	23	2600	KostelecNonstopCubing2023	f	333fm	Matěj Grohmann	2015GROH02	m	NULL	NULL	Czech Republic
4654264	1	21	2200	KostelecNonstopCubing2023	f	333fm	Radomił Baran	2020BARA02	m	NULL	ER	Poland
4654272	2	23	2367	KostelecNonstopCubing2023	f	333fm	Wojciech Rogoziński	2019ROGO04	m	NULL	NULL	Poland
4656088	2	22	2967	OhioStateMentalWarmup2023	f	333fm	Brian Johnson	2013JOHN10	m	NULL	NULL	USA
4656091	1	23	2367	OhioStateMentalWarmup2023	f	333fm	Carter Kucala	2015KUCA01	m	NULL	NULL	USA
4656116	1	20	2167	PerthFMCDay2023	1	333fm	Jayden McNeill	2012MCNE01	m	NULL	OcR	Australia
4656123	2	21	2200	PerthFMCDay2023	1	333fm	Takumi Tamura (田村匠)	2019TAMU01	m	NULL	NR	Japan
4656125	1	19	2600	PerthFMCDay2023	f	333fm	Jayden McNeill	2012MCNE01	m	OcR	NULL	Australia
4656127	3	24	2833	PerthFMCDay2023	f	333fm	Joshua Hounslow	2016HOUN01	m	NULL	NULL	Australia
4656132	2	23	2733	PerthFMCDay2023	f	333fm	Takumi Tamura (田村匠)	2019TAMU01	m	NULL	NULL	Japan
4657374	1	22	0	KyubeKitaKabankalan2023	f	333fm	Jose Polorhenzo Aquino	2016AQUI02	1	NR	NULL	Philippines
4664599	3	25	2800	SingaporeChampionship2023	f	333fm	Chang Hong Liang (张泓量)	2016LIAN02	m	NULL	NULL	Singapore
4664600	4	25	2867	SingaporeChampionship2023	f	333fm	Firstian Fushada (符逢城)	2015FUSH01	m	NULL	NULL	Indonesia
4664607	15	24	-1	SingaporeChampionship2023	f	333fm	Tomohiro Kobayashi (小林知広)	2013KOBA01	m	NULL	NULL	Japan
4664608	1	22	2333	SingaporeChampionship2023	f	333fm	Wong Chong Wen (黄崇文)	2014WENW01	m	NULL	NULL	Singapore
4664610	6	25	3367	SingaporeChampionship2023	f	333fm	Theodore Chan	2016CHAN25	m	NULL	NULL	Singapore
4665860	1	22	2367	CambridgeWinterChallenge2023	f	333fm	Krish Shah-Nathwani	2015SHAH09	m	NULL	NULL	USA
4666336	1	23	0	ChellesOpen2023	f	333fm	Nicolas Gertner Kilian	2013GERT01	1	NULL	NULL	France
4666355	1	23	0	ChellesOpen2023	f	333fm	Alexis Le Merrer	2019MERR02	1	NULL	NULL	France
4676106	1	24	3233	PBQuIdahoWinter2023	f	333fm	Brendan Bakker (貝庭笙)	2015BAKK01	m	NULL	NULL	USA
4683174	1	21	0	PleaseBeQuietDaegu2023	f	333fm	Dohyun Kim (김도현)	2013KIMD01	1	NULL	NULL	Korea
4683180	2	24	0	PleaseBeQuietDaegu2023	f	333fm	Jihun Yang (양지훈)	2021YANG27	1	NULL	NULL	Korea
4691532	1	20	2233	BrusselsBlindOpen2023	f	333fm	Jan Bentlage	2010BENT01	m	NULL	NR	Germany
4691535	3	22	3467	BrusselsBlindOpen2023	f	333fm	Simone Ohler	2014OHLE01	m	NULL	NULL	Germany
4703295	2	25	2867	ViennaFasching2023	f	333fm	Bartosz Karpiński	2019KARP03	m	NULL	NULL	Poland
4703304	16	23	-1	ViennaFasching2023	f	333fm	Theodor Nordstrand	2016NORD02	m	NULL	NULL	Sweden
4705286	2	22	-1	ViraCup2023	f	333fm	Saeed Mostafavi Layegh (سعید مصطفوی لایق)	2011LAYE01	m	NULL	NULL	Iran
4712026	1	20	2233	PllouvaraOpen2023	f	333fm	Louis Sarthou	2012SART01	m	NR	NULL	France
4715883	1	20	2100	MBLDinaMadisonMeetingRoom2023	1	333fm	Cale Schoon	2014SCHO02	m	NULL	WR	USA
4715886	3	22	2233	MBLDinaMadisonMeetingRoom2023	1	333fm	Mark Boyanowski	2014BOYA01	m	NULL	NULL	USA
4715887	2	21	2233	MBLDinaMadisonMeetingRoom2023	1	333fm	Carter Kucala	2015KUCA01	m	NULL	NULL	USA
4715896	5	20	2467	MBLDinaMadisonMeetingRoom2023	1	333fm	Walker Welch	2011WELC01	m	NULL	NULL	USA
4715898	8	23	3133	MBLDinaMadisonMeetingRoom2023	1	333fm	Ivan Krueger	2016KRUE01	m	NULL	NULL	USA
4715903	4	22	2400	MBLDinaMadisonMeetingRoom2023	1	333fm	Simon Kellum	2016KELL12	m	NULL	NULL	USA
4715906	3	24	2667	MBLDinaMadisonMeetingRoom2023	f	333fm	Brian Johnson	2013JOHN10	m	NULL	NULL	USA
4715907	2	23	2467	MBLDinaMadisonMeetingRoom2023	f	333fm	Carter Kucala	2015KUCA01	m	NULL	NULL	USA
4715911	10	21	-1	MBLDinaMadisonMeetingRoom2023	f	333fm	Simon Kellum	2016KELL12	m	NULL	NULL	USA
4715912	4	25	3000	MBLDinaMadisonMeetingRoom2023	f	333fm	Walker Welch	2011WELC01	m	NULL	NULL	USA
4715914	11	24	-1	MBLDinaMadisonMeetingRoom2023	f	333fm	Cale Schoon	2014SCHO02	m	NULL	NULL	USA
4715915	1	23	2433	MBLDinaMadisonMeetingRoom2023	f	333fm	Mark Boyanowski	2014BOYA01	m	NULL	NULL	USA
4720674	1	24	2767	VardagscubingIVGamlaUppsala2023	f	333fm	Theodor Nordstrand	2016NORD02	m	NULL	NULL	Sweden
4730670	1	21	2167	OntheSideSouthAustralia2023	f	333fm	Jayden McNeill	2012MCNE01	m	NULL	OcR	Australia
4732604	12	23	-1	AucklandMindGames2023	f	333fm	Tom Nelson	2013NELS01	m	NR	NULL	New Zealand
4734806	4	24	2933	BishopsStortfordSpringBBO2023	f	333fm	Fabio Schwandt	2014SCHW02	m	NULL	NULL	United Kingdom
4734811	1	23	2567	BishopsStortfordSpringBBO2023	f	333fm	Lichi Fang (方力驰)	2018FANG03	m	NULL	NULL	China
4734817	3	25	2567	BishopsStortfordSpringBBO2023	f	333fm	Jan Bentlage	2010BENT01	m	NULL	NULL	Germany
4734820	7	24	3167	BishopsStortfordSpringBBO2023	f	333fm	Simone Ohler	2014OHLE01	m	NULL	NULL	Germany
4734821	2	24	2567	BishopsStortfordSpringBBO2023	f	333fm	Robert Yau	2009YAUR01	m	NULL	NULL	United Kingdom
4741742	1	19	2467	YJKL2023	f	333fm	Ang Chin Zhen (洪靖程)	2016ZHEN09	m	NR	NULL	Malaysia
4741770	18	22	-1	YJKL2023	f	333fm	Wong Chong Wen (黄崇文)	2014WENW01	m	NULL	NULL	Singapore
4753222	2	23	2600	TakeaBreakOhioState2023	f	333fm	Owen Widdis	2015WIDD01	m	NULL	NULL	USA
4753232	15	25	-1	TakeaBreakOhioState2023	f	333fm	AJ Kamal	2016KAMA04	m	NULL	NULL	USA
4753236	1	22	2533	TakeaBreakOhioState2023	f	333fm	Mark Boyanowski	2014BOYA01	m	NULL	NULL	USA
4753237	4	25	2933	TakeaBreakOhioState2023	f	333fm	Stanley Chapel	2016CHAP04	m	NULL	NULL	USA
4768284	40	22	-1	FMCAngloAmerica2023	f	333fm	Will Callan	2012CALL01	m	NULL	NULL	USA
4768288	41	23	-1	FMCAngloAmerica2023	f	333fm	Aedan Bryant	2017BRYA06	m	NULL	NULL	USA
4768294	7	25	2833	FMCAngloAmerica2023	f	333fm	Tim Reynolds	2005REYN01	m	NULL	NULL	USA
4768296	4	24	2567	FMCAngloAmerica2023	f	333fm	Kyeongmin Choi (최경민)	2017CHOI07	m	NULL	NULL	Korea
4768308	5	23	2600	FMCAngloAmerica2023	f	333fm	Vincent Trang	2019TRAN10	m	NULL	NULL	USA
4768329	3	22	2367	FMCAngloAmerica2023	f	333fm	James Quinn	2016QUIN01	m	NULL	NULL	USA
4768330	8	24	2933	FMCAngloAmerica2023	f	333fm	Kevin Matthews	2010MATT02	m	NULL	NULL	Canada
4768331	1	21	2300	FMCAngloAmerica2023	f	333fm	Krish Shah-Nathwani	2015SHAH09	m	NULL	NULL	USA
4768335	2	23	2300	FMCAngloAmerica2023	f	333fm	Lewis Isom	2018ISOM02	m	NULL	NULL	USA
4768337	6	25	2733	FMCAngloAmerica2023	f	333fm	Bradley Sampson	2008SAMP01	m	NULL	NULL	USA
4769859	1	22	2267	MartorellOpen2023	f	333fm	Mauro Moisés Ortega López	2016LOPE44	m	NULL	NULL	Spain
4769861	10	23	-1	MartorellOpen2023	f	333fm	Manuel Prieto de Antón	2015ANTO04	m	NULL	NULL	Spain
4784232	1	24	2533	FMCLatinAmerica2023	f	333fm	Guido Dipietro	2013DIPI01	m	NULL	NULL	Argentina
4784247	2	22	2733	FMCLatinAmerica2023	f	333fm	Anuar Miguel Abib Onofre	2015ONOF01	m	NULL	NULL	Brazil
4795693	3	22	2333	FMCEastMelbourne2023	1	333fm	David Epstein	2016EPST02	m	NULL	NULL	Australia
4795698	4	25	2867	FMCEastMelbourne2023	1	333fm	Riley Dexter	2016DEXT01	m	NULL	NULL	Australia
4795702	1	21	2233	FMCEastMelbourne2023	1	333fm	Jayden McNeill	2012MCNE01	m	NULL	NULL	Australia
4795708	2	23	2300	FMCEastMelbourne2023	1	333fm	Tommy Kiprillis	2014KIPR01	m	NULL	NULL	Australia
4795713	2	22	2433	FMCEastMelbourne2023	f	333fm	Tommy Kiprillis	2014KIPR01	m	NULL	NULL	Australia
4795714	1	21	2267	FMCEastMelbourne2023	f	333fm	Jayden McNeill	2012MCNE01	m	NULL	NULL	Australia
4795718	5	24	3167	FMCEastMelbourne2023	f	333fm	David Edwards	2010EDWA02	m	NULL	NULL	Australia
4795720	4	23	2867	FMCEastMelbourne2023	f	333fm	Putian Ye (叶溥天)	2021YEPU01	m	NULL	NULL	China
4795722	3	25	2700	FMCEastMelbourne2023	f	333fm	David Epstein	2016EPST02	m	NULL	NULL	Australia
4801949	1	22	2300	FMCWestMelbourne2023	1	333fm	Jayden McNeill	2012MCNE01	m	NULL	NULL	Australia
4801952	2	22	2400	FMCWestMelbourne2023	1	333fm	Tommy Kiprillis	2014KIPR01	m	NULL	NULL	Australia
4801965	8	24	-1	FMCWestMelbourne2023	f	333fm	David Epstein	2016EPST02	m	NULL	NULL	Australia
4801966	2	25	2500	FMCWestMelbourne2023	f	333fm	Tommy Kiprillis	2014KIPR01	m	NULL	NULL	Australia
4801973	1	21	2233	FMCWestMelbourne2023	f	333fm	Jayden McNeill	2012MCNE01	m	NULL	NULL	Australia
4802488	1	24	3167	OculusCubeOpen2023	f	333fm	Shivam Bansal	2011BANS02	m	NULL	NULL	India
4805335	1	25	2633	CubingUSASoutheastFMCChampio2023	f	333fm	Kerry Creech	2018CREE01	m	NULL	NULL	USA
4821400	1	20	0	RahnEducationLeipzig2023	f	333fm	Sébastien Auroux	2008AURO01	1	NULL	NULL	Germany
4821401	2	24	0	RahnEducationLeipzig2023	f	333fm	Dunhui Xiao (肖敦慧)	2018XIAO03	1	NULL	NULL	Germany
4841388	4	25	2767	FindMinimumInWarsaw2023	1	333fm	Cyprian Kalbarczyk	2016KALB01	m	NULL	NULL	Poland
4841406	1	22	2433	FindMinimumInWarsaw2023	1	333fm	Wojciech Rogoziński	2019ROGO04	m	NULL	NULL	Poland
4841411	17	24	-1	FindMinimumInWarsaw2023	1	333fm	Radosław Opoka	2013OPOK01	m	NULL	NULL	Poland
4841412	2	24	2500	FindMinimumInWarsaw2023	1	333fm	Radomił Baran	2020BARA02	m	NULL	NULL	Poland
4841414	2	23	2533	FindMinimumInWarsaw2023	f	333fm	Wojciech Rogoziński	2019ROGO04	m	NULL	NULL	Poland
4841415	9	21	-1	FindMinimumInWarsaw2023	f	333fm	Cyprian Kalbarczyk	2016KALB01	m	NULL	NULL	Poland
4841416	1	21	2400	FindMinimumInWarsaw2023	f	333fm	Radomił Baran	2020BARA02	m	NULL	NULL	Poland
4841419	10	24	-1	FindMinimumInWarsaw2023	f	333fm	Radosław Opoka	2013OPOK01	m	NULL	NULL	Poland
4841428	4	24	2900	FindMinimumInWarsaw2023	f	333fm	Igor Tarasov	2016TARA04	m	NULL	NULL	Ukraine
4845991	1	22	0	ColomboMatrixOpen2023	f	333fm	Yifan Wang (王逸帆)	2017WANY29	1	NULL	NULL	China
4848994	1	25	2733	BFViennaDay2023	f	333fm	Jan Riedl	2019RIED01	m	NULL	NULL	Czech Republic
4851023	1	25	2667	RoskildebyNight2023	f	333fm	Theodor Nordstrand	2016NORD02	m	NULL	NULL	Sweden
4877244	1	22	2367	FMCJohor2023	1	333fm	Wong Chong Wen (黄崇文)	2014WENW01	m	NULL	NULL	Singapore
4877248	3	25	2700	FMCJohor2023	1	333fm	Ang Chin Zhen (洪靖程)	2016ZHEN09	m	NULL	NULL	Malaysia
4877253	2	24	2400	FMCJohor2023	1	333fm	Teh Keng Foo (郑庆富)	2011FOOT01	m	NULL	NR	Malaysia
4877256	12	23	-1	FMCJohor2023	1	333fm	Bryan Gan Tze Yang (顏子洋)	2016YANG83	m	NULL	NULL	Malaysia
4877259	1	23	2500	FMCJohor2023	2	333fm	Ang Chin Zhen (洪靖程)	2016ZHEN09	m	NULL	NULL	Malaysia
4877260	3	22	2533	FMCJohor2023	2	333fm	Wong Chong Wen (黄崇文)	2014WENW01	m	NULL	NULL	Singapore
4877269	2	25	2500	FMCJohor2023	2	333fm	Teh Keng Foo (郑庆富)	2011FOOT01	m	NULL	NULL	Malaysia
4877272	3	25	2833	FMCJohor2023	f	333fm	Ang Chin Zhen (洪靖程)	2016ZHEN09	m	NULL	NULL	Malaysia
4877273	1	22	2400	FMCJohor2023	f	333fm	Wong Chong Wen (黄崇文)	2014WENW01	m	NULL	NULL	Singapore
4877275	1	22	2400	FMCJohor2023	f	333fm	Teh Keng Foo (郑庆富)	2011FOOT01	m	NULL	NR	Malaysia
4881042	4	25	3200	FMCatsWisconsin2023	f	333fm	Braden Richards	2017RICH02	m	NULL	NULL	USA
4881044	1	22	2433	FMCatsWisconsin2023	f	333fm	Carter Kucala	2015KUCA01	m	NULL	NULL	USA
4891502	1	25	2800	TaipeiFMCallDay2023	1	333fm	Shih-Hao Wang (王士豪)	2015WANG46	m	NULL	NULL	Taiwan
4891526	15	23	-1	TaipeiFMCallDay2023	f	333fm	Cian-Jyun Yang (楊謙君)	2019YANG94	m	NR	NULL	Taiwan
4895523	3	22	2667	MegaFMCParty2023	f	333fm	Ben Baron	2016BARO04	m	NULL	NULL	Israel
4895527	2	23	2500	MegaFMCParty2023	f	333fm	Roy Tamir	2014TAMI01	m	NULL	NULL	Israel
4895531	1	23	2400	MegaFMCParty2023	f	333fm	Zecharya Moshavi	2018MOSH01	m	NULL	NR	Israel
4895535	5	23	3333	MegaFMCParty2023	f	333fm	Amitai Ziv	2022ZIVA01	m	NULL	NULL	Israel
4898207	1	20	2133	PBQatUTS2023	f	333fm	Jayden McNeill	2012MCNE01	m	NULL	OcR	Australia
4902585	1	24	0	SSLIVFlen2023	f	333fm	Daniel Wallin	2013WALL03	1	NULL	NULL	Sweden
4902899	1	21	2433	NorwegianFMCChampionship2023	f	333fm	Theodor Nordstrand	2016NORD02	m	NULL	NULL	Sweden
4902911	13	24	-1	NorwegianFMCChampionship2023	f	333fm	Einar Kvam Lundberg	2015LUND03	m	NR	NULL	Norway
4919504	1	23	2433	FMCKorea2023	f	333fm	Dohyun Kim (김도현)	2013KIMD01	m	NULL	NULL	Korea
4919505	2	24	2600	FMCKorea2023	f	333fm	Jaehyun Jeong (정재현)	2016JEON02	m	NULL	NULL	Korea
4919506	3	25	2967	FMCKorea2023	f	333fm	Jihun Yang (양지훈)	2021YANG27	m	NULL	NULL	Korea
4919519	16	25	-1	FMCKorea2023	f	333fm	DongSoo Park (박동수)	2017PARK05	m	NULL	NULL	Korea
4924512	1	24	2633	CubeCampinKaengKrachan2023	f	333fm	Natthaphat Mahtani (ณัฐภัทร จี มาทานี)	2011MAHT02	m	NULL	NULL	Thailand
4924518	2	24	2867	CubeCampinKaengKrachan2023	f	333fm	Yifan Wang (王逸帆)	2017WANY29	m	NULL	NULL	China
4936786	1	23	2667	GACubersStudyMay2023	f	333fm	Jacob Ambrose	2010AMBR01	m	NULL	NULL	USA
4936787	2	23	2733	GACubersStudyMay2023	f	333fm	Raymond Goslow	2014GOSL01	m	NULL	NULL	USA
4939941	2	22	2233	FrenchChampionship2023	f	333fm	Alexis Le Merrer	2019MERR02	m	NULL	NULL	France
4939963	5	23	2500	FrenchChampionship2023	f	333fm	Louis-Marie Ratto	2019RATT02	m	NULL	NULL	France
4939967	10	25	2967	FrenchChampionship2023	f	333fm	Matthieu Aubert	2016AUBE01	m	NULL	NULL	France
4939970	1	20	2233	FrenchChampionship2023	f	333fm	Nicolas Gertner Kilian	2013GERT01	m	NR	NULL	France
4939978	3	22	2267	FrenchChampionship2023	f	333fm	Mauro Moisés Ortega López	2016LOPE44	m	NULL	NULL	Spain
4939994	42	24	-1	FrenchChampionship2023	f	333fm	Eden Robinson-Rechavi	2022ROBI05	m	NULL	NULL	France
4939996	4	22	2367	FrenchChampionship2023	f	333fm	Louis Sarthou	2012SART01	m	NULL	NULL	France
4939999	6	23	2667	FrenchChampionship2023	f	333fm	Alaric Pouchain	2019POUC01	m	NULL	NULL	France
4954179	1	22	2400	Silentia1FMC2023	1	333fm	Wong Chong Wen (黄崇文)	2014WENW01	m	NULL	NULL	Singapore
4954182	4	25	-1	Silentia1FMC2023	1	333fm	Leon Marcell Alamanda	2018ALAM08	m	NULL	NULL	Indonesia
4954187	1	21	2467	Silentia1FMC2023	f	333fm	Wong Chong Wen (黄崇文)	2014WENW01	m	NULL	NULL	Singapore
4956785	8	24	-1	FMCColombia2023	f	333fm	Ale Restrepo	2017ECHE04	m	NR	NULL	Colombia
4961725	2	25	2533	Gniezno3x3Day2023	f	333fm	Wojciech Rogoziński	2019ROGO04	m	NULL	NULL	Poland
4961730	1	22	2267	Gniezno3x3Day2023	f	333fm	Radomił Baran	2020BARA02	m	NULL	NULL	Poland
4963462	1	25	2633	CambridgeSpringChallenge2023	f	333fm	Tim Reynolds	2005REYN01	m	NULL	NULL	USA
4966083	10	25	-1	HongKongFMC2023	f	333fm	Suen Ming Chi (孫銘志)	2017CHIS02	m	NULL	NULL	Hong Kong
4969606	10	23	-1	PBQGreenBay2023	f	333fm	Simon Kellum	2016KELL12	m	NULL	NULL	USA
4969610	3	24	3100	PBQGreenBay2023	f	333fm	Brian Johnson	2013JOHN10	m	NULL	NULL	USA
4970224	1	22	2700	MYHMPuzzlinginPlano2023	f	333fm	Jeremy Sheng	2019SHEN10	m	NULL	NULL	USA
4973651	1	23	0	HessenOpen2023	f	333fm	Jan Bentlage	2010BENT01	1	NULL	NULL	Germany
4982379	1	21	2433	FMChaletSG2023	1	333fm	Firstian Fushada (符逢城)	2015FUSH01	m	NULL	NULL	Indonesia
4982380	2	23	2433	FMChaletSG2023	1	333fm	Wong Chong Wen (黄崇文)	2014WENW01	m	NULL	NULL	Singapore
4982391	1	20	2200	FMChaletSG2023	f	333fm	Firstian Fushada (符逢城)	2015FUSH01	m	NR	NR	Indonesia
4982392	2	23	2600	FMChaletSG2023	f	333fm	Chang Hong Liang (张泓量)	2016LIAN02	m	NULL	NULL	Singapore
4982396	6	21	-1	FMChaletSG2023	f	333fm	Wong Chong Wen (黄崇文)	2014WENW01	m	NULL	NULL	Singapore
4982397	7	25	-1	FMChaletSG2023	f	333fm	Carmen Teo Bin Jie (张斌婕)	2012JIET01	m	NULL	NULL	Singapore
4984143	1	23	2433	MichiganMiniFMC2023	f	333fm	AJ Kamal	2016KAMA04	m	NULL	NULL	USA
4984144	2	23	2467	MichiganMiniFMC2023	f	333fm	Mark Boyanowski	2014BOYA01	m	NULL	NULL	USA
4984145	3	24	2567	MichiganMiniFMC2023	f	333fm	Chris Chi	2014CHIC01	m	NULL	NULL	USA
4984146	4	24	2600	MichiganMiniFMC2023	f	333fm	Krish Shah-Nathwani	2015SHAH09	m	NULL	NULL	USA
4984147	5	25	2667	MichiganMiniFMC2023	f	333fm	Stanley Chapel	2016CHAP04	m	NULL	NULL	USA
4989681	7	22	-1	JaquecaDiTella2023	1	333fm	Romina Peretti	2017PERE33	m	NULL	NULL	Argentina
4989691	2	24	3100	JaquecaDiTella2023	1	333fm	Leandro Martín López	2018LOPE22	m	NULL	NULL	Argentina
4989692	1	18	2200	JaquecaDiTella2023	1	333fm	Guido Dipietro	2013DIPI01	m	SAR	SAR	Argentina
4989700	2	25	2700	JaquecaDiTella2023	f	333fm	Romina Peretti	2017PERE33	m	NULL	NULL	Argentina
4989701	1	22	2367	JaquecaDiTella2023	f	333fm	Guido Dipietro	2013DIPI01	m	NULL	NULL	Argentina
4991325	22	25	-1	BadenSideEvents2023	f	333fm	Alexander Botz	2013BOTZ01	m	NULL	NULL	Germany
4991326	1	21	2500	BadenSideEvents2023	f	333fm	Dunhui Xiao (肖敦慧)	2018XIAO03	m	NULL	NULL	Germany
4991332	22	25	-1	BadenSideEvents2023	f	333fm	Sébastien Auroux	2008AURO01	m	NULL	NULL	Germany
4991333	3	25	2900	BadenSideEvents2023	f	333fm	Simone Ohler	2014OHLE01	m	NULL	NULL	Germany
4991341	22	25	-1	BadenSideEvents2023	f	333fm	Linus Buck	2016BUCK01	m	NULL	NULL	Germany
4991344	21	24	-1	BadenSideEvents2023	f	333fm	Jeremy Mrzyglocki	2019MRZY01	m	NULL	NULL	Germany
4991349	20	21	-1	BadenSideEvents2023	f	333fm	Willem Klose	2017KLOS01	m	NULL	NULL	Germany
4991350	2	24	2500	BadenSideEvents2023	f	333fm	Jan Bentlage	2010BENT01	m	NULL	NULL	Germany
4991581	1	23	2467	SwedishFMCChampionship2023	f	333fm	Theodor Nordstrand	2016NORD02	m	NULL	NULL	Sweden
4991582	2	24	2767	SwedishFMCChampionship2023	f	333fm	Elvin Thorsen	2016THOR08	m	NULL	NULL	Sweden
4991583	3	25	2767	SwedishFMCChampionship2023	f	333fm	Jakob Gunnarsson	2015GUNN01	m	NULL	NULL	Sweden
4991584	4	24	2833	SwedishFMCChampionship2023	f	333fm	Ida Exner	2017EXNE01	m	NULL	NULL	Denmark
4995555	1	24	2500	SoCalPleaseBeQualified2023	f	333fm	Kyeongmin Choi (최경민)	2017CHOI07	m	NULL	NULL	Korea
4995623	1	25	2700	PleaseBeQuietinTashkent2023	f	333fm	Andrey Che	2015CHEA01	m	NULL	NULL	Russia
5001187	1	24	2467	HeartlandFMCChampionship2023	f	333fm	Cale Schoon	2014SCHO02	m	NULL	NULL	USA
5001188	2	23	2567	HeartlandFMCChampionship2023	f	333fm	Brian Johnson	2013JOHN10	m	NULL	NULL	USA
5001189	3	23	2733	HeartlandFMCChampionship2023	f	333fm	Simon Kellum	2016KELL12	m	NULL	NULL	USA
5001194	8	22	-1	HeartlandFMCChampionship2023	f	333fm	Carter Kucala	2015KUCA01	m	NULL	NULL	USA
5003277	1	25	2733	SwissNationals2023	f	333fm	Eden Robinson-Rechavi	2022ROBI05	m	NULL	NULL	France
5003278	1	25	2733	SwissNationals2023	f	333fm	Reto Bubendorf	2012BUBE01	m	NULL	NULL	Switzerland
5014887	13	20	-1	SideNBlindNarreWarren2023	f	333fm	Wong Chong Wen (黄崇文)	2014WENW01	m	NR	NULL	Singapore
5014888	1	20	2100	SideNBlindNarreWarren2023	f	333fm	Jayden McNeill	2012MCNE01	m	NULL	WR	Australia
5014897	14	25	-1	SideNBlindNarreWarren2023	f	333fm	Cameron Stollery	2010STOL01	m	NULL	NULL	Australia
5019706	1	24	2767	MidAtlanticFMC2023	f	333fm	AJ Kamal	2016KAMA04	m	NULL	NULL	USA
5019715	10	24	-1	MidAtlanticFMC2023	f	333fm	Daniel Karnaukh	2014KARN02	m	NULL	NULL	USA
5026750	1	20	2133	FMCLondonSummer2023	1	333fm	Yunhao Lou (娄云皓)	2017LOUY01	m	NULL	AsR	China
5026755	18	24	-1	FMCLondonSummer2023	1	333fm	Lichi Fang (方力驰)	2018FANG03	m	NULL	NULL	China
5026756	4	22	2433	FMCLondonSummer2023	1	333fm	Harry Savage	2013SAVA01	m	NULL	NULL	United Kingdom
5026758	5	24	2467	FMCLondonSummer2023	1	333fm	Theodor Nordstrand	2016NORD02	m	NULL	NULL	Sweden
5026759	3	22	2400	FMCLondonSummer2023	1	333fm	Jan Bentlage	2010BENT01	m	NULL	NULL	Germany
5026760	2	22	2367	FMCLondonSummer2023	1	333fm	Fabio Schwandt	2014SCHW02	m	NULL	NULL	United Kingdom
5026770	6	25	3133	FMCLondonSummer2023	1	333fm	Robert Yau	2009YAUR01	m	NULL	NULL	United Kingdom
5026773	10	25	3600	FMCLondonSummer2023	1	333fm	Sam Shaw	2016SHAW02	m	NULL	NULL	United Kingdom
5026780	2	23	2733	FMCLondonSummer2023	2	333fm	Fabio Schwandt	2014SCHW02	m	NULL	NULL	United Kingdom
5026791	1	23	2667	FMCLondonSummer2023	2	333fm	Theodor Nordstrand	2016NORD02	m	NULL	NULL	Sweden
5026795	3	22	2300	FMCLondonSummer2023	f	333fm	Lichi Fang (方力驰)	2018FANG03	m	NULL	NULL	China
5026797	4	21	2367	FMCLondonSummer2023	f	333fm	Harry Savage	2013SAVA01	m	NULL	NULL	United Kingdom
5026801	9	22	-1	FMCLondonSummer2023	f	333fm	Jaye Sloan	2022SLOA01	m	NULL	NULL	United Kingdom
5026802	1	21	2200	FMCLondonSummer2023	f	333fm	Theodor Nordstrand	2016NORD02	m	NULL	ER	Sweden
5026803	10	25	-1	FMCLondonSummer2023	f	333fm	Robert Yau	2009YAUR01	m	NULL	NULL	United Kingdom
5026804	5	24	2600	FMCLondonSummer2023	f	333fm	Fabio Schwandt	2014SCHW02	m	NULL	NULL	United Kingdom
5026806	2	22	2267	FMCLondonSummer2023	f	333fm	Jan Bentlage	2010BENT01	m	NULL	NULL	Germany
5030855	1	22	2400	OhioStateSummerSolving2023	f	333fm	Chris Chi	2014CHIC01	m	NULL	NULL	USA
5040173	1	22	2333	FMCCanada2023	f	333fm	Simon Kellum	2016KELL12	m	NULL	NULL	USA
5040174	2	23	2333	FMCCanada2023	f	333fm	Carter Kucala	2015KUCA01	m	NULL	NULL	USA
5041535	1	25	0	SSLVUppsala2023	f	333fm	Willem Klose	2017KLOS01	1	NULL	NULL	Germany
5056439	7	24	-1	SotenasSummerSolving2023	f	333fm	Theodor Nordstrand	2016NORD02	m	NULL	NULL	Sweden
5062361	1	20	2533	SouthernChampionship2023	f	333fm	Walker Welch	2011WELC01	m	NULL	NULL	USA
5062362	2	23	2800	SouthernChampionship2023	f	333fm	Stanley Chapel	2016CHAP04	m	NULL	NULL	USA
5068688	1	21	2233	FitchburgFMC2023	f	333fm	Cale Schoon	2014SCHO02	m	NULL	NULL	USA
5068689	2	24	2467	FitchburgFMC2023	f	333fm	Carter Kucala	2015KUCA01	m	NULL	NULL	USA
5068695	8	24	-1	FitchburgFMC2023	f	333fm	Simon Kellum	2016KELL12	m	NULL	NULL	USA
5068925	3	21	2567	PleaseBeQuietBukitJalil2023	1	333fm	Cian-Jyun Yang (楊謙君)	2019YANG94	m	NR	NULL	Taiwan
5068930	11	23	-1	PleaseBeQuietBukitJalil2023	1	333fm	Shawn Lee Zhi Xuan (李致轩)	2017XUAN03	m	NULL	NULL	Malaysia
5068931	2	21	2200	PleaseBeQuietBukitJalil2023	1	333fm	Firstian Fushada (符逢城)	2015FUSH01	m	NULL	NR	Indonesia
5068932	1	20	2133	PleaseBeQuietBukitJalil2023	1	333fm	Wong Chong Wen (黄崇文)	2014WENW01	m	NR	AsR	Singapore
5068939	7	24	-1	PleaseBeQuietBukitJalil2023	f	333fm	Luis Tan Hong Yi (陈宏溢)	2023YILU01	m	NULL	NULL	Singapore
5068940	1	22	2233	PleaseBeQuietBukitJalil2023	f	333fm	Wong Chong Wen (黄崇文)	2014WENW01	m	NULL	NULL	Singapore
5068947	2	24	2467	PleaseBeQuietBukitJalil2023	f	333fm	Firstian Fushada (符逢城)	2015FUSH01	m	NULL	NULL	Indonesia
5068994	1	22	2400	WesternFMCChampionship2023	f	333fm	Kyeongmin Choi (최경민)	2017CHOI07	m	NULL	NULL	Korea
5068995	2	24	2667	WesternFMCChampionship2023	f	333fm	Brandon Harnish	2009HARN01	m	NULL	NULL	USA
5068998	5	22	3367	WesternFMCChampionship2023	f	333fm	David Karalli (داود قراعلي)	2020KARA01	m	NULL	NULL	USA
5071367	1	24	2633	JonkopingsliganFinalTattoo2023	f	333fm	Theodor Nordstrand	2016NORD02	m	NULL	NULL	Sweden
5080249	1	19	0	SuffolkSummer2023	f	333fm	Fabio Schwandt	2014SCHW02	1	NULL	NULL	United Kingdom
5082743	1	20	2400	MiniMinnesotaSummer2023	1	333fm	Carter Kucala	2015KUCA01	m	NULL	NULL	USA
5082746	2	24	2600	MiniMinnesotaSummer2023	1	333fm	Walker Welch	2011WELC01	m	NULL	NULL	USA
5082761	7	24	-1	MiniMinnesotaSummer2023	f	333fm	Carter Kucala	2015KUCA01	m	NULL	NULL	USA
5083301	1	23	2433	BignBlindSzczecinek2023	f	333fm	Wojciech Rogoziński	2019ROGO04	m	NULL	NULL	Poland
5083304	2	22	2467	BignBlindSzczecinek2023	f	333fm	Radomił Baran	2020BARA02	m	NULL	NULL	Poland
5083313	4	24	3000	BignBlindSzczecinek2023	f	333fm	Karol Zakrzewski	2014ZAKR01	m	NULL	NULL	Poland
5102333	1	24	2833	FMCJuazeiro2023	f	333fm	Andrey Conceição	2016SANT03	m	NULL	NULL	Brazil
5104722	1	22	2433	FMCatsWisconsinII2023	f	333fm	Carter Kucala	2015KUCA01	m	NULL	NULL	USA
5104723	2	21	2633	FMCatsWisconsinII2023	f	333fm	Simon Kellum	2016KELL12	m	NULL	NULL	USA
5104725	4	22	2867	FMCatsWisconsinII2023	f	333fm	Brian Johnson	2013JOHN10	m	NULL	NULL	USA
5104735	14	25	-1	FMCatsWisconsinII2023	f	333fm	Braden Richards	2017RICH02	m	NULL	NULL	USA
5115847	1	21	2333	IsraelPBQChampionship2023	f	333fm	Ben Baron	2016BARO04	m	NR	NR	Israel
5115848	2	23	2567	IsraelPBQChampionship2023	f	333fm	Itamar Turm	2017TURM01	m	NULL	NULL	Israel
5117153	1	24	2533	KyivFMCFriendsIII2023	f	333fm	Modest Podzolkin	2017PODZ01	m	NULL	NULL	Ukraine
5125313	1	23	2433	RheinNeckarSideEvents2023	f	333fm	Noah Kraft	2016KRAF01	m	NULL	NULL	Germany
5125314	2	25	2767	RheinNeckarSideEvents2023	f	333fm	Dunhui Xiao (肖敦慧)	2018XIAO03	m	NULL	NULL	Germany
5131512	1	20	2167	WestportWarmup2023	f	333fm	Daniel Karnaukh	2014KARN02	m	NULL	NULL	USA
5131513	2	22	2300	WestportWarmup2023	f	333fm	Kerry Creech	2018CREE01	m	NULL	NULL	USA
5131514	3	20	2367	WestportWarmup2023	f	333fm	Krish Shah-Nathwani	2015SHAH09	m	NULL	NULL	USA
5131515	4	24	2467	WestportWarmup2023	f	333fm	Owen Widdis	2015WIDD01	m	NULL	NULL	USA
5131516	5	24	2667	WestportWarmup2023	f	333fm	AJ Kamal	2016KAMA04	m	NULL	NULL	USA
5131521	10	24	-1	WestportWarmup2023	f	333fm	Zachary Ochs	2016OCHS01	m	NULL	NULL	USA
5134003	3	24	-1	NodDonDenver2023	f	333fm	Simon Kellum	2016KELL12	m	NULL	NULL	USA
5135614	1	24	0	FLIPOpen2023	f	333fm	Alexis Le Merrer	2019MERR02	1	NULL	NULL	France
5139461	1	21	2267	3FMCRoundsinRzeszow2023	1	333fm	Radomił Baran	2020BARA02	m	NULL	NULL	Poland
5139462	2	22	2467	3FMCRoundsinRzeszow2023	1	333fm	Cyprian Kalbarczyk	2016KALB01	m	NULL	NULL	Poland
5139463	3	22	2533	3FMCRoundsinRzeszow2023	1	333fm	Sebastiano Tronto	2011TRON02	m	NULL	NULL	Italy
5139464	4	21	2633	3FMCRoundsinRzeszow2023	1	333fm	Wojciech Rogoziński	2019ROGO04	m	NULL	NULL	Poland
5139465	5	24	2633	3FMCRoundsinRzeszow2023	1	333fm	Theodor Nordstrand	2016NORD02	m	NULL	NULL	Sweden
5139466	6	25	2900	3FMCRoundsinRzeszow2023	1	333fm	Jan Riedl	2019RIED01	m	NULL	NULL	Czech Republic
5139475	15	25	-1	3FMCRoundsinRzeszow2023	1	333fm	Krzysztof Pietrusiak	2019PIET01	m	NULL	NULL	Poland
5139485	1	20	2200	3FMCRoundsinRzeszow2023	2	333fm	Wojciech Rogoziński	2019ROGO04	m	NULL	ER	Poland
5139486	2	23	2367	3FMCRoundsinRzeszow2023	2	333fm	Theodor Nordstrand	2016NORD02	m	NULL	NULL	Sweden
5139487	3	23	2400	3FMCRoundsinRzeszow2023	2	333fm	Cyprian Kalbarczyk	2016KALB01	m	NULL	NULL	Poland
5139488	4	22	2433	3FMCRoundsinRzeszow2023	2	333fm	Radomił Baran	2020BARA02	m	NULL	NULL	Poland
5139489	5	22	2467	3FMCRoundsinRzeszow2023	2	333fm	Sebastiano Tronto	2011TRON02	m	NULL	NULL	Italy
5139503	1	22	2367	3FMCRoundsinRzeszow2023	f	333fm	Radomił Baran	2020BARA02	m	NULL	NULL	Poland
5139504	1	22	2367	3FMCRoundsinRzeszow2023	f	333fm	Wojciech Rogoziński	2019ROGO04	m	NULL	NULL	Poland
5139505	3	23	2433	3FMCRoundsinRzeszow2023	f	333fm	Sebastiano Tronto	2011TRON02	m	NULL	NULL	Italy
5139506	4	24	2600	3FMCRoundsinRzeszow2023	f	333fm	Cyprian Kalbarczyk	2016KALB01	m	NULL	NULL	Poland
5139507	5	25	2800	3FMCRoundsinRzeszow2023	f	333fm	Jan Riedl	2019RIED01	m	NULL	NULL	Czech Republic
5139508	6	24	2900	3FMCRoundsinRzeszow2023	f	333fm	Gabriele Cappelletti	2012CAPP01	m	NULL	NULL	Italy
5139513	11	23	-1	3FMCRoundsinRzeszow2023	f	333fm	Theodor Nordstrand	2016NORD02	m	NULL	NULL	Sweden
5143218	1	21	2167	3MoreFMCRoundsinRzeszow2023	1	333fm	Radomił Baran	2020BARA02	m	NULL	ER	Poland
5143219	2	22	2433	3MoreFMCRoundsinRzeszow2023	1	333fm	Theodor Nordstrand	2016NORD02	m	NULL	NULL	Sweden
5143220	3	22	2467	3MoreFMCRoundsinRzeszow2023	1	333fm	Wojciech Rogoziński	2019ROGO04	m	NULL	NULL	Poland
5143221	4	23	2533	3MoreFMCRoundsinRzeszow2023	1	333fm	Sebastiano Tronto	2011TRON02	m	NULL	NULL	Italy
5143222	5	22	2600	3MoreFMCRoundsinRzeszow2023	1	333fm	Cyprian Kalbarczyk	2016KALB01	m	NULL	NULL	Poland
5143223	6	25	2667	3MoreFMCRoundsinRzeszow2023	1	333fm	Jan Riedl	2019RIED01	m	NULL	NULL	Czech Republic
5143224	7	24	3100	3MoreFMCRoundsinRzeszow2023	1	333fm	Igor Tarasov	2016TARA04	m	NULL	NULL	Ukraine
5143237	1	21	2333	3MoreFMCRoundsinRzeszow2023	2	333fm	Sebastiano Tronto	2011TRON02	m	NULL	NULL	Italy
5143238	2	22	2333	3MoreFMCRoundsinRzeszow2023	2	333fm	Radomił Baran	2020BARA02	m	NULL	NULL	Poland
5143239	3	21	2367	3MoreFMCRoundsinRzeszow2023	2	333fm	Wojciech Rogoziński	2019ROGO04	m	NULL	NULL	Poland
5143240	4	23	2367	3MoreFMCRoundsinRzeszow2023	2	333fm	Theodor Nordstrand	2016NORD02	m	NULL	NULL	Sweden
5143251	1	21	2300	3MoreFMCRoundsinRzeszow2023	f	333fm	Radomił Baran	2020BARA02	m	NULL	NULL	Poland
5143252	1	21	2300	3MoreFMCRoundsinRzeszow2023	f	333fm	Cyprian Kalbarczyk	2016KALB01	m	NULL	NULL	Poland
5143253	3	21	2333	3MoreFMCRoundsinRzeszow2023	f	333fm	Wojciech Rogoziński	2019ROGO04	m	NULL	NULL	Poland
5143254	4	22	2433	3MoreFMCRoundsinRzeszow2023	f	333fm	Sebastiano Tronto	2011TRON02	m	NULL	NULL	Italy
5143255	5	23	2600	3MoreFMCRoundsinRzeszow2023	f	333fm	Jan Riedl	2019RIED01	m	NULL	NULL	Czech Republic
5143257	7	24	3200	3MoreFMCRoundsinRzeszow2023	f	333fm	Igor Tarasov	2016TARA04	m	NULL	NULL	Ukraine
5143259	9	23	-1	3MoreFMCRoundsinRzeszow2023	f	333fm	Theodor Nordstrand	2016NORD02	m	NULL	NULL	Sweden
5143635	1	23	2400	AldeillaFMCOpen2023	1	333fm	Louis Sarthou	2012SART01	m	NULL	NULL	France
5143636	2	23	2567	AldeillaFMCOpen2023	1	333fm	Mauro Moisés Ortega López	2016LOPE44	m	NULL	NULL	Spain
5143637	3	24	2733	AldeillaFMCOpen2023	1	333fm	Rafael Rodriguez Santana	2012SANT12	m	NULL	NULL	Spain
5143656	1	18	2167	AldeillaFMCOpen2023	2	333fm	Mauro Moisés Ortega López	2016LOPE44	m	NR	ER	Spain
5143657	2	21	2500	AldeillaFMCOpen2023	2	333fm	Rafael Rodriguez Santana	2012SANT12	m	NULL	NULL	Spain
5143658	3	25	2867	AldeillaFMCOpen2023	2	333fm	Jordi Lleixà López	2023LOPE09	m	NULL	NULL	Spain
5143660	5	24	3200	AldeillaFMCOpen2023	2	333fm	Carlos Méndez García-Barroso	2010GARC02	m	NULL	NULL	Spain
5143669	14	18	-1	AldeillaFMCOpen2023	2	333fm	Louis Sarthou	2012SART01	m	NR	NULL	France
5143670	15	23	-1	AldeillaFMCOpen2023	2	333fm	Jose Sánchez García	2022GARC19	m	NULL	NULL	Spain
5143671	1	19	2233	AldeillaFMCOpen2023	f	333fm	Louis Sarthou	2012SART01	m	NULL	NULL	France
5143672	2	21	2367	AldeillaFMCOpen2023	f	333fm	Mauro Moisés Ortega López	2016LOPE44	m	NULL	NULL	Spain
5143673	3	20	2400	AldeillaFMCOpen2023	f	333fm	Rafael Rodriguez Santana	2012SANT12	m	NULL	NULL	Spain
5143675	5	25	3133	AldeillaFMCOpen2023	f	333fm	Jorge Martín Espinosa	2012ESPI02	m	NULL	NULL	Spain
5156835	1	24	0	HanoiSummer2023	f	333fm	Nông Quốc Duy	2022DUYN02	1	NR	NULL	Vietnam
5157642	1	22	2433	SEAB2023	1	333fm	Wong Chong Wen (黄崇文)	2014WENW01	m	NULL	NULL	Singapore
5157643	2	24	2467	SEAB2023	1	333fm	Jayden McNeill	2012MCNE01	m	NULL	NULL	Australia
5157654	13	23	-1	SEAB2023	1	333fm	Firstian Fushada (符逢城)	2015FUSH01	m	NULL	NULL	Indonesia
5157664	1	19	2100	SEAB2023	f	333fm	Jayden McNeill	2012MCNE01	m	OcR	WR	Australia
5157665	2	20	2367	SEAB2023	f	333fm	Wong Chong Wen (黄崇文)	2014WENW01	m	NR	NULL	Singapore
5157666	3	21	2567	SEAB2023	f	333fm	Firstian Fushada (符逢城)	2015FUSH01	m	NULL	NULL	Indonesia
5164834	1	21	2300	NoTriangleinDebica2023	f	333fm	Radomił Baran	2020BARA02	m	NULL	NULL	Poland
5164835	2	22	2567	NoTriangleinDebica2023	f	333fm	Jan Zych	2014ZYCH01	m	NULL	NULL	Poland
5164849	16	23	-1	NoTriangleinDebica2023	f	333fm	Adam Kędziorski	2019KEDZ01	m	NULL	NULL	Poland
5171042	3	21	2267	CubingUSANationals2023	f	333fm	Chris Chi	2014CHIC01	m	NULL	NULL	USA
5171044	54	21	-1	CubingUSANationals2023	f	333fm	Mark Boyanowski	2014BOYA01	m	NULL	NULL	USA
5171047	6	21	2367	CubingUSANationals2023	f	333fm	Jeremy Sheng	2019SHEN10	m	NULL	NULL	USA
5171049	5	22	2333	CubingUSANationals2023	f	333fm	Walker Welch	2011WELC01	m	NULL	NULL	USA
5171053	15	25	2733	CubingUSANationals2023	f	333fm	Zeke Mackay	2015MACK06	m	NULL	NULL	USA
5171054	9	21	2467	CubingUSANationals2023	f	333fm	Daniel Karnaukh	2014KARN02	m	NULL	NULL	USA
5171057	10	23	2467	CubingUSANationals2023	f	333fm	Carter Kucala	2015KUCA01	m	NULL	NULL	USA
5171058	13	25	2700	CubingUSANationals2023	f	333fm	Aedan Bryant	2017BRYA06	m	NULL	NULL	USA
5171068	54	21	-1	CubingUSANationals2023	f	333fm	AJ Kamal	2016KAMA04	m	NULL	NULL	USA
5171070	1	21	2200	CubingUSANationals2023	f	333fm	Alexei Sinyavin	2016SINY01	m	NULL	NULL	USA
5171082	8	21	2400	CubingUSANationals2023	f	333fm	Krish Shah-Nathwani	2015SHAH09	m	NULL	NULL	USA
5171097	17	24	2800	CubingUSANationals2023	f	333fm	Evan Brown	2013BROW04	m	NULL	NULL	USA
5171102	11	24	2600	CubingUSANationals2023	f	333fm	Stanley Chapel	2016CHAP04	m	NULL	NULL	USA
5171103	1	21	2200	CubingUSANationals2023	f	333fm	Owen Widdis	2015WIDD01	m	NULL	NULL	USA
5171104	4	21	2300	CubingUSANationals2023	f	333fm	Jan Bentlage	2010BENT01	m	NULL	NULL	Germany
5171105	13	25	2700	CubingUSANationals2023	f	333fm	Raymond Goslow	2014GOSL01	m	NULL	NULL	USA
5171106	57	24	-1	CubingUSANationals2023	f	333fm	Kerry Creech	2018CREE01	m	NULL	NULL	USA
5171107	54	21	-1	CubingUSANationals2023	f	333fm	Simon Kellum	2016KELL12	m	NULL	NULL	USA
5171114	7	23	2367	CubingUSANationals2023	f	333fm	Zachary Ochs	2016OCHS01	m	NULL	NULL	USA
5171118	16	25	2767	CubingUSANationals2023	f	333fm	Erik Johnson	2007JOHN02	m	NULL	NULL	USA
5178633	8	25	3467	SilesianMinxFest2023	f	333fm	Szymon Malinowski	2013MALI03	m	NULL	NULL	Poland
5178863	1	21	2467	StockholmMentalBreakdown2023	f	333fm	Theodor Nordstrand	2016NORD02	m	NULL	NULL	Sweden
5178864	2	22	2700	StockholmMentalBreakdown2023	f	333fm	Elvin Thorsen	2016THOR08	m	NULL	NULL	Sweden
5178865	3	23	2700	StockholmMentalBreakdown2023	f	333fm	Erik Jernqvist	2010JERN01	m	NULL	NULL	Sweden
5178866	4	22	2933	StockholmMentalBreakdown2023	f	333fm	Minhyun Kim (김민현)	2007MINH01	m	NULL	NULL	Korea
5182755	1	23	2467	GermanNationals2023	f	333fm	Jan Bentlage	2010BENT01	m	NULL	NULL	Germany
5182756	2	25	2700	GermanNationals2023	f	333fm	Mats Walker	2021WALK02	m	NULL	NULL	Germany
5182768	14	25	-1	GermanNationals2023	f	333fm	Sébastien Auroux	2008AURO01	m	NULL	NULL	Germany
5184221	1	21	2300	BaztanSideEvents2023	f	333fm	Mauro Moisés Ortega López	2016LOPE44	m	NULL	NULL	Spain
5184222	2	22	2533	BaztanSideEvents2023	f	333fm	Jordi Lleixà López	2023LOPE09	m	NULL	NULL	Spain
5184223	3	22	2800	BaztanSideEvents2023	f	333fm	Oscar Sánchez Najarro	2017NAJA02	m	NULL	NULL	Spain
5184224	4	25	2800	BaztanSideEvents2023	f	333fm	Rafael Rodriguez Santana	2012SANT12	m	NULL	NULL	Spain
5184225	5	25	2900	BaztanSideEvents2023	f	333fm	Adrien Neveu	2018NEVE02	m	NULL	NULL	France
5185399	3	24	3433	SilenceinTlaxcala2023	f	333fm	Angel Alexis Carrillo Ramirez	2017RAMI08	m	NULL	NULL	Mexico
5187977	1	23	2467	SzokolyaMentalBreakdown2023	f	333fm	Jan Riedl	2019RIED01	m	NULL	NR	Czech Republic
5187978	2	24	3067	SzokolyaMentalBreakdown2023	f	333fm	Bence Barát	2008BARA01	m	NULL	NULL	Hungary
5187979	3	25	3167	SzokolyaMentalBreakdown2023	f	333fm	Szabolcs Szántai	2016SZAN01	m	NULL	NULL	Hungary
5188106	1	25	2700	ASVPSideEvents2023	1	333fm	Vasco Vasconcelos	2008VASC01	m	NULL	NULL	Portugal
5188107	2	23	2733	ASVPSideEvents2023	1	333fm	Sebastiano Tronto	2011TRON02	m	NULL	NULL	Italy
5188109	4	25	2933	ASVPSideEvents2023	1	333fm	Lorenzo Mauro	2014MAUR06	m	NULL	NULL	Italy
5188126	1	24	2700	ASVPSideEvents2023	f	333fm	Vasco Vasconcelos	2008VASC01	m	NULL	NULL	Portugal
5188132	7	25	-1	ASVPSideEvents2023	f	333fm	Lorenzo Mauro	2014MAUR06	m	NULL	NULL	Italy
5192070	1	23	2667	PBQKentucky2023	f	333fm	Evan Brown	2013BROW04	m	NULL	NULL	USA
5198748	1	23	2333	Cube4funBelzyceMultiEvents2023	f	333fm	Radomił Baran	2020BARA02	m	NULL	NULL	Poland
5198749	2	23	2467	Cube4funBelzyceMultiEvents2023	f	333fm	Wojciech Rogoziński	2019ROGO04	m	NULL	NULL	Poland
5198750	3	25	2633	Cube4funBelzyceMultiEvents2023	f	333fm	Jan Zych	2014ZYCH01	m	NULL	NULL	Poland
5198751	4	24	3000	Cube4funBelzyceMultiEvents2023	f	333fm	Karol Zakrzewski	2014ZAKR01	m	NULL	NULL	Poland
5198766	19	21	-1	Cube4funBelzyceMultiEvents2023	f	333fm	Radosław Opoka	2013OPOK01	m	NULL	NULL	Poland
5206925	1	24	2800	SlovenianFMCNationals2023	f	333fm	Marcel Ručigaj	2016RUCI01	m	NULL	NR	Slovenia
5206926	2	24	2867	SlovenianFMCNationals2023	f	333fm	Dušan Zakelšek	2012ZAKE02	m	NULL	NULL	Slovenia
5206927	3	25	3400	SlovenianFMCNationals2023	f	333fm	Matic Omulec	2010OMUL02	m	NULL	NULL	Slovenia
5223370	1	22	2233	WC2023	f	333fm	Jayden McNeill	2012MCNE01	m	NULL	NULL	Australia
5223371	2	20	2333	WC2023	f	333fm	Cyprian Kalbarczyk	2016KALB01	m	NULL	NULL	Poland
5223372	3	20	2400	WC2023	f	333fm	Guido Dipietro	2013DIPI01	m	NULL	NULL	Argentina
5223373	3	20	2400	WC2023	f	333fm	Carter Kucala	2015KUCA01	m	NULL	NULL	USA
5223374	5	23	2400	WC2023	f	333fm	Mark Boyanowski	2014BOYA01	m	NULL	NULL	USA
5223375	6	22	2433	WC2023	f	333fm	Ang Chin Zhen (洪靖程)	2016ZHEN09	m	NULL	NULL	Malaysia
5223376	7	22	2500	WC2023	f	333fm	Walker Welch	2011WELC01	m	NULL	NULL	USA
5223377	7	22	2500	WC2023	f	333fm	Yifan Wang (王逸帆)	2017WANY29	m	NULL	NULL	China
5223378	9	24	2567	WC2023	f	333fm	Daniel Karnaukh	2014KARN02	m	NULL	NULL	USA
5223379	10	20	2700	WC2023	f	333fm	Sébastien Auroux	2008AURO01	m	NULL	NULL	Germany
5223380	11	25	2700	WC2023	f	333fm	Dohyun Kim (김도현)	2013KIMD01	m	NULL	NULL	Korea
5223381	12	25	2800	WC2023	f	333fm	DongSoo Park (박동수)	2017PARK05	m	NULL	NULL	Korea
5223385	16	24	2833	WC2023	f	333fm	Tim Reynolds	2005REYN01	m	NULL	NULL	USA
5223386	17	25	2867	WC2023	f	333fm	Reto Bubendorf	2012BUBE01	m	NULL	NULL	Switzerland
5223388	19	24	2900	WC2023	f	333fm	Benjamin Gottschalk	2016GOTT01	m	NULL	NULL	USA
5223389	20	25	2900	WC2023	f	333fm	Shivam Bansal	2011BANS02	m	NULL	NULL	India
5223390	21	24	2967	WC2023	f	333fm	Takayuki Tanaka (田中隆喜)	2014TANA01	m	NULL	NULL	Japan
5223392	23	23	3000	WC2023	f	333fm	Jacob Ambrose	2010AMBR01	m	NULL	NULL	USA
5223393	24	25	3000	WC2023	f	333fm	Juliette Sébastien	2014SEBA01	m	NULL	NULL	France
5223398	29	24	3033	WC2023	f	333fm	Liam Highducheck	2015HIGH01	m	NULL	NULL	Australia
5223404	35	24	3100	WC2023	f	333fm	Ulrik Bredland	2012BRED01	m	NR	NULL	Norway
5223405	36	25	3100	WC2023	f	333fm	Knut Skaug Haraldsen	2016HARA02	m	NULL	NULL	Norway
5223418	49	25	3367	WC2023	f	333fm	Fabian Settelen	2015SETT01	m	NULL	NULL	Switzerland
5223457	88	19	-1	WC2023	f	333fm	Simon Kellum	2016KELL12	m	NULL	NULL	USA
5223458	89	20	-1	WC2023	f	333fm	Kyeongmin Choi (최경민)	2017CHOI07	m	NR	NULL	Korea
5223459	90	21	-1	WC2023	f	333fm	Lichi Fang (方力驰)	2018FANG03	m	NULL	NULL	China
5223460	91	22	-1	WC2023	f	333fm	Takumi Tamura (田村匠)	2019TAMU01	m	NULL	NULL	Japan
5223461	91	22	-1	WC2023	f	333fm	Wong Chong Wen (黄崇文)	2014WENW01	m	NULL	NULL	Singapore
5223462	93	23	-1	WC2023	f	333fm	Ben Baron	2016BARO04	m	NULL	NULL	Israel
5223463	93	23	-1	WC2023	f	333fm	Nicolas Gertner Kilian	2013GERT01	m	NULL	NULL	France
5223464	95	24	-1	WC2023	f	333fm	Robert Yau	2009YAUR01	m	NULL	NULL	United Kingdom
5223465	95	24	-1	WC2023	f	333fm	Cian-Jyun Yang (楊謙君)	2019YANG94	m	NULL	NULL	Taiwan
5223466	97	25	-1	WC2023	f	333fm	Tomohiro Kobayashi (小林知広)	2013KOBA01	m	NULL	NULL	Japan
5223467	97	25	-1	WC2023	f	333fm	Zecharya Moshavi	2018MOSH01	m	NULL	NULL	Israel
5223468	97	25	-1	WC2023	f	333fm	Helmer Ewert	2015EWER01	m	NULL	NULL	Sweden
5232661	1	25	2667	AlphenTracktoRecords24h2023	f	333fm	Sebastiano Tronto	2011TRON02	m	NULL	NULL	Italy
5235296	1	21	2233	RNSEA2023	f	333fm	Jan Bentlage	2010BENT01	m	NULL	NR	Germany
5235297	2	22	2333	RNSEA2023	f	333fm	Dunhui Xiao (肖敦慧)	2018XIAO03	m	NULL	NULL	Germany
5235298	3	25	2567	RNSEA2023	f	333fm	Louis-Marie Ratto	2019RATT02	m	NULL	NULL	France
5235299	4	25	2767	RNSEA2023	f	333fm	Martin Vædele Egdal	2013EGDA02	m	NULL	NULL	Denmark
5235300	5	25	2800	RNSEA2023	f	333fm	Alexander Botz	2013BOTZ01	m	NULL	NULL	Germany
5235311	16	23	-1	RNSEA2023	f	333fm	Malte Ihlefeld	2016IHLE01	m	NULL	NULL	Germany
5235312	17	24	-1	RNSEA2023	f	333fm	Noah Kraft	2016KRAF01	m	NULL	NULL	Germany
5235313	18	25	-1	RNSEA2023	f	333fm	Adrien Neveu	2018NEVE02	m	NULL	NULL	France
5236822	1	22	2300	ABHM2023	f	333fm	Jaye Sloan	2022SLOA01	m	NULL	NR	United Kingdom
5236823	2	23	2633	ABHM2023	f	333fm	Harry Savage	2013SAVA01	m	NULL	NULL	United Kingdom
5236824	3	24	2700	ABHM2023	f	333fm	Fabio Schwandt	2014SCHW02	m	NULL	NULL	United Kingdom
5236825	4	24	2833	ABHM2023	f	333fm	Ben Stokes	2018STOK01	m	NULL	NULL	United Kingdom
5236887	1	25	2733	SilentBrasilia2023	f	333fm	Anuar Miguel Abib Onofre	2015ONOF01	m	NULL	NULL	Brazil
5250930	1	21	2233	SingaporeSilentSeptember2023	f	333fm	Firstian Fushada (符逢城)	2015FUSH01	m	NULL	NULL	Indonesia
5250931	2	23	2333	SingaporeSilentSeptember2023	f	333fm	Wong Chong Wen (黄崇文)	2014WENW01	m	NULL	NULL	Singapore
5250932	3	23	2733	SingaporeSilentSeptember2023	f	333fm	Chang Hong Liang (张泓量)	2016LIAN02	m	NULL	NULL	Singapore
5253161	1	24	2533	DanishFMChampionship2023	f	333fm	Adam Marcellus Kelly	2016KELL10	m	NULL	NULL	USA
5253163	3	25	2767	DanishFMChampionship2023	f	333fm	Ida Exner	2017EXNE01	m	NULL	NULL	Denmark
5254788	2	23	3033	PaceBlindCrazyStockholm2023	f	333fm	Willem Klose	2017KLOS01	m	NULL	NULL	Germany
5254790	4	25	3233	PaceBlindCrazyStockholm2023	f	333fm	Daniel Wallin	2013WALL03	m	NULL	NULL	Sweden
5254793	7	25	-1	PaceBlindCrazyStockholm2023	f	333fm	Mauro Moisés Ortega López	2016LOPE44	m	NULL	NULL	Spain
5257229	1	21	2367	NacionalesArgentinas2023	f	333fm	Guido Dipietro	2013DIPI01	m	NULL	NULL	Argentina
5259257	1	22	2300	HarrowAutumn2023	f	333fm	Fabio Schwandt	2014SCHW02	m	NULL	NR	United Kingdom
5259258	2	23	2433	HarrowAutumn2023	f	333fm	Harry Savage	2013SAVA01	m	NULL	NULL	United Kingdom
5259259	3	25	2900	HarrowAutumn2023	f	333fm	Harry Owen	2017OWEN01	m	NULL	NULL	United Kingdom
5259267	11	25	-1	HarrowAutumn2023	f	333fm	Jaye Sloan	2022SLOA01	m	NULL	NULL	United Kingdom
5262515	2	22	3100	OregonChampionship2023	f	333fm	Ash Black	2017BLAC06	m	NULL	NULL	USA
5271389	2	20	3167	PocosCuposBogotaIII2023	f	333fm	Michael Andres Castillo Lemus	2011CAST02	m	NR	NULL	Colombia
5275224	2	25	-1	GrizzCubingLeagueI2023	f	333fm	Ben Streeter	2013STRE01	m	NULL	NULL	USA
5281562	1	25	3067	KyivFMCFriendsIV2023	f	333fm	Yurii Riabov (Юрій Рябов)	2018RIAB01	m	NULL	NULL	Ukraine
5281565	4	25	-1	KyivFMCFriendsIV2023	f	333fm	Serhii Mormul (Сергій Мормуль)	2012MORM01	m	NULL	NULL	Ukraine
5300529	2	25	2967	VisayasChampionship2023	f	333fm	Cian-Jyun Yang (楊謙君)	2019YANG94	m	NULL	NULL	Taiwan
5306765	1	19	2000	FMCJohorBahru2023	1	333fm	Wong Chong Wen (黄崇文)	2014WENW01	m	NR	WR	Singapore
5306766	2	22	2200	FMCJohorBahru2023	1	333fm	Firstian Fushada (符逢城)	2015FUSH01	m	NULL	NR	Indonesia
5306767	3	23	2500	FMCJohorBahru2023	1	333fm	Luis Tan Hong Yi (陈宏溢)	2023YILU01	m	NULL	NULL	Singapore
5306768	3	23	2500	FMCJohorBahru2023	1	333fm	Ang Chin Zhen (洪靖程)	2016ZHEN09	m	NULL	NULL	Malaysia
5306782	1	23	2333	FMCJohorBahru2023	f	333fm	Wong Chong Wen (黄崇文)	2014WENW01	m	NULL	NULL	Singapore
5306783	2	24	2433	FMCJohorBahru2023	f	333fm	Ang Chin Zhen (洪靖程)	2016ZHEN09	m	NULL	NULL	Malaysia
5306784	3	24	2467	FMCJohorBahru2023	f	333fm	Firstian Fushada (符逢城)	2015FUSH01	m	NULL	NULL	Indonesia
5306793	1	20	2167	SzansaCubingOpenWarsaw2023	f	333fm	Radomił Baran	2020BARA02	m	NULL	ER	Poland
5306794	2	22	2400	SzansaCubingOpenWarsaw2023	f	333fm	Wojciech Rogoziński	2019ROGO04	m	NULL	NULL	Poland
5306795	3	23	2400	SzansaCubingOpenWarsaw2023	f	333fm	Cyprian Kalbarczyk	2016KALB01	m	NULL	NULL	Poland
5306796	4	22	2600	SzansaCubingOpenWarsaw2023	f	333fm	Krzysztof Pietrusiak	2019PIET01	m	NULL	NULL	Poland
5306804	12	20	-1	SzansaCubingOpenWarsaw2023	f	333fm	Radosław Opoka	2013OPOK01	m	NULL	NULL	Poland
5312880	1	25	2567	NittedalMentalBreakdown2023	f	333fm	Jan Bentlage	2010BENT01	m	NULL	NULL	Germany
5313603	1	23	2433	SwoopinSilenceOxford2023	f	333fm	Simon Kellum	2016KELL12	m	NULL	NULL	USA
5313604	2	24	2500	SwoopinSilenceOxford2023	f	333fm	Carter Kucala	2015KUCA01	m	NULL	NULL	USA
5313606	4	25	2933	SwoopinSilenceOxford2023	f	333fm	Luke Garrett	2017GARR05	m	NULL	NULL	USA
5313612	10	23	-1	SwoopinSilenceOxford2023	f	333fm	Brian Johnson	2013JOHN10	m	NULL	NULL	USA
5327401	1	23	2467	NewhamAutumnBBO2023	f	333fm	Fabio Schwandt	2014SCHW02	m	NULL	NULL	United Kingdom
5327402	2	24	2533	NewhamAutumnBBO2023	f	333fm	Jaye Sloan	2022SLOA01	m	NULL	NULL	United Kingdom
5329041	1	23	0	ChattogramCubeOpen2023	f	333fm	Mosfikul Islam	2023ISLA08	1	NR	NULL	Bangladesh
5329042	2	25	0	ChattogramCubeOpen2023	f	333fm	Talha Harun	2023HARU01	1	NULL	NULL	Bangladesh
5333965	1	21	2300	EretumVMegamindEdition2023	1	333fm	Jan Bentlage	2010BENT01	m	NULL	NULL	Germany
5333980	1	25	2633	EretumVMegamindEdition2023	f	333fm	Jan Bentlage	2010BENT01	m	NULL	NULL	Germany
5333987	8	25	-1	EretumVMegamindEdition2023	f	333fm	Lorenzo Mauro	2014MAUR06	m	NULL	NULL	Italy
5343109	1	25	2667	AustralianNationalsFMC2023	f	333fm	Nicolas Gertner Kilian	2013GERT01	m	NULL	NULL	France
5343110	2	24	2767	AustralianNationalsFMC2023	f	333fm	Joshua Hounslow	2016HOUN01	m	NULL	NULL	Australia
5343111	3	25	2900	AustralianNationalsFMC2023	f	333fm	Riley Dexter	2016DEXT01	m	NULL	NULL	Australia
5343114	6	25	3200	AustralianNationalsFMC2023	f	333fm	Christopher Reid	2022REID01	m	NULL	NULL	Australia
5343139	30	19	-1	AustralianNationalsFMC2023	f	333fm	Jayden McNeill	2012MCNE01	m	OcR	NULL	Australia
5343140	31	23	-1	AustralianNationalsFMC2023	f	333fm	Tommy Kiprillis	2014KIPR01	m	NULL	NULL	Australia
5343268	11	21	-1	BMME3x3Day2023	f	333fm	Jeremy Mrzyglocki	2019MRZY01	m	NULL	NULL	Germany
5349344	1	19	2067	MYHMIndonesianChampionship2023	f	333fm	Firstian Fushada (符逢城)	2015FUSH01	m	NR	NR	Indonesia
5349345	1	19	2067	MYHMIndonesianChampionship2023	f	333fm	Wong Chong Wen (黄崇文)	2014WENW01	m	NR	NULL	Singapore
5350732	1	22	2500	DontDNSDenton2023	1	333fm	Noah Swor	2017SWOR01	m	NULL	NULL	USA
5350733	2	24	2533	DontDNSDenton2023	1	333fm	Jeremy Sheng	2019SHEN10	m	NULL	NULL	USA
5350734	3	23	2667	DontDNSDenton2023	1	333fm	Ray Bai	2014BAIR01	m	NULL	NULL	USA
5350735	4	25	3133	DontDNSDenton2023	1	333fm	Ryan Pilat	2016PILA03	m	NULL	NULL	USA
5350753	1	24	2633	DontDNSDenton2023	2	333fm	Noah Swor	2017SWOR01	m	NULL	NULL	USA
5350754	2	25	2633	DontDNSDenton2023	2	333fm	Jeremy Sheng	2019SHEN10	m	NULL	NULL	USA
5350768	1	24	2467	DontDNSDenton2023	f	333fm	Noah Swor	2017SWOR01	m	NULL	NULL	USA
5350769	2	24	2733	DontDNSDenton2023	f	333fm	Ray Bai	2014BAIR01	m	NULL	NULL	USA
5350776	9	24	-1	DontDNSDenton2023	f	333fm	Jeremy Sheng	2019SHEN10	m	NULL	NULL	USA
5359469	1	24	2433	NewEnglandFMCWarmup2023	1	333fm	Levi Gibson	2018GIBS04	m	NULL	NULL	USA
5359470	2	24	2467	NewEnglandFMCWarmup2023	1	333fm	Krish Shah-Nathwani	2015SHAH09	m	NULL	NULL	USA
5359479	1	22	2333	NewEnglandFMCWarmup2023	f	333fm	Krish Shah-Nathwani	2015SHAH09	m	NULL	NULL	USA
5359480	2	24	2500	NewEnglandFMCWarmup2023	f	333fm	Levi Gibson	2018GIBS04	m	NULL	NULL	USA
5362164	1	24	0	SwisscubingCupFinal2023	f	333fm	Tobias Peter	2014PETE03	1	NULL	NULL	Switzerland
5362165	2	25	0	SwisscubingCupFinal2023	f	333fm	Noah Kraft	2016KRAF01	1	NULL	NULL	Germany
5365858	1	24	2500	CzechFMCChampionship2023	f	333fm	Matěj Grohmann	2015GROH02	m	NULL	NULL	Czech Republic
5365859	2	25	2600	CzechFMCChampionship2023	f	333fm	Jan Riedl	2019RIED01	m	NULL	NULL	Czech Republic
5371009	1	22	2300	PleaseBeQuietBergen2023	f	333fm	Jan Bentlage	2010BENT01	m	NULL	NULL	Germany
5371015	7	23	-1	PleaseBeQuietBergen2023	f	333fm	Jakob Jernsletten	2018JERN01	m	NR	NULL	Norway
5378201	1	21	2267	PolishChampionship2023	f	333fm	Wojciech Rogoziński	2019ROGO04	m	NULL	NULL	Poland
5378202	2	22	2333	PolishChampionship2023	f	333fm	Bartosz Karpiński	2019KARP03	m	NULL	NULL	Poland
5378203	3	22	2367	PolishChampionship2023	f	333fm	Radomił Baran	2020BARA02	m	NULL	NULL	Poland
5378204	4	21	2567	PolishChampionship2023	f	333fm	Jan Zych	2014ZYCH01	m	NULL	NULL	Poland
5378205	5	23	2567	PolishChampionship2023	f	333fm	Dawid Wójcik	2016WOJC04	m	NULL	NULL	Poland
5378206	6	23	2600	PolishChampionship2023	f	333fm	Krzysztof Pietrusiak	2019PIET01	m	NULL	NULL	Poland
5378207	7	25	2767	PolishChampionship2023	f	333fm	Paweł Duraj	2016DURA09	m	NULL	NULL	Poland
5378221	21	21	-1	PolishChampionship2023	f	333fm	Jakub Bartos	2014BART06	m	NULL	NULL	Poland
5381205	1	24	2500	CampeonatoBrasileiroFMC2023	1	333fm	Anuar Miguel Abib Onofre	2015ONOF01	m	NULL	NR	Brazil
5381228	1	25	2567	CampeonatoBrasileiroFMC2023	f	333fm	Anuar Miguel Abib Onofre	2015ONOF01	m	NULL	NULL	Brazil
5382121	1	25	0	SumofRanksGranada2023	f	333fm	Jordi Lleixà López	2023LOPE09	1	NULL	NULL	Spain
5386672	1	21	2200	UCSDExtravaganzaPBQ2023	f	333fm	Kyeongmin Choi (최경민)	2017CHOI07	m	NULL	NR	Korea
5388357	1	19	2167	NewEnglandChampionship2023	f	333fm	Krish Shah-Nathwani	2015SHAH09	m	NULL	NULL	USA
5388358	2	19	2367	NewEnglandChampionship2023	f	333fm	Levi Gibson	2018GIBS04	m	NULL	NULL	USA
5388359	3	25	2767	NewEnglandChampionship2023	f	333fm	Nikhil Soares	2015SOAR01	m	NULL	NULL	India
5388360	4	20	2900	NewEnglandChampionship2023	f	333fm	Erik Johnson	2007JOHN02	m	NULL	NULL	USA
5388368	12	20	-1	NewEnglandChampionship2023	f	333fm	Aedan Bryant	2017BRYA06	m	NULL	NULL	USA
5391722	1	25	2667	GemCityAirplaneModeIV2023	f	333fm	Evan Brown	2013BROW04	m	NULL	NULL	USA
5392568	1	21	2367	RubiksUKChampionshipFMC2023	f	333fm	Yunhao Lou (娄云皓)	2017LOUY01	m	NULL	NULL	China
5392569	2	22	2400	RubiksUKChampionshipFMC2023	f	333fm	Harry Savage	2013SAVA01	m	NULL	NULL	United Kingdom
5392570	2	22	2400	RubiksUKChampionshipFMC2023	f	333fm	Jaye Sloan	2022SLOA01	m	NULL	NULL	United Kingdom
5392571	4	21	2467	RubiksUKChampionshipFMC2023	f	333fm	Fabio Schwandt	2014SCHW02	m	NULL	NULL	United Kingdom
5392572	5	23	2733	RubiksUKChampionshipFMC2023	f	333fm	Rayan Islam	2022ISLA08	m	NULL	NULL	United Kingdom
5392599	32	25	-1	RubiksUKChampionshipFMC2023	f	333fm	Lichi Fang (方力驰)	2018FANG03	m	NULL	NULL	China
5394238	1	21	2300	FMCSpanishChampionship2023	f	333fm	Mauro Moisés Ortega López	2016LOPE44	m	NULL	NULL	Spain
5394239	2	25	2600	FMCSpanishChampionship2023	f	333fm	Rafael Rodriguez Santana	2012SANT12	m	NULL	NULL	Spain
5394240	3	20	2667	FMCSpanishChampionship2023	f	333fm	Nicolas Gertner Kilian	2013GERT01	m	NULL	NULL	France
5400795	10	23	-1	EmpireStateFallFocus2023	f	333fm	Levi Gibson	2018GIBS04	m	NULL	NULL	USA
5405888	1	19	2167	GreatLakesFMCChampionship2023	f	333fm	Cale Schoon	2014SCHO02	m	NULL	NULL	USA
5405889	2	23	2400	GreatLakesFMCChampionship2023	f	333fm	Mark Boyanowski	2014BOYA01	m	NULL	NULL	USA
5405890	3	22	2533	GreatLakesFMCChampionship2023	f	333fm	Evan Brown	2013BROW04	m	NULL	NULL	USA
5405891	4	25	2600	GreatLakesFMCChampionship2023	f	333fm	Carter Kucala	2015KUCA01	m	NULL	NULL	USA
5405892	5	24	2633	GreatLakesFMCChampionship2023	f	333fm	Noah Swor	2017SWOR01	m	NULL	NULL	USA
5405893	6	25	2667	GreatLakesFMCChampionship2023	f	333fm	Walker Welch	2011WELC01	m	NULL	NULL	USA
5405894	6	25	2667	GreatLakesFMCChampionship2023	f	333fm	Stanley Chapel	2016CHAP04	m	NULL	NULL	USA
5405896	9	24	2900	GreatLakesFMCChampionship2023	f	333fm	Zeke Mackay	2015MACK06	m	NULL	NULL	USA
5405910	23	23	-1	GreatLakesFMCChampionship2023	f	333fm	Brian Johnson	2013JOHN10	m	NULL	NULL	USA
5405911	24	24	-1	GreatLakesFMCChampionship2023	f	333fm	Akshaansh Chilakapati	2016CHIL02	m	NULL	NULL	India
5405912	25	25	-1	GreatLakesFMCChampionship2023	f	333fm	Luke Garrett	2017GARR05	m	NULL	NULL	USA
5405913	25	25	-1	GreatLakesFMCChampionship2023	f	333fm	Ivan Krueger	2016KRUE01	m	NULL	NULL	USA
5405914	25	25	-1	GreatLakesFMCChampionship2023	f	333fm	Simon Kellum	2016KELL12	m	NULL	NULL	USA
5406419	1	23	3000	Bartebyen2023	f	333fm	Jakob Jernsletten	2018JERN01	m	NR	NULL	Norway
5406825	1	22	2267	HalfTurnsHataitai2023	1	333fm	Tom Nelson	2013NELS01	m	NR	NR	New Zealand
5406826	2	23	2733	HalfTurnsHataitai2023	1	333fm	Aneurin Hunt	2010HUNT02	m	NULL	NULL	New Zealand
5406839	1	24	2533	HalfTurnsHataitai2023	f	333fm	Tom Nelson	2013NELS01	m	NULL	NULL	New Zealand
5413203	1	24	2633	PBQUtahChampionship2023	f	333fm	Lewis Isom	2018ISOM02	m	NULL	NULL	USA
5413204	2	25	2833	PBQUtahChampionship2023	f	333fm	Bradley Sampson	2008SAMP01	m	NULL	NULL	USA
5413848	1	23	2567	RoskildeForAlle2023	f	333fm	Ida Exner	2017EXNE01	m	NULL	NULL	Denmark
5413858	11	23	-1	RoskildeForAlle2023	f	333fm	Theodor Nordstrand	2016NORD02	m	NULL	NULL	Sweden
5414168	1	24	2733	MiniMentalMilanoI2023	1	333fm	Lorenzo Mauro	2014MAUR06	m	NULL	NULL	Italy
5414181	1	24	2900	MiniMentalMilanoI2023	f	333fm	Lorenzo Mauro	2014MAUR06	m	NULL	NULL	Italy
5422335	1	23	0	SouthGermany2023	f	333fm	Dunhui Xiao (肖敦慧)	2018XIAO03	1	NULL	NULL	Germany
5422336	2	25	0	SouthGermany2023	f	333fm	Mats Walker	2021WALK02	1	NULL	NULL	Germany
5429518	1	24	2533	HungarianOpen2023	f	333fm	Nicolas Gertner Kilian	2013GERT01	m	NULL	NULL	France
5429519	2	23	2667	HungarianOpen2023	f	333fm	Bence Barát	2008BARA01	m	NULL	NULL	Hungary
5429520	3	21	2767	HungarianOpen2023	f	333fm	Marcel Ručigaj	2016RUCI01	m	NR	NR	Slovenia
5429534	17	25	-1	HungarianOpen2023	f	333fm	Thomas Strasser	2022STRA10	m	NULL	NULL	Austria
5430387	6	25	-1	CaminodelaPlataOpen2023	f	333fm	Zhedong Wang (王哲栋)	2015WANG83	m	NULL	NULL	China
5436592	1	22	0	SSLVIIIJonkoping2023	f	333fm	William Jensen	2016JENS09	1	NULL	NULL	Sweden
5437709	6	25	-1	ZomblindersLima2023	f	333fm	Giordano Limber Aguilar Allcca	2019ALLC01	m	NR	NULL	Peru
5448585	1	23	2900	Cube4funLublininStaszic2023	f	333fm	Pavel Yushkevich	2013YUSH01	m	NULL	NULL	Belarus
5450142	1	21	2200	NhoodXperienceSideEvents2023	f	333fm	Mauro Moisés Ortega López	2016LOPE44	m	NULL	NULL	Spain
5450143	2	24	2500	NhoodXperienceSideEvents2023	f	333fm	Nicolas Gertner Kilian	2013GERT01	m	NULL	NULL	France
5450144	3	23	2633	NhoodXperienceSideEvents2023	f	333fm	Pavlo Bondar (Павло Бондар)	2018BOND03	m	NULL	NULL	Ukraine
5450145	4	22	2700	NhoodXperienceSideEvents2023	f	333fm	Vasco Vasconcelos	2008VASC01	m	NR	NULL	Portugal
5450161	20	23	-1	NhoodXperienceSideEvents2023	f	333fm	Oscar Sánchez Najarro	2017NAJA02	m	NULL	NULL	Spain
5454818	4	23	-1	StockholmMentalMeltdown2023	f	333fm	Theodor Nordstrand	2016NORD02	m	NULL	NULL	Sweden
5455638	1	23	0	WarsawCubeMasters2023	f	333fm	Radomił Baran	2020BARA02	1	NULL	NULL	Poland
5455639	2	25	0	WarsawCubeMasters2023	f	333fm	Dawid Wójcik	2016WOJC04	1	NULL	NULL	Poland
5459891	1	22	0	MalpensaICQualifier2023	f	333fm	Marco Rota	2009ROTA01	1	NULL	NULL	Italy
5461282	1	24	2633	BavarianOpen2023	f	333fm	Dunhui Xiao (肖敦慧)	2018XIAO03	m	NULL	NULL	Germany
5461283	2	25	2633	BavarianOpen2023	f	333fm	Noah Kraft	2016KRAF01	m	NULL	NULL	Germany
5461284	3	25	2733	BavarianOpen2023	f	333fm	Mats Walker	2021WALK02	m	NULL	NULL	Germany
5461285	4	25	2933	BavarianOpen2023	f	333fm	Linus Frész	2011FRES01	m	NULL	NULL	Germany
5469361	1	22	2433	RockyMountainChampionship2023	f	333fm	Brian Johnson	2013JOHN10	m	NULL	NULL	USA
5469362	2	25	2533	RockyMountainChampionship2023	f	333fm	Carter Kucala	2015KUCA01	m	NULL	NULL	USA
5469363	3	25	2900	RockyMountainChampionship2023	f	333fm	Samuel Baird	2016BAIR01	m	NULL	NULL	USA
5469364	4	25	2967	RockyMountainChampionship2023	f	333fm	Benjamin Gottschalk	2016GOTT01	m	NULL	NULL	USA
5469387	27	22	-1	RockyMountainChampionship2023	f	333fm	Lewis Isom	2018ISOM02	m	NULL	NULL	USA
5471084	1	22	2433	FitchburgFMCII2023	f	333fm	Simon Kellum	2016KELL12	m	NULL	NULL	USA
5471085	2	22	2600	FitchburgFMCII2023	f	333fm	Carter Kucala	2015KUCA01	m	NULL	NULL	USA
5471089	6	22	-1	FitchburgFMCII2023	f	333fm	Brian Johnson	2013JOHN10	m	NULL	NULL	USA
5471090	1	20	2267	2RoundsofFMCinRzeszow2023	1	333fm	Radomił Baran	2020BARA02	m	NULL	NULL	Poland
5471100	1	22	2233	2RoundsofFMCinRzeszow2023	f	333fm	Radomił Baran	2020BARA02	m	NULL	NULL	Poland
5474874	1	24	2767	FMCUkraineFriendship2023	f	333fm	Yurii Riabov (Юрій Рябов)	2018RIAB01	m	NULL	NULL	Ukraine
5475950	1	23	0	MelbourneCubeDays2023	f	333fm	David Epstein	2016EPST02	1	NULL	NULL	Australia
5475951	2	24	0	MelbourneCubeDays2023	f	333fm	Cameron Stollery	2010STOL01	1	NULL	NULL	Australia
5475952	2	24	0	MelbourneCubeDays2023	f	333fm	Ziqi Ding	2021DING02	1	NULL	NULL	Australia
5476708	1	25	0	AllRoundersinStobierna2023	f	333fm	Radomił Baran	2020BARA02	1	NULL	NULL	Poland
5477609	1	25	0	KoelnerKubing2023	f	333fm	Dunhui Xiao (肖敦慧)	2018XIAO03	1	NULL	NULL	Germany
5477610	1	25	0	KoelnerKubing2023	f	333fm	Jan Bentlage	2010BENT01	1	NULL	NULL	Germany
5487784	1	25	2700	VirginiaChampionship2023	f	333fm	Stanley Chapel	2016CHAP04	m	NULL	NULL	USA
5487785	2	24	2900	VirginiaChampionship2023	f	333fm	Daniel Goodman	2013GOOD01	m	NULL	NULL	USA
5492442	1	23	2333	FMCFrance2023	1	333fm	Louis-Marie Ratto	2019RATT02	m	NULL	NULL	France
5492457	16	21	-1	FMCFrance2023	1	333fm	Nicolas Gertner Kilian	2013GERT01	m	NULL	NULL	France
5492458	17	23	-1	FMCFrance2023	1	333fm	Mauro Moisés Ortega López	2016LOPE44	m	NULL	NULL	Spain
5492459	17	23	-1	FMCFrance2023	1	333fm	Adrien Neveu	2018NEVE02	m	NULL	NULL	France
5492460	19	25	-1	FMCFrance2023	1	333fm	Alexis Le Merrer	2019MERR02	m	NULL	NULL	France
5492470	1	20	2300	FMCFrance2023	f	333fm	Alexis Le Merrer	2019MERR02	m	NULL	NULL	France
5492471	2	22	2433	FMCFrance2023	f	333fm	Louis-Marie Ratto	2019RATT02	m	NULL	NULL	France
5492472	3	25	2567	FMCFrance2023	f	333fm	Mauro Moisés Ortega López	2016LOPE44	m	NULL	NULL	Spain
5494804	1	19	2100	NoNoiseNovemberSingapore2023	f	333fm	Firstian Fushada (符逢城)	2015FUSH01	m	NR	NULL	Indonesia
5494805	2	19	2200	NoNoiseNovemberSingapore2023	f	333fm	Wong Chong Wen (黄崇文)	2014WENW01	m	NR	NULL	Singapore
5494806	3	25	2600	NoNoiseNovemberSingapore2023	f	333fm	Chang Hong Liang (张泓量)	2016LIAN02	m	NULL	NULL	Singapore
5494807	4	25	2667	NoNoiseNovemberSingapore2023	f	333fm	Lim Chun Yik (林峻毅)	2018YIKL01	m	NULL	NULL	Malaysia
5494814	11	25	-1	NoNoiseNovemberSingapore2023	f	333fm	Dylan Seah Tze Siang (谢智翔)	2015SIAN01	m	NULL	NULL	Singapore
5503233	1	21	2233	FMCNewZealand2023	f	333fm	Tom Nelson	2013NELS01	m	NR	NR	New Zealand
5503234	2	25	3000	FMCNewZealand2023	f	333fm	Cheng-Ru Yang	2015YANG23	m	NULL	NULL	New Zealand
5503252	20	24	-1	FMCNewZealand2023	f	333fm	Aneurin Hunt	2010HUNT02	m	NULL	NULL	New Zealand
5514466	1	22	2500	Minisota2023	f	333fm	Evan Brown	2013BROW04	m	NULL	NULL	USA
5514467	2	23	2500	Minisota2023	f	333fm	Simon Kellum	2016KELL12	m	NULL	NULL	USA
5514468	3	25	2667	Minisota2023	f	333fm	Carter Kucala	2015KUCA01	m	NULL	NULL	USA
5515366	1	23	2467	AyaseFMC2023	f	333fm	Yuki Sako	2023SAKO02	m	NULL	NULL	Japan
5515367	2	22	2567	AyaseFMC2023	f	333fm	Shota Wakabayashi (若林翔太)	2023KADO01	m	NULL	NULL	Japan
5515368	3	23	2567	AyaseFMC2023	f	333fm	Kazuya Ishii (石井一也)	2019ISHI07	m	NULL	NULL	Japan
5515369	4	25	2767	AyaseFMC2023	f	333fm	Shuto Ueno (上野柊斗)	2008UENO01	m	NULL	NULL	Japan
5515372	7	25	3233	AyaseFMC2023	f	333fm	Hajime Miyazaki (宮崎朔)	2022MIYA01	m	NULL	NULL	Japan
5522733	1	22	2400	SantaFeOClock2023	f	333fm	Guido Dipietro	2013DIPI01	m	NULL	NULL	Argentina
5524802	1	24	2700	FMCItaly2023	f	333fm	Tommaso Raposio	2014RAPO01	m	NULL	NULL	Italy
5524829	28	22	-1	FMCItaly2023	f	333fm	Lorenzo Mauro	2014MAUR06	m	NULL	NULL	Italy
5525110	1	20	2133	PoznanAutumn2023	f	333fm	Radomił Baran	2020BARA02	m	NULL	ER	Poland
5525111	2	21	2233	PoznanAutumn2023	f	333fm	Wojciech Rogoziński	2019ROGO04	m	NULL	NULL	Poland
5525113	4	23	2800	PoznanAutumn2023	f	333fm	Igor Tarasov	2016TARA04	m	NULL	NULL	Ukraine
5527665	1	22	2667	MountainViewMultiMadness2023	1	333fm	Stanley Chapel	2016CHAP04	m	NULL	NULL	USA
5527681	1	23	2633	MountainViewMultiMadness2023	2	333fm	Stanley Chapel	2016CHAP04	m	NULL	NULL	USA
5527682	2	25	2833	MountainViewMultiMadness2023	2	333fm	Calvin Nielson	2014NIEL03	m	NULL	NULL	USA
5528772	1	22	2567	NoClockinLuzice2023	f	333fm	Szabolcs Szántai	2016SZAN01	m	NULL	NULL	Hungary
5532801	1	22	0	MalaysiaCubeChampionship2023	f	333fm	Wong Chong Wen (黄崇文)	2014WENW01	1	NULL	NULL	Singapore
5532802	2	23	0	MalaysiaCubeChampionship2023	f	333fm	Yifan Wang (王逸帆)	2017WANY29	1	NULL	NULL	China
5539397	1	20	2100	ThailandQuietChampionship2023	f	333fm	Wong Chong Wen (黄崇文)	2014WENW01	m	NULL	NULL	Singapore
5543135	1	21	2233	UCLAPBQ2023	f	333fm	Kyeongmin Choi (최경민)	2017CHOI07	m	NULL	NULL	Korea
5545648	1	23	2533	ShhSeattle2023	f	333fm	Jackson Warley	2008WARL01	m	NULL	NULL	USA
5554858	1	24	2567	FarumMeettheCats2023	1	333fm	Adam Marcellus Kelly	2016KELL10	m	NULL	NULL	USA
5561989	1	22	2667	IndianNationalsFMC2023	f	333fm	Advay Sant	2015SANT44	m	NULL	NULL	USA
5561991	3	23	2933	IndianNationalsFMC2023	f	333fm	Sundararajan	2022SUND04	m	NR	NULL	India
5561992	4	25	2967	IndianNationalsFMC2023	f	333fm	Shivam Bansal	2011BANS02	m	NULL	NULL	India
5562155	1	21	2267	RheinNeckarMentalBreakdown2023	1	333fm	Louis-Marie Ratto	2019RATT02	m	NULL	NULL	France
5562156	2	23	2400	RheinNeckarMentalBreakdown2023	1	333fm	Jan Bentlage	2010BENT01	m	NULL	NULL	Germany
5562157	3	24	2567	RheinNeckarMentalBreakdown2023	1	333fm	Dunhui Xiao (肖敦慧)	2018XIAO03	m	NULL	NULL	Germany
5562158	4	24	2667	RheinNeckarMentalBreakdown2023	1	333fm	Noah Kraft	2016KRAF01	m	NULL	NULL	Germany
5562159	5	25	2767	RheinNeckarMentalBreakdown2023	1	333fm	Adrien Neveu	2018NEVE02	m	NULL	NULL	France
5562173	19	25	-1	RheinNeckarMentalBreakdown2023	1	333fm	Jeremy Mrzyglocki	2019MRZY01	m	NULL	NULL	Germany
5562185	1	21	2133	RheinNeckarMentalBreakdown2023	2	333fm	Louis-Marie Ratto	2019RATT02	m	NULL	ER	France
5562186	2	21	2267	RheinNeckarMentalBreakdown2023	2	333fm	Nicolas Gertner Kilian	2013GERT01	m	NULL	NULL	France
5562187	3	22	2267	RheinNeckarMentalBreakdown2023	2	333fm	Jan Bentlage	2010BENT01	m	NULL	NULL	Germany
5562188	4	22	2367	RheinNeckarMentalBreakdown2023	2	333fm	Dunhui Xiao (肖敦慧)	2018XIAO03	m	NULL	NULL	Germany
5562189	5	23	2500	RheinNeckarMentalBreakdown2023	2	333fm	Adrien Neveu	2018NEVE02	m	NULL	NULL	France
5562190	6	25	2667	RheinNeckarMentalBreakdown2023	2	333fm	Jeremy Mrzyglocki	2019MRZY01	m	NULL	NULL	Germany
5562191	7	25	2700	RheinNeckarMentalBreakdown2023	2	333fm	Wilhelm Kilders	2010KILD02	m	NULL	NULL	Germany
5562193	9	22	3167	RheinNeckarMentalBreakdown2023	2	333fm	Felix Christian Schmidt	2022SCHM01	m	NULL	NULL	Germany
5562196	12	25	3367	RheinNeckarMentalBreakdown2023	2	333fm	Willem Klose	2017KLOS01	m	NULL	NULL	Germany
5562203	19	23	-1	RheinNeckarMentalBreakdown2023	2	333fm	Alexander Botz	2013BOTZ01	m	NULL	NULL	Germany
5562207	1	20	2300	RheinNeckarMentalBreakdown2023	f	333fm	Jan Bentlage	2010BENT01	m	NULL	NULL	Germany
5562208	2	20	2333	RheinNeckarMentalBreakdown2023	f	333fm	Louis-Marie Ratto	2019RATT02	m	NULL	NULL	France
5562209	3	21	2433	RheinNeckarMentalBreakdown2023	f	333fm	Dunhui Xiao (肖敦慧)	2018XIAO03	m	NULL	NULL	Germany
5562210	4	25	2533	RheinNeckarMentalBreakdown2023	f	333fm	Jeremy Mrzyglocki	2019MRZY01	m	NULL	NULL	Germany
5562211	5	25	2700	RheinNeckarMentalBreakdown2023	f	333fm	Noah Kraft	2016KRAF01	m	NULL	NULL	Germany
5562212	6	24	2767	RheinNeckarMentalBreakdown2023	f	333fm	Adrien Neveu	2018NEVE02	m	NULL	NULL	France
5562218	12	25	-1	RheinNeckarMentalBreakdown2023	f	333fm	Nicolas Gertner Kilian	2013GERT01	m	NULL	NULL	France
5566917	1	21	2333	KyivFMCFriendsV2023	f	333fm	Yurii Riabov (Юрій Рябов)	2018RIAB01	m	NR	NULL	Ukraine
5569392	7	25	-1	DontDNFDenton2023	f	333fm	Jeremy Sheng	2019SHEN10	m	NULL	NULL	USA
5569734	12	20	-1	BigNBlindBerwick2023	f	333fm	Jayden McNeill	2012MCNE01	m	NULL	NULL	Australia
5571038	1	24	0	TaiwanChampionship2023	f	333fm	Ko Youngjin (고영진)	2007YOUN04	1	NULL	NULL	Korea
5581910	1	22	2767	MexicanChampionship2023	f	333fm	Jesús Julián De Niz Hernandez	2014HERN12	m	NR	NULL	Mexico
5585821	1	24	2467	JLFinalKebabpizza2023	f	333fm	Theodor Nordstrand	2016NORD02	m	NULL	NULL	Sweden
5589373	1	21	2300	PittsburghBeQuiet2023	1	333fm	AJ Kamal	2016KAMA04	m	NULL	NULL	USA
5589374	2	22	2333	PittsburghBeQuiet2023	1	333fm	Daniel Karnaukh	2014KARN02	m	NULL	NULL	USA
5589375	3	22	2367	PittsburghBeQuiet2023	1	333fm	Chris Chi	2014CHIC01	m	NULL	NULL	USA
5589376	4	23	2467	PittsburghBeQuiet2023	1	333fm	Jackson Warley	2008WARL01	m	NULL	NULL	USA
5589377	5	25	2600	PittsburghBeQuiet2023	1	333fm	Owen Widdis	2015WIDD01	m	NULL	NULL	USA
5589386	1	23	2367	PittsburghBeQuiet2023	f	333fm	Daniel Karnaukh	2014KARN02	m	NULL	NULL	USA
5589387	2	24	2500	PittsburghBeQuiet2023	f	333fm	AJ Kamal	2016KAMA04	m	NULL	NULL	USA
5589388	3	25	2633	PittsburghBeQuiet2023	f	333fm	Owen Widdis	2015WIDD01	m	NULL	NULL	USA
5595438	1	23	2500	MiddletonFMC2023	f	333fm	Carter Kucala	2015KUCA01	m	NULL	NULL	USA
5595439	2	23	2567	MiddletonFMC2023	f	333fm	Simon Kellum	2016KELL12	m	NULL	NULL	USA
5595441	4	24	-1	MiddletonFMC2023	f	333fm	Brian Johnson	2013JOHN10	m	NULL	NULL	USA
5595444	1	22	2400	KoreanFMCChampionship2023	1	333fm	Takumi Tamura (田村匠)	2019TAMU01	m	NULL	NULL	Japan
5595445	2	24	2500	KoreanFMCChampionship2023	1	333fm	Dohyun Kim (김도현)	2013KIMD01	m	NULL	NULL	Korea
5595446	3	19	2533	KoreanFMCChampionship2023	1	333fm	Jaehyun Jeong (정재현)	2016JEON02	m	NR	NULL	Korea
5595447	4	24	2567	KoreanFMCChampionship2023	1	333fm	Danny Sungin Park (박성인)	2015PARK13	m	NULL	NULL	USA
5595477	1	22	2500	KoreanFMCChampionship2023	f	333fm	Dohyun Kim (김도현)	2013KIMD01	m	NULL	NULL	Korea
5595478	2	25	2600	KoreanFMCChampionship2023	f	333fm	DongSoo Park (박동수)	2017PARK05	m	NULL	NULL	Korea
5600704	1	24	2633	XianOpen2023	f	333fm	Jibo Zhao (赵吉波)	2010ZHAO11	m	NULL	NULL	China
5600706	3	22	2733	XianOpen2023	f	333fm	Kun Zhu (朱坤)	2011ZHUK01	m	NULL	NULL	China
5600707	4	23	2733	XianOpen2023	f	333fm	Jiashun Wu (吴嘉顺)	2016WUJI01	m	NULL	NULL	China
5601618	1	18	2367	GlendaleHeightsFMCWinter2023	f	333fm	Evan Brown	2013BROW04	m	NULL	NULL	USA
5601619	2	22	2400	GlendaleHeightsFMCWinter2023	f	333fm	Cale Schoon	2014SCHO02	m	NULL	NULL	USA
5601620	3	22	2467	GlendaleHeightsFMCWinter2023	f	333fm	Simon Kellum	2016KELL12	m	NULL	NULL	USA
5601621	4	22	2767	GlendaleHeightsFMCWinter2023	f	333fm	Brian Johnson	2013JOHN10	m	NULL	NULL	USA
5601627	10	25	-1	GlendaleHeightsFMCWinter2023	f	333fm	Ethan Cho	2018CHOE02	m	NULL	NULL	USA
5605060	1	23	2533	BlackUnicornBudapest2023	f	333fm	Bence Barát	2008BARA01	m	NULL	NULL	Hungary
5605065	6	25	-1	BlackUnicornBudapest2023	f	333fm	Dávid Balog	2009BALO03	m	NULL	NULL	Hungary
5614932	1	23	2367	MilwaukeeCubingMania2024	f	333fm	Daniel Karnaukh	2014KARN02	m	NULL	NULL	USA
5614933	2	23	2467	MilwaukeeCubingMania2024	f	333fm	Brian Johnson	2013JOHN10	m	NULL	NULL	USA
5614934	3	24	2500	MilwaukeeCubingMania2024	f	333fm	Carter Kucala	2015KUCA01	m	NULL	NULL	USA
5614935	4	24	2733	MilwaukeeCubingMania2024	f	333fm	Walker Welch	2011WELC01	m	NULL	NULL	USA
5614952	21	24	-1	MilwaukeeCubingMania2024	f	333fm	Simon Kellum	2016KELL12	m	NULL	NULL	USA
5619738	1	25	0	DontDNFDublin2024	f	333fm	Jan Bentlage	2010BENT01	1	NULL	NULL	Germany
5623659	1	21	2200	FMCPolandCzechiaSlovakia2024	f	333fm	Radomił Baran	2020BARA02	m	NULL	NULL	Poland
5623660	2	19	2267	FMCPolandCzechiaSlovakia2024	f	333fm	Wojciech Rogoziński	2019ROGO04	m	NR	NULL	Poland
5623661	3	22	2333	FMCPolandCzechiaSlovakia2024	f	333fm	Jan Riedl	2019RIED01	m	NULL	NR	Czech Republic
5623662	4	22	2400	FMCPolandCzechiaSlovakia2024	f	333fm	Jan Zych	2014ZYCH01	m	NULL	NULL	Poland
5623663	5	22	2500	FMCPolandCzechiaSlovakia2024	f	333fm	Bartosz Karpiński	2019KARP03	m	NULL	NULL	Poland
5623664	6	23	2533	FMCPolandCzechiaSlovakia2024	f	333fm	Bence Barát	2008BARA01	m	NULL	NULL	Hungary
5623665	7	22	2600	FMCPolandCzechiaSlovakia2024	f	333fm	Radosław Opoka	2013OPOK01	m	NULL	NULL	Poland
5623666	8	24	2667	FMCPolandCzechiaSlovakia2024	f	333fm	Krzysztof Pietrusiak	2019PIET01	m	NULL	NULL	Poland
5623667	8	24	2667	FMCPolandCzechiaSlovakia2024	f	333fm	Bence János Csuti	2014CSUT01	m	NULL	NULL	Hungary
5623672	14	23	3167	FMCPolandCzechiaSlovakia2024	f	333fm	Marcin Stachura	2011STAC01	m	NULL	NULL	Poland
5623699	41	23	-1	FMCPolandCzechiaSlovakia2024	f	333fm	Tomáš Nguyen	2014QUYN02	m	NULL	NULL	Czech Republic
5623700	41	23	-1	FMCPolandCzechiaSlovakia2024	f	333fm	Szabolcs Szántai	2016SZAN01	m	NULL	NULL	Hungary
5623701	41	23	-1	FMCPolandCzechiaSlovakia2024	f	333fm	Piotr Olszewski	2013OLSZ02	m	NULL	NULL	Poland
5624202	1	25	3000	PBQPickeringWinter2024	f	333fm	Jack Lee	2012LEEJ05	m	NULL	NULL	Canada
5627520	1	22	2867	PourGesteJaiGateau2024	f	333fm	Adrien Neveu	2018NEVE02	m	NULL	NULL	France
5627528	9	25	-1	PourGesteJaiGateau2024	f	333fm	Manu Dutheil	2018DUTH01	m	NULL	NULL	France
5639410	1	24	2567	OhioStateDuosI2024	f	333fm	Evan Brown	2013BROW04	m	NULL	NULL	USA
5639411	2	24	2600	OhioStateDuosI2024	f	333fm	Chris Chi	2014CHIC01	m	NULL	NULL	USA
5641697	1	25	3000	AutotaloAnimeAdventureII2024	1	333fm	Urho Kinnunen	2018KINN05	m	NULL	NULL	Finland
5647701	1	22	2333	FewBetterMeanItDiliman2024	1	333fm	Wong Chong Wen (黄崇文)	2014WENW01	m	NULL	NULL	Singapore
5647702	2	23	2500	FewBetterMeanItDiliman2024	1	333fm	Firstian Fushada (符逢城)	2015FUSH01	m	NULL	NULL	Indonesia
5647704	4	23	2800	FewBetterMeanItDiliman2024	1	333fm	Takumi Tamura (田村匠)	2019TAMU01	m	NULL	NULL	Japan
5647705	5	25	2833	FewBetterMeanItDiliman2024	1	333fm	Luis Tan Hong Yi (陈宏溢)	2023YILU01	m	NULL	NULL	Singapore
5647713	13	22	-1	FewBetterMeanItDiliman2024	1	333fm	Lim Chun Yik (林峻毅)	2018YIKL01	m	NULL	NULL	Malaysia
5647722	1	21	2233	FewBetterMeanItDiliman2024	2	333fm	Firstian Fushada (符逢城)	2015FUSH01	m	NULL	NULL	Indonesia
5647723	1	21	2233	FewBetterMeanItDiliman2024	2	333fm	Wong Chong Wen (黄崇文)	2014WENW01	m	NULL	NULL	Singapore
5647724	3	23	2500	FewBetterMeanItDiliman2024	2	333fm	Luis Tan Hong Yi (陈宏溢)	2023YILU01	m	NULL	NULL	Singapore
5647725	4	23	2633	FewBetterMeanItDiliman2024	2	333fm	Takumi Tamura (田村匠)	2019TAMU01	m	NULL	NULL	Japan
5647728	7	24	3367	FewBetterMeanItDiliman2024	2	333fm	Lim Chun Yik (林峻毅)	2018YIKL01	m	NULL	NULL	Malaysia
5647737	1	19	2100	FewBetterMeanItDiliman2024	f	333fm	Wong Chong Wen (黄崇文)	2014WENW01	m	NR	NULL	Singapore
5647738	2	22	2367	FewBetterMeanItDiliman2024	f	333fm	Takumi Tamura (田村匠)	2019TAMU01	m	NULL	NULL	Japan
5647745	9	21	-1	FewBetterMeanItDiliman2024	f	333fm	Firstian Fushada (符逢城)	2015FUSH01	m	NULL	NULL	Indonesia
5647746	10	24	-1	FewBetterMeanItDiliman2024	f	333fm	Lim Chun Yik (林峻毅)	2018YIKL01	m	NULL	NULL	Malaysia
5647747	11	25	-1	FewBetterMeanItDiliman2024	f	333fm	Luis Tan Hong Yi (陈宏溢)	2023YILU01	m	NULL	NULL	Singapore
5656979	1	21	2300	MelbourneSummer2024	f	333fm	Jayden McNeill	2012MCNE01	m	NULL	NULL	Australia
5656980	2	21	2367	MelbourneSummer2024	f	333fm	David Epstein	2016EPST02	m	NULL	NULL	Australia
5656981	3	24	2600	MelbourneSummer2024	f	333fm	Max Parris	2022PARR10	m	NULL	NULL	Australia
5657022	44	25	-1	MelbourneSummer2024	f	333fm	Tommy Kiprillis	2014KIPR01	m	NULL	NULL	Australia
5659908	1	23	2367	KyivFMCFriendsI2024	f	333fm	Yurii Riabov (Юрій Рябов)	2018RIAB01	m	NULL	NULL	Ukraine
5659909	2	23	3133	KyivFMCFriendsI2024	f	333fm	Roman Ostapenko (Роман Остапенко)	2009OSTA01	m	NULL	NULL	Ukraine
5673593	1	21	2200	NinerNationSilence2024	f	333fm	AJ Kamal	2016KAMA04	m	NULL	NULL	USA
5673594	2	22	2400	NinerNationSilence2024	f	333fm	Kerry Creech	2018CREE01	m	NULL	NULL	USA
5673595	3	23	2500	NinerNationSilence2024	f	333fm	Zachary Ochs	2016OCHS01	m	NULL	NULL	USA
5677604	1	24	2467	FMCPartyIIIIsrael2024	f	333fm	Ben Baron	2016BARO04	m	NULL	NULL	Israel
5677605	2	23	2733	FMCPartyIIIIsrael2024	f	333fm	Itamar Turm	2017TURM01	m	NULL	NULL	Israel
5677606	2	23	2733	FMCPartyIIIIsrael2024	f	333fm	Roy Tamir	2014TAMI01	m	NULL	NULL	Israel
5677612	9	24	-1	FMCPartyIIIIsrael2024	f	333fm	Zecharya Moshavi	2018MOSH01	m	NULL	NULL	Israel
5684963	1	21	2233	MYHMSingaporeChampionship2024	f	333fm	Wong Chong Wen (黄崇文)	2014WENW01	m	NULL	NULL	Singapore
5684964	2	22	2233	MYHMSingaporeChampionship2024	f	333fm	Firstian Fushada (符逢城)	2015FUSH01	m	NULL	NULL	Indonesia
5684965	3	22	2633	MYHMSingaporeChampionship2024	f	333fm	Luis Tan Hong Yi (陈宏溢)	2023YILU01	m	NULL	NULL	Singapore
5684966	4	23	2633	MYHMSingaporeChampionship2024	f	333fm	Cian-Jyun Yang (楊謙君)	2019YANG94	m	NULL	NULL	Taiwan
5684967	5	25	2733	MYHMSingaporeChampionship2024	f	333fm	Dylan Seah Tze Siang (谢智翔)	2015SIAN01	m	NULL	NULL	Singapore
5684969	7	22	2767	MYHMSingaporeChampionship2024	f	333fm	Ng Jia Quan (黄佳铨)	2015QUAN03	m	NULL	NULL	Malaysia
5684972	10	23	-1	MYHMSingaporeChampionship2024	f	333fm	Lim Chun Yik (林峻毅)	2018YIKL01	m	NULL	NULL	Malaysia
5693108	1	23	2667	LuganoBigBlind2024	f	333fm	Tommaso Raposio	2014RAPO01	m	NULL	NULL	Italy
5693744	1	22	2367	ArenaBerno5CityFM2024	1	333fm	Anuar Miguel Abib Onofre	2015ONOF01	m	NULL	NR	Brazil
5693755	1	24	2567	ArenaBerno5CityFM2024	f	333fm	Anuar Miguel Abib Onofre	2015ONOF01	m	NULL	NULL	Brazil
5694347	1	25	2933	PleaseBeQuietThailand2024	f	333fm	Yifan Wang (王逸帆)	2017WANY29	m	NULL	NULL	China
5694352	6	24	-1	PleaseBeQuietThailand2024	f	333fm	Yunqi Ouyang (欧阳韵奇)	2007YUNQ01	m	NULL	NULL	China
5706432	1	25	2800	FMCColombiaII2024	f	333fm	Hector David Martinez Argaez	2014ARGA01	m	NULL	NR	Colombia
5706433	2	24	3000	FMCColombiaII2024	f	333fm	Angel Alexis Carrillo Ramirez	2017RAMI08	m	NULL	NULL	Mexico
5711792	1	21	2400	Shhicago2024	f	333fm	Ishaan Lal	2014LALI01	m	NULL	NULL	USA
5711793	2	22	2433	Shhicago2024	f	333fm	Carter Kucala	2015KUCA01	m	NULL	NULL	USA
5711794	3	22	2467	Shhicago2024	f	333fm	Brian Johnson	2013JOHN10	m	NULL	NULL	USA
5711800	9	23	-1	Shhicago2024	f	333fm	Simon Kellum	2016KELL12	m	NULL	NULL	USA
5712782	1	24	2533	URJCOpen2024	f	333fm	Jan Bentlage	2010BENT01	m	NULL	NULL	Germany
5715085	1	22	2467	FMCWPI2024	f	333fm	Krish Shah-Nathwani	2015SHAH09	m	NULL	NULL	USA
5715086	2	24	2833	FMCWPI2024	f	333fm	Aedan Bryant	2017BRYA06	m	NULL	NULL	USA
5715092	8	25	-1	FMCWPI2024	f	333fm	Levi Gibson	2018GIBS04	m	NULL	NULL	USA
5722414	1	18	2333	PBQtah62024	f	333fm	Samuel Baird	2016BAIR01	m	NULL	NULL	USA
5722416	3	25	3533	PBQtah62024	f	333fm	Orion Leavitt-Lytle	2022LEAV01	m	NULL	NULL	USA
5723498	10	23	-1	ChristchurchMindGames2024	f	333fm	Tom Nelson	2013NELS01	m	NULL	NULL	New Zealand
5723499	11	25	-1	ChristchurchMindGames2024	f	333fm	Jonas Balsfulland	2012BALS01	m	NULL	NULL	Germany
5725191	9	24	-1	ClockMastersOpole2024	f	333fm	Krzysztof Pietrusiak	2019PIET01	m	NULL	NULL	Poland
5725192	9	24	-1	ClockMastersOpole2024	f	333fm	Nikita Grytsenko (Микита Гриценко)	2018GRYT01	m	NULL	NULL	Ukraine
5725193	11	25	-1	ClockMastersOpole2024	f	333fm	Michał Nikiel	2011NIKI01	m	NULL	NULL	Poland
5732283	1	21	2200	3BLDonaMadisonMoNona2024	1	333fm	Carter Kucala	2015KUCA01	m	NULL	NULL	USA
5732284	2	22	2267	3BLDonaMadisonMoNona2024	1	333fm	Cale Schoon	2014SCHO02	m	NULL	NULL	USA
5732285	3	24	2400	3BLDonaMadisonMoNona2024	1	333fm	Brian Johnson	2013JOHN10	m	NULL	NULL	USA
5732286	4	24	2633	3BLDonaMadisonMoNona2024	1	333fm	Jackson Warley	2008WARL01	m	NULL	NULL	USA
5732307	1	22	2367	3BLDonaMadisonMoNona2024	f	333fm	Cale Schoon	2014SCHO02	m	NULL	NULL	USA
5732308	2	23	2433	3BLDonaMadisonMoNona2024	f	333fm	Simon Kellum	2016KELL12	m	NULL	NULL	USA
5732309	3	23	2700	3BLDonaMadisonMoNona2024	f	333fm	Brian Johnson	2013JOHN10	m	NULL	NULL	USA
5732319	13	25	-1	3BLDonaMadisonMoNona2024	f	333fm	Carter Kucala	2015KUCA01	m	NULL	NULL	USA
5732320	13	25	-1	3BLDonaMadisonMoNona2024	f	333fm	Tommy Cherry	2015CHER07	m	NULL	NULL	USA
5733644	1	21	2433	CubeWithRetentioninDenton2024	f	333fm	Daniel Karnaukh	2014KARN02	m	NULL	NULL	USA
5737483	1	23	2367	GlasgowWinterSBO2024	f	333fm	Lichi Fang (方力驰)	2018FANG03	m	NULL	NULL	China
5737484	2	23	2433	GlasgowWinterSBO2024	f	333fm	Jaye Sloan	2022SLOA01	m	NULL	NULL	United Kingdom
5737485	3	25	2800	GlasgowWinterSBO2024	f	333fm	Kai Cui	2019CUIK03	m	NULL	NULL	United Kingdom
5742079	1	21	2433	FMCowOhioStateII2024	f	333fm	Evan Brown	2013BROW04	m	NULL	NULL	USA
5742085	7	24	-1	FMCowOhioStateII2024	f	333fm	Jacob Dyland Bennett	2023BENN04	m	NULL	NULL	USA
5743405	1	24	2500	KyivMentalBreakdownI2024	f	333fm	Yurii Riabov (Юрій Рябов)	2018RIAB01	m	NULL	NULL	Ukraine
5752670	1	25	0	SeomaraCubeFest2024	f	333fm	Konstantin Jaehne	2015JAEH01	1	NULL	NULL	Germany
5759476	1	23	2933	KarkauspaiVahitenSiirtoja2024	f	333fm	Luukas Lempinen	2021LEMP01	m	NULL	NULL	Finland
5760075	1	25	2533	GACubersLeapDay2024	f	333fm	Noah Swor	2017SWOR01	m	NULL	NULL	USA
5760099	1	23	2467	LeapDayFMCItalyTicino2024	f	333fm	Enrico Tenuti	2017TENU01	m	NULL	NULL	Italy
5760100	2	22	2700	LeapDayFMCItalyTicino2024	f	333fm	Lorenzo Mauro	2014MAUR06	m	NULL	NULL	Italy
5760115	17	21	-1	LeapDayFMCItalyTicino2024	f	333fm	Alexandros Fokianos	2017FOKI01	m	NULL	NULL	Italy
5760116	18	25	-1	LeapDayFMCItalyTicino2024	f	333fm	Dávid Balog	2009BALO03	m	NULL	NULL	Hungary
5760470	1	17	2100	WCCFMCLeapDay2024	f	333fm	Kyeongmin Choi (최경민)	2017CHOI07	m	AsR	NR	Korea
5760473	4	25	3200	WCCFMCLeapDay2024	f	333fm	Michael Larsen	2017LARS03	m	NULL	NULL	USA
5760492	1	21	2333	FirstFridayFirstFMCTaby2024	f	333fm	Theodor Nordstrand	2016NORD02	m	NULL	NULL	Sweden
5760598	1	22	2333	PleaseBeQuietTaiwan2024	1	333fm	Wong Chong Wen (黄崇文)	2014WENW01	m	NULL	NULL	Singapore
5760599	2	25	2600	PleaseBeQuietTaiwan2024	1	333fm	Cian-Jyun Yang (楊謙君)	2019YANG94	m	NULL	NULL	Taiwan
5760600	3	21	2733	PleaseBeQuietTaiwan2024	1	333fm	Luis Tan Hong Yi (陈宏溢)	2023YILU01	m	NULL	NULL	Singapore
5760601	4	25	2733	PleaseBeQuietTaiwan2024	1	333fm	Takumi Tamura (田村匠)	2019TAMU01	m	NULL	NULL	Japan
5760655	1	21	2300	PleaseBeQuietTaiwan2024	f	333fm	Wong Chong Wen (黄崇文)	2014WENW01	m	NULL	NULL	Singapore
5760656	2	23	2367	PleaseBeQuietTaiwan2024	f	333fm	Takumi Tamura (田村匠)	2019TAMU01	m	NULL	NULL	Japan
5760657	3	25	3067	PleaseBeQuietTaiwan2024	f	333fm	Hsiang-Cheng Kan (闞祥誠)	2016KANH02	m	NULL	NULL	Taiwan
5760672	18	25	-1	PleaseBeQuietTaiwan2024	f	333fm	Luis Tan Hong Yi (陈宏溢)	2023YILU01	m	NULL	NULL	Singapore
5760673	18	25	-1	PleaseBeQuietTaiwan2024	f	333fm	Cian-Jyun Yang (楊謙君)	2019YANG94	m	NULL	NULL	Taiwan
5764900	1	21	2300	MentalBreakdownHoorn2024	f	333fm	Jan Bentlage	2010BENT01	m	NULL	NULL	Germany
5764901	2	23	2500	MentalBreakdownHoorn2024	f	333fm	Sebastiano Tronto	2011TRON02	m	NULL	NULL	Italy
5764914	15	25	-1	MentalBreakdownHoorn2024	f	333fm	Christofor Gabriel Costea	2022COST03	m	NR	NULL	Romania
5771910	1	24	0	PolytechniqueOpen2024	f	333fm	Louis-Marie Ratto	2019RATT02	1	NULL	NULL	France
5771911	2	25	0	PolytechniqueOpen2024	f	333fm	Alexis Le Merrer	2019MERR02	1	NULL	NULL	France
5776048	1	23	2733	MichiganMini162024	f	333fm	Owen Widdis	2015WIDD01	m	NULL	NULL	USA
5783775	1	22	2333	GoingSlowinGibsonPark2024	f	333fm	Joshua Hounslow	2016HOUN01	m	NULL	NULL	Australia
5795597	1	21	2233	FrenchFMCChampionship2024	1	333fm	Louis-Marie Ratto	2019RATT02	m	NULL	NULL	France
5795598	2	22	2367	FrenchFMCChampionship2024	1	333fm	Adrien Neveu	2018NEVE02	m	NULL	NULL	France
5795599	3	23	2600	FrenchFMCChampionship2024	1	333fm	Alaric Pouchain	2019POUC01	m	NULL	NULL	France
5795617	21	20	-1	FrenchFMCChampionship2024	1	333fm	Alexis Le Merrer	2019MERR02	m	NULL	NULL	France
5795638	1	22	2233	FrenchFMCChampionship2024	f	333fm	Louis-Marie Ratto	2019RATT02	m	NULL	NULL	France
5795639	2	23	2367	FrenchFMCChampionship2024	f	333fm	Alexis Le Merrer	2019MERR02	m	NULL	NULL	France
5795640	3	24	2700	FrenchFMCChampionship2024	f	333fm	Nicolas Gertner Kilian	2013GERT01	m	NULL	NULL	France
5795659	22	25	-1	FrenchFMCChampionship2024	f	333fm	Adrien Neveu	2018NEVE02	m	NULL	NULL	France
5795660	22	25	-1	FrenchFMCChampionship2024	f	333fm	Alaric Pouchain	2019POUC01	m	NULL	NULL	France
5796030	1	23	2467	HDCXHvidovreiFaTraek2024	f	333fm	Adam Marcellus Kelly	2016KELL10	m	NULL	NULL	USA
5801992	1	20	2267	OhioStateMentalMadness2024	1	333fm	Owen Widdis	2015WIDD01	m	NULL	NULL	USA
5801993	2	22	2333	OhioStateMentalMadness2024	1	333fm	Evan Brown	2013BROW04	m	NULL	NULL	USA
5801994	3	24	2433	OhioStateMentalMadness2024	1	333fm	Brian Johnson	2013JOHN10	m	NULL	NULL	USA
5801995	4	25	2500	OhioStateMentalMadness2024	1	333fm	Noah Swor	2017SWOR01	m	NULL	NULL	USA
5801996	5	23	2633	OhioStateMentalMadness2024	1	333fm	Chris Chi	2014CHIC01	m	NULL	NULL	USA
5801997	6	23	2667	OhioStateMentalMadness2024	1	333fm	Jackson Warley	2008WARL01	m	NULL	NULL	USA
5801998	7	23	2867	OhioStateMentalMadness2024	1	333fm	Jacob Dyland Bennett	2023BENN04	m	NULL	NULL	USA
5801999	8	25	2900	OhioStateMentalMadness2024	1	333fm	Luke Garrett	2017GARR05	m	NULL	NULL	USA
5802007	1	20	2200	OhioStateMentalMadness2024	f	333fm	Chris Chi	2014CHIC01	m	NULL	NULL	USA
5802008	2	20	2333	OhioStateMentalMadness2024	f	333fm	Evan Brown	2013BROW04	m	NULL	NULL	USA
5802009	2	20	2333	OhioStateMentalMadness2024	f	333fm	Owen Widdis	2015WIDD01	m	NULL	NULL	USA
5802010	4	21	2400	OhioStateMentalMadness2024	f	333fm	Brian Johnson	2013JOHN10	m	NULL	NULL	USA
5802011	5	24	2400	OhioStateMentalMadness2024	f	333fm	Noah Swor	2017SWOR01	m	NULL	NULL	USA
5802015	9	20	-1	OhioStateMentalMadness2024	f	333fm	Jackson Warley	2008WARL01	m	NULL	NULL	USA
5805799	1	22	2300	AmherstSpringChallenge2024	f	333fm	Aedan Bryant	2017BRYA06	m	NULL	NULL	USA
5805800	2	23	2333	AmherstSpringChallenge2024	f	333fm	Levi Gibson	2018GIBS04	m	NULL	NULL	USA
5807283	1	25	0	BorlangeOpen2024	f	333fm	Helmer Ewert	2015EWER01	1	NULL	NULL	Sweden
5810382	1	25	2533	PrimerAldeillaOpen2024	1	333fm	Mauro Moisés Ortega López	2016LOPE44	m	NULL	NULL	Spain
5810383	2	23	2600	PrimerAldeillaOpen2024	1	333fm	Jordi Lleixà López	2023LOPE09	m	NULL	NULL	Spain
5810384	3	25	2633	PrimerAldeillaOpen2024	1	333fm	Vasco Vasconcelos	2008VASC01	m	NULL	NULL	Portugal
5810386	5	22	3133	PrimerAldeillaOpen2024	1	333fm	Rafael Rodriguez Santana	2012SANT12	m	NULL	NULL	Spain
5810393	1	21	2200	PrimerAldeillaOpen2024	f	333fm	Mauro Moisés Ortega López	2016LOPE44	m	NULL	NULL	Spain
5810394	2	24	2500	PrimerAldeillaOpen2024	f	333fm	Jordi Lleixà López	2023LOPE09	m	NULL	NULL	Spain
5810395	3	21	2533	PrimerAldeillaOpen2024	f	333fm	Vasco Vasconcelos	2008VASC01	m	NR	NULL	Portugal
5810396	4	23	2533	PrimerAldeillaOpen2024	f	333fm	Rafael Rodriguez Santana	2012SANT12	m	NULL	NULL	Spain
5812504	1	21	2267	UCSDPleaseBeQualified2024	f	333fm	Kyeongmin Choi (최경민)	2017CHOI07	m	NULL	NULL	Korea
5812505	2	23	2800	UCSDPleaseBeQualified2024	f	333fm	Michael Young	2008YOUN02	m	NULL	NULL	USA
5824339	8	25	-1	DontDNFHanoi2024	f	333fm	Nông Quốc Duy	2022DUYN02	m	NULL	NULL	Vietnam
5824572	1	22	2500	KyivFMCMarch2024	f	333fm	Modest Podzolkin	2017PODZ01	m	NULL	NULL	Ukraine
5824573	2	24	2567	KyivFMCMarch2024	f	333fm	Yurii Riabov (Юрій Рябов)	2018RIAB01	m	NULL	NULL	Ukraine
5824578	7	24	-1	KyivFMCMarch2024	f	333fm	Bohdan Pylypchak (Богдан Пилипчак)	2017PYLY01	m	NULL	NULL	Ukraine
5829409	1	19	2200	LexingtonMarchMini2024	f	333fm	Evan Brown	2013BROW04	m	NULL	NULL	USA
5834230	1	24	2500	AutotaloAnimeAdventureIV2024	1	333fm	Jan Bentlage	2010BENT01	m	NULL	NULL	Germany
5834243	1	24	2633	AutotaloAnimeAdventureIV2024	f	333fm	Jan Bentlage	2010BENT01	m	NULL	NULL	Germany
5834244	2	25	3100	AutotaloAnimeAdventureIV2024	f	333fm	Luukas Lempinen	2021LEMP01	m	NULL	NULL	Finland
5835757	1	23	2567	ClaytonStateCubing2024	f	333fm	Noah Swor	2017SWOR01	m	NULL	NULL	USA
5836733	1	24	0	WiltshireMarch2024	f	333fm	Fabio Schwandt	2014SCHW02	1	NULL	NULL	United Kingdom
5847208	1	25	0	EretumIIEasterEdition2024	f	333fm	Alessandro Nicolì	2012NICO02	1	NULL	NULL	Italy
5847482	1	20	2233	FMCSingapore2024	1	333fm	Wong Chong Wen (黄崇文)	2014WENW01	m	NULL	NULL	Singapore
5847483	2	24	2433	FMCSingapore2024	1	333fm	Firstian Fushada (符逢城)	2015FUSH01	m	NULL	NULL	Indonesia
5847484	3	25	2567	FMCSingapore2024	1	333fm	Luis Tan Hong Yi (陈宏溢)	2023YILU01	m	NULL	NULL	Singapore
5847485	4	24	2667	FMCSingapore2024	1	333fm	Shahul H. Shakila	2023SHAK01	m	NULL	NULL	India
5847486	5	24	2700	FMCSingapore2024	1	333fm	Lim Chun Yik (林峻毅)	2018YIKL01	m	NULL	NULL	Malaysia
5847506	1	21	2133	FMCSingapore2024	f	333fm	Wong Chong Wen (黄崇文)	2014WENW01	m	NULL	NULL	Singapore
5847507	2	23	2533	FMCSingapore2024	f	333fm	Dylan Seah Tze Siang (谢智翔)	2015SIAN01	m	NULL	NULL	Singapore
5847508	3	23	2567	FMCSingapore2024	f	333fm	Shahul H. Shakila	2023SHAK01	m	NR	NR	India
5847509	4	25	2567	FMCSingapore2024	f	333fm	Takumi Tamura (田村匠)	2019TAMU01	m	NULL	NULL	Japan
5847510	5	25	2600	FMCSingapore2024	f	333fm	Luis Tan Hong Yi (陈宏溢)	2023YILU01	m	NULL	NULL	Singapore
5847511	6	25	2833	FMCSingapore2024	f	333fm	Bryan Gan Tze Yang (顏子洋)	2016YANG83	m	NULL	NULL	Malaysia
5847519	14	21	-1	FMCSingapore2024	f	333fm	Firstian Fushada (符逢城)	2015FUSH01	m	NULL	NULL	Indonesia
5847520	15	23	-1	FMCSingapore2024	f	333fm	Lim Chun Yik (林峻毅)	2018YIKL01	m	NULL	NULL	Malaysia
5847681	1	25	2833	AutotaloAnimeAdventureV2024	f	333fm	Luukas Lempinen	2021LEMP01	m	NULL	NULL	Finland
5847683	3	24	3067	AutotaloAnimeAdventureV2024	f	333fm	Urho Kinnunen	2018KINN05	m	NULL	NULL	Finland
5850217	1	24	0	ManchesterSpring2024	f	333fm	Jaye Sloan	2022SLOA01	1	NULL	NULL	United Kingdom
5856858	1	21	2300	PBQOxford2024	1	333fm	Brian Johnson	2013JOHN10	m	NULL	NULL	USA
5856859	2	22	2333	PBQOxford2024	1	333fm	Carter Kucala	2015KUCA01	m	NULL	NULL	USA
5856860	3	23	2500	PBQOxford2024	1	333fm	Luke Garrett	2017GARR05	m	NULL	NULL	USA
5856861	4	25	2700	PBQOxford2024	1	333fm	Stanley Chapel	2016CHAP04	m	NULL	NULL	USA
5856862	5	25	2933	PBQOxford2024	1	333fm	Harsha Paladugu	2017PALA08	m	NULL	NULL	USA
5856873	1	22	2400	PBQOxford2024	f	333fm	Carter Kucala	2015KUCA01	m	NULL	NULL	USA
5856874	2	24	2433	PBQOxford2024	f	333fm	Brian Johnson	2013JOHN10	m	NULL	NULL	USA
5859137	1	25	2733	FMCowOhioStateIII2024	f	333fm	Jack Bohning	2017BOHN01	m	NULL	NULL	USA
5862647	1	24	0	GurugramSpringOpen2024	f	333fm	Shivam Bansal	2011BANS02	1	NULL	NULL	India
5867293	5	23	-1	PleaseBeQuietAuckland2024	f	333fm	Tom Nelson	2013NELS01	m	NULL	NULL	New Zealand
5875174	1	23	2433	TryToGetSubTrento2024	1	333fm	Tommaso Raposio	2014RAPO01	m	NULL	NULL	Italy
5875179	6	23	-1	TryToGetSubTrento2024	1	333fm	Enrico Tenuti	2017TENU01	m	NULL	NULL	Italy
5875182	1	21	2233	TryToGetSubTrento2024	f	333fm	Enrico Tenuti	2017TENU01	m	NULL	NULL	Italy
5875184	3	21	-1	TryToGetSubTrento2024	f	333fm	Tommaso Raposio	2014RAPO01	m	NULL	NULL	Italy
5876431	1	25	2633	BudapestSpring2024	f	333fm	Bence Barát	2008BARA01	m	NULL	NULL	Hungary
5876432	2	25	2700	BudapestSpring2024	f	333fm	Bence János Csuti	2014CSUT01	m	NULL	NULL	Hungary
5876444	14	22	-1	BudapestSpring2024	f	333fm	Dávid Balog	2009BALO03	m	NULL	NULL	Hungary
5876445	15	25	-1	BudapestSpring2024	f	333fm	Szabolcs Szántai	2016SZAN01	m	NULL	NULL	Hungary
5880984	1	23	2400	RahnEducationOpen2024	f	333fm	Jan Bentlage	2010BENT01	m	NULL	NULL	Germany
5880985	2	24	2833	RahnEducationOpen2024	f	333fm	Simone Bentlage	2014OHLE01	m	NULL	NULL	Germany
5880997	14	24	-1	RahnEducationOpen2024	f	333fm	Dunhui Xiao (肖敦慧)	2018XIAO03	m	NULL	NULL	Germany
5882328	1	25	0	IndalOpen2024	f	333fm	Rafael Rodriguez Santana	2012SANT12	1	NULL	NULL	Spain
5888808	1	23	2367	VariHvidovre2024	f	333fm	Daniel Vædele Egdal	2013EGDA01	m	NULL	NR	Denmark
5888809	2	24	2467	VariHvidovre2024	f	333fm	Adam Marcellus Kelly	2016KELL10	m	NULL	NULL	USA
5891875	1	21	2233	PoznanMentalBreakdown2024	1	333fm	Radomił Baran	2020BARA02	m	NULL	NULL	Poland
5891876	2	20	2600	PoznanMentalBreakdown2024	1	333fm	Wojciech Rogoziński	2019ROGO04	m	NULL	NULL	Poland
5891881	7	21	-1	PoznanMentalBreakdown2024	1	333fm	Radosław Opoka	2013OPOK01	m	NULL	NULL	Poland
5891882	8	25	-1	PoznanMentalBreakdown2024	1	333fm	Jeremy Mrzyglocki	2019MRZY01	m	NULL	NULL	Germany
5891889	1	20	2200	PoznanMentalBreakdown2024	f	333fm	Wojciech Rogoziński	2019ROGO04	m	NULL	NULL	Poland
5891890	2	21	2267	PoznanMentalBreakdown2024	f	333fm	Radosław Opoka	2013OPOK01	m	NULL	NULL	Poland
5891891	3	20	2367	PoznanMentalBreakdown2024	f	333fm	Radomił Baran	2020BARA02	m	NULL	NULL	Poland
5891892	4	22	2733	PoznanMentalBreakdown2024	f	333fm	Jeremy Mrzyglocki	2019MRZY01	m	NULL	NULL	Germany
5892967	1	23	2567	FMCBrazilAfrica2024	f	333fm	Kim Vianna	2016VIAN01	m	NULL	NULL	Brazil
5892974	8	23	-1	FMCBrazilAfrica2024	f	333fm	Andrey Conceição	2016SANT03	m	NULL	NULL	Brazil
5893903	1	25	2600	NittedalMentalBreakdown2024	f	333fm	Jan Bentlage	2010BENT01	m	NULL	NULL	Germany
5893904	2	23	2767	NittedalMentalBreakdown2024	f	333fm	Jakob Jernsletten	2018JERN01	m	NR	NR	Norway
5893905	3	24	2900	NittedalMentalBreakdown2024	f	333fm	Willem Klose	2017KLOS01	m	NULL	NULL	Germany
5895138	1	22	2467	CubinginHD2024	f	333fm	Mats Walker	2021WALK02	m	NULL	NULL	Germany
5895139	2	25	2667	CubinginHD2024	f	333fm	Noah Kraft	2016KRAF01	m	NULL	NULL	Germany
5895140	3	24	2700	CubinginHD2024	f	333fm	Jeremy Mrzyglocki	2019MRZY01	m	NULL	NULL	Germany
5895141	4	25	2733	CubinginHD2024	f	333fm	Mattheo de Wit	2015WITM01	m	NULL	NR	Netherlands
5895152	15	23	-1	CubinginHD2024	f	333fm	Dunhui Xiao (肖敦慧)	2018XIAO03	m	NULL	NULL	Germany
5897216	1	23	2633	NewJerseyQuietChampionship2024	f	333fm	Ishaan Lal	2014LALI01	m	NULL	NULL	USA
5897217	2	25	2633	NewJerseyQuietChampionship2024	f	333fm	Daniel Karnaukh	2014KARN02	m	NULL	NULL	USA
5900390	1	21	2167	FMCEastMelbourne2024	1	333fm	Wong Chong Wen (黄崇文)	2014WENW01	m	NULL	NULL	Singapore
5900391	2	22	2200	FMCEastMelbourne2024	1	333fm	Jayden McNeill	2012MCNE01	m	NULL	NULL	Australia
5900392	3	23	2367	FMCEastMelbourne2024	1	333fm	Firstian Fushada (符逢城)	2015FUSH01	m	NULL	NULL	Indonesia
5900393	4	22	2700	FMCEastMelbourne2024	1	333fm	Takumi Tamura (田村匠)	2019TAMU01	m	NULL	NULL	Japan
5900399	10	22	-1	FMCEastMelbourne2024	1	333fm	Max Parris	2022PARR10	m	NULL	NULL	Australia
5900400	11	24	-1	FMCEastMelbourne2024	1	333fm	Cameron Stollery	2010STOL01	m	NULL	NULL	Australia
5900410	1	22	2300	FMCEastMelbourne2024	2	333fm	Firstian Fushada (符逢城)	2015FUSH01	m	NULL	NULL	Indonesia
5900411	2	22	2333	FMCEastMelbourne2024	2	333fm	Wong Chong Wen (黄崇文)	2014WENW01	m	NULL	NULL	Singapore
5900412	2	22	2333	FMCEastMelbourne2024	2	333fm	Jayden McNeill	2012MCNE01	m	NULL	NULL	Australia
5900413	4	23	2533	FMCEastMelbourne2024	2	333fm	Takumi Tamura (田村匠)	2019TAMU01	m	NULL	NULL	Japan
5900424	1	20	2267	FMCEastMelbourne2024	f	333fm	Firstian Fushada (符逢城)	2015FUSH01	m	NULL	NULL	Indonesia
5900425	2	22	2267	FMCEastMelbourne2024	f	333fm	Jayden McNeill	2012MCNE01	m	NULL	NULL	Australia
5900426	3	21	2333	FMCEastMelbourne2024	f	333fm	Wong Chong Wen (黄崇文)	2014WENW01	m	NULL	NULL	Singapore
5900427	4	25	2500	FMCEastMelbourne2024	f	333fm	Max Parris	2022PARR10	m	NULL	NULL	Australia
5900428	5	23	2533	FMCEastMelbourne2024	f	333fm	Takumi Tamura (田村匠)	2019TAMU01	m	NULL	NULL	Japan
5900431	8	24	-1	FMCEastMelbourne2024	f	333fm	Cameron Stollery	2010STOL01	m	NULL	NULL	Australia
5900434	1	18	2000	FMCWestMelbourne2024	1	333fm	Wong Chong Wen (黄崇文)	2014WENW01	m	NR	WR	Singapore
5900435	2	18	2067	FMCWestMelbourne2024	1	333fm	Firstian Fushada (符逢城)	2015FUSH01	m	NR	NR	Indonesia
5900436	3	18	2267	FMCWestMelbourne2024	1	333fm	Max Parris	2022PARR10	m	OcR	NULL	Australia
5900437	4	22	2367	FMCWestMelbourne2024	1	333fm	Takumi Tamura (田村匠)	2019TAMU01	m	NULL	NULL	Japan
5900439	6	22	3067	FMCWestMelbourne2024	1	333fm	Theodore Chan	2016CHAN25	m	NULL	NULL	Singapore
5900448	15	18	-1	FMCWestMelbourne2024	1	333fm	Jayden McNeill	2012MCNE01	m	OcR	NULL	Australia
5900454	1	22	2300	FMCWestMelbourne2024	f	333fm	Wong Chong Wen (黄崇文)	2014WENW01	m	NULL	NULL	Singapore
5900455	2	22	2333	FMCWestMelbourne2024	f	333fm	Firstian Fushada (符逢城)	2015FUSH01	m	NULL	NULL	Indonesia
5900456	3	23	2967	FMCWestMelbourne2024	f	333fm	Mitchell Anderson	2022ANDE01	m	NULL	NULL	Australia
5900461	8	22	-1	FMCWestMelbourne2024	f	333fm	Jayden McNeill	2012MCNE01	m	NULL	NULL	Australia
5900462	9	24	-1	FMCWestMelbourne2024	f	333fm	Max Parris	2022PARR10	m	NULL	NULL	Australia
5903421	1	22	2633	KyivMentalBreakdownApril2024	f	333fm	Yurii Riabov (Юрій Рябов)	2018RIAB01	m	NULL	NULL	Ukraine
5905736	1	25	2500	FMCEasternEurope2024	1	333fm	Jan Bentlage	2010BENT01	m	NULL	NULL	Germany
5905737	2	24	2567	FMCEasternEurope2024	1	333fm	Jan Riedl	2019RIED01	m	NULL	NULL	Czech Republic
5905738	3	24	2733	FMCEasternEurope2024	1	333fm	Bence János Csuti	2014CSUT01	m	NULL	NULL	Hungary
5905752	1	22	2333	FMCEasternEurope2024	f	333fm	Dávid Balog	2009BALO03	m	NULL	NR	Hungary
5905753	2	22	2400	FMCEasternEurope2024	f	333fm	Jan Bentlage	2010BENT01	m	NULL	NULL	Germany
5905754	3	22	2467	FMCEasternEurope2024	f	333fm	Jan Riedl	2019RIED01	m	NULL	NULL	Czech Republic
5905755	4	24	2767	FMCEasternEurope2024	f	333fm	Bence János Csuti	2014CSUT01	m	NULL	NULL	Hungary
5905756	5	25	2900	FMCEasternEurope2024	f	333fm	Simone Bentlage	2014OHLE01	m	NULL	NULL	Germany
5905762	11	24	-1	FMCEasternEurope2024	f	333fm	Szabolcs Szántai	2016SZAN01	m	NULL	NULL	Hungary
5912470	1	18	2200	PodolianOpen2024	f	333fm	Ihor Kastranets (Ігор Кастранець)	2018KAST02	m	NR	NR	Ukraine
5912662	1	21	2100	HalfTurnsinHallettCove2024	f	333fm	Jayden McNeill	2012MCNE01	m	NULL	OcR	Australia
5912667	6	23	-1	HalfTurnsinHallettCove2024	f	333fm	Gerard McGinley	2019MCGI01	m	NULL	NULL	Australia
5928094	1	24	2433	OptimalSolvinginPovo2024	1	333fm	Enrico Tenuti	2017TENU01	m	NULL	NULL	Italy
5928098	5	24	-1	OptimalSolvinginPovo2024	1	333fm	Tommaso Raposio	2014RAPO01	m	NULL	NULL	Italy
5928106	1	22	2300	OptimalSolvinginPovo2024	f	333fm	Enrico Tenuti	2017TENU01	m	NULL	NULL	Italy
5928107	2	22	2367	OptimalSolvinginPovo2024	f	333fm	Tommaso Raposio	2014RAPO01	m	NULL	NULL	Italy
5932752	1	20	2167	GdanskGoesQuiet2024	f	333fm	Krzysztof Pietrusiak	2019PIET01	m	NULL	NULL	Poland
5932753	2	22	2300	GdanskGoesQuiet2024	f	333fm	Wojciech Rogoziński	2019ROGO04	m	NULL	NULL	Poland
5932754	3	23	2500	GdanskGoesQuiet2024	f	333fm	Radosław Opoka	2013OPOK01	m	NULL	NULL	Poland
5938764	1	22	0	PleaseBeQuietBrisbane2024	f	333fm	Benjamin Warry	2017WARR04	2	NULL	NULL	Australia
5938765	1	22	0	PleaseBeQuietBrisbane2024	f	333fm	Jayden McNeill	2012MCNE01	2	NULL	NULL	Australia
5949718	1	21	2500	FMCKoreaSpring2024	f	333fm	DongSoo Park (박동수)	2017PARK05	m	NULL	NULL	Korea
5949719	2	24	2500	FMCKoreaSpring2024	f	333fm	Dohyun Kim (김도현)	2013KIMD01	m	NULL	NULL	Korea
5949720	3	23	2800	FMCKoreaSpring2024	f	333fm	Takumi Tamura (田村匠)	2019TAMU01	m	NULL	NULL	Japan
5952929	1	21	2167	BrizZonSideOpenII2024	f	333fm	Radomił Baran	2020BARA02	m	NULL	NULL	Poland
5952930	1	21	2167	BrizZonSideOpenII2024	f	333fm	Wojciech Rogoziński	2019ROGO04	m	NULL	NULL	Poland
5953927	1	24	2667	SwedishFMCChampionship2024	f	333fm	Theodor Nordstrand	2016NORD02	m	NULL	NULL	Sweden
5953928	2	23	2700	SwedishFMCChampionship2024	f	333fm	Elvin Thorsen	2016THOR08	m	NULL	NULL	Sweden
5953932	6	25	3433	SwedishFMCChampionship2024	f	333fm	Viggo Martinsson	2022MART06	m	NULL	NULL	Sweden
5957135	1	20	2200	MinnesotaQualifier2024	1	333fm	Lewis Isom	2018ISOM02	m	NULL	NULL	USA
5957136	2	22	2333	MinnesotaQualifier2024	1	333fm	Cale Schoon	2014SCHO02	m	NULL	NULL	USA
5957137	3	22	2433	MinnesotaQualifier2024	1	333fm	Walker Welch	2011WELC01	m	NULL	NULL	USA
5957150	4	21	-1	MinnesotaQualifier2024	f	333fm	Lewis Isom	2018ISOM02	m	NULL	NULL	USA
5957151	5	22	-1	MinnesotaQualifier2024	f	333fm	Cale Schoon	2014SCHO02	m	NULL	NULL	USA
5966380	1	21	2367	BFViennaDay2024	f	333fm	Nicolas Gertner Kilian	2013GERT01	m	NULL	NULL	France
5966381	1	21	2367	BFViennaDay2024	f	333fm	Jan Riedl	2019RIED01	m	NR	NULL	Czech Republic
5966382	3	22	2400	BFViennaDay2024	f	333fm	Bence János Csuti	2014CSUT01	m	NULL	NULL	Hungary
5966392	13	25	-1	BFViennaDay2024	f	333fm	Dávid Balog	2009BALO03	m	NULL	NULL	Hungary
5967647	1	22	2367	FMCWarmUpUkraine2024	f	333fm	Yurii Riabov (Юрій Рябов)	2018RIAB01	m	NULL	NULL	Ukraine
5967973	1	21	2667	FMCUtrecht2024	1	333fm	Adrien Neveu	2018NEVE02	m	NULL	NULL	France
5967981	9	20	-1	FMCUtrecht2024	1	333fm	Sebastiano Tronto	2011TRON02	m	NULL	NULL	Italy
5967996	1	22	2467	FMCUtrecht2024	f	333fm	Sebastiano Tronto	2011TRON02	m	NULL	NULL	Italy
5967997	2	21	2500	FMCUtrecht2024	f	333fm	Alexandros Fokianos	2017FOKI01	m	NULL	NULL	Italy
5967998	3	24	2500	FMCUtrecht2024	f	333fm	Adrien Neveu	2018NEVE02	m	NULL	NULL	France
5968042	1	18	2033	MentalBreakdownSingapore2024	f	333fm	Wong Chong Wen (黄崇文)	2014WENW01	m	NR	NULL	Singapore
5968043	2	22	2267	MentalBreakdownSingapore2024	f	333fm	Firstian Fushada (符逢城)	2015FUSH01	m	NULL	NULL	Indonesia
5968044	3	23	2633	MentalBreakdownSingapore2024	f	333fm	Lim Chun Yik (林峻毅)	2018YIKL01	m	NULL	NULL	Malaysia
5968045	4	22	2700	MentalBreakdownSingapore2024	f	333fm	Luis Tan Hong Yi (陈宏溢)	2023YILU01	m	NULL	NULL	Singapore
5968049	8	22	-1	MentalBreakdownSingapore2024	f	333fm	Ng Jia Quan (黄佳铨)	2015QUAN03	m	NULL	NULL	Malaysia
5982064	1	23	2833	AmherstFMCChallenge2024	1	333fm	Aedan Bryant	2017BRYA06	m	NULL	NULL	USA
5982065	2	21	3100	AmherstFMCChallenge2024	1	333fm	Levi Gibson	2018GIBS04	m	NULL	NULL	USA
5982072	1	21	2400	AmherstFMCChallenge2024	f	333fm	Aedan Bryant	2017BRYA06	m	NULL	NULL	USA
5982073	2	24	2500	AmherstFMCChallenge2024	f	333fm	Levi Gibson	2018GIBS04	m	NULL	NULL	USA
5988007	1	20	2233	GenTriasSpeedcubingOpenIII2024	f	333fm	Wong Chong Wen (黄崇文)	2014WENW01	m	NULL	NULL	Singapore
5988008	2	25	3333	GenTriasSpeedcubingOpenIII2024	f	333fm	Crimson Arradaza	2023ARRA01	m	NULL	NULL	Philippines
5988546	1	25	0	MostolesOpen2024	f	333fm	Rafael Rodriguez Santana	2012SANT12	1	NULL	NULL	Spain
5989008	9	20	-1	BlindFaithDenver2024	1	333fm	Lewis Isom	2018ISOM02	m	NULL	NULL	USA
5989020	1	23	2333	BlindFaithDenver2024	f	333fm	Lewis Isom	2018ISOM02	m	NULL	NULL	USA
5989127	1	21	2400	GemCityAirplaneModeSpecial2024	f	333fm	Evan Brown	2013BROW04	m	NULL	NULL	USA
5995943	1	20	2100	TurninginTownsville2024	f	333fm	Jayden McNeill	2012MCNE01	m	NULL	OcR	Australia
5998595	1	23	2767	PleaseBeQualifiedIreland2024	f	333fm	Michał Nikiel	2011NIKI01	m	NULL	NULL	Poland
6000048	1	21	2200	QuietSeattleSpring2024	f	333fm	Lewis Isom	2018ISOM02	m	NULL	NULL	USA
6000057	10	23	-1	QuietSeattleSpring2024	f	333fm	Jackson Warley	2008WARL01	m	NULL	NULL	USA
6000873	1	19	2133	NoTriangleinRzeszow2024	f	333fm	Radomił Baran	2020BARA02	m	NR	ER	Poland
6000874	2	22	2367	NoTriangleinRzeszow2024	f	333fm	Wojciech Rogoziński	2019ROGO04	m	NULL	NULL	Poland
6000875	3	23	2500	NoTriangleinRzeszow2024	f	333fm	Radosław Opoka	2013OPOK01	m	NULL	NULL	Poland
6000876	4	22	2567	NoTriangleinRzeszow2024	f	333fm	Jan Zych	2014ZYCH01	m	NULL	NULL	Poland
6000890	18	22	-1	NoTriangleinRzeszow2024	f	333fm	Jan Riedl	2019RIED01	m	NULL	NULL	Czech Republic
6001322	1	22	2467	SacQuietSpring2024	f	333fm	Calvin Nielson	2014NIEL03	m	NULL	NULL	USA
6012076	1	25	0	NewRochelleatNite12024	f	333fm	Daniel Karnaukh	2014KARN02	1	NULL	NULL	USA
6015673	1	22	2500	Only3x3sinPerth2024	f	333fm	Joshua Hounslow	2016HOUN01	m	NULL	NULL	Australia
6016948	1	21	2100	KolnerKubing2024	f	333fm	Jan Bentlage	2010BENT01	m	NULL	ER	Germany
6016949	2	20	2200	KolnerKubing2024	f	333fm	Sébastien Auroux	2008AURO01	m	NULL	NULL	Germany
6016950	3	25	2700	KolnerKubing2024	f	333fm	Noah Kraft	2016KRAF01	m	NULL	NULL	Germany
6016951	4	25	3100	KolnerKubing2024	f	333fm	Jonas Balsfulland	2012BALS01	m	NULL	NULL	Germany
6016953	6	24	3267	KolnerKubing2024	f	333fm	Magnus Lensch	2019LENS01	m	NULL	NULL	Germany
6020011	1	21	2267	WashtenawQualifiers2024	f	333fm	Owen Widdis	2015WIDD01	m	NULL	NULL	USA
6020012	2	22	2333	WashtenawQualifiers2024	f	333fm	Krish Shah-Nathwani	2015SHAH09	m	NULL	NULL	USA
6020013	3	22	2367	WashtenawQualifiers2024	f	333fm	Noah Swor	2017SWOR01	m	NULL	NULL	USA
6020014	4	22	2400	WashtenawQualifiers2024	f	333fm	Chris Chi	2014CHIC01	m	NULL	NULL	USA
6020015	5	25	3233	WashtenawQualifiers2024	f	333fm	Justin Sui	2022SUIJ01	m	NULL	NULL	USA
6023826	1	23	2600	CornhuskerQuietClassic2024	f	333fm	Walker Welch	2011WELC01	m	NULL	NULL	USA
6031778	1	22	2400	LexMiniII2024	f	333fm	Evan Brown	2013BROW04	m	NULL	NULL	USA
6031784	7	22	-1	LexMiniII2024	f	333fm	Lewis Isom	2018ISOM02	m	NULL	NULL	USA
6040055	8	24	-1	RockyMountainFMCChampionship2024	f	333fm	Jackson Warley	2008WARL01	m	NULL	NULL	USA
6040056	8	24	-1	RockyMountainFMCChampionship2024	f	333fm	Bradley Sampson	2008SAMP01	m	NULL	NULL	USA
6043735	1	23	2567	TeublitzOpen2024	f	333fm	Noah Kraft	2016KRAF01	m	NULL	NULL	Germany
6043736	2	24	3000	TeublitzOpen2024	f	333fm	Willem Klose	2017KLOS01	m	NULL	NULL	Germany
6045637	1	21	2100	FMC2024	f	333fm	Wong Chong Wen (黄崇文)	2014WENW01	m	NULL	NULL	Singapore
6045638	2	19	2133	FMC2024	f	333fm	Cale Schoon	2014SCHO02	m	NULL	NULL	USA
6045639	3	20	2167	FMC2024	f	333fm	Jayden McNeill	2012MCNE01	m	NULL	NULL	Australia
6045640	4	20	2200	FMC2024	f	333fm	Krish Shah-Nathwani	2015SHAH09	m	NULL	NULL	USA
6045641	5	19	2233	FMC2024	f	333fm	Louis-Marie Ratto	2019RATT02	m	NULL	NULL	France
6045642	6	21	2233	FMC2024	f	333fm	Wojciech Rogoziński	2019ROGO04	m	NULL	NULL	Poland
6045643	7	21	2267	FMC2024	f	333fm	Krzysztof Pietrusiak	2019PIET01	m	NULL	NULL	Poland
6045644	8	22	2267	FMC2024	f	333fm	Brian Johnson	2013JOHN10	m	NULL	NULL	USA
6045645	9	21	2333	FMC2024	f	333fm	Jan Riedl	2019RIED01	m	NR	NR	Czech Republic
6045646	9	21	2333	FMC2024	f	333fm	Jan Bentlage	2010BENT01	m	NULL	NULL	Germany
6045647	11	22	2333	FMC2024	f	333fm	Alexis Le Merrer	2019MERR02	m	NULL	NULL	France
6045648	11	22	2333	FMC2024	f	333fm	Mauro Moisés Ortega López	2016LOPE44	m	NULL	NULL	Spain
6045649	13	23	2333	FMC2024	f	333fm	Firstian Fushada (符逢城)	2015FUSH01	m	NULL	NULL	Indonesia
6045650	14	22	2400	FMC2024	f	333fm	Daniel Vædele Egdal	2013EGDA01	m	NULL	NULL	Denmark
6045651	15	23	2400	FMC2024	f	333fm	Radomił Baran	2020BARA02	m	NULL	NULL	Poland
6045652	15	23	2400	FMC2024	f	333fm	Chris Chi	2014CHIC01	m	NULL	NULL	USA
6045653	17	20	2433	FMC2024	f	333fm	Guido Dipietro	2013DIPI01	m	NULL	NULL	Argentina
6045654	18	23	2433	FMC2024	f	333fm	Harry Savage	2013SAVA01	m	NULL	NULL	United Kingdom
6045655	18	23	2433	FMC2024	f	333fm	Anuar Miguel Abib Onofre	2015ONOF01	m	NULL	NULL	Brazil
6045656	18	23	2433	FMC2024	f	333fm	Jeremy Mrzyglocki	2019MRZY01	m	NULL	NULL	Germany
6045657	21	22	2467	FMC2024	f	333fm	Fabio Schwandt	2014SCHW02	m	NULL	NULL	United Kingdom
6045658	21	22	2467	FMC2024	f	333fm	Theodor Nordstrand	2016NORD02	m	NULL	NULL	Sweden
6045659	21	22	2467	FMC2024	f	333fm	Tommy Kiprillis	2014KIPR01	m	NULL	NULL	Australia
6045660	24	23	2467	FMC2024	f	333fm	Kun Zhu (朱坤)	2011ZHUK01	m	NULL	NULL	China
6045661	25	22	2500	FMC2024	f	333fm	Teh Keng Foo (郑庆富)	2011FOOT01	m	NULL	NULL	Malaysia
6045662	25	22	2500	FMC2024	f	333fm	Tom Nelson	2013NELS01	m	NULL	NULL	New Zealand
6045663	25	22	2500	FMC2024	f	333fm	Bence Barát	2008BARA01	m	NULL	NULL	Hungary
6045664	28	23	2500	FMC2024	f	333fm	Ihor Kastranets (Ігор Кастранець)	2018KAST02	m	NULL	NULL	Ukraine
6045665	28	23	2500	FMC2024	f	333fm	Yurii Riabov (Юрій Рябов)	2018RIAB01	m	NULL	NULL	Ukraine
6045666	30	23	2533	FMC2024	f	333fm	Yiwei Liu (刘伊玮)	2012LIUY03	m	NULL	NULL	China
6045667	31	24	2533	FMC2024	f	333fm	Owen Widdis	2015WIDD01	m	NULL	NULL	USA
6045668	32	21	2567	FMC2024	f	333fm	Stanley Chapel	2016CHAP04	m	NULL	NULL	USA
6045669	32	21	2567	FMC2024	f	333fm	Kai Cui	2019CUIK03	m	NULL	NULL	United Kingdom
6045670	34	22	2567	FMC2024	f	333fm	Sebastiano Tronto	2011TRON02	m	NULL	NULL	Italy
6045671	35	24	2567	FMC2024	f	333fm	Ben Baron	2016BARO04	m	NULL	NULL	Israel
6045672	35	24	2567	FMC2024	f	333fm	Yongqiang Peng (彭永强)	2013PENG02	m	NULL	NULL	China
6045673	35	24	2567	FMC2024	f	333fm	Gerard McGinley	2019MCGI01	m	NULL	NULL	Australia
6045674	38	23	2633	FMC2024	f	333fm	Benjamin Warry	2017WARR04	m	NULL	NULL	Australia
6045675	39	25	2633	FMC2024	f	333fm	Roy Tamir	2014TAMI01	m	NULL	NULL	Israel
6045676	39	25	2633	FMC2024	f	333fm	Takumi Tamura (田村匠)	2019TAMU01	m	NULL	NULL	Japan
6045677	41	22	2667	FMC2024	f	333fm	Baiqiang Dong (董百强)	2008DONG06	m	NULL	NULL	China
6045678	42	23	2667	FMC2024	f	333fm	Pranav Prabhu	2016PRAB03	m	NULL	NULL	India
6045679	43	24	2667	FMC2024	f	333fm	Bence János Csuti	2014CSUT01	m	NULL	NULL	Hungary
6045680	43	24	2667	FMC2024	f	333fm	Ida Exner	2017EXNE01	m	NULL	NULL	Denmark
6045681	45	25	2667	FMC2024	f	333fm	Martin Vædele Egdal	2013EGDA02	m	NULL	NULL	Denmark
6045682	46	22	2700	FMC2024	f	333fm	Sean Moran	2016MORA24	m	NULL	NULL	United Kingdom
6045683	47	24	2700	FMC2024	f	333fm	Pavlo Bondar (Павло Бондар)	2018BOND03	m	NULL	NULL	Ukraine
6045684	48	25	2700	FMC2024	f	333fm	Vincent Hartanto Utomo	2010UTOM01	m	NULL	NULL	Indonesia
6045685	49	23	2733	FMC2024	f	333fm	Yibo Wang (王怡卜)	2023WANY11	m	NULL	NULL	China
6045686	50	24	2733	FMC2024	f	333fm	Szabolcs Szántai	2016SZAN01	m	NULL	NULL	Hungary
6045687	50	24	2733	FMC2024	f	333fm	Marcel Ručigaj	2016RUCI01	m	NULL	NR	Slovenia
6045688	52	23	2767	FMC2024	f	333fm	Alex Maass	2011MAAS01	m	NULL	NULL	USA
6045689	53	24	2767	FMC2024	f	333fm	Calvin Nielson	2014NIEL03	m	NULL	NULL	USA
6045690	54	25	2767	FMC2024	f	333fm	Chang Hong Liang (张泓量)	2016LIAN02	m	NULL	NULL	Singapore
6045692	56	23	2800	FMC2024	f	333fm	Lim Chun Yik (林峻毅)	2018YIKL01	m	NULL	NULL	Malaysia
6045693	57	25	2800	FMC2024	f	333fm	Jeremy Sheng	2019SHEN10	m	NULL	NULL	USA
6045694	57	25	2800	FMC2024	f	333fm	Rafael Rodriguez Santana	2012SANT12	m	NULL	NULL	Spain
6045698	62	22	2833	FMC2024	f	333fm	Qijun Miao (缪其隽)	2014MIAO02	m	NULL	NULL	China
6045699	63	23	2833	FMC2024	f	333fm	Bella Campbell	2018CAMP17	m	NULL	NULL	United Kingdom
6045700	64	24	2833	FMC2024	f	333fm	Tim Reynolds	2005REYN01	m	NULL	NULL	USA
6045704	68	24	2867	FMC2024	f	333fm	Saisabari Ramesh	2021RAME01	m	NULL	NULL	USA
6045706	70	25	2900	FMC2024	f	333fm	Victor Valentin Glyrskov	2014GLYR01	m	NULL	NULL	Denmark
6045707	70	25	2900	FMC2024	f	333fm	Jack Lee	2012LEEJ05	m	NULL	NULL	Canada
6045711	75	24	2933	FMC2024	f	333fm	Dmytro Kuryltsiv (Дмитро Курильців)	2018KURY02	m	NULL	NULL	Ukraine
6045713	77	23	2967	FMC2024	f	333fm	Joran Pauwels	2022PAUW01	m	NULL	NR	Belgium
6045714	78	24	2967	FMC2024	f	333fm	Jacob Ambrose	2010AMBR01	m	NULL	NULL	USA
6045715	79	25	2967	FMC2024	f	333fm	Étienne Aubry	2018AUBR01	m	NULL	NULL	France
6045722	86	25	3000	FMC2024	f	333fm	Artem Boiko (Артем Бойко)	2014BOIK01	m	NULL	NULL	Ukraine
6045728	92	24	3067	FMC2024	f	333fm	Jovan Susanto	2022SUSA02	m	NULL	NULL	Singapore
6045736	100	25	3167	FMC2024	f	333fm	Vincent Chan	2017CHAN44	m	NULL	NULL	Netherlands
6046046	410	20	-1	FMC2024	f	333fm	Enrico Tenuti	2017TENU01	m	NULL	NULL	Italy
6046047	411	21	-1	FMC2024	f	333fm	Jiashun Wu (吴嘉顺)	2016WUJI01	m	NULL	NULL	China
6046048	411	21	-1	FMC2024	f	333fm	Max Parris	2022PARR10	m	NULL	NULL	Australia
6046049	413	22	-1	FMC2024	f	333fm	Jaye Sloan	2022SLOA01	m	NULL	NULL	United Kingdom
6046050	413	22	-1	FMC2024	f	333fm	Louis Sarthou	2012SART01	m	NULL	NULL	France
6046051	413	22	-1	FMC2024	f	333fm	Evan Brown	2013BROW04	m	NULL	NULL	USA
6046052	413	22	-1	FMC2024	f	333fm	Carter Kucala	2015KUCA01	m	NULL	NULL	USA
6046053	417	23	-1	FMC2024	f	333fm	Adam Marcellus Kelly	2016KELL10	m	NULL	NULL	USA
6046054	417	23	-1	FMC2024	f	333fm	Alexei Sinyavin	2016SINY01	m	NULL	NULL	USA
6046055	417	23	-1	FMC2024	f	333fm	Lewis Isom	2018ISOM02	m	NULL	NULL	USA
6046056	417	23	-1	FMC2024	f	333fm	Hjalte Frederiksen	2020FRED01	m	NULL	NULL	Denmark
6046057	417	23	-1	FMC2024	f	333fm	Oscar Sánchez Najarro	2017NAJA02	m	NULL	NULL	Spain
6046058	422	24	-1	FMC2024	f	333fm	Cameron Stollery	2010STOL01	m	NULL	NULL	Australia
6046059	422	24	-1	FMC2024	f	333fm	Luis Tan Hong Yi (陈宏溢)	2023YILU01	m	NULL	NULL	Singapore
6046060	422	24	-1	FMC2024	f	333fm	Simon Kellum	2016KELL12	m	NULL	NULL	USA
6046061	422	24	-1	FMC2024	f	333fm	Thomas Stokes	2017STOK03	m	NULL	NULL	United Kingdom
6046062	422	24	-1	FMC2024	f	333fm	Tommaso Raposio	2014RAPO01	m	NULL	NULL	Italy
6046063	422	24	-1	FMC2024	f	333fm	Alexandros Fokianos	2017FOKI01	m	NULL	NULL	Italy
6046064	422	24	-1	FMC2024	f	333fm	Weijie Jian (简维杰)	2011JIAN07	m	NULL	NULL	China
6046065	422	24	-1	FMC2024	f	333fm	Jibo Zhao (赵吉波)	2010ZHAO11	m	NULL	NULL	China
6046066	430	25	-1	FMC2024	f	333fm	Marlon de V. Marques	2014MARQ02	m	NULL	NULL	Brazil
6046067	430	25	-1	FMC2024	f	333fm	Zeke Mackay	2015MACK06	m	NULL	NULL	USA
6046068	430	25	-1	FMC2024	f	333fm	Nitheesh Kumar Elangovan	2016ELAN01	m	NULL	NULL	India
6046069	430	25	-1	FMC2024	f	333fm	Dylan Seah Tze Siang (谢智翔)	2015SIAN01	m	NULL	NULL	Singapore
6046070	430	25	-1	FMC2024	f	333fm	Radosław Opoka	2013OPOK01	m	NULL	NULL	Poland
6046071	430	25	-1	FMC2024	f	333fm	Ng Jia Quan (黄佳铨)	2015QUAN03	m	NULL	NULL	Malaysia
6046072	430	25	-1	FMC2024	f	333fm	Ziyuan Li (李梓元)	2017LIZI05	m	NULL	NULL	China
6049959	1	24	2700	CubeCampinNakhonNayok2024	f	333fm	Alvin Cheng Hiu Yeung (鄭曉洋)	2019YEUN01	m	NULL	NR	Hong Kong
6052687	4	21	-1	NachonalDayFMCTaby2024	f	333fm	Theodor Nordstrand	2016NORD02	m	NULL	NULL	Sweden
6056541	1	22	2300	GnieznoSideOpen2024	f	333fm	Wojciech Rogoziński	2019ROGO04	m	NULL	NULL	Poland
6056542	2	24	2467	GnieznoSideOpen2024	f	333fm	Krzysztof Pietrusiak	2019PIET01	m	NULL	NULL	Poland
6056543	3	22	2500	GnieznoSideOpen2024	f	333fm	Bartosz Karpiński	2019KARP03	m	NULL	NULL	Poland
6068946	1	23	2433	HeartlandChampionship2024	f	333fm	Lewis Isom	2018ISOM02	m	NULL	NULL	USA
6068947	1	23	2433	HeartlandChampionship2024	f	333fm	Brian Johnson	2013JOHN10	m	NULL	NULL	USA
6068955	10	24	-1	HeartlandChampionship2024	f	333fm	Carter Kucala	2015KUCA01	m	NULL	NULL	USA
6068956	10	24	-1	HeartlandChampionship2024	f	333fm	Walker Welch	2011WELC01	m	NULL	NULL	USA
6077558	1	18	2033	FMCBaliPuraPuraMencariSolusi2024	1	333fm	Wong Chong Wen (黄崇文)	2014WENW01	m	NR	NULL	Singapore
6077559	2	21	2200	FMCBaliPuraPuraMencariSolusi2024	1	333fm	Firstian Fushada (符逢城)	2015FUSH01	m	NULL	NULL	Indonesia
6077560	3	22	2433	FMCBaliPuraPuraMencariSolusi2024	1	333fm	Vincent Hartanto Utomo	2010UTOM01	m	NULL	NULL	Indonesia
6077574	1	22	2233	FMCBaliPuraPuraMencariSolusi2024	f	333fm	Wong Chong Wen (黄崇文)	2014WENW01	m	NULL	NULL	Singapore
6077575	2	20	2267	FMCBaliPuraPuraMencariSolusi2024	f	333fm	Firstian Fushada (符逢城)	2015FUSH01	m	NULL	NULL	Indonesia
6077576	3	22	2533	FMCBaliPuraPuraMencariSolusi2024	f	333fm	Vincent Hartanto Utomo	2010UTOM01	m	NULL	NULL	Indonesia
6090058	1	24	2567	SriLankanNationalsFMC2024	1	333fm	Shahul H. Shakila	2023SHAK01	m	NULL	NULL	India
6090069	1	21	2433	SriLankanNationalsFMC2024	f	333fm	Shahul H. Shakila	2023SHAK01	m	NR	NR	India
6102318	1	23	2500	SoutheastFMCChampionship2024	f	333fm	Kerry Creech	2018CREE01	m	NULL	NULL	USA
6109384	1	23	3100	Juhannus2024	1	333fm	Luukas Lempinen	2021LEMP01	m	NULL	NULL	Finland
6111151	1	16	2200	AshfieldSummerChallenge2024	f	333fm	Levi Gibson	2018GIBS04	m	WR	NULL	USA
6111152	2	16	2267	AshfieldSummerChallenge2024	f	333fm	Aedan Bryant	2017BRYA06	m	WR	NULL	USA
6111153	3	23	2500	AshfieldSummerChallenge2024	f	333fm	Chris Chi	2014CHIC01	m	NULL	NULL	USA
6111158	8	23	-1	AshfieldSummerChallenge2024	f	333fm	Alexei Sinyavin	2016SINY01	m	NULL	NULL	USA
6121968	1	22	2500	WCCFMCJune2024	f	333fm	Lewis Isom	2018ISOM02	m	NULL	NULL	USA
6121969	2	25	2833	WCCFMCJune2024	f	333fm	Calvin Nielson	2014NIEL03	m	NULL	NULL	USA
6122071	1	19	2267	FMCowOhioStateSummer2024	1	333fm	Brian Johnson	2013JOHN10	m	NULL	NULL	USA
6122072	2	22	2267	FMCowOhioStateSummer2024	1	333fm	Evan Brown	2013BROW04	m	NULL	NULL	USA
6122073	3	22	2400	FMCowOhioStateSummer2024	1	333fm	Carter Kucala	2015KUCA01	m	NULL	NULL	USA
6122074	4	24	2433	FMCowOhioStateSummer2024	1	333fm	Simon Kellum	2016KELL12	m	NULL	NULL	USA
6122083	13	23	-1	FMCowOhioStateSummer2024	1	333fm	Lewis Isom	2018ISOM02	m	NULL	NULL	USA
6122095	1	20	2167	FMCowOhioStateSummer2024	2	333fm	Carter Kucala	2015KUCA01	m	NULL	NULL	USA
6122096	2	22	2367	FMCowOhioStateSummer2024	2	333fm	Lewis Isom	2018ISOM02	m	NULL	NULL	USA
6122097	3	24	2500	FMCowOhioStateSummer2024	2	333fm	Evan Brown	2013BROW04	m	NULL	NULL	USA
6122098	4	25	2533	FMCowOhioStateSummer2024	2	333fm	Jack Lee	2012LEEJ05	m	NULL	NULL	Canada
6122099	5	24	2600	FMCowOhioStateSummer2024	2	333fm	Brian Johnson	2013JOHN10	m	NULL	NULL	USA
6122104	10	25	-1	FMCowOhioStateSummer2024	2	333fm	Simon Kellum	2016KELL12	m	NULL	NULL	USA
6122107	1	22	2367	FMCowOhioStateSummer2024	f	333fm	Jack Lee	2012LEEJ05	m	NULL	NR	Canada
6122108	2	23	2433	FMCowOhioStateSummer2024	f	333fm	Brian Johnson	2013JOHN10	m	NULL	NULL	USA
6122111	5	21	-1	FMCowOhioStateSummer2024	f	333fm	Carter Kucala	2015KUCA01	m	NULL	NULL	USA
6122112	5	21	-1	FMCowOhioStateSummer2024	f	333fm	Lewis Isom	2018ISOM02	m	NULL	NULL	USA
6122113	7	22	-1	FMCowOhioStateSummer2024	f	333fm	Evan Brown	2013BROW04	m	NULL	NULL	USA
6122114	8	23	-1	FMCowOhioStateSummer2024	f	333fm	Simon Kellum	2016KELL12	m	NULL	NULL	USA
6123556	1	21	2267	TaipeiFMCAllDay2024	1	333fm	Wong Chong Wen (黄崇文)	2014WENW01	m	NULL	NULL	Singapore
6123557	2	24	2533	TaipeiFMCAllDay2024	1	333fm	Yiwei Liu (刘伊玮)	2012LIUY03	m	NULL	NULL	China
6123558	3	25	2533	TaipeiFMCAllDay2024	1	333fm	Takumi Tamura (田村匠)	2019TAMU01	m	NULL	NULL	Japan
6123610	1	22	2200	TaipeiFMCAllDay2024	f	333fm	Wong Chong Wen (黄崇文)	2014WENW01	m	NULL	NULL	Singapore
6123611	2	22	2300	TaipeiFMCAllDay2024	f	333fm	Yiwei Liu (刘伊玮)	2012LIUY03	m	NULL	NULL	China
6123612	3	23	2633	TaipeiFMCAllDay2024	f	333fm	Cian-Jyun Yang (楊謙君)	2019YANG94	m	NULL	NULL	Taiwan
6123613	4	22	2667	TaipeiFMCAllDay2024	f	333fm	Takumi Tamura (田村匠)	2019TAMU01	m	NULL	NULL	Japan
6123614	5	25	2767	TaipeiFMCAllDay2024	f	333fm	Yen-Lei Jen (任晏磊)	2023JENY01	m	NULL	NULL	Taiwan
6123726	1	21	2133	HariHariHoras4HorasFMCTourAM2024	f	333fm	Wong Chong Wen (黄崇文)	2014WENW01	m	NULL	NULL	Singapore
6123727	2	20	2300	HariHariHoras4HorasFMCTourAM2024	f	333fm	Firstian Fushada (符逢城)	2015FUSH01	m	NULL	NULL	Indonesia
6123728	3	24	2767	HariHariHoras4HorasFMCTourAM2024	f	333fm	Lim Chun Yik (林峻毅)	2018YIKL01	m	NULL	NULL	Malaysia
6123729	4	24	-1	HariHariHoras4HorasFMCTourAM2024	f	333fm	Ng Jia Quan (黄佳铨)	2015QUAN03	m	NULL	NULL	Malaysia
6123730	4	24	-1	HariHariHoras4HorasFMCTourAM2024	f	333fm	Bryan Gan Tze Yang (顏子洋)	2016YANG83	m	NULL	NULL	Malaysia
6124767	15	20	-1	RubiksIrishChampionshipFMC2024	f	333fm	Nikita Grytsenko (Микита Гриценко)	2018GRYT01	m	NULL	NULL	Ukraine
6124768	16	24	-1	RubiksIrishChampionshipFMC2024	f	333fm	Alexandros Fokianos	2017FOKI01	m	NULL	NULL	Italy
6124769	17	25	-1	RubiksIrishChampionshipFMC2024	f	333fm	Tommaso Raposio	2014RAPO01	m	NULL	NULL	Italy
6131590	1	23	2633	AutotaloAnimeAdventure72024	1	333fm	Luukas Lempinen	2021LEMP01	m	NULL	NULL	Finland
6131593	4	22	4067	AutotaloAnimeAdventure72024	1	333fm	Niko Ronkainen	2010RONK01	m	NULL	NULL	Finland
6131600	1	24	2933	AutotaloAnimeAdventure72024	f	333fm	Luukas Lempinen	2021LEMP01	m	NULL	NULL	Finland
6131603	4	25	-1	AutotaloAnimeAdventure72024	f	333fm	Maksym Oliynyk	2018OLII01	m	NULL	NULL	Ukraine
6151776	1	20	2167	HariHariHoras4HorasFMCTourPM2024	f	333fm	Wong Chong Wen (黄崇文)	2014WENW01	m	NULL	NULL	Singapore
6151777	2	19	2233	HariHariHoras4HorasFMCTourPM2024	f	333fm	Firstian Fushada (符逢城)	2015FUSH01	m	NULL	NULL	Indonesia
6151780	5	19	-1	HariHariHoras4HorasFMCTourPM2024	f	333fm	Lim Chun Yik (林峻毅)	2018YIKL01	m	NR	NULL	Malaysia
6151837	1	20	2100	HariHariHoras5HorasFMCS2024	f	333fm	Wong Chong Wen (黄崇文)	2014WENW01	m	NULL	NULL	Singapore
6151838	2	22	2600	HariHariHoras5HorasFMCS2024	f	333fm	Lim Chun Yik (林峻毅)	2018YIKL01	m	NULL	NULL	Malaysia
6151839	3	24	2633	HariHariHoras5HorasFMCS2024	f	333fm	Ng Jia Quan (黄佳铨)	2015QUAN03	m	NULL	NULL	Malaysia
6151842	6	22	-1	HariHariHoras5HorasFMCS2024	f	333fm	Firstian Fushada (符逢城)	2015FUSH01	m	NULL	NULL	Indonesia
6155403	1	22	2267	KyivSideEventsJune2024	1	333fm	Yurii Riabov (Юрій Рябов)	2018RIAB01	m	NULL	NULL	Ukraine
6155415	1	23	2433	KyivSideEventsJune2024	f	333fm	Yurii Riabov (Юрій Рябов)	2018RIAB01	m	NULL	NULL	Ukraine
6155418	4	21	-1	KyivSideEventsJune2024	f	333fm	Ihor Kastranets (Ігор Кастранець)	2018KAST02	m	NULL	NULL	Ukraine
6158742	1	22	2300	FMCCarrieres2024	1	333fm	Louis-Marie Ratto	2019RATT02	m	NULL	NULL	France
6158743	2	23	2400	FMCCarrieres2024	1	333fm	Adrien Neveu	2018NEVE02	m	NULL	NULL	France
6158744	3	25	3033	FMCCarrieres2024	1	333fm	Sébastien Auroux	2008AURO01	m	NULL	NULL	Germany
6158753	1	21	2167	FMCCarrieres2024	f	333fm	Louis-Marie Ratto	2019RATT02	m	NULL	NULL	France
6158759	7	23	-1	FMCCarrieres2024	f	333fm	Adrien Neveu	2018NEVE02	m	NULL	NULL	France
6159790	1	20	2167	AustralianNationalsFMC2024	f	333fm	Max Parris	2022PARR10	m	NULL	NULL	Australia
6159791	2	21	2367	AustralianNationalsFMC2024	f	333fm	Jayden McNeill	2012MCNE01	m	NULL	NULL	Australia
6159792	3	22	2367	AustralianNationalsFMC2024	f	333fm	Joshua Hounslow	2016HOUN01	m	NULL	NULL	Australia
6159793	4	23	2467	AustralianNationalsFMC2024	f	333fm	Gerard McGinley	2019MCGI01	m	NULL	NULL	Australia
6159794	5	25	2733	AustralianNationalsFMC2024	f	333fm	Jonathan Charlesworth	2016CHAR01	m	NULL	NULL	Australia
6159795	6	23	2800	AustralianNationalsFMC2024	f	333fm	Benjamin Warry	2017WARR04	m	NULL	NULL	Australia
6159796	7	25	3033	AustralianNationalsFMC2024	f	333fm	Amy Smith	2019SMIT36	m	NULL	NULL	Australia
6168715	1	23	2333	SouthernFMCChampionship2024	f	333fm	Lewis Isom	2018ISOM02	m	NULL	NULL	USA
6168716	2	21	2400	SouthernFMCChampionship2024	f	333fm	Jeremy Sheng	2019SHEN10	m	NULL	NULL	USA
6168717	3	24	2833	SouthernFMCChampionship2024	f	333fm	Ryan Pilat	2016PILA03	m	NULL	NULL	USA
6168718	4	21	2867	SouthernFMCChampionship2024	f	333fm	Ray Bai	2014BAIR01	m	NULL	NULL	USA
6170914	1	25	2600	PhilippineChampionship2024	f	333fm	DongSoo Park (박동수)	2017PARK05	m	NULL	NULL	Korea
6171970	1	20	2100	HariHariHoras112024	f	333fm	Wong Chong Wen (黄崇文)	2014WENW01	m	NULL	NULL	Singapore
6171971	2	20	2400	HariHariHoras112024	f	333fm	Takumi Tamura (田村匠)	2019TAMU01	m	NULL	NULL	Japan
6171972	3	23	2500	HariHariHoras112024	f	333fm	Lim Chun Yik (林峻毅)	2018YIKL01	m	NULL	NULL	Malaysia
6171973	4	25	2733	HariHariHoras112024	f	333fm	Bryan Gan Tze Yang (顏子洋)	2016YANG83	m	NULL	NULL	Malaysia
6171975	6	22	-1	HariHariHoras112024	f	333fm	Firstian Fushada (符逢城)	2015FUSH01	m	NULL	NULL	Indonesia
6172053	1	20	2367	IsraelFMCChampionship2024	1	333fm	Zecharya Moshavi	2018MOSH01	m	NR	NULL	Israel
6172054	2	24	2667	IsraelFMCChampionship2024	1	333fm	Roy Tamir	2014TAMI01	m	NULL	NULL	Israel
6172078	1	23	2300	IsraelFMCChampionship2024	f	333fm	Zecharya Moshavi	2018MOSH01	m	NULL	NR	Israel
6172079	2	21	2367	IsraelFMCChampionship2024	f	333fm	Roy Tamir	2014TAMI01	m	NULL	NULL	Israel
6172080	3	24	2533	IsraelFMCChampionship2024	f	333fm	Ben Baron	2016BARO04	m	NULL	NULL	Israel
6172089	12	22	-1	IsraelFMCChampionship2024	f	333fm	Itamar Turm	2017TURM01	m	NULL	NULL	Israel
6173314	1	22	2267	ShanghaiFMCSummer2024	1	333fm	Baiqiang Dong (董百强)	2008DONG06	m	NULL	NULL	China
6173315	1	22	2267	ShanghaiFMCSummer2024	1	333fm	Weijie Jian (简维杰)	2011JIAN07	m	NULL	NULL	China
6173316	3	22	2300	ShanghaiFMCSummer2024	1	333fm	Jibo Zhao (赵吉波)	2010ZHAO11	m	NULL	NULL	China
6173317	4	24	2433	ShanghaiFMCSummer2024	1	333fm	Qijun Miao (缪其隽)	2014MIAO02	m	NULL	NULL	China
6173318	5	24	2533	ShanghaiFMCSummer2024	1	333fm	Jiayue Chen (陈家悦)	2023CHEJ12	m	NULL	NULL	China
6173319	5	24	2533	ShanghaiFMCSummer2024	1	333fm	Yiwei Liu (刘伊玮)	2012LIUY03	m	NULL	NULL	China
6173320	7	23	2667	ShanghaiFMCSummer2024	1	333fm	Xiwen Ruan (阮熙文)	2018RUAN04	m	NULL	NULL	China
6173321	8	23	2700	ShanghaiFMCSummer2024	1	333fm	Jiashun Wu (吴嘉顺)	2016WUJI01	m	NULL	NULL	China
6173324	11	24	2867	ShanghaiFMCSummer2024	1	333fm	Zhiyuan Ma (马之元)	2017MAZH04	m	NULL	NULL	China
6173325	12	24	2900	ShanghaiFMCSummer2024	1	333fm	Maosheng Chen (陈茂盛)	2012CHEN44	m	NULL	NULL	China
6173341	1	21	2433	ShanghaiFMCSummer2024	f	333fm	Yiwei Liu (刘伊玮)	2012LIUY03	m	NULL	NULL	China
6173342	2	24	2500	ShanghaiFMCSummer2024	f	333fm	Jibo Zhao (赵吉波)	2010ZHAO11	m	NULL	NULL	China
6173343	3	25	2533	ShanghaiFMCSummer2024	f	333fm	Baiqiang Dong (董百强)	2008DONG06	m	NULL	NULL	China
6173344	4	25	2633	ShanghaiFMCSummer2024	f	333fm	Jiayue Chen (陈家悦)	2023CHEJ12	m	NULL	NULL	China
6173345	5	25	2667	ShanghaiFMCSummer2024	f	333fm	Weijie Jian (简维杰)	2011JIAN07	m	NULL	NULL	China
6173346	6	22	2767	ShanghaiFMCSummer2024	f	333fm	Qijun Miao (缪其隽)	2014MIAO02	m	NULL	NULL	China
6174117	1	23	2333	WesternFMCChampions2024	f	333fm	Kyeongmin Choi (최경민)	2017CHOI07	m	NULL	NULL	Korea
6174118	2	25	2967	WesternFMCChampions2024	f	333fm	Calvin Nielson	2014NIEL03	m	NULL	NULL	USA
6174119	3	23	3367	WesternFMCChampions2024	f	333fm	Nipun Das	2017DASN01	m	NULL	NULL	USA
6174128	12	23	-1	WesternFMCChampions2024	f	333fm	Diego Isai Mijangos Flores	2016FLOR18	m	NULL	NULL	Mexico
6175207	1	21	2167	PleaseBeQuietSingapore2024	f	333fm	Wong Chong Wen (黄崇文)	2014WENW01	m	NULL	NULL	Singapore
6175208	2	21	2333	PleaseBeQuietSingapore2024	f	333fm	Dylan Seah Tze Siang (谢智翔)	2015SIAN01	m	NULL	NULL	Singapore
6175209	3	23	2400	PleaseBeQuietSingapore2024	f	333fm	Chang Hong Liang (张泓量)	2016LIAN02	m	NULL	NULL	Singapore
6175210	4	25	2733	PleaseBeQuietSingapore2024	f	333fm	Takumi Tamura (田村匠)	2019TAMU01	m	NULL	NULL	Japan
6175211	5	25	2867	PleaseBeQuietSingapore2024	f	333fm	Luis Tan Hong Yi (陈宏溢)	2023YILU01	m	NULL	NULL	Singapore
6175215	9	24	-1	PleaseBeQuietSingapore2024	f	333fm	Jovan Susanto	2022SUSA02	m	NULL	NULL	Singapore
6175216	10	25	-1	PleaseBeQuietSingapore2024	f	333fm	Ng Jia Quan (黄佳铨)	2015QUAN03	m	NULL	NULL	Malaysia
6176165	1	22	2267	FMCUkraineItaly2024	1	333fm	Yurii Riabov (Юрій Рябов)	2018RIAB01	m	NULL	NULL	Ukraine
6176166	2	22	2433	FMCUkraineItaly2024	1	333fm	Enrico Tenuti	2017TENU01	m	NULL	NULL	Italy
6176178	14	24	-1	FMCUkraineItaly2024	1	333fm	Tommaso Raposio	2014RAPO01	m	NULL	NULL	Italy
6176179	14	24	-1	FMCUkraineItaly2024	1	333fm	Dmytro Kuryltsiv (Дмитро Курильців)	2018KURY02	m	NULL	NULL	Ukraine
6176180	16	25	-1	FMCUkraineItaly2024	1	333fm	Artem Boiko (Артем Бойко)	2014BOIK01	m	NULL	NULL	Ukraine
6176181	16	25	-1	FMCUkraineItaly2024	1	333fm	Alexandros Fokianos	2017FOKI01	m	NULL	NULL	Italy
6176186	1	21	2267	FMCUkraineItaly2024	f	333fm	Yurii Riabov (Юрій Рябов)	2018RIAB01	m	NULL	NULL	Ukraine
6176187	2	22	2467	FMCUkraineItaly2024	f	333fm	Tommaso Raposio	2014RAPO01	m	NULL	NULL	Italy
6176188	3	23	2533	FMCUkraineItaly2024	f	333fm	Dmytro Kuryltsiv (Дмитро Курильців)	2018KURY02	m	NULL	NULL	Ukraine
6176189	4	22	2833	FMCUkraineItaly2024	f	333fm	Modest Podzolkin	2017PODZ01	m	NULL	NULL	Ukraine
6176197	12	23	-1	FMCUkraineItaly2024	f	333fm	Enrico Tenuti	2017TENU01	m	NULL	NULL	Italy
6179827	1	22	2400	SACFMC2024	f	333fm	Anuar Miguel Abib Onofre	2015ONOF01	m	NULL	NULL	Brazil
6179828	2	24	2533	SACFMC2024	f	333fm	Guido Dipietro	2013DIPI01	m	NULL	NULL	Argentina
6179829	3	25	2700	SACFMC2024	f	333fm	Hector David Martinez Argaez	2014ARGA01	m	NULL	NR	Colombia
6179874	48	24	-1	SACFMC2024	f	333fm	Matheus Silva Carvalho de Oliveira	2014OLIV05	m	NULL	NULL	Brazil
6179875	49	25	-1	SACFMC2024	f	333fm	Marlon de V. Marques	2014MARQ02	m	NULL	NULL	Brazil
6180215	1	22	2367	Cube4funinBialaPodlaska2024	1	333fm	Radomił Baran	2020BARA02	m	NULL	NULL	Poland
6180216	2	24	2567	Cube4funinBialaPodlaska2024	1	333fm	Radosław Opoka	2013OPOK01	m	NULL	NULL	Poland
6180226	1	23	2333	Cube4funinBialaPodlaska2024	f	333fm	Radomił Baran	2020BARA02	m	NULL	NULL	Poland
6180231	6	24	-1	Cube4funinBialaPodlaska2024	f	333fm	Krzysztof Pietrusiak	2019PIET01	m	NULL	NULL	Poland
6196184	5	25	-1	AutotaloAnimeAdventure82024	f	333fm	Janne Lehtimäki	2012LEHT01	m	NULL	NULL	Finland
6198144	1	25	2567	FMiKjellern2024	1	333fm	Theodor Nordstrand	2016NORD02	m	NULL	NULL	Sweden
6198160	1	24	2767	FMiKjellern2024	f	333fm	Jakob Jernsletten	2018JERN01	m	NULL	NR	Norway
6201175	1	21	2233	WarmUpPortugalete2024	f	333fm	Radomił Baran	2020BARA02	m	NULL	NULL	Poland
6201176	2	21	2367	WarmUpPortugalete2024	f	333fm	Wojciech Rogoziński	2019ROGO04	m	NULL	NULL	Poland
6201177	3	22	2400	WarmUpPortugalete2024	f	333fm	Jan Riedl	2019RIED01	m	NULL	NULL	Czech Republic
6201178	3	22	2400	WarmUpPortugalete2024	f	333fm	Mauro Moisés Ortega López	2016LOPE44	m	NULL	NULL	Spain
6201179	5	25	2567	WarmUpPortugalete2024	f	333fm	Quentin Rivault	2017RIVA09	m	NULL	NULL	France
6201180	6	25	2700	WarmUpPortugalete2024	f	333fm	Daniel Vædele Egdal	2013EGDA01	m	NULL	NULL	Denmark
6201181	7	25	2767	WarmUpPortugalete2024	f	333fm	Dušan Zakelšek	2012ZAKE02	m	NULL	NULL	Slovenia
6201188	14	25	3100	WarmUpPortugalete2024	f	333fm	Oliver Fritz	2014FRIT02	m	NULL	NULL	Germany
6201200	26	21	-1	WarmUpPortugalete2024	f	333fm	Oscar Sánchez Najarro	2017NAJA02	m	NULL	NULL	Spain
6201201	27	22	-1	WarmUpPortugalete2024	f	333fm	Mattheo de Wit	2015WITM01	m	NULL	NULL	Netherlands
6201202	28	25	-1	WarmUpPortugalete2024	f	333fm	Kamil Przybylski	2016PRZY01	m	NULL	NULL	Poland
6207526	1	21	2200	NAC2024	f	333fm	Krish Shah-Nathwani	2015SHAH09	m	NULL	NULL	USA
6207527	2	22	2300	NAC2024	f	333fm	Noah Swor	2017SWOR01	m	NULL	NULL	USA
6207528	2	22	2300	NAC2024	f	333fm	Evan Brown	2013BROW04	m	NULL	NULL	USA
6207529	4	21	2333	NAC2024	f	333fm	Alexei Sinyavin	2016SINY01	m	NULL	NULL	USA
6207530	5	23	2333	NAC2024	f	333fm	Kerry Creech	2018CREE01	m	NULL	NULL	USA
6207531	5	23	2333	NAC2024	f	333fm	Kyeongmin Choi (최경민)	2017CHOI07	m	NULL	NULL	Korea
6207532	7	22	2400	NAC2024	f	333fm	Brian Johnson	2013JOHN10	m	NULL	NULL	USA
6207533	8	23	2400	NAC2024	f	333fm	Cale Schoon	2014SCHO02	m	NULL	NULL	USA
6207534	8	23	2400	NAC2024	f	333fm	Daniel Karnaukh	2014KARN02	m	NULL	NULL	USA
6207535	10	24	2433	NAC2024	f	333fm	Levi Gibson	2018GIBS04	m	NULL	NULL	USA
6207536	11	21	2467	NAC2024	f	333fm	Luke Garrett	2017GARR05	m	NULL	NULL	USA
6207537	12	24	2467	NAC2024	f	333fm	Jackson Warley	2008WARL01	m	NULL	NULL	USA
6207538	13	25	2567	NAC2024	f	333fm	AJ Kamal	2016KAMA04	m	NULL	NULL	USA
6207540	15	23	2667	NAC2024	f	333fm	Stanley Chapel	2016CHAP04	m	NULL	NULL	USA
6207545	20	23	-1	NAC2024	f	333fm	Owen Widdis	2015WIDD01	m	NULL	NULL	USA
6207546	20	23	-1	NAC2024	f	333fm	Zachary Ochs	2016OCHS01	m	NULL	NULL	USA
6207547	20	23	-1	NAC2024	f	333fm	Chris Chi	2014CHIC01	m	NULL	NULL	USA
6207548	23	24	-1	NAC2024	f	333fm	Carter Kucala	2015KUCA01	m	NULL	NULL	USA
6207549	24	25	-1	NAC2024	f	333fm	Zeke Mackay	2015MACK06	m	NULL	NULL	USA
6216964	1	23	2367	EvanstonFridayNightFMC2024	f	333fm	Brian Johnson	2013JOHN10	m	NULL	NULL	USA
6216965	2	23	2667	EvanstonFridayNightFMC2024	f	333fm	Ethan Cho	2018CHOE02	m	NULL	NULL	USA
6219849	1	22	2233	VietnamChampionship2024	f	333fm	Lichi Fang (方力驰)	2018FANG03	m	NULL	NULL	China
6219850	2	23	2433	VietnamChampionship2024	f	333fm	Nông Quốc Duy	2022DUYN02	m	NR	NR	Vietnam
6219851	3	25	2600	VietnamChampionship2024	f	333fm	Yifan Wang (王逸帆)	2017WANY29	m	NULL	NULL	China
6219866	18	24	-1	VietnamChampionship2024	f	333fm	Đặng Minh Quân	2023QUAN10	m	NULL	NULL	Vietnam
6261244	1	20	2100	Euro2024	f	333fm	Radomił Baran	2020BARA02	m	NULL	ER	Poland
6261245	2	18	2133	Euro2024	f	333fm	Jan Riedl	2019RIED01	m	NR	NR	Czech Republic
6261246	3	20	2133	Euro2024	f	333fm	Sebastiano Tronto	2011TRON02	m	NULL	NR	Italy
6261247	4	19	2167	Euro2024	f	333fm	Jaye Sloan	2022SLOA01	m	NULL	NR	United Kingdom
6261248	5	22	2267	Euro2024	f	333fm	Louis-Marie Ratto	2019RATT02	m	NULL	NULL	France
6261249	5	22	2267	Euro2024	f	333fm	Kai Cui	2019CUIK03	m	NULL	NULL	United Kingdom
6261250	7	22	2300	Euro2024	f	333fm	Adrien Neveu	2018NEVE02	m	NULL	NULL	France
6261251	8	20	2400	Euro2024	f	333fm	Jeremy Mrzyglocki	2019MRZY01	m	NULL	NULL	Germany
6261252	8	20	2400	Euro2024	f	333fm	Mauro Moisés Ortega López	2016LOPE44	m	NULL	NULL	Spain
6261253	10	23	2400	Euro2024	f	333fm	Jordi Lleixà López	2023LOPE09	m	NULL	NULL	Spain
6261254	11	24	2400	Euro2024	f	333fm	Fabio Schwandt	2014SCHW02	m	NULL	NULL	United Kingdom
6261255	12	22	2433	Euro2024	f	333fm	Jan Bentlage	2010BENT01	m	NULL	NULL	Germany
6261256	13	23	2467	Euro2024	f	333fm	Vasco Vasconcelos	2008VASC01	m	NULL	NR	Portugal
6261257	13	23	2467	Euro2024	f	333fm	Theodor Nordstrand	2016NORD02	m	NULL	NULL	Sweden
6261258	13	23	2467	Euro2024	f	333fm	Adam Marcellus Kelly	2016KELL10	m	NULL	NULL	USA
6261259	13	23	2467	Euro2024	f	333fm	Dawid Wójcik	2016WOJC04	m	NULL	NULL	Poland
6261260	17	24	2467	Euro2024	f	333fm	Noah Kraft	2016KRAF01	m	NULL	NULL	Germany
6261261	17	24	2467	Euro2024	f	333fm	Wojciech Rogoziński	2019ROGO04	m	NULL	NULL	Poland
6261262	19	22	2533	Euro2024	f	333fm	Bartosz Karpiński	2019KARP03	m	NULL	NULL	Poland
6261263	20	23	2567	Euro2024	f	333fm	Tommaso Raposio	2014RAPO01	m	NULL	NULL	Italy
6261264	21	25	2567	Euro2024	f	333fm	Shawn Lee Zhi Xuan (李致轩)	2017XUAN03	m	NULL	NULL	Malaysia
6261265	22	21	2600	Euro2024	f	333fm	Alexandros Fokianos	2017FOKI01	m	NULL	NULL	Italy
6261266	23	24	2600	Euro2024	f	333fm	Daniel Vædele Egdal	2013EGDA01	m	NULL	NULL	Denmark
6261267	24	23	2633	Euro2024	f	333fm	Adam Kędziorski	2019KEDZ01	m	NULL	NULL	Poland
6261268	25	25	2633	Euro2024	f	333fm	Alaric Pouchain	2019POUC01	m	NULL	NULL	France
6261269	25	25	2633	Euro2024	f	333fm	Szabolcs Szántai	2016SZAN01	m	NULL	NULL	Hungary
6261270	27	24	2700	Euro2024	f	333fm	Helmer Ewert	2015EWER01	m	NULL	NULL	Sweden
6261272	29	22	2733	Euro2024	f	333fm	Simone Bentlage	2014OHLE01	m	NULL	NULL	Germany
6261275	32	25	2867	Euro2024	f	333fm	Jakob Jernsletten	2018JERN01	m	NULL	NULL	Norway
6261303	60	22	-1	Euro2024	f	333fm	Angel Alexis Carrillo Ramirez	2017RAMI08	m	NR	NULL	Mexico
6261304	60	22	-1	Euro2024	f	333fm	Alexis Le Merrer	2019MERR02	m	NULL	NULL	France
6261305	60	22	-1	Euro2024	f	333fm	Harry Owen	2017OWEN01	m	NULL	NULL	United Kingdom
6261306	60	22	-1	Euro2024	f	333fm	Nicolas Gertner Kilian	2013GERT01	m	NULL	NULL	France
6261307	64	23	-1	Euro2024	f	333fm	Ben Baron	2016BARO04	m	NULL	NULL	Israel
6261308	65	25	-1	Euro2024	f	333fm	Daniel Anker Hermansen	2017HERM01	m	NULL	NULL	Denmark
6261309	65	25	-1	Euro2024	f	333fm	Pablo Aguilar Dominguez	2010AGUI04	m	NULL	NULL	Spain
6261310	65	25	-1	Euro2024	f	333fm	Simon Kellum	2016KELL12	m	NULL	NULL	USA
6261311	65	25	-1	Euro2024	f	333fm	Carter Kucala	2015KUCA01	m	NULL	NULL	USA
6266551	1	21	2233	SideNBlindNarreWarren2024	f	333fm	Jayden McNeill	2012MCNE01	m	NULL	NULL	Australia
6266552	2	24	2500	SideNBlindNarreWarren2024	f	333fm	Gerard McGinley	2019MCGI01	m	NULL	NULL	Australia
6266553	3	24	2567	SideNBlindNarreWarren2024	f	333fm	David Epstein	2016EPST02	m	NULL	NULL	Australia
6266566	16	25	-1	SideNBlindNarreWarren2024	f	333fm	Max Parris	2022PARR10	m	NULL	NULL	Australia
6285904	1	22	2433	WarsawFMCTourThursday2024	1	333fm	Wojciech Rogoziński	2019ROGO04	m	NULL	NULL	Poland
6285905	2	24	2533	WarsawFMCTourThursday2024	1	333fm	Radomił Baran	2020BARA02	m	NULL	NULL	Poland
6285906	2	24	2533	WarsawFMCTourThursday2024	1	333fm	Krzysztof Pietrusiak	2019PIET01	m	NULL	NULL	Poland
6285907	4	23	2867	WarsawFMCTourThursday2024	1	333fm	Radosław Opoka	2013OPOK01	m	NULL	NULL	Poland
6285909	6	24	2933	WarsawFMCTourThursday2024	1	333fm	Kacper Paweł Dworak	2020DWOR01	m	NULL	NULL	Poland
6285918	1	21	2267	WarsawFMCTourThursday2024	f	333fm	Radomił Baran	2020BARA02	m	NULL	NULL	Poland
6285919	2	22	2267	WarsawFMCTourThursday2024	f	333fm	Wojciech Rogoziński	2019ROGO04	m	NULL	NULL	Poland
6285920	3	23	2633	WarsawFMCTourThursday2024	f	333fm	Jeremy Mrzyglocki	2019MRZY01	m	NULL	NULL	Germany
6285926	9	22	-1	WarsawFMCTourThursday2024	f	333fm	Radosław Opoka	2013OPOK01	m	NULL	NULL	Poland
6285927	10	24	-1	WarsawFMCTourThursday2024	f	333fm	Krzysztof Pietrusiak	2019PIET01	m	NULL	NULL	Poland
6287700	1	21	2133	WarsawFMCTourFriday2024	1	333fm	Wojciech Rogoziński	2019ROGO04	m	NULL	NULL	Poland
6287701	2	21	2167	WarsawFMCTourFriday2024	1	333fm	Radomił Baran	2020BARA02	m	NULL	NULL	Poland
6287702	3	21	2233	WarsawFMCTourFriday2024	1	333fm	Krzysztof Pietrusiak	2019PIET01	m	NULL	NULL	Poland
6287703	4	24	2500	WarsawFMCTourFriday2024	1	333fm	Radosław Opoka	2013OPOK01	m	NULL	NULL	Poland
6287704	5	23	2733	WarsawFMCTourFriday2024	1	333fm	Jonas Rongé	2014RONG01	m	NULL	NR	Belgium
6287705	6	25	2867	WarsawFMCTourFriday2024	1	333fm	Jérôme Carlier	2016CARL02	m	NULL	NULL	Belgium
6287710	11	24	-1	WarsawFMCTourFriday2024	1	333fm	Jeremy Mrzyglocki	2019MRZY01	m	NULL	NULL	Germany
6287713	1	20	2200	WarsawFMCTourFriday2024	f	333fm	Wojciech Rogoziński	2019ROGO04	m	NULL	NULL	Poland
6287714	2	22	2300	WarsawFMCTourFriday2024	f	333fm	Radomił Baran	2020BARA02	m	NULL	NULL	Poland
6287715	3	22	2333	WarsawFMCTourFriday2024	f	333fm	Krzysztof Pietrusiak	2019PIET01	m	NULL	NULL	Poland
6287716	4	22	2600	WarsawFMCTourFriday2024	f	333fm	Jeremy Mrzyglocki	2019MRZY01	m	NULL	NULL	Germany
6287717	5	23	2667	WarsawFMCTourFriday2024	f	333fm	Radosław Opoka	2013OPOK01	m	NULL	NULL	Poland
6287721	9	22	-1	WarsawFMCTourFriday2024	f	333fm	Jonas Rongé	2014RONG01	m	NR	NULL	Belgium
6287760	1	20	2667	SouthBayWeeknightBF42024	f	333fm	Calvin Nielson	2014NIEL03	m	NULL	NULL	USA
6288163	1	24	2533	BlindTillNineinVietnam2024	f	333fm	Nông Quốc Duy	2022DUYN02	m	NULL	NULL	Vietnam
6288236	1	19	2100	WarsawFMCTourSaturday2024	1	333fm	Wojciech Rogoziński	2019ROGO04	m	NR	ER	Poland
6288237	2	19	2233	WarsawFMCTourSaturday2024	1	333fm	Radomił Baran	2020BARA02	m	NR	NULL	Poland
6288238	3	19	2300	WarsawFMCTourSaturday2024	1	333fm	Jeremy Mrzyglocki	2019MRZY01	m	NR	NULL	Germany
6288239	4	19	2433	WarsawFMCTourSaturday2024	1	333fm	Radosław Opoka	2013OPOK01	m	NR	NULL	Poland
6288240	5	25	2600	WarsawFMCTourSaturday2024	1	333fm	Krzysztof Pietrusiak	2019PIET01	m	NULL	NULL	Poland
6288246	1	20	2233	WarsawFMCTourSaturday2024	f	333fm	Radomił Baran	2020BARA02	m	NULL	NULL	Poland
6288247	2	22	2267	WarsawFMCTourSaturday2024	f	333fm	Wojciech Rogoziński	2019ROGO04	m	NULL	NULL	Poland
6288248	3	20	2300	WarsawFMCTourSaturday2024	f	333fm	Krzysztof Pietrusiak	2019PIET01	m	NULL	NULL	Poland
6288249	4	25	2733	WarsawFMCTourSaturday2024	f	333fm	Jonas Rongé	2014RONG01	m	NULL	NR	Belgium
6288251	6	22	-1	WarsawFMCTourSaturday2024	f	333fm	Jeremy Mrzyglocki	2019MRZY01	m	NULL	NULL	Germany
6288252	7	24	-1	WarsawFMCTourSaturday2024	f	333fm	Radosław Opoka	2013OPOK01	m	NULL	NULL	Poland
6289803	1	24	2433	NewEnglandQuietChampionship2024	f	333fm	Krish Shah-Nathwani	2015SHAH09	m	NULL	NULL	USA
6289804	2	25	2600	NewEnglandQuietChampionship2024	f	333fm	Levi Gibson	2018GIBS04	m	NULL	NULL	USA
6289806	4	25	2767	NewEnglandQuietChampionship2024	f	333fm	Elliot Wiecek	2016WIEC02	m	NULL	NULL	USA
6290347	1	21	2167	GoraszkaFMCSunday2024	1	333fm	Wojciech Rogoziński	2019ROGO04	m	NULL	NULL	Poland
6290348	2	21	2233	GoraszkaFMCSunday2024	1	333fm	Radomił Baran	2020BARA02	m	NULL	NULL	Poland
6290349	3	21	2800	GoraszkaFMCSunday2024	1	333fm	Radosław Opoka	2013OPOK01	m	NULL	NULL	Poland
6290354	8	21	-1	GoraszkaFMCSunday2024	1	333fm	Krzysztof Pietrusiak	2019PIET01	m	NULL	NULL	Poland
6290356	1	21	2267	GoraszkaFMCSunday2024	f	333fm	Radomił Baran	2020BARA02	m	NULL	NULL	Poland
6290357	2	20	2300	GoraszkaFMCSunday2024	f	333fm	Radosław Opoka	2013OPOK01	m	NULL	NULL	Poland
6290358	3	24	2433	GoraszkaFMCSunday2024	f	333fm	Wojciech Rogoziński	2019ROGO04	m	NULL	NULL	Poland
6293696	1	24	2633	AutotaloAnimeAdventureIX2024	1	333fm	Janne Lehtimäki	2012LEHT01	m	NULL	NULL	Finland
6296447	1	24	2833	SilesianMinxFest2024	f	333fm	Kacper Paweł Dworak	2020DWOR01	m	NULL	NULL	Poland
6296454	8	24	-1	SilesianMinxFest2024	f	333fm	Jan Zych	2014ZYCH01	m	NULL	NULL	Poland
6300687	1	25	2633	LuziceOpen2024	f	333fm	Jan Riedl	2019RIED01	m	NULL	NULL	Czech Republic
6301103	1	21	2333	SlovenianFMCNationals2024	1	333fm	Enrico Tenuti	2017TENU01	m	NULL	NULL	Italy
6301114	1	20	2400	SlovenianFMCNationals2024	f	333fm	Enrico Tenuti	2017TENU01	m	NULL	NULL	Italy
6305731	1	23	2367	RheinNeckarMS2024	1	333fm	Jan Bentlage	2010BENT01	m	NULL	NULL	Germany
6305732	2	24	2533	RheinNeckarMS2024	1	333fm	Noah Kraft	2016KRAF01	m	NULL	NULL	Germany
6305733	3	23	2600	RheinNeckarMS2024	1	333fm	Dunhui Xiao (肖敦慧)	2018XIAO03	m	NULL	NULL	Germany
6305734	4	24	2700	RheinNeckarMS2024	1	333fm	Jonas Balsfulland	2012BALS01	m	NULL	NULL	Germany
6305736	6	25	2933	RheinNeckarMS2024	1	333fm	Simone Bentlage	2014OHLE01	m	NULL	NULL	Germany
6305760	1	24	2400	RheinNeckarMS2024	f	333fm	Jan Bentlage	2010BENT01	m	NULL	NULL	Germany
6305761	2	24	2667	RheinNeckarMS2024	f	333fm	Noah Kraft	2016KRAF01	m	NULL	NULL	Germany
6305762	3	25	2900	RheinNeckarMS2024	f	333fm	Felix Christian Schmidt	2022SCHM01	m	NULL	NULL	Germany
6305766	7	25	-1	RheinNeckarMS2024	f	333fm	Jonas Balsfulland	2012BALS01	m	NULL	NULL	Germany
6309819	1	23	2367	GemCitySpecialIIOH2024	f	333fm	Evan Brown	2013BROW04	m	NULL	NULL	USA
6309820	2	25	2733	GemCitySpecialIIOH2024	f	333fm	Luke Garrett	2017GARR05	m	NULL	NULL	USA
6309821	3	25	3167	GemCitySpecialIIOH2024	f	333fm	Braden Richards	2017RICH02	m	NULL	NULL	USA
6310732	1	21	2267	ShhicagoII2024	1	333fm	Brian Johnson	2013JOHN10	m	NULL	NULL	USA
6310733	2	22	2900	ShhicagoII2024	1	333fm	Abhimanyu Singhal (अभिमन्यु सिंघल)	2013SING12	m	NULL	NULL	USA
6310751	1	24	2500	ShhicagoII2024	f	333fm	Brian Johnson	2013JOHN10	m	NULL	NULL	USA
6311387	1	20	0	MorroReuterCubing2024	f	333fm	Murillo Gomes Otero	2014OTER01	1	NR	NULL	Brazil
6316459	1	23	2333	GuangzhouQuietDay2024	f	333fm	Qijun Miao (缪其隽)	2014MIAO02	m	NULL	NULL	China
6316460	2	24	2433	GuangzhouQuietDay2024	f	333fm	Jibo Zhao (赵吉波)	2010ZHAO11	m	NULL	NULL	China
6316461	3	22	2467	GuangzhouQuietDay2024	f	333fm	Jiayue Chen (陈家悦)	2023CHEJ12	m	NULL	NULL	China
6316462	3	22	2467	GuangzhouQuietDay2024	f	333fm	Weijie Jian (简维杰)	2011JIAN07	m	NULL	NULL	China
6316463	5	24	2467	GuangzhouQuietDay2024	f	333fm	Yuhang Sun (孙煜航)	2019SUNY09	m	NULL	NULL	China
6316466	8	24	2867	GuangzhouQuietDay2024	f	333fm	Zian Song (宋子安)	2014SONG08	m	NULL	NULL	China
6316480	22	23	-1	GuangzhouQuietDay2024	f	333fm	Lichi Fang (方力驰)	2018FANG03	m	NULL	NULL	China
6316481	22	23	-1	GuangzhouQuietDay2024	f	333fm	Tianze Xu (徐天泽)	2015XUTI01	m	NULL	NULL	China
6316482	22	23	-1	GuangzhouQuietDay2024	f	333fm	Yiwei Liu (刘伊玮)	2012LIUY03	m	NULL	NULL	China
6316483	25	24	-1	GuangzhouQuietDay2024	f	333fm	Lin Heiyin (林熙彦)	2024HEIY01	m	NULL	NULL	Hong Kong
6316484	25	24	-1	GuangzhouQuietDay2024	f	333fm	Yongqiang Peng (彭永强)	2013PENG02	m	NULL	NULL	China
6320495	1	24	0	CouffoulEvents2024	f	333fm	Adrien Neveu	2018NEVE02	1	NULL	NULL	France
6320496	1	24	0	CouffoulEvents2024	f	333fm	Quentin Rivault	2017RIVA09	1	NULL	NULL	France
6320497	3	25	0	CouffoulEvents2024	f	333fm	Nicolas Gertner Kilian	2013GERT01	1	NULL	NULL	France
6321516	1	22	2367	KyivNxNSummer2024	1	333fm	Yurii Riabov (Юрій Рябов)	2018RIAB01	m	NULL	NULL	Ukraine
6321517	2	23	2667	KyivNxNSummer2024	1	333fm	Dmytro Kuryltsiv (Дмитро Курильців)	2018KURY02	m	NULL	NULL	Ukraine
6321526	11	25	-1	KyivNxNSummer2024	1	333fm	Modest Podzolkin	2017PODZ01	m	NULL	NULL	Ukraine
6321535	1	19	2400	KyivNxNSummer2024	f	333fm	Yurii Riabov (Юрій Рябов)	2018RIAB01	m	NULL	NULL	Ukraine
6322283	1	21	2200	PleaseBeQuietBeijing2024	f	333fm	Yiwei Liu (刘伊玮)	2012LIUY03	m	NULL	NULL	China
6322284	2	21	2567	PleaseBeQuietBeijing2024	f	333fm	Yifan Wang (王逸帆)	2017WANY29	m	NULL	NULL	China
6322285	3	24	2567	PleaseBeQuietBeijing2024	f	333fm	Xiwen Ruan (阮熙文)	2018RUAN04	m	NULL	NULL	China
6322286	4	24	2933	PleaseBeQuietBeijing2024	f	333fm	Yibo Wang (王怡卜)	2023WANY11	m	NULL	NULL	China
6322299	17	23	-1	PleaseBeQuietBeijing2024	f	333fm	Jiayue Chen (陈家悦)	2023CHEJ12	m	NULL	NULL	China
6322300	17	23	-1	PleaseBeQuietBeijing2024	f	333fm	Weijie Jian (简维杰)	2011JIAN07	m	NULL	NULL	China
6322805	3	25	3067	SzokolyaOpen2024	f	333fm	Szabolcs Szántai	2016SZAN01	m	NULL	NULL	Hungary
6326676	1	25	2667	HungarianAllRounder72024	f	333fm	Bence Barát	2008BARA01	m	NULL	NULL	Hungary
6326677	2	23	2967	HungarianAllRounder72024	f	333fm	Szabolcs Szántai	2016SZAN01	m	NULL	NULL	Hungary
6330543	1	22	2233	SundaySilenceSingapore2024	f	333fm	Wong Chong Wen (黄崇文)	2014WENW01	m	NULL	NULL	Singapore
6330544	2	22	2400	SundaySilenceSingapore2024	f	333fm	Chang Hong Liang (张泓量)	2016LIAN02	m	NULL	NULL	Singapore
6330545	3	23	2500	SundaySilenceSingapore2024	f	333fm	Dylan Seah Tze Siang (谢智翔)	2015SIAN01	m	NULL	NULL	Singapore
6330546	4	24	2800	SundaySilenceSingapore2024	f	333fm	Ng Jia Quan (黄佳铨)	2015QUAN03	m	NULL	NULL	Malaysia
6330550	8	23	-1	SundaySilenceSingapore2024	f	333fm	Luis Tan Hong Yi (陈宏溢)	2023YILU01	m	NULL	NULL	Singapore
6330551	9	24	-1	SundaySilenceSingapore2024	f	333fm	Lim Chun Yik (林峻毅)	2018YIKL01	m	NULL	NULL	Malaysia
6330901	1	21	2233	BegastriOpen2024	f	333fm	Mauro Moisés Ortega López	2016LOPE44	m	NULL	NULL	Spain
6330902	2	24	2600	BegastriOpen2024	f	333fm	Oliver Fritz	2014FRIT02	m	NULL	NULL	Germany
6330903	3	25	2600	BegastriOpen2024	f	333fm	Rafael Rodriguez Santana	2012SANT12	m	NULL	NULL	Spain
6330909	9	25	-1	BegastriOpen2024	f	333fm	Jordi Lleixà López	2023LOPE09	m	NULL	NULL	Spain
6331152	1	24	2500	KoreanFMCChampionship2024	1	333fm	Hajime Miyazaki (宮崎朔)	2022MIYA01	m	NULL	NULL	Japan
6331153	2	24	2533	KoreanFMCChampionship2024	1	333fm	Yiwei Liu (刘伊玮)	2012LIUY03	m	NULL	NULL	China
6331154	3	24	2633	KoreanFMCChampionship2024	1	333fm	Kyeongmin Choi (최경민)	2017CHOI07	m	NULL	NULL	Korea
6331155	4	25	2633	KoreanFMCChampionship2024	1	333fm	Dohyun Kim (김도현)	2013KIMD01	m	NULL	NULL	Korea
6331156	5	25	2700	KoreanFMCChampionship2024	1	333fm	Takumi Tamura (田村匠)	2019TAMU01	m	NULL	NULL	Japan
6331157	5	25	2700	KoreanFMCChampionship2024	1	333fm	Tomohiro Kobayashi (小林知広)	2013KOBA01	m	NULL	NULL	Japan
6331159	8	22	2733	KoreanFMCChampionship2024	1	333fm	Lichi Fang (方力驰)	2018FANG03	m	NULL	NULL	China
6331160	9	23	2900	KoreanFMCChampionship2024	1	333fm	Jaehyun Jeong (정재현)	2016JEON02	m	NULL	NULL	Korea
6331180	29	23	-1	KoreanFMCChampionship2024	1	333fm	Yuki Sako	2023SAKO02	m	NULL	NULL	Japan
6331190	1	18	2167	KoreanFMCChampionship2024	f	333fm	Kyeongmin Choi (최경민)	2017CHOI07	m	NULL	NULL	Korea
6331191	2	18	2333	KoreanFMCChampionship2024	f	333fm	Yunqi Ouyang (欧阳韵奇)	2007YUNQ01	m	NULL	NULL	China
6331192	3	22	2333	KoreanFMCChampionship2024	f	333fm	Yiwei Liu (刘伊玮)	2012LIUY03	m	NULL	NULL	China
6331193	4	23	2367	KoreanFMCChampionship2024	f	333fm	Dohyun Kim (김도현)	2013KIMD01	m	NULL	NULL	Korea
6331194	5	21	2433	KoreanFMCChampionship2024	f	333fm	Jaehyun Jeong (정재현)	2016JEON02	m	NULL	NULL	Korea
6331195	6	22	2433	KoreanFMCChampionship2024	f	333fm	Lichi Fang (方力驰)	2018FANG03	m	NULL	NULL	China
6331196	7	23	2467	KoreanFMCChampionship2024	f	333fm	DongSoo Park (박동수)	2017PARK05	m	NULL	NULL	Korea
6331197	8	22	2600	KoreanFMCChampionship2024	f	333fm	Jihun Yang (양지훈)	2021YANG27	m	NULL	NULL	Korea
6331198	9	23	2833	KoreanFMCChampionship2024	f	333fm	Ko Youngjin (고영진)	2007YOUN04	m	NULL	NULL	Korea
6331199	10	24	2933	KoreanFMCChampionship2024	f	333fm	Yunsu Nam (남윤수)	2008YUNS02	m	NULL	NULL	Korea
6331200	11	24	3167	KoreanFMCChampionship2024	f	333fm	Jang SeokWon (장석원)	2015SUCK01	m	NULL	NULL	Korea
6331209	20	22	-1	KoreanFMCChampionship2024	f	333fm	Takumi Tamura (田村匠)	2019TAMU01	m	NULL	NULL	Japan
6331210	21	25	-1	KoreanFMCChampionship2024	f	333fm	Hajime Miyazaki (宮崎朔)	2022MIYA01	m	NULL	NULL	Japan
6331711	1	22	2333	FinnishFMCChampionship2024	f	333fm	Adam Marcellus Kelly	2016KELL10	m	NULL	NULL	USA
6331712	2	23	2433	FinnishFMCChampionship2024	f	333fm	Janne Lehtimäki	2012LEHT01	m	NULL	NULL	Finland
6331713	3	25	2633	FinnishFMCChampionship2024	f	333fm	Daniel Vædele Egdal	2013EGDA01	m	NULL	NULL	Denmark
6331716	6	23	3000	FinnishFMCChampionship2024	f	333fm	Victor Valentin Glyrskov	2014GLYR01	m	NULL	NULL	Denmark
6348318	1	20	2267	DanishFMChampionship2024	f	333fm	Daniel Vædele Egdal	2013EGDA01	m	NR	NR	Denmark
6348319	2	20	2367	DanishFMChampionship2024	f	333fm	Adam Marcellus Kelly	2016KELL10	m	NULL	NULL	USA
6348320	3	23	2567	DanishFMChampionship2024	f	333fm	Victor Valentin Glyrskov	2014GLYR01	m	NULL	NULL	Denmark
6348333	16	20	-1	DanishFMChampionship2024	f	333fm	Konstantin Jaehne	2015JAEH01	m	NULL	NULL	Germany
6348334	17	25	-1	DanishFMChampionship2024	f	333fm	Theodor Nordstrand	2016NORD02	m	NULL	NULL	Sweden
6352755	1	22	2333	LeersumAlgs24Hoursin2024	f	333fm	Sebastiano Tronto	2011TRON02	m	NULL	NULL	Italy
6352756	2	25	3133	LeersumAlgs24Hoursin2024	f	333fm	Shawn Lee Zhi Xuan (李致轩)	2017XUAN03	m	NULL	NULL	Malaysia
6364941	1	21	2267	PortugalChampionship2024	f	333fm	Vasco Vasconcelos	2008VASC01	m	NR	NR	Portugal
6364942	2	25	2900	PortugalChampionship2024	f	333fm	Kevin Gerhardt	2013GERH01	m	NULL	NULL	Germany
6372244	1	23	2367	FMCCheltenhamAutumn2024	1	333fm	Kai Cui	2019CUIK03	m	NULL	NULL	United Kingdom
6372245	2	21	2400	FMCCheltenhamAutumn2024	1	333fm	Fabio Schwandt	2014SCHW02	m	NULL	NULL	United Kingdom
6372246	3	24	2500	FMCCheltenhamAutumn2024	1	333fm	Jaye Sloan	2022SLOA01	m	NULL	NULL	United Kingdom
6372248	5	25	3533	FMCCheltenhamAutumn2024	1	333fm	Dorian Chan	2023DORI01	m	NULL	NULL	Hong Kong
6372262	1	21	2367	FMCCheltenhamAutumn2024	f	333fm	Jaye Sloan	2022SLOA01	m	NULL	NULL	United Kingdom
6372263	2	23	2433	FMCCheltenhamAutumn2024	f	333fm	Kai Cui	2019CUIK03	m	NULL	NULL	United Kingdom
6372264	3	24	2533	FMCCheltenhamAutumn2024	f	333fm	Fabio Schwandt	2014SCHW02	m	NULL	NULL	United Kingdom
6372265	4	23	3200	FMCCheltenhamAutumn2024	f	333fm	Daniel Chiu	2022CHIU06	m	NULL	NULL	Hong Kong
6372764	1	18	2133	NewYorkQuietChampionship2024	f	333fm	Daniel Karnaukh	2014KARN02	m	NULL	NULL	USA
6372765	2	23	2533	NewYorkQuietChampionship2024	f	333fm	Levi Gibson	2018GIBS04	m	NULL	NULL	USA
6372766	3	23	2567	NewYorkQuietChampionship2024	f	333fm	Joseph Guzman	2015GUZM03	m	NULL	NULL	USA
6375950	1	24	0	AroundtheClockIsrael2024	f	333fm	Roy Tamir	2014TAMI01	1	NULL	NULL	Israel
6375951	2	25	0	AroundtheClockIsrael2024	f	333fm	Kfir Havivi	2022HAVI01	1	NULL	NULL	Israel
6382423	1	21	2533	QuietSeattleSummer2024	f	333fm	Jackson Warley	2008WARL01	m	NULL	NULL	USA
6388705	1	24	0	LuxembourgNationals2024	f	333fm	Dunhui Xiao (肖敦慧)	2018XIAO03	1	NULL	NULL	Germany
6390161	1	20	2167	UzhhorodOpen2024	f	333fm	Yurii Riabov (Юрій Рябов)	2018RIAB01	m	NULL	NR	Ukraine
6390162	2	23	2500	UzhhorodOpen2024	f	333fm	Dmytro Kuryltsiv (Дмитро Курильців)	2018KURY02	m	NULL	NULL	Ukraine
6390468	1	21	2233	ArenaBerno7CityFM2024	1	333fm	Anuar Miguel Abib Onofre	2015ONOF01	m	NULL	NR	Brazil
6390480	1	24	2433	ArenaBerno7CityFM2024	f	333fm	Anuar Miguel Abib Onofre	2015ONOF01	m	NULL	NULL	Brazil
6392447	6	25	-1	ColoradoQuietChampionship2024	f	333fm	Raymos Castillo	2017CAST41	m	NULL	NULL	USA
6396679	1	25	2833	OrebroMinxfest2024	f	333fm	Leo Lindqvist	2017LIND01	m	NULL	NULL	Sweden
6396684	6	25	-1	OrebroMinxfest2024	f	333fm	Theodor Nordstrand	2016NORD02	m	NULL	NULL	Sweden
6399270	3	24	3400	TheEndofAutotalo2024	1	333fm	Urho Kinnunen	2018KINN05	m	NULL	NULL	Finland
6402389	1	23	2433	SacQuietFall2024	f	333fm	Calvin Nielson	2014NIEL03	m	NULL	NULL	USA
6404290	1	20	2200	LightsOutDiliman2024	f	333fm	Wong Chong Wen (黄崇文)	2014WENW01	m	NULL	NULL	Singapore
6408423	1	22	2300	GesteUneFois2024	f	333fm	Louis-Marie Ratto	2019RATT02	m	NULL	NULL	France
6408424	2	23	2367	GesteUneFois2024	f	333fm	Louis Sarthou	2012SART01	m	NULL	NULL	France
6408435	13	24	-1	GesteUneFois2024	f	333fm	Adrien Neveu	2018NEVE02	m	NULL	NULL	France
6408912	1	23	0	LogronoOpen2024	f	333fm	Alexis Le Merrer	2019MERR02	1	NULL	NULL	France
6409448	1	24	2733	OnlyCubesinWellington2024	f	333fm	Jack Maddigan	2020MADD02	m	NULL	NULL	New Zealand
6409449	2	25	2867	OnlyCubesinWellington2024	f	333fm	Jack McDougall	2020MCDO01	m	NULL	NULL	New Zealand
6409454	7	23	-1	OnlyCubesinWellington2024	f	333fm	Tom Nelson	2013NELS01	m	NULL	NULL	New Zealand
6417084	7	22	-1	GemCityAirplaneModeXOH2024	f	333fm	Luke Van Laningham	2015VANL01	m	NULL	NULL	USA
6418364	1	21	2167	Singapore3xFMCx32024	1	333fm	Wong Chong Wen (黄崇文)	2014WENW01	m	NULL	NULL	Singapore
6418365	2	19	2233	Singapore3xFMCx32024	1	333fm	Jayden McNeill	2012MCNE01	m	NULL	NULL	Australia
6418366	3	23	2467	Singapore3xFMCx32024	1	333fm	Cian-Jyun Yang (楊謙君)	2019YANG94	m	NULL	NULL	Taiwan
6418367	4	22	2500	Singapore3xFMCx32024	1	333fm	Luis Tan Hong Yi (陈宏溢)	2023YILU01	m	NULL	NULL	Singapore
6418368	5	23	2500	Singapore3xFMCx32024	1	333fm	Yiwei Liu (刘伊玮)	2012LIUY03	m	NULL	NULL	China
6418369	6	24	2500	Singapore3xFMCx32024	1	333fm	Jibo Zhao (赵吉波)	2010ZHAO11	m	NULL	NULL	China
6418370	7	21	2533	Singapore3xFMCx32024	1	333fm	Lichi Fang (方力驰)	2018FANG03	m	NULL	NULL	China
6418371	8	21	2600	Singapore3xFMCx32024	1	333fm	Bryan Gan Tze Yang (顏子洋)	2016YANG83	m	NULL	NULL	Malaysia
6418373	10	24	2767	Singapore3xFMCx32024	1	333fm	Tianze Xu (徐天泽)	2015XUTI01	m	NULL	NULL	China
6418374	11	25	2800	Singapore3xFMCx32024	1	333fm	Yen-Lei Jen (任晏磊)	2023JENY01	m	NULL	NULL	Taiwan
6418375	12	22	2967	Singapore3xFMCx32024	1	333fm	Dylan Seah Tze Siang (谢智翔)	2015SIAN01	m	NULL	NULL	Singapore
6418380	17	25	3633	Singapore3xFMCx32024	1	333fm	Lim Chun Yik (林峻毅)	2018YIKL01	m	NULL	NULL	Malaysia
6418383	20	24	-1	Singapore3xFMCx32024	1	333fm	Chang Hong Liang (张泓量)	2016LIAN02	m	NULL	NULL	Singapore
6418387	1	20	2067	Singapore3xFMCx32024	2	333fm	Jayden McNeill	2012MCNE01	m	NULL	OcR	Australia
6418388	2	21	2100	Singapore3xFMCx32024	2	333fm	Wong Chong Wen (黄崇文)	2014WENW01	m	NULL	NULL	Singapore
6418389	3	20	2367	Singapore3xFMCx32024	2	333fm	Yiwei Liu (刘伊玮)	2012LIUY03	m	NULL	NULL	China
6418390	4	23	2367	Singapore3xFMCx32024	2	333fm	Cian-Jyun Yang (楊謙君)	2019YANG94	m	NULL	NR	Taiwan
6418391	5	23	2567	Singapore3xFMCx32024	2	333fm	Jibo Zhao (赵吉波)	2010ZHAO11	m	NULL	NULL	China
6418393	7	23	2667	Singapore3xFMCx32024	2	333fm	Luis Tan Hong Yi (陈宏溢)	2023YILU01	m	NULL	NULL	Singapore
6418394	8	24	2667	Singapore3xFMCx32024	2	333fm	Dylan Seah Tze Siang (谢智翔)	2015SIAN01	m	NULL	NULL	Singapore
6418395	9	24	2700	Singapore3xFMCx32024	2	333fm	Lim Chun Yik (林峻毅)	2018YIKL01	m	NULL	NULL	Malaysia
6418397	11	24	2800	Singapore3xFMCx32024	2	333fm	Ng Jia Quan (黄佳铨)	2015QUAN03	m	NULL	NULL	Malaysia
6418400	14	20	-1	Singapore3xFMCx32024	2	333fm	Lichi Fang (方力驰)	2018FANG03	m	NULL	NULL	China
6418401	15	25	-1	Singapore3xFMCx32024	2	333fm	Tianze Xu (徐天泽)	2015XUTI01	m	NULL	NULL	China
6418404	1	21	2167	Singapore3xFMCx32024	f	333fm	Jayden McNeill	2012MCNE01	m	NULL	NULL	Australia
6418405	2	20	2200	Singapore3xFMCx32024	f	333fm	Wong Chong Wen (黄崇文)	2014WENW01	m	NULL	NULL	Singapore
6418406	3	23	2533	Singapore3xFMCx32024	f	333fm	Yiwei Liu (刘伊玮)	2012LIUY03	m	NULL	NULL	China
6418407	4	23	2567	Singapore3xFMCx32024	f	333fm	Bryan Gan Tze Yang (顏子洋)	2016YANG83	m	NULL	NULL	Malaysia
6418408	5	24	2567	Singapore3xFMCx32024	f	333fm	Jibo Zhao (赵吉波)	2010ZHAO11	m	NULL	NULL	China
6418409	6	25	2600	Singapore3xFMCx32024	f	333fm	Lim Chun Yik (林峻毅)	2018YIKL01	m	NULL	NULL	Malaysia
6418410	7	24	2633	Singapore3xFMCx32024	f	333fm	Luis Tan Hong Yi (陈宏溢)	2023YILU01	m	NULL	NULL	Singapore
6418412	9	24	-1	Singapore3xFMCx32024	f	333fm	Ng Jia Quan (黄佳铨)	2015QUAN03	m	NULL	NULL	Malaysia
6418413	9	24	-1	Singapore3xFMCx32024	f	333fm	Cian-Jyun Yang (楊謙君)	2019YANG94	m	NULL	NULL	Taiwan
6418414	11	25	-1	Singapore3xFMCx32024	f	333fm	Dylan Seah Tze Siang (谢智翔)	2015SIAN01	m	NULL	NULL	Singapore
6425146	1	21	2167	SzansaCubingOpenWarsaw2024	f	333fm	Radomił Baran	2020BARA02	m	NULL	NULL	Poland
6425147	2	21	2200	SzansaCubingOpenWarsaw2024	f	333fm	Wojciech Rogoziński	2019ROGO04	m	NULL	NULL	Poland
6425148	3	24	2500	SzansaCubingOpenWarsaw2024	f	333fm	Krzysztof Pietrusiak	2019PIET01	m	NULL	NULL	Poland
6425149	4	25	2600	SzansaCubingOpenWarsaw2024	f	333fm	Matěj Grohmann	2015GROH02	m	NULL	NULL	Czech Republic
6425156	11	22	-1	SzansaCubingOpenWarsaw2024	f	333fm	Dawid Wójcik	2016WOJC04	m	NULL	NULL	Poland
6425157	12	25	-1	SzansaCubingOpenWarsaw2024	f	333fm	Radosław Opoka	2013OPOK01	m	NULL	NULL	Poland
6439987	1	23	2500	KyivBlindSide2024	f	333fm	Yurii Riabov (Юрій Рябов)	2018RIAB01	m	NULL	NULL	Ukraine
6445598	1	23	2433	CrazyCologneCubing2024	f	333fm	Jan Bentlage	2010BENT01	m	NULL	NULL	Germany
6445599	2	23	2767	CrazyCologneCubing2024	f	333fm	Sébastien Auroux	2008AURO01	m	NULL	NULL	Germany
6445608	11	24	-1	CrazyCologneCubing2024	f	333fm	Mattheo de Wit	2015WITM01	m	NULL	NULL	Netherlands
6445609	12	25	-1	CrazyCologneCubing2024	f	333fm	Malte Ihlefeld	2016IHLE01	m	NULL	NULL	Germany
6455016	1	22	2300	RubiksWCAAfricanChampionship2024	f	333fm	Guido Dipietro	2013DIPI01	m	NULL	NULL	Argentina
6455017	2	25	2733	RubiksWCAAfricanChampionship2024	f	333fm	Niko Ronkainen	2010RONK01	m	NULL	NULL	Finland
6456499	1	20	2200	SideEventsinNyack2024	f	333fm	Levi Gibson	2018GIBS04	m	NULL	NULL	USA
6456500	2	22	2267	SideEventsinNyack2024	f	333fm	Krish Shah-Nathwani	2015SHAH09	m	NULL	NULL	USA
6456501	3	23	2667	SideEventsinNyack2024	f	333fm	Erik Johnson	2007JOHN02	m	NULL	NULL	USA
6456502	4	25	2667	SideEventsinNyack2024	f	333fm	Elliot Wiecek	2016WIEC02	m	NULL	NULL	USA
6456503	5	25	2767	SideEventsinNyack2024	f	333fm	Alex Maass	2011MAAS01	m	NULL	NULL	USA
6456504	6	25	2800	SideEventsinNyack2024	f	333fm	Saisabari Ramesh	2021RAME01	m	NULL	NULL	USA
6460582	1	25	3033	MidAtlanticQuietChampionship2024	f	333fm	Evan Liu	2009LIUE01	m	NULL	NULL	USA
6468235	1	21	2267	DontDNSDenton2024	1	333fm	AJ Kamal	2016KAMA04	m	NULL	NULL	USA
6468236	2	23	2367	DontDNSDenton2024	1	333fm	Daniel Karnaukh	2014KARN02	m	NULL	NULL	USA
6468237	3	21	2400	DontDNSDenton2024	1	333fm	Noah Swor	2017SWOR01	m	NULL	NULL	USA
6468238	4	24	2467	DontDNSDenton2024	1	333fm	Jeremy Sheng	2019SHEN10	m	NULL	NULL	USA
6468239	5	23	2533	DontDNSDenton2024	1	333fm	Owen Widdis	2015WIDD01	m	NULL	NULL	USA
6468240	6	25	2700	DontDNSDenton2024	1	333fm	Chris Chi	2014CHIC01	m	NULL	NULL	USA
6468241	7	25	2867	DontDNSDenton2024	1	333fm	Ryan Pilat	2016PILA03	m	NULL	NULL	USA
6468258	1	21	2367	DontDNSDenton2024	2	333fm	Noah Swor	2017SWOR01	m	NULL	NULL	USA
6468259	2	23	2367	DontDNSDenton2024	2	333fm	Chris Chi	2014CHIC01	m	NULL	NULL	USA
6468260	3	23	2433	DontDNSDenton2024	2	333fm	Daniel Karnaukh	2014KARN02	m	NULL	NULL	USA
6468261	4	22	2500	DontDNSDenton2024	2	333fm	AJ Kamal	2016KAMA04	m	NULL	NULL	USA
6468262	5	22	2567	DontDNSDenton2024	2	333fm	Ryan Pilat	2016PILA03	m	NULL	NULL	USA
6468263	6	24	2600	DontDNSDenton2024	2	333fm	Jeremy Sheng	2019SHEN10	m	NULL	NULL	USA
6468264	7	24	2633	DontDNSDenton2024	2	333fm	Owen Widdis	2015WIDD01	m	NULL	NULL	USA
6468275	1	22	2233	DontDNSDenton2024	f	333fm	Noah Swor	2017SWOR01	m	NULL	NULL	USA
6468276	2	23	2367	DontDNSDenton2024	f	333fm	Daniel Karnaukh	2014KARN02	m	NULL	NULL	USA
6468277	3	24	2433	DontDNSDenton2024	f	333fm	AJ Kamal	2016KAMA04	m	NULL	NULL	USA
6468278	4	23	2500	DontDNSDenton2024	f	333fm	Ryan Pilat	2016PILA03	m	NULL	NULL	USA
6468281	7	22	-1	DontDNSDenton2024	f	333fm	Owen Widdis	2015WIDD01	m	NULL	NULL	USA
6468282	8	23	-1	DontDNSDenton2024	f	333fm	Chris Chi	2014CHIC01	m	NULL	NULL	USA
6470458	1	21	2300	RubiksGermanNationals2024	f	333fm	Noah Kraft	2016KRAF01	m	NULL	NULL	Germany
6470459	2	22	2467	RubiksGermanNationals2024	f	333fm	Jan Bentlage	2010BENT01	m	NULL	NULL	Germany
6470460	3	24	2700	RubiksGermanNationals2024	f	333fm	Jonas Balsfulland	2012BALS01	m	NULL	NULL	Germany
6470461	4	23	2733	RubiksGermanNationals2024	f	333fm	Jeremy Mrzyglocki	2019MRZY01	m	NULL	NULL	Germany
6470462	5	25	2733	RubiksGermanNationals2024	f	333fm	Malte Ihlefeld	2016IHLE01	m	NULL	NULL	Germany
6470464	7	23	2800	RubiksGermanNationals2024	f	333fm	Sébastien Auroux	2008AURO01	m	NULL	NULL	Germany
6470475	18	23	-1	RubiksGermanNationals2024	f	333fm	Shawn Lee Zhi Xuan (李致轩)	2017XUAN03	m	NULL	NULL	Malaysia
6476197	1	25	0	Gotalandsmasterskapet2024	f	333fm	William Jensen	2016JENS09	1	NULL	NULL	Sweden
6478111	1	22	2400	PleaseBeQuietBergen2024	f	333fm	Jakob Jernsletten	2018JERN01	m	NR	NR	Norway
6485184	1	21	2367	GreatLakesChampionship2024	f	333fm	Evan Brown	2013BROW04	m	NULL	NULL	USA
6485185	2	23	2400	GreatLakesChampionship2024	f	333fm	Brian Johnson	2013JOHN10	m	NULL	NULL	USA
6485186	3	23	2467	GreatLakesChampionship2024	f	333fm	Carter Kucala	2015KUCA01	m	NULL	NULL	USA
6485187	4	23	2600	GreatLakesChampionship2024	f	333fm	Luke Garrett	2017GARR05	m	NULL	NULL	USA
6485188	5	23	2867	GreatLakesChampionship2024	f	333fm	Braden Richards	2017RICH02	m	NULL	NULL	USA
6485189	6	25	2900	GreatLakesChampionship2024	f	333fm	Ryan Pilat	2016PILA03	m	NULL	NULL	USA
6485191	8	23	2967	GreatLakesChampionship2024	f	333fm	Stanley Chapel	2016CHAP04	m	NULL	NULL	USA
6485215	32	23	-1	GreatLakesChampionship2024	f	333fm	Alexander Wheeler	2014WHEE01	m	NULL	NULL	USA
6485216	33	25	-1	GreatLakesChampionship2024	f	333fm	Jack Bohning	2017BOHN01	m	NULL	NULL	USA
6487788	1	21	2233	RubiksFMCItaly2024	f	333fm	Enrico Tenuti	2017TENU01	m	NULL	NULL	Italy
6487789	2	23	2633	RubiksFMCItaly2024	f	333fm	Lorenzo Mauro	2014MAUR06	m	NULL	NULL	Italy
6487790	3	25	2767	RubiksFMCItaly2024	f	333fm	Tommaso Raposio	2014RAPO01	m	NULL	NULL	Italy
6488543	1	22	2333	BigNBlindBerwick2024	f	333fm	Firstian Fushada (符逢城)	2015FUSH01	m	NULL	NULL	Indonesia
6488555	13	23	-1	BigNBlindBerwick2024	f	333fm	Max Parris	2022PARR10	m	NULL	NULL	Australia
6488595	1	22	2300	FMCUkrainianNationals2024	1	333fm	Yurii Riabov (Юрій Рябов)	2018RIAB01	m	NULL	NULL	Ukraine
6488600	6	22	-1	FMCUkrainianNationals2024	1	333fm	Ihor Kastranets (Ігор Кастранець)	2018KAST02	m	NULL	NULL	Ukraine
6488605	1	24	2567	FMCUkrainianNationals2024	f	333fm	Dmytro Kuryltsiv (Дмитро Курильців)	2018KURY02	m	NULL	NULL	Ukraine
6488606	2	20	2633	FMCUkrainianNationals2024	f	333fm	Yurii Riabov (Юрій Рябов)	2018RIAB01	m	NULL	NULL	Ukraine
6494805	1	21	2567	MicroMinnesota2024	f	333fm	Walker Welch	2011WELC01	m	NULL	NULL	USA
6511020	1	23	2467	WashtenawFMC12024	f	333fm	Owen Widdis	2015WIDD01	m	NULL	NULL	USA
6514473	1	24	2500	DolneOresanyCubeDay2024	f	333fm	Szabolcs Szántai	2016SZAN01	m	NULL	NULL	Hungary
6514474	2	25	2633	DolneOresanyCubeDay2024	f	333fm	Jan Riedl	2019RIED01	m	NULL	NULL	Czech Republic
6514475	3	24	2667	DolneOresanyCubeDay2024	f	333fm	Bence János Csuti	2014CSUT01	m	NULL	NULL	Hungary
6514480	8	25	-1	DolneOresanyCubeDay2024	f	333fm	Filip Štelbaský	2023STEL02	m	NR	NULL	Slovakia
6515948	1	21	2267	GaridechOpen2024	f	333fm	Adrien Neveu	2018NEVE02	m	NULL	NULL	France
6515949	2	21	2400	GaridechOpen2024	f	333fm	Louis Sarthou	2012SART01	m	NULL	NULL	France
6515950	3	21	2467	GaridechOpen2024	f	333fm	Quentin Rivault	2017RIVA09	m	NULL	NULL	France
6515958	11	22	-1	GaridechOpen2024	f	333fm	Nicolas Gertner Kilian	2013GERT01	m	NULL	NULL	France
6515959	11	22	-1	GaridechOpen2024	f	333fm	Alaric Pouchain	2019POUC01	m	NULL	NULL	France
6515960	13	25	-1	GaridechOpen2024	f	333fm	Romain Velcin	2023VELC01	m	NULL	NULL	France
6523675	1	20	2167	FMCSpanishChampionship2024	f	333fm	Mauro Moisés Ortega López	2016LOPE44	m	NULL	NR	Spain
6523676	2	19	2500	FMCSpanishChampionship2024	f	333fm	Arnau Tous Mateu	2016MATE04	m	NULL	NULL	Spain
6523677	3	20	2533	FMCSpanishChampionship2024	f	333fm	Jordi Lleixà López	2023LOPE09	m	NULL	NULL	Spain
6523678	4	20	2567	FMCSpanishChampionship2024	f	333fm	Vasco Vasconcelos	2008VASC01	m	NR	NULL	Portugal
6523679	5	22	2667	FMCSpanishChampionship2024	f	333fm	Rafael Rodriguez Santana	2012SANT12	m	NULL	NULL	Spain
6523694	20	22	-1	FMCSpanishChampionship2024	f	333fm	Manuel Prieto de Antón	2015ANTO04	m	NULL	NULL	Spain
6523695	21	25	-1	FMCSpanishChampionship2024	f	333fm	Javier Cabezuelo Sánchez	2007SANC01	m	NULL	NULL	Spain
6525365	1	22	2267	CambridgeAutumnBBO2024	f	333fm	Lichi Fang (方力驰)	2018FANG03	m	NULL	NULL	China
6525366	1	22	2267	CambridgeAutumnBBO2024	f	333fm	Kai Cui	2019CUIK03	m	NULL	NULL	United Kingdom
6525367	3	20	2300	CambridgeAutumnBBO2024	f	333fm	Fabio Schwandt	2014SCHW02	m	NULL	NULL	United Kingdom
6525368	4	23	2433	CambridgeAutumnBBO2024	f	333fm	Jaye Sloan	2022SLOA01	m	NULL	NULL	United Kingdom
6525369	5	23	2467	CambridgeAutumnBBO2024	f	333fm	Jan Bentlage	2010BENT01	m	NULL	NULL	Germany
6525370	6	24	2667	CambridgeAutumnBBO2024	f	333fm	Simone Bentlage	2014OHLE01	m	NULL	NULL	Germany
6525371	7	24	2867	CambridgeAutumnBBO2024	f	333fm	Harry Savage	2013SAVA01	m	NULL	NULL	United Kingdom
6525384	20	25	-1	CambridgeAutumnBBO2024	f	333fm	Harry Owen	2017OWEN01	m	NULL	NULL	United Kingdom
6526668	1	22	2267	GemCityAirplaneModeXIIOH2024	f	333fm	Evan Brown	2013BROW04	m	NULL	NULL	USA
6526669	2	23	2900	GemCityAirplaneModeXIIOH2024	f	333fm	Harsha Paladugu	2017PALA08	m	NULL	NULL	USA
6526670	3	24	3167	GemCityAirplaneModeXIIOH2024	f	333fm	Luke Van Laningham	2015VANL01	m	NULL	NULL	USA
6534993	1	20	2233	RubiksUKChampionshipFMC2024	f	333fm	Jaye Sloan	2022SLOA01	m	NULL	NULL	United Kingdom
6534994	1	20	2233	RubiksUKChampionshipFMC2024	f	333fm	Fabio Schwandt	2014SCHW02	m	NULL	NULL	United Kingdom
6534995	3	19	2300	RubiksUKChampionshipFMC2024	f	333fm	Harry Savage	2013SAVA01	m	NULL	NULL	United Kingdom
6534996	4	21	2300	RubiksUKChampionshipFMC2024	f	333fm	Kai Cui	2019CUIK03	m	NULL	NULL	United Kingdom
6534997	5	19	2367	RubiksUKChampionshipFMC2024	f	333fm	Rayan Islam	2022ISLA08	m	NULL	NULL	United Kingdom
6534998	6	23	2467	RubiksUKChampionshipFMC2024	f	333fm	Lichi Fang (方力驰)	2018FANG03	m	NULL	NULL	China
6534999	7	16	2667	RubiksUKChampionshipFMC2024	f	333fm	Jacob Sherwen Brown	2022BROW01	m	WR	NULL	United Kingdom
6535000	8	24	2800	RubiksUKChampionshipFMC2024	f	333fm	Daniel Chiu	2022CHIU06	m	NULL	NULL	Hong Kong
6535002	10	24	2967	RubiksUKChampionshipFMC2024	f	333fm	Eli Jay	2014JAYE01	m	NULL	NULL	United Kingdom
6535003	11	23	3000	RubiksUKChampionshipFMC2024	f	333fm	Ben Whitmore	2009WHIT01	m	NULL	NULL	United Kingdom
6535004	12	25	3067	RubiksUKChampionshipFMC2024	f	333fm	Dorian Chan	2023DORI01	m	NULL	NULL	Hong Kong
6535033	41	24	-1	RubiksUKChampionshipFMC2024	f	333fm	Thomas Stokes	2017STOK03	m	NULL	NULL	United Kingdom
6535034	42	25	-1	RubiksUKChampionshipFMC2024	f	333fm	Oliver Wheat	2016WHEA01	m	NULL	NULL	United Kingdom
6535059	1	20	2200	FMCSwissNationals2024	f	333fm	Gaëtan Fragnière	2016FRAG01	m	NR	NR	Switzerland
6535060	2	24	2500	FMCSwissNationals2024	f	333fm	Tommaso Raposio	2014RAPO01	m	NULL	NULL	Italy
6535061	3	25	2667	FMCSwissNationals2024	f	333fm	Timo Günthardt	2019GUNT04	m	NULL	NULL	Switzerland
6535075	17	24	-1	FMCSwissNationals2024	f	333fm	Eden Robinson-Rechavi	2022ROBI05	m	NULL	NULL	Switzerland
6538365	1	25	4067	BhejaFryOctoberBangalore2024	f	333fm	Abhiram Sudershan	2022SUDE03	m	NULL	NULL	India
6538568	1	24	0	SumofRanksGranada2024	f	333fm	Vasco Vasconcelos	2008VASC01	1	NULL	NULL	Portugal
6547358	1	20	2267	FMCatsWisconsinIII2024	1	333fm	Evan Brown	2013BROW04	m	NULL	NULL	USA
6547359	2	20	2300	FMCatsWisconsinIII2024	1	333fm	Brian Johnson	2013JOHN10	m	NULL	NULL	USA
6547360	3	20	2333	FMCatsWisconsinIII2024	1	333fm	Simon Kellum	2016KELL12	m	NULL	NULL	USA
6547361	4	23	2367	FMCatsWisconsinIII2024	1	333fm	Carter Kucala	2015KUCA01	m	NULL	NULL	USA
6547362	5	20	2433	FMCatsWisconsinIII2024	1	333fm	Noah Swor	2017SWOR01	m	NULL	NULL	USA
6547370	13	24	-1	FMCatsWisconsinIII2024	1	333fm	Zach Baruch	2017BARU01	m	NULL	NULL	USA
6547373	1	21	2333	FMCatsWisconsinIII2024	f	333fm	Evan Brown	2013BROW04	m	NULL	NULL	USA
6547374	2	23	2333	FMCatsWisconsinIII2024	f	333fm	Brian Johnson	2013JOHN10	m	NULL	NULL	USA
6547375	3	22	2367	FMCatsWisconsinIII2024	f	333fm	Simon Kellum	2016KELL12	m	NULL	NULL	USA
6547376	4	23	2533	FMCatsWisconsinIII2024	f	333fm	Noah Swor	2017SWOR01	m	NULL	NULL	USA
6547382	10	24	-1	FMCatsWisconsinIII2024	f	333fm	Braden Richards	2017RICH02	m	NULL	NULL	USA
6547383	10	24	-1	FMCatsWisconsinIII2024	f	333fm	Carter Kucala	2015KUCA01	m	NULL	NULL	USA
6547677	1	24	2933	PUCPZomblinders2024	f	333fm	Paolo Gallegos	2018DIAZ09	m	NR	NULL	Peru
6547681	5	24	-1	PUCPZomblinders2024	f	333fm	Pedro Giuseppe Garcia Milla	2016MILL07	m	NR	NULL	Peru
6550430	1	22	2367	FMCBelgianNationals2024	f	333fm	Jan Bentlage	2010BENT01	m	NULL	NULL	Germany
6550441	12	21	-1	FMCBelgianNationals2024	f	333fm	Adrien Neveu	2018NEVE02	m	NULL	NULL	France
6551792	1	23	2400	QuietSeattleOctober2024	f	333fm	Jackson Warley	2008WARL01	m	NULL	NULL	USA
6555338	12	24	-1	ColombianNationalsFMC2024	f	333fm	Jose Carlos García Vélez	2016VELE01	m	NULL	NULL	Colombia
6555859	1	23	2400	ALL1Oxford2024	f	333fm	Evan Brown	2013BROW04	m	NULL	NULL	USA
6555860	2	25	2667	ALL1Oxford2024	f	333fm	Luke Garrett	2017GARR05	m	NULL	NULL	USA
6555861	3	25	2733	ALL1Oxford2024	f	333fm	Jason Vindvamara	2015VIND01	m	NULL	NULL	USA
6556950	1	25	2800	MinnesotaQuietChampionship2024	f	333fm	Walker Welch	2011WELC01	m	NULL	NULL	USA
6558289	1	25	2767	PleaseBeQuietWashtenaw2024	f	333fm	Owen Widdis	2015WIDD01	m	NULL	NULL	USA
6562220	1	21	2133	FiresdeGirona2024	f	333fm	Mauro Moisés Ortega López	2016LOPE44	m	NULL	NR	Spain
6562221	2	21	2167	FiresdeGirona2024	f	333fm	Adrien Neveu	2018NEVE02	m	NULL	NULL	France
6562222	3	25	2533	FiresdeGirona2024	f	333fm	Nicolas Gertner Kilian	2013GERT01	m	NULL	NULL	France
6562224	5	23	2833	FiresdeGirona2024	f	333fm	Arnau Tous Mateu	2016MATE04	m	NULL	NULL	Spain
6564056	1	22	2400	HungarianOpen2024	f	333fm	Szabolcs Szántai	2016SZAN01	m	NULL	NULL	Hungary
6564057	1	22	2400	HungarianOpen2024	f	333fm	Bence Barát	2008BARA01	m	NULL	NULL	Hungary
6564058	3	21	2467	HungarianOpen2024	f	333fm	Oliver Fritz	2014FRIT02	m	NULL	NULL	Germany
6569591	1	20	2167	5BLDinaMadisonFall2024	f	333fm	Carter Kucala	2015KUCA01	m	NULL	NULL	USA
6569592	2	22	2400	5BLDinaMadisonFall2024	f	333fm	Stanley Chapel	2016CHAP04	m	NULL	NULL	USA
6569593	3	23	2400	5BLDinaMadisonFall2024	f	333fm	Brian Johnson	2013JOHN10	m	NULL	NULL	USA
6569594	4	25	2633	5BLDinaMadisonFall2024	f	333fm	Noah Swor	2017SWOR01	m	NULL	NULL	USA
6569599	9	20	-1	5BLDinaMadisonFall2024	f	333fm	Simon Kellum	2016KELL12	m	NULL	NULL	USA
6569600	10	25	-1	5BLDinaMadisonFall2024	f	333fm	Zeke Mackay	2015MACK06	m	NULL	NULL	USA
6575583	1	22	2300	RubiksWCAAsianChampionship2024	f	333fm	Lichi Fang (方力驰)	2018FANG03	m	NULL	NULL	China
6575584	1	22	2300	RubiksWCAAsianChampionship2024	f	333fm	Kyeongmin Choi (최경민)	2017CHOI07	m	NULL	NULL	Korea
6575585	3	23	2367	RubiksWCAAsianChampionship2024	f	333fm	Wong Chong Wen (黄崇文)	2014WENW01	m	NULL	NULL	Singapore
6575586	4	24	2500	RubiksWCAAsianChampionship2024	f	333fm	Weijie Jian (简维杰)	2011JIAN07	m	NULL	NULL	China
6575587	5	25	2533	RubiksWCAAsianChampionship2024	f	333fm	Takumi Tamura (田村匠)	2019TAMU01	m	NULL	NULL	Japan
6575588	6	21	2567	RubiksWCAAsianChampionship2024	f	333fm	Vincent Hartanto Utomo	2010UTOM01	m	NULL	NULL	Indonesia
6575589	7	24	2567	RubiksWCAAsianChampionship2024	f	333fm	Cian-Jyun Yang (楊謙君)	2019YANG94	m	NULL	NULL	Taiwan
6575590	8	23	2600	RubiksWCAAsianChampionship2024	f	333fm	Jihun Yang (양지훈)	2021YANG27	m	NULL	NULL	Korea
6575591	9	22	2633	RubiksWCAAsianChampionship2024	f	333fm	Luis Tan Hong Yi (陈宏溢)	2023YILU01	m	NULL	NULL	Singapore
6575592	10	24	2633	RubiksWCAAsianChampionship2024	f	333fm	Dylan Seah Tze Siang (谢智翔)	2015SIAN01	m	NULL	NULL	Singapore
6575593	11	25	2667	RubiksWCAAsianChampionship2024	f	333fm	Hajime Miyazaki (宮崎朔)	2022MIYA01	m	NULL	NULL	Japan
6575594	11	25	2667	RubiksWCAAsianChampionship2024	f	333fm	Teh Keng Foo (郑庆富)	2011FOOT01	m	NULL	NULL	Malaysia
6575595	13	23	2700	RubiksWCAAsianChampionship2024	f	333fm	Jovan Susanto	2022SUSA02	m	NULL	NULL	Singapore
6575596	14	23	2767	RubiksWCAAsianChampionship2024	f	333fm	DongSoo Park (박동수)	2017PARK05	m	NULL	NULL	Korea
6575597	15	25	2767	RubiksWCAAsianChampionship2024	f	333fm	Natthaphat Mahtani (ณัฐภัทร จี มาทานี)	2011MAHT02	m	NULL	NULL	Thailand
6575610	28	22	-1	RubiksWCAAsianChampionship2024	f	333fm	Yiwei Liu (刘伊玮)	2012LIUY03	m	NULL	NULL	China
6575611	29	23	-1	RubiksWCAAsianChampionship2024	f	333fm	Tomohiro Kobayashi (小林知広)	2013KOBA01	m	NULL	NULL	Japan
6575612	30	24	-1	RubiksWCAAsianChampionship2024	f	333fm	Zian Song (宋子安)	2014SONG08	m	NULL	NULL	China
6575613	30	24	-1	RubiksWCAAsianChampionship2024	f	333fm	Ang Chin Zhen (洪靖程)	2016ZHEN09	m	NULL	NULL	Malaysia
6575614	32	25	-1	RubiksWCAAsianChampionship2024	f	333fm	Firstian Fushada (符逢城)	2015FUSH01	m	NULL	NULL	Indonesia
6578105	1	23	2433	HungarianAllRounder92024	f	333fm	Szabolcs Szántai	2016SZAN01	m	NULL	NULL	Hungary
6578106	2	25	2600	HungarianAllRounder92024	f	333fm	Bence Barát	2008BARA01	m	NULL	NULL	Hungary
6578113	9	24	-1	HungarianAllRounder92024	f	333fm	Bence Kiácz	2016KIAC01	m	NULL	NULL	Hungary
6584198	1	25	0	BacktoBerlin2024	f	333fm	Noah Kraft	2016KRAF01	1	NULL	NULL	Germany
6586245	1	21	2267	PolishChampionship2024	f	333fm	Radomił Baran	2020BARA02	m	NULL	NULL	Poland
6586246	2	23	2333	PolishChampionship2024	f	333fm	Dawid Wójcik	2016WOJC04	m	NULL	NULL	Poland
6586247	3	20	2367	PolishChampionship2024	f	333fm	Krzysztof Pietrusiak	2019PIET01	m	NULL	NULL	Poland
6586248	4	22	2367	PolishChampionship2024	f	333fm	Wojciech Rogoziński	2019ROGO04	m	NULL	NULL	Poland
6586249	5	23	2533	PolishChampionship2024	f	333fm	Radosław Opoka	2013OPOK01	m	NULL	NULL	Poland
6586260	16	25	-1	PolishChampionship2024	f	333fm	Jan Zych	2014ZYCH01	m	NULL	NULL	Poland
6596689	1	22	0	BasauriOpen2024	f	333fm	Alexis Le Merrer	2019MERR02	1	NULL	NULL	France
6601131	1	22	2267	BePlacidinLakePlacid2024	f	333fm	Chris Chi	2014CHIC01	m	NULL	NULL	USA
6601132	2	22	2333	BePlacidinLakePlacid2024	f	333fm	Levi Gibson	2018GIBS04	m	NULL	NULL	USA
6609387	1	22	2533	DutchNationals2024	f	333fm	Sebastiano Tronto	2011TRON02	m	NULL	NULL	Italy
6609388	2	21	2567	DutchNationals2024	f	333fm	Jan Bentlage	2010BENT01	m	NULL	NULL	Germany
6614093	1	20	2300	GemCityAirplaneXIIIOH2024	f	333fm	Evan Brown	2013BROW04	m	NULL	NULL	USA
6620968	1	20	2133	JogjakartaFMCMasters2024	1	333fm	Wong Chong Wen (黄崇文)	2014WENW01	m	NULL	NULL	Singapore
6620969	2	22	2433	JogjakartaFMCMasters2024	1	333fm	Vincent Hartanto Utomo	2010UTOM01	m	NULL	NULL	Indonesia
6620978	1	22	2233	JogjakartaFMCMasters2024	f	333fm	Wong Chong Wen (黄崇文)	2014WENW01	m	NULL	NULL	Singapore
6620979	2	22	2400	JogjakartaFMCMasters2024	f	333fm	Vincent Hartanto Utomo	2010UTOM01	m	NULL	NULL	Indonesia
6623605	1	21	2233	WarsawFMCTourIIThursday2024	1	333fm	Radomił Baran	2020BARA02	m	NULL	NULL	Poland
6623606	2	21	2333	WarsawFMCTourIIThursday2024	1	333fm	Wojciech Rogoziński	2019ROGO04	m	NULL	NULL	Poland
6623611	7	22	-1	WarsawFMCTourIIThursday2024	1	333fm	Krzysztof Pietrusiak	2019PIET01	m	NULL	NULL	Poland
6623614	1	21	2200	WarsawFMCTourIIThursday2024	f	333fm	Radomił Baran	2020BARA02	m	NULL	NULL	Poland
6623615	2	22	2333	WarsawFMCTourIIThursday2024	f	333fm	Wojciech Rogoziński	2019ROGO04	m	NULL	NULL	Poland
6623616	3	25	2767	WarsawFMCTourIIThursday2024	f	333fm	Nicolas Gertner Kilian	2013GERT01	m	NULL	NULL	France
6623897	1	22	2267	WarsawFMCTourIIFriday2024	1	333fm	Radomił Baran	2020BARA02	m	NULL	NULL	Poland
6623898	2	22	2333	WarsawFMCTourIIFriday2024	1	333fm	Wojciech Rogoziński	2019ROGO04	m	NULL	NULL	Poland
6623899	3	24	2467	WarsawFMCTourIIFriday2024	1	333fm	Krzysztof Pietrusiak	2019PIET01	m	NULL	NULL	Poland
6623900	4	25	2500	WarsawFMCTourIIFriday2024	1	333fm	Dawid Wójcik	2016WOJC04	m	NULL	NULL	Poland
6623901	5	23	2633	WarsawFMCTourIIFriday2024	1	333fm	Nicolas Gertner Kilian	2013GERT01	m	NULL	NULL	France
6623905	9	19	-1	WarsawFMCTourIIFriday2024	1	333fm	Radosław Opoka	2013OPOK01	m	NR	NULL	Poland
6623909	1	19	2067	WarsawFMCTourIIFriday2024	f	333fm	Wojciech Rogoziński	2019ROGO04	m	NR	ER	Poland
6623910	2	19	2133	WarsawFMCTourIIFriday2024	f	333fm	Radomił Baran	2020BARA02	m	NR	NULL	Poland
6623911	3	19	2167	WarsawFMCTourIIFriday2024	f	333fm	Krzysztof Pietrusiak	2019PIET01	m	NR	NULL	Poland
6623912	3	19	2167	WarsawFMCTourIIFriday2024	f	333fm	Dawid Wójcik	2016WOJC04	m	NR	NULL	Poland
6623913	5	25	2967	WarsawFMCTourIIFriday2024	f	333fm	Przemysław Rogalski	2013ROGA02	m	NULL	NULL	Poland
6623915	7	21	-1	WarsawFMCTourIIFriday2024	f	333fm	Nicolas Gertner Kilian	2013GERT01	m	NULL	NULL	France
6625905	1	23	2600	SilencioenDiTella2024	f	333fm	Guido Dipietro	2013DIPI01	m	NULL	NULL	Argentina
6625906	2	24	2933	SilencioenDiTella2024	f	333fm	Leandro Martín López	2018LOPE22	m	NULL	NULL	Argentina
6627481	1	19	2000	FMCEurope2024	f	333fm	Radomił Baran	2020BARA02	m	NR	WR	Poland
6627482	2	19	2100	FMCEurope2024	f	333fm	Jaye Sloan	2022SLOA01	m	NULL	NR	United Kingdom
6627483	2	19	2100	FMCEurope2024	f	333fm	Wojciech Rogoziński	2019ROGO04	m	NR	NULL	Poland
6627484	4	20	2100	FMCEurope2024	f	333fm	Louis-Marie Ratto	2019RATT02	m	NULL	NR	France
6627485	5	20	2200	FMCEurope2024	f	333fm	Mauro Moisés Ortega López	2016LOPE44	m	NULL	NULL	Spain
6627486	6	19	2267	FMCEurope2024	f	333fm	Vasco Vasconcelos	2008VASC01	m	NR	NR	Portugal
6627487	7	20	2300	FMCEurope2024	f	333fm	Nicolas Gertner Kilian	2013GERT01	m	NULL	NULL	France
6627488	8	22	2300	FMCEurope2024	f	333fm	Yurii Riabov (Юрій Рябов)	2018RIAB01	m	NULL	NULL	Ukraine
6627489	9	23	2300	FMCEurope2024	f	333fm	Krzysztof Pietrusiak	2019PIET01	m	NULL	NULL	Poland
6627490	10	22	2333	FMCEurope2024	f	333fm	Dunhui Xiao (肖敦慧)	2018XIAO03	m	NULL	NULL	Germany
6627491	11	23	2333	FMCEurope2024	f	333fm	Jan Riedl	2019RIED01	m	NULL	NULL	Czech Republic
6627492	11	23	2333	FMCEurope2024	f	333fm	Kai Cui	2019CUIK03	m	NULL	NULL	United Kingdom
6627493	13	22	2367	FMCEurope2024	f	333fm	Sebastiano Tronto	2011TRON02	m	NULL	NULL	Italy
6627494	14	23	2367	FMCEurope2024	f	333fm	Rayan Islam	2022ISLA08	m	NULL	NULL	United Kingdom
6627495	15	22	2400	FMCEurope2024	f	333fm	Adam Marcellus Kelly	2016KELL10	m	NULL	NULL	Denmark
6627496	16	23	2400	FMCEurope2024	f	333fm	Fabio Schwandt	2014SCHW02	m	NULL	NULL	United Kingdom
6627497	16	23	2400	FMCEurope2024	f	333fm	Dawid Wójcik	2016WOJC04	m	NULL	NULL	Poland
6627498	16	23	2400	FMCEurope2024	f	333fm	Jan Bentlage	2010BENT01	m	NULL	NULL	Germany
6627499	19	24	2433	FMCEurope2024	f	333fm	Nikita Grytsenko (Микита Гриценко)	2018GRYT01	m	NULL	NULL	Ukraine
6627500	20	22	2467	FMCEurope2024	f	333fm	Arnau Tous Mateu	2016MATE04	m	NULL	NULL	Spain
6627501	21	24	2467	FMCEurope2024	f	333fm	Oskar Feed Jakobsen	2017JAKO02	m	NULL	NULL	Norway
6627502	22	24	2500	FMCEurope2024	f	333fm	Dorian Chan	2023DORI01	m	NULL	NULL	Hong Kong
6627503	23	23	2533	FMCEurope2024	f	333fm	Enrico Tenuti	2017TENU01	m	NULL	NULL	Italy
6627504	24	24	2533	FMCEurope2024	f	333fm	Daniel Vædele Egdal	2013EGDA01	m	NULL	NULL	Denmark
6627505	25	23	2567	FMCEurope2024	f	333fm	Victor Valentin Glyrskov	2014GLYR01	m	NULL	NULL	Denmark
6627506	26	24	2600	FMCEurope2024	f	333fm	Bence Barát	2008BARA01	m	NULL	NULL	Hungary
6627507	27	22	2633	FMCEurope2024	f	333fm	Mattheo de Wit	2015WITM01	m	NULL	NR	Netherlands
6627508	28	25	2633	FMCEurope2024	f	333fm	Roy Tamir	2014TAMI01	m	NULL	NULL	Israel
6627510	30	24	2667	FMCEurope2024	f	333fm	Szabolcs Szántai	2016SZAN01	m	NULL	NULL	Hungary
6627511	31	25	2667	FMCEurope2024	f	333fm	Bence János Csuti	2014CSUT01	m	NULL	NULL	Hungary
6627512	32	25	2733	FMCEurope2024	f	333fm	Ben Baron	2016BARO04	m	NULL	NULL	Israel
6627513	33	24	2767	FMCEurope2024	f	333fm	Simone Bentlage	2014OHLE01	m	NULL	NULL	Germany
6627514	34	25	2767	FMCEurope2024	f	333fm	Mark Gregan	2019GREG04	m	NULL	NR	Ireland
6627515	34	25	2767	FMCEurope2024	f	333fm	Harry Savage	2013SAVA01	m	NULL	NULL	United Kingdom
6627522	42	25	2967	FMCEurope2024	f	333fm	Matic Omulec	2010OMUL02	m	NULL	NULL	Slovenia
6627531	51	25	3167	FMCEurope2024	f	333fm	Bella Campbell	2018CAMP17	m	NULL	NULL	United Kingdom
6627634	154	22	-1	FMCEurope2024	f	333fm	Janne Lehtimäki	2012LEHT01	m	NULL	NULL	Finland
6627635	155	23	-1	FMCEurope2024	f	333fm	Jackson Warley	2008WARL01	m	NULL	NULL	USA
6627636	155	23	-1	FMCEurope2024	f	333fm	Adrien Neveu	2018NEVE02	m	NULL	NULL	France
6627637	155	23	-1	FMCEurope2024	f	333fm	Louis Sarthou	2012SART01	m	NULL	NULL	France
6627638	155	23	-1	FMCEurope2024	f	333fm	Adam Black	2022BLAC01	m	NULL	NULL	United Kingdom
6627639	159	24	-1	FMCEurope2024	f	333fm	Jordi Lleixà López	2023LOPE09	m	NULL	NULL	Spain
6627640	159	24	-1	FMCEurope2024	f	333fm	Xuyang Zhang (张煦阳)	2014ZHAN43	m	NULL	NULL	China
6627641	159	24	-1	FMCEurope2024	f	333fm	Modest Podzolkin	2017PODZ01	m	NULL	NULL	Ukraine
6627642	159	24	-1	FMCEurope2024	f	333fm	Martin Vædele Egdal	2013EGDA02	m	NULL	NULL	Denmark
6627643	163	25	-1	FMCEurope2024	f	333fm	Radosław Opoka	2013OPOK01	m	NULL	NULL	Poland
6627644	163	25	-1	FMCEurope2024	f	333fm	Marco Rota	2009ROTA01	m	NULL	NULL	Italy
6627645	163	25	-1	FMCEurope2024	f	333fm	Tommaso Raposio	2014RAPO01	m	NULL	NULL	Italy
6629527	1	23	2533	ThailandQuietChampionship2024	f	333fm	Natthaphat Mahtani (ณัฐภัทร จี มาทานี)	2011MAHT02	m	NR	NULL	Thailand
6629528	2	24	2967	ThailandQuietChampionship2024	f	333fm	Phuwish Sripattrapan (ภูวิศ ศรีภัทราพันธุ์)	2023SRIP04	m	NULL	NULL	Thailand
6629572	1	24	2467	FMCCanada2024	f	333fm	Alvin Cheng Hiu Yeung (鄭曉洋)	2019YEUN01	m	NULL	NR	Hong Kong
6629573	2	22	2500	FMCCanada2024	f	333fm	Walker Welch	2011WELC01	m	NULL	NULL	USA
6629577	6	25	2900	FMCCanada2024	f	333fm	Elliott Kobelansky	2019KOBE03	m	NULL	NULL	Canada
6629603	32	25	-1	FMCCanada2024	f	333fm	Benjamin Kyle	2016KYLE01	m	NULL	NULL	Canada
6630561	1	23	0	StektFalukorvOpen2024	f	333fm	Helmer Ewert	2015EWER01	1	NULL	NULL	Sweden
6632279	1	22	2267	CampeonatoBrasileiroFMC2024	1	333fm	Anuar Miguel Abib Onofre	2015ONOF01	m	NULL	NULL	Brazil
6632280	2	22	2533	CampeonatoBrasileiroFMC2024	1	333fm	Alexandre Henrique Afonso Campos	2015CAMP17	m	NULL	NULL	Brazil
6632281	3	24	2833	CampeonatoBrasileiroFMC2024	1	333fm	Marlon de V. Marques	2014MARQ02	m	NULL	NULL	Brazil
6632314	1	24	2533	CampeonatoBrasileiroFMC2024	f	333fm	Anuar Miguel Abib Onofre	2015ONOF01	m	NULL	NULL	Brazil
6632318	5	21	3267	CampeonatoBrasileiroFMC2024	f	333fm	Alexandre Henrique Afonso Campos	2015CAMP17	m	NULL	NULL	Brazil
6633323	1	20	2100	WarsawFMCTourIISunday2024	1	333fm	Wojciech Rogoziński	2019ROGO04	m	NULL	NULL	Poland
6633324	2	20	2133	WarsawFMCTourIISunday2024	1	333fm	Radomił Baran	2020BARA02	m	NULL	NULL	Poland
6633325	3	20	2200	WarsawFMCTourIISunday2024	1	333fm	Krzysztof Pietrusiak	2019PIET01	m	NULL	NULL	Poland
6633326	4	23	2300	WarsawFMCTourIISunday2024	1	333fm	Dawid Wójcik	2016WOJC04	m	NULL	NULL	Poland
6633327	5	23	2500	WarsawFMCTourIISunday2024	1	333fm	Alexandros Fokianos	2017FOKI01	m	NULL	NULL	Italy
6633328	6	20	2533	WarsawFMCTourIISunday2024	1	333fm	Przemysław Rogalski	2013ROGA02	m	NULL	NULL	Poland
6633330	8	24	-1	WarsawFMCTourIISunday2024	1	333fm	Radosław Opoka	2013OPOK01	m	NULL	NULL	Poland
6633333	1	22	2267	WarsawFMCTourIISunday2024	f	333fm	Wojciech Rogoziński	2019ROGO04	m	NULL	NULL	Poland
6633334	2	20	2367	WarsawFMCTourIISunday2024	f	333fm	Radomił Baran	2020BARA02	m	NULL	NULL	Poland
6633335	3	23	2467	WarsawFMCTourIISunday2024	f	333fm	Krzysztof Pietrusiak	2019PIET01	m	NULL	NULL	Poland
6633336	4	24	2500	WarsawFMCTourIISunday2024	f	333fm	Dawid Wójcik	2016WOJC04	m	NULL	NULL	Poland
6634463	1	19	2033	PleaseBeQuietLuzon2024	f	333fm	Wong Chong Wen (黄崇文)	2014WENW01	m	NULL	NULL	Singapore
6634464	2	22	2567	PleaseBeQuietLuzon2024	f	333fm	Takumi Tamura (田村匠)	2019TAMU01	m	NULL	NULL	Japan
6634465	3	24	2933	PleaseBeQuietLuzon2024	f	333fm	Ping-Yueh Huang (黃品越)	2012HUAN12	m	NULL	NULL	Taiwan
6634472	10	23	-1	PleaseBeQuietLuzon2024	f	333fm	Earl Bien D. Celestino	2019CELE01	m	NULL	NULL	Philippines
6636698	1	21	2233	IndianaChampionship2024	f	333fm	Evan Brown	2013BROW04	m	NULL	NULL	USA
6636699	2	24	2600	IndianaChampionship2024	f	333fm	Alexander Wheeler	2014WHEE01	m	NULL	NULL	USA
6636709	12	20	-1	IndianaChampionship2024	f	333fm	Simon Kellum	2016KELL12	m	NULL	NULL	USA
6636710	13	23	-1	IndianaChampionship2024	f	333fm	Brian Johnson	2013JOHN10	m	NULL	NULL	USA
6637715	1	24	2700	EastBayBigandBlind2024	f	333fm	Calvin Nielson	2014NIEL03	m	NULL	NULL	USA
6637716	2	25	3467	EastBayBigandBlind2024	f	333fm	Stanley Tran	2019TRAN04	m	NULL	NULL	USA
6637719	5	23	-1	EastBayBigandBlind2024	f	333fm	Abhimanyu Singhal (अभिमन्यु सिंघल)	2013SING12	m	NULL	NULL	USA
6645546	1	23	2467	FMCArgentina2024	f	333fm	Guido Dipietro	2013DIPI01	m	NULL	NULL	Argentina
6645547	2	22	2633	FMCArgentina2024	f	333fm	Matías Ponte	2018PONT03	m	NULL	NULL	Argentina
6645548	3	25	3100	FMCArgentina2024	f	333fm	Leandro Martín López	2018LOPE22	m	NULL	NULL	Argentina
6652397	1	23	0	BarcelonaOpen2024	f	333fm	Arnau Tous Mateu	2016MATE04	1	NULL	NULL	Spain
6652398	1	23	0	BarcelonaOpen2024	f	333fm	Nicolas Gertner Kilian	2013GERT01	1	NULL	NULL	France
6653391	1	23	0	CubUaiUFMGOpen2024	f	333fm	Alexandre Henrique Afonso Campos	2015CAMP17	1	NULL	NULL	Brazil
6654785	1	20	2100	AshfieldWinterChallenge2024	f	333fm	Levi Gibson	2018GIBS04	m	NULL	NAR	USA
6654786	1	20	2100	AshfieldWinterChallenge2024	f	333fm	Krish Shah-Nathwani	2015SHAH09	m	NULL	NAR	USA
6654787	3	20	2167	AshfieldWinterChallenge2024	f	333fm	Chris Chi	2014CHIC01	m	NULL	NULL	USA
6654788	4	25	2833	AshfieldWinterChallenge2024	f	333fm	Saisabari Ramesh	2021RAME01	m	NULL	NULL	USA
6658921	1	23	2500	WiltshireNovember2024	f	333fm	Fabio Schwandt	2014SCHW02	m	NULL	NULL	United Kingdom
6658922	2	25	3267	WiltshireNovember2024	f	333fm	Sam Shaw	2016SHAW02	m	NULL	NULL	United Kingdom
6658930	10	23	-1	WiltshireNovember2024	f	333fm	Kai Cui	2019CUIK03	m	NULL	NULL	United Kingdom
6658931	10	23	-1	WiltshireNovember2024	f	333fm	Dorian Chan	2023DORI01	m	NULL	NULL	Hong Kong
6662996	1	20	2100	OCFMC2024	f	333fm	David Epstein	2016EPST02	m	NULL	NULL	Australia
6662997	2	20	2133	OCFMC2024	f	333fm	Jayden McNeill	2012MCNE01	m	NULL	NULL	Australia
6662998	2	20	2133	OCFMC2024	f	333fm	Firstian Fushada (符逢城)	2015FUSH01	m	NULL	NULL	Indonesia
6662999	4	20	2267	OCFMC2024	f	333fm	Tom Nelson	2013NELS01	m	NR	NULL	New Zealand
6663000	5	22	2267	OCFMC2024	f	333fm	Joshua Hounslow	2016HOUN01	m	NULL	NULL	Australia
6663001	6	22	2400	OCFMC2024	f	333fm	Max Parris	2022PARR10	m	NULL	NULL	Australia
6663002	7	25	2633	OCFMC2024	f	333fm	Elijah La Porte	2022PORT01	m	NULL	NULL	Australia
6663041	46	24	-1	OCFMC2024	f	333fm	Jonathan Charlesworth	2016CHAR01	m	NULL	NULL	Australia
6663863	1	21	2267	ManchesterFMCDay2024	f	333fm	Fabio Schwandt	2014SCHW02	m	NULL	NULL	United Kingdom
6663864	2	23	2367	ManchesterFMCDay2024	f	333fm	Kai Cui	2019CUIK03	m	NULL	NULL	United Kingdom
6663872	10	20	-1	ManchesterFMCDay2024	f	333fm	Jaye Sloan	2022SLOA01	m	NULL	NULL	United Kingdom
6664793	1	24	0	CuartoAldeillaOpen2024	f	333fm	Mauro Moisés Ortega López	2016LOPE44	1	NULL	NULL	Spain
6664794	1	24	0	CuartoAldeillaOpen2024	f	333fm	Jordi Lleixà López	2023LOPE09	1	NULL	NULL	Spain
6665207	1	22	2267	WorcesterWinterChallenge2024	1	333fm	Aedan Bryant	2017BRYA06	m	NULL	NULL	USA
6665208	1	22	2267	WorcesterWinterChallenge2024	1	333fm	Levi Gibson	2018GIBS04	m	NULL	NULL	USA
6665209	3	23	2300	WorcesterWinterChallenge2024	1	333fm	Krish Shah-Nathwani	2015SHAH09	m	NULL	NULL	USA
6665210	4	23	2367	WorcesterWinterChallenge2024	1	333fm	Daniel Karnaukh	2014KARN02	m	NULL	NULL	USA
6665211	5	24	2500	WorcesterWinterChallenge2024	1	333fm	Elliot Wiecek	2016WIEC02	m	NULL	NULL	USA
6665217	1	21	2267	WorcesterWinterChallenge2024	f	333fm	Krish Shah-Nathwani	2015SHAH09	m	NULL	NULL	USA
6665218	1	21	2267	WorcesterWinterChallenge2024	f	333fm	Levi Gibson	2018GIBS04	m	NULL	NULL	USA
6665219	3	22	2333	WorcesterWinterChallenge2024	f	333fm	Daniel Karnaukh	2014KARN02	m	NULL	NULL	USA
6665220	4	25	2733	WorcesterWinterChallenge2024	f	333fm	Elliot Wiecek	2016WIEC02	m	NULL	NULL	USA
6665223	7	22	-1	WorcesterWinterChallenge2024	f	333fm	Aedan Bryant	2017BRYA06	m	NULL	NULL	USA
6667258	1	22	0	MelbourneCubeDays2024	f	333fm	Firstian Fushada (符逢城)	2015FUSH01	1	NULL	NULL	Indonesia
6667259	2	24	0	MelbourneCubeDays2024	f	333fm	David Epstein	2016EPST02	1	NULL	NULL	Australia
6667567	8	25	-1	HooshinooQuietDay2024	f	333fm	Seyed Amirparsa Hosseini Nayeri (سید امیرپارسا حسینی نیری)	2016NIRI01	m	NULL	NULL	Iran
6667667	1	19	2167	PleaseDontDNFSingapore2024	f	333fm	Dylan Seah Tze Siang (谢智翔)	2015SIAN01	m	NULL	NULL	Singapore
6667668	2	20	2167	PleaseDontDNFSingapore2024	f	333fm	Wong Chong Wen (黄崇文)	2014WENW01	m	NULL	NULL	Singapore
6667669	3	23	2467	PleaseDontDNFSingapore2024	f	333fm	Chang Hong Liang (张泓量)	2016LIAN02	m	NULL	NULL	Singapore
6667670	4	24	2533	PleaseDontDNFSingapore2024	f	333fm	Ng Jia Quan (黄佳铨)	2015QUAN03	m	NULL	NULL	Malaysia
6667671	5	25	2600	PleaseDontDNFSingapore2024	f	333fm	Lim Chun Yik (林峻毅)	2018YIKL01	m	NULL	NULL	Malaysia
6671105	1	22	0	StevenageDecember2024	f	333fm	Rayan Islam	2022ISLA08	1	NULL	NULL	United Kingdom
6675394	1	21	2333	TwoFMCOhioState2024	1	333fm	Evan Brown	2013BROW04	m	NULL	NULL	USA
6675403	1	22	2400	TwoFMCOhioState2024	f	333fm	Evan Brown	2013BROW04	m	NULL	NULL	USA
6679390	1	21	2200	SlovakFMCNationals2024	f	333fm	Jan Riedl	2019RIED01	m	NULL	NULL	Czech Republic
6684155	1	23	0	TaiwanChampionship2024	f	333fm	Luis Tan Hong Yi (陈宏溢)	2023YILU01	1	NULL	NULL	Singapore
6684192	2	25	0	TaiwanChampionship2024	f	333fm	Tomohiro Kobayashi (小林知広)	2013KOBA01	1	NULL	NULL	Japan
6690950	1	24	2767	PBQtah72024	f	333fm	Bradley Sampson	2008SAMP01	m	NULL	NULL	USA
6695825	5	25	2767	CzechChampionship2024	f	333fm	Nicolas Gertner Kilian	2013GERT01	m	NULL	NULL	France
6695830	4	24	2733	CzechChampionship2024	f	333fm	Matěj Grohmann	2015GROH02	m	NULL	NULL	Czech Republic
6695831	2	24	2500	CzechChampionship2024	f	333fm	Bence Barát	2008BARA01	m	NULL	NULL	Hungary
6695832	1	22	2467	CzechChampionship2024	f	333fm	Szabolcs Szántai	2016SZAN01	m	NULL	NULL	Hungary
6695837	3	21	2600	CzechChampionship2024	f	333fm	Jan Riedl	2019RIED01	m	NULL	NULL	Czech Republic
6696671	2	23	-1	GoianiaXiu2024	f	333fm	Marlon de V. Marques	2014MARQ02	m	NULL	NULL	Brazil
6699270	2	23	2433	GemCitySpecialIVOH2024	f	333fm	Stanley Chapel	2016CHAP04	m	NULL	NULL	USA
6699273	1	21	2333	GemCitySpecialIVOH2024	f	333fm	Evan Brown	2013BROW04	m	NULL	NULL	USA
6705667	1	24	2567	SuccessForCandyStockholm2024	f	333fm	Theodor Nordstrand	2016NORD02	m	NULL	NULL	Sweden
6705706	1	20	2100	MalaysiaFMCChampionship2024	f	333fm	Wong Chong Wen (黄崇文)	2014WENW01	m	NULL	NULL	Singapore
6705707	2	23	2433	MalaysiaFMCChampionship2024	f	333fm	Dylan Seah Tze Siang (谢智翔)	2015SIAN01	m	NULL	NULL	Singapore
6705708	2	23	2433	MalaysiaFMCChampionship2024	f	333fm	Ng Jia Quan (黄佳铨)	2015QUAN03	m	NULL	NULL	Malaysia
6705709	4	24	2500	MalaysiaFMCChampionship2024	f	333fm	Bryan Gan Tze Yang (顏子洋)	2016YANG83	m	NULL	NULL	Malaysia
6705710	5	23	2667	MalaysiaFMCChampionship2024	f	333fm	Takumi Tamura (田村匠)	2019TAMU01	m	NULL	NULL	Japan
6705716	11	25	-1	MalaysiaFMCChampionship2024	f	333fm	Lim Chun Yik (林峻毅)	2018YIKL01	m	NULL	NULL	Malaysia
6705875	1	20	2167	FMCCubingChina2024	f	333fm	Lichi Fang (方力驰)	2018FANG03	m	NULL	NULL	China
6705876	2	20	2233	FMCCubingChina2024	f	333fm	Yiwei Liu (刘伊玮)	2012LIUY03	m	NULL	NULL	China
6705877	3	20	2433	FMCCubingChina2024	f	333fm	Jibo Zhao (赵吉波)	2010ZHAO11	m	NULL	NULL	China
6705878	4	23	2433	FMCCubingChina2024	f	333fm	Weijie Jian (简维杰)	2011JIAN07	m	NULL	NULL	China
6705879	5	23	2467	FMCCubingChina2024	f	333fm	Yuhang Sun (孙煜航)	2019SUNY09	m	NULL	NULL	China
6705880	6	24	2567	FMCCubingChina2024	f	333fm	Qijun Miao (缪其隽)	2014MIAO02	m	NULL	NULL	China
6705881	6	24	2567	FMCCubingChina2024	f	333fm	Yanghong Zhang (张扬红)	2024ZHAN75	m	NULL	NULL	China
6705882	8	25	2633	FMCCubingChina2024	f	333fm	Zian Song (宋子安)	2014SONG08	m	NULL	NULL	China
6705883	9	24	2767	FMCCubingChina2024	f	333fm	Kun Zhu (朱坤)	2011ZHUK01	m	NULL	NULL	China
6705955	81	24	-1	FMCCubingChina2024	f	333fm	Yifan Wang (王逸帆)	2017WANY29	m	NULL	NULL	China
6705956	82	25	-1	FMCCubingChina2024	f	333fm	Tianze Xu (徐天泽)	2015XUTI01	m	NULL	NULL	China
6705957	82	25	-1	FMCCubingChina2024	f	333fm	Yibo Wang (王怡卜)	2023WANY11	m	NULL	NULL	China
6710573	1	25	0	SwisscubingCupFinal2024	f	333fm	Robert Yau	2009YAUR01	1	NULL	NULL	United Kingdom
6718682	1	21	2233	FranconiaChristmasA2024	f	333fm	Dunhui Xiao (肖敦慧)	2018XIAO03	m	NULL	NULL	Germany
6718683	2	22	2467	FranconiaChristmasA2024	f	333fm	Noah Kraft	2016KRAF01	m	NULL	NULL	Germany
6718684	3	24	2467	FranconiaChristmasA2024	f	333fm	Moritz Lotz	2017LOTZ01	m	NULL	NULL	Germany
6718685	4	24	2567	FranconiaChristmasA2024	f	333fm	Shawn Lee Zhi Xuan (李致轩)	2017XUAN03	m	NULL	NULL	Malaysia
6719699	1	22	2400	KyivSideEventsWinter2024	f	333fm	Yurii Riabov (Юрій Рябов)	2018RIAB01	m	NULL	NULL	Ukraine
6719703	5	22	-1	KyivSideEventsWinter2024	f	333fm	Ihor Kastranets (Ігор Кастранець)	2018KAST02	m	NULL	NULL	Ukraine
6719704	6	24	-1	KyivSideEventsWinter2024	f	333fm	Lev Golub (Лев Голуб)	2014HOLU01	m	NULL	NULL	Ukraine
6720003	1	23	2433	FestiveMinisota2024	f	333fm	Evan Brown	2013BROW04	m	NULL	NULL	USA
6720004	2	25	2700	FestiveMinisota2024	f	333fm	Walker Welch	2011WELC01	m	NULL	NULL	USA
6720005	3	25	2767	FestiveMinisota2024	f	333fm	Carter Kucala	2015KUCA01	m	NULL	NULL	USA
6720008	6	24	-1	FestiveMinisota2024	f	333fm	Simon Kellum	2016KELL12	m	NULL	NULL	USA
6722812	1	22	2300	SilentKoreaWinter2024	f	333fm	Jaehyun Jeong (정재현)	2016JEON02	m	NULL	NULL	Korea
6722813	2	24	2400	SilentKoreaWinter2024	f	333fm	Yuto Morishita (森下優斗)	2023SHIK03	m	NULL	NULL	Japan
6722814	3	22	2533	SilentKoreaWinter2024	f	333fm	DongSoo Park (박동수)	2017PARK05	m	NULL	NULL	Korea
6722815	4	23	2567	SilentKoreaWinter2024	f	333fm	Jihun Yang (양지훈)	2021YANG27	m	NULL	NULL	Korea
6722816	5	25	2600	SilentKoreaWinter2024	f	333fm	Dohyun Kim (김도현)	2013KIMD01	m	NULL	NULL	Korea
6722817	6	22	2733	SilentKoreaWinter2024	f	333fm	Ko Youngjin (고영진)	2007YOUN04	m	NULL	NULL	Korea
6726349	1	19	2133	HongKongFMCChampionship2024	1	333fm	Lichi Fang (方力驰)	2018FANG03	m	NULL	NR	China
6726350	2	20	2200	HongKongFMCChampionship2024	1	333fm	Qijun Miao (缪其隽)	2014MIAO02	m	NULL	NULL	China
6726351	2	20	2200	HongKongFMCChampionship2024	1	333fm	Alvin Cheng Hiu Yeung (鄭曉洋)	2019YEUN01	m	NR	NR	Hong Kong
6726352	4	22	2267	HongKongFMCChampionship2024	1	333fm	Yiwei Liu (刘伊玮)	2012LIUY03	m	NULL	NULL	China
6726353	5	21	2300	HongKongFMCChampionship2024	1	333fm	Takumi Tamura (田村匠)	2019TAMU01	m	NULL	NULL	Japan
6726354	6	21	2467	HongKongFMCChampionship2024	1	333fm	Weijie Jian (简维杰)	2011JIAN07	m	NULL	NULL	China
6726355	7	21	2567	HongKongFMCChampionship2024	1	333fm	Tianze Xu (徐天泽)	2015XUTI01	m	NULL	NULL	China
6726356	8	24	2700	HongKongFMCChampionship2024	1	333fm	Wu Chun Yin (胡俊賢)	2012YINW01	m	NULL	NULL	Hong Kong
6726383	1	21	2200	HongKongFMCChampionship2024	f	333fm	Qijun Miao (缪其隽)	2014MIAO02	m	NULL	NULL	China
6726384	1	21	2200	HongKongFMCChampionship2024	f	333fm	Lichi Fang (方力驰)	2018FANG03	m	NULL	NULL	China
6726385	3	23	2467	HongKongFMCChampionship2024	f	333fm	Takumi Tamura (田村匠)	2019TAMU01	m	NULL	NULL	Japan
6726386	4	24	2467	HongKongFMCChampionship2024	f	333fm	Yiwei Liu (刘伊玮)	2012LIUY03	m	NULL	NULL	China
6726387	4	24	2467	HongKongFMCChampionship2024	f	333fm	Weijie Jian (简维杰)	2011JIAN07	m	NULL	NULL	China
6726388	6	24	2500	HongKongFMCChampionship2024	f	333fm	Alvin Cheng Hiu Yeung (鄭曉洋)	2019YEUN01	m	NULL	NULL	Hong Kong
6726389	7	23	2733	HongKongFMCChampionship2024	f	333fm	Tianze Xu (徐天泽)	2015XUTI01	m	NULL	NULL	China
6726390	8	24	2900	HongKongFMCChampionship2024	f	333fm	Mok Man Kit (莫文傑)	2009KITM01	m	NULL	NULL	Hong Kong
6726392	10	24	3133	HongKongFMCChampionship2024	f	333fm	Rinji Chan Pak Hei (陳柏熹)	2019HEIR01	m	NULL	NULL	Hong Kong
6726394	12	25	3400	HongKongFMCChampionship2024	f	333fm	Lai Pak Kiu (賴柏喬)	2024KIUL01	m	NULL	NULL	Hong Kong
6729217	1	22	2400	LuziceWinter2024	f	333fm	Jan Riedl	2019RIED01	m	NULL	NULL	Czech Republic
6729218	2	25	2833	LuziceWinter2024	f	333fm	Matěj Grohmann	2015GROH02	m	NULL	NULL	Czech Republic
6731795	1	22	2300	TarragonaOpen2024	f	333fm	Mauro Moisés Ortega López	2016LOPE44	m	NULL	NULL	Spain
6731796	2	25	2733	TarragonaOpen2024	f	333fm	Jordi Lleixà López	2023LOPE09	m	NULL	NULL	Spain
6732596	1	19	2000	PleaseBeSolvedOhioState2024	f	333fm	Evan Brown	2013BROW04	m	NULL	WR	USA
6732597	2	23	2367	PleaseBeSolvedOhioState2024	f	333fm	Carter Kucala	2015KUCA01	m	NULL	NULL	USA
6732598	3	22	2533	PleaseBeSolvedOhioState2024	f	333fm	Luke Garrett	2017GARR05	m	NULL	NULL	USA
6732641	1	22	2333	FMCYaDublinOH2024	f	333fm	Carter Kucala	2015KUCA01	m	NULL	NULL	USA
6732642	2	23	2400	FMCYaDublinOH2024	f	333fm	Simon Kellum	2016KELL12	m	NULL	NULL	USA
6732897	1	24	0	UzbekistanNationals2024	f	333fm	Igor Aipkin	2017AIPK01	1	NR	NULL	Uzbekistan
6733199	1	23	2467	BudapestFMClvester2024	f	333fm	Bence Barát	2008BARA01	m	NULL	NULL	Hungary
6733201	3	24	2833	BudapestFMClvester2024	f	333fm	Takumi Tamura (田村匠)	2019TAMU01	m	NULL	NULL	Japan
6740332	1	22	2200	ViensVoirGeste2025	f	333fm	Louis-Marie Ratto	2019RATT02	m	NULL	NULL	France
6740333	2	25	3133	ViensVoirGeste2025	f	333fm	Anton Piau	2008PIAU01	m	NULL	NULL	France
6740338	7	23	-1	ViensVoirGeste2025	f	333fm	Adrien Neveu	2018NEVE02	m	NULL	NULL	France
6748087	1	20	2067	BatonRougeWinterFMC2025	f	333fm	Carter Kucala	2015KUCA01	m	NULL	NULL	USA
6749917	3	22	-1	MichiganMini272025	f	333fm	Owen Widdis	2015WIDD01	m	NULL	NULL	USA
6754555	1	22	2333	CreweFMCDay2025	f	333fm	Kai Cui	2019CUIK03	m	NULL	NULL	United Kingdom
6754556	2	23	2533	CreweFMCDay2025	f	333fm	Dorian Chan	2023DORI01	m	NULL	NULL	Hong Kong
6759918	1	25	3267	BigStartBaja2025	f	333fm	Kate Grahame	2018GRAH05	m	NULL	NULL	USA
6760604	1	20	2200	AirplaneModeXVOH2025	f	333fm	Evan Brown	2013BROW04	m	NULL	NULL	USA
6760605	2	24	2633	AirplaneModeXVOH2025	f	333fm	Doug Li	2003LIDO01	m	NULL	NULL	USA
6760611	8	21	-1	AirplaneModeXVOH2025	f	333fm	Abhimanyu Singhal (अभिमन्यु सिंघल)	2013SING12	m	NULL	NULL	USA
6764602	3	24	3400	AdelaideSummer2025	f	333fm	Daniel Wang	2022WANG06	m	NULL	NULL	Australia
6765410	3	24	-1	FinnishFMCSeriesI2025	f	333fm	Janne Lehtimäki	2012LEHT01	m	NULL	NULL	Finland
6786834	1	23	2467	PeaceandQuietPalisades2025	f	333fm	Daniel Karnaukh	2014KARN02	m	NULL	NULL	USA
6786835	2	23	2567	PeaceandQuietPalisades2025	f	333fm	Joseph Guzman	2015GUZM03	m	NULL	NULL	USA
6786837	4	23	-1	PeaceandQuietPalisades2025	f	333fm	Jackson Warley	2008WARL01	m	NULL	NULL	USA
6786838	4	23	-1	PeaceandQuietPalisades2025	f	333fm	Chris Chi	2014CHIC01	m	NULL	NULL	USA
6787228	1	25	3000	FinnishFMCSeriesII2025	f	333fm	Niko Ronkainen	2010RONK01	m	NULL	NULL	Finland
6800922	1	21	2300	AmherstWinterChallenge2025	1	333fm	Chris Chi	2014CHIC01	m	NULL	NULL	USA
6800923	2	21	2367	AmherstWinterChallenge2025	1	333fm	Daniel Karnaukh	2014KARN02	m	NULL	NULL	USA
6800924	2	21	2367	AmherstWinterChallenge2025	1	333fm	Elliot Wiecek	2016WIEC02	m	NULL	NULL	USA
6800925	4	21	2400	AmherstWinterChallenge2025	1	333fm	Jackson Warley	2008WARL01	m	NULL	NULL	USA
6800926	5	22	2500	AmherstWinterChallenge2025	1	333fm	Levi Gibson	2018GIBS04	m	NULL	NULL	USA
6800927	6	23	3100	AmherstWinterChallenge2025	1	333fm	Thiago Han	2022HANT01	m	NULL	NULL	Brazil
6800933	1	20	2167	AmherstWinterChallenge2025	f	333fm	Elliot Wiecek	2016WIEC02	m	NULL	NULL	USA
6800934	2	22	2267	AmherstWinterChallenge2025	f	333fm	Levi Gibson	2018GIBS04	m	NULL	NULL	USA
6800935	3	21	2300	AmherstWinterChallenge2025	f	333fm	Chris Chi	2014CHIC01	m	NULL	NULL	USA
6800936	4	23	2367	AmherstWinterChallenge2025	f	333fm	Daniel Karnaukh	2014KARN02	m	NULL	NULL	USA
6800938	6	25	3133	AmherstWinterChallenge2025	f	333fm	Will Russo	2015RUSS03	m	NULL	NULL	USA
6800939	7	18	-1	AmherstWinterChallenge2025	f	333fm	Brandon Villadolid	2019VILL03	m	NULL	NULL	USA
6800940	8	22	-1	AmherstWinterChallenge2025	f	333fm	Jackson Warley	2008WARL01	m	NULL	NULL	USA
6804859	8	25	-1	RopaziWinter2025	f	333fm	Mattheo de Wit	2015WITM01	m	NULL	NULL	Netherlands
6808812	1	25	2833	WellingtonMindGames2025	f	333fm	Aneurin Hunt	2010HUNT02	m	NULL	NULL	New Zealand
6808819	8	22	-1	WellingtonMindGames2025	f	333fm	Tom Nelson	2013NELS01	m	NULL	NULL	New Zealand
6809571	1	22	2233	SouthPerthFMCDay2025	1	333fm	Wong Chong Wen (黄崇文)	2014WENW01	m	NULL	NULL	Singapore
6809572	2	21	2267	SouthPerthFMCDay2025	1	333fm	Jayden McNeill	2012MCNE01	m	NULL	NULL	Australia
6809573	3	23	2500	SouthPerthFMCDay2025	1	333fm	Takumi Tamura (田村匠)	2019TAMU01	m	NULL	NULL	Japan
6809581	11	22	-1	SouthPerthFMCDay2025	1	333fm	Cameron Stollery	2010STOL01	m	NULL	NULL	Australia
6809582	12	25	-1	SouthPerthFMCDay2025	1	333fm	Joshua Hounslow	2016HOUN01	m	NULL	NULL	Australia
6809589	1	21	2200	SouthPerthFMCDay2025	f	333fm	Wong Chong Wen (黄崇文)	2014WENW01	m	NULL	NULL	Singapore
6809590	2	20	2267	SouthPerthFMCDay2025	f	333fm	Jayden McNeill	2012MCNE01	m	NULL	NULL	Australia
6809591	3	23	2333	SouthPerthFMCDay2025	f	333fm	Joshua Hounslow	2016HOUN01	m	NULL	NULL	Australia
6809592	4	25	2667	SouthPerthFMCDay2025	f	333fm	Cameron Stollery	2010STOL01	m	NULL	NULL	Australia
6809598	10	24	-1	SouthPerthFMCDay2025	f	333fm	Takumi Tamura (田村匠)	2019TAMU01	m	NULL	NULL	Japan
6811806	1	20	2167	MelbourneSummer2025	f	333fm	Jayden McNeill	2012MCNE01	m	NULL	NULL	Australia
6811808	2	20	2233	MelbourneSummer2025	f	333fm	Max Parris	2022PARR10	m	NULL	NULL	Australia
6811862	6	23	3033	MelbourneSummer2025	f	333fm	Dwyane Ramos	2019RAMO05	m	NULL	NULL	New Zealand
6811870	3	22	2267	MelbourneSummer2025	f	333fm	Firstian Fushada (符逢城)	2015FUSH01	m	NULL	NULL	Indonesia
6811877	39	23	-1	MelbourneSummer2025	f	333fm	David Epstein	2016EPST02	m	NULL	NULL	Australia
6817788	1	20	2100	NorthPerthFMCDay2025	1	333fm	Jayden McNeill	2012MCNE01	m	NULL	NULL	Australia
6817789	1	20	2100	NorthPerthFMCDay2025	1	333fm	Wong Chong Wen (黄崇文)	2014WENW01	m	NULL	NULL	Singapore
6817790	3	23	2367	NorthPerthFMCDay2025	1	333fm	Joshua Hounslow	2016HOUN01	m	NULL	NULL	Australia
6817791	4	25	2767	NorthPerthFMCDay2025	1	333fm	Takumi Tamura (田村匠)	2019TAMU01	m	NULL	NULL	Japan
6817806	1	21	2233	NorthPerthFMCDay2025	2	333fm	Jayden McNeill	2012MCNE01	m	NULL	NULL	Australia
6817807	2	23	2500	NorthPerthFMCDay2025	2	333fm	Takumi Tamura (田村匠)	2019TAMU01	m	NULL	NULL	Japan
6817808	3	24	2733	NorthPerthFMCDay2025	2	333fm	Joshua Hounslow	2016HOUN01	m	NULL	NULL	Australia
6817813	8	20	-1	NorthPerthFMCDay2025	2	333fm	Wong Chong Wen (黄崇文)	2014WENW01	m	NULL	NULL	Singapore
6817819	1	21	2200	NorthPerthFMCDay2025	f	333fm	Jayden McNeill	2012MCNE01	m	NULL	NULL	Australia
6817820	2	20	2233	NorthPerthFMCDay2025	f	333fm	Wong Chong Wen (黄崇文)	2014WENW01	m	NULL	NULL	Singapore
6817821	3	22	2300	NorthPerthFMCDay2025	f	333fm	Joshua Hounslow	2016HOUN01	m	NULL	NULL	Australia
6817822	4	24	2467	NorthPerthFMCDay2025	f	333fm	Takumi Tamura (田村匠)	2019TAMU01	m	NULL	NULL	Japan
6817826	8	23	-1	NorthPerthFMCDay2025	f	333fm	Jonathan Charlesworth	2016CHAR01	m	NULL	NULL	Australia
6818649	1	21	0	ParetsOpen2025	f	333fm	Oscar Sánchez Najarro	2017NAJA02	1	NULL	NULL	Spain
6818652	2	25	0	ParetsOpen2025	f	333fm	Jordi Lleixà López	2023LOPE09	1	NULL	NULL	Spain
6823194	1	22	2300	CubingwiththeCougarsWV2025	f	333fm	Walker Welch	2011WELC01	m	NULL	NULL	USA
6823195	2	25	2767	CubingwiththeCougarsWV2025	f	333fm	Olivia Trace	2015TRAC01	m	NULL	NULL	USA
6823229	22	24	-1	CubingwiththeCougarsWV2025	f	333fm	Benjamin Christie	2014CHRI04	m	NULL	NULL	USA
6825620	1	25	2700	DFWMegaMentalBreakdown2025	f	333fm	Turner McCabe	2024MCCA02	m	NULL	NULL	USA
6825625	2	24	2867	DFWMegaMentalBreakdown2025	f	333fm	Ryan Pilat	2016PILA03	m	NULL	NULL	USA
6826021	1	20	2167	EuropeFMCFriendsWinter2025	1	333fm	Radomił Baran	2020BARA02	m	NULL	NULL	Poland
6826022	2	22	2300	EuropeFMCFriendsWinter2025	1	333fm	Jan Bentlage	2010BENT01	m	NULL	NULL	Germany
6826023	2	22	2300	EuropeFMCFriendsWinter2025	1	333fm	Wojciech Rogoziński	2019ROGO04	m	NULL	NULL	Poland
6826024	4	22	2333	EuropeFMCFriendsWinter2025	1	333fm	Louis-Marie Ratto	2019RATT02	m	NULL	NULL	France
6826025	5	22	2400	EuropeFMCFriendsWinter2025	1	333fm	Yurii Riabov (Юрій Рябов)	2018RIAB01	m	NULL	NULL	Ukraine
6826026	6	23	2400	EuropeFMCFriendsWinter2025	1	333fm	Krzysztof Pietrusiak	2019PIET01	m	NULL	NULL	Poland
6826027	7	24	2433	EuropeFMCFriendsWinter2025	1	333fm	Mauro Moisés Ortega López	2016LOPE44	m	NULL	NULL	Spain
6826028	8	24	2467	EuropeFMCFriendsWinter2025	1	333fm	Enrico Tenuti	2017TENU01	m	NULL	NULL	Italy
6826029	9	25	2533	EuropeFMCFriendsWinter2025	1	333fm	Vasco Vasconcelos	2008VASC01	m	NULL	NULL	Portugal
6826030	10	24	2600	EuropeFMCFriendsWinter2025	1	333fm	Dunhui Xiao (肖敦慧)	2018XIAO03	m	NULL	NULL	Germany
6826031	11	25	2667	EuropeFMCFriendsWinter2025	1	333fm	Dmytro Kuryltsiv (Дмитро Курильців)	2018KURY02	m	NULL	NULL	Ukraine
6826032	12	25	2700	EuropeFMCFriendsWinter2025	1	333fm	Janne Lehtimäki	2012LEHT01	m	NULL	NULL	Finland
6826036	16	25	2800	EuropeFMCFriendsWinter2025	1	333fm	Tommaso Raposio	2014RAPO01	m	NULL	NULL	Italy
6826039	19	24	2833	EuropeFMCFriendsWinter2025	1	333fm	Daniel Wallin	2013WALL03	m	NULL	NULL	Sweden
6826043	23	25	3067	EuropeFMCFriendsWinter2025	1	333fm	Przemysław Rogalski	2013ROGA02	m	NULL	NULL	Poland
6826076	56	22	-1	EuropeFMCFriendsWinter2025	1	333fm	Ihor Kastranets (Ігор Кастранець)	2018KAST02	m	NULL	NULL	Ukraine
6826077	57	24	-1	EuropeFMCFriendsWinter2025	1	333fm	Adrien Neveu	2018NEVE02	m	NULL	NULL	France
6826078	58	25	-1	EuropeFMCFriendsWinter2025	1	333fm	Elian Beguec	2014BEGU01	m	NULL	NULL	France
6826112	1	18	2167	EuropeFMCFriendsWinter2025	f	333fm	Radomił Baran	2020BARA02	m	NR	NULL	Poland
6826113	1	18	2167	EuropeFMCFriendsWinter2025	f	333fm	Wojciech Rogoziński	2019ROGO04	m	NR	NULL	Poland
6826114	3	18	2200	EuropeFMCFriendsWinter2025	f	333fm	Enrico Tenuti	2017TENU01	m	NULL	NULL	Italy
6826115	4	20	2233	EuropeFMCFriendsWinter2025	f	333fm	Yurii Riabov (Юрій Рябов)	2018RIAB01	m	NULL	NULL	Ukraine
6826116	5	22	2267	EuropeFMCFriendsWinter2025	f	333fm	Louis-Marie Ratto	2019RATT02	m	NULL	NULL	France
6826117	6	23	2300	EuropeFMCFriendsWinter2025	f	333fm	Radosław Opoka	2013OPOK01	m	NULL	NULL	Poland
6826118	6	23	2300	EuropeFMCFriendsWinter2025	f	333fm	Mauro Moisés Ortega López	2016LOPE44	m	NULL	NULL	Spain
6826119	8	23	2333	EuropeFMCFriendsWinter2025	f	333fm	Dunhui Xiao (肖敦慧)	2018XIAO03	m	NULL	NULL	Germany
6826120	9	22	2367	EuropeFMCFriendsWinter2025	f	333fm	Lorenzo Mauro	2014MAUR06	m	NULL	NULL	Italy
6826121	10	22	2433	EuropeFMCFriendsWinter2025	f	333fm	Dmytro Kuryltsiv (Дмитро Курильців)	2018KURY02	m	NULL	NULL	Ukraine
6826122	11	23	2433	EuropeFMCFriendsWinter2025	f	333fm	Jan Bentlage	2010BENT01	m	NULL	NULL	Germany
6826123	12	24	2500	EuropeFMCFriendsWinter2025	f	333fm	Simone Bentlage	2014OHLE01	m	NULL	NULL	Germany
6826124	13	22	2533	EuropeFMCFriendsWinter2025	f	333fm	Vasco Vasconcelos	2008VASC01	m	NULL	NULL	Portugal
6826125	14	23	2533	EuropeFMCFriendsWinter2025	f	333fm	Tommaso Raposio	2014RAPO01	m	NULL	NULL	Italy
6826126	15	24	2600	EuropeFMCFriendsWinter2025	f	333fm	Artem Boiko (Артем Бойко)	2014BOIK01	m	NULL	NULL	Ukraine
6826127	16	23	2633	EuropeFMCFriendsWinter2025	f	333fm	Niko Ronkainen	2010RONK01	m	NULL	NULL	Finland
6826128	17	23	2700	EuropeFMCFriendsWinter2025	f	333fm	Alexis Fedeler	2015FEDE01	m	NULL	NULL	Germany
6826130	19	24	3100	EuropeFMCFriendsWinter2025	f	333fm	Alistair Robequin	2019ROBE01	m	NULL	NULL	Switzerland
6826150	39	23	-1	EuropeFMCFriendsWinter2025	f	333fm	Jeremy Mrzyglocki	2019MRZY01	m	NULL	NULL	Germany
6826151	39	23	-1	EuropeFMCFriendsWinter2025	f	333fm	Janne Lehtimäki	2012LEHT01	m	NULL	NULL	Finland
6826152	39	23	-1	EuropeFMCFriendsWinter2025	f	333fm	Ihor Kastranets (Ігор Кастранець)	2018KAST02	m	NULL	NULL	Ukraine
6826153	39	23	-1	EuropeFMCFriendsWinter2025	f	333fm	Moritz Lotz	2017LOTZ01	m	NULL	NULL	Germany
6826154	43	24	-1	EuropeFMCFriendsWinter2025	f	333fm	Noah Kraft	2016KRAF01	m	NULL	NULL	Germany
6826723	1	19	2200	HungarianAllRounder2Frozen2025	f	333fm	Bence Barát	2008BARA01	m	NR	NR	Hungary
6826724	2	23	2500	HungarianAllRounder2Frozen2025	f	333fm	Szabolcs Szántai	2016SZAN01	m	NULL	NULL	Hungary
6826725	3	21	2600	HungarianAllRounder2Frozen2025	f	333fm	Jan Bentlage	2010BENT01	m	NULL	NULL	Germany
6829040	6	25	2833	SingaporeChampionship2025	f	333fm	Chang Hong Liang (张泓量)	2016LIAN02	m	NULL	NULL	Singapore
6829042	15	19	-1	SingaporeChampionship2025	f	333fm	Wong Chong Wen (黄崇文)	2014WENW01	m	NULL	NULL	Singapore
6829047	4	23	2767	SingaporeChampionship2025	f	333fm	Dylan Seah Tze Siang (谢智翔)	2015SIAN01	m	NULL	NULL	Singapore
6829048	5	22	2800	SingaporeChampionship2025	f	333fm	Ng Jia Quan (黄佳铨)	2015QUAN03	m	NULL	NULL	Malaysia
6829049	7	23	3400	SingaporeChampionship2025	f	333fm	Carmen Teo Bin Jie (张斌婕)	2012JIET01	m	NULL	NULL	Singapore
6829056	2	23	2600	SingaporeChampionship2025	f	333fm	Luis Tan Hong Yi (陈宏溢)	2023YILU01	m	NULL	NULL	Singapore
6829057	1	17	2033	SingaporeChampionship2025	f	333fm	Firstian Fushada (符逢城)	2015FUSH01	m	AsR	NR	Indonesia
6834470	3	22	2433	MiamiValleyMini2025	f	333fm	Brian Johnson	2013JOHN10	m	NULL	NULL	USA
6834472	1	21	2267	MiamiValleyMini2025	f	333fm	Evan Brown	2013BROW04	m	NULL	NULL	USA
6834478	4	22	2467	MiamiValleyMini2025	f	333fm	Simon Kellum	2016KELL12	m	NULL	NULL	USA
6834479	2	21	2300	MiamiValleyMini2025	f	333fm	Carter Kucala	2015KUCA01	m	NULL	NULL	USA
6834852	5	23	-1	BignBlindBangaloreFeb2025	f	333fm	Raghavendra Nagarajan	2022NAGA01	m	NULL	NULL	India
6834857	1	22	2367	BignBlindBangaloreFeb2025	f	333fm	Shahul H. Shakila	2023SHAK01	m	NULL	NR	India
6843978	1	18	2100	TokyoOpenFMCWinter2025	f	333fm	Yiwei Liu (刘伊玮)	2012LIUY03	m	NULL	NR	China
6843979	2	18	2233	TokyoOpenFMCWinter2025	f	333fm	Yuki Yamamoto (山本祐輝)	2010YAMA04	m	NR	NULL	Japan
6843980	3	18	2300	TokyoOpenFMCWinter2025	f	333fm	Hajime Miyazaki (宮崎朔)	2022MIYA01	m	NR	NULL	Japan
6843981	4	22	2300	TokyoOpenFMCWinter2025	f	333fm	Yuto Morishita (森下優斗)	2023SHIK03	m	NULL	NULL	Japan
6843982	4	22	2300	TokyoOpenFMCWinter2025	f	333fm	Shota Wakabayashi (若林翔太)	2023KADO01	m	NULL	NULL	Japan
6843983	6	22	2400	TokyoOpenFMCWinter2025	f	333fm	Yuki Sako	2023SAKO02	m	NULL	NULL	Japan
6843984	7	24	2467	TokyoOpenFMCWinter2025	f	333fm	Shuto Ueno (上野柊斗)	2008UENO01	m	NULL	NULL	Japan
6843996	19	22	-1	TokyoOpenFMCWinter2025	f	333fm	Tomohiro Kobayashi (小林知広)	2013KOBA01	m	NULL	NULL	Japan
6843997	20	23	-1	TokyoOpenFMCWinter2025	f	333fm	Takumi Tamura (田村匠)	2019TAMU01	m	NULL	NULL	Japan
6843998	21	24	-1	TokyoOpenFMCWinter2025	f	333fm	Yunqi Ouyang (欧阳韵奇)	2007YUNQ01	m	NULL	NULL	China
6843999	22	25	-1	TokyoOpenFMCWinter2025	f	333fm	Syunei Miyauchi (宮内俊英)	2017MIYA07	m	NULL	NULL	Japan
6853005	1	22	2367	URJCOpen2025	f	333fm	Mauro Moisés Ortega López	2016LOPE44	m	NULL	NULL	Spain
6862980	1	25	2600	NidarosFMCWinter2025	1	333fm	Oskar Feed Jakobsen	2017JAKO02	m	NULL	NULL	Norway
6862982	3	22	3000	NidarosFMCWinter2025	1	333fm	Jacob Oliver Bruun	2018BRUU01	m	NR	NULL	Norway
6862989	1	24	2533	NidarosFMCWinter2025	f	333fm	Jakob Jernsletten	2018JERN01	m	NULL	NULL	Norway
6865808	1	19	2033	WinterSideWroclaw2025	f	333fm	Radomił Baran	2020BARA02	m	NULL	NULL	Poland
6865809	2	21	2233	WinterSideWroclaw2025	f	333fm	Radosław Opoka	2013OPOK01	m	NULL	NULL	Poland
6865810	3	20	2333	WinterSideWroclaw2025	f	333fm	Wojciech Rogoziński	2019ROGO04	m	NULL	NULL	Poland
6865811	4	21	2433	WinterSideWroclaw2025	f	333fm	Dawid Wójcik	2016WOJC04	m	NULL	NULL	Poland
6865812	5	22	2633	WinterSideWroclaw2025	f	333fm	Krzysztof Bober	2013BOBE01	m	NULL	NULL	Poland
6865819	12	25	-1	WinterSideWroclaw2025	f	333fm	Kamil Przybylski	2016PRZY01	m	NULL	NULL	Poland
6865820	12	25	-1	WinterSideWroclaw2025	f	333fm	Igor Tarasov	2016TARA04	m	NULL	NULL	Ukraine
6866903	1	22	2300	DebicaCubingWinter2025	f	333fm	Krzysztof Pietrusiak	2019PIET01	m	NULL	NULL	Poland
6869680	1	19	2300	RisbjergFebruar2025	f	333fm	Adam Marcellus Kelly	2016KELL10	m	NR	NULL	Denmark
6869681	2	23	2400	RisbjergFebruar2025	f	333fm	Daniel Vædele Egdal	2013EGDA01	m	NULL	NULL	Denmark
6869682	3	24	2600	RisbjergFebruar2025	f	333fm	Martin Vædele Egdal	2013EGDA02	m	NULL	NULL	Denmark
6869683	4	22	2667	RisbjergFebruar2025	f	333fm	Victor Valentin Glyrskov	2014GLYR01	m	NULL	NULL	Denmark
6882744	1	19	2200	EfficientinElmsfordWinter2025	1	333fm	Carter Kucala	2015KUCA01	m	NULL	NULL	USA
6882745	2	21	2300	EfficientinElmsfordWinter2025	1	333fm	Levi Gibson	2018GIBS04	m	NULL	NULL	USA
6882746	3	21	2367	EfficientinElmsfordWinter2025	1	333fm	Daniel Karnaukh	2014KARN02	m	NULL	NULL	USA
6882747	4	24	2467	EfficientinElmsfordWinter2025	1	333fm	Jackson Warley	2008WARL01	m	NULL	NULL	USA
6882748	5	22	2533	EfficientinElmsfordWinter2025	1	333fm	Chris Chi	2014CHIC01	m	NULL	NULL	USA
6882753	10	23	-1	EfficientinElmsfordWinter2025	1	333fm	Joseph Guzman	2015GUZM03	m	NULL	NULL	USA
6882756	1	19	2233	EfficientinElmsfordWinter2025	f	333fm	Carter Kucala	2015KUCA01	m	NULL	NULL	USA
6882757	2	19	2267	EfficientinElmsfordWinter2025	f	333fm	Chris Chi	2014CHIC01	m	NULL	NULL	USA
6882758	3	23	2300	EfficientinElmsfordWinter2025	f	333fm	Daniel Karnaukh	2014KARN02	m	NULL	NULL	USA
6882761	6	21	-1	EfficientinElmsfordWinter2025	f	333fm	Levi Gibson	2018GIBS04	m	NULL	NULL	USA
6882762	7	22	-1	EfficientinElmsfordWinter2025	f	333fm	Jackson Warley	2008WARL01	m	NULL	NULL	USA
6891779	1	21	2533	KyivBigBlindWinter2025	f	333fm	Yurii Riabov (Юрій Рябов)	2018RIAB01	m	NULL	NULL	Ukraine
6892333	1	17	1967	5BLDMastersOpole2025	f	333fm	Radomił Baran	2020BARA02	m	NR	WR	Poland
6892335	3	23	2800	5BLDMastersOpole2025	f	333fm	Przemysław Rogalski	2013ROGA02	m	NULL	NULL	Poland
6892343	11	20	-1	5BLDMastersOpole2025	f	333fm	Krzysztof Pietrusiak	2019PIET01	m	NULL	NULL	Poland
6892344	12	23	-1	5BLDMastersOpole2025	f	333fm	Marcin Chmielewski	2023CHMI01	m	NULL	NULL	Poland
6892345	13	25	-1	5BLDMastersOpole2025	f	333fm	Igor Tarasov	2016TARA04	m	NULL	NULL	Ukraine
6895781	1	22	2400	GlasgowSpringSBO2025	f	333fm	Jan Bentlage	2010BENT01	m	NULL	NULL	Germany
6896105	1	21	2133	CFLGoesSidewaysRogow2025	f	333fm	Wojciech Rogoziński	2019ROGO04	m	NULL	NULL	Poland
6896106	2	21	2200	CFLGoesSidewaysRogow2025	f	333fm	Radomił Baran	2020BARA02	m	NULL	NULL	Poland
6896107	3	22	2333	CFLGoesSidewaysRogow2025	f	333fm	Radosław Opoka	2013OPOK01	m	NULL	NULL	Poland
6896108	4	22	2433	CFLGoesSidewaysRogow2025	f	333fm	Krzysztof Pietrusiak	2019PIET01	m	NULL	NULL	Poland
6897490	1	21	2233	FMCBusan2025	1	333fm	Wong Chong Wen (黄崇文)	2014WENW01	m	NULL	NULL	Singapore
6897491	2	22	2267	FMCBusan2025	1	333fm	Yiwei Liu (刘伊玮)	2012LIUY03	m	NULL	NULL	China
6897492	3	23	2367	FMCBusan2025	1	333fm	Yuto Morishita (森下優斗)	2023SHIK03	m	NULL	NULL	Japan
6897493	4	22	2400	FMCBusan2025	1	333fm	Kyeongmin Choi (최경민)	2017CHOI07	m	NULL	NULL	Korea
6897494	5	23	2400	FMCBusan2025	1	333fm	Jihun Yang (양지훈)	2021YANG27	m	NULL	NULL	Korea
6897495	6	23	2433	FMCBusan2025	1	333fm	Takumi Tamura (田村匠)	2019TAMU01	m	NULL	NULL	Japan
6897496	7	23	2567	FMCBusan2025	1	333fm	Dohyun Kim (김도현)	2013KIMD01	m	NULL	NULL	Korea
6897497	8	25	2733	FMCBusan2025	1	333fm	Yunqi Ouyang (欧阳韵奇)	2007YUNQ01	m	NULL	NULL	China
6897509	1	21	2133	FMCBusan2025	f	333fm	Wong Chong Wen (黄崇文)	2014WENW01	m	NULL	NULL	Singapore
6897510	2	21	2233	FMCBusan2025	f	333fm	Kyeongmin Choi (최경민)	2017CHOI07	m	NULL	NULL	Korea
6897511	3	21	2333	FMCBusan2025	f	333fm	Yiwei Liu (刘伊玮)	2012LIUY03	m	NULL	NULL	China
6897512	4	21	2433	FMCBusan2025	f	333fm	Jihun Yang (양지훈)	2021YANG27	m	NULL	NULL	Korea
6897513	5	23	2567	FMCBusan2025	f	333fm	Yunqi Ouyang (欧阳韵奇)	2007YUNQ01	m	NULL	NULL	China
6897519	11	20	-1	FMCBusan2025	f	333fm	Yuto Morishita (森下優斗)	2023SHIK03	m	NULL	NULL	Japan
6897520	12	22	-1	FMCBusan2025	f	333fm	Takumi Tamura (田村匠)	2019TAMU01	m	NULL	NULL	Japan
6906387	1	21	2267	FinnishFMCSeriesIV2025	f	333fm	Janne Lehtimäki	2012LEHT01	m	NR	NR	Finland
6920171	1	22	2467	PleaseBeQuietThailand2025	f	333fm	Takumi Tamura (田村匠)	2019TAMU01	m	NULL	NULL	Japan
6920173	3	24	3100	PleaseBeQuietThailand2025	f	333fm	Korakot Inkaew (กรกฎ อิ่นแก้ว)	2017INKA01	m	NULL	NULL	Thailand
6920314	1	22	2467	MentalBreakdownHoorn2025	f	333fm	Sebastiano Tronto	2011TRON02	m	NULL	NULL	Italy
6920315	2	23	2767	MentalBreakdownHoorn2025	f	333fm	Vincent Chan	2017CHAN44	m	NULL	NULL	Netherlands
6920317	4	24	3167	MentalBreakdownHoorn2025	f	333fm	Bowen Xie	2018XIEB01	m	NULL	NULL	Belgium
6924577	1	24	2833	DelhiCubeOpen2025	f	333fm	Shivam Bansal	2011BANS02	m	NULL	NULL	India
6925613	1	22	2367	LakeOrionFMCMeltdown2025	f	333fm	Owen Widdis	2015WIDD01	m	NULL	NULL	USA
6925614	2	24	2500	LakeOrionFMCMeltdown2025	f	333fm	Doug Li	2003LIDO01	m	NULL	NULL	USA
6925615	3	25	2867	LakeOrionFMCMeltdown2025	f	333fm	James Hildreth	2009HILD01	m	NULL	NULL	USA
6926438	1	22	0	CharantonnayCubeClash2025	f	333fm	Adrien Neveu	2018NEVE02	1	NULL	NULL	France
6927150	5	25	-1	FMCowOhioStateV2025	f	333fm	Harsha Paladugu	2017PALA08	m	NULL	NULL	USA
6927151	5	25	-1	FMCowOhioStateV2025	f	333fm	Daichi Halphen	2019HALP02	m	NULL	NULL	USA
6939916	1	20	2167	FMCFrenchChampionship2025	1	333fm	Mauro Moisés Ortega López	2016LOPE44	m	NULL	NULL	Spain
6939937	6	22	2433	FMCFrenchChampionship2025	1	333fm	Louis Sarthou	2012SART01	m	NULL	NULL	France
6939938	8	21	2500	FMCFrenchChampionship2025	1	333fm	Jan Bentlage	2010BENT01	m	NULL	NULL	Germany
6939941	2	20	2267	FMCFrenchChampionship2025	1	333fm	Louis-Marie Ratto	2019RATT02	m	NULL	NULL	France
6939942	7	20	2500	FMCFrenchChampionship2025	1	333fm	Nicolas Gertner Kilian	2013GERT01	m	NULL	NULL	France
6939950	3	22	2367	FMCFrenchChampionship2025	1	333fm	Adrien Neveu	2018NEVE02	m	NULL	NULL	France
6939954	10	25	2700	FMCFrenchChampionship2025	1	333fm	Jordi Lleixà López	2023LOPE09	m	NULL	NULL	Spain
6939960	3	22	2367	FMCFrenchChampionship2025	1	333fm	Alexis Le Merrer	2019MERR02	m	NULL	NULL	France
6939967	9	23	2500	FMCFrenchChampionship2025	1	333fm	Alaric Pouchain	2019POUC01	m	NULL	NULL	France
6939968	5	23	2367	FMCFrenchChampionship2025	1	333fm	Quentin Rivault	2017RIVA09	m	NULL	NULL	France
6939989	5	22	2300	FMCFrenchChampionship2025	f	333fm	Jan Bentlage	2010BENT01	m	NULL	NULL	Germany
6939990	34	25	-1	FMCFrenchChampionship2025	f	333fm	Anthony Lafourcade	2014LAFO01	m	NULL	NULL	France
6939996	7	22	2467	FMCFrenchChampionship2025	f	333fm	Nicolas Gertner Kilian	2013GERT01	m	NULL	NULL	France
6940000	33	23	-1	FMCFrenchChampionship2025	f	333fm	Adrien Neveu	2018NEVE02	m	NULL	NULL	France
6940003	2	19	2200	FMCFrenchChampionship2025	f	333fm	Mauro Moisés Ortega López	2016LOPE44	m	NULL	NULL	Spain
6940007	11	25	2867	FMCFrenchChampionship2025	f	333fm	Noé Bourdon	2016BOUR01	m	NULL	NULL	France
6940008	4	22	2267	FMCFrenchChampionship2025	f	333fm	Alexis Le Merrer	2019MERR02	m	NULL	NULL	France
6940014	10	22	2767	FMCFrenchChampionship2025	f	333fm	Simone Bentlage	2014OHLE01	m	NULL	NULL	Germany
6940015	1	20	2167	FMCFrenchChampionship2025	f	333fm	Louis-Marie Ratto	2019RATT02	m	NULL	NULL	France
6940016	32	20	-1	FMCFrenchChampionship2025	f	333fm	Louis Sarthou	2012SART01	m	NULL	NULL	France
6940022	6	22	2367	FMCFrenchChampionship2025	f	333fm	Jordi Lleixà López	2023LOPE09	m	NULL	NULL	Spain
6940027	8	23	2667	FMCFrenchChampionship2025	f	333fm	Alaric Pouchain	2019POUC01	m	NULL	NULL	France
6940029	9	23	2733	FMCFrenchChampionship2025	f	333fm	Paul Ducruet	2023DUCR01	m	NULL	NULL	France
6940034	3	20	2233	FMCFrenchChampionship2025	f	333fm	Quentin Rivault	2017RIVA09	m	NULL	NULL	France
6941006	7	22	2400	FMCLIVENorthAmerica2025	1	333fm	Benjamin Kyle	2016KYLE01	m	NULL	NULL	Canada
6941008	53	25	-1	FMCLIVENorthAmerica2025	1	333fm	Elliott Kobelansky	2019KOBE03	m	NULL	NULL	Canada
6941011	5	21	2233	FMCLIVENorthAmerica2025	1	333fm	Aedan Bryant	2017BRYA06	m	NULL	NULL	USA
6941015	50	23	-1	FMCLIVENorthAmerica2025	1	333fm	Lewis Isom	2018ISOM02	m	NULL	NULL	USA
6941016	2	19	2167	FMCLIVENorthAmerica2025	1	333fm	Evan Brown	2013BROW04	m	NULL	NULL	USA
6941017	1	21	2133	FMCLIVENorthAmerica2025	1	333fm	Levi Gibson	2018GIBS04	m	NULL	NULL	USA
6941030	49	22	-1	FMCLIVENorthAmerica2025	1	333fm	Simon Kellum	2016KELL12	m	NULL	NULL	USA
6941031	52	24	-1	FMCLIVENorthAmerica2025	1	333fm	Ibrahim Quraishi	2018QURA01	m	NULL	NULL	Canada
6941032	2	19	2167	FMCLIVENorthAmerica2025	1	333fm	Cale Schoon	2014SCHO02	m	NULL	NULL	USA
6941033	24	25	3567	FMCLIVENorthAmerica2025	1	333fm	Joey Moore	2024MOOR12	m	NULL	NULL	USA
6941036	12	25	2667	FMCLIVENorthAmerica2025	1	333fm	Alexander Wheeler	2014WHEE01	m	NULL	NULL	USA
6941042	8	24	2567	FMCLIVENorthAmerica2025	1	333fm	Ryan Pilat	2016PILA03	m	NULL	NULL	USA
6941046	53	25	-1	FMCLIVENorthAmerica2025	1	333fm	Jackson Warley	2008WARL01	m	NULL	NULL	USA
6941047	10	22	2600	FMCLIVENorthAmerica2025	1	333fm	Calvin Nielson	2014NIEL03	m	NULL	NULL	USA
6941049	48	21	-1	FMCLIVENorthAmerica2025	1	333fm	Doug Li	2003LIDO01	m	NULL	NULL	USA
6941051	4	19	2200	FMCLIVENorthAmerica2025	1	333fm	Carter Kucala	2015KUCA01	m	NULL	NULL	USA
6941059	6	21	2300	FMCLIVENorthAmerica2025	1	333fm	Walker Welch	2011WELC01	m	NULL	NULL	USA
6941064	14	25	2833	FMCLIVENorthAmerica2025	1	333fm	Elijah De Groote	2014GROO01	m	NULL	NULL	Canada
6941065	9	25	2567	FMCLIVENorthAmerica2025	1	333fm	Yunhao Lou (娄云皓)	2017LOUY01	m	NULL	NULL	China
6941067	16	25	3067	FMCLIVENorthAmerica2025	1	333fm	Michael Young	2008YOUN02	m	NULL	NULL	USA
6941087	50	23	-1	FMCLIVENorthAmerica2025	1	333fm	Deven Huard-Bernuy	2019HUAR04	m	NULL	NULL	Canada
6941089	11	25	2633	FMCLIVENorthAmerica2025	1	333fm	Brian Johnson	2013JOHN10	m	NULL	NULL	USA
6941093	53	25	-1	FMCLIVENorthAmerica2025	1	333fm	Jack Lee	2012LEEJ05	m	NULL	NULL	Canada
6941097	6	23	2333	FMCLIVENorthAmerica2025	f	333fm	Aedan Bryant	2017BRYA06	m	NULL	NULL	USA
6941103	4	20	2300	FMCLIVENorthAmerica2025	f	333fm	Brian Johnson	2013JOHN10	m	NULL	NULL	USA
6941107	52	24	-1	FMCLIVENorthAmerica2025	f	333fm	Benjamin Kyle	2016KYLE01	m	NULL	NULL	Canada
6941108	16	25	2733	FMCLIVENorthAmerica2025	f	333fm	Michael Young	2008YOUN02	m	NULL	NULL	USA
6941109	50	21	-1	FMCLIVENorthAmerica2025	f	333fm	Jackson Warley	2008WARL01	m	NULL	NULL	USA
6941110	10	21	2500	FMCLIVENorthAmerica2025	f	333fm	Yunhao Lou (娄云皓)	2017LOUY01	m	NULL	NULL	China
6941111	8	22	2433	FMCLIVENorthAmerica2025	f	333fm	Cale Schoon	2014SCHO02	m	NULL	NULL	USA
6941114	12	25	2500	FMCLIVENorthAmerica2025	f	333fm	Ryan Pilat	2016PILA03	m	NULL	NULL	USA
6941119	27	23	3433	FMCLIVENorthAmerica2025	f	333fm	Humberto Martinez III	2024IIIH01	m	NULL	NULL	USA
6941121	3	22	2267	FMCLIVENorthAmerica2025	f	333fm	Levi Gibson	2018GIBS04	m	NULL	NULL	USA
6941123	7	23	2367	FMCLIVENorthAmerica2025	f	333fm	Doug Li	2003LIDO01	m	NULL	NULL	USA
6941124	2	21	2233	FMCLIVENorthAmerica2025	f	333fm	Lewis Isom	2018ISOM02	m	NULL	NULL	USA
6941126	1	20	2167	FMCLIVENorthAmerica2025	f	333fm	Evan Brown	2013BROW04	m	NULL	NULL	USA
6941127	8	22	2433	FMCLIVENorthAmerica2025	f	333fm	Alexander Wheeler	2014WHEE01	m	NULL	NULL	USA
6941129	21	25	3100	FMCLIVENorthAmerica2025	f	333fm	Young He (何嘉炀)	2014HEYO01	m	NULL	NULL	China
6941141	13	23	2567	FMCLIVENorthAmerica2025	f	333fm	Deven Huard-Bernuy	2019HUAR04	m	NULL	NULL	Canada
6941145	15	23	2733	FMCLIVENorthAmerica2025	f	333fm	Zeke Mackay	2015MACK06	m	NULL	NULL	USA
6941149	11	23	2500	FMCLIVENorthAmerica2025	f	333fm	Walker Welch	2011WELC01	m	NULL	NULL	USA
6941150	5	22	2300	FMCLIVENorthAmerica2025	f	333fm	Carter Kucala	2015KUCA01	m	NULL	NULL	USA
6941156	53	25	-1	FMCLIVENorthAmerica2025	f	333fm	Ibrahim Quraishi	2018QURA01	m	NULL	NULL	Canada
6941157	25	25	3367	FMCLIVENorthAmerica2025	f	333fm	Elliott Kobelansky	2019KOBE03	m	NULL	NULL	Canada
6941159	14	22	2700	FMCLIVENorthAmerica2025	f	333fm	Calvin Nielson	2014NIEL03	m	NULL	NULL	USA
6941160	51	23	-1	FMCLIVENorthAmerica2025	f	333fm	Simon Kellum	2016KELL12	m	NULL	NULL	USA
6945651	1	24	0	LeedsSpring2025	f	333fm	Glib Vedmid	2016VEDM01	1	NULL	NULL	Ukraine
6955334	1	20	2200	DontDNFMarchSingapore2025	f	333fm	Wong Chong Wen (黄崇文)	2014WENW01	m	NULL	NULL	Singapore
6955336	4	25	2600	DontDNFMarchSingapore2025	f	333fm	Chang Hong Liang (张泓量)	2016LIAN02	m	NULL	NULL	Singapore
6955337	2	21	2233	DontDNFMarchSingapore2025	f	333fm	Lichi Fang (方力驰)	2018FANG03	m	NULL	NULL	China
6955341	3	24	2567	DontDNFMarchSingapore2025	f	333fm	Luis Tan Hong Yi (陈宏溢)	2023YILU01	m	NULL	NULL	Singapore
6955514	1	22	2300	BigSideBlindOlsztyn2025	f	333fm	Radomił Baran	2020BARA02	m	NULL	NULL	Poland
6955520	2	22	2333	BigSideBlindOlsztyn2025	f	333fm	Krzysztof Pietrusiak	2019PIET01	m	NULL	NULL	Poland
6957188	2	24	2500	Mainzelcubing2025	f	333fm	Noah Kraft	2016KRAF01	m	NULL	NULL	Germany
6957189	3	24	2633	Mainzelcubing2025	f	333fm	Alexis Fedeler	2015FEDE01	m	NULL	NULL	Germany
6957198	1	21	2433	Mainzelcubing2025	f	333fm	Dunhui Xiao (肖敦慧)	2018XIAO03	m	NULL	NULL	Germany
6957202	13	24	-1	Mainzelcubing2025	f	333fm	Shawn Lee Zhi Xuan (李致轩)	2017XUAN03	m	NULL	NULL	Malaysia
6959928	1	23	2833	AltavistaMindblowing2025	f	333fm	Bruno Lezama	2014LEZA02	m	NR	NR	Uruguay
6960171	1	24	2667	PUCPFMCAttempt12025	f	333fm	Paolo Gallegos	2018DIAZ09	m	NR	NR	Peru
6960176	2	25	2733	PUCPFMCAttempt12025	f	333fm	Pedro Giuseppe Garcia Milla	2016MILL07	m	NULL	NULL	Peru
6969277	1	22	2300	BuckeyeBigBrainOhioState2025	1	333fm	Stanley Chapel	2016CHAP04	m	NULL	NULL	USA
6969278	2	22	2367	BuckeyeBigBrainOhioState2025	1	333fm	Chris Chi	2014CHIC01	m	NULL	NULL	USA
6969279	3	23	2467	BuckeyeBigBrainOhioState2025	1	333fm	Harsha Paladugu	2017PALA08	m	NULL	NULL	USA
6969284	8	24	3400	BuckeyeBigBrainOhioState2025	1	333fm	Rowe Hessler	2007HESS01	m	NULL	NULL	USA
6969286	10	24	-1	BuckeyeBigBrainOhioState2025	1	333fm	Jack Bohning	2017BOHN01	m	NULL	NULL	USA
6969291	1	18	2000	BuckeyeBigBrainOhioState2025	f	333fm	Chris Chi	2014CHIC01	m	NULL	NAR	USA
6969292	2	19	2500	BuckeyeBigBrainOhioState2025	f	333fm	Stanley Chapel	2016CHAP04	m	NULL	NULL	USA
6969293	3	21	2633	BuckeyeBigBrainOhioState2025	f	333fm	Rowe Hessler	2007HESS01	m	NULL	NULL	USA
6969294	4	25	2633	BuckeyeBigBrainOhioState2025	f	333fm	Harsha Paladugu	2017PALA08	m	NULL	NULL	USA
6969295	5	23	2967	BuckeyeBigBrainOhioState2025	f	333fm	Mason Langenderfer	2013LANG03	m	NULL	NULL	USA
6969296	6	25	3000	BuckeyeBigBrainOhioState2025	f	333fm	Braden Richards	2017RICH02	m	NULL	NULL	USA
6969297	7	25	3133	BuckeyeBigBrainOhioState2025	f	333fm	Carson Miller	2017MILL02	m	NULL	NULL	USA
6969885	1	20	2233	AnaunianSideEvents2025	f	333fm	Enrico Tenuti	2017TENU01	m	NULL	NULL	Italy
6969889	2	20	2433	AnaunianSideEvents2025	f	333fm	Lorenzo Mauro	2014MAUR06	m	NULL	NULL	Italy
6969894	3	23	2667	AnaunianSideEvents2025	f	333fm	Tommaso Raposio	2014RAPO01	m	NULL	NULL	Italy
6985733	1	22	2400	SoutheastFMCChampionship2025	f	333fm	Noah Swor	2017SWOR01	m	NULL	NULL	USA
6985734	2	24	2533	SoutheastFMCChampionship2025	f	333fm	Kerry Creech	2018CREE01	m	NULL	NULL	USA
6985735	3	24	2667	SoutheastFMCChampionship2025	f	333fm	Joon Cha (차준혁)	2012CHAJ01	m	NULL	NULL	Korea
6987749	1	20	2100	SouthernIndianaQualifier2025	f	333fm	Evan Brown	2013BROW04	m	NULL	NULL	USA
6987751	2	19	2267	SouthernIndianaQualifier2025	f	333fm	Carter Kucala	2015KUCA01	m	NULL	NULL	USA
6987756	10	21	-1	SouthernIndianaQualifier2025	f	333fm	Alexander Wheeler	2014WHEE01	m	NULL	NULL	USA
6987757	3	21	2267	SouthernIndianaQualifier2025	f	333fm	Brian Johnson	2013JOHN10	m	NULL	NULL	USA
6987764	11	23	-1	SouthernIndianaQualifier2025	f	333fm	Simon Kellum	2016KELL12	m	NULL	NULL	USA
6987768	4	22	2333	SouthernIndianaQualifier2025	f	333fm	Harsha Paladugu	2017PALA08	m	NULL	NULL	USA
6988210	1	22	2367	FMCFoolsSanse2025	f	333fm	Jordi Lleixà López	2023LOPE09	m	NULL	NULL	Spain
6988211	2	22	2400	FMCFoolsSanse2025	f	333fm	Mauro Moisés Ortega López	2016LOPE44	m	NULL	NULL	Spain
6998726	1	23	0	MallorcaOpen2025	f	333fm	Igor Tarasov	2016TARA04	1	NULL	NULL	Ukraine
6999146	1	24	2533	MentalBreakdownLandvetter2025	f	333fm	Theodor Nordstrand	2016NORD02	m	NULL	NULL	Sweden
7006790	2	20	2333	NewYorkMultimatePBQ2025	1	333fm	Daniel Karnaukh	2014KARN02	m	NULL	NULL	USA
7006792	7	25	3567	NewYorkMultimatePBQ2025	1	333fm	Saisabari Ramesh	2021RAME01	m	NULL	NULL	USA
7006793	12	23	-1	NewYorkMultimatePBQ2025	1	333fm	Erik Johnson	2007JOHN02	m	NULL	NULL	USA
7006794	1	21	2233	NewYorkMultimatePBQ2025	1	333fm	Joseph Guzman	2015GUZM03	m	NULL	NULL	USA
7006796	5	25	2600	NewYorkMultimatePBQ2025	1	333fm	Stanley Chapel	2016CHAP04	m	NULL	NULL	USA
7006800	12	23	-1	NewYorkMultimatePBQ2025	1	333fm	Rowe Hessler	2007HESS01	m	NULL	NULL	USA
7006801	3	21	2433	NewYorkMultimatePBQ2025	1	333fm	Chris Chi	2014CHIC01	m	NULL	NULL	USA
7006802	4	22	2433	NewYorkMultimatePBQ2025	1	333fm	Levi Gibson	2018GIBS04	m	NULL	NULL	USA
7006805	1	20	2067	NewYorkMultimatePBQ2025	f	333fm	Joseph Guzman	2015GUZM03	m	NULL	NULL	USA
7006808	2	22	2267	NewYorkMultimatePBQ2025	f	333fm	Levi Gibson	2018GIBS04	m	NULL	NULL	USA
7006809	5	23	2500	NewYorkMultimatePBQ2025	f	333fm	Stanley Chapel	2016CHAP04	m	NULL	NULL	USA
7006810	3	21	2300	NewYorkMultimatePBQ2025	f	333fm	Daniel Karnaukh	2014KARN02	m	NULL	NULL	USA
7006811	4	22	2433	NewYorkMultimatePBQ2025	f	333fm	Chris Chi	2014CHIC01	m	NULL	NULL	USA
7011536	2	20	2567	PBQStrikesBackIsrael2025	f	333fm	Roy Tamir	2014TAMI01	m	NR	NULL	Israel
7011538	1	24	2467	PBQStrikesBackIsrael2025	f	333fm	Ben Baron	2016BARO04	m	NULL	NULL	Israel
7012808	1	20	2067	FunwithFMinKrakow2025	1	333fm	Radomił Baran	2020BARA02	m	NULL	NULL	Poland
7012809	1	20	2067	FunwithFMinKrakow2025	1	333fm	Krzysztof Pietrusiak	2019PIET01	m	NULL	NULL	Poland
7012810	1	20	2067	FunwithFMinKrakow2025	1	333fm	Wojciech Rogoziński	2019ROGO04	m	NULL	NULL	Poland
7012812	5	20	2167	FunwithFMinKrakow2025	1	333fm	Jan Riedl	2019RIED01	m	NULL	NULL	Czech Republic
7012813	1	20	2067	FunwithFMinKrakow2025	1	333fm	Enrico Tenuti	2017TENU01	m	NULL	NR	Italy
7012814	11	23	-1	FunwithFMinKrakow2025	1	333fm	Grzegorz Łuczyna	2005LUCZ01	m	NULL	NULL	Poland
7012816	6	22	2633	FunwithFMinKrakow2025	1	333fm	Radosław Opoka	2013OPOK01	m	NULL	NULL	Poland
7012819	6	22	-1	FunwithFMinKrakow2025	f	333fm	Wojciech Rogoziński	2019ROGO04	m	NULL	NULL	Poland
7012822	4	22	2333	FunwithFMinKrakow2025	f	333fm	Jan Riedl	2019RIED01	m	NULL	NULL	Czech Republic
7012823	3	21	2300	FunwithFMinKrakow2025	f	333fm	Radomił Baran	2020BARA02	m	NULL	NULL	Poland
7012824	2	20	2300	FunwithFMinKrakow2025	f	333fm	Krzysztof Pietrusiak	2019PIET01	m	NULL	NULL	Poland
7012825	1	21	2267	FunwithFMinKrakow2025	f	333fm	Enrico Tenuti	2017TENU01	m	NULL	NULL	Italy
7012826	7	24	-1	FunwithFMinKrakow2025	f	333fm	Radosław Opoka	2013OPOK01	m	NULL	NULL	Poland
7012827	8	25	-1	FunwithFMinKrakow2025	f	333fm	Przemysław Rogalski	2013ROGA02	m	NULL	NULL	Poland
7014938	1	21	2567	SurviveFMCinHyderabad2025	1	333fm	Shahul H. Shakila	2023SHAK01	m	NULL	NULL	India
7014949	2	25	2700	SurviveFMCinHyderabad2025	1	333fm	Takumi Tamura (田村匠)	2019TAMU01	m	NULL	NULL	Japan
7014957	2	23	2433	SurviveFMCinHyderabad2025	2	333fm	Takumi Tamura (田村匠)	2019TAMU01	m	NULL	NULL	Japan
7014960	1	20	2200	SurviveFMCinHyderabad2025	2	333fm	Shahul H. Shakila	2023SHAK01	m	NR	NR	India
7014966	1	23	2633	SurviveFMCinHyderabad2025	f	333fm	Takumi Tamura (田村匠)	2019TAMU01	m	NULL	NULL	Japan
7014971	2	25	2700	SurviveFMCinHyderabad2025	f	333fm	Shahul H. Shakila	2023SHAK01	m	NULL	NULL	India
7015391	1	24	0	SolvinginSale2025	f	333fm	Firstian Fushada (符逢城)	2015FUSH01	1	NULL	NULL	Indonesia
7016391	1	19	2033	PleaseBeQuietShanghai2025	1	333fm	Baiqiang Dong (董百强)	2008DONG06	m	NULL	NR	China
7016392	2	19	2067	PleaseBeQuietShanghai2025	1	333fm	Lichi Fang (方力驰)	2018FANG03	m	NULL	NULL	China
7016393	3	21	2200	PleaseBeQuietShanghai2025	1	333fm	Wong Chong Wen (黄崇文)	2014WENW01	m	NULL	NULL	Singapore
7016394	4	20	2333	PleaseBeQuietShanghai2025	1	333fm	Xiwen Ruan (阮熙文)	2018RUAN04	m	NULL	NULL	China
7016395	5	21	2367	PleaseBeQuietShanghai2025	1	333fm	Yiwei Liu (刘伊玮)	2012LIUY03	m	NULL	NULL	China
7016396	6	23	2467	PleaseBeQuietShanghai2025	1	333fm	Weijie Jian (简维杰)	2011JIAN07	m	NULL	NULL	China
7016397	7	24	2467	PleaseBeQuietShanghai2025	1	333fm	Qijun Miao (缪其隽)	2014MIAO02	m	NULL	NULL	China
7016398	8	24	2667	PleaseBeQuietShanghai2025	1	333fm	Yuhang Sun (孙煜航)	2019SUNY09	m	NULL	NULL	China
7016399	9	25	2667	PleaseBeQuietShanghai2025	1	333fm	Yunqi Ouyang (欧阳韵奇)	2007YUNQ01	m	NULL	NULL	China
7016401	11	22	2700	PleaseBeQuietShanghai2025	1	333fm	Jibo Zhao (赵吉波)	2010ZHAO11	m	NULL	NULL	China
7016402	12	24	2700	PleaseBeQuietShanghai2025	1	333fm	Liren Sun (孙立仁)	2017SUNL03	m	NULL	NULL	China
7016404	14	24	2900	PleaseBeQuietShanghai2025	1	333fm	Maosheng Chen (陈茂盛)	2012CHEN44	m	NULL	NULL	China
7016425	35	23	-1	PleaseBeQuietShanghai2025	1	333fm	Yifan Wang (王逸帆)	2017WANY29	m	NULL	NULL	China
7016439	1	19	2100	PleaseBeQuietShanghai2025	f	333fm	Wong Chong Wen (黄崇文)	2014WENW01	m	NULL	NULL	Singapore
7016440	2	21	2133	PleaseBeQuietShanghai2025	f	333fm	Lichi Fang (方力驰)	2018FANG03	m	NULL	NULL	China
7016441	3	22	2333	PleaseBeQuietShanghai2025	f	333fm	Jibo Zhao (赵吉波)	2010ZHAO11	m	NULL	NULL	China
7016442	4	21	2367	PleaseBeQuietShanghai2025	f	333fm	Maosheng Chen (陈茂盛)	2012CHEN44	m	NULL	NULL	China
7016443	5	22	2367	PleaseBeQuietShanghai2025	f	333fm	Liren Sun (孙立仁)	2017SUNL03	m	NULL	NULL	China
7016444	6	23	2367	PleaseBeQuietShanghai2025	f	333fm	Nachuan Sun (孙纳川)	2017SUNN02	m	NULL	NULL	China
7016445	7	23	2400	PleaseBeQuietShanghai2025	f	333fm	Baiqiang Dong (董百强)	2008DONG06	m	NULL	NULL	China
7016446	7	23	2400	PleaseBeQuietShanghai2025	f	333fm	Qijun Miao (缪其隽)	2014MIAO02	m	NULL	NULL	China
7016447	9	24	2433	PleaseBeQuietShanghai2025	f	333fm	Yiwei Liu (刘伊玮)	2012LIUY03	m	NULL	NULL	China
7016448	10	23	2467	PleaseBeQuietShanghai2025	f	333fm	Weijie Jian (简维杰)	2011JIAN07	m	NULL	NULL	China
7016449	11	24	2567	PleaseBeQuietShanghai2025	f	333fm	Yuhang Sun (孙煜航)	2019SUNY09	m	NULL	NULL	China
7016450	12	25	2733	PleaseBeQuietShanghai2025	f	333fm	Zicong Liu (刘子聪)	2024LIUZ11	m	NULL	NULL	China
7016456	18	23	-1	PleaseBeQuietShanghai2025	f	333fm	Xiwen Ruan (阮熙文)	2018RUAN04	m	NULL	NULL	China
7016457	19	24	-1	PleaseBeQuietShanghai2025	f	333fm	Min Wu (吴民)	2009WUMI01	m	NULL	NULL	China
7016458	20	25	-1	PleaseBeQuietShanghai2025	f	333fm	Yunqi Ouyang (欧阳韵奇)	2007YUNQ01	m	NULL	NULL	China
7017852	12	22	-1	FunWithFMinWarsaw2025	1	333fm	Cyprian Kalbarczyk	2016KALB01	m	NULL	NULL	Poland
7017854	3	21	2333	FunWithFMinWarsaw2025	1	333fm	Radosław Opoka	2013OPOK01	m	NULL	NULL	Poland
7017859	1	20	2200	FunWithFMinWarsaw2025	1	333fm	Wojciech Rogoziński	2019ROGO04	m	NULL	NULL	Poland
7017863	2	21	2200	FunWithFMinWarsaw2025	1	333fm	Radomił Baran	2020BARA02	m	NULL	NULL	Poland
7017864	12	22	-1	FunWithFMinWarsaw2025	1	333fm	Grzegorz Łuczyna	2005LUCZ01	m	NULL	NULL	Poland
7017866	4	22	2467	FunWithFMinWarsaw2025	1	333fm	Krzysztof Pietrusiak	2019PIET01	m	NULL	NULL	Poland
7017867	5	24	2533	FunWithFMinWarsaw2025	1	333fm	Enrico Tenuti	2017TENU01	m	NULL	NULL	Italy
7017869	5	22	2433	FunWithFMinWarsaw2025	f	333fm	Radosław Opoka	2013OPOK01	m	NULL	NULL	Poland
7017870	1	21	2300	FunWithFMinWarsaw2025	f	333fm	Wojciech Rogoziński	2019ROGO04	m	NULL	NULL	Poland
7017871	2	22	2300	FunWithFMinWarsaw2025	f	333fm	Radomił Baran	2020BARA02	m	NULL	NULL	Poland
7017872	3	20	2367	FunWithFMinWarsaw2025	f	333fm	Enrico Tenuti	2017TENU01	m	NULL	NULL	Italy
7017873	4	23	2367	FunWithFMinWarsaw2025	f	333fm	Krzysztof Pietrusiak	2019PIET01	m	NULL	NULL	Poland
7017874	6	24	2533	FunWithFMinWarsaw2025	f	333fm	Marcin Chmielewski	2023CHMI01	m	NULL	NULL	Poland
7023078	1	24	2467	NebraskaChampionship2025	f	333fm	Alexander Wheeler	2014WHEE01	m	NULL	NULL	USA
7023774	1	24	3100	FewestMovesSantander2025	1	333fm	Brayan Alexander Sandoval Camacho	2022CAMA04	m	NULL	NULL	Colombia
7023780	1	24	2700	FewestMovesSantander2025	f	333fm	Brayan Alexander Sandoval Camacho	2022CAMA04	m	NULL	NR	Colombia
7025366	1	19	2133	SicilySpring2025	f	333fm	Tommaso Raposio	2014RAPO01	m	NULL	NULL	Italy
7025369	2	21	2833	SicilySpring2025	f	333fm	Chiara Marcucci	2021MARC03	m	NULL	NULL	Italy
7035027	1	20	2100	FuresoSideEvents2025	f	333fm	Adam Marcellus Kelly	2016KELL10	m	NULL	NR	Denmark
7035028	2	22	2433	FuresoSideEvents2025	f	333fm	Daniel Vædele Egdal	2013EGDA01	m	NULL	NULL	Denmark
7035029	3	22	2767	FuresoSideEvents2025	f	333fm	Victor Valentin Glyrskov	2014GLYR01	m	NULL	NULL	Denmark
7035864	3	24	2633	FMCandMoreMinnesota2025	f	333fm	Walker Welch	2011WELC01	m	NULL	NULL	USA
7035865	2	23	2433	FMCandMoreMinnesota2025	f	333fm	Brian Johnson	2013JOHN10	m	NULL	NULL	USA
7035869	1	23	2333	FMCandMoreMinnesota2025	f	333fm	Carter Kucala	2015KUCA01	m	NULL	NULL	USA
7039229	1	23	0	ManchesterSpring2025	f	333fm	Charlie Harrison	2017HARR08	1	NULL	NULL	United Kingdom
7039786	10	24	-1	RheinNeckarPBS2025	1	333fm	Jeremy Mrzyglocki	2019MRZY01	m	NULL	NULL	Germany
7039790	4	25	2700	RheinNeckarPBS2025	1	333fm	Alexander Botz	2013BOTZ01	m	NULL	NULL	Germany
7039791	2	22	2400	RheinNeckarPBS2025	1	333fm	Jan Bentlage	2010BENT01	m	NULL	NULL	Germany
7039796	3	24	2433	RheinNeckarPBS2025	1	333fm	Moritz Lotz	2017LOTZ01	m	NULL	NULL	Germany
7039797	1	22	2367	RheinNeckarPBS2025	1	333fm	Noah Kraft	2016KRAF01	m	NULL	NULL	Germany
7039800	1	24	2467	RheinNeckarPBS2025	f	333fm	Jan Bentlage	2010BENT01	m	NULL	NULL	Germany
7039801	3	24	2700	RheinNeckarPBS2025	f	333fm	Shawn Lee Zhi Xuan (李致轩)	2017XUAN03	m	NULL	NULL	Malaysia
7039807	2	21	2500	RheinNeckarPBS2025	f	333fm	Noah Kraft	2016KRAF01	m	NULL	NULL	Germany
7040749	5	24	-1	WashtenawFMC22025	f	333fm	Harsha Paladugu	2017PALA08	m	NULL	NULL	USA
7040751	1	20	2267	WashtenawFMC22025	f	333fm	Doug Li	2003LIDO01	m	NULL	NULL	USA
7040752	4	19	-1	WashtenawFMC22025	f	333fm	Owen Widdis	2015WIDD01	m	NULL	NULL	USA
7040754	2	24	2700	WashtenawFMC22025	f	333fm	Shawn Boucke	2016BOUC01	m	NULL	NULL	USA
7043527	11	25	-1	FranconiaXX2025	f	333fm	Elias Lampert	2021LAMP01	m	NULL	NULL	Austria
7043532	1	23	2467	FranconiaXX2025	f	333fm	Noah Kraft	2016KRAF01	m	NULL	NULL	Germany
7049280	2	22	2333	EfficientInElmsfordSpring2025	f	333fm	Chris Chi	2014CHIC01	m	NULL	NULL	USA
7049281	11	22	-1	EfficientInElmsfordSpring2025	f	333fm	Joseph Guzman	2015GUZM03	m	NULL	NULL	USA
7049284	3	22	2367	EfficientInElmsfordSpring2025	f	333fm	Saisabari Ramesh	2021RAME01	m	NULL	NULL	USA
7049286	1	22	2267	EfficientInElmsfordSpring2025	f	333fm	Levi Gibson	2018GIBS04	m	NULL	NULL	USA
7049288	4	23	2367	EfficientInElmsfordSpring2025	f	333fm	Daniel Karnaukh	2014KARN02	m	NULL	NULL	USA
7049290	6	25	2933	EfficientInElmsfordSpring2025	f	333fm	Rowe Hessler	2007HESS01	m	NULL	NULL	USA
7049291	5	24	2400	EfficientInElmsfordSpring2025	f	333fm	Stanley Chapel	2016CHAP04	m	NULL	NULL	USA
7053023	2	21	2233	FewestMovesSingapore2025	1	333fm	Luis Tan Hong Yi (陈宏溢)	2023YILU01	m	NULL	NULL	Singapore
7053025	3	22	2333	FewestMovesSingapore2025	1	333fm	Vincent Hartanto Utomo	2010UTOM01	m	NULL	NULL	Indonesia
7053027	6	22	2600	FewestMovesSingapore2025	1	333fm	Takumi Tamura (田村匠)	2019TAMU01	m	NULL	NULL	Japan
7053029	5	23	2400	FewestMovesSingapore2025	1	333fm	Lim Chun Yik (林峻毅)	2018YIKL01	m	NULL	NULL	Malaysia
7053031	7	23	2667	FewestMovesSingapore2025	1	333fm	Ng Jia Quan (黄佳铨)	2015QUAN03	m	NULL	NULL	Malaysia
7053032	1	20	2133	FewestMovesSingapore2025	1	333fm	Wong Chong Wen (黄崇文)	2014WENW01	m	NULL	NULL	Singapore
7053033	4	22	2400	FewestMovesSingapore2025	1	333fm	Chang Hong Liang (张泓量)	2016LIAN02	m	NULL	NULL	Singapore
7053034	3	21	2233	FewestMovesSingapore2025	f	333fm	Takumi Tamura (田村匠)	2019TAMU01	m	NULL	NULL	Japan
7053035	6	21	2367	FewestMovesSingapore2025	f	333fm	Ng Jia Quan (黄佳铨)	2015QUAN03	m	NULL	NULL	Malaysia
7053036	5	22	2333	FewestMovesSingapore2025	f	333fm	Luis Tan Hong Yi (陈宏溢)	2023YILU01	m	NULL	NULL	Singapore
7053037	1	18	2100	FewestMovesSingapore2025	f	333fm	Wong Chong Wen (黄崇文)	2014WENW01	m	NR	NULL	Singapore
7053038	7	22	2400	FewestMovesSingapore2025	f	333fm	Chang Hong Liang (张泓量)	2016LIAN02	m	NULL	NULL	Singapore
7053039	4	21	2300	FewestMovesSingapore2025	f	333fm	Lim Chun Yik (林峻毅)	2018YIKL01	m	NULL	NR	Malaysia
7053040	2	21	2167	FewestMovesSingapore2025	f	333fm	Vincent Hartanto Utomo	2010UTOM01	m	NULL	NULL	Indonesia
7054470	33	25	-1	FMCCanada2025	f	333fm	Deven Huard-Bernuy	2019HUAR04	m	NULL	NULL	Canada
7054475	1	23	2433	FMCCanada2025	f	333fm	Ibrahim Quraishi	2018QURA01	m	NULL	NULL	Canada
7054476	33	25	-1	FMCCanada2025	f	333fm	Benjamin Kyle	2016KYLE01	m	NULL	NULL	Canada
7054482	2	25	2700	FMCCanada2025	f	333fm	Max Xiong (熊锐明)	2015XION03	m	NULL	NULL	Canada
7054483	5	24	3100	FMCCanada2025	f	333fm	Elijah De Groote	2014GROO01	m	NULL	NULL	Canada
7054491	32	20	-1	FMCCanada2025	f	333fm	Jackson Warley	2008WARL01	m	NULL	NULL	USA
7055109	5	25	-1	Only3x3sinBangalore2025	f	333fm	Muhammad Hanif	2022HANI01	m	NULL	NULL	India
7059111	1	25	0	DontGoSlowinWicklow2025	f	333fm	Mark Gregan	2019GREG04	1	NULL	NULL	Ireland
7065510	9	25	-1	MiniMentalMilanoIII2025	f	333fm	Alexandros Fokianos	2017FOKI01	m	NULL	NULL	Italy
7065511	2	23	2400	MiniMentalMilanoIII2025	f	333fm	Lorenzo Mauro	2014MAUR06	m	NULL	NULL	Italy
7065516	1	23	2300	MiniMentalMilanoIII2025	f	333fm	Enrico Tenuti	2017TENU01	m	NULL	NULL	Italy
7065520	3	23	2533	MiniMentalMilanoIII2025	f	333fm	Tommaso Raposio	2014RAPO01	m	NULL	NULL	Italy
7066272	1	22	2233	MadisonManorMondayFMC2025	f	333fm	Carter Kucala	2015KUCA01	m	NULL	NULL	USA
7066276	3	23	2600	MadisonManorMondayFMC2025	f	333fm	Zeke Mackay	2015MACK06	m	NULL	NULL	USA
7066277	2	21	2267	MadisonManorMondayFMC2025	f	333fm	Brian Johnson	2013JOHN10	m	NULL	NULL	USA
7075491	1	21	2233	FMCQuezonCity2025	1	333fm	Wong Chong Wen (黄崇文)	2014WENW01	m	NULL	NULL	Singapore
7075499	2	23	2500	FMCQuezonCity2025	1	333fm	Takumi Tamura (田村匠)	2019TAMU01	m	NULL	NULL	Japan
7075502	1	22	2333	FMCQuezonCity2025	f	333fm	Wong Chong Wen (黄崇文)	2014WENW01	m	NULL	NULL	Singapore
7075506	2	25	2567	FMCQuezonCity2025	f	333fm	Takumi Tamura (田村匠)	2019TAMU01	m	NULL	NULL	Japan
7078267	1	20	2200	FMCCheltenhamSpring2025	1	333fm	Fabio Schwandt	2014SCHW02	m	NULL	NULL	United Kingdom
7078272	2	21	2200	FMCCheltenhamSpring2025	1	333fm	Dorian Chan	2023DORI01	m	NULL	NR	Hong Kong
7078276	4	21	2700	FMCCheltenhamSpring2025	1	333fm	Jacob Sherwen Brown	2022BROW01	m	NULL	NULL	United Kingdom
7078279	3	21	2333	FMCCheltenhamSpring2025	1	333fm	Kai Cui	2019CUIK03	m	NULL	NULL	United Kingdom
7078283	2	20	2167	FMCCheltenhamSpring2025	f	333fm	Fabio Schwandt	2014SCHW02	m	NULL	NULL	United Kingdom
7078284	3	20	2267	FMCCheltenhamSpring2025	f	333fm	Dorian Chan	2023DORI01	m	NR	NULL	Hong Kong
7078286	9	25	-1	FMCCheltenhamSpring2025	f	333fm	Jacob Sherwen Brown	2022BROW01	m	NULL	NULL	United Kingdom
7078290	4	21	2700	FMCCheltenhamSpring2025	f	333fm	Jason Harley	2016HARL01	m	NULL	NULL	United Kingdom
7078291	1	20	2133	FMCCheltenhamSpring2025	f	333fm	Kai Cui	2019CUIK03	m	NULL	NULL	United Kingdom
7087129	1	21	0	ValldeNuria2025	f	333fm	Jordi Lleixà López	2023LOPE09	1	NULL	NULL	Spain
7091377	2	25	3000	WCCWesternFMCChampionship2025	f	333fm	Dewei Tan (譚得唯)	2024TAND01	m	NULL	NULL	Hong Kong
7091382	36	23	-1	WCCWesternFMCChampionship2025	f	333fm	Michael Young	2008YOUN02	m	NULL	NULL	USA
7091390	1	25	2500	WCCWesternFMCChampionship2025	f	333fm	Yunhao Lou (娄云皓)	2017LOUY01	m	NULL	NULL	China
7091391	37	24	-1	WCCWesternFMCChampionship2025	f	333fm	Jackson Warley	2008WARL01	m	NULL	NULL	USA
7091398	37	24	-1	WCCWesternFMCChampionship2025	f	333fm	Calvin Nielson	2014NIEL03	m	NULL	NULL	USA
7095819	1	24	0	WestNegrosCubeFest2025	f	333fm	Takumi Tamura (田村匠)	2019TAMU01	1	NULL	NULL	Japan
7098560	2	25	2800	BangkokBrainnCube2025	f	333fm	Korakot Inkaew (กรกฎ อิ่นแก้ว)	2017INKA01	m	NULL	NULL	Thailand
7098563	9	25	-1	BangkokBrainnCube2025	f	333fm	Natthaphat Mahtani (ณัฐภัทร จี มาทานี)	2011MAHT02	m	NULL	NULL	Thailand
7098568	1	23	2467	BangkokBrainnCube2025	f	333fm	Phuwish Sripattrapan (ภูวิศ ศรีภัทราพันธุ์)	2023SRIP04	m	NR	NR	Thailand
7111590	1	19	2300	SwisscubingCupMBI2025	f	333fm	Noah Kraft	2016KRAF01	m	NR	NULL	Germany
7111604	15	25	-1	SwisscubingCupMBI2025	f	333fm	Mattia Pasquini	2019PASQ01	m	NULL	NULL	Switzerland
7112539	1	24	2400	FMCandMoreMaine2025	f	333fm	Aedan Bryant	2017BRYA06	m	NULL	NULL	USA
7113332	1	22	2267	StLouishh2025	f	333fm	Evan Brown	2013BROW04	m	NULL	NULL	USA
7113356	2	21	2433	TokyoFMCSpring2025	1	333fm	Yuto Morishita (森下優斗)	2023SHIK03	m	NULL	NULL	Japan
7113359	5	24	2467	TokyoFMCSpring2025	1	333fm	Shuto Ueno (上野柊斗)	2008UENO01	m	NULL	NULL	Japan
7113362	8	24	2700	TokyoFMCSpring2025	1	333fm	Yuki Sako	2023SAKO02	m	NULL	NULL	Japan
7113363	8	24	2700	TokyoFMCSpring2025	1	333fm	Takumi Tamura (田村匠)	2019TAMU01	m	NULL	NULL	Japan
7113367	4	23	2467	TokyoFMCSpring2025	1	333fm	Shota Wakabayashi (若林翔太)	2023KADO01	m	NULL	NULL	Japan
7113370	19	23	-1	TokyoFMCSpring2025	1	333fm	Jack Lee	2012LEEJ05	m	NULL	NULL	Canada
7113372	7	25	2633	TokyoFMCSpring2025	1	333fm	Kai Yamamoto (山本快)	2021YAMA01	m	NULL	NULL	Japan
7113373	1	22	2367	TokyoFMCSpring2025	1	333fm	Yiwei Liu (刘伊玮)	2012LIUY03	m	NULL	NULL	China
7113376	3	24	2433	TokyoFMCSpring2025	1	333fm	Tomohiro Kobayashi (小林知広)	2013KOBA01	m	NULL	NULL	Japan
7113377	6	24	2533	TokyoFMCSpring2025	1	333fm	Hajime Miyazaki (宮崎朔)	2022MIYA01	m	NULL	NULL	Japan
7113378	10	24	2433	TokyoFMCSpring2025	f	333fm	Yunqi Ouyang (欧阳韵奇)	2007YUNQ01	m	NULL	NULL	China
7113379	7	23	2300	TokyoFMCSpring2025	f	333fm	Yuto Morishita (森下優斗)	2023SHIK03	m	NULL	NULL	Japan
7113380	6	22	2300	TokyoFMCSpring2025	f	333fm	Hajime Miyazaki (宮崎朔)	2022MIYA01	m	NULL	NULL	Japan
7113381	4	20	2233	TokyoFMCSpring2025	f	333fm	Shota Wakabayashi (若林翔太)	2023KADO01	m	NULL	NULL	Japan
7113383	12	25	2667	TokyoFMCSpring2025	f	333fm	Kazuhiko Kusano (草野一彦)	2023KUSA03	m	NULL	NULL	Japan
7113387	11	23	2467	TokyoFMCSpring2025	f	333fm	Kai Yamamoto (山本快)	2021YAMA01	m	NULL	NULL	Japan
7113388	2	19	2167	TokyoFMCSpring2025	f	333fm	Takumi Tamura (田村匠)	2019TAMU01	m	NULL	NR	Japan
7113389	8	20	2333	TokyoFMCSpring2025	f	333fm	Rintaro Koide (小出琳太郎)	2023KOID01	m	NULL	NULL	Japan
7113391	1	19	2133	TokyoFMCSpring2025	f	333fm	Yiwei Liu (刘伊玮)	2012LIUY03	m	NULL	NULL	China
7113392	9	23	2333	TokyoFMCSpring2025	f	333fm	Tomohiro Kobayashi (小林知広)	2013KOBA01	m	NULL	NULL	Japan
7113393	5	21	2300	TokyoFMCSpring2025	f	333fm	Yuki Sako	2023SAKO02	m	NULL	NULL	Japan
7113394	3	20	2200	TokyoFMCSpring2025	f	333fm	Shuto Ueno (上野柊斗)	2008UENO01	m	NULL	NULL	Japan
7113629	2	24	2533	DanishFMChampionship2025	f	333fm	Daniel Vædele Egdal	2013EGDA01	m	NULL	NULL	Denmark
7113639	9	23	-1	DanishFMChampionship2025	f	333fm	Victor Valentin Glyrskov	2014GLYR01	m	NULL	NULL	Denmark
7113640	1	20	2333	DanishFMChampionship2025	f	333fm	Adam Marcellus Kelly	2016KELL10	m	NULL	NULL	Denmark
7114836	2	24	2567	DFWQuietQualifier2025	f	333fm	Ryan Pilat	2016PILA03	m	NULL	NULL	USA
7114847	1	21	2200	DFWQuietQualifier2025	f	333fm	Turner McCabe	2024MCCA02	m	NULL	NULL	USA
7115782	7	21	-1	PBQtah82025	f	333fm	Lewis Isom	2018ISOM02	m	NULL	NULL	USA
7115814	2	24	2833	SacQuietSpring2025	f	333fm	Calvin Nielson	2014NIEL03	m	NULL	NULL	USA
7115816	1	22	2333	SacQuietSpring2025	f	333fm	Dewei Tan (譚得唯)	2024TAND01	m	NULL	NULL	Hong Kong
7121059	1	23	0	QuicknSlickMeppel2025	f	333fm	Sebastiano Tronto	2011TRON02	1	NULL	NULL	Italy
7122461	1	23	2733	ItsaLongWaytoTipperary2025	f	333fm	Adam Bermingham	2020BERM02	m	NR	NR	Ireland
7123044	1	22	2633	MidAtlanticQuietChampionship2025	f	333fm	Saisabari Ramesh	2021RAME01	m	NULL	NULL	USA
7123054	15	25	-1	MidAtlanticQuietChampionship2025	f	333fm	Declan Wilhelm	2016WILH03	m	NULL	NULL	USA
7125376	1	22	2467	EvanstonQualifier2025	f	333fm	Brian Johnson	2013JOHN10	m	NULL	NULL	USA
7125379	7	22	-1	EvanstonQualifier2025	f	333fm	Carter Kucala	2015KUCA01	m	NULL	NULL	USA
7126000	4	25	-1	MoreCubesKarori2025	f	333fm	Tom Nelson	2013NELS01	m	NULL	NULL	New Zealand
7127839	1	19	2033	QLDQuietStateChamps2025	f	333fm	Jayden McNeill	2012MCNE01	m	NULL	OcR	Australia
7127846	10	20	-1	QLDQuietStateChamps2025	f	333fm	Elijah La Porte	2022PORT01	m	NULL	NULL	Australia
7130621	1	22	0	BudapestSpring2025	f	333fm	Szabolcs Szántai	2016SZAN01	2	NULL	NULL	Hungary
7130622	1	22	0	BudapestSpring2025	f	333fm	Bence Barát	2008BARA01	2	NULL	NULL	Hungary
7130628	1	22	0	BudapestSpring2025	f	333fm	Jan Bentlage	2010BENT01	2	NULL	NULL	Germany
7131149	1	23	2367	ScottishChampionshipBlindOff2025	f	333fm	Kai Cui	2019CUIK03	m	NULL	NULL	United Kingdom
7131567	2	22	0	ErlangenOpen2025	f	333fm	Jeremy Mrzyglocki	2019MRZY01	1	NULL	NULL	Germany
7131570	1	21	0	ErlangenOpen2025	f	333fm	Noah Kraft	2016KRAF01	1	NULL	NULL	Germany
7135523	1	25	0	MumbaiCubingHeatWave2025	f	333fm	Pranav Dandgaval	2017DAND01	1	NULL	NULL	India
7138596	1	23	2367	KolnerKubing2025	f	333fm	Jan Bentlage	2010BENT01	m	NULL	NULL	Germany
7138597	2	24	2700	KolnerKubing2025	f	333fm	Mattheo de Wit	2015WITM01	m	NULL	NULL	Netherlands
7143252	1	22	2267	MaytheCubeBeSolvedCO2025	f	333fm	Lewis Isom	2018ISOM02	m	NULL	NULL	USA
7143253	2	22	2300	MaytheCubeBeSolvedCO2025	f	333fm	Jackson Warley	2008WARL01	m	NULL	NULL	USA
7161349	1	21	2167	FunWithFMinWarsawII2025	1	333fm	Radomił Baran	2020BARA02	m	NULL	NULL	Poland
7161350	2	22	2267	FunWithFMinWarsawII2025	1	333fm	Krzysztof Pietrusiak	2019PIET01	m	NULL	NULL	Poland
7161351	3	22	2333	FunWithFMinWarsawII2025	1	333fm	Wojciech Rogoziński	2019ROGO04	m	NULL	NULL	Poland
7161352	4	22	2533	FunWithFMinWarsawII2025	1	333fm	Radosław Opoka	2013OPOK01	m	NULL	NULL	Poland
7161353	5	24	2633	FunWithFMinWarsawII2025	1	333fm	Michał Nikiel	2011NIKI01	m	NULL	NULL	Poland
7161359	1	20	2200	FunWithFMinWarsawII2025	f	333fm	Radomił Baran	2020BARA02	m	NULL	NULL	Poland
7161360	2	20	2233	FunWithFMinWarsawII2025	f	333fm	Wojciech Rogoziński	2019ROGO04	m	NULL	NULL	Poland
7161361	3	23	2567	FunWithFMinWarsawII2025	f	333fm	Radosław Opoka	2013OPOK01	m	NULL	NULL	Poland
7161363	5	21	-1	FunWithFMinWarsawII2025	f	333fm	Krzysztof Pietrusiak	2019PIET01	m	NULL	NULL	Poland
7178317	2	24	0	LuzonMultiMegaMadness2025	f	333fm	Yuji Yoshida	2015YOSH01	1	NULL	NULL	Philippines
7178318	1	23	0	LuzonMultiMegaMadness2025	f	333fm	Yuki Yamamoto (山本祐輝)	2010YAMA04	1	NULL	NULL	Japan
7179659	1	23	2433	FMCLosAndes2025	f	333fm	Guido Dipietro	2013DIPI01	m	NULL	NULL	Argentina
7179677	19	24	-1	FMCLosAndes2025	f	333fm	Brayan Alexander Sandoval Camacho	2022CAMA04	m	NULL	NULL	Colombia
7180678	2	21	2467	RheinlandPfalzOpen2025	f	333fm	Noah Kraft	2016KRAF01	m	NULL	NULL	Germany
7180683	3	20	2500	RheinlandPfalzOpen2025	f	333fm	Shawn Lee Zhi Xuan (李致轩)	2017XUAN03	m	NULL	NULL	Malaysia
7180685	1	20	2333	RheinlandPfalzOpen2025	f	333fm	Dunhui Xiao (肖敦慧)	2018XIAO03	m	NULL	NULL	Germany
7181906	1	25	2700	PpiFauriAstutitiSicily2025	f	333fm	Chiara Marcucci	2021MARC03	m	NULL	NULL	Italy
7193667	10	23	-1	PBQWestVirginia2025	f	333fm	Evan Brown	2013BROW04	m	NULL	NULL	USA
7195283	1	23	2500	SwedishChampionship2025	f	333fm	Szabolcs Szántai	2016SZAN01	m	NULL	NULL	Hungary
7195284	4	23	2867	SwedishChampionship2025	f	333fm	Elvin Thorsen	2016THOR08	m	NULL	NULL	Sweden
7195289	3	24	2600	SwedishChampionship2025	f	333fm	Theodor Nordstrand	2016NORD02	m	NULL	NULL	Sweden
7195294	2	24	2533	SwedishChampionship2025	f	333fm	Adam Marcellus Kelly	2016KELL10	m	NULL	NULL	Denmark
7197017	1	22	2533	KansasChampionship2025	f	333fm	Ryan Pilat	2016PILA03	m	NULL	NULL	USA
7200254	1	21	0	NapuleEMilleCulure2025	f	333fm	Vincenzo Maria Gammino	2016GAMM01	1	NULL	NULL	Italy
7208822	1	23	2567	SouthernFMCChampionship2025	1	333fm	Ryan Pilat	2016PILA03	m	NULL	NULL	USA
7208830	1	24	2633	SouthernFMCChampionship2025	f	333fm	Ryan Pilat	2016PILA03	m	NULL	NULL	USA
7208831	5	25	-1	SouthernFMCChampionship2025	f	333fm	Fletcher Berry	2018BERR01	m	NULL	NULL	USA
7209122	1	21	2267	EfficientMinnesotaSummer2025	1	333fm	Brian Johnson	2013JOHN10	m	NULL	NULL	USA
7209124	1	21	2267	EfficientMinnesotaSummer2025	1	333fm	Carter Kucala	2015KUCA01	m	NULL	NULL	USA
7209127	3	21	2300	EfficientMinnesotaSummer2025	1	333fm	Simon Kellum	2016KELL12	m	NULL	NULL	USA
7209129	4	24	2600	EfficientMinnesotaSummer2025	1	333fm	Walker Welch	2011WELC01	m	NULL	NULL	USA
7209130	2	23	2333	EfficientMinnesotaSummer2025	f	333fm	Walker Welch	2011WELC01	m	NULL	NULL	USA
7209132	2	23	2333	EfficientMinnesotaSummer2025	f	333fm	Brian Johnson	2013JOHN10	m	NULL	NULL	USA
7209133	1	22	2233	EfficientMinnesotaSummer2025	f	333fm	Carter Kucala	2015KUCA01	m	NULL	NULL	USA
7209135	4	24	2467	EfficientMinnesotaSummer2025	f	333fm	Simon Kellum	2016KELL12	m	NULL	NULL	USA
7209305	4	24	2767	VICSideStateChampionship2025	f	333fm	Riley Dexter	2016DEXT01	m	NULL	NULL	Australia
7209307	2	21	2233	VICSideStateChampionship2025	f	333fm	Firstian Fushada (符逢城)	2015FUSH01	m	NULL	NULL	Indonesia
7209308	1	20	2233	VICSideStateChampionship2025	f	333fm	David Epstein	2016EPST02	m	NULL	NULL	Australia
7213869	1	21	0	MiniMentalMilanoIV2025	f	333fm	Tommaso Raposio	2014RAPO01	2	NULL	NULL	Italy
7213875	1	21	0	MiniMentalMilanoIV2025	f	333fm	Lorenzo Mauro	2014MAUR06	2	NULL	NULL	Italy
7215469	1	21	2267	SilentBrasilia2025	1	333fm	Anuar Miguel Abib Onofre	2015ONOF01	m	NULL	NULL	Brazil
7215471	2	24	2567	SilentBrasilia2025	1	333fm	Marlon de V. Marques	2014MARQ02	m	NULL	NULL	Brazil
7215477	2	25	2800	SilentBrasilia2025	f	333fm	Marlon de V. Marques	2014MARQ02	m	NULL	NULL	Brazil
7215479	1	25	2633	SilentBrasilia2025	f	333fm	Anuar Miguel Abib Onofre	2015ONOF01	m	NULL	NULL	Brazil
7216456	1	24	2700	FMCColombiaVI2025	f	333fm	Brayan Alexander Sandoval Camacho	2022CAMA04	m	NULL	NR	Colombia
7217146	1	25	2700	FMCArgentinaUruguaySpain2025	f	333fm	Matías Ponte	2018PONT03	m	NULL	NULL	Argentina
7217744	2	24	0	BerlinSummerOpen2025	f	333fm	Noah Kraft	2016KRAF01	1	NULL	NULL	Germany
7217748	1	22	0	BerlinSummerOpen2025	f	333fm	Shawn Lee Zhi Xuan (李致轩)	2017XUAN03	1	NULL	NULL	Malaysia
7224852	1	20	2300	NewYorkMultimatePBQII2025	1	333fm	Levi Gibson	2018GIBS04	m	NULL	NULL	USA
7224854	3	21	2400	NewYorkMultimatePBQII2025	1	333fm	Daniel Karnaukh	2014KARN02	m	NULL	NULL	USA
7224856	2	22	2367	NewYorkMultimatePBQII2025	1	333fm	Stanley Chapel	2016CHAP04	m	NULL	NULL	USA
7224857	4	22	2433	NewYorkMultimatePBQII2025	1	333fm	Chris Chi	2014CHIC01	m	NULL	NULL	USA
7224866	2	23	2433	NewYorkMultimatePBQII2025	f	333fm	Chris Chi	2014CHIC01	m	NULL	NULL	USA
7224869	1	22	2433	NewYorkMultimatePBQII2025	f	333fm	Levi Gibson	2018GIBS04	m	NULL	NULL	USA
7229940	1	20	2133	PBQSingaporeJune2025	f	333fm	Wong Chong Wen (黄崇文)	2014WENW01	m	NULL	NULL	Singapore
7229942	4	25	2800	PBQSingaporeJune2025	f	333fm	Lim Chun Yik (林峻毅)	2018YIKL01	m	NULL	NULL	Malaysia
7229943	3	24	2600	PBQSingaporeJune2025	f	333fm	Jovan Susanto	2022SUSA02	m	NULL	NULL	Singapore
7229944	2	24	2500	PBQSingaporeJune2025	f	333fm	Chang Hong Liang (张泓量)	2016LIAN02	m	NULL	NULL	Singapore
7234216	13	22	-1	FMCFuninVerona2025	1	333fm	Adrien Neveu	2018NEVE02	m	NULL	NULL	France
7234217	1	19	2167	FMCFuninVerona2025	1	333fm	Radomił Baran	2020BARA02	m	NULL	NULL	Poland
7234218	5	24	2500	FMCFuninVerona2025	1	333fm	Louis Sarthou	2012SART01	m	NULL	NULL	France
7234220	14	25	-1	FMCFuninVerona2025	1	333fm	Tommaso Raposio	2014RAPO01	m	NULL	NULL	Italy
7234221	3	23	2333	FMCFuninVerona2025	1	333fm	Enrico Tenuti	2017TENU01	m	NULL	NULL	Italy
7234222	6	22	2533	FMCFuninVerona2025	1	333fm	Radosław Opoka	2013OPOK01	m	NULL	NULL	Poland
7234223	8	25	2767	FMCFuninVerona2025	1	333fm	Vasco Vasconcelos	2008VASC01	m	NULL	NULL	Portugal
7234225	4	24	2467	FMCFuninVerona2025	1	333fm	Alexandros Fokianos	2017FOKI01	m	NULL	NULL	Italy
7234226	2	21	2233	FMCFuninVerona2025	1	333fm	Wojciech Rogoziński	2019ROGO04	m	NULL	NULL	Poland
7234231	7	21	2667	FMCFuninVerona2025	1	333fm	Nicolas Gertner Kilian	2013GERT01	m	NULL	NULL	France
7234234	2	20	2200	FMCFuninVerona2025	f	333fm	Radomił Baran	2020BARA02	m	NULL	NULL	Poland
7234235	4	23	2300	FMCFuninVerona2025	f	333fm	Nicolas Gertner Kilian	2013GERT01	m	NULL	NULL	France
7234236	7	20	-1	FMCFuninVerona2025	f	333fm	Adrien Neveu	2018NEVE02	m	NULL	NULL	France
7234237	10	25	-1	FMCFuninVerona2025	f	333fm	Alexandros Fokianos	2017FOKI01	m	NULL	NULL	Italy
7234239	1	20	2167	FMCFuninVerona2025	f	333fm	Wojciech Rogoziński	2019ROGO04	m	NULL	NULL	Poland
7234240	9	23	-1	FMCFuninVerona2025	f	333fm	Vasco Vasconcelos	2008VASC01	m	NULL	NULL	Portugal
7234241	6	19	-1	FMCFuninVerona2025	f	333fm	Radosław Opoka	2013OPOK01	m	NULL	NULL	Poland
7234242	7	20	-1	FMCFuninVerona2025	f	333fm	Louis Sarthou	2012SART01	m	NULL	NULL	France
7234243	3	20	2267	FMCFuninVerona2025	f	333fm	Enrico Tenuti	2017TENU01	m	NULL	NULL	Italy
7234245	11	24	2700	MiniMentalMilanoV2025	1	333fm	Vasco Vasconcelos	2008VASC01	m	NULL	NULL	Portugal
7234246	10	22	2667	MiniMentalMilanoV2025	1	333fm	Radosław Opoka	2013OPOK01	m	NULL	NULL	Poland
7234247	9	24	2600	MiniMentalMilanoV2025	1	333fm	Alexandros Fokianos	2017FOKI01	m	NULL	NULL	Italy
7234248	2	21	2167	MiniMentalMilanoV2025	1	333fm	Radomił Baran	2020BARA02	m	NULL	NULL	Poland
7234250	16	23	-1	MiniMentalMilanoV2025	1	333fm	Chiara Marcucci	2021MARC03	m	NULL	NULL	Italy
7234252	12	25	2967	MiniMentalMilanoV2025	1	333fm	Vincenzo Maria Gammino	2016GAMM01	m	NULL	NULL	Italy
7234253	5	22	2300	MiniMentalMilanoV2025	1	333fm	Enrico Tenuti	2017TENU01	m	NULL	NULL	Italy
7234255	7	22	2333	MiniMentalMilanoV2025	1	333fm	Tommaso Raposio	2014RAPO01	m	NULL	NULL	Italy
7234256	1	20	2133	MiniMentalMilanoV2025	1	333fm	Nicolas Gertner Kilian	2013GERT01	m	NULL	NULL	France
7234257	4	20	2233	MiniMentalMilanoV2025	1	333fm	Lorenzo Mauro	2014MAUR06	m	NULL	NULL	Italy
7234259	3	20	2200	MiniMentalMilanoV2025	1	333fm	Louis Sarthou	2012SART01	m	NULL	NULL	France
7234260	7	22	2333	MiniMentalMilanoV2025	1	333fm	Wojciech Rogoziński	2019ROGO04	m	NULL	NULL	Poland
7234262	5	22	2300	MiniMentalMilanoV2025	1	333fm	Adrien Neveu	2018NEVE02	m	NULL	NULL	France
7234263	13	23	3033	MiniMentalMilanoV2025	1	333fm	Pi Sevilla Hernández	2013HENA01	m	NULL	NULL	Spain
7234266	9	23	-1	MiniMentalMilanoV2025	f	333fm	Louis Sarthou	2012SART01	m	NULL	NULL	France
7234267	5	22	2333	MiniMentalMilanoV2025	f	333fm	Adrien Neveu	2018NEVE02	m	NULL	NULL	France
7234268	1	22	2233	MiniMentalMilanoV2025	f	333fm	Radomił Baran	2020BARA02	m	NULL	NULL	Poland
7234271	4	22	2300	MiniMentalMilanoV2025	f	333fm	Wojciech Rogoziński	2019ROGO04	m	NULL	NULL	Poland
7234272	6	22	2400	MiniMentalMilanoV2025	f	333fm	Vasco Vasconcelos	2008VASC01	m	NULL	NULL	Portugal
7234273	7	24	2633	MiniMentalMilanoV2025	f	333fm	Lorenzo Mauro	2014MAUR06	m	NULL	NULL	Italy
7234275	3	21	2267	MiniMentalMilanoV2025	f	333fm	Enrico Tenuti	2017TENU01	m	NULL	NULL	Italy
7234276	2	20	2267	MiniMentalMilanoV2025	f	333fm	Nicolas Gertner Kilian	2013GERT01	m	NULL	NULL	France
7248106	9	24	3633	PhilippineChampionship2025	f	333fm	Savion Romeo Matula	2019MATU03	m	NULL	NULL	Philippines
7248108	2	21	2433	PhilippineChampionship2025	f	333fm	Yuji Yoshida	2015YOSH01	m	NR	NR	Philippines
7248118	1	21	2400	PhilippineChampionship2025	f	333fm	Hsiang-Cheng Kan (闞祥誠)	2016KANH02	m	NR	NULL	Taiwan
7251074	15	24	-1	WorldsPrepinPalisades2025	f	333fm	Alex Maass	2011MAAS01	m	NULL	NULL	USA
7251075	2	21	2400	WorldsPrepinPalisades2025	f	333fm	Joseph Guzman	2015GUZM03	m	NULL	NULL	USA
7251079	1	23	2367	WorldsPrepinPalisades2025	f	333fm	Daniel Karnaukh	2014KARN02	m	NULL	NULL	USA
7251080	3	22	2500	WorldsPrepinPalisades2025	f	333fm	Krish Shah-Nathwani	2015SHAH09	m	NULL	NULL	USA
7251095	15	24	-1	WorldsPrepinPalisades2025	f	333fm	Levi Gibson	2018GIBS04	m	NULL	NULL	USA
7261963	1	19	2167	GemCityWarmUpOH2025	1	333fm	Evan Brown	2013BROW04	m	NULL	NULL	USA
7261964	17	21	-1	GemCityWarmUpOH2025	1	333fm	Simon Kellum	2016KELL12	m	NULL	NULL	USA
7261967	2	21	2200	GemCityWarmUpOH2025	1	333fm	Carter Kucala	2015KUCA01	m	NULL	NULL	USA
7261985	3	23	2433	GemCityWarmUpOH2025	1	333fm	Harsha Paladugu	2017PALA08	m	NULL	NULL	USA
7261987	2	23	2433	GemCityWarmUpOH2025	f	333fm	Simon Kellum	2016KELL12	m	NULL	NULL	USA
7261989	10	21	-1	GemCityWarmUpOH2025	f	333fm	Evan Brown	2013BROW04	m	NULL	NULL	USA
7261990	1	22	2367	GemCityWarmUpOH2025	f	333fm	Carter Kucala	2015KUCA01	m	NULL	NULL	USA
7262005	11	23	-1	GemCityWarmUpOH2025	f	333fm	Harsha Paladugu	2017PALA08	m	NULL	NULL	USA
7268125	8	20	-1	QuietNivelles2025	1	333fm	Kai Cui	2019CUIK03	m	NULL	NULL	United Kingdom
7268129	3	25	2900	QuietNivelles2025	1	333fm	Simone Bentlage	2014OHLE01	m	NULL	NULL	Germany
7268132	1	21	2300	QuietNivelles2025	1	333fm	Jan Bentlage	2010BENT01	m	NULL	NULL	Germany
7268136	2	24	2400	QuietNivelles2025	f	333fm	Kai Cui	2019CUIK03	m	NULL	NULL	United Kingdom
7268137	3	25	2833	QuietNivelles2025	f	333fm	Simone Bentlage	2014OHLE01	m	NULL	NULL	Germany
7268139	1	20	2267	QuietNivelles2025	f	333fm	Jan Bentlage	2010BENT01	m	NULL	NULL	Germany
7270787	1	20	2167	33TrentiniATrento2025	f	333fm	Enrico Tenuti	2017TENU01	m	NULL	NULL	Italy
7272922	1	21	2267	BigandBlindSamobor2025	f	333fm	Szabolcs Szántai	2016SZAN01	m	NULL	NULL	Hungary
7281392	38	23	-1	WC2025	f	333fm	Max Parris	2022PARR10	m	NULL	NULL	Australia
7281395	22	24	2467	WC2025	f	333fm	AJ Kamal	2016KAMA04	m	NULL	NULL	USA
7281397	10	22	2300	WC2025	f	333fm	Jayden McNeill	2012MCNE01	m	NULL	NULL	Australia
7281398	38	23	-1	WC2025	f	333fm	Ben Baron	2016BARO04	m	NULL	NULL	Israel
7281399	26	24	2567	WC2025	f	333fm	Jan Bentlage	2010BENT01	m	NULL	NULL	Germany
7281400	28	25	2600	WC2025	f	333fm	Owen Widdis	2015WIDD01	m	NULL	NULL	USA
7281401	1	20	2033	WC2025	f	333fm	Levi Gibson	2018GIBS04	m	NULL	NULL	USA
7281403	7	21	2267	WC2025	f	333fm	Chris Chi	2014CHIC01	m	NULL	NULL	USA
7281405	11	23	2300	WC2025	f	333fm	Krish Shah-Nathwani	2015SHAH09	m	NULL	NULL	USA
7281406	21	23	2467	WC2025	f	333fm	Takumi Tamura (田村匠)	2019TAMU01	m	NULL	NULL	Japan
7281407	45	24	-1	WC2025	f	333fm	Lewis Isom	2018ISOM02	m	NULL	NULL	USA
7281408	38	23	-1	WC2025	f	333fm	Firstian Fushada (符逢城)	2015FUSH01	m	NULL	NULL	Indonesia
7281410	46	25	-1	WC2025	f	333fm	Mark Boyanowski	2014BOYA01	m	NULL	NULL	USA
7281412	27	23	2600	WC2025	f	333fm	Cian-Jyun Yang (楊謙君)	2019YANG94	m	NULL	NULL	Taiwan
7281413	46	25	-1	WC2025	f	333fm	Zachary Ochs	2016OCHS01	m	NULL	NULL	USA
7281414	30	25	2867	WC2025	f	333fm	Reto Bubendorf	2012BUBE01	m	NULL	NULL	Switzerland
7281415	20	24	2433	WC2025	f	333fm	Walker Welch	2011WELC01	m	NULL	NULL	USA
7281416	33	21	-1	WC2025	f	333fm	Lichi Fang (方力驰)	2018FANG03	m	NULL	NULL	China
7281417	24	23	2567	WC2025	f	333fm	Daniel Vædele Egdal	2013EGDA01	m	NULL	NULL	Denmark
7281418	3	21	2167	WC2025	f	333fm	Wojciech Rogoziński	2019ROGO04	m	NULL	NULL	Poland
7281419	38	23	-1	WC2025	f	333fm	Jack Lee	2012LEEJ05	m	NULL	NULL	Canada
7281420	33	21	-1	WC2025	f	333fm	David Epstein	2016EPST02	m	NULL	NULL	Australia
7281421	31	25	2900	WC2025	f	333fm	Saisabari Ramesh	2021RAME01	m	NULL	NULL	USA
7281422	24	23	2567	WC2025	f	333fm	Noah Kraft	2016KRAF01	m	NULL	NULL	Germany
7281423	38	23	-1	WC2025	f	333fm	Nicolas Gertner Kilian	2013GERT01	m	NULL	NULL	France
7281424	17	23	2400	WC2025	f	333fm	Stanley Chapel	2016CHAP04	m	NULL	NULL	USA
7281425	16	21	2400	WC2025	f	333fm	Noah Swor	2017SWOR01	m	NULL	NULL	USA
7281426	14	23	2367	WC2025	f	333fm	Cale Schoon	2014SCHO02	m	NULL	NULL	USA
7281427	5	22	2233	WC2025	f	333fm	Wong Chong Wen (黄崇文)	2014WENW01	m	NULL	NULL	Singapore
7281428	23	24	2500	WC2025	f	333fm	Tommy Kiprillis	2014KIPR01	m	NULL	NULL	Australia
7281429	33	21	-1	WC2025	f	333fm	Jeremy Mrzyglocki	2019MRZY01	m	NULL	NULL	Germany
7281430	12	22	2333	WC2025	f	333fm	Hajime Miyazaki (宮崎朔)	2022MIYA01	m	NULL	NULL	Japan
7281431	33	21	-1	WC2025	f	333fm	Kyeongmin Choi (최경민)	2017CHOI07	m	NULL	NULL	Korea
7281432	37	22	-1	WC2025	f	333fm	Jackson Warley	2008WARL01	m	NULL	NULL	USA
7281433	14	23	2367	WC2025	f	333fm	Daniel Karnaukh	2014KARN02	m	NULL	NULL	USA
7281434	6	20	2267	WC2025	f	333fm	Brian Johnson	2013JOHN10	m	NULL	NULL	USA
7281435	4	21	2200	WC2025	f	333fm	Carter Kucala	2015KUCA01	m	NULL	NULL	USA
7281436	9	21	2300	WC2025	f	333fm	Alvin Cheng Hiu Yeung (鄭曉洋)	2019YEUN01	m	NULL	NULL	Hong Kong
7281437	13	22	2367	WC2025	f	333fm	Alexei Sinyavin	2016SINY01	m	NULL	NULL	USA
7281438	38	23	-1	WC2025	f	333fm	Simon Kellum	2016KELL12	m	NULL	NULL	USA
7281439	2	20	2100	WC2025	f	333fm	Adrien Neveu	2018NEVE02	m	NULL	NR	France
7281440	38	23	-1	WC2025	f	333fm	Jihun Yang (양지훈)	2021YANG27	m	NULL	NULL	Korea
7281441	8	22	2267	WC2025	f	333fm	Louis-Marie Ratto	2019RATT02	m	NULL	NULL	France
7281442	17	23	2400	WC2025	f	333fm	Aedan Bryant	2017BRYA06	m	NULL	NULL	USA
7281443	19	23	2433	WC2025	f	333fm	Guido Dipietro	2013DIPI01	m	NULL	NULL	Argentina
7293684	3	24	2533	HungarianAllRounder72025	f	333fm	Tino Joksch	2022JOKS01	m	NR	NR	Austria
7293687	1	22	2267	HungarianAllRounder72025	f	333fm	Bence Barát	2008BARA01	m	NULL	NULL	Hungary
7293688	2	22	2400	HungarianAllRounder72025	f	333fm	Szabolcs Szántai	2016SZAN01	m	NULL	NULL	Hungary
7294646	1	20	2200	CoolDownSzczecin2025	f	333fm	Radosław Opoka	2013OPOK01	m	NULL	NULL	Poland
7294648	5	21	2767	CoolDownSzczecin2025	f	333fm	Karol Zakrzewski	2014ZAKR01	m	NULL	NULL	Poland
7294656	4	22	2300	CoolDownSzczecin2025	f	333fm	Igor Tarasov	2016TARA04	m	NULL	NULL	Ukraine
7294659	3	21	2300	CoolDownSzczecin2025	f	333fm	Wojciech Rogoziński	2019ROGO04	m	NULL	NULL	Poland
7294660	1	20	2200	CoolDownSzczecin2025	f	333fm	Radomił Baran	2020BARA02	m	NULL	NULL	Poland
7296375	1	20	2600	RheinSiegOpen2025	f	333fm	Noah Kraft	2016KRAF01	m	NULL	NULL	Germany
7298751	1	17	2200	CampeonatoBrasileiroFMC2025	1	333fm	Anuar Miguel Abib Onofre	2015ONOF01	m	SAR	SAR	Brazil
7298752	2	22	2367	CampeonatoBrasileiroFMC2025	1	333fm	Gustavo Vaz Costa	2019COST14	m	NULL	NULL	Brazil
7298753	3	22	2800	CampeonatoBrasileiroFMC2025	1	333fm	Marlon de V. Marques	2014MARQ02	m	NULL	NULL	Brazil
7298754	4	25	2833	CampeonatoBrasileiroFMC2025	1	333fm	Beatriz Hernandes Bernardes	2022BERN01	m	NULL	NULL	Brazil
7298791	1	22	2333	CampeonatoBrasileiroFMC2025	f	333fm	Anuar Miguel Abib Onofre	2015ONOF01	m	NULL	NULL	Brazil
7298792	2	22	2533	CampeonatoBrasileiroFMC2025	f	333fm	Gustavo Vaz Costa	2019COST14	m	NULL	NULL	Brazil
7298795	5	25	3400	CampeonatoBrasileiroFMC2025	f	333fm	Lucas Cordeiro do Vale Menezes	2019MENE04	m	NULL	NULL	Brazil
7298811	21	25	-1	CampeonatoBrasileiroFMC2025	f	333fm	Beatriz Hernandes Bernardes	2022BERN01	m	NULL	NULL	Brazil
7302169	7	25	3400	FLIPOpen2025	f	333fm	Anton Piau	2008PIAU01	m	NULL	NULL	France
7302170	17	24	-1	FLIPOpen2025	f	333fm	Clara Lafourcade	2014LAFO02	m	NULL	NULL	France
7302171	18	25	-1	FLIPOpen2025	f	333fm	Charles Daloz-Baltenberger	2018DALO01	m	NULL	NULL	France
7302172	16	21	-1	FLIPOpen2025	f	333fm	Alexis Le Merrer	2019MERR02	m	NULL	NULL	France
7302180	3	21	2500	FLIPOpen2025	f	333fm	Étienne Aubry	2018AUBR01	m	NULL	NULL	France
7302189	2	22	2367	FLIPOpen2025	f	333fm	Quentin Rivault	2017RIVA09	m	NULL	NULL	France
7302191	1	22	2267	FLIPOpen2025	f	333fm	Adrien Neveu	2018NEVE02	m	NULL	NULL	France
7308753	13	22	-1	NewEnglandQuietChamps2025	f	333fm	Chris Chi	2014CHIC01	m	NULL	NULL	USA
7308758	16	25	-1	NewEnglandQuietChamps2025	f	333fm	Saisabari Ramesh	2021RAME01	m	NULL	NULL	USA
7308760	2	23	2433	NewEnglandQuietChamps2025	f	333fm	Krish Shah-Nathwani	2015SHAH09	m	NULL	NULL	USA
7308763	14	23	-1	NewEnglandQuietChamps2025	f	333fm	Aedan Bryant	2017BRYA06	m	NULL	NULL	USA
7308764	1	22	2333	NewEnglandQuietChamps2025	f	333fm	Levi Gibson	2018GIBS04	m	NULL	NULL	USA
7308765	14	23	-1	NewEnglandQuietChamps2025	f	333fm	Elliot Wiecek	2016WIEC02	m	NULL	NULL	USA
7308767	3	25	2667	NewEnglandQuietChamps2025	f	333fm	Alexei Sinyavin	2016SINY01	m	NULL	NULL	USA
7311881	3	23	3167	BinghamtonSummer2025	f	333fm	Erik Johnson	2007JOHN02	m	NULL	NULL	USA
7317837	1	19	2133	KyivBlindSideSummer2025	1	333fm	Yurii Riabov (Юрій Рябов)	2018RIAB01	m	NULL	NR	Ukraine
7317848	2	25	2867	KyivBlindSideSummer2025	f	333fm	Tymur Ostapets (Тимур Остапець)	2024OSTA02	m	NULL	NULL	Ukraine
7317849	1	21	2267	KyivBlindSideSummer2025	f	333fm	Yurii Riabov (Юрій Рябов)	2018RIAB01	m	NULL	NULL	Ukraine
7317850	4	25	2933	KyivBlindSideSummer2025	f	333fm	Modest Podzolkin	2017PODZ01	m	NULL	NULL	Ukraine
7320962	1	20	2300	MissouriChampionship2025	f	333fm	Alexander Wheeler	2014WHEE01	m	NULL	NULL	USA
7327697	2	22	2467	MiniMentalDelft2025	f	333fm	Jan Bentlage	2010BENT01	m	NULL	NULL	Germany
7327698	3	24	2733	MiniMentalDelft2025	f	333fm	Mattheo de Wit	2015WITM01	m	NULL	NULL	Netherlands
7327699	1	22	2333	MiniMentalDelft2025	f	333fm	Sebastiano Tronto	2011TRON02	m	NULL	NULL	Italy
7329199	1	24	2733	LatinaMinimalMoves2025	f	333fm	Chiara Marcucci	2021MARC03	m	NULL	NULL	Italy
7333359	1	20	2133	FMCatFostersPointe2025	f	333fm	Evan Brown	2013BROW04	m	NULL	NULL	USA
7339880	42	24	3167	FMCAsia2025	f	333fm	Takayuki Tanaka (田中隆喜)	2014TANA01	m	NULL	NULL	Japan
7339883	105	25	4067	FMCAsia2025	f	333fm	Zuhair Raiyan Khan	2021KHAN05	m	NULL	NULL	Bangladesh
7339903	25	25	2700	FMCAsia2025	f	333fm	Kun Zhu (朱坤)	2011ZHUK01	m	NULL	NULL	China
7339904	169	23	-1	FMCAsia2025	f	333fm	Xiwen Ruan (阮熙文)	2018RUAN04	m	NULL	NULL	China
7339905	31	24	2900	FMCAsia2025	f	333fm	Yifan Wang (王逸帆)	2017WANY29	m	NULL	NULL	China
7339907	38	23	2967	FMCAsia2025	f	333fm	Parist Pariyakanok (พริษฐ์ ปริยกนก)	2018PARI07	m	NULL	NULL	Thailand
7339908	21	23	2633	FMCAsia2025	f	333fm	DongSoo Park (박동수)	2017PARK05	m	NULL	NULL	Korea
7339910	169	23	-1	FMCAsia2025	f	333fm	Shota Wakabayashi (若林翔太)	2023KADO01	m	NULL	NULL	Japan
7339931	171	24	-1	FMCAsia2025	f	333fm	Jiayue Chen (陈家悦)	2023CHEJ12	m	NULL	NULL	China
7339933	2	22	2233	FMCAsia2025	f	333fm	Wong Chong Wen (黄崇文)	2014WENW01	m	NULL	NULL	Singapore
7339942	19	20	2567	FMCAsia2025	f	333fm	Phuwish Sripattrapan (ภูวิศ ศรีภัทราพันธุ์)	2023SRIP04	m	NR	NULL	Thailand
7339943	16	24	2533	FMCAsia2025	f	333fm	Tianze Xu (徐天泽)	2015XUTI01	m	NULL	NULL	China
7339945	13	24	2467	FMCAsia2025	f	333fm	Natthaphat Mahtani (ณัฐภัทร จี มาทานี)	2011MAHT02	m	NULL	NR	Thailand
7339951	24	24	2700	FMCAsia2025	f	333fm	Ben Baron	2016BARO04	m	NULL	NULL	Israel
7339956	11	23	2467	FMCAsia2025	f	333fm	Ng Jia Quan (黄佳铨)	2015QUAN03	m	NULL	NULL	Malaysia
7339962	16	24	2533	FMCAsia2025	f	333fm	Yuki Yamamoto (山本祐輝)	2010YAMA04	m	NULL	NULL	Japan
7340030	6	23	2400	FMCAsia2025	f	333fm	Muhammad Hanif	2022HANI01	m	NULL	NULL	India
7340031	5	23	2367	FMCAsia2025	f	333fm	Hajime Miyazaki (宮崎朔)	2022MIYA01	m	NULL	NULL	Japan
7340032	9	21	2433	FMCAsia2025	f	333fm	Weijie Jian (简维杰)	2011JIAN07	m	NULL	NULL	China
7340033	6	23	2400	FMCAsia2025	f	333fm	Shuto Ueno (上野柊斗)	2008UENO01	m	NULL	NULL	Japan
7340034	11	23	2467	FMCAsia2025	f	333fm	Kazuya Ishii (石井一也)	2019ISHI07	m	NULL	NULL	Japan
7340035	15	23	2500	FMCAsia2025	f	333fm	Yiwei Liu (刘伊玮)	2012LIUY03	m	NULL	NULL	China
7340038	16	24	2533	FMCAsia2025	f	333fm	Tomoyuki Hiraide (平出智之)	2012HIRA01	m	NULL	NULL	Japan
7340040	20	24	2600	FMCAsia2025	f	333fm	Yuki Sako	2023SAKO02	m	NULL	NULL	Japan
7340043	23	22	2700	FMCAsia2025	f	333fm	Yasunari Kumekawa (粂川泰成)	2022KUME01	m	NULL	NULL	Japan
7340061	171	24	-1	FMCAsia2025	f	333fm	Tomohiro Kobayashi (小林知広)	2013KOBA01	m	NULL	NULL	Japan
7340103	1	21	2200	FMCAsia2025	f	333fm	Baiqiang Dong (董百强)	2008DONG06	m	NULL	NULL	China
7340104	3	22	2333	FMCAsia2025	f	333fm	Jibo Zhao (赵吉波)	2010ZHAO11	m	NULL	NULL	China
7340109	4	23	2333	FMCAsia2025	f	333fm	Jaehyun Jeong (정재현)	2016JEON02	m	NULL	NULL	Korea
7340114	34	23	2933	FMCAsia2025	f	333fm	Akash Sreedharan (ஆகாஷ் ஸ்ரீதரன்)	2019SREE06	m	NULL	NULL	Singapore
7340122	8	24	2400	FMCAsia2025	f	333fm	Vincent Hartanto Utomo	2010UTOM01	m	NULL	NULL	Indonesia
7340123	13	24	2467	FMCAsia2025	f	333fm	Nachuan Sun (孙纳川)	2017SUNN02	m	NULL	NULL	China
7340147	22	22	2667	FMCAsia2025	f	333fm	Dohyun Kim (김도현)	2013KIMD01	m	NULL	NULL	Korea
7340150	10	22	2467	FMCAsia2025	f	333fm	Lichi Fang (方力驰)	2018FANG03	m	NULL	NULL	China
7340164	168	22	-1	FMCAsia2025	f	333fm	Gerard McGinley	2019MCGI01	m	NULL	NULL	Australia
7340191	39	24	2967	FMCAsia2025	f	333fm	Sulaiman Mohammed Kabeer	2015KABE02	m	NULL	NULL	India
7340192	173	25	-1	FMCAsia2025	f	333fm	Jihun Yang (양지훈)	2021YANG27	m	NULL	NULL	Korea
7343571	8	24	-1	PSQuebec2025	f	333fm	Benjamin Kyle	2016KYLE01	m	NULL	NULL	Canada
7343572	8	24	-1	PSQuebec2025	f	333fm	Elliott Kobelansky	2019KOBE03	m	NULL	NULL	Canada
7343573	7	21	-1	PSQuebec2025	f	333fm	Jack Lee	2012LEEJ05	m	NR	NULL	Canada
7347834	3	20	2300	RheinNeckarMental2025	f	333fm	Noah Kraft	2016KRAF01	m	NULL	NULL	Germany
7347838	11	25	-1	RheinNeckarMental2025	f	333fm	Willem Klose	2017KLOS01	m	NULL	NULL	Germany
7347839	2	21	2233	RheinNeckarMental2025	f	333fm	Dunhui Xiao (肖敦慧)	2018XIAO03	m	NULL	NULL	Germany
7347844	1	19	2200	RheinNeckarMental2025	f	333fm	Moritz Lotz	2017LOTZ01	m	NR	NULL	Germany
7356488	1	19	2100	GreatLakesChampionship2025	f	333fm	Carter Kucala	2015KUCA01	m	NULL	NULL	USA
7356514	5	24	2467	GreatLakesChampionship2025	f	333fm	Doug Li	2003LIDO01	m	NULL	NULL	USA
7356515	3	21	2333	GreatLakesChampionship2025	f	333fm	Zeke Mackay	2015MACK06	m	NULL	NULL	USA
7356518	2	21	2167	GreatLakesChampionship2025	f	333fm	Stanley Chapel	2016CHAP04	m	NULL	NULL	USA
7356532	4	24	2433	GreatLakesChampionship2025	f	333fm	Brian Johnson	2013JOHN10	m	NULL	NULL	USA
7356535	38	21	-1	GreatLakesChampionship2025	f	333fm	Alexander Wheeler	2014WHEE01	m	NULL	NULL	USA
7356542	6	23	2667	GreatLakesChampionship2025	f	333fm	Elliott Perkins	2018PERK01	m	NULL	NULL	USA
7356554	39	24	-1	GreatLakesChampionship2025	f	333fm	Jacob Turrubiartes	2018TURR01	m	NULL	NULL	USA
7356557	40	25	-1	GreatLakesChampionship2025	f	333fm	Simon Kellum	2016KELL12	m	NULL	NULL	USA
7358327	1	22	2200	Guangzhou3x3QuietDay2025	f	333fm	Lichi Fang (方力驰)	2018FANG03	m	NULL	NULL	China
7358328	2	22	2233	Guangzhou3x3QuietDay2025	f	333fm	Nachuan Sun (孙纳川)	2017SUNN02	m	NULL	NULL	China
7358329	3	21	2400	Guangzhou3x3QuietDay2025	f	333fm	Weijie Jian (简维杰)	2011JIAN07	m	NULL	NULL	China
7358330	4	22	2400	Guangzhou3x3QuietDay2025	f	333fm	Jibo Zhao (赵吉波)	2010ZHAO11	m	NULL	NULL	China
7358331	5	24	2467	Guangzhou3x3QuietDay2025	f	333fm	Zicong Liu (刘子聪)	2024LIUZ11	m	NULL	NULL	China
7358332	6	22	2633	Guangzhou3x3QuietDay2025	f	333fm	Yifan Wang (王逸帆)	2017WANY29	m	NULL	NULL	China
7358333	7	25	2700	Guangzhou3x3QuietDay2025	f	333fm	Yanghong Zhang (张扬红)	2024ZHAN75	m	NULL	NULL	China
7358334	8	22	2833	Guangzhou3x3QuietDay2025	f	333fm	Mok Man Kit (莫文傑)	2009KITM01	m	NULL	NULL	Hong Kong
7358335	9	25	3033	Guangzhou3x3QuietDay2025	f	333fm	Andy Mok Man Cheuk (莫文卓)	2016CHEU04	m	NULL	NULL	Hong Kong
7358356	30	22	-1	Guangzhou3x3QuietDay2025	f	333fm	Xiwen Ruan (阮熙文)	2018RUAN04	m	NULL	NULL	China
7358357	31	24	-1	Guangzhou3x3QuietDay2025	f	333fm	Ziheng Feng (冯梓恒)	2023FENG05	m	NULL	NULL	China
7360387	1	20	2267	SilesianMinxFest2025	f	333fm	Marcin Chmielewski	2023CHMI01	m	NULL	NULL	Poland
7372937	2	22	2533	PenangBeQuiet2025	f	333fm	Cian-Jyun Yang (楊謙君)	2019YANG94	m	NULL	NULL	Taiwan
7372938	3	23	2767	PenangBeQuiet2025	f	333fm	Ang Chin Zhen (洪靖程)	2016ZHEN09	m	NULL	NULL	Malaysia
7372940	1	24	2433	PenangBeQuiet2025	f	333fm	Wong Chong Wen (黄崇文)	2014WENW01	m	NULL	NULL	Singapore
7374186	1	19	2733	BigFriendsinFMCCbba2025	f	333fm	Alberto Arturo Ayllón Bustos	2016BUST04	m	NR	NR	Bolivia
7377310	2	20	2233	FMCaMontreal2025	1	333fm	Jack Lee	2012LEEJ05	m	NULL	NR	Canada
7377314	5	20	-1	FMCaMontreal2025	1	333fm	Elliott Kobelansky	2019KOBE03	m	NULL	NULL	Canada
7377316	6	22	-1	FMCaMontreal2025	1	333fm	Benjamin Kyle	2016KYLE01	m	NULL	NULL	Canada
7377317	3	20	2333	FMCaMontreal2025	1	333fm	Chris Chi	2014CHIC01	m	NULL	NULL	USA
7377321	7	24	-1	FMCaMontreal2025	1	333fm	Ibrahim Quraishi	2018QURA01	m	NULL	NULL	Canada
7377324	1	18	2100	FMCaMontreal2025	1	333fm	Louis-Marie Ratto	2019RATT02	m	NR	NR	France
7377327	5	23	2767	FMCaMontreal2025	f	333fm	Elijah De Groote	2014GROO01	m	NULL	NULL	Canada
7377328	1	19	2100	FMCaMontreal2025	f	333fm	Louis-Marie Ratto	2019RATT02	m	NULL	NR	France
7377330	2	21	2200	FMCaMontreal2025	f	333fm	Chris Chi	2014CHIC01	m	NULL	NULL	USA
7377333	4	21	2400	FMCaMontreal2025	f	333fm	Jack Lee	2012LEEJ05	m	NULL	NULL	Canada
7377335	10	23	-1	FMCaMontreal2025	f	333fm	Ibrahim Quraishi	2018QURA01	m	NULL	NULL	Canada
7377337	3	19	2267	FMCaMontreal2025	f	333fm	Benjamin Kyle	2016KYLE01	m	NR	NULL	Canada
7380630	11	20	2833	RubiksUKChampionshipFMC2025	f	333fm	Eli Jay	2014JAYE01	m	NULL	NULL	United Kingdom
7380634	4	22	2367	RubiksUKChampionshipFMC2025	f	333fm	Harry Savage	2013SAVA01	m	NULL	NULL	United Kingdom
7380641	10	23	2800	RubiksUKChampionshipFMC2025	f	333fm	Bella Campbell	2018CAMP17	m	NULL	NULL	United Kingdom
7380643	12	23	2867	RubiksUKChampionshipFMC2025	f	333fm	Joshua Da Costa	2022COST18	m	NULL	NULL	United Kingdom
7380644	7	25	2567	RubiksUKChampionshipFMC2025	f	333fm	Robert Yau	2009YAUR01	m	NULL	NULL	United Kingdom
7380648	3	20	2233	RubiksUKChampionshipFMC2025	f	333fm	Kai Cui	2019CUIK03	m	NULL	NULL	United Kingdom
7380649	1	20	2100	RubiksUKChampionshipFMC2025	f	333fm	Fabio Schwandt	2014SCHW02	m	NULL	NR	United Kingdom
7380654	2	20	2200	RubiksUKChampionshipFMC2025	f	333fm	Dorian Chan	2023DORI01	m	NR	NR	Hong Kong
7380655	9	24	2733	RubiksUKChampionshipFMC2025	f	333fm	Oliver Wheat	2016WHEA01	m	NULL	NULL	United Kingdom
7380658	5	21	2467	RubiksUKChampionshipFMC2025	f	333fm	Thomas Stokes	2017STOK03	m	NULL	NULL	United Kingdom
7380661	6	22	2533	RubiksUKChampionshipFMC2025	f	333fm	Danny Morgan	2019MORG10	m	NULL	NULL	United Kingdom
7380663	8	23	2733	RubiksUKChampionshipFMC2025	f	333fm	Glib Vedmid	2016VEDM01	m	NULL	NULL	Ukraine
7384854	2	24	2667	RubiksIrishChampionshipFMC2025	f	333fm	Mark Gregan	2019GREG04	m	NULL	NULL	Ireland
7384862	1	24	2533	RubiksIrishChampionshipFMC2025	f	333fm	Adam Bermingham	2020BERM02	m	NULL	NR	Ireland
7384867	14	22	-1	RubiksIrishChampionshipFMC2025	f	333fm	Nikita Grytsenko (Микита Гриценко)	2018GRYT01	m	NULL	NULL	Ukraine
7385443	1	21	2267	AirplaneModeXVIOH2025	f	333fm	Evan Brown	2013BROW04	m	NULL	NULL	USA
7385444	2	21	2400	AirplaneModeXVIOH2025	f	333fm	Harsha Paladugu	2017PALA08	m	NULL	NULL	USA
7385448	3	24	3000	AirplaneModeXVIOH2025	f	333fm	Zach Baruch	2017BARU01	m	NULL	NULL	USA
7389903	1	25	2600	FMCColombiaVIII2025	f	333fm	Brayan Alexander Sandoval Camacho	2022CAMA04	m	NULL	NR	Colombia
7390363	4	25	2633	CubeCampinSuanPhueng2025	f	333fm	Anawin Chaichana (อนาวิล ชัยชนะ)	2023CHAI02	m	NULL	NULL	Thailand
7390364	2	22	2400	CubeCampinSuanPhueng2025	f	333fm	Natthaphat Mahtani (ณัฐภัทร จี มาทานี)	2011MAHT02	m	NULL	NR	Thailand
7390381	1	20	2400	CubeCampinSuanPhueng2025	f	333fm	DongSoo Park (박동수)	2017PARK05	m	NULL	NULL	Korea
7390393	3	22	2633	CubeCampinSuanPhueng2025	f	333fm	Tianze Xu (徐天泽)	2015XUTI01	m	NULL	NULL	China
7390874	1	24	2667	FMCSwissNationals2025	f	333fm	Reto Bubendorf	2012BUBE01	m	NULL	NULL	Switzerland
7390884	1	24	2667	FMCSwissNationals2025	f	333fm	Timo Günthardt	2019GUNT04	m	NULL	NULL	Switzerland
7392890	1	20	2267	AshfieldSummerChallenge2025	f	333fm	Levi Gibson	2018GIBS04	m	NULL	NULL	USA
7392893	2	23	2400	AshfieldSummerChallenge2025	f	333fm	Chris Chi	2014CHIC01	m	NULL	NULL	USA
7392894	3	24	2533	AshfieldSummerChallenge2025	f	333fm	Saisabari Ramesh	2021RAME01	m	NULL	NULL	USA
7393192	1	25	0	VisayasChampionship2025	f	333fm	Jose Polorhenzo Aquino	2016AQUI02	1	NULL	NULL	Philippines
7393801	1	23	2500	IsraelFMCChampionship2025	f	333fm	Ben Baron	2016BARO04	m	NULL	NULL	Israel
7393802	2	23	2533	IsraelFMCChampionship2025	f	333fm	Roy Tamir	2014TAMI01	m	NULL	NULL	Israel
7393808	11	21	-1	IsraelFMCChampionship2025	f	333fm	Zecharya Moshavi	2018MOSH01	m	NULL	NULL	Israel
7395890	1	22	2367	BegastriOpen2025	f	333fm	Jordi Lleixà López	2023LOPE09	m	NULL	NULL	Spain
7397392	1	24	2700	VietnamChampionship2025	f	333fm	Takumi Tamura (田村匠)	2019TAMU01	m	NULL	NULL	Japan
7397417	2	24	2733	VietnamChampionship2025	f	333fm	Nông Quốc Duy	2022DUYN02	m	NULL	NULL	Vietnam
7399832	1	23	0	MorroReuterCubing2025	f	333fm	Gabriel Bertaluci da Costa	2017COST05	1	NULL	NULL	Brazil
7402135	1	19	2100	FMCBukitJalil2025	1	333fm	Wong Chong Wen (黄崇文)	2014WENW01	m	NULL	NULL	Singapore
7402140	2	19	2233	FMCBukitJalil2025	1	333fm	Lim Chun Yik (林峻毅)	2018YIKL01	m	NR	NR	Malaysia
7402142	5	21	2533	FMCBukitJalil2025	1	333fm	Takumi Tamura (田村匠)	2019TAMU01	m	NULL	NULL	Japan
7402143	12	20	-1	FMCBukitJalil2025	1	333fm	Shawn Lee Zhi Xuan (李致轩)	2017XUAN03	m	NULL	NULL	Malaysia
7402149	3	23	2400	FMCBukitJalil2025	1	333fm	Vincent Hartanto Utomo	2010UTOM01	m	NULL	NULL	Indonesia
7402152	4	24	2500	FMCBukitJalil2025	1	333fm	Yiwei Liu (刘伊玮)	2012LIUY03	m	NULL	NULL	China
7402154	6	25	2667	FMCBukitJalil2025	1	333fm	Bryan Gan Tze Yang (顏子洋)	2016YANG83	m	NULL	NULL	Malaysia
7402155	2	21	2267	FMCBukitJalil2025	2	333fm	Wong Chong Wen (黄崇文)	2014WENW01	m	NULL	NULL	Singapore
7402156	9	22	-1	FMCBukitJalil2025	2	333fm	Shawn Lee Zhi Xuan (李致轩)	2017XUAN03	m	NULL	NULL	Malaysia
7402157	1	19	2167	FMCBukitJalil2025	2	333fm	Yiwei Liu (刘伊玮)	2012LIUY03	m	NULL	NULL	China
7402159	3	22	2333	FMCBukitJalil2025	2	333fm	Vincent Hartanto Utomo	2010UTOM01	m	NULL	NULL	Indonesia
7402161	4	24	2700	FMCBukitJalil2025	2	333fm	Lim Chun Yik (林峻毅)	2018YIKL01	m	NULL	NULL	Malaysia
7402162	5	25	2700	FMCBukitJalil2025	2	333fm	Takumi Tamura (田村匠)	2019TAMU01	m	NULL	NULL	Japan
7402167	3	22	2267	FMCBukitJalil2025	f	333fm	Yiwei Liu (刘伊玮)	2012LIUY03	m	NULL	NULL	China
7402169	1	19	2000	FMCBukitJalil2025	f	333fm	Wong Chong Wen (黄崇文)	2014WENW01	m	NULL	AsR	Singapore
7402170	6	22	2633	FMCBukitJalil2025	f	333fm	Shawn Lee Zhi Xuan (李致轩)	2017XUAN03	m	NULL	NULL	Malaysia
7402171	2	21	2267	FMCBukitJalil2025	f	333fm	Takumi Tamura (田村匠)	2019TAMU01	m	NULL	NULL	Japan
7402172	7	21	2700	FMCBukitJalil2025	f	333fm	Ng Jia Quan (黄佳铨)	2015QUAN03	m	NULL	NULL	Malaysia
7402174	3	22	2267	FMCBukitJalil2025	f	333fm	Vincent Hartanto Utomo	2010UTOM01	m	NULL	NULL	Indonesia
7402175	5	22	2600	FMCBukitJalil2025	f	333fm	Lim Chun Yik (林峻毅)	2018YIKL01	m	NULL	NULL	Malaysia
7402413	1	20	2300	KyivNxNSummer2025	1	333fm	Yurii Riabov (Юрій Рябов)	2018RIAB01	m	NULL	NULL	Ukraine
7402420	1	22	2267	KyivNxNSummer2025	f	333fm	Yurii Riabov (Юрій Рябов)	2018RIAB01	m	NULL	NULL	Ukraine
7402422	6	25	-1	KyivNxNSummer2025	f	333fm	Tymur Ostapets (Тимур Остапець)	2024OSTA02	m	NULL	NULL	Ukraine
7402630	5	21	-1	BigBrainMinnesota2025	f	333fm	Carter Kucala	2015KUCA01	m	NULL	NULL	USA
7402635	1	22	2300	BigBrainMinnesota2025	f	333fm	Walker Welch	2011WELC01	m	NULL	NULL	USA
7409715	15	19	-1	CouffouleuxOpen2025	f	333fm	Quentin Rivault	2017RIVA09	m	NULL	NULL	France
7409724	16	21	-1	CouffouleuxOpen2025	f	333fm	Adrien Neveu	2018NEVE02	m	NULL	NULL	France
7409733	3	25	2900	CouffouleuxOpen2025	f	333fm	Jules Desjardin	2010DESJ01	m	NULL	NULL	France
7409739	1	24	2767	CouffouleuxOpen2025	f	333fm	Wilfrid Py	2016PYWI01	m	NULL	NULL	France
7411108	1	22	2467	MichiganChampionship2025	f	333fm	Owen Widdis	2015WIDD01	m	NULL	NULL	USA
7411112	10	24	-1	MichiganChampionship2025	f	333fm	Brian Johnson	2013JOHN10	m	NULL	NULL	USA
7411128	2	23	2667	MichiganChampionship2025	f	333fm	Emile Compion	2007COMP01	m	AfR	AfR	South Africa
7421518	1	24	2500	SCUIIDoubleScoopofFMC2025	1	333fm	Jackson Warley	2008WARL01	m	NULL	NULL	USA
7421522	14	24	-1	SCUIIDoubleScoopofFMC2025	1	333fm	Calvin Nielson	2014NIEL03	m	NULL	NULL	USA
7421527	2	25	2667	SCUIIDoubleScoopofFMC2025	1	333fm	Abhimanyu Singhal (अभिमन्यु सिंघल)	2013SING12	m	NULL	NULL	USA
7421541	1	21	2667	SCUIIDoubleScoopofFMC2025	f	333fm	Jackson Warley	2008WARL01	m	NULL	NULL	USA
7424945	11	24	-1	SlovenianFMCNationals2025	1	333fm	Tino Joksch	2022JOKS01	m	NR	NULL	Austria
7424946	10	22	-1	SlovenianFMCNationals2025	1	333fm	Benjamin Kyle	2016KYLE01	m	NULL	NULL	Canada
7424948	1	24	2733	SlovenianFMCNationals2025	1	333fm	Chiara Marcucci	2021MARC03	m	NULL	NULL	Italy
7424949	3	24	3033	SlovenianFMCNationals2025	1	333fm	Dušan Zakelšek	2012ZAKE02	m	NULL	NULL	Slovenia
7424959	1	21	2200	SlovenianFMCNationals2025	f	333fm	Benjamin Kyle	2016KYLE01	m	NULL	NR	Canada
7424961	2	24	2833	SlovenianFMCNationals2025	f	333fm	Chiara Marcucci	2021MARC03	m	NULL	NULL	Italy
7425319	3	25	2667	QuietbytheKingsOH2025	f	333fm	Braden Richards	2017RICH02	m	NULL	NULL	USA
7425321	1	21	2167	QuietbytheKingsOH2025	f	333fm	Evan Brown	2013BROW04	m	NULL	NULL	USA
7425322	13	23	-1	QuietbytheKingsOH2025	f	333fm	Harsha Paladugu	2017PALA08	m	NULL	NULL	USA
7425328	2	22	2433	QuietbytheKingsOH2025	f	333fm	Daichi Halphen	2019HALP02	m	NULL	NULL	USA
7426858	4	20	2833	PBQSingaporeAugust2025	f	333fm	Andrew Tan Jing Bang	2019BANG01	m	NULL	NULL	Singapore
7426859	2	20	2233	PBQSingaporeAugust2025	f	333fm	Dylan Seah Tze Siang (谢智翔)	2015SIAN01	m	NULL	NULL	Singapore
7426860	3	23	2533	PBQSingaporeAugust2025	f	333fm	Chang Hong Liang (张泓量)	2016LIAN02	m	NULL	NULL	Singapore
7426865	1	19	2033	PBQSingaporeAugust2025	f	333fm	Wong Chong Wen (黄崇文)	2014WENW01	m	NULL	NULL	Singapore
7426867	9	25	-1	PBQSingaporeAugust2025	f	333fm	Lim Chun Yik (林峻毅)	2018YIKL01	m	NULL	NULL	Malaysia
7428369	13	25	-1	GeselligesGewurfelGottingen2025	f	333fm	Jonas Balsfulland	2012BALS01	m	NULL	NULL	Germany
7428373	1	22	2433	GeselligesGewurfelGottingen2025	f	333fm	Jan Bentlage	2010BENT01	m	NULL	NULL	Germany
7428379	2	24	2467	GeselligesGewurfelGottingen2025	f	333fm	Moritz Lotz	2017LOTZ01	m	NULL	NULL	Germany
7435831	1	22	2433	FMCLatinAmerica2025	f	333fm	Anuar Miguel Abib Onofre	2015ONOF01	m	NULL	NULL	Brazil
7435832	2	22	2600	FMCLatinAmerica2025	f	333fm	Guido Dipietro	2013DIPI01	m	NULL	NULL	Argentina
7435834	4	25	2733	FMCLatinAmerica2025	f	333fm	Beatriz Hernandes Bernardes	2022BERN01	m	NULL	NULL	Brazil
7435837	7	25	2833	FMCLatinAmerica2025	f	333fm	Leandro Martín López	2018LOPE22	m	NULL	NULL	Argentina
7435839	9	24	3033	FMCLatinAmerica2025	f	333fm	João Vinícius Santos	2016SANT66	m	NULL	NULL	Brazil
7435877	47	25	-1	FMCLatinAmerica2025	f	333fm	Diego Alonso Tapia Mera	2017MERA01	m	NR	NULL	Chile
7435878	47	25	-1	FMCLatinAmerica2025	f	333fm	Kim Vianna	2016VIAN01	m	NULL	NULL	Brazil
7437383	1	22	2200	SilentKoreaOpen2025	1	333fm	Shuto Ueno (上野柊斗)	2008UENO01	m	NULL	NULL	Japan
7437384	3	22	2467	SilentKoreaOpen2025	1	333fm	Yiwei Liu (刘伊玮)	2012LIUY03	m	NULL	NULL	China
7437385	5	22	2633	SilentKoreaOpen2025	1	333fm	Yuto Morishita (森下優斗)	2023SHIK03	m	NULL	NULL	Japan
7437389	4	24	2533	SilentKoreaOpen2025	1	333fm	Syunei Miyauchi (宮内俊英)	2017MIYA07	m	NULL	NULL	Japan
7437390	2	22	2333	SilentKoreaOpen2025	1	333fm	Kyeongmin Choi (최경민)	2017CHOI07	m	NULL	NULL	Korea
7437393	7	24	2867	SilentKoreaOpen2025	1	333fm	Takumi Tamura (田村匠)	2019TAMU01	m	NULL	NULL	Japan
7437394	23	23	-1	SilentKoreaOpen2025	1	333fm	DongSoo Park (박동수)	2017PARK05	m	NULL	NULL	Korea
7437403	6	24	2767	SilentKoreaOpen2025	1	333fm	Jihun Yang (양지훈)	2021YANG27	m	NULL	NULL	Korea
7437409	22	22	-1	SilentKoreaOpen2025	1	333fm	Dohyun Kim (김도현)	2013KIMD01	m	NULL	NULL	Korea
7437414	6	23	2467	SilentKoreaOpen2025	f	333fm	Yuto Morishita (森下優斗)	2023SHIK03	m	NULL	NULL	Japan
7437415	1	19	2200	SilentKoreaOpen2025	f	333fm	Kyeongmin Choi (최경민)	2017CHOI07	m	NULL	NULL	Korea
7437416	5	21	2400	SilentKoreaOpen2025	f	333fm	DongSoo Park (박동수)	2017PARK05	m	NULL	NULL	Korea
7437417	3	21	2333	SilentKoreaOpen2025	f	333fm	Takumi Tamura (田村匠)	2019TAMU01	m	NULL	NULL	Japan
7437422	16	25	-1	SilentKoreaOpen2025	f	333fm	Dohyun Kim (김도현)	2013KIMD01	m	NULL	NULL	Korea
7437425	15	24	-1	SilentKoreaOpen2025	f	333fm	Ko Youngjin (고영진)	2007YOUN04	m	NULL	NULL	Korea
7437429	1	19	2200	SilentKoreaOpen2025	f	333fm	Shuto Ueno (上野柊斗)	2008UENO01	m	NULL	NULL	Japan
7437430	4	22	2367	SilentKoreaOpen2025	f	333fm	Yiwei Liu (刘伊玮)	2012LIUY03	m	NULL	NULL	China
7437434	7	24	2467	SilentKoreaOpen2025	f	333fm	Syunei Miyauchi (宮内俊英)	2017MIYA07	m	NULL	NULL	Japan
7440874	4	25	2800	HeartlandChampionship2025	f	333fm	Lucas Lippman-Bruno	2022LIPP01	m	NULL	NULL	USA
7440877	5	25	2900	HeartlandChampionship2025	f	333fm	Peter Weyers	2018WEYE01	m	NULL	NULL	USA
7440880	21	25	-1	HeartlandChampionship2025	f	333fm	Zeke Mackay	2015MACK06	m	NULL	NULL	USA
7440893	20	24	-1	HeartlandChampionship2025	f	333fm	Simon Kellum	2016KELL12	m	NULL	NULL	USA
7440899	1	20	2100	HeartlandChampionship2025	f	333fm	Brian Johnson	2013JOHN10	m	NULL	NULL	USA
7440901	2	21	2133	HeartlandChampionship2025	f	333fm	Carter Kucala	2015KUCA01	m	NULL	NULL	USA
7440907	3	21	2233	HeartlandChampionship2025	f	333fm	Walker Welch	2011WELC01	m	NULL	NULL	USA
7448122	5	23	-1	UnOronothodoxBlocks2025	f	333fm	Aedan Bryant	2017BRYA06	m	NULL	NULL	USA
7448524	1	22	2333	HDCXIXHvidovreFM2025	f	333fm	Adam Marcellus Kelly	2016KELL10	m	NULL	NULL	Denmark
7448525	2	22	2367	HDCXIXHvidovreFM2025	f	333fm	Daniel Vædele Egdal	2013EGDA01	m	NULL	NULL	Denmark
7448526	3	23	2700	HDCXIXHvidovreFM2025	f	333fm	Martin Vædele Egdal	2013EGDA02	m	NULL	NULL	Denmark
7448527	4	24	2867	HDCXIXHvidovreFM2025	f	333fm	Victor Valentin Glyrskov	2014GLYR01	m	NULL	NULL	Denmark
7448531	8	25	-1	HDCXIXHvidovreFM2025	f	333fm	Chiara Marcucci	2021MARC03	m	NULL	NULL	Italy
7449181	1	20	2200	CzechFMCChampionship2025	f	333fm	Jan Riedl	2019RIED01	m	NULL	NULL	Czech Republic
7449182	2	23	2700	CzechFMCChampionship2025	f	333fm	Matěj Grohmann	2015GROH02	m	NULL	NULL	Czech Republic
7449479	1	23	2433	LatiumSicilyFMC2025	1	333fm	Chiara Marcucci	2021MARC03	m	NULL	NULL	Italy
7449480	2	21	2800	LatiumSicilyFMC2025	1	333fm	Marco Rota	2009ROTA01	m	NULL	NULL	Italy
7449488	1	25	2767	LatiumSicilyFMC2025	f	333fm	Gabriele Cappelletti	2012CAPP01	m	NULL	NULL	Italy
7449489	2	24	2833	LatiumSicilyFMC2025	f	333fm	Vincenzo Maria Gammino	2016GAMM01	m	NULL	NULL	Italy
7458645	1	24	2467	SwisscubingCupMBII2025	f	333fm	Noah Kraft	2016KRAF01	m	NULL	NULL	Germany
7458646	2	23	2500	SwisscubingCupMBII2025	f	333fm	Mattheo de Wit	2015WITM01	m	NULL	NR	Netherlands
7458655	3	24	2867	SwisscubingCupMBII2025	f	333fm	Reto Bubendorf	2012BUBE01	m	NULL	NULL	Switzerland
7476121	4	24	3400	PeruNationals2025	f	333fm	Josué Esteban Bacilio Chicoma	2013CHIC01	m	NR	NULL	Peru
7476122	1	24	2933	PeruNationals2025	f	333fm	Pedro Giuseppe Garcia Milla	2016MILL07	m	NR	NULL	Peru
7482962	2	24	2500	SzokolyaOpen2025	f	333fm	Szabolcs Szántai	2016SZAN01	m	NULL	NULL	Hungary
7482965	1	21	2500	SzokolyaOpen2025	f	333fm	Bence Barát	2008BARA01	m	NULL	NULL	Hungary
7483250	1	22	2333	GnieznoSideOpen2025	1	333fm	Wojciech Rogoziński	2019ROGO04	m	NULL	NULL	Poland
7483251	2	22	2400	GnieznoSideOpen2025	1	333fm	Radomił Baran	2020BARA02	m	NULL	NULL	Poland
7483252	3	23	2433	GnieznoSideOpen2025	1	333fm	Krzysztof Pietrusiak	2019PIET01	m	NULL	NULL	Poland
7483253	4	23	2633	GnieznoSideOpen2025	1	333fm	Bartosz Karpiński	2019KARP03	m	NULL	NULL	Poland
7483254	5	23	2667	GnieznoSideOpen2025	1	333fm	Radosław Opoka	2013OPOK01	m	NULL	NULL	Poland
7483266	1	21	2133	GnieznoSideOpen2025	f	333fm	Wojciech Rogoziński	2019ROGO04	m	NULL	NULL	Poland
7483267	2	21	2333	GnieznoSideOpen2025	f	333fm	Radomił Baran	2020BARA02	m	NULL	NULL	Poland
7483268	3	21	2367	GnieznoSideOpen2025	f	333fm	Krzysztof Pietrusiak	2019PIET01	m	NULL	NULL	Poland
7483270	5	25	3400	GnieznoSideOpen2025	f	333fm	Adam Śmigaj	2021SMIG01	m	NULL	NULL	Poland
7483272	7	24	-1	GnieznoSideOpen2025	f	333fm	Radosław Opoka	2013OPOK01	m	NULL	NULL	Poland
7483273	8	25	-1	GnieznoSideOpen2025	f	333fm	Marcin Chmielewski	2023CHMI01	m	NULL	NULL	Poland
7483839	4	25	-1	JaquecaDiTella2025	f	333fm	Guido Dipietro	2013DIPI01	m	NULL	NULL	Argentina
7485128	1	22	2267	NewYorkQuietChampionship2025	1	333fm	Joseph Guzman	2015GUZM03	m	NULL	NULL	USA
7485129	2	22	2300	NewYorkQuietChampionship2025	1	333fm	Chris Chi	2014CHIC01	m	NULL	NULL	USA
7485130	3	23	2300	NewYorkQuietChampionship2025	1	333fm	Jack Lee	2012LEEJ05	m	NULL	NULL	Canada
7485131	4	23	2333	NewYorkQuietChampionship2025	1	333fm	Stanley Chapel	2016CHAP04	m	NULL	NULL	USA
7485142	15	24	-1	NewYorkQuietChampionship2025	1	333fm	Brandon Villadolid	2019VILL03	m	NULL	NULL	USA
7485147	1	22	2200	NewYorkQuietChampionship2025	f	333fm	Joseph Guzman	2015GUZM03	m	NULL	NULL	USA
7485148	2	22	2333	NewYorkQuietChampionship2025	f	333fm	Chris Chi	2014CHIC01	m	NULL	NULL	USA
7485149	3	22	2367	NewYorkQuietChampionship2025	f	333fm	Stanley Chapel	2016CHAP04	m	NULL	NULL	USA
7485159	13	23	-1	NewYorkQuietChampionship2025	f	333fm	Jack Lee	2012LEEJ05	m	NULL	NULL	Canada
7486855	1	21	2367	RubiksDutchNationals2025	f	333fm	Sebastiano Tronto	2011TRON02	m	NULL	NULL	Italy
7496952	1	20	2167	CichyPiatekwGdansku2025	f	333fm	Radomił Baran	2020BARA02	m	NULL	NULL	Poland
7496953	2	22	2300	CichyPiatekwGdansku2025	f	333fm	Mauro Moisés Ortega López	2016LOPE44	m	NULL	NULL	Spain
7507508	1	19	2233	FMHawksOH2025	1	333fm	Evan Brown	2013BROW04	m	NULL	NULL	USA
7507509	2	22	2333	FMHawksOH2025	1	333fm	Carter Kucala	2015KUCA01	m	NULL	NULL	USA
7507510	3	22	2467	FMHawksOH2025	1	333fm	Brian Johnson	2013JOHN10	m	NULL	NULL	USA
7507511	4	23	2567	FMHawksOH2025	1	333fm	Alexander Wheeler	2014WHEE01	m	NULL	NULL	USA
7507512	5	25	2633	FMHawksOH2025	1	333fm	Harsha Paladugu	2017PALA08	m	NULL	NULL	USA
7507513	6	25	2767	FMHawksOH2025	1	333fm	Zeke Mackay	2015MACK06	m	NULL	NULL	USA
7507517	10	25	-1	FMHawksOH2025	1	333fm	Simon Kellum	2016KELL12	m	NULL	NULL	USA
7507523	1	21	2300	FMHawksOH2025	f	333fm	Carter Kucala	2015KUCA01	m	NULL	NULL	USA
7507524	2	22	2300	FMHawksOH2025	f	333fm	Brian Johnson	2013JOHN10	m	NULL	NULL	USA
7507525	3	24	2433	FMHawksOH2025	f	333fm	Simon Kellum	2016KELL12	m	NULL	NULL	USA
7507526	4	23	2500	FMHawksOH2025	f	333fm	Harsha Paladugu	2017PALA08	m	NULL	NULL	USA
7507527	5	23	2567	FMHawksOH2025	f	333fm	Daichi Halphen	2019HALP02	m	NULL	NULL	USA
7507529	7	25	2800	FMHawksOH2025	f	333fm	Zach Baruch	2017BARU01	m	NULL	NULL	USA
7507531	9	21	-1	FMHawksOH2025	f	333fm	Evan Brown	2013BROW04	m	NULL	NULL	USA
7507532	10	23	-1	FMHawksOH2025	f	333fm	Alexander Wheeler	2014WHEE01	m	NULL	NULL	USA
7508549	1	23	2800	CampeonatoNordestinoFMC2025	f	333fm	João Vinícius Santos	2016SANT66	m	NULL	NULL	Brazil
7509133	1	25	2967	ClasicoTlaxcala2025	f	333fm	Carlos Rill Garcia	2016GARC34	m	NULL	NULL	Mexico
7514470	1	21	0	LaMontagneOpen2025	f	333fm	Wilfrid Py	2016PYWI01	1	NULL	NULL	France
7514475	2	25	0	LaMontagneOpen2025	f	333fm	Étienne Aubry	2018AUBR01	1	NULL	NULL	France
7517765	1	25	0	RegionalesSantander2025	f	333fm	Brayan Alexander Sandoval Camacho	2022CAMA04	1	NULL	NULL	Colombia
7519057	9	22	-1	WisconsinQuietChampionship2025	f	333fm	Brian Johnson	2013JOHN10	m	NULL	NULL	USA
7519059	1	20	2267	WisconsinQuietChampionship2025	f	333fm	Cale Schoon	2014SCHO02	m	NULL	NULL	USA
7519061	10	23	-1	WisconsinQuietChampionship2025	f	333fm	Simon Kellum	2016KELL12	m	NULL	NULL	USA
7519062	1	20	2267	WisconsinQuietChampionship2025	f	333fm	Carter Kucala	2015KUCA01	m	NULL	NULL	USA
7519068	11	24	-1	WisconsinQuietChampionship2025	f	333fm	Charles Bois	2023BOIS02	m	NULL	NULL	USA
7519069	3	24	2633	WisconsinQuietChampionship2025	f	333fm	Walker Welch	2011WELC01	m	NULL	NULL	USA
7520304	1	21	2167	FMCEurope2025	f	333fm	Radomił Baran	2020BARA02	m	NULL	NULL	Poland
7520305	2	21	2233	FMCEurope2025	f	333fm	Louis-Marie Ratto	2019RATT02	m	NULL	NULL	France
7520306	3	22	2267	FMCEurope2025	f	333fm	Ben Baron	2016BARO04	m	NULL	NR	Israel
7520307	4	21	2333	FMCEurope2025	f	333fm	Fabio Schwandt	2014SCHW02	m	NULL	NULL	United Kingdom
7520308	5	22	2333	FMCEurope2025	f	333fm	Daniel Vædele Egdal	2013EGDA01	m	NULL	NULL	Denmark
7520309	5	22	2333	FMCEurope2025	f	333fm	Adam Marcellus Kelly	2016KELL10	m	NULL	NULL	Denmark
7520310	7	23	2400	FMCEurope2025	f	333fm	Kai Cui	2019CUIK03	m	NULL	NULL	United Kingdom
7520311	7	23	2400	FMCEurope2025	f	333fm	Enrico Tenuti	2017TENU01	m	NULL	NULL	Italy
7520312	9	23	2433	FMCEurope2025	f	333fm	Yurii Riabov (Юрій Рябов)	2018RIAB01	m	NULL	NULL	Ukraine
7520313	10	24	2433	FMCEurope2025	f	333fm	Janne Lehtimäki	2012LEHT01	m	NULL	NULL	Finland
7520314	11	22	2533	FMCEurope2025	f	333fm	Radosław Opoka	2013OPOK01	m	NULL	NULL	Poland
7520315	12	25	2533	FMCEurope2025	f	333fm	Louis Sarthou	2012SART01	m	NULL	NULL	France
7520316	12	25	2533	FMCEurope2025	f	333fm	Tino Joksch	2022JOKS01	m	NULL	NR	Austria
7520317	14	25	2567	FMCEurope2025	f	333fm	Dunhui Xiao (肖敦慧)	2018XIAO03	m	NULL	NULL	Germany
7520318	15	22	2600	FMCEurope2025	f	333fm	Szabolcs Szántai	2016SZAN01	m	NULL	NULL	Hungary
7520319	16	23	2600	FMCEurope2025	f	333fm	Theodor Nordstrand	2016NORD02	m	NULL	NULL	Sweden
7520320	17	24	2600	FMCEurope2025	f	333fm	Vasco Vasconcelos	2008VASC01	m	NULL	NULL	Portugal
7520321	17	24	2600	FMCEurope2025	f	333fm	Bence Barát	2008BARA01	m	NULL	NULL	Hungary
7520323	20	25	2667	FMCEurope2025	f	333fm	Tymur Ostapets (Тимур Остапець)	2024OSTA02	m	NULL	NULL	Ukraine
7520325	22	25	2767	FMCEurope2025	f	333fm	Roy Tamir	2014TAMI01	m	NULL	NULL	Israel
7520345	42	25	3267	FMCEurope2025	f	333fm	Gabriele Cappelletti	2012CAPP01	m	NULL	NULL	Italy
7520387	84	22	-1	FMCEurope2025	f	333fm	Nicolas Gertner Kilian	2013GERT01	m	NULL	NULL	France
7520388	84	22	-1	FMCEurope2025	f	333fm	Wojciech Rogoziński	2019ROGO04	m	NULL	NULL	Poland
7520389	86	23	-1	FMCEurope2025	f	333fm	Alexis Le Merrer	2019MERR02	m	NULL	NULL	France
7520390	87	24	-1	FMCEurope2025	f	333fm	Tommaso Raposio	2014RAPO01	m	NULL	NULL	Italy
7520391	87	24	-1	FMCEurope2025	f	333fm	Adrien Neveu	2018NEVE02	m	NULL	NULL	France
7520392	87	24	-1	FMCEurope2025	f	333fm	Modest Podzolkin	2017PODZ01	m	NULL	NULL	Ukraine
7533132	8	21	-1	NittedalMBFall2025	f	333fm	Victor Valentin Glyrskov	2014GLYR01	m	NULL	NULL	Denmark
7533136	1	24	2567	NittedalMBFall2025	f	333fm	Oskar Feed Jakobsen	2017JAKO02	m	NULL	NULL	Norway
7533139	9	23	-1	NittedalMBFall2025	f	333fm	Ulrik Bredland	2012BRED01	m	NULL	NULL	Norway
7533634	1	23	2467	DontDNSDenton2025	1	333fm	Ryan Pilat	2016PILA03	m	NULL	NULL	USA
7533636	2	24	2633	DontDNSDenton2025	1	333fm	Abhimanyu Singhal (अभिमन्यु सिंघल)	2013SING12	m	NULL	NULL	USA
7533637	6	25	3833	DontDNSDenton2025	1	333fm	James Wang (王俊杰)	2015WANG87	m	NULL	NULL	Canada
7533639	9	23	-1	DontDNSDenton2025	1	333fm	Alexander Wheeler	2014WHEE01	m	NULL	NULL	USA
7533646	10	25	-1	DontDNSDenton2025	1	333fm	Ray Bai	2014BAIR01	m	NULL	NULL	USA
7533658	1	24	2633	DontDNSDenton2025	2	333fm	Ryan Pilat	2016PILA03	m	NULL	NULL	USA
7533661	10	24	-1	DontDNSDenton2025	2	333fm	Alexander Wheeler	2014WHEE01	m	NULL	NULL	USA
7533666	1	22	2400	DontDNSDenton2025	f	333fm	Ryan Pilat	2016PILA03	m	NULL	NULL	USA
7546587	3	23	2633	SacQuietFall2025	f	333fm	Calvin Nielson	2014NIEL03	m	NULL	NULL	USA
7546590	12	24	-1	SacQuietFall2025	f	333fm	Cary Huang	2015HUAN48	m	NULL	NULL	USA
7546591	1	22	2200	SacQuietFall2025	f	333fm	Stanley Chapel	2016CHAP04	m	NULL	NULL	USA
7546600	2	22	2600	SacQuietFall2025	f	333fm	Dewei Tan (譚得唯)	2024TAND01	m	NULL	NULL	Hong Kong
7551104	2	21	2433	RubiksGermanNationals2025	f	333fm	Shawn Lee Zhi Xuan (李致轩)	2017XUAN03	m	NULL	NULL	Malaysia
7551109	13	22	-1	RubiksGermanNationals2025	f	333fm	Jonas Pilhöfer	2019PILH01	m	NULL	NULL	Germany
7551113	1	23	2400	RubiksGermanNationals2025	f	333fm	Jan Bentlage	2010BENT01	m	NULL	NULL	Germany
7551119	3	23	2533	RubiksGermanNationals2025	f	333fm	Noah Kraft	2016KRAF01	m	NULL	NULL	Germany
7551121	5	25	2667	RubiksGermanNationals2025	f	333fm	Paul Ducruet	2023DUCR01	m	NULL	NULL	France
7551128	4	24	2567	RubiksGermanNationals2025	f	333fm	Dunhui Xiao (肖敦慧)	2018XIAO03	m	NULL	NULL	Germany
7556039	1	21	2267	AustralianNationalsFMC2025	f	333fm	Max Parris	2022PARR10	m	NULL	NULL	Australia
7556044	2	21	2300	AustralianNationalsFMC2025	f	333fm	Elijah La Porte	2022PORT01	m	NULL	NULL	Australia
7556051	27	24	-1	AustralianNationalsFMC2025	f	333fm	Trần Đăng Quang	2014QUAN03	m	NULL	NULL	Vietnam
7556058	6	25	2733	AustralianNationalsFMC2025	f	333fm	Amy Smith	2019SMIT36	m	NULL	NULL	Australia
7556069	5	21	2467	AustralianNationalsFMC2025	f	333fm	Jayden McNeill	2012MCNE01	m	NULL	NULL	Australia
7556071	3	23	2367	AustralianNationalsFMC2025	f	333fm	Firstian Fushada (符逢城)	2015FUSH01	m	NULL	NULL	Indonesia
7556078	3	23	2367	AustralianNationalsFMC2025	f	333fm	Gerard McGinley	2019MCGI01	m	NULL	NULL	Australia
7558693	1	25	3067	ColoradoTrifecta2025	f	333fm	Kian Cline	2022CLIN01	m	NULL	NULL	USA
7561441	3	22	2967	UCubeGronauSilent2025	f	333fm	Sébastien Auroux	2008AURO01	m	NULL	NULL	Germany
7561444	1	24	2500	UCubeGronauSilent2025	f	333fm	Jan Bentlage	2010BENT01	m	NULL	NULL	Germany
7561457	1	21	2500	FMCChallengeKiribathgoda2025	1	333fm	Takumi Tamura (田村匠)	2019TAMU01	m	NULL	NULL	Japan
7561461	1	23	2467	FMCChallengeKiribathgoda2025	f	333fm	Takumi Tamura (田村匠)	2019TAMU01	m	NULL	NULL	Japan
7564992	1	21	2300	FinnishFMCChampionship2025	f	333fm	Enrico Tenuti	2017TENU01	m	NULL	NULL	Italy
7570043	4	25	3267	CubingZAFMCChampionship2025	f	333fm	Daniel Rush	2018RUSH01	m	NULL	NULL	South Africa
7572916	1	25	0	MinyonsdeTerrassaOpen2025	f	333fm	Jordi Lleixà López	2023LOPE09	1	NULL	NULL	Spain
7584473	2	23	2467	PleaseBeQuietWaterloo2025	f	333fm	Alvin Cheng Hiu Yeung (鄭曉洋)	2019YEUN01	m	NULL	NULL	Hong Kong
7584475	13	24	-1	PleaseBeQuietWaterloo2025	f	333fm	Elliott Kobelansky	2019KOBE03	m	NULL	NULL	Canada
7584476	1	21	2400	PleaseBeQuietWaterloo2025	f	333fm	Ibrahim Quraishi	2018QURA01	m	NULL	NULL	Canada
7584484	5	24	2800	PleaseBeQuietWaterloo2025	f	333fm	Emile Compion	2007COMP01	m	NULL	NULL	South Africa
7584485	3	23	2533	PleaseBeQuietWaterloo2025	f	333fm	Benjamin Kyle	2016KYLE01	m	NULL	NULL	Canada
7588903	1	19	2100	OberlinChallengeI2025	1	333fm	Levi Gibson	2018GIBS04	m	NULL	NULL	USA
7588904	2	20	2267	OberlinChallengeI2025	1	333fm	Doug Li	2003LIDO01	m	NULL	NULL	USA
7588905	2	20	2267	OberlinChallengeI2025	1	333fm	Evan Brown	2013BROW04	m	NULL	NULL	USA
7588906	4	23	2533	OberlinChallengeI2025	1	333fm	Daichi Halphen	2019HALP02	m	NULL	NULL	USA
7588912	1	20	2033	OberlinChallengeI2025	f	333fm	Evan Brown	2013BROW04	m	NULL	NULL	USA
7588913	2	21	2133	OberlinChallengeI2025	f	333fm	Levi Gibson	2018GIBS04	m	NULL	NULL	USA
7588914	3	22	2267	OberlinChallengeI2025	f	333fm	Doug Li	2003LIDO01	m	NULL	NULL	USA
7588915	4	25	2567	OberlinChallengeI2025	f	333fm	Daichi Halphen	2019HALP02	m	NULL	NULL	USA
7588917	6	23	-1	OberlinChallengeI2025	f	333fm	Zach Baruch	2017BARU01	m	NULL	NULL	USA
7589600	1	20	0	TermonfeckinFast2025	f	333fm	Nikita Grytsenko (Микита Гриценко)	2018GRYT01	1	NULL	NULL	Ukraine
7592434	3	23	2533	RheinNeckarBreakdown2025	1	333fm	Shawn Lee Zhi Xuan (李致轩)	2017XUAN03	m	NULL	NULL	Malaysia
7592436	13	22	-1	RheinNeckarBreakdown2025	1	333fm	Noah Kraft	2016KRAF01	m	NULL	NULL	Germany
7592438	2	22	2233	RheinNeckarBreakdown2025	1	333fm	Moritz Lotz	2017LOTZ01	m	NULL	NULL	Germany
7592440	1	22	2200	RheinNeckarBreakdown2025	1	333fm	Dunhui Xiao (肖敦慧)	2018XIAO03	m	NULL	NULL	Germany
7592441	5	24	2833	RheinNeckarBreakdown2025	1	333fm	Konstantin Jaehne	2015JAEH01	m	NULL	NULL	Germany
7592446	2	20	2133	RheinNeckarBreakdown2025	f	333fm	Dunhui Xiao (肖敦慧)	2018XIAO03	m	NULL	NULL	Germany
7592449	5	25	2633	RheinNeckarBreakdown2025	f	333fm	Jonas Balsfulland	2012BALS01	m	NULL	NULL	Germany
7592451	4	23	2533	RheinNeckarBreakdown2025	f	333fm	Noah Kraft	2016KRAF01	m	NULL	NULL	Germany
7592452	1	18	2133	RheinNeckarBreakdown2025	f	333fm	Moritz Lotz	2017LOTZ01	m	NR	NULL	Germany
7592457	3	18	2200	RheinNeckarBreakdown2025	f	333fm	Shawn Lee Zhi Xuan (李致轩)	2017XUAN03	m	NR	NR	Malaysia
7594894	1	25	2700	SurviveFMCinBangalore2025	1	333fm	Takumi Tamura (田村匠)	2019TAMU01	m	NULL	NULL	Japan
7594902	3	21	-1	SurviveFMCinBangalore2025	f	333fm	Takumi Tamura (田村匠)	2019TAMU01	m	NULL	NULL	Japan
7600699	3	25	3167	CubinginWesterlyRI2025	f	333fm	Giulio Beniamino Ciampa	2022CIAM01	m	NULL	NULL	USA
7600708	1	23	2633	CubinginWesterlyRI2025	f	333fm	Saisabari Ramesh	2021RAME01	m	NULL	NULL	USA
7606412	1	23	2367	FMCUkrainianNationals2025	1	333fm	Yurii Riabov (Юрій Рябов)	2018RIAB01	m	NULL	NULL	Ukraine
7606420	1	21	2300	FMCUkrainianNationals2025	f	333fm	Yurii Riabov (Юрій Рябов)	2018RIAB01	m	NULL	NULL	Ukraine
7606421	2	23	2467	FMCUkrainianNationals2025	f	333fm	Modest Podzolkin	2017PODZ01	m	NULL	NULL	Ukraine
7606422	3	25	2833	FMCUkrainianNationals2025	f	333fm	Lev Golub (Лев Голуб)	2014HOLU01	m	NULL	NULL	Ukraine
7614579	1	22	2333	FMCIberianChampionship2025	f	333fm	Mauro Moisés Ortega López	2016LOPE44	m	NULL	NULL	Spain
7614580	2	23	2367	FMCIberianChampionship2025	f	333fm	Jordi Lleixà López	2023LOPE09	m	NULL	NULL	Spain
7614581	3	23	2433	FMCIberianChampionship2025	f	333fm	Vasco Vasconcelos	2008VASC01	m	NULL	NULL	Portugal
7614582	4	25	2733	FMCIberianChampionship2025	f	333fm	Arnau Tous Mateu	2016MATE04	m	NULL	NULL	Spain
7614607	29	24	-1	FMCIberianChampionship2025	f	333fm	Pablo Amoraga Velasco	2023VELA19	m	NULL	NULL	Spain
7617109	3	22	2267	CubetchaMN2025	f	333fm	Walker Welch	2011WELC01	m	NULL	NULL	USA
7617111	1	22	2233	CubetchaMN2025	f	333fm	Carter Kucala	2015KUCA01	m	NULL	NULL	USA
7617113	1	22	2233	CubetchaMN2025	f	333fm	Brian Johnson	2013JOHN10	m	NULL	NULL	USA
7617337	1	22	2500	FMCPhilippines2025	1	333fm	Takumi Tamura (田村匠)	2019TAMU01	m	NULL	NULL	Japan
7617342	2	25	2733	FMCPhilippines2025	1	333fm	Yuji Yoshida	2015YOSH01	m	NULL	NULL	Philippines
7617349	1	24	2433	FMCPhilippines2025	f	333fm	Yuji Yoshida	2015YOSH01	m	NULL	NR	Philippines
7617352	2	24	2533	FMCPhilippines2025	f	333fm	Takumi Tamura (田村匠)	2019TAMU01	m	NULL	NULL	Japan
7620649	1	23	0	SicilyFall2025	f	333fm	Chiara Marcucci	2021MARC03	1	NULL	NULL	Italy
7623077	2	21	2400	PleaseBeQuietTaiwan2025	1	333fm	Cian-Jyun Yang (楊謙君)	2019YANG94	m	NR	NULL	Taiwan
7623083	3	22	2433	PleaseBeQuietTaiwan2025	1	333fm	Hajime Miyazaki (宮崎朔)	2022MIYA01	m	NULL	NULL	Japan
7623084	4	22	2533	PleaseBeQuietTaiwan2025	1	333fm	Takumi Tamura (田村匠)	2019TAMU01	m	NULL	NULL	Japan
7623086	9	25	3033	PleaseBeQuietTaiwan2025	1	333fm	Shih-Hao Wang (王士豪)	2015WANG46	m	NULL	NULL	Taiwan
7623095	6	25	2667	PleaseBeQuietTaiwan2025	1	333fm	Yuki Yamamoto (山本祐輝)	2010YAMA04	m	NULL	NULL	Japan
7623098	8	25	3000	PleaseBeQuietTaiwan2025	1	333fm	Yuto Morishita (森下優斗)	2023SHIK03	m	NULL	NULL	Japan
7623112	5	21	2600	PleaseBeQuietTaiwan2025	1	333fm	Haruka Kitamura (北村晴香)	2017KITA03	m	NULL	NULL	Japan
7623113	9	25	3033	PleaseBeQuietTaiwan2025	1	333fm	Yen-Lei Jen (任晏磊)	2023JENY01	m	NULL	NULL	Taiwan
7623114	7	25	2900	PleaseBeQuietTaiwan2025	1	333fm	Ruei-Ying Huang (黃睿穎)	2017HUAN63	m	NULL	NULL	Taiwan
7623115	1	20	2133	PleaseBeQuietTaiwan2025	1	333fm	Yiwei Liu (刘伊玮)	2012LIUY03	m	NULL	NULL	China
7623129	4	24	2433	PleaseBeQuietTaiwan2025	f	333fm	Yuto Morishita (森下優斗)	2023SHIK03	m	NULL	NULL	Japan
7623130	2	20	2367	PleaseBeQuietTaiwan2025	f	333fm	Yuki Yamamoto (山本祐輝)	2010YAMA04	m	NULL	NULL	Japan
7623134	31	21	-1	PleaseBeQuietTaiwan2025	f	333fm	Hajime Miyazaki (宮崎朔)	2022MIYA01	m	NULL	NULL	Japan
7623135	3	24	2400	PleaseBeQuietTaiwan2025	f	333fm	Cian-Jyun Yang (楊謙君)	2019YANG94	m	NULL	NULL	Taiwan
7623144	1	21	2267	PleaseBeQuietTaiwan2025	f	333fm	Yiwei Liu (刘伊玮)	2012LIUY03	m	NULL	NULL	China
7623148	7	24	2600	PleaseBeQuietTaiwan2025	f	333fm	Takumi Tamura (田村匠)	2019TAMU01	m	NULL	NULL	Japan
7623151	5	23	2567	PleaseBeQuietTaiwan2025	f	333fm	Yen-Lei Jen (任晏磊)	2023JENY01	m	NULL	NULL	Taiwan
7623154	6	21	2600	PleaseBeQuietTaiwan2025	f	333fm	Haruka Kitamura (北村晴香)	2017KITA03	m	NULL	NULL	Japan
7626582	1	21	2200	FMCMenival2025	1	333fm	Adrien Neveu	2018NEVE02	m	NULL	NULL	France
7626583	1	21	2200	FMCMenival2025	1	333fm	Louis-Marie Ratto	2019RATT02	m	NULL	NULL	France
7626584	3	22	2567	FMCMenival2025	1	333fm	Nicolas Gertner Kilian	2013GERT01	m	NULL	NULL	France
7626592	11	24	-1	FMCMenival2025	1	333fm	Laurent Reynaud	2015REYN07	m	NULL	NULL	France
7626594	1	21	2133	FMCMenival2025	f	333fm	Louis-Marie Ratto	2019RATT02	m	NULL	NULL	France
7626595	2	24	2467	FMCMenival2025	f	333fm	Adrien Neveu	2018NEVE02	m	NULL	NULL	France
7626600	7	25	-1	FMCMenival2025	f	333fm	Étienne Aubry	2018AUBR01	m	NULL	NULL	France
7626611	1	20	2200	FMCEastMelbourne2025	1	333fm	Max Parris	2022PARR10	m	NULL	NULL	Australia
7626617	3	24	2533	FMCEastMelbourne2025	1	333fm	Trần Đăng Quang	2014QUAN03	m	NULL	NULL	Vietnam
7626618	2	22	2367	FMCEastMelbourne2025	1	333fm	Firstian Fushada (符逢城)	2015FUSH01	m	NULL	NULL	Indonesia
7626625	4	25	2733	FMCEastMelbourne2025	2	333fm	Patrick Kleverlaan	2019KLEV01	m	NULL	NULL	Australia
7626627	2	23	2467	FMCEastMelbourne2025	2	333fm	Trần Đăng Quang	2014QUAN03	m	NR	NULL	Vietnam
7626628	3	22	2533	FMCEastMelbourne2025	2	333fm	Max Parris	2022PARR10	m	NULL	NULL	Australia
7626631	1	22	2233	FMCEastMelbourne2025	2	333fm	Firstian Fushada (符逢城)	2015FUSH01	m	NULL	NULL	Indonesia
7626633	7	25	3367	FMCEastMelbourne2025	2	333fm	Zayd Chaudhry	2019CHAU12	m	NULL	NULL	Australia
7626636	1	21	2333	FMCEastMelbourne2025	f	333fm	Firstian Fushada (符逢城)	2015FUSH01	m	NULL	NULL	Indonesia
7626638	8	23	-1	FMCEastMelbourne2025	f	333fm	Max Parris	2022PARR10	m	NULL	NULL	Australia
7626642	2	24	2467	FMCEastMelbourne2025	f	333fm	Trần Đăng Quang	2014QUAN03	m	NULL	NULL	Vietnam
7626643	1	23	2467	ThailandFMCChampionship2025	f	333fm	Natthaphat Mahtani (ณัฐภัทร จี มาทานี)	2011MAHT02	m	NULL	NULL	Thailand
7626649	7	25	-1	ThailandFMCChampionship2025	f	333fm	Phuwish Sripattrapan (ภูวิศ ศรีภัทราพันธุ์)	2023SRIP04	m	NULL	NULL	Thailand
7652630	1	25	3033	ZomblindersLima2025	f	333fm	Paolo Gallegos	2018DIAZ09	m	NULL	NULL	Peru
7652658	1	22	2867	PleaseBeSolvedUBC2025	f	333fm	Ethan Rusnak	2015RUSN01	m	NULL	NULL	Canada
7656623	2	21	2333	Fureso3x3Frenzy2025	f	333fm	Daniel Vædele Egdal	2013EGDA01	m	NULL	NULL	Denmark
7656636	1	21	2267	Fureso3x3Frenzy2025	f	333fm	Adam Marcellus Kelly	2016KELL10	m	NULL	NULL	Denmark
7656640	3	22	2400	Fureso3x3Frenzy2025	f	333fm	Jan Bentlage	2010BENT01	m	NULL	NULL	Germany
7659945	2	22	2267	CubingUSAAllStars2025	f	333fm	Krish Shah-Nathwani	2015SHAH09	m	NULL	NULL	USA
7659946	9	22	2433	CubingUSAAllStars2025	f	333fm	Walker Welch	2011WELC01	m	NULL	NULL	USA
7659947	11	24	-1	CubingUSAAllStars2025	f	333fm	Noah Swor	2017SWOR01	m	NULL	NULL	USA
7659948	1	21	2267	CubingUSAAllStars2025	f	333fm	Evan Brown	2013BROW04	m	NULL	NULL	USA
7659949	10	22	2467	CubingUSAAllStars2025	f	333fm	Alexei Sinyavin	2016SINY01	m	NULL	NULL	USA
7659951	6	22	2333	CubingUSAAllStars2025	f	333fm	Elliot Wiecek	2016WIEC02	m	NULL	NULL	USA
7659952	2	22	2267	CubingUSAAllStars2025	f	333fm	Brian Johnson	2013JOHN10	m	NULL	NULL	USA
7659953	8	22	2367	CubingUSAAllStars2025	f	333fm	Aedan Bryant	2017BRYA06	m	NULL	NULL	USA
7659954	6	22	2333	CubingUSAAllStars2025	f	333fm	Chris Chi	2014CHIC01	m	NULL	NULL	USA
7659955	5	22	2300	CubingUSAAllStars2025	f	333fm	Carter Kucala	2015KUCA01	m	NULL	NULL	USA
7659956	2	22	2267	CubingUSAAllStars2025	f	333fm	Stanley Chapel	2016CHAP04	m	NULL	NULL	USA
7660464	2	21	2467	GaridechOpen2025	f	333fm	Alaric Pouchain	2019POUC01	m	NULL	NULL	France
7660470	1	21	2233	GaridechOpen2025	f	333fm	Quentin Rivault	2017RIVA09	m	NULL	NULL	France
7660479	3	24	2567	GaridechOpen2025	f	333fm	Nicolas Gertner Kilian	2013GERT01	m	NULL	NULL	France
7660481	13	20	-1	GaridechOpen2025	f	333fm	Adrien Neveu	2018NEVE02	m	NULL	NULL	France
7661685	7	25	3033	HungarianOpen2025	f	333fm	Amitai Ziv	2022ZIVA01	m	NULL	NULL	Israel
7661686	5	25	2700	HungarianOpen2025	f	333fm	Matic Omulec	2010OMUL02	m	NULL	NR	Slovenia
7661687	3	24	2633	HungarianOpen2025	f	333fm	Oliver Fritz	2014FRIT02	m	NULL	NULL	Germany
7661692	1	22	2333	HungarianOpen2025	f	333fm	Ben Baron	2016BARO04	m	NULL	NULL	Israel
7661698	4	25	2633	HungarianOpen2025	f	333fm	Szabolcs Szántai	2016SZAN01	m	NULL	NULL	Hungary
7661709	2	23	2500	HungarianOpen2025	f	333fm	Bence Barát	2008BARA01	m	NULL	NULL	Hungary
7669054	1	18	2233	FinnishFMCSeriesX2025	f	333fm	Enrico Tenuti	2017TENU01	m	NULL	NULL	Italy
7669055	2	23	2367	FinnishFMCSeriesX2025	f	333fm	Janne Lehtimäki	2012LEHT01	m	NULL	NULL	Finland
7672978	1	22	2300	ErlangenOpenII2025	f	333fm	Moritz Lotz	2017LOTZ01	m	NULL	NULL	Germany
7672981	4	23	2767	ErlangenOpenII2025	f	333fm	Shawn Lee Zhi Xuan (李致轩)	2017XUAN03	m	NULL	NULL	Malaysia
7672982	3	22	2533	ErlangenOpenII2025	f	333fm	Noah Kraft	2016KRAF01	m	NULL	NULL	Germany
7672990	2	22	2367	ErlangenOpenII2025	f	333fm	Dunhui Xiao (肖敦慧)	2018XIAO03	m	NULL	NULL	Germany
7674593	1	25	2767	ColombianNationalsFMC2025	1	333fm	Hector David Martinez Argaez	2014ARGA01	m	NULL	NULL	Colombia
7674595	12	25	-1	ColombianNationalsFMC2025	1	333fm	Brayan Alexander Sandoval Camacho	2022CAMA04	m	NULL	NULL	Colombia
7674607	1	23	2800	ColombianNationalsFMC2025	f	333fm	Hector David Martinez Argaez	2014ARGA01	m	NULL	NULL	Colombia
7676720	2	25	2767	CalviaOpen2025	f	333fm	Jordi Lleixà López	2023LOPE09	m	NULL	NULL	Spain
7676724	1	21	2400	CalviaOpen2025	f	333fm	Ben Baron	2016BARO04	m	NULL	NULL	Israel
7684027	1	24	0	VinaCubingFestVSC2025	f	333fm	Guido Dipietro	2013DIPI01	1	NULL	NULL	Argentina
7687122	1	21	2300	NorwegianFMChampionship2025	f	333fm	Mauro Moisés Ortega López	2016LOPE44	m	NULL	NULL	Spain
7687127	13	21	-1	NorwegianFMChampionship2025	f	333fm	Martin Gudahl Tufte	2022TUFT01	m	NR	NULL	Norway
7687128	3	22	2433	NorwegianFMChampionship2025	f	333fm	Oskar Feed Jakobsen	2017JAKO02	m	NULL	NULL	Norway
7687131	4	25	2767	NorwegianFMChampionship2025	f	333fm	Stian Nystad Østli	2016OSTL02	m	NULL	NULL	Norway
7687133	2	21	2433	NorwegianFMChampionship2025	f	333fm	Niklas Aasen Eliasson	2021ELIA01	m	NR	NULL	Norway
7687565	1	22	2400	HungarianAllRounder112025	f	333fm	Tino Joksch	2022JOKS01	m	NR	NR	Austria
7687567	2	23	2467	HungarianAllRounder112025	f	333fm	Szabolcs Szántai	2016SZAN01	m	NULL	NULL	Hungary
7692846	3	21	2267	PolishChampionship2025	f	333fm	Radomił Baran	2020BARA02	m	NULL	NULL	Poland
7692854	10	25	3100	PolishChampionship2025	f	333fm	Przemysław Rogalski	2013ROGA02	m	NULL	NULL	Poland
7692860	4	23	2367	PolishChampionship2025	f	333fm	Radosław Opoka	2013OPOK01	m	NULL	NULL	Poland
7692862	4	23	2367	PolishChampionship2025	f	333fm	Krzysztof Pietrusiak	2019PIET01	m	NULL	NULL	Poland
7692865	1	21	2200	PolishChampionship2025	f	333fm	Wojciech Rogoziński	2019ROGO04	m	NULL	NULL	Poland
7692869	2	21	2233	PolishChampionship2025	f	333fm	Marcin Chmielewski	2023CHMI01	m	NULL	NULL	Poland
7692870	7	21	2733	PolishChampionship2025	f	333fm	Michał Nikiel	2011NIKI01	m	NULL	NULL	Poland
7692872	6	21	2433	PolishChampionship2025	f	333fm	Dawid Wójcik	2016WOJC04	m	NULL	NULL	Poland
7696822	1	24	2600	RudnyOpen2025	f	333fm	Nikita Popkov	2017POPK01	m	NULL	NULL	Russia
7699010	1	24	2633	CampeonatodoCerrado2025	f	333fm	Marlon de V. Marques	2014MARQ02	m	NULL	NULL	Brazil
7699557	1	19	2133	TexasFMCChampionship2025	f	333fm	Ryan Pilat	2016PILA03	m	NULL	NULL	USA
7714456	1	25	0	OrediggerFallCO2025	f	333fm	Reid James Sungy	2021SUNG02	1	NULL	NULL	USA
7715395	2	25	3033	PBQUtahChampionship2025	f	333fm	Canyon Pettitt	2019PETT01	m	NULL	NULL	USA
7717148	5	25	-1	FinnishFMCSeriesXI2025	f	333fm	Enrico Tenuti	2017TENU01	m	NULL	NULL	Italy
7717151	1	23	2400	FinnishFMCSeriesXI2025	f	333fm	Janne Lehtimäki	2012LEHT01	m	NULL	NULL	Finland
7718070	2	25	2733	PleaseBeQuietBergen2025	f	333fm	Niklas Aasen Eliasson	2021ELIA01	m	NULL	NULL	Norway
7718071	1	20	2167	PleaseBeQuietBergen2025	f	333fm	Mauro Moisés Ortega López	2016LOPE44	m	NULL	NULL	Spain
7718075	7	25	-1	PleaseBeQuietBergen2025	f	333fm	Jakob Jernsletten	2018JERN01	m	NULL	NULL	Norway
7720605	2	23	2600	MinnesotaQuietChampionship2025	f	333fm	Walker Welch	2011WELC01	m	NULL	NULL	USA
7720607	1	20	2167	MinnesotaQuietChampionship2025	f	333fm	Evan Brown	2013BROW04	m	NULL	NULL	USA
7721425	1	22	2500	OhioQuietChampionship2025	f	333fm	Stanley Chapel	2016CHAP04	m	NULL	NULL	USA
7721430	4	23	2767	OhioQuietChampionship2025	f	333fm	Shawn Boucke	2016BOUC01	m	NULL	NULL	USA
7721432	13	25	-1	OhioQuietChampionship2025	f	333fm	Braden Richards	2017RICH02	m	NULL	NULL	USA
7721442	2	24	2567	OhioQuietChampionship2025	f	333fm	Harsha Paladugu	2017PALA08	m	NULL	NULL	USA
7722244	1	20	2267	DrehtsEichinErgolding2025	f	333fm	Moritz Lotz	2017LOTZ01	m	NULL	NULL	Germany
7722245	2	23	2400	DrehtsEichinErgolding2025	f	333fm	Dunhui Xiao (肖敦慧)	2018XIAO03	m	NULL	NULL	Germany
7722252	3	25	2600	DrehtsEichinErgolding2025	f	333fm	Noah Kraft	2016KRAF01	m	NULL	NULL	Germany
7722881	2	23	2633	RubiksFMCItaly2025	f	333fm	Tommaso Raposio	2014RAPO01	m	NULL	NULL	Italy
7722883	3	24	2800	RubiksFMCItaly2025	f	333fm	Vincenzo Maria Gammino	2016GAMM01	m	NULL	NULL	Italy
7722886	1	24	2567	RubiksFMCItaly2025	f	333fm	Lorenzo Mauro	2014MAUR06	m	NULL	NULL	Italy
7722900	2	21	2233	QuadCitiesSunday2025	f	333fm	Carter Kucala	2015KUCA01	m	NULL	NULL	USA
7722903	1	19	2067	QuadCitiesSunday2025	f	333fm	Evan Brown	2013BROW04	m	NULL	NULL	USA
7722909	2	21	2233	QuadCitiesSunday2025	f	333fm	Brian Johnson	2013JOHN10	m	NULL	NULL	USA
7722910	4	21	2267	QuadCitiesSunday2025	f	333fm	Alexander Wheeler	2014WHEE01	m	NULL	NULL	USA
7723906	10	24	-1	ParkSlopePBQ2025	1	333fm	Ishaan Lal	2014LALI01	m	NULL	NULL	USA
7723907	11	25	-1	ParkSlopePBQ2025	1	333fm	Sky Hong	2025HONG18	m	NULL	NULL	USA
7723910	3	23	2467	ParkSlopePBQ2025	1	333fm	Jack Lee	2012LEEJ05	m	NULL	NULL	Canada
7723911	2	22	2367	ParkSlopePBQ2025	1	333fm	Alexei Sinyavin	2016SINY01	m	NULL	NULL	USA
7723915	1	21	2233	ParkSlopePBQ2025	1	333fm	Chris Chi	2014CHIC01	m	NULL	NULL	USA
7723923	3	23	2567	ParkSlopePBQ2025	f	333fm	Jack Lee	2012LEEJ05	m	NULL	NULL	Canada
7723926	9	24	-1	ParkSlopePBQ2025	f	333fm	Austin Reed	2011REED01	m	NULL	NULL	USA
7723927	4	20	2733	ParkSlopePBQ2025	f	333fm	Ishaan Lal	2014LALI01	m	NULL	NULL	USA
7723928	2	19	2300	ParkSlopePBQ2025	f	333fm	Alexei Sinyavin	2016SINY01	m	NULL	NULL	USA
7723929	1	19	2167	ParkSlopePBQ2025	f	333fm	Chris Chi	2014CHIC01	m	NULL	NULL	USA
7724056	12	24	-1	RizalRaiseaSilence2025	f	333fm	Yuki Yamamoto (山本祐輝)	2010YAMA04	m	NULL	NULL	Japan
7724067	3	22	2633	RizalRaiseaSilence2025	f	333fm	Hsiang-Cheng Kan (闞祥誠)	2016KANH02	m	NULL	NULL	Taiwan
7724068	1	21	2333	RizalRaiseaSilence2025	f	333fm	Takumi Tamura (田村匠)	2019TAMU01	m	NULL	NULL	Japan
7724069	2	22	2367	RizalRaiseaSilence2025	f	333fm	Yuji Yoshida	2015YOSH01	m	NULL	NR	Philippines
7727781	1	24	0	BeijingOnly3x32025	f	333fm	Qijun Miao (缪其隽)	2014MIAO02	1	NULL	NULL	China
7737673	1	21	2267	KyivBlindSideAutumn2025	1	333fm	Yurii Riabov (Юрій Рябов)	2018RIAB01	m	NULL	NULL	Ukraine
7737676	5	20	-1	KyivBlindSideAutumn2025	f	333fm	Modest Podzolkin	2017PODZ01	m	NULL	NULL	Ukraine
7737681	1	21	2167	KyivBlindSideAutumn2025	f	333fm	Yurii Riabov (Юрій Рябов)	2018RIAB01	m	NULL	NULL	Ukraine
7739049	1	18	2100	MalaysiaFMCChampionship2025	f	333fm	Wong Chong Wen (黄崇文)	2014WENW01	m	NR	NULL	Singapore
7739050	2	18	2400	MalaysiaFMCChampionship2025	f	333fm	Takumi Tamura (田村匠)	2019TAMU01	m	NR	NULL	Japan
7739051	3	24	2433	MalaysiaFMCChampionship2025	f	333fm	Vincent Hartanto Utomo	2010UTOM01	m	NULL	NULL	Indonesia
7739052	4	24	2567	MalaysiaFMCChampionship2025	f	333fm	Teh Keng Foo (郑庆富)	2011FOOT01	m	NULL	NULL	Malaysia
7739053	5	25	2633	MalaysiaFMCChampionship2025	f	333fm	Ang Chin Zhen (洪靖程)	2016ZHEN09	m	NULL	NULL	Malaysia
7739059	11	18	-1	MalaysiaFMCChampionship2025	f	333fm	Dylan Seah Tze Siang (谢智翔)	2015SIAN01	m	NR	NULL	Singapore
7739060	12	25	-1	MalaysiaFMCChampionship2025	f	333fm	Glen Goh Wee Zhuan (吴洧全)	2015ZHUA01	m	NULL	NULL	Singapore
7741490	2	24	2700	QuietSeattleNovember2025	f	333fm	Calvin Nielson	2014NIEL03	m	NULL	NULL	USA
7741496	1	22	2400	QuietSeattleNovember2025	f	333fm	Jackson Warley	2008WARL01	m	NULL	NULL	USA
7745412	2	25	0	MelbourneCubeDays2025	f	333fm	David Epstein	2016EPST02	1	NULL	NULL	Australia
7745444	1	23	0	MelbourneCubeDays2025	f	333fm	Firstian Fushada (符逢城)	2015FUSH01	1	NULL	NULL	Indonesia
7748181	1	22	2533	MarinoMadness2025	f	333fm	Gerard McGinley	2019MCGI01	m	NULL	NULL	Australia
7751954	1	22	2400	FMCNewZealand2025	f	333fm	Tom Nelson	2013NELS01	m	NULL	NULL	New Zealand
7751955	2	23	2767	FMCNewZealand2025	f	333fm	Aneurin Hunt	2010HUNT02	m	NULL	NULL	New Zealand
7751959	6	24	3233	FMCNewZealand2025	f	333fm	Franklin Y. Yuan	2022YUAN07	m	NULL	NULL	New Zealand
7751971	18	24	-1	FMCNewZealand2025	f	333fm	Jack McDougall	2020MCDO01	m	NULL	NULL	New Zealand
7752527	1	20	2100	OtsuFMCWinter2025	1	333fm	Yiwei Liu (刘伊玮)	2012LIUY03	m	NULL	NULL	China
7752528	2	22	2233	OtsuFMCWinter2025	1	333fm	Takumi Tamura (田村匠)	2019TAMU01	m	NULL	NULL	Japan
7752529	3	21	2300	OtsuFMCWinter2025	1	333fm	Hajime Miyazaki (宮崎朔)	2022MIYA01	m	NULL	NULL	Japan
7752530	4	22	2300	OtsuFMCWinter2025	1	333fm	Shota Wakabayashi (若林翔太)	2023KADO01	m	NULL	NULL	Japan
7752531	5	22	2333	OtsuFMCWinter2025	1	333fm	Shuto Ueno (上野柊斗)	2008UENO01	m	NULL	NULL	Japan
7752532	6	23	2367	OtsuFMCWinter2025	1	333fm	Tomoyuki Hiraide (平出智之)	2012HIRA01	m	NULL	NULL	Japan
7752533	7	22	2400	OtsuFMCWinter2025	1	333fm	Kazuya Ishii (石井一也)	2019ISHI07	m	NULL	NULL	Japan
7752534	8	23	2433	OtsuFMCWinter2025	1	333fm	Yuki Yamamoto (山本祐輝)	2010YAMA04	m	NULL	NULL	Japan
7752535	9	24	2800	OtsuFMCWinter2025	1	333fm	Yuto Morishita (森下優斗)	2023SHIK03	m	NULL	NULL	Japan
7752538	12	23	3133	OtsuFMCWinter2025	1	333fm	Akatsuki Kitamura (北村曉)	2017KITA01	m	NULL	NULL	Japan
7752540	14	24	3367	OtsuFMCWinter2025	1	333fm	Tomohiro Kobayashi (小林知広)	2013KOBA01	m	NULL	NULL	Japan
7752542	16	22	3633	OtsuFMCWinter2025	1	333fm	Tomoki Moriyama (森山智樹)	2017MORI11	m	NULL	NULL	Japan
7752546	20	25	-1	OtsuFMCWinter2025	1	333fm	Syunei Miyauchi (宮内俊英)	2017MIYA07	m	NULL	NULL	Japan
7752552	1	23	2300	OtsuFMCWinter2025	f	333fm	Hajime Miyazaki (宮崎朔)	2022MIYA01	m	NULL	NULL	Japan
7752553	2	23	2333	OtsuFMCWinter2025	f	333fm	Shota Wakabayashi (若林翔太)	2023KADO01	m	NULL	NULL	Japan
7752554	3	22	2367	OtsuFMCWinter2025	f	333fm	Yuto Morishita (森下優斗)	2023SHIK03	m	NULL	NULL	Japan
7752555	4	22	2400	OtsuFMCWinter2025	f	333fm	Tomohiro Kobayashi (小林知広)	2013KOBA01	m	NULL	NULL	Japan
7752556	5	23	2433	OtsuFMCWinter2025	f	333fm	Tomoyuki Hiraide (平出智之)	2012HIRA01	m	NULL	NULL	Japan
7752557	6	25	2500	OtsuFMCWinter2025	f	333fm	Shuto Ueno (上野柊斗)	2008UENO01	m	NULL	NULL	Japan
7752558	7	24	2533	OtsuFMCWinter2025	f	333fm	Kazuya Ishii (石井一也)	2019ISHI07	m	NULL	NULL	Japan
7752559	8	25	2600	OtsuFMCWinter2025	f	333fm	Yuki Yamamoto (山本祐輝)	2010YAMA04	m	NULL	NULL	Japan
7752561	10	25	2967	OtsuFMCWinter2025	f	333fm	Tomoki Moriyama (森山智樹)	2017MORI11	m	NULL	NULL	Japan
7752566	15	21	-1	OtsuFMCWinter2025	f	333fm	Yiwei Liu (刘伊玮)	2012LIUY03	m	NULL	NULL	China
7752567	16	25	-1	OtsuFMCWinter2025	f	333fm	Takumi Tamura (田村匠)	2019TAMU01	m	NULL	NULL	Japan
7753086	1	20	2233	FinnishFMCSeriesXII2025	f	333fm	Enrico Tenuti	2017TENU01	m	NULL	NULL	Italy
7753087	2	24	2867	FinnishFMCSeriesXII2025	f	333fm	Urho Kinnunen	2018KINN05	m	NULL	NULL	Finland
7753305	1	22	2333	VltavaFMC2025	1	333fm	Jan Riedl	2019RIED01	m	NULL	NULL	Czech Republic
7753306	2	24	2533	VltavaFMC2025	1	333fm	Jan Bentlage	2010BENT01	m	NULL	NULL	Germany
7753307	3	25	2667	VltavaFMC2025	1	333fm	David Slabý	2022SLAB01	m	NULL	NULL	Czech Republic
7753314	1	22	2367	VltavaFMC2025	f	333fm	Jan Riedl	2019RIED01	m	NULL	NULL	Czech Republic
7753315	2	22	2400	VltavaFMC2025	f	333fm	Jan Bentlage	2010BENT01	m	NULL	NULL	Germany
7757053	3	23	2867	FMCpaGKV2025	f	333fm	Hennie Færden	2019FARD01	m	NULL	NULL	Norway
7757055	1	25	2667	FMCpaGKV2025	f	333fm	Niklas Aasen Eliasson	2021ELIA01	m	NULL	NULL	Norway
7758853	1	25	0	OrebroVinterkubingSideEvents2025	f	333fm	Helmer Ewert	2015EWER01	1	NULL	NULL	Sweden
7759302	2	24	2633	CapivaraCuritiba2025	f	333fm	Anuar Miguel Abib Onofre	2015ONOF01	m	NULL	NULL	Brazil
7759303	1	24	2533	CapivaraCuritiba2025	f	333fm	Marlon de V. Marques	2014MARQ02	m	NULL	NULL	Brazil
7762647	1	24	0	SwisscubingCupFinal2025	f	333fm	Timo Günthardt	2019GUNT04	1	NULL	NULL	Switzerland
7762648	1	24	0	SwisscubingCupFinal2025	f	333fm	Noah Kraft	2016KRAF01	1	NULL	NULL	Germany
7782107	2	21	2267	DDDSingapore2025	f	333fm	Firstian Fushada (符逢城)	2015FUSH01	m	NULL	NULL	Indonesia
7782108	3	22	2400	DDDSingapore2025	f	333fm	Vincent Hartanto Utomo	2010UTOM01	m	NULL	NULL	Indonesia
7782109	9	22	-1	DDDSingapore2025	f	333fm	Luis Tan Hong Yi (陈宏溢)	2023YILU01	m	NULL	NULL	Singapore
7782111	1	20	2167	DDDSingapore2025	f	333fm	Wong Chong Wen (黄崇文)	2014WENW01	m	NULL	NULL	Singapore
7782112	8	21	-1	DDDSingapore2025	f	333fm	Dylan Seah Tze Siang (谢智翔)	2015SIAN01	m	NULL	NULL	Singapore
7782117	10	25	-1	DDDSingapore2025	f	333fm	Ge Shi (石歌)	2024GESH01	m	NULL	NULL	China
7782157	1	21	2367	KoreanFMCChampionship2025	1	333fm	Kyeongmin Choi (최경민)	2017CHOI07	m	NULL	NULL	Korea
7782158	2	23	2400	KoreanFMCChampionship2025	1	333fm	Dohyun Kim (김도현)	2013KIMD01	m	NULL	NULL	Korea
7782159	3	23	2433	KoreanFMCChampionship2025	1	333fm	Jihan Lee (이지한)	2025LEEJ41	m	NULL	NULL	Korea
7782160	4	22	2500	KoreanFMCChampionship2025	1	333fm	Hajime Miyazaki (宮崎朔)	2022MIYA01	m	NULL	NULL	Japan
7782161	5	24	2500	KoreanFMCChampionship2025	1	333fm	Takumi Tamura (田村匠)	2019TAMU01	m	NULL	NULL	Japan
7782162	6	24	2600	KoreanFMCChampionship2025	1	333fm	DongSoo Park (박동수)	2017PARK05	m	NULL	NULL	Korea
7782170	14	22	-1	KoreanFMCChampionship2025	1	333fm	Shuto Ueno (上野柊斗)	2008UENO01	m	NULL	NULL	Japan
7782177	1	20	2100	KoreanFMCChampionship2025	f	333fm	Kyeongmin Choi (최경민)	2017CHOI07	m	NULL	NR	Korea
7782178	2	22	2267	KoreanFMCChampionship2025	f	333fm	Hajime Miyazaki (宮崎朔)	2022MIYA01	m	NULL	NULL	Japan
7782179	3	21	2300	KoreanFMCChampionship2025	f	333fm	Jaehyun Jeong (정재현)	2016JEON02	m	NULL	NULL	Korea
7782180	4	22	2400	KoreanFMCChampionship2025	f	333fm	Takumi Tamura (田村匠)	2019TAMU01	m	NULL	NULL	Japan
7782181	5	23	2467	KoreanFMCChampionship2025	f	333fm	Shuto Ueno (上野柊斗)	2008UENO01	m	NULL	NULL	Japan
7782182	6	24	2533	KoreanFMCChampionship2025	f	333fm	Dohyun Kim (김도현)	2013KIMD01	m	NULL	NULL	Korea
7782183	6	24	2533	KoreanFMCChampionship2025	f	333fm	DongSoo Park (박동수)	2017PARK05	m	NULL	NULL	Korea
7782184	6	24	2533	KoreanFMCChampionship2025	f	333fm	Jihan Lee (이지한)	2025LEEJ41	m	NULL	NULL	Korea
7788633	1	23	2367	FMCLusofono2025	f	333fm	Anuar Miguel Abib Onofre	2015ONOF01	m	NULL	NULL	Brazil
7788634	2	23	2433	FMCLusofono2025	f	333fm	Marlon de V. Marques	2014MARQ02	m	NULL	NULL	Brazil
7788635	3	24	2767	FMCLusofono2025	f	333fm	Vasco Vasconcelos	2008VASC01	m	NULL	NULL	Portugal
7788656	24	22	-1	FMCLusofono2025	f	333fm	Victor Farles Cavalcante Alves	2022ALVE07	m	NULL	NULL	Brazil
7788657	25	25	-1	FMCLusofono2025	f	333fm	Beatriz Hernandes Bernardes	2022BERN01	m	NULL	NULL	Brazil
7793321	2	25	3000	BoliviaNationalsFMC2025	f	333fm	Alberto Arturo Ayllón Bustos	2016BUST04	m	NULL	NULL	Bolivia
7796887	3	23	2633	WiltshireWinter2025	f	333fm	Dorian Chan	2023DORI01	m	NULL	NULL	Hong Kong
7796892	5	25	2933	WiltshireWinter2025	f	333fm	Austin Reed	2011REED01	m	NULL	NULL	USA
7796897	2	23	2433	WiltshireWinter2025	f	333fm	Kai Cui	2019CUIK03	m	NULL	NULL	United Kingdom
7796904	1	22	2400	WiltshireWinter2025	f	333fm	Fabio Schwandt	2014SCHW02	m	NULL	NULL	United Kingdom
7796911	4	25	2667	WiltshireWinter2025	f	333fm	Sam Spendla	2015SPEN01	m	NULL	NULL	United Kingdom
7804140	1	22	2333	FranconiaChristmas2025	f	333fm	Moritz Lotz	2017LOTZ01	m	NULL	NULL	Germany
7804143	2	22	2567	FranconiaChristmas2025	f	333fm	Shawn Lee Zhi Xuan (李致轩)	2017XUAN03	m	NULL	NULL	Malaysia
7804144	2	22	2567	FranconiaChristmas2025	f	333fm	Noah Kraft	2016KRAF01	m	NULL	NULL	Germany
7807766	1	20	2300	GeorgetownFMC2025	f	333fm	Ryan Pilat	2016PILA03	m	NULL	NULL	USA
7807830	1	22	2267	IHopeItsSolvedEdmonton2025	f	333fm	Deven Huard-Bernuy	2019HUAR04	m	NULL	NULL	Canada
7807831	2	22	2567	IHopeItsSolvedEdmonton2025	f	333fm	Elijah De Groote	2014GROO01	m	NULL	NULL	Canada
7808067	1	21	2133	FMCCubingChina2025	f	333fm	Baiqiang Dong (董百强)	2008DONG06	m	NULL	NULL	China
7808068	2	21	2233	FMCCubingChina2025	f	333fm	Nachuan Sun (孙纳川)	2017SUNN02	m	NULL	NULL	China
7808069	3	21	2267	FMCCubingChina2025	f	333fm	Takumi Tamura (田村匠)	2019TAMU01	m	NULL	NULL	Japan
7808070	4	22	2300	FMCCubingChina2025	f	333fm	Yongqiang Peng (彭永强)	2013PENG02	m	NULL	NULL	China
7808071	5	21	2400	FMCCubingChina2025	f	333fm	Jibo Zhao (赵吉波)	2010ZHAO11	m	NULL	NULL	China
7808072	6	22	2467	FMCCubingChina2025	f	333fm	Weijie Jian (简维杰)	2011JIAN07	m	NULL	NULL	China
7808073	7	24	2467	FMCCubingChina2025	f	333fm	Qijun Miao (缪其隽)	2014MIAO02	m	NULL	NULL	China
7808074	8	24	2500	FMCCubingChina2025	f	333fm	Xiwen Ruan (阮熙文)	2018RUAN04	m	NULL	NULL	China
7808075	9	25	2533	FMCCubingChina2025	f	333fm	Yibo Wang (王怡卜)	2023WANY11	m	NULL	NULL	China
7808076	10	22	2567	FMCCubingChina2025	f	333fm	Kun Zhu (朱坤)	2011ZHUK01	m	NULL	NULL	China
7808077	11	23	2567	FMCCubingChina2025	f	333fm	Yanghong Zhang (张扬红)	2024ZHAN75	m	NULL	NULL	China
7808078	12	24	2600	FMCCubingChina2025	f	333fm	Tianze Xu (徐天泽)	2015XUTI01	m	NULL	NULL	China
7808079	13	24	2633	FMCCubingChina2025	f	333fm	Maosheng Chen (陈茂盛)	2012CHEN44	m	NULL	NULL	China
7808086	20	25	2867	FMCCubingChina2025	f	333fm	Zibo Xu (徐子博)	2014XUZI01	m	NULL	NULL	China
7808099	33	22	3267	FMCCubingChina2025	f	333fm	Zhiyuan Ma (马之元)	2017MAZH04	m	NULL	NULL	China
7808152	86	22	-1	FMCCubingChina2025	f	333fm	Minxing Zhang (张敏行)	2023ZHAN23	m	NULL	NULL	China
7808153	87	23	-1	FMCCubingChina2025	f	333fm	Yiwei Liu (刘伊玮)	2012LIUY03	m	NULL	NULL	China
7808154	88	25	-1	FMCCubingChina2025	f	333fm	Zian Song (宋子安)	2014SONG08	m	NULL	NULL	China
7808219	9	20	2300	FMCundertheMistletoe2025	1	333fm	Walker Welch	2011WELC01	m	NULL	NULL	USA
7808220	1	19	2067	FMCundertheMistletoe2025	1	333fm	Louis-Marie Ratto	2019RATT02	m	NULL	NR	France
7808221	17	22	2367	FMCundertheMistletoe2025	1	333fm	Dunhui Xiao (肖敦慧)	2018XIAO03	m	NULL	NULL	Germany
7808223	7	21	2233	FMCundertheMistletoe2025	1	333fm	Ryan Pilat	2016PILA03	m	NULL	NULL	USA
7808228	175	25	-1	FMCundertheMistletoe2025	1	333fm	Benjamin Kyle	2016KYLE01	m	NULL	NULL	Canada
7808231	16	22	2333	FMCundertheMistletoe2025	1	333fm	Nachuan Sun (孙纳川)	2017SUNN02	m	NULL	NULL	China
7808232	42	24	2700	FMCundertheMistletoe2025	1	333fm	Jack McDougall	2020MCDO01	m	NULL	NULL	New Zealand
7808234	5	21	2200	FMCundertheMistletoe2025	1	333fm	Baiqiang Dong (董百强)	2008DONG06	m	NULL	NULL	China
7808235	33	24	2567	FMCundertheMistletoe2025	1	333fm	Zian Song (宋子安)	2014SONG08	m	NULL	NULL	China
7808236	39	22	2667	FMCundertheMistletoe2025	1	333fm	Yongqiang Peng (彭永强)	2013PENG02	m	NULL	NULL	China
7808239	33	24	2567	FMCundertheMistletoe2025	1	333fm	Kun Zhu (朱坤)	2011ZHUK01	m	NULL	NULL	China
7808241	170	22	-1	FMCundertheMistletoe2025	1	333fm	Zhuocheng Guo (郭卓成)	2024GUOZ04	m	NULL	NULL	China
7808242	21	22	2400	FMCundertheMistletoe2025	1	333fm	Qijun Miao (缪其隽)	2014MIAO02	m	NULL	NULL	China
7808244	37	24	2633	FMCundertheMistletoe2025	1	333fm	Brayan Alexander Sandoval Camacho	2022CAMA04	m	NULL	NULL	Colombia
7808248	174	24	-1	FMCundertheMistletoe2025	1	333fm	Weijie Jian (简维杰)	2011JIAN07	m	NULL	NULL	China
7808254	22	24	2400	FMCundertheMistletoe2025	1	333fm	Marlon de V. Marques	2014MARQ02	m	NULL	NULL	Brazil
7808259	23	22	2433	FMCundertheMistletoe2025	1	333fm	Zeke Mackay	2015MACK06	m	NULL	NULL	USA
7808264	33	24	2567	FMCundertheMistletoe2025	1	333fm	Martin Vædele Egdal	2013EGDA02	m	NULL	NULL	Denmark
7808265	13	22	2300	FMCundertheMistletoe2025	1	333fm	Adam Marcellus Kelly	2016KELL10	m	NULL	NULL	Denmark
7808266	41	23	2700	FMCundertheMistletoe2025	1	333fm	Xiwen Ruan (阮熙文)	2018RUAN04	m	NULL	NULL	China
7808271	23	22	2433	FMCundertheMistletoe2025	1	333fm	Yanghong Zhang (张扬红)	2024ZHAN75	m	NULL	NULL	China
7808272	2	20	2100	FMCundertheMistletoe2025	1	333fm	Carter Kucala	2015KUCA01	m	NULL	NULL	USA
7808274	28	24	2467	FMCundertheMistletoe2025	1	333fm	Simon Kellum	2016KELL12	m	NULL	NULL	USA
7808275	20	21	2400	FMCundertheMistletoe2025	1	333fm	Tianze Xu (徐天泽)	2015XUTI01	m	NULL	NULL	China
7808280	47	25	2900	FMCundertheMistletoe2025	1	333fm	Thompson Clarke	2008CLAR01	m	NULL	NULL	Canada
7808282	38	25	2633	FMCundertheMistletoe2025	1	333fm	Haohan Zheng (郑皓涵)	2019ZHEN38	m	NULL	NULL	China
7808291	5	21	2200	FMCundertheMistletoe2025	1	333fm	Radomił Baran	2020BARA02	m	NULL	NULL	Poland
7808294	8	21	2267	FMCundertheMistletoe2025	1	333fm	Moritz Lotz	2017LOTZ01	m	NULL	NULL	Germany
7808308	4	21	2167	FMCundertheMistletoe2025	1	333fm	Jibo Zhao (赵吉波)	2010ZHAO11	m	NULL	NULL	China
7808309	3	20	2167	FMCundertheMistletoe2025	1	333fm	Nicolas Gertner Kilian	2013GERT01	m	NULL	NULL	France
7808310	10	21	2300	FMCundertheMistletoe2025	1	333fm	Dewei Tan (譚得唯)	2024TAND01	m	NULL	NULL	Hong Kong
7808311	29	21	2500	FMCundertheMistletoe2025	1	333fm	Takumi Tamura (田村匠)	2019TAMU01	m	NULL	NULL	Japan
7808321	26	21	2467	FMCundertheMistletoe2025	1	333fm	Louis Sarthou	2012SART01	m	NULL	NULL	France
7808322	167	20	-1	FMCundertheMistletoe2025	1	333fm	Radosław Opoka	2013OPOK01	m	NULL	NULL	Poland
7808330	10	21	2300	FMCundertheMistletoe2025	1	333fm	Marcin Chmielewski	2023CHMI01	m	NULL	NULL	Poland
7808336	170	22	-1	FMCundertheMistletoe2025	1	333fm	Ibrahim Quraishi	2018QURA01	m	NULL	NULL	Canada
7808338	15	21	2333	FMCundertheMistletoe2025	1	333fm	Jackson Warley	2008WARL01	m	NULL	NULL	USA
7808348	31	24	2533	FMCundertheMistletoe2025	1	333fm	Roy Tamir	2014TAMI01	m	NULL	NULL	Israel
7808364	61	24	3200	FMCundertheMistletoe2025	1	333fm	Nipun Das	2017DASN01	m	NULL	NULL	USA
7808365	55	24	3100	FMCundertheMistletoe2025	1	333fm	Łukasz Dubicki	2018DUBI01	m	NULL	NULL	Poland
7808366	44	25	2800	FMCundertheMistletoe2025	1	333fm	Chiara Marcucci	2021MARC03	m	NULL	NULL	Italy
7808367	43	24	2767	FMCundertheMistletoe2025	1	333fm	Dori Rechtman	2025RECH01	m	NULL	NULL	Israel
7808368	40	24	2667	FMCundertheMistletoe2025	1	333fm	Jeremy Sheng	2019SHEN10	m	NULL	NULL	USA
7808369	36	22	2600	FMCundertheMistletoe2025	1	333fm	Ben Baron	2016BARO04	m	NULL	NULL	Israel
7808370	30	23	2500	FMCundertheMistletoe2025	1	333fm	Jack Lee	2012LEEJ05	m	NULL	NULL	Canada
7808371	23	22	2433	FMCundertheMistletoe2025	1	333fm	Jordi Lleixà López	2023LOPE09	m	NULL	NULL	Spain
7808372	170	22	-1	FMCundertheMistletoe2025	1	333fm	Adrien Neveu	2018NEVE02	m	NULL	NULL	France
7808373	27	22	2467	FMCundertheMistletoe2025	1	333fm	Alexis Le Merrer	2019MERR02	m	NULL	NULL	France
7808383	175	25	-1	FMCundertheMistletoe2025	1	333fm	Jack Flynn Stewart	2017STEW08	m	NULL	NULL	USA
7808390	17	22	2367	FMCundertheMistletoe2025	1	333fm	Brian Johnson	2013JOHN10	m	NULL	NULL	USA
7808416	13	22	2300	FMCundertheMistletoe2025	1	333fm	Yiwei Liu (刘伊玮)	2012LIUY03	m	NULL	NULL	China
7808421	168	21	-1	FMCundertheMistletoe2025	1	333fm	Lewis Isom	2018ISOM02	m	NULL	NULL	USA
7808431	173	23	-1	FMCundertheMistletoe2025	1	333fm	Charles Bois	2023BOIS02	m	NULL	NULL	USA
7808434	10	21	2300	FMCundertheMistletoe2025	1	333fm	Tom Nelson	2013NELS01	m	NULL	NULL	New Zealand
7808436	17	22	2367	FMCundertheMistletoe2025	1	333fm	Cale Schoon	2014SCHO02	m	NULL	NULL	USA
7808450	168	21	-1	FMCundertheMistletoe2025	1	333fm	Alexander Wheeler	2014WHEE01	m	NULL	NULL	USA
7808468	32	22	2567	FMCundertheMistletoe2025	1	333fm	Noah Kraft	2016KRAF01	m	NULL	NULL	Germany
7808469	17	21	2400	FMCundertheMistletoe2025	f	333fm	Baiqiang Dong (董百强)	2008DONG06	m	NULL	NULL	China
7808473	117	22	-1	FMCundertheMistletoe2025	f	333fm	Haohan Zheng (郑皓涵)	2019ZHEN38	m	NULL	NULL	China
7808477	33	25	2533	FMCundertheMistletoe2025	f	333fm	Maosheng Chen (陈茂盛)	2012CHEN44	m	NULL	NULL	China
7808478	117	22	-1	FMCundertheMistletoe2025	f	333fm	Simon Kellum	2016KELL12	m	NULL	NULL	USA
7808479	117	22	-1	FMCundertheMistletoe2025	f	333fm	Mok Man Kit (莫文傑)	2009KITM01	m	NULL	NULL	Hong Kong
7808480	29	24	2500	FMCundertheMistletoe2025	f	333fm	Marlon de V. Marques	2014MARQ02	m	NULL	NULL	Brazil
7808482	11	22	2333	FMCundertheMistletoe2025	f	333fm	Jibo Zhao (赵吉波)	2010ZHAO11	m	NULL	NULL	China
7808483	117	22	-1	FMCundertheMistletoe2025	f	333fm	Dewei Tan (譚得唯)	2024TAND01	m	NULL	NULL	Hong Kong
7808489	125	24	-1	FMCundertheMistletoe2025	f	333fm	Xiwen Ruan (阮熙文)	2018RUAN04	m	NULL	NULL	China
7808494	31	24	2533	FMCundertheMistletoe2025	f	333fm	Chiara Marcucci	2021MARC03	m	NULL	NULL	Italy
7808496	31	24	2533	FMCundertheMistletoe2025	f	333fm	Ryan Pilat	2016PILA03	m	NULL	NULL	USA
7808497	37	25	2600	FMCundertheMistletoe2025	f	333fm	Jeremy Sheng	2019SHEN10	m	NULL	NULL	USA
7808504	123	23	-1	FMCundertheMistletoe2025	f	333fm	Adrien Neveu	2018NEVE02	m	NULL	NULL	France
7808505	117	22	-1	FMCundertheMistletoe2025	f	333fm	Benjamin Kyle	2016KYLE01	m	NULL	NULL	Canada
7808518	123	23	-1	FMCundertheMistletoe2025	f	333fm	Tom Nelson	2013NELS01	m	NULL	NULL	New Zealand
7808522	16	22	2367	FMCundertheMistletoe2025	f	333fm	Radosław Opoka	2013OPOK01	m	NULL	NULL	Poland
7808525	22	23	2433	FMCundertheMistletoe2025	f	333fm	Weijie Jian (简维杰)	2011JIAN07	m	NULL	NULL	China
7808533	126	25	-1	FMCundertheMistletoe2025	f	333fm	Riccardo Raciti	2016RACI03	m	NR	NULL	Slovakia
7808535	126	25	-1	FMCundertheMistletoe2025	f	333fm	Xuyang Zhang (张煦阳)	2014ZHAN43	m	NULL	NULL	China
7808536	19	23	2400	FMCundertheMistletoe2025	f	333fm	Ben Baron	2016BARO04	m	NULL	NULL	Israel
7808541	8	21	2300	FMCundertheMistletoe2025	f	333fm	Dunhui Xiao (肖敦慧)	2018XIAO03	m	NULL	NULL	Germany
7808561	28	22	2500	FMCundertheMistletoe2025	f	333fm	Walker Welch	2011WELC01	m	NULL	NULL	USA
7808562	24	22	2467	FMCundertheMistletoe2025	f	333fm	Jordi Lleixà López	2023LOPE09	m	NULL	NULL	Spain
7808564	2	21	2200	FMCundertheMistletoe2025	f	333fm	Adam Marcellus Kelly	2016KELL10	m	NULL	NULL	Denmark
7808565	4	21	2233	FMCundertheMistletoe2025	f	333fm	Moritz Lotz	2017LOTZ01	m	NULL	NULL	Germany
7808570	36	24	2600	FMCundertheMistletoe2025	f	333fm	Roy Tamir	2014TAMI01	m	NULL	NULL	Israel
7808573	30	23	2533	FMCundertheMistletoe2025	f	333fm	Jack Lee	2012LEEJ05	m	NULL	NULL	Canada
7808574	48	25	2967	FMCundertheMistletoe2025	f	333fm	Vincenzo Maria Gammino	2016GAMM01	m	NULL	NULL	Italy
7808578	4	21	2233	FMCundertheMistletoe2025	f	333fm	Radomił Baran	2020BARA02	m	NULL	NULL	Poland
7808580	126	25	-1	FMCundertheMistletoe2025	f	333fm	Shawn Lee Zhi Xuan (李致轩)	2017XUAN03	m	NULL	NULL	Malaysia
7808582	7	21	2267	FMCundertheMistletoe2025	f	333fm	Alexis Le Merrer	2019MERR02	m	NULL	NULL	France
7808583	38	21	2633	FMCundertheMistletoe2025	f	333fm	Kun Zhu (朱坤)	2011ZHUK01	m	NULL	NULL	China
7808585	19	23	2400	FMCundertheMistletoe2025	f	333fm	Lewis Isom	2018ISOM02	m	NULL	NULL	USA
7808590	42	25	2800	FMCundertheMistletoe2025	f	333fm	Martin Vædele Egdal	2013EGDA02	m	NULL	NULL	Denmark
7808592	8	21	2300	FMCundertheMistletoe2025	f	333fm	Carter Kucala	2015KUCA01	m	NULL	NULL	USA
7808594	25	23	2467	FMCundertheMistletoe2025	f	333fm	Louis Sarthou	2012SART01	m	NULL	NULL	France
7808598	11	22	2333	FMCundertheMistletoe2025	f	333fm	Jack McDougall	2020MCDO01	m	NULL	NULL	New Zealand
7808602	26	24	2467	FMCundertheMistletoe2025	f	333fm	Jackson Warley	2008WARL01	m	NULL	NULL	USA
7808614	11	22	2333	FMCundertheMistletoe2025	f	333fm	Yanghong Zhang (张扬红)	2024ZHAN75	m	NULL	NULL	China
7808618	4	21	2233	FMCundertheMistletoe2025	f	333fm	Alexander Wheeler	2014WHEE01	m	NULL	NULL	USA
7808619	22	23	2433	FMCundertheMistletoe2025	f	333fm	Zeke Mackay	2015MACK06	m	NULL	NULL	USA
7808621	117	22	-1	FMCundertheMistletoe2025	f	333fm	Brayan Alexander Sandoval Camacho	2022CAMA04	m	NULL	NULL	Colombia
7808624	11	22	2333	FMCundertheMistletoe2025	f	333fm	Marcin Chmielewski	2023CHMI01	m	NULL	NULL	Poland
7808625	10	22	2300	FMCundertheMistletoe2025	f	333fm	Brian Johnson	2013JOHN10	m	NULL	NULL	USA
7808626	39	25	2667	FMCundertheMistletoe2025	f	333fm	Yongqiang Peng (彭永强)	2013PENG02	m	NULL	NULL	China
7808627	35	23	2600	FMCundertheMistletoe2025	f	333fm	Noah Kraft	2016KRAF01	m	NULL	NULL	Germany
7808633	2	21	2200	FMCundertheMistletoe2025	f	333fm	Louis-Marie Ratto	2019RATT02	m	NULL	NULL	France
7808634	18	22	2400	FMCundertheMistletoe2025	f	333fm	Cale Schoon	2014SCHO02	m	NULL	NULL	USA
7808642	1	20	2167	FMCundertheMistletoe2025	f	333fm	Yiwei Liu (刘伊玮)	2012LIUY03	m	NULL	NULL	China
7808645	19	23	2400	FMCundertheMistletoe2025	f	333fm	Nachuan Sun (孙纳川)	2017SUNN02	m	NULL	NULL	China
7808646	34	24	2567	FMCundertheMistletoe2025	f	333fm	Nicolas Gertner Kilian	2013GERT01	m	NULL	NULL	France
7808647	51	25	3033	FMCundertheMistletoe2025	f	333fm	Matthew Liu (刘东睿)	2018LIUM06	m	NULL	NULL	Canada
7808649	26	24	2467	FMCundertheMistletoe2025	f	333fm	Takumi Tamura (田村匠)	2019TAMU01	m	NULL	NULL	Japan
7808650	11	22	2333	FMCundertheMistletoe2025	f	333fm	Qijun Miao (缪其隽)	2014MIAO02	m	NULL	NULL	China
7819449	2	24	0	TaiwanChampionship2025	f	333fm	Hsiang-Cheng Kan (闞祥誠)	2016KANH02	1	NULL	NULL	Taiwan
7819453	5	25	0	TaiwanChampionship2025	f	333fm	Haruka Kitamura (北村晴香)	2017KITA03	1	NULL	NULL	Japan
7819459	2	24	0	TaiwanChampionship2025	f	333fm	Cian-Jyun Yang (楊謙君)	2019YANG94	1	NULL	NULL	Taiwan
7819461	1	22	0	TaiwanChampionship2025	f	333fm	Tomohiro Kobayashi (小林知広)	2013KOBA01	1	NULL	NULL	Japan
7819465	2	24	0	TaiwanChampionship2025	f	333fm	Tsang Hon Pong (曾漢邦)	2014PONG01	1	NULL	NULL	Hong Kong
7819479	5	25	0	TaiwanChampionship2025	f	333fm	Ko Youngjin (고영진)	2007YOUN04	1	NULL	NULL	Korea
7820216	2	20	2467	PleaseBeQuietOpole2025	f	333fm	Marcin Chmielewski	2023CHMI01	m	NULL	NULL	Poland
7820217	1	20	2367	PleaseBeQuietOpole2025	f	333fm	Dawid Wójcik	2016WOJC04	m	NULL	NULL	Poland
7820220	11	21	-1	PleaseBeQuietOpole2025	f	333fm	Michał Nikiel	2011NIKI01	m	NULL	NULL	Poland
7820221	3	24	2733	PleaseBeQuietOpole2025	f	333fm	Karol Zakrzewski	2014ZAKR01	m	NULL	NULL	Poland
7820533	5	23	-1	FMCYaDublinOH2025	f	333fm	Braden Richards	2017RICH02	m	NULL	NULL	USA
7820534	1	20	2133	FMCYaDublinOH2025	f	333fm	Evan Brown	2013BROW04	m	NULL	NULL	USA
7820539	2	23	2600	FMCYaDublinOH2025	f	333fm	Abhimanyu Singhal (अभिमन्यु सिंघल)	2013SING12	m	NULL	NULL	USA
7820906	1	24	2467	FMCSicily2025	1	333fm	Chiara Marcucci	2021MARC03	m	NULL	NULL	Italy
7820910	1	19	2633	FMCSicily2025	f	333fm	Chiara Marcucci	2021MARC03	m	NULL	NULL	Italy
7821879	1	21	2300	PSTFMCWarszawaWesola2025	1	333fm	Krzysztof Pietrusiak	2019PIET01	m	NULL	NULL	Poland
7821885	2	21	2433	PSTFMCWarszawaWesola2025	1	333fm	Takumi Tamura (田村匠)	2019TAMU01	m	NULL	NULL	Japan
7821887	3	23	2600	PSTFMCWarszawaWesola2025	1	333fm	Radosław Opoka	2013OPOK01	m	NULL	NULL	Poland
7821895	6	20	-1	PSTFMCWarszawaWesola2025	f	333fm	Krzysztof Pietrusiak	2019PIET01	m	NULL	NULL	Poland
7821896	1	25	2600	PSTFMCWarszawaWesola2025	f	333fm	Takumi Tamura (田村匠)	2019TAMU01	m	NULL	NULL	Japan
7822134	1	20	2167	HongKongFMCChampionship2025	1	333fm	Yiwei Liu (刘伊玮)	2012LIUY03	m	NULL	NULL	China
7822135	5	25	2833	HongKongFMCChampionship2025	1	333fm	Ge Shi (石歌)	2024GESH01	m	NULL	NULL	China
7822136	2	21	2267	HongKongFMCChampionship2025	1	333fm	Weijie Jian (简维杰)	2011JIAN07	m	NULL	NULL	China
7822137	4	25	2733	HongKongFMCChampionship2025	1	333fm	Wu Chun Yin (胡俊賢)	2012YINW01	m	NULL	NULL	Hong Kong
7822147	17	21	-1	HongKongFMCChampionship2025	1	333fm	Chan Hay Yin (陳希言)	2015YINC01	m	NULL	NULL	Hong Kong
7822148	3	22	2433	HongKongFMCChampionship2025	1	333fm	Baiqiang Dong (董百强)	2008DONG06	m	NULL	NULL	China
7822149	16	20	-1	HongKongFMCChampionship2025	1	333fm	Nachuan Sun (孙纳川)	2017SUNN02	m	NULL	NULL	China
7822156	15	24	-1	HongKongFMCChampionship2025	f	333fm	Ge Shi (石歌)	2024GESH01	m	NULL	NULL	China
7822158	6	23	2800	HongKongFMCChampionship2025	f	333fm	Lai Pak Kiu (賴柏喬)	2024KIUL01	m	NULL	NULL	Hong Kong
7822160	5	21	2667	HongKongFMCChampionship2025	f	333fm	Wu Chun Yin (胡俊賢)	2012YINW01	m	NULL	NULL	Hong Kong
7822161	2	21	2267	HongKongFMCChampionship2025	f	333fm	Weijie Jian (简维杰)	2011JIAN07	m	NULL	NULL	China
7822162	3	21	2300	HongKongFMCChampionship2025	f	333fm	Yiwei Liu (刘伊玮)	2012LIUY03	m	NULL	NULL	China
7822164	9	24	3100	HongKongFMCChampionship2025	f	333fm	Mok Man Kit (莫文傑)	2009KITM01	m	NULL	NULL	Hong Kong
7822168	14	22	-1	HongKongFMCChampionship2025	f	333fm	Andy Mok Man Cheuk (莫文卓)	2016CHEU04	m	NULL	NULL	Hong Kong
7822169	13	21	-1	HongKongFMCChampionship2025	f	333fm	Baiqiang Dong (董百强)	2008DONG06	m	NULL	NULL	China
7822170	1	20	2067	HongKongFMCChampionship2025	f	333fm	Nachuan Sun (孙纳川)	2017SUNN02	m	NULL	NULL	China
7822171	7	24	2800	HongKongFMCChampionship2025	f	333fm	Tsang Hon Pong (曾漢邦)	2014PONG01	m	NULL	NULL	Hong Kong
7822172	4	24	2633	HongKongFMCChampionship2025	f	333fm	Hsiang-Cheng Kan (闞祥誠)	2016KANH02	m	NULL	NULL	Taiwan
7823774	1	21	2167	MainePBQ2025	f	333fm	Aedan Bryant	2017BRYA06	m	NULL	NULL	USA
7823781	5	21	-1	MainePBQ2025	f	333fm	Elliot Wiecek	2016WIEC02	m	NULL	NULL	USA
7824266	1	24	2667	KirkkonummenJouluvaantelyt2025	2	333fm	Oliver Fritz	2014FRIT02	m	NULL	NULL	Germany
7825038	9	24	-1	PSTFMCPoznan2025	f	333fm	Marcin Chmielewski	2023CHMI01	m	NULL	NULL	Poland
7825040	6	25	3167	PSTFMCPoznan2025	f	333fm	Kacper Paweł Dworak	2020DWOR01	m	NULL	NULL	Poland
7825043	10	25	-1	PSTFMCPoznan2025	f	333fm	Radosław Opoka	2013OPOK01	m	NULL	NULL	Poland
7825044	4	23	2433	PSTFMCPoznan2025	f	333fm	Takumi Tamura (田村匠)	2019TAMU01	m	NULL	NULL	Japan
7825045	3	22	2233	PSTFMCPoznan2025	f	333fm	Krzysztof Pietrusiak	2019PIET01	m	NULL	NULL	Poland
7825046	1	20	2200	PSTFMCPoznan2025	f	333fm	Radomił Baran	2020BARA02	m	NULL	NULL	Poland
7825049	2	21	2233	PSTFMCPoznan2025	f	333fm	Wojciech Rogoziński	2019ROGO04	m	NULL	NULL	Poland
7825284	1	21	0	CyprusNationals2025	f	333fm	Ben Baron	2016BARO04	1	NULL	NULL	Israel
7825935	2	25	2700	BudapestFMClveszter2025	f	333fm	Szabolcs Szántai	2016SZAN01	m	NULL	NULL	Hungary
7825936	1	24	2600	BudapestFMClveszter2025	f	333fm	Bence Barát	2008BARA01	m	NULL	NULL	Hungary
7827406	1	21	2433	Chaaswurfel2025	f	333fm	Timo Günthardt	2019GUNT04	m	NULL	NULL	Switzerland
7827579	9	20	-1	NewYorkMultimatePBQIII2025	1	333fm	Joseph Guzman	2015GUZM03	m	NULL	NULL	USA
7827583	2	22	2267	NewYorkMultimatePBQIII2025	1	333fm	Levi Gibson	2018GIBS04	m	NULL	NULL	USA
7827584	1	20	2200	NewYorkMultimatePBQIII2025	1	333fm	Chris Chi	2014CHIC01	m	NULL	NULL	USA
7827585	10	24	-1	NewYorkMultimatePBQIII2025	1	333fm	Zach Baruch	2017BARU01	m	NULL	NULL	USA
7827591	11	25	-1	NewYorkMultimatePBQIII2025	1	333fm	Brandon Villadolid	2019VILL03	m	NULL	NULL	USA
7827593	9	25	-1	NewYorkMultimatePBQIII2025	f	333fm	Rowe Hessler	2007HESS01	m	NULL	NULL	USA
7827596	1	20	2167	NewYorkMultimatePBQIII2025	f	333fm	Chris Chi	2014CHIC01	m	NULL	NULL	USA
7827597	2	20	2233	NewYorkMultimatePBQIII2025	f	333fm	Levi Gibson	2018GIBS04	m	NULL	NULL	USA
7827599	3	21	2267	NewYorkMultimatePBQIII2025	f	333fm	Krish Shah-Nathwani	2015SHAH09	m	NULL	NULL	USA
7827600	8	22	-1	NewYorkMultimatePBQIII2025	f	333fm	Joseph Guzman	2015GUZM03	m	NULL	NULL	USA
7828221	11	25	-1	GeorgiaQuietChampionship2026	f	333fm	Joon Cha (차준혁)	2012CHAJ01	m	NULL	NULL	Korea
7828225	1	24	2600	GeorgiaQuietChampionship2026	f	333fm	Kyra Joiner	2015JOIN01	m	NULL	NULL	USA
7828232	2	25	2700	GeorgiaQuietChampionship2026	f	333fm	Jacob Ambrose	2010AMBR01	m	NULL	NULL	USA
7829643	3	25	2833	CFGoesCrazyIIBrzeziny2026	f	333fm	Karol Zakrzewski	2014ZAKR01	m	NULL	NULL	Poland
7829644	2	19	2100	CFGoesCrazyIIBrzeziny2026	f	333fm	Wojciech Rogoziński	2019ROGO04	m	NULL	NULL	Poland
7829646	1	19	2067	CFGoesCrazyIIBrzeziny2026	f	333fm	Radomił Baran	2020BARA02	m	NULL	NULL	Poland
7829648	19	23	-1	CFGoesCrazyIIBrzeziny2026	f	333fm	Radosław Opoka	2013OPOK01	m	NULL	NULL	Poland
7842442	2	25	2867	SuperDuperSanDiego2026	f	333fm	Michael Young	2008YOUN02	m	NULL	NULL	USA
7842457	1	23	2400	SuperDuperSanDiego2026	f	333fm	Yunhao Lou (娄云皓)	2017LOUY01	m	NULL	NULL	China
7852173	1	20	0	LuzonChampionship2026	f	333fm	Yuji Yoshida	2015YOSH01	1	NR	NULL	Philippines
7852458	2	21	2367	TokyoFMCWinter2026	1	333fm	Wong Chong Wen (黄崇文)	2014WENW01	m	NULL	NULL	Singapore
7852461	6	21	2467	TokyoFMCWinter2026	1	333fm	Hajime Miyazaki (宮崎朔)	2022MIYA01	m	NULL	NULL	Japan
7852466	25	25	-1	TokyoFMCWinter2026	1	333fm	Tomoki Moriyama (森山智樹)	2017MORI11	m	NULL	NULL	Japan
7852467	7	21	2567	TokyoFMCWinter2026	1	333fm	Shota Wakabayashi (若林翔太)	2023KADO01	m	NULL	NULL	Japan
7852469	2	21	2367	TokyoFMCWinter2026	1	333fm	Shuto Ueno (上野柊斗)	2008UENO01	m	NULL	NULL	Japan
7852471	5	23	2433	TokyoFMCWinter2026	1	333fm	Yasunari Kumekawa (粂川泰成)	2022KUME01	m	NULL	NULL	Japan
7852472	10	24	2667	TokyoFMCWinter2026	1	333fm	Yuto Morishita (森下優斗)	2023SHIK03	m	NULL	NULL	Japan
7852473	8	24	2567	TokyoFMCWinter2026	1	333fm	Yuki Yamamoto (山本祐輝)	2010YAMA04	m	NULL	NULL	Japan
7852476	9	24	2633	TokyoFMCWinter2026	1	333fm	Yiwei Liu (刘伊玮)	2012LIUY03	m	NULL	NULL	China
7852479	11	25	2733	TokyoFMCWinter2026	1	333fm	Kazuhiko Kusano (草野一彦)	2023KUSA03	m	NULL	NULL	Japan
7852480	1	22	2233	TokyoFMCWinter2026	1	333fm	Tomoyuki Hiraide (平出智之)	2012HIRA01	m	NULL	NULL	Japan
7852481	24	24	-1	TokyoFMCWinter2026	1	333fm	Akatsuki Kitamura (北村曉)	2017KITA01	m	NULL	NULL	Japan
7852482	13	23	2900	TokyoFMCWinter2026	1	333fm	Syunei Miyauchi (宮内俊英)	2017MIYA07	m	NULL	NULL	Japan
7852483	4	21	2433	TokyoFMCWinter2026	1	333fm	Takumi Tamura (田村匠)	2019TAMU01	m	NULL	NULL	Japan
7852484	15	21	3233	TokyoFMCWinter2026	1	333fm	Tomohiro Kobayashi (小林知広)	2013KOBA01	m	NULL	NULL	Japan
7852489	14	25	2900	TokyoFMCWinter2026	1	333fm	Junhao Jin (金俊昊)	2023JINJ03	m	NULL	NULL	China
7852495	7	23	2367	TokyoFMCWinter2026	f	333fm	Yasunari Kumekawa (粂川泰成)	2022KUME01	m	NULL	NULL	Japan
7852496	4	22	2300	TokyoFMCWinter2026	f	333fm	Yuki Yamamoto (山本祐輝)	2010YAMA04	m	NULL	NULL	Japan
7852499	6	22	2367	TokyoFMCWinter2026	f	333fm	Tomoyuki Hiraide (平出智之)	2012HIRA01	m	NULL	NULL	Japan
7852500	9	22	2467	TokyoFMCWinter2026	f	333fm	Takumi Tamura (田村匠)	2019TAMU01	m	NULL	NULL	Japan
7852503	7	23	2367	TokyoFMCWinter2026	f	333fm	Shota Wakabayashi (若林翔太)	2023KADO01	m	NULL	NULL	Japan
7852504	18	25	-1	TokyoFMCWinter2026	f	333fm	Yuto Morishita (森下優斗)	2023SHIK03	m	NULL	NULL	Japan
7852505	16	23	-1	TokyoFMCWinter2026	f	333fm	Syunei Miyauchi (宮内俊英)	2017MIYA07	m	NULL	NULL	Japan
7852506	16	23	-1	TokyoFMCWinter2026	f	333fm	Tomohiro Kobayashi (小林知広)	2013KOBA01	m	NULL	NULL	Japan
7852508	3	22	2267	TokyoFMCWinter2026	f	333fm	Yiwei Liu (刘伊玮)	2012LIUY03	m	NULL	NULL	China
7852509	5	21	2333	TokyoFMCWinter2026	f	333fm	Shuto Ueno (上野柊斗)	2008UENO01	m	NULL	NULL	Japan
7852510	2	21	2200	TokyoFMCWinter2026	f	333fm	Wong Chong Wen (黄崇文)	2014WENW01	m	NULL	NULL	Singapore
7852512	1	21	2167	TokyoFMCWinter2026	f	333fm	Hajime Miyazaki (宮崎朔)	2022MIYA01	m	NULL	NR	Japan
7852515	10	24	2500	TokyoFMCWinter2026	f	333fm	Haruka Kitamura (北村晴香)	2017KITA03	m	NULL	NULL	Japan
7852517	11	22	2600	TokyoFMCWinter2026	f	333fm	Kazuhiko Kusano (草野一彦)	2023KUSA03	m	NULL	NULL	Japan
7855355	1	22	2333	SacQuietWinter2026	f	333fm	Dewei Tan (譚得唯)	2024TAND01	m	NULL	NULL	Hong Kong
7857679	1	22	2300	RheinSiegOpen2026	f	333fm	Noah Kraft	2016KRAF01	m	NULL	NULL	Germany
7857681	2	23	2367	RheinSiegOpen2026	f	333fm	Jan Bentlage	2010BENT01	m	NULL	NULL	Germany
7857682	8	24	-1	RheinSiegOpen2026	f	333fm	Mattheo de Wit	2015WITM01	m	NULL	NULL	Netherlands
7857683	3	23	2567	RheinSiegOpen2026	f	333fm	Sébastien Auroux	2008AURO01	m	NULL	NULL	Germany
7862997	1	23	2633	ArizonaQuietChampionship2026	f	333fm	Abhimanyu Singhal (अभिमन्यु सिंघल)	2013SING12	m	NULL	NULL	USA
7863157	2	21	2200	NoSprintingNY2026	f	333fm	Chris Chi	2014CHIC01	m	NULL	NULL	USA
7863159	1	21	2167	NoSprintingNY2026	f	333fm	Brian Johnson	2013JOHN10	m	NULL	NULL	USA
7863162	4	22	2300	NoSprintingNY2026	f	333fm	Levi Gibson	2018GIBS04	m	NULL	NULL	USA
7863169	3	22	2267	NoSprintingNY2026	f	333fm	Joseph Guzman	2015GUZM03	m	NULL	NULL	USA
7869123	1	24	0	FranconiaWinter2026	f	333fm	Noah Kraft	2016KRAF01	1	NULL	NULL	Germany
7869124	2	25	0	FranconiaWinter2026	f	333fm	Linus Frész	2011FRES01	1	NULL	NULL	Germany
7871584	1	22	2733	PBQinAlmaty2026	f	333fm	Ge Shi (石歌)	2024GESH01	m	NULL	NULL	China
7874202	1	22	2400	PBQRopazi2026	f	333fm	Ben Baron	2016BARO04	m	NULL	NULL	Israel
7874206	2	25	2767	PBQRopazi2026	f	333fm	Vincenzo Maria Gammino	2016GAMM01	m	NULL	NULL	Italy
7876231	1	21	2433	SaucisseVergezeauPBQ2026	f	333fm	Quentin Rivault	2017RIVA09	m	NULL	NULL	France
7876236	6	22	-1	SaucisseVergezeauPBQ2026	f	333fm	Adrien Neveu	2018NEVE02	m	NULL	NULL	France
7876456	1	21	2500	SpokaneWinterPBQ2026	f	333fm	Jackson Warley	2008WARL01	m	NULL	NULL	USA
7880487	2	25	2533	WellingtonMindGames2026	f	333fm	Jack McDougall	2020MCDO01	m	NULL	NULL	New Zealand
7880488	3	24	3333	WellingtonMindGames2026	f	333fm	William Jackson	2023JACK04	m	NULL	NULL	New Zealand
7880491	1	21	2300	WellingtonMindGames2026	f	333fm	Tom Nelson	2013NELS01	m	NULL	NULL	New Zealand
7882932	1	22	2600	FMCColombiaIX2026	f	333fm	Brayan Alexander Sandoval Camacho	2022CAMA04	m	NULL	NR	Colombia
7884680	9	23	-1	AarhusWinter2026	f	333fm	Daniel Anker Hermansen	2017HERM01	m	NULL	NULL	Denmark
7884693	8	19	-1	AarhusWinter2026	f	333fm	Oskar Feed Jakobsen	2017JAKO02	m	NR	NULL	Norway
7885809	1	20	2067	EuropeFMCFriendsWinter2026	1	333fm	Louis-Marie Ratto	2019RATT02	m	NULL	NR	France
7885810	2	20	2133	EuropeFMCFriendsWinter2026	1	333fm	Wojciech Rogoziński	2019ROGO04	m	NULL	NULL	Poland
7885811	3	21	2167	EuropeFMCFriendsWinter2026	1	333fm	Radomił Baran	2020BARA02	m	NULL	NULL	Poland
7885812	4	20	2200	EuropeFMCFriendsWinter2026	1	333fm	Moritz Lotz	2017LOTZ01	m	NULL	NULL	Germany
7885813	5	21	2200	EuropeFMCFriendsWinter2026	1	333fm	Lorenzo Mauro	2014MAUR06	m	NULL	NULL	Italy
7885814	6	20	2233	EuropeFMCFriendsWinter2026	1	333fm	Tommaso Raposio	2014RAPO01	m	NULL	NULL	Italy
7885815	7	21	2267	EuropeFMCFriendsWinter2026	1	333fm	Adam Marcellus Kelly	2016KELL10	m	NULL	NULL	Denmark
7885816	8	22	2267	EuropeFMCFriendsWinter2026	1	333fm	Daniel Vædele Egdal	2013EGDA01	m	NULL	NULL	Denmark
7885817	9	21	2300	EuropeFMCFriendsWinter2026	1	333fm	Bence Barát	2008BARA01	m	NULL	NULL	Hungary
7885818	10	22	2333	EuropeFMCFriendsWinter2026	1	333fm	Radosław Opoka	2013OPOK01	m	NULL	NULL	Poland
7885819	10	22	2333	EuropeFMCFriendsWinter2026	1	333fm	Noah Kraft	2016KRAF01	m	NULL	NULL	Germany
7885820	12	22	2367	EuropeFMCFriendsWinter2026	1	333fm	Enrico Tenuti	2017TENU01	m	NULL	NULL	Italy
7885821	13	23	2367	EuropeFMCFriendsWinter2026	1	333fm	Tino Joksch	2022JOKS01	m	NULL	NR	Austria
7885822	14	20	2400	EuropeFMCFriendsWinter2026	1	333fm	Szabolcs Szántai	2016SZAN01	m	NULL	NULL	Hungary
7885823	15	22	2400	EuropeFMCFriendsWinter2026	1	333fm	Mauro Moisés Ortega López	2016LOPE44	m	NULL	NULL	Spain
7885824	16	23	2400	EuropeFMCFriendsWinter2026	1	333fm	Sébastien Auroux	2008AURO01	m	NULL	NULL	Germany
7885825	16	23	2400	EuropeFMCFriendsWinter2026	1	333fm	Yurii Riabov (Юрій Рябов)	2018RIAB01	m	NULL	NULL	Ukraine
7885826	18	24	2500	EuropeFMCFriendsWinter2026	1	333fm	Tymur Ostapets (Тимур Остапець)	2024OSTA02	m	NULL	NULL	Ukraine
7885827	19	23	2533	EuropeFMCFriendsWinter2026	1	333fm	Jan Bentlage	2010BENT01	m	NULL	NULL	Germany
7885828	20	24	2533	EuropeFMCFriendsWinter2026	1	333fm	Chiara Marcucci	2021MARC03	m	NULL	NULL	Italy
7885829	21	23	2567	EuropeFMCFriendsWinter2026	1	333fm	Martin Vædele Egdal	2013EGDA02	m	NULL	NULL	Denmark
7885830	22	24	2567	EuropeFMCFriendsWinter2026	1	333fm	Nicolas Gertner Kilian	2013GERT01	m	NULL	NULL	France
7885831	23	25	2633	EuropeFMCFriendsWinter2026	1	333fm	Victor Valentin Glyrskov	2014GLYR01	m	NULL	NULL	Denmark
7885832	24	23	2667	EuropeFMCFriendsWinter2026	1	333fm	Vasco Vasconcelos	2008VASC01	m	NULL	NULL	Portugal
7885833	25	24	2667	EuropeFMCFriendsWinter2026	1	333fm	Vincenzo Maria Gammino	2016GAMM01	m	NULL	NULL	Italy
7885834	26	24	2833	EuropeFMCFriendsWinter2026	1	333fm	Hennie Færden	2019FARD01	m	NULL	NULL	Norway
7885835	27	25	2833	EuropeFMCFriendsWinter2026	1	333fm	Bogdan Grigoruţă	2013GRIG01	m	NR	NR	Romania
7885840	32	25	3000	EuropeFMCFriendsWinter2026	1	333fm	Modest Podzolkin	2017PODZ01	m	NULL	NULL	Ukraine
7885841	33	25	3033	EuropeFMCFriendsWinter2026	1	333fm	Grzegorz Łuczyna	2005LUCZ01	m	NULL	NULL	Poland
7885842	33	25	3033	EuropeFMCFriendsWinter2026	1	333fm	Simone Bentlage	2014OHLE01	m	NULL	NULL	Germany
7885850	42	22	3167	EuropeFMCFriendsWinter2026	1	333fm	Fabian Tomasović	2020TOMA01	m	NULL	NULL	Italy
7885875	67	22	-1	EuropeFMCFriendsWinter2026	1	333fm	Adrien Neveu	2018NEVE02	m	NULL	NULL	France
7885876	67	22	-1	EuropeFMCFriendsWinter2026	1	333fm	Jordi Lleixà López	2023LOPE09	m	NULL	NULL	Spain
7885877	69	24	-1	EuropeFMCFriendsWinter2026	1	333fm	David Slabý	2022SLAB01	m	NULL	NULL	Czech Republic
7885878	70	25	-1	EuropeFMCFriendsWinter2026	1	333fm	Javier Cabezuelo Sánchez	2007SANC01	m	NULL	NULL	Spain
7885904	1	21	2133	EuropeFMCFriendsWinter2026	f	333fm	Louis-Marie Ratto	2019RATT02	m	NULL	NULL	France
7885905	1	21	2133	EuropeFMCFriendsWinter2026	f	333fm	Yurii Riabov (Юрій Рябов)	2018RIAB01	m	NULL	NR	Ukraine
7885906	3	21	2167	EuropeFMCFriendsWinter2026	f	333fm	Mauro Moisés Ortega López	2016LOPE44	m	NULL	NULL	Spain
7885907	3	21	2167	EuropeFMCFriendsWinter2026	f	333fm	Wojciech Rogoziński	2019ROGO04	m	NULL	NULL	Poland
7885908	5	21	2200	EuropeFMCFriendsWinter2026	f	333fm	Enrico Tenuti	2017TENU01	m	NULL	NULL	Italy
7885909	6	21	2233	EuropeFMCFriendsWinter2026	f	333fm	Radomił Baran	2020BARA02	m	NULL	NULL	Poland
7885910	6	21	2233	EuropeFMCFriendsWinter2026	f	333fm	Szabolcs Szántai	2016SZAN01	m	NULL	NULL	Hungary
7885911	8	21	2267	EuropeFMCFriendsWinter2026	f	333fm	Jan Bentlage	2010BENT01	m	NULL	NULL	Germany
7885912	9	21	2300	EuropeFMCFriendsWinter2026	f	333fm	Radosław Opoka	2013OPOK01	m	NULL	NULL	Poland
7885913	9	21	2300	EuropeFMCFriendsWinter2026	f	333fm	Adam Marcellus Kelly	2016KELL10	m	NULL	NULL	Denmark
7885914	11	22	2300	EuropeFMCFriendsWinter2026	f	333fm	Nicolas Gertner Kilian	2013GERT01	m	NULL	NULL	France
7885915	12	21	2333	EuropeFMCFriendsWinter2026	f	333fm	Moritz Lotz	2017LOTZ01	m	NULL	NULL	Germany
7885916	12	21	2333	EuropeFMCFriendsWinter2026	f	333fm	Adrien Neveu	2018NEVE02	m	NULL	NULL	France
7885917	14	22	2333	EuropeFMCFriendsWinter2026	f	333fm	Daniel Vædele Egdal	2013EGDA01	m	NULL	NULL	Denmark
7885918	15	21	2367	EuropeFMCFriendsWinter2026	f	333fm	Simone Bentlage	2014OHLE01	m	NULL	NULL	Germany
7885919	16	21	2400	EuropeFMCFriendsWinter2026	f	333fm	Hennie Færden	2019FARD01	m	NULL	NR	Norway
7885920	17	23	2400	EuropeFMCFriendsWinter2026	f	333fm	Noah Kraft	2016KRAF01	m	NULL	NULL	Germany
7885921	17	23	2400	EuropeFMCFriendsWinter2026	f	333fm	David Slabý	2022SLAB01	m	NULL	NULL	Czech Republic
7885922	19	22	2467	EuropeFMCFriendsWinter2026	f	333fm	Victor Valentin Glyrskov	2014GLYR01	m	NULL	NULL	Denmark
7885923	20	22	2500	EuropeFMCFriendsWinter2026	f	333fm	Tymur Ostapets (Тимур Остапець)	2024OSTA02	m	NULL	NULL	Ukraine
7885924	21	24	2500	EuropeFMCFriendsWinter2026	f	333fm	Vasco Vasconcelos	2008VASC01	m	NULL	NULL	Portugal
7885925	22	21	2533	EuropeFMCFriendsWinter2026	f	333fm	Tommaso Raposio	2014RAPO01	m	NULL	NULL	Italy
7885926	22	21	2533	EuropeFMCFriendsWinter2026	f	333fm	Lorenzo Mauro	2014MAUR06	m	NULL	NULL	Italy
7885927	24	22	2567	EuropeFMCFriendsWinter2026	f	333fm	Bence Barát	2008BARA01	m	NULL	NULL	Hungary
7885928	25	23	2800	EuropeFMCFriendsWinter2026	f	333fm	Jordi Lleixà López	2023LOPE09	m	NULL	NULL	Spain
7885952	49	23	-1	EuropeFMCFriendsWinter2026	f	333fm	Tino Joksch	2022JOKS01	m	NULL	NULL	Austria
7885953	50	25	-1	EuropeFMCFriendsWinter2026	f	333fm	Grzegorz Łuczyna	2005LUCZ01	m	NULL	NULL	Poland
7885972	1	20	2100	FunwithFMinWarsaw2026	1	333fm	Radomił Baran	2020BARA02	m	NULL	NULL	Poland
7885973	2	22	2300	FunwithFMinWarsaw2026	1	333fm	Wojciech Rogoziński	2019ROGO04	m	NULL	NULL	Poland
7885974	3	22	2333	FunwithFMinWarsaw2026	1	333fm	Krzysztof Pietrusiak	2019PIET01	m	NULL	NULL	Poland
7885975	4	24	2467	FunwithFMinWarsaw2026	1	333fm	David Slabý	2022SLAB01	m	NULL	NULL	Czech Republic
7885976	5	19	2533	FunwithFMinWarsaw2026	1	333fm	Grzegorz Łuczyna	2005LUCZ01	m	NULL	NULL	Poland
7885977	6	25	2700	FunwithFMinWarsaw2026	1	333fm	Radosław Opoka	2013OPOK01	m	NULL	NULL	Poland
7885990	1	20	2133	FunwithFMinWarsaw2026	f	333fm	Radomił Baran	2020BARA02	m	NULL	NULL	Poland
7885991	2	20	2233	FunwithFMinWarsaw2026	f	333fm	Wojciech Rogoziński	2019ROGO04	m	NULL	NULL	Poland
7885992	3	21	2233	FunwithFMinWarsaw2026	f	333fm	Krzysztof Pietrusiak	2019PIET01	m	NULL	NULL	Poland
7885993	4	22	2467	FunwithFMinWarsaw2026	f	333fm	David Slabý	2022SLAB01	m	NULL	NULL	Czech Republic
7885998	9	23	-1	FunwithFMinWarsaw2026	f	333fm	Grzegorz Łuczyna	2005LUCZ01	m	NULL	NULL	Poland
7885999	9	23	-1	FunwithFMinWarsaw2026	f	333fm	Radosław Opoka	2013OPOK01	m	NULL	NULL	Poland
7886000	11	25	-1	FunwithFMinWarsaw2026	f	333fm	Michał Denkiewicz	2021DENK01	m	NULL	NULL	Poland
7889878	1	24	2767	SicilySmartSolving2026	f	333fm	Chiara Marcucci	2021MARC03	m	NULL	NULL	Italy
7891594	1	20	2133	NorthStarMN2026	f	333fm	Carter Kucala	2015KUCA01	m	NULL	NULL	USA
7891598	2	23	2400	NorthStarMN2026	f	333fm	Walker Welch	2011WELC01	m	NULL	NULL	USA
7898246	1	24	2467	MicroMinnesota2026	f	333fm	Walker Welch	2011WELC01	m	NULL	NULL	USA
7905170	1	20	2267	GlasgowWinterSBO2026	1	333fm	Adam Marcellus Kelly	2016KELL10	m	NULL	NULL	Denmark
7905197	1	22	2400	GlasgowWinterSBO2026	f	333fm	Adam Marcellus Kelly	2016KELL10	m	NULL	NULL	Denmark
7905202	2	23	2467	GlasgowWinterSBO2026	f	333fm	Victor Valentin Glyrskov	2014GLYR01	m	NULL	NULL	Denmark
7908620	1	23	2467	HungarianFMCSeries12026	f	333fm	Bence Barát	2008BARA01	m	NULL	NULL	Hungary
7908621	2	23	2600	HungarianFMCSeries12026	f	333fm	Szabolcs Szántai	2016SZAN01	m	NULL	NULL	Hungary
7908856	1	22	2267	FMCCheltenhamWinter2026	1	333fm	Dorian Chan	2023DORI01	m	NULL	NULL	Hong Kong
7908857	2	22	2300	FMCCheltenhamWinter2026	1	333fm	Fabio Schwandt	2014SCHW02	m	NULL	NULL	United Kingdom
7908876	1	20	2067	FMCCheltenhamWinter2026	f	333fm	Fabio Schwandt	2014SCHW02	m	NULL	NR	United Kingdom
7908877	2	20	2167	FMCCheltenhamWinter2026	f	333fm	Dorian Chan	2023DORI01	m	NR	NR	Hong Kong
7908878	3	25	2800	FMCCheltenhamWinter2026	f	333fm	Ben Stokes	2018STOK01	m	NULL	NULL	United Kingdom
7908879	4	20	2967	FMCCheltenhamWinter2026	f	333fm	Reuben Zane	2023ZANE01	m	NULL	NULL	United Kingdom
7912737	3	22	2567	CoeurdeCubeCharantonnay2026	f	333fm	Étienne Aubry	2018AUBR01	m	NULL	NULL	France
7912740	1	23	2333	CoeurdeCubeCharantonnay2026	f	333fm	Ylann Vernaton	2025VERN01	m	NULL	NULL	France
7912742	1	23	2333	CoeurdeCubeCharantonnay2026	f	333fm	Adrien Neveu	2018NEVE02	m	NULL	NULL	France
7913077	1	20	2133	FMCLoversFurth2026	1	333fm	Moritz Lotz	2017LOTZ01	m	NULL	NULL	Germany
7913078	2	22	2267	FMCLoversFurth2026	1	333fm	Jan Bentlage	2010BENT01	m	NULL	NULL	Germany
7913079	3	23	2400	FMCLoversFurth2026	1	333fm	Shawn Lee Zhi Xuan (李致轩)	2017XUAN03	m	NULL	NULL	Malaysia
7913080	4	23	2533	FMCLoversFurth2026	1	333fm	Noah Kraft	2016KRAF01	m	NULL	NULL	Germany
7913081	5	23	2567	FMCLoversFurth2026	1	333fm	Simone Bentlage	2014OHLE01	m	NULL	NULL	Germany
7913085	9	25	-1	FMCLoversFurth2026	1	333fm	Jonas Pilhöfer	2019PILH01	m	NULL	NULL	Germany
7913091	1	21	2233	FMCLoversFurth2026	f	333fm	Moritz Lotz	2017LOTZ01	m	NULL	NULL	Germany
7913092	2	23	2467	FMCLoversFurth2026	f	333fm	Jan Bentlage	2010BENT01	m	NULL	NULL	Germany
7913093	3	23	2533	FMCLoversFurth2026	f	333fm	Noah Kraft	2016KRAF01	m	NULL	NULL	Germany
7913094	4	25	2600	FMCLoversFurth2026	f	333fm	Simone Bentlage	2014OHLE01	m	NULL	NULL	Germany
7913098	8	24	-1	FMCLoversFurth2026	f	333fm	Shawn Lee Zhi Xuan (李致轩)	2017XUAN03	m	NULL	NULL	Malaysia
7914613	1	22	0	GreenwoodsClockClash2026	f	333fm	Yuji Yoshida	2015YOSH01	1	NULL	NULL	Philippines
7915507	1	22	2300	PleaseBeQuietThailand2026	f	333fm	Phuwish Sripattrapan (ภูวิศ ศรีภัทราพันธุ์)	2023SRIP04	m	NULL	NR	Thailand
7915518	3	23	2600	PleaseBeQuietThailand2026	f	333fm	Takumi Tamura (田村匠)	2019TAMU01	m	NULL	NULL	Japan
7915521	2	23	2300	PleaseBeQuietThailand2026	f	333fm	Natthaphat Mahtani (ณัฐภัทร จี มาทานี)	2011MAHT02	m	NULL	NR	Thailand
7916151	3	23	2400	OberlinChallengeI2026	1	333fm	Evan Brown	2013BROW04	m	NULL	NULL	USA
7916154	7	24	-1	OberlinChallengeI2026	1	333fm	Zach Baruch	2017BARU01	m	NULL	NULL	USA
7916155	1	21	2233	OberlinChallengeI2026	1	333fm	Daichi Halphen	2019HALP02	m	NULL	NULL	USA
7916156	2	23	2367	OberlinChallengeI2026	1	333fm	Levi Gibson	2018GIBS04	m	NULL	NULL	USA
7916161	2	22	2367	OberlinChallengeI2026	f	333fm	Daichi Halphen	2019HALP02	m	NULL	NULL	USA
7916164	1	22	2267	OberlinChallengeI2026	f	333fm	Levi Gibson	2018GIBS04	m	NULL	NULL	USA
7918589	5	25	2533	MelbourneSummer2026	f	333fm	Elijah La Porte	2022PORT01	m	NULL	NULL	Australia
7918608	1	21	2300	MelbourneSummer2026	f	333fm	David Epstein	2016EPST02	m	NULL	NULL	Australia
7918625	4	24	2500	MelbourneSummer2026	f	333fm	Tommy Kiprillis	2014KIPR01	m	NULL	NULL	Australia
7918627	45	24	-1	MelbourneSummer2026	f	333fm	Firstian Fushada (符逢城)	2015FUSH01	m	NULL	NULL	Indonesia
7918658	3	22	2433	MelbourneSummer2026	f	333fm	Sora Sato	2018SATO01	m	NULL	NULL	Australia
7918659	2	21	2400	MelbourneSummer2026	f	333fm	Max Parris	2022PARR10	m	NULL	NULL	Australia
7922516	4	25	2833	GuangdongRevivalRival2026	f	333fm	Zicong Liu (刘子聪)	2024LIUZ11	m	NULL	NULL	China
7922517	3	24	2767	GuangdongRevivalRival2026	f	333fm	Weijie Jian (简维杰)	2011JIAN07	m	NULL	NULL	China
7922518	2	24	2600	GuangdongRevivalRival2026	f	333fm	Baiqiang Dong (董百强)	2008DONG06	m	NULL	NULL	China
7922519	1	18	2267	GuangdongRevivalRival2026	f	333fm	Tianze Xu (徐天泽)	2015XUTI01	m	NULL	NULL	China
7924379	1	19	2033	FortheLoveofFMCUSA2026	f	333fm	Carter Kucala	2015KUCA01	m	NULL	NULL	USA
7924380	2	21	2167	FortheLoveofFMCUSA2026	f	333fm	Brian Johnson	2013JOHN10	m	NULL	NULL	USA
7924381	3	20	2200	FortheLoveofFMCUSA2026	f	333fm	Alexander Wheeler	2014WHEE01	m	NULL	NULL	USA
7924382	3	20	2200	FortheLoveofFMCUSA2026	f	333fm	Daichi Halphen	2019HALP02	m	NULL	NULL	USA
7924383	3	20	2200	FortheLoveofFMCUSA2026	f	333fm	Elliot Wiecek	2016WIEC02	m	NULL	NULL	USA
7924384	6	21	2267	FortheLoveofFMCUSA2026	f	333fm	Joseph Guzman	2015GUZM03	m	NULL	NULL	USA
7924385	7	22	2400	FortheLoveofFMCUSA2026	f	333fm	Simon Kellum	2016KELL12	m	NULL	NULL	USA
7924386	8	23	2467	FortheLoveofFMCUSA2026	f	333fm	Zeke Mackay	2015MACK06	m	NULL	NULL	USA
7924387	9	24	2467	FortheLoveofFMCUSA2026	f	333fm	Alexei Sinyavin	2016SINY01	m	NULL	NULL	USA
7924388	10	20	2533	FortheLoveofFMCUSA2026	f	333fm	Yunhao Lou (娄云皓)	2017LOUY01	m	NULL	NULL	China
7924389	11	23	2533	FortheLoveofFMCUSA2026	f	333fm	Dewei Tan (譚得唯)	2024TAND01	m	NULL	NULL	Hong Kong
7924390	12	24	2567	FortheLoveofFMCUSA2026	f	333fm	Abhimanyu Singhal (अभिमन्यु सिंघल)	2013SING12	m	NULL	NULL	USA
7924391	13	25	2667	FortheLoveofFMCUSA2026	f	333fm	Austin Reed	2011REED01	m	NULL	NULL	USA
7924393	15	25	2867	FortheLoveofFMCUSA2026	f	333fm	Calvin Nielson	2014NIEL03	m	NULL	NULL	USA
7924407	29	19	-1	FortheLoveofFMCUSA2026	f	333fm	Jack Lee	2012LEEJ05	m	NR	NULL	Canada
7924408	30	20	-1	FortheLoveofFMCUSA2026	f	333fm	Zach Baruch	2017BARU01	m	NULL	NULL	USA
7924409	31	22	-1	FortheLoveofFMCUSA2026	f	333fm	Charles Bois	2023BOIS02	m	NULL	NULL	USA
7930278	12	20	-1	SingaporeChampionship2026	f	333fm	Vincent Hartanto Utomo	2010UTOM01	m	NULL	NULL	Indonesia
7930282	4	23	2833	SingaporeChampionship2026	f	333fm	Ge Shi (石歌)	2024GESH01	m	NULL	NULL	China
7930283	13	21	-1	SingaporeChampionship2026	f	333fm	Dylan Seah Tze Siang (谢智翔)	2015SIAN01	m	NULL	NULL	Singapore
7930286	1	20	2067	SingaporeChampionship2026	f	333fm	Wong Chong Wen (黄崇文)	2014WENW01	m	NULL	NULL	Singapore
7930288	2	21	2333	SingaporeChampionship2026	f	333fm	Chang Hong Liang (张泓量)	2016LIAN02	m	NULL	NULL	Singapore
7930289	3	25	2600	SingaporeChampionship2026	f	333fm	Luis Tan Hong Yi (陈宏溢)	2023YILU01	m	NULL	NULL	Singapore
7934239	1	23	2367	DontDNFDavis2026	f	333fm	Dewei Tan (譚得唯)	2024TAND01	m	NULL	NULL	Hong Kong
7936123	1	24	2467	KyivBlindSideWinter2026	1	333fm	Yurii Riabov (Юрій Рябов)	2018RIAB01	m	NULL	NULL	Ukraine
7936139	1	22	2267	KyivBlindSideWinter2026	f	333fm	Yurii Riabov (Юрій Рябов)	2018RIAB01	m	NULL	NULL	Ukraine
7938370	1	24	0	CorkSpring2026	f	333fm	Colm McCarthy	2018MCCA02	1	NULL	NULL	Ireland
7950340	1	23	2433	HungarianFMCSeries22026	f	333fm	Szabolcs Szántai	2016SZAN01	m	NULL	NULL	Hungary
7950341	2	23	2600	HungarianFMCSeries22026	f	333fm	Bence Barát	2008BARA01	m	NULL	NULL	Hungary
7952530	3	25	2800	WIWatOpole2026	f	333fm	Karol Zakrzewski	2014ZAKR01	m	NULL	NULL	Poland
7952531	1	22	2200	WIWatOpole2026	f	333fm	Radomił Baran	2020BARA02	m	NULL	NULL	Poland
7952534	2	24	2433	WIWatOpole2026	f	333fm	Dawid Wójcik	2016WOJC04	m	NULL	NULL	Poland
7955002	5	24	2767	MadisonManorPBQ2026	f	333fm	Charles Bois	2023BOIS02	m	NULL	NULL	USA
7955005	2	20	2133	MadisonManorPBQ2026	f	333fm	Brian Johnson	2013JOHN10	m	NULL	NULL	USA
7955006	13	23	-1	MadisonManorPBQ2026	f	333fm	Lucas Lippman-Bruno	2022LIPP01	m	NULL	NULL	USA
7955009	4	23	2467	MadisonManorPBQ2026	f	333fm	Zeke Mackay	2015MACK06	m	NULL	NULL	USA
7955011	12	21	-1	MadisonManorPBQ2026	f	333fm	Carter Kucala	2015KUCA01	m	NULL	NULL	USA
7955013	3	20	2367	MadisonManorPBQ2026	f	333fm	Walker Welch	2011WELC01	m	NULL	NULL	USA
7955014	1	19	2067	MadisonManorPBQ2026	f	333fm	Simon Kellum	2016KELL12	m	NULL	NULL	USA
7955018	7	25	3200	MadisonManorPBQ2026	f	333fm	Zachary Cribb	2022CRIB01	m	NULL	NULL	USA
7959517	1	21	2367	Richardshhhon2026	1	333fm	Ryan Pilat	2016PILA03	m	NULL	NULL	USA
7959530	2	25	3033	Richardshhhon2026	1	333fm	Octavio Cobos	2025COBO02	m	NULL	NULL	USA
7959544	1	21	2200	Richardshhhon2026	f	333fm	Ryan Pilat	2016PILA03	m	NULL	NULL	USA
7967405	3	25	3067	VERKXIII2026	1	333fm	Urho Kinnunen	2018KINN05	m	NULL	NULL	Finland
7967413	3	25	2900	VERKXIII2026	f	333fm	Chiara Marcucci	2021MARC03	m	NULL	NULL	Italy
7988530	1	23	0	QuickQbingQlisse2026	f	333fm	Dunhui Xiao (肖敦慧)	2018XIAO03	1	NULL	NULL	Germany
7988531	2	25	0	QuickQbingQlisse2026	f	333fm	Oliver Fritz	2014FRIT02	1	NULL	NULL	Germany
7990635	1	20	2200	RiverMallKyiv2026	f	333fm	Yurii Riabov (Юрій Рябов)	2018RIAB01	m	NULL	NULL	Ukraine
7994900	1	18	2067	FMCNorway2026	1	333fm	Radomił Baran	2020BARA02	m	NULL	NULL	Poland
7994901	2	21	2233	FMCNorway2026	1	333fm	Niklas Aasen Eliasson	2021ELIA01	m	NULL	NR	Norway
7994902	3	21	2667	FMCNorway2026	1	333fm	Jakob Jernsletten	2018JERN01	m	NULL	NULL	Norway
7994903	4	25	2900	FMCNorway2026	1	333fm	Jacob Oliver Bruun	2018BRUU01	m	NULL	NULL	Norway
7994911	12	24	-1	FMCNorway2026	1	333fm	Hennie Færden	2019FARD01	m	NULL	NULL	Norway
7994919	1	22	2300	FMCNorway2026	2	333fm	Niklas Aasen Eliasson	2021ELIA01	m	NULL	NULL	Norway
7994920	2	21	2400	FMCNorway2026	2	333fm	Radomił Baran	2020BARA02	m	NULL	NULL	Poland
7994921	3	23	2533	FMCNorway2026	2	333fm	Jakob Jernsletten	2018JERN01	m	NULL	NULL	Norway
7994927	9	23	-1	FMCNorway2026	2	333fm	Martin Gudahl Tufte	2022TUFT01	m	NULL	NULL	Norway
7994930	1	20	2033	FMCNorway2026	f	333fm	Radomił Baran	2020BARA02	m	NULL	NULL	Poland
7994931	2	21	2267	FMCNorway2026	f	333fm	Niklas Aasen Eliasson	2021ELIA01	m	NULL	NULL	Norway
7994934	5	24	-1	FMCNorway2026	f	333fm	Jakob Jernsletten	2018JERN01	m	NULL	NULL	Norway
7995469	1	19	2133	SCUIIIFMCTripleScoop2026	1	333fm	Dewei Tan (譚得唯)	2024TAND01	m	NR	NR	Hong Kong
7995470	2	21	2233	SCUIIIFMCTripleScoop2026	1	333fm	Jackson Warley	2008WARL01	m	NULL	NULL	USA
7995471	3	20	2433	SCUIIIFMCTripleScoop2026	1	333fm	Jack Lee	2012LEEJ05	m	NULL	NULL	Canada
7995472	4	23	2467	SCUIIIFMCTripleScoop2026	1	333fm	Yunhao Lou (娄云皓)	2017LOUY01	m	NULL	NULL	China
7995473	5	24	2567	SCUIIIFMCTripleScoop2026	1	333fm	Serena Meng	2022MENG01	m	NULL	NULL	Canada
7995474	6	24	2667	SCUIIIFMCTripleScoop2026	1	333fm	Abhimanyu Singhal (अभिमन्यु सिंघल)	2013SING12	m	NULL	NULL	USA
7995475	7	24	2767	SCUIIIFMCTripleScoop2026	1	333fm	Calvin Nielson	2014NIEL03	m	NULL	NULL	USA
7995485	17	23	-1	SCUIIIFMCTripleScoop2026	1	333fm	Wilson Li (李超雄)	2017LIWI03	m	NULL	NULL	USA
7995486	18	24	-1	SCUIIIFMCTripleScoop2026	1	333fm	Syunei Miyauchi (宮内俊英)	2017MIYA07	m	NULL	NULL	Japan
7995498	1	22	2300	SCUIIIFMCTripleScoop2026	2	333fm	Jack Lee	2012LEEJ05	m	NULL	NULL	Canada
7995499	2	23	2433	SCUIIIFMCTripleScoop2026	2	333fm	Dewei Tan (譚得唯)	2024TAND01	m	NULL	NULL	Hong Kong
7995500	3	24	2500	SCUIIIFMCTripleScoop2026	2	333fm	Syunei Miyauchi (宮内俊英)	2017MIYA07	m	NULL	NULL	Japan
7995501	4	25	2633	SCUIIIFMCTripleScoop2026	2	333fm	Serena Meng	2022MENG01	m	NULL	NULL	Canada
7995503	6	21	2733	SCUIIIFMCTripleScoop2026	2	333fm	Jackson Warley	2008WARL01	m	NULL	NULL	USA
7995518	1	22	2300	SCUIIIFMCTripleScoop2026	f	333fm	Dewei Tan (譚得唯)	2024TAND01	m	NULL	NULL	Hong Kong
7995519	2	22	2333	SCUIIIFMCTripleScoop2026	f	333fm	Jack Lee	2012LEEJ05	m	NULL	NULL	Canada
7995520	3	22	2467	SCUIIIFMCTripleScoop2026	f	333fm	Yunhao Lou (娄云皓)	2017LOUY01	m	NULL	NULL	China
7995521	4	25	2667	SCUIIIFMCTripleScoop2026	f	333fm	Serena Meng	2022MENG01	m	NULL	NULL	Canada
7995522	5	25	2733	SCUIIIFMCTripleScoop2026	f	333fm	Abhimanyu Singhal (अभिमन्यु सिंघल)	2013SING12	m	NULL	NULL	USA
7995523	6	25	2800	SCUIIIFMCTripleScoop2026	f	333fm	Calvin Nielson	2014NIEL03	m	NULL	NULL	USA
7995529	12	24	-1	SCUIIIFMCTripleScoop2026	f	333fm	Syunei Miyauchi (宮内俊英)	2017MIYA07	m	NULL	NULL	Japan
7995530	13	25	-1	SCUIIIFMCTripleScoop2026	f	333fm	Jackson Warley	2008WARL01	m	NULL	NULL	USA
7996068	1	24	2700	MorrowQuietMania2026	f	333fm	Zach Baruch	2017BARU01	m	NULL	NULL	USA
7996069	2	25	2967	MorrowQuietMania2026	f	333fm	Elliott Perkins	2018PERK01	m	NULL	NULL	USA
7996076	9	24	-1	MorrowQuietMania2026	f	333fm	Harsha Paladugu	2017PALA08	m	NULL	NULL	USA
7998801	1	21	2500	PleaseBeFinishedBrisbane2026	f	333fm	Elijah La Porte	2022PORT01	m	NULL	NULL	Australia
7998802	1	21	2500	PleaseBeFinishedBrisbane2026	f	333fm	Bpaul Paul	2014PAUL05	m	NULL	NULL	Australia
7999613	1	21	2233	OhioStateMentalMadness2026	1	333fm	Daichi Halphen	2019HALP02	m	NULL	NULL	USA
7999614	2	21	2267	OhioStateMentalMadness2026	1	333fm	Chris Chi	2014CHIC01	m	NULL	NULL	USA
7999615	3	22	2267	OhioStateMentalMadness2026	1	333fm	Jackson Warley	2008WARL01	m	NULL	NULL	USA
7999616	4	25	2733	OhioStateMentalMadness2026	1	333fm	Luke Garrett	2017GARR05	m	NULL	NULL	USA
7999624	12	22	-1	OhioStateMentalMadness2026	1	333fm	Zach Baruch	2017BARU01	m	NULL	NULL	USA
7999627	1	20	2167	OhioStateMentalMadness2026	f	333fm	Chris Chi	2014CHIC01	m	NULL	NULL	USA
7999628	2	22	2233	OhioStateMentalMadness2026	f	333fm	Jackson Warley	2008WARL01	m	NULL	NULL	USA
7999629	3	22	2300	OhioStateMentalMadness2026	f	333fm	Daichi Halphen	2019HALP02	m	NULL	NULL	USA
7999630	4	20	2433	OhioStateMentalMadness2026	f	333fm	Zach Baruch	2017BARU01	m	NULL	NULL	USA
8000060	1	22	2233	FMCantonNansha2026	1	333fm	Wong Chong Wen (黄崇文)	2014WENW01	m	NULL	NULL	Singapore
8000061	2	22	2267	FMCantonNansha2026	1	333fm	Nachuan Sun (孙纳川)	2017SUNN02	m	NULL	NULL	China
8000062	3	22	2333	FMCantonNansha2026	1	333fm	Jayden McNeill	2012MCNE01	m	NULL	NULL	Australia
8000063	3	22	2333	FMCantonNansha2026	1	333fm	Takumi Tamura (田村匠)	2019TAMU01	m	NULL	NULL	Japan
8000064	5	23	2333	FMCantonNansha2026	1	333fm	Yiwei Liu (刘伊玮)	2012LIUY03	m	NULL	NULL	China
8000065	6	23	2367	FMCantonNansha2026	1	333fm	Weijie Jian (简维杰)	2011JIAN07	m	NULL	NULL	China
8000066	7	22	2400	FMCantonNansha2026	1	333fm	Firstian Fushada (符逢城)	2015FUSH01	m	NULL	NULL	Indonesia
8000067	8	22	2433	FMCantonNansha2026	1	333fm	Qijun Miao (缪其隽)	2014MIAO02	m	NULL	NULL	China
8000068	9	23	2500	FMCantonNansha2026	1	333fm	Jibo Zhao (赵吉波)	2010ZHAO11	m	NULL	NULL	China
8000069	10	25	2567	FMCantonNansha2026	1	333fm	Maosheng Chen (陈茂盛)	2012CHEN44	m	NULL	NULL	China
8000070	11	23	2600	FMCantonNansha2026	1	333fm	Kun Zhu (朱坤)	2011ZHUK01	m	NULL	NULL	China
8000071	12	24	2633	FMCantonNansha2026	1	333fm	Haohan Zheng (郑皓涵)	2019ZHEN38	m	NULL	NULL	China
8000072	13	25	2633	FMCantonNansha2026	1	333fm	Guangtong Quan (全广通)	2017QUAN22	m	NULL	NULL	China
8000078	19	25	3033	FMCantonNansha2026	1	333fm	Min Wu (吴民)	2009WUMI01	m	NULL	NULL	China
8000080	21	25	3200	FMCantonNansha2026	1	333fm	Mingzhi Da (达明志)	2014DAMI01	m	NULL	NULL	China
8000098	39	23	-1	FMCantonNansha2026	1	333fm	Baiqiang Dong (董百强)	2008DONG06	m	NULL	NULL	China
8000099	39	23	-1	FMCantonNansha2026	1	333fm	Tianze Xu (徐天泽)	2015XUTI01	m	NULL	NULL	China
8000100	39	23	-1	FMCantonNansha2026	1	333fm	Xiwen Ruan (阮熙文)	2018RUAN04	m	NULL	NULL	China
8000101	42	25	-1	FMCantonNansha2026	1	333fm	Yanghong Zhang (张扬红)	2024ZHAN75	m	NULL	NULL	China
8000117	1	18	1933	FMCantonNansha2026	f	333fm	Wong Chong Wen (黄崇文)	2014WENW01	m	NR	WR	Singapore
8000118	2	21	2133	FMCantonNansha2026	f	333fm	Jayden McNeill	2012MCNE01	m	NULL	NULL	Australia
8000119	3	18	2200	FMCantonNansha2026	f	333fm	Firstian Fushada (符逢城)	2015FUSH01	m	NULL	NULL	Indonesia
8000120	4	21	2300	FMCantonNansha2026	f	333fm	Nachuan Sun (孙纳川)	2017SUNN02	m	NULL	NULL	China
8000121	5	23	2333	FMCantonNansha2026	f	333fm	Qijun Miao (缪其隽)	2014MIAO02	m	NULL	NULL	China
8000122	6	18	2367	FMCantonNansha2026	f	333fm	Qinghong Zeng (曾庆鸿)	2019ZENG04	m	NULL	NULL	China
8000123	7	23	2367	FMCantonNansha2026	f	333fm	Jibo Zhao (赵吉波)	2010ZHAO11	m	NULL	NULL	China
8000124	8	21	2400	FMCantonNansha2026	f	333fm	Yiwei Liu (刘伊玮)	2012LIUY03	m	NULL	NULL	China
8000125	9	24	2400	FMCantonNansha2026	f	333fm	Takumi Tamura (田村匠)	2019TAMU01	m	NULL	NULL	Japan
8000126	10	22	2467	FMCantonNansha2026	f	333fm	Kun Zhu (朱坤)	2011ZHUK01	m	NULL	NULL	China
8000127	11	23	2467	FMCantonNansha2026	f	333fm	Weijie Jian (简维杰)	2011JIAN07	m	NULL	NULL	China
8000128	12	23	2533	FMCantonNansha2026	f	333fm	Yanghong Zhang (张扬红)	2024ZHAN75	m	NULL	NULL	China
8000129	13	18	2633	FMCantonNansha2026	f	333fm	Tianze Xu (徐天泽)	2015XUTI01	m	NULL	NULL	China
8000132	16	23	2833	FMCantonNansha2026	f	333fm	Andy Mok Man Cheuk (莫文卓)	2016CHEU04	m	NULL	NULL	Hong Kong
8000146	30	22	-1	FMCantonNansha2026	f	333fm	Xiwen Ruan (阮熙文)	2018RUAN04	m	NULL	NULL	China
8000147	31	23	-1	FMCantonNansha2026	f	333fm	Baiqiang Dong (董百强)	2008DONG06	m	NULL	NULL	China
8000148	31	23	-1	FMCantonNansha2026	f	333fm	Guangtong Quan (全广通)	2017QUAN22	m	NULL	NULL	China
8000149	33	25	-1	FMCantonNansha2026	f	333fm	Maosheng Chen (陈茂盛)	2012CHEN44	m	NULL	NULL	China
8002859	1	18	2000	FMCantonHaizhu2026	1	333fm	Jayden McNeill	2012MCNE01	m	OcR	OcR	Australia
8002860	2	20	2233	FMCantonHaizhu2026	1	333fm	Wong Chong Wen (黄崇文)	2014WENW01	m	NULL	NULL	Singapore
8002861	3	21	2267	FMCantonHaizhu2026	1	333fm	Jibo Zhao (赵吉波)	2010ZHAO11	m	NULL	NULL	China
8002862	4	20	2300	FMCantonHaizhu2026	1	333fm	Takumi Tamura (田村匠)	2019TAMU01	m	NULL	NULL	Japan
8002863	5	23	2300	FMCantonHaizhu2026	1	333fm	Nachuan Sun (孙纳川)	2017SUNN02	m	NULL	NULL	China
8002864	6	22	2333	FMCantonHaizhu2026	1	333fm	Yiwei Liu (刘伊玮)	2012LIUY03	m	NULL	NULL	China
8002865	7	21	2400	FMCantonHaizhu2026	1	333fm	Firstian Fushada (符逢城)	2015FUSH01	m	NULL	NULL	Indonesia
8002866	8	22	2400	FMCantonHaizhu2026	1	333fm	Maosheng Chen (陈茂盛)	2012CHEN44	m	NULL	NULL	China
8002867	9	23	2400	FMCantonHaizhu2026	1	333fm	Kun Zhu (朱坤)	2011ZHUK01	m	NULL	NULL	China
8002868	10	24	2400	FMCantonHaizhu2026	1	333fm	Qijun Miao (缪其隽)	2014MIAO02	m	NULL	NULL	China
8002869	11	23	2433	FMCantonHaizhu2026	1	333fm	Tianze Xu (徐天泽)	2015XUTI01	m	NULL	NULL	China
8002870	12	24	2500	FMCantonHaizhu2026	1	333fm	Guangtong Quan (全广通)	2017QUAN22	m	NULL	NULL	China
8002871	13	24	2533	FMCantonHaizhu2026	1	333fm	Yongqiang Peng (彭永强)	2013PENG02	m	NULL	NULL	China
8002872	14	25	2567	FMCantonHaizhu2026	1	333fm	Baiqiang Dong (董百强)	2008DONG06	m	NULL	NULL	China
8002873	15	24	2600	FMCantonHaizhu2026	1	333fm	Yanghong Zhang (张扬红)	2024ZHAN75	m	NULL	NULL	China
8002874	16	25	2600	FMCantonHaizhu2026	1	333fm	Xuyang Zhang (张煦阳)	2014ZHAN43	m	NULL	NULL	China
8002876	18	25	2800	FMCantonHaizhu2026	1	333fm	Jiashun Wu (吴嘉顺)	2016WUJI01	m	NULL	NULL	China
8002900	42	20	-1	FMCantonHaizhu2026	1	333fm	Weijie Jian (简维杰)	2011JIAN07	m	NULL	NULL	China
8002901	43	23	-1	FMCantonHaizhu2026	1	333fm	Xiwen Ruan (阮熙文)	2018RUAN04	m	NULL	NULL	China
8002917	1	19	2133	FMCantonHaizhu2026	f	333fm	Jayden McNeill	2012MCNE01	m	NULL	NULL	Australia
8002918	2	20	2200	FMCantonHaizhu2026	f	333fm	Weijie Jian (简维杰)	2011JIAN07	m	NULL	NULL	China
8002919	2	20	2200	FMCantonHaizhu2026	f	333fm	Wong Chong Wen (黄崇文)	2014WENW01	m	NULL	NULL	Singapore
8002920	4	20	2300	FMCantonHaizhu2026	f	333fm	Qijun Miao (缪其隽)	2014MIAO02	m	NULL	NULL	China
8002921	5	22	2400	FMCantonHaizhu2026	f	333fm	Jibo Zhao (赵吉波)	2010ZHAO11	m	NULL	NULL	China
8002922	6	23	2400	FMCantonHaizhu2026	f	333fm	Firstian Fushada (符逢城)	2015FUSH01	m	NULL	NULL	Indonesia
8002923	7	24	2467	FMCantonHaizhu2026	f	333fm	Takumi Tamura (田村匠)	2019TAMU01	m	NULL	NULL	Japan
8002924	8	24	2500	FMCantonHaizhu2026	f	333fm	Kun Zhu (朱坤)	2011ZHUK01	m	NULL	NULL	China
8002925	9	22	2600	FMCantonHaizhu2026	f	333fm	Jiashun Wu (吴嘉顺)	2016WUJI01	m	NULL	NULL	China
8002926	10	23	2667	FMCantonHaizhu2026	f	333fm	Yanghong Zhang (张扬红)	2024ZHAN75	m	NULL	NULL	China
8002927	11	24	2667	FMCantonHaizhu2026	f	333fm	Baiqiang Dong (董百强)	2008DONG06	m	NULL	NULL	China
8002928	12	25	2667	FMCantonHaizhu2026	f	333fm	Maosheng Chen (陈茂盛)	2012CHEN44	m	NULL	NULL	China
8002932	16	24	2833	FMCantonHaizhu2026	f	333fm	Zejia Guo (郭泽嘉)	2018GUOZ01	m	NULL	NULL	China
8002948	32	21	-1	FMCantonHaizhu2026	f	333fm	Nachuan Sun (孙纳川)	2017SUNN02	m	NULL	NULL	China
8002949	33	22	-1	FMCantonHaizhu2026	f	333fm	Xiwen Ruan (阮熙文)	2018RUAN04	m	NULL	NULL	China
8002950	34	23	-1	FMCantonHaizhu2026	f	333fm	Yongqiang Peng (彭永强)	2013PENG02	m	NULL	NULL	China
8002951	35	24	-1	FMCantonHaizhu2026	f	333fm	Mingzhi Da (达明志)	2014DAMI01	m	NULL	NULL	China
8002952	36	25	-1	FMCantonHaizhu2026	f	333fm	Ge Shi (石歌)	2024GESH01	m	NULL	NULL	China
8002953	36	25	-1	FMCantonHaizhu2026	f	333fm	Yiwei Liu (刘伊玮)	2012LIUY03	m	NULL	NULL	China
8003295	1	22	2333	URJCOpen2026	f	333fm	Mauro Moisés Ortega López	2016LOPE44	m	NULL	NULL	Spain
8003302	8	22	-1	URJCOpen2026	f	333fm	Vasco Vasconcelos	2008VASC01	m	NULL	NULL	Portugal
8008717	1	22	2367	BremiumCubing2026	f	333fm	Noah Kraft	2016KRAF01	m	NULL	NULL	Germany
8008718	2	24	2700	BremiumCubing2026	f	333fm	Sébastien Auroux	2008AURO01	m	NULL	NULL	Germany
8008719	3	24	3067	BremiumCubing2026	f	333fm	Konstantin Jaehne	2015JAEH01	m	NULL	NULL	Germany
8011711	8	25	-1	ArkansasChampionship2026	f	333fm	Alexander Wheeler	2014WHEE01	m	NULL	NULL	USA
8015535	1	25	0	ParetsOpen2026	f	333fm	Kevin Gerhardt	2013GERH01	1	NULL	NULL	Germany
8020246	2	23	0	NZCubingHeptathlon2026	f	333fm	Jack McDougall	2020MCDO01	1	NULL	NULL	New Zealand
8020251	1	20	0	NZCubingHeptathlon2026	f	333fm	Tom Nelson	2013NELS01	1	NR	NULL	New Zealand
8023387	1	21	2833	GlasgowBigandFMCSpring2026	f	333fm	Cham J. Chambers	2017CHAM09	m	NULL	NULL	United Kingdom
8023398	12	21	-1	GlasgowBigandFMCSpring2026	f	333fm	Jaye Sloan	2022SLOA01	m	NULL	NULL	United Kingdom
8024392	5	23	2467	MaxiMentalDelft2026	f	333fm	Sebastiano Tronto	2011TRON02	m	NULL	NULL	Italy
8024395	1	20	2333	MaxiMentalDelft2026	f	333fm	Mattheo de Wit	2015WITM01	m	NR	NR	Netherlands
8024401	1	20	2333	MaxiMentalDelft2026	f	333fm	Vincent Chan	2017CHAN44	m	NR	NR	Netherlands
8024402	8	25	2733	MaxiMentalDelft2026	f	333fm	Kymo Hendriks	2023HEND11	m	NULL	NULL	Netherlands
8024409	6	23	2500	MaxiMentalDelft2026	f	333fm	Oskar Feed Jakobsen	2017JAKO02	m	NULL	NULL	Norway
8024410	9	25	2767	MaxiMentalDelft2026	f	333fm	Jonas Balsfulland	2012BALS01	m	NULL	NULL	Germany
8024412	3	22	2400	MaxiMentalDelft2026	f	333fm	Adrien Neveu	2018NEVE02	m	NULL	NULL	France
8024417	7	20	2700	MaxiMentalDelft2026	f	333fm	Andrey Che	2015CHEA01	m	NR	NULL	Russia
8024418	4	23	2400	MaxiMentalDelft2026	f	333fm	Jan Bentlage	2010BENT01	m	NULL	NULL	Germany
8029936	1	20	2167	SoutheastFMCChampionship2026	f	333fm	Alexander Wheeler	2014WHEE01	m	NULL	NULL	USA
8029937	2	20	2333	SoutheastFMCChampionship2026	f	333fm	Zeke Mackay	2015MACK06	m	NULL	NULL	USA
8029938	3	24	2433	SoutheastFMCChampionship2026	f	333fm	Kellan Butler	2022BUTL02	m	NULL	NULL	USA
8029940	5	22	2933	SoutheastFMCChampionship2026	f	333fm	Ledger Ramirez	2022RAMI15	m	NULL	NULL	USA
8029942	7	23	3133	SoutheastFMCChampionship2026	f	333fm	Joon Cha (차준혁)	2012CHAJ01	m	NULL	NULL	Korea
8031657	1	21	2167	NewYorkMultimatePBQIV2026	1	333fm	Joseph Guzman	2015GUZM03	m	NULL	NULL	USA
8031658	2	20	2233	NewYorkMultimatePBQIV2026	1	333fm	Chris Chi	2014CHIC01	m	NULL	NULL	USA
8031659	3	22	2300	NewYorkMultimatePBQIV2026	1	333fm	Stanley Chapel	2016CHAP04	m	NULL	NULL	USA
8031660	4	22	2333	NewYorkMultimatePBQIV2026	1	333fm	Jack Lee	2012LEEJ05	m	NULL	NULL	Canada
8031661	5	23	2400	NewYorkMultimatePBQIV2026	1	333fm	Elliot Wiecek	2016WIEC02	m	NULL	NULL	USA
8031663	7	24	2867	NewYorkMultimatePBQIV2026	1	333fm	Eli Rogers	2022ROGE05	m	NULL	NULL	USA
8031671	1	20	2167	NewYorkMultimatePBQIV2026	f	333fm	Joseph Guzman	2015GUZM03	m	NULL	NULL	USA
8031672	2	20	2200	NewYorkMultimatePBQIV2026	f	333fm	Elliot Wiecek	2016WIEC02	m	NULL	NULL	USA
8031673	2	20	2200	NewYorkMultimatePBQIV2026	f	333fm	Jack Lee	2012LEEJ05	m	NULL	NR	Canada
8031674	2	20	2200	NewYorkMultimatePBQIV2026	f	333fm	Chris Chi	2014CHIC01	m	NULL	NULL	USA
8031675	5	22	2633	NewYorkMultimatePBQIV2026	f	333fm	Stanley Chapel	2016CHAP04	m	NULL	NULL	USA
8031676	6	22	2867	NewYorkMultimatePBQIV2026	f	333fm	Eli Rogers	2022ROGE05	m	NULL	NULL	USA
8031678	8	24	-1	NewYorkMultimatePBQIV2026	f	333fm	Serena Meng	2022MENG01	m	NULL	NULL	Canada
8042426	1	20	3133	KirkkonummenKuutionvaantelyt2026	1	333fm	Urho Kinnunen	2018KINN05	m	NR	NULL	Finland
8042427	3	24	3367	KirkkonummenKuutionvaantelyt2026	1	333fm	Aarni Salakari	2022SALA09	m	NULL	NULL	Finland
8042435	8	25	-1	KirkkonummenKuutionvaantelyt2026	f	333fm	Jānis Zirnis	2013ZIRN01	m	NR	NULL	Latvia
8045849	2	25	3133	Johnshhhtown2026	f	333fm	Stone Amsbaugh	2018AMSB02	m	NULL	NULL	USA
8045856	1	25	2967	Johnshhhtown2026	f	333fm	Raymos Castillo	2017CAST41	m	NULL	NULL	USA
8045896	1	23	2467	QuietDownInPflugerville2026	f	333fm	Ryan Pilat	2016PILA03	m	NULL	NULL	USA
8049591	12	24	2733	FrenchChampionship2026	f	333fm	Romain Velcin	2023VELC01	m	NULL	NULL	France
8049594	21	25	-1	FrenchChampionship2026	f	333fm	Nicolas Gertner Kilian	2013GERT01	m	NULL	NULL	France
8049595	7	23	2433	FrenchChampionship2026	f	333fm	Alaric Pouchain	2019POUC01	m	NULL	NULL	France
8049596	13	25	2733	FrenchChampionship2026	f	333fm	Eden Robinson-Rechavi	2022ROBI05	m	NULL	NULL	Switzerland
8049598	20	23	-1	FrenchChampionship2026	f	333fm	Elian Beguec	2014BEGU01	m	NULL	NULL	France
8049599	9	24	2567	FrenchChampionship2026	f	333fm	Arnau Tous Mateu	2016MATE04	m	NULL	NULL	Spain
8049600	1	21	2133	FrenchChampionship2026	f	333fm	Adrien Neveu	2018NEVE02	m	NULL	NULL	France
8049601	4	21	2267	FrenchChampionship2026	f	333fm	Alexis Le Merrer	2019MERR02	m	NULL	NULL	France
8049604	11	24	2633	FrenchChampionship2026	f	333fm	Étienne Aubry	2018AUBR01	m	NULL	NULL	France
8049606	6	23	2400	FrenchChampionship2026	f	333fm	Louis Sarthou	2012SART01	m	NULL	NULL	France
8049607	17	25	3000	FrenchChampionship2026	f	333fm	Malte Ihlefeld	2016IHLE01	m	NULL	NULL	Germany
8049608	2	21	2167	FrenchChampionship2026	f	333fm	Quentin Rivault	2017RIVA09	m	NULL	NULL	France
8049609	9	24	2567	FrenchChampionship2026	f	333fm	Oliver Fritz	2014FRIT02	m	NULL	NULL	Germany
8049610	8	24	2433	FrenchChampionship2026	f	333fm	Ylann Vernaton	2025VERN01	m	NULL	NULL	France
8049611	5	22	2400	FrenchChampionship2026	f	333fm	Mauro Moisés Ortega López	2016LOPE44	m	NULL	NULL	Spain
8049612	3	21	2200	FrenchChampionship2026	f	333fm	Louis-Marie Ratto	2019RATT02	m	NULL	NULL	France
8054030	2	23	2733	PleaseDontDNFKaohsiung2026	f	333fm	Hsiang-Cheng Kan (闞祥誠)	2016KANH02	m	NULL	NULL	Taiwan
8057648	1	20	2167	TokyoFMCSpring2026	1	333fm	Wong Chong Wen (黄崇文)	2014WENW01	m	NULL	NULL	Singapore
8057649	2	21	2300	TokyoFMCSpring2026	1	333fm	Yiwei Liu (刘伊玮)	2012LIUY03	m	NULL	NULL	China
8057650	3	21	2333	TokyoFMCSpring2026	1	333fm	Yuki Yamamoto (山本祐輝)	2010YAMA04	m	NULL	NULL	Japan
8057651	3	21	2333	TokyoFMCSpring2026	1	333fm	Haru Matsuki (松木晴琉)	2024MATS09	m	NULL	NULL	Japan
8057652	5	22	2333	TokyoFMCSpring2026	1	333fm	Shuto Ueno (上野柊斗)	2008UENO01	m	NULL	NULL	Japan
8057653	6	21	2367	TokyoFMCSpring2026	1	333fm	Kai Yamamoto (山本快)	2021YAMA01	m	NULL	NULL	Japan
8057654	7	22	2367	TokyoFMCSpring2026	1	333fm	Hajime Miyazaki (宮崎朔)	2022MIYA01	m	NULL	NULL	Japan
8057655	8	23	2433	TokyoFMCSpring2026	1	333fm	Takumi Tamura (田村匠)	2019TAMU01	m	NULL	NULL	Japan
8057656	8	23	2433	TokyoFMCSpring2026	1	333fm	Shota Wakabayashi (若林翔太)	2023KADO01	m	NULL	NULL	Japan
8057657	10	23	2467	TokyoFMCSpring2026	1	333fm	Tomoyuki Hiraide (平出智之)	2012HIRA01	m	NULL	NULL	Japan
8057658	11	23	2633	TokyoFMCSpring2026	1	333fm	Yunke Zhang (张云柯)	2014ZHAN11	m	NULL	NULL	China
8057659	12	24	2667	TokyoFMCSpring2026	1	333fm	Syunei Miyauchi (宮内俊英)	2017MIYA07	m	NULL	NULL	Japan
8057660	12	24	2667	TokyoFMCSpring2026	1	333fm	Yasunari Kumekawa (粂川泰成)	2022KUME01	m	NULL	NULL	Japan
8057661	14	24	2733	TokyoFMCSpring2026	1	333fm	Torakazu Onota (小野田虎司)	2024ONOT01	m	NULL	NULL	Japan
8057662	14	24	2733	TokyoFMCSpring2026	1	333fm	Yuto Morishita (森下優斗)	2023SHIK03	m	NULL	NULL	Japan
8057663	16	24	2800	TokyoFMCSpring2026	1	333fm	Rintaro Koide (小出琳太郎)	2023KOID01	m	NULL	NULL	Japan
8057665	18	24	3100	TokyoFMCSpring2026	1	333fm	Haruka Kitamura (北村晴香)	2017KITA03	m	NULL	NULL	Japan
8057667	20	24	3167	TokyoFMCSpring2026	1	333fm	Toshiaki Ishikura (石倉寿秋)	2014ISHI01	m	NULL	NULL	Japan
8057676	29	25	3833	TokyoFMCSpring2026	1	333fm	Tomohiro Kobayashi (小林知広)	2013KOBA01	m	NULL	NULL	Japan
8057694	1	20	2133	TokyoFMCSpring2026	f	333fm	Wong Chong Wen (黄崇文)	2014WENW01	m	NULL	NULL	Singapore
8057695	2	20	2167	TokyoFMCSpring2026	f	333fm	Hajime Miyazaki (宮崎朔)	2022MIYA01	m	NULL	NR	Japan
8057696	3	20	2233	TokyoFMCSpring2026	f	333fm	Yasunari Kumekawa (粂川泰成)	2022KUME01	m	NULL	NULL	Japan
8057697	4	22	2300	TokyoFMCSpring2026	f	333fm	Shota Wakabayashi (若林翔太)	2023KADO01	m	NULL	NULL	Japan
8057698	5	20	2333	TokyoFMCSpring2026	f	333fm	Tomoyuki Hiraide (平出智之)	2012HIRA01	m	NULL	NULL	Japan
8057699	6	22	2333	TokyoFMCSpring2026	f	333fm	Shuto Ueno (上野柊斗)	2008UENO01	m	NULL	NULL	Japan
8057700	6	22	2333	TokyoFMCSpring2026	f	333fm	Yuki Yamamoto (山本祐輝)	2010YAMA04	m	NULL	NULL	Japan
8057701	8	20	2367	TokyoFMCSpring2026	f	333fm	Kai Yamamoto (山本快)	2021YAMA01	m	NULL	NULL	Japan
8057702	9	22	2367	TokyoFMCSpring2026	f	333fm	Takumi Tamura (田村匠)	2019TAMU01	m	NULL	NULL	Japan
8057703	10	22	2467	TokyoFMCSpring2026	f	333fm	Syunei Miyauchi (宮内俊英)	2017MIYA07	m	NULL	NULL	Japan
8057704	10	22	2467	TokyoFMCSpring2026	f	333fm	Yiwei Liu (刘伊玮)	2012LIUY03	m	NULL	NULL	China
8057705	12	24	2500	TokyoFMCSpring2026	f	333fm	Torakazu Onota (小野田虎司)	2024ONOT01	m	NULL	NULL	Japan
8057706	13	23	2567	TokyoFMCSpring2026	f	333fm	Yunke Zhang (张云柯)	2014ZHAN11	m	NULL	NULL	China
8057707	14	23	2633	TokyoFMCSpring2026	f	333fm	Haruka Kitamura (北村晴香)	2017KITA03	m	NULL	NULL	Japan
8057708	15	23	2700	TokyoFMCSpring2026	f	333fm	Yusuke Kosaka (髙阪優輔)	2019KOSA01	m	NULL	NULL	Japan
8057718	25	23	-1	TokyoFMCSpring2026	f	333fm	Tomohiro Kobayashi (小林知広)	2013KOBA01	m	NULL	NULL	Japan
8057719	26	24	-1	TokyoFMCSpring2026	f	333fm	Rintaro Koide (小出琳太郎)	2023KOID01	m	NULL	NULL	Japan
8057720	26	24	-1	TokyoFMCSpring2026	f	333fm	Haru Matsuki (松木晴琉)	2024MATS09	m	NULL	NULL	Japan
8067850	8	24	-1	NebraskaChampionship2026	f	333fm	Alexander Wheeler	2014WHEE01	m	NULL	NULL	USA
8067856	1	23	2400	NebraskaChampionship2026	f	333fm	Walker Welch	2011WELC01	m	NULL	NULL	USA
8067865	2	23	2567	NebraskaChampionship2026	f	333fm	Evan Liu	2009LIUE01	m	NULL	NULL	USA
8067867	3	25	2567	NebraskaChampionship2026	f	333fm	Abhimanyu Singhal (अभिमन्यु सिंघल)	2013SING12	m	NULL	NULL	USA
8070051	2	24	0	LeedsSpring2026	f	333fm	Jacob Sherwen Brown	2022BROW01	1	NULL	NULL	United Kingdom
8070052	1	22	0	LeedsSpring2026	f	333fm	Galih Arya Santosa	2016SANT40	1	NULL	NULL	Indonesia
8074543	1	21	2100	PBQSingaporeApril2026	f	333fm	Wong Chong Wen (黄崇文)	2014WENW01	m	NULL	NULL	Singapore
8074544	2	22	2467	PBQSingaporeApril2026	f	333fm	Dylan Seah Tze Siang (谢智翔)	2015SIAN01	m	NULL	NULL	Singapore
8074547	4	24	2633	PBQSingaporeApril2026	f	333fm	Chang Hong Liang (张泓量)	2016LIAN02	m	NULL	NULL	Singapore
8074553	3	23	2500	PBQSingaporeApril2026	f	333fm	Jovan Susanto	2022SUSA02	m	NULL	NULL	Singapore
8074577	3	22	2500	SeoulSilentShhpring2026	f	333fm	DongSoo Park (박동수)	2017PARK05	m	NULL	NULL	Korea
8074579	16	25	-1	SeoulSilentShhpring2026	f	333fm	Jihun Yang (양지훈)	2021YANG27	m	NULL	NULL	Korea
8074580	15	24	-1	SeoulSilentShhpring2026	f	333fm	Takumi Tamura (田村匠)	2019TAMU01	m	NULL	NULL	Japan
8074581	14	21	-1	SeoulSilentShhpring2026	f	333fm	Yuto Morishita (森下優斗)	2023SHIK03	m	NULL	NULL	Japan
8074585	5	22	2600	SeoulSilentShhpring2026	f	333fm	Haruka Kitamura (北村晴香)	2017KITA03	m	NULL	NULL	Japan
8074586	2	23	2400	SeoulSilentShhpring2026	f	333fm	Dohyun Kim (김도현)	2013KIMD01	m	NULL	NULL	Korea
8074587	4	23	2500	SeoulSilentShhpring2026	f	333fm	Ko Youngjin (고영진)	2007YOUN04	m	NULL	NULL	Korea
8074590	1	20	2067	SeoulSilentShhpring2026	f	333fm	Jaehyun Jeong (정재현)	2016JEON02	m	NULL	NR	Korea
8078742	2	24	2700	SolvinginSale2026	f	333fm	Riley Dexter	2016DEXT01	m	NULL	NULL	Australia
8078743	1	19	2033	SolvinginSale2026	f	333fm	Jayden McNeill	2012MCNE01	m	NULL	NULL	Australia
8089610	2	22	2367	HungarianAllRounder32026	f	333fm	Szabolcs Szántai	2016SZAN01	m	NULL	NULL	Hungary
8089615	1	22	2333	HungarianAllRounder32026	f	333fm	Bence Barát	2008BARA01	m	NULL	NULL	Hungary
8102042	1	25	0	GreenwoodsSummerOvertime2026	f	333fm	Yuji Yoshida	2015YOSH01	1	NULL	NULL	Philippines
8103880	1	21	2233	SurviveFMCinBangalore2026	1	333fm	Muhammad Hanif	2022HANI01	m	NULL	NULL	India
8103882	5	24	-1	SurviveFMCinBangalore2026	1	333fm	Shahul H. Shakila	2023SHAK01	m	NULL	NULL	India
8103885	5	25	-1	SurviveFMCinBangalore2026	f	333fm	Shahul H. Shakila	2023SHAK01	m	NULL	NULL	India
8103886	1	25	3433	SurviveFMCinBangalore2026	f	333fm	Krishanth Thangarathan	2019THAN05	m	NULL	NULL	India
8103887	4	20	-1	SurviveFMCinBangalore2026	f	333fm	Muhammad Hanif	2022HANI01	m	NR	NULL	India
8105260	4	25	3000	ManchesterCLFirst2026	f	333fm	Ben Stokes	2018STOK01	m	NULL	NULL	United Kingdom
8105262	15	24	-1	ManchesterCLFirst2026	f	333fm	Dorian Chan	2023DORI01	m	NULL	NULL	Hong Kong
8105263	2	24	2800	ManchesterCLFirst2026	f	333fm	Harry Savage	2013SAVA01	m	NULL	NULL	United Kingdom
8105273	1	24	2567	ManchesterCLFirst2026	f	333fm	Fabio Schwandt	2014SCHW02	m	NULL	NULL	United Kingdom
8111973	9	23	-1	HvidovreApril2026	f	333fm	Adam Marcellus Kelly	2016KELL10	m	NULL	NULL	Denmark
8111984	1	24	2433	HvidovreApril2026	f	333fm	Daniel Vædele Egdal	2013EGDA01	m	NULL	NULL	Denmark
8116175	1	24	2433	FMCpaGKV2026	f	333fm	Niklas Aasen Eliasson	2021ELIA01	m	NULL	NULL	Norway
8119572	4	25	2733	WCCWesternFMCChampionship2026	f	333fm	Stanley Tran	2019TRAN04	m	NULL	NULL	USA
8119574	3	24	2667	WCCWesternFMCChampionship2026	f	333fm	Calvin Nielson	2014NIEL03	m	NULL	NULL	USA
8119584	2	23	2500	WCCWesternFMCChampionship2026	f	333fm	Yunhao Lou (娄云皓)	2017LOUY01	m	NULL	NULL	China
8119588	1	21	2300	WCCWesternFMCChampionship2026	f	333fm	Dewei Tan (譚得唯)	2024TAND01	m	NULL	NULL	Hong Kong
8120827	1	24	2533	RedhawkMadnessOH2026	f	333fm	Harsha Paladugu	2017PALA08	m	NULL	NULL	USA
8122533	4	24	3167	VieniaCubareinPuglia2026	f	333fm	Riccardo Raciti	2016RACI03	m	NR	NULL	Slovakia
8122534	1	24	2633	VieniaCubareinPuglia2026	f	333fm	Vincenzo Maria Gammino	2016GAMM01	m	NULL	NULL	Italy
8122537	2	25	2767	VieniaCubareinPuglia2026	f	333fm	Chiara Marcucci	2021MARC03	m	NULL	NULL	Italy
8122538	3	25	3067	VieniaCubareinPuglia2026	f	333fm	Alessandro Nicolì	2012NICO02	m	NULL	NULL	Italy
8122545	12	22	-1	VieniaCubareinPuglia2026	f	333fm	Tommaso Raposio	2014RAPO01	m	NULL	NULL	Italy
8126114	1	23	0	VaudesincourtOpen2026	f	333fm	Étienne Aubry	2018AUBR01	1	NULL	NULL	France
8127713	1	17	1900	EvanstonFMCSpring2026	1	333fm	Brian Johnson	2013JOHN10	m	NULL	WR	USA
8127714	2	18	2067	EvanstonFMCSpring2026	1	333fm	Alexander Wheeler	2014WHEE01	m	NULL	NULL	USA
8127715	3	19	2200	EvanstonFMCSpring2026	1	333fm	Benjamin Kyle	2016KYLE01	m	NR	NR	Canada
8127716	4	21	2200	EvanstonFMCSpring2026	1	333fm	Cale Schoon	2014SCHO02	m	NULL	NULL	USA
8127717	5	21	2300	EvanstonFMCSpring2026	1	333fm	Chris Chi	2014CHIC01	m	NULL	NULL	USA
8127718	6	24	2533	EvanstonFMCSpring2026	1	333fm	Charles Bois	2023BOIS02	m	NULL	NULL	USA
8127719	7	25	2800	EvanstonFMCSpring2026	1	333fm	Eli Rogers	2022ROGE05	m	NULL	NULL	USA
8127734	11	24	-1	EvanstonFMCSpring2026	f	333fm	Brian Johnson	2013JOHN10	m	NULL	NULL	USA
8127735	1	22	2267	EvanstonFMCSpring2026	f	333fm	Alexander Wheeler	2014WHEE01	m	NULL	NULL	USA
8127737	2	23	2333	EvanstonFMCSpring2026	f	333fm	Cale Schoon	2014SCHO02	m	NULL	NULL	USA
8127738	2	23	2333	EvanstonFMCSpring2026	f	333fm	Chris Chi	2014CHIC01	m	NULL	NULL	USA
8128100	1	19	2233	WesternSicilyOpen2026	f	333fm	Chiara Marcucci	2021MARC03	m	NULL	NULL	Italy
8136778	1	23	2400	RahnEducationOpen2026	f	333fm	Noah Kraft	2016KRAF01	m	NULL	NULL	Germany
8137341	4	24	3167	LonayEuroQualifier2026	f	333fm	Matteo Dummar	2017DUMM01	m	NULL	NULL	Italy
8137343	1	23	2433	LonayEuroQualifier2026	f	333fm	Nicolas Gertner Kilian	2013GERT01	m	NULL	NULL	France
8137345	2	22	2467	LonayEuroQualifier2026	f	333fm	Timo Günthardt	2019GUNT04	m	NULL	NULL	Switzerland
8139621	8	23	2500	NordicSwedishChampionship2026	f	333fm	Simone Bentlage	2014OHLE01	m	NULL	NULL	Germany
8139624	13	25	2900	NordicSwedishChampionship2026	f	333fm	Glen Goh Wee Zhuan (吴洧全)	2015ZHUA01	m	NULL	NULL	Singapore
8139625	2	18	2100	NordicSwedishChampionship2026	f	333fm	Theodor Nordstrand	2016NORD02	m	NR	NR	Sweden
8139627	3	20	2133	NordicSwedishChampionship2026	f	333fm	Niklas Aasen Eliasson	2021ELIA01	m	NULL	NR	Norway
8139629	7	24	2467	NordicSwedishChampionship2026	f	333fm	Hennie Færden	2019FARD01	m	NULL	NULL	Norway
8139631	3	20	2133	NordicSwedishChampionship2026	f	333fm	Jan Bentlage	2010BENT01	m	NULL	NULL	Germany
8139632	9	21	2533	NordicSwedishChampionship2026	f	333fm	Konstantin Jaehne	2015JAEH01	m	NULL	NULL	Germany
8139634	5	20	2267	NordicSwedishChampionship2026	f	333fm	Daniel Vædele Egdal	2013EGDA01	m	NULL	NULL	Denmark
8139635	10	22	2567	NordicSwedishChampionship2026	f	333fm	Victor Valentin Glyrskov	2014GLYR01	m	NULL	NULL	Denmark
8139637	11	22	2667	NordicSwedishChampionship2026	f	333fm	Adam Bermingham	2020BERM02	m	NR	NULL	Ireland
8139641	1	19	1967	NordicSwedishChampionship2026	f	333fm	Adam Marcellus Kelly	2016KELL10	m	NR	ER	Denmark
8139642	6	22	2333	NordicSwedishChampionship2026	f	333fm	Oskar Feed Jakobsen	2017JAKO02	m	NULL	NULL	Norway
8142876	1	23	2400	DFWQuietQualifier2026	f	333fm	Ryan Pilat	2016PILA03	m	NULL	NULL	USA
8142879	4	23	3633	DFWQuietQualifier2026	f	333fm	Nathan Benson	2022BENS01	m	NULL	NULL	USA
8143831	1	22	2367	MalegnoMegaOpen2026	f	333fm	Lorenzo Mauro	2014MAUR06	m	NULL	NULL	Italy
8143837	3	23	2467	MalegnoMegaOpen2026	f	333fm	Tommaso Raposio	2014RAPO01	m	NULL	NULL	Italy
8143842	1	22	2367	MalegnoMegaOpen2026	f	333fm	Enrico Tenuti	2017TENU01	m	NULL	NULL	Italy
8154221	1	22	2433	PleaseBeQuietOdivelasII2026	f	333fm	Jan Bentlage	2010BENT01	m	NULL	NULL	Germany
8154910	1	20	0	CubinginPremierHuancayo2026	f	333fm	Alonzo Sanchez Arica	2023ARIC01	1	NR	NULL	Peru
8168901	1	23	2500	NittedalMBSpring2026	1	333fm	Niklas Aasen Eliasson	2021ELIA01	m	NULL	NULL	Norway
8168910	1	21	2200	NittedalMBSpring2026	f	333fm	Niklas Aasen Eliasson	2021ELIA01	m	NULL	NULL	Norway
8168912	4	24	-1	NittedalMBSpring2026	f	333fm	Martin Gudahl Tufte	2022TUFT01	m	NULL	NULL	Norway
8169784	1	22	0	BackiPetrovacOpen2026	f	333fm	Szabolcs Szántai	2016SZAN01	1	NULL	NULL	Hungary
8170960	11	23	-1	BUBTCubeOpen2026	f	333fm	Mosfikul Islam	2023ISLA08	m	NR	NULL	Bangladesh
8171635	1	20	2100	PSSSideDayGdansk2026	f	333fm	Radomił Baran	2020BARA02	m	NULL	NULL	Poland
8171637	3	20	2167	PSSSideDayGdansk2026	f	333fm	Wojciech Rogoziński	2019ROGO04	m	NULL	NULL	Poland
8171642	9	20	-1	PSSSideDayGdansk2026	f	333fm	Radosław Opoka	2013OPOK01	m	NULL	NULL	Poland
8171645	1	20	2100	PSSSideDayGdansk2026	f	333fm	Marcin Chmielewski	2023CHMI01	m	NULL	NULL	Poland
8171646	10	24	-1	PSSSideDayGdansk2026	f	333fm	Grzegorz Jałocha	2012JALO01	m	NULL	NULL	Poland
8173420	3	23	2367	3x3inMadison2026	f	333fm	Ryan Pilat	2016PILA03	m	NULL	NULL	USA
8173423	1	22	2233	3x3inMadison2026	f	333fm	Carter Kucala	2015KUCA01	m	NULL	NULL	USA
8173425	2	22	2300	3x3inMadison2026	f	333fm	Brian Johnson	2013JOHN10	m	NULL	NULL	USA
8173428	7	24	3367	3x3inMadison2026	f	333fm	Nathan Phillips	2021PHIL05	m	NULL	NULL	USA
8173429	6	25	3200	3x3inMadison2026	f	333fm	Luke Selle	2022SELL05	m	NULL	NULL	USA
8173435	19	24	-1	3x3inMadison2026	f	333fm	Simon Kellum	2016KELL12	m	NULL	NULL	USA
8173436	18	23	-1	3x3inMadison2026	f	333fm	Charles Bois	2023BOIS02	m	NULL	NULL	USA
8173438	3	23	2367	3x3inMadison2026	f	333fm	Zeke Mackay	2015MACK06	m	NULL	NULL	USA
8173439	20	25	-1	3x3inMadison2026	f	333fm	Zach Baruch	2017BARU01	m	NULL	NULL	USA
8175605	3	25	2600	HungarianFMCSeries32026	f	333fm	Szabolcs Szántai	2016SZAN01	m	NULL	NULL	Hungary
8175606	2	23	2567	HungarianFMCSeries32026	f	333fm	Bence Barát	2008BARA01	m	NULL	NULL	Hungary
8175607	1	23	2500	HungarianFMCSeries32026	f	333fm	Tommaso Raposio	2014RAPO01	m	NULL	NULL	Italy
8179011	1	19	2067	SacQuietSpring2026	f	333fm	Dewei Tan (譚得唯)	2024TAND01	m	NR	NR	Hong Kong
8179678	1	22	2267	PleaseDontDNFBeijing2026	1	333fm	Qijun Miao (缪其隽)	2014MIAO02	m	NULL	NULL	China
8179679	2	22	2300	PleaseDontDNFBeijing2026	1	333fm	Jibo Zhao (赵吉波)	2010ZHAO11	m	NULL	NULL	China
8179680	3	22	2333	PleaseDontDNFBeijing2026	1	333fm	Weijie Jian (简维杰)	2011JIAN07	m	NULL	NULL	China
8179681	4	22	2400	PleaseDontDNFBeijing2026	1	333fm	Takumi Tamura (田村匠)	2019TAMU01	m	NULL	NULL	Japan
8179682	5	23	2400	PleaseDontDNFBeijing2026	1	333fm	Yiwei Liu (刘伊玮)	2012LIUY03	m	NULL	NULL	China
8179683	6	22	2467	PleaseDontDNFBeijing2026	1	333fm	Mingzhi Da (达明志)	2014DAMI01	m	NULL	NULL	China
8179684	6	22	2467	PleaseDontDNFBeijing2026	1	333fm	Yongqiang Peng (彭永强)	2013PENG02	m	NULL	NULL	China
8179685	8	23	2600	PleaseDontDNFBeijing2026	1	333fm	Baiqiang Dong (董百强)	2008DONG06	m	NULL	NULL	China
8179686	9	22	2700	PleaseDontDNFBeijing2026	1	333fm	Ge Shi (石歌)	2024GESH01	m	NULL	NULL	China
8179687	10	23	2700	PleaseDontDNFBeijing2026	1	333fm	Min Wu (吴民)	2009WUMI01	m	NULL	NULL	China
8179688	11	24	2700	PleaseDontDNFBeijing2026	1	333fm	Yining Wang (王逸宁)	2023WANY06	m	NULL	NULL	China
8179708	31	22	-1	PleaseDontDNFBeijing2026	1	333fm	Xiwen Ruan (阮熙文)	2018RUAN04	m	NULL	NULL	China
8179709	32	25	-1	PleaseDontDNFBeijing2026	1	333fm	Yunke Zhang (张云柯)	2014ZHAN11	m	NULL	NULL	China
8179720	1	22	2233	PleaseDontDNFBeijing2026	f	333fm	Takumi Tamura (田村匠)	2019TAMU01	m	NULL	NULL	Japan
8179721	2	22	2333	PleaseDontDNFBeijing2026	f	333fm	Jibo Zhao (赵吉波)	2010ZHAO11	m	NULL	NULL	China
8179722	2	22	2333	PleaseDontDNFBeijing2026	f	333fm	Qijun Miao (缪其隽)	2014MIAO02	m	NULL	NULL	China
8179723	4	22	2433	PleaseDontDNFBeijing2026	f	333fm	Xiwen Ruan (阮熙文)	2018RUAN04	m	NULL	NULL	China
8179724	5	24	2467	PleaseDontDNFBeijing2026	f	333fm	Baiqiang Dong (董百强)	2008DONG06	m	NULL	NULL	China
8179739	20	22	-1	PleaseDontDNFBeijing2026	f	333fm	Yiwei Liu (刘伊玮)	2012LIUY03	m	NULL	NULL	China
8179740	20	22	-1	PleaseDontDNFBeijing2026	f	333fm	Yongqiang Peng (彭永强)	2013PENG02	m	NULL	NULL	China
8179741	22	23	-1	PleaseDontDNFBeijing2026	f	333fm	Weijie Jian (简维杰)	2011JIAN07	m	NULL	NULL	China
8185141	7	24	-1	KyivNxNSpring2026	1	333fm	Modest Podzolkin	2017PODZ01	m	NULL	NULL	Ukraine
8185143	1	20	2233	KyivNxNSpring2026	1	333fm	Yurii Riabov (Юрій Рябов)	2018RIAB01	m	NULL	NULL	Ukraine
8185158	1	21	2300	KyivNxNSpring2026	f	333fm	Yurii Riabov (Юрій Рябов)	2018RIAB01	m	NULL	NULL	Ukraine
8185856	2	22	2967	GACubersBBQ2026	f	333fm	Kyra Joiner	2015JOIN01	m	NULL	NULL	USA
8189374	2	25	2700	UnOronothodoxBlocks2026	f	333fm	Joey Mait	2016MAIT02	m	NULL	NULL	USA
8189376	1	23	2400	UnOronothodoxBlocks2026	f	333fm	Aedan Bryant	2017BRYA06	m	NULL	NULL	USA
8193367	1	22	2333	OklahomaChampionship2026	f	333fm	Ryan Pilat	2016PILA03	m	NULL	NULL	USA
8193376	2	23	2367	OklahomaChampionship2026	f	333fm	Alexander Wheeler	2014WHEE01	m	NULL	NULL	USA
8209197	3	21	2633	BarbyCube2026	f	333fm	Konstantin Jaehne	2015JAEH01	m	NULL	NULL	Germany
8209202	1	19	1967	BarbyCube2026	f	333fm	Adrien Neveu	2018NEVE02	m	NULL	ER	France
8209204	2	22	2500	BarbyCube2026	f	333fm	Étienne Aubry	2018AUBR01	m	NULL	NULL	France
8211689	3	23	2367	HeartlandChampionship2026	f	333fm	Alexander Wheeler	2014WHEE01	m	NULL	NULL	USA
8211698	26	22	-1	HeartlandChampionship2026	f	333fm	Carter Kucala	2015KUCA01	m	NULL	NULL	USA
8211705	27	24	-1	HeartlandChampionship2026	f	333fm	Charles Bois	2023BOIS02	m	NULL	NULL	USA
8211706	5	23	2500	HeartlandChampionship2026	f	333fm	Cale Schoon	2014SCHO02	m	NULL	NULL	USA
8211712	1	19	2133	HeartlandChampionship2026	f	333fm	Brian Johnson	2013JOHN10	m	NULL	NULL	USA
8211713	4	23	2433	HeartlandChampionship2026	f	333fm	Ryan Pilat	2016PILA03	m	NULL	NULL	USA
8211716	2	22	2333	HeartlandChampionship2026	f	333fm	Walker Welch	2011WELC01	m	NULL	NULL	USA
8218286	1	19	2133	FMCWarszawa2026	1	333fm	Radomił Baran	2020BARA02	m	NULL	NULL	Poland
8218287	2	21	2333	FMCWarszawa2026	1	333fm	Krzysztof Pietrusiak	2019PIET01	m	NULL	NULL	Poland
8218288	3	23	2433	FMCWarszawa2026	1	333fm	Radosław Opoka	2013OPOK01	m	NULL	NULL	Poland
8218296	1	19	2033	FMCWarszawa2026	f	333fm	Radomił Baran	2020BARA02	m	NULL	NULL	Poland
8218297	2	19	2100	FMCWarszawa2026	f	333fm	Krzysztof Pietrusiak	2019PIET01	m	NULL	NULL	Poland
8218298	3	21	2367	FMCWarszawa2026	f	333fm	Radosław Opoka	2013OPOK01	m	NULL	NULL	Poland
8218872	1	24	0	HiroshimaSpring2026	f	333fm	Tomohiro Kobayashi (小林知広)	2013KOBA01	1	NULL	NULL	Japan
8218882	2	25	0	HiroshimaSpring2026	f	333fm	Syunei Miyauchi (宮内俊英)	2017MIYA07	1	NULL	NULL	Japan
8218886	2	25	0	HiroshimaSpring2026	f	333fm	Tomoki Moriyama (森山智樹)	2017MORI11	1	NULL	NULL	Japan
8219554	6	25	2933	FMCforCancerReigate2026	f	333fm	Ben Stokes	2018STOK01	m	NULL	NULL	United Kingdom
8219562	2	23	2333	FMCforCancerReigate2026	f	333fm	Fabio Schwandt	2014SCHW02	m	NULL	NULL	United Kingdom
8219563	4	23	2467	FMCforCancerReigate2026	f	333fm	Charlie Butler	2022BUTL06	m	NULL	NULL	United Kingdom
8219564	3	22	2367	FMCforCancerReigate2026	f	333fm	Lichi Fang (方力驰)	2018FANG03	m	NULL	NULL	China
8219565	5	23	2633	FMCforCancerReigate2026	f	333fm	Jacob Sherwen Brown	2022BROW01	m	NULL	NULL	United Kingdom
8219567	1	20	2333	FMCforCancerReigate2026	f	333fm	Dorian Chan	2023DORI01	m	NULL	NULL	Hong Kong
8222100	1	21	2167	FewestMovesMaySingapore2026	1	333fm	Wong Chong Wen (黄崇文)	2014WENW01	m	NULL	NULL	Singapore
8222101	7	24	2567	FewestMovesMaySingapore2026	1	333fm	Chang Hong Liang (张泓量)	2016LIAN02	m	NULL	NULL	Singapore
8222102	1	21	2167	FewestMovesMaySingapore2026	1	333fm	Hajime Miyazaki (宮崎朔)	2022MIYA01	m	NULL	NR	Japan
8222103	15	24	-1	FewestMovesMaySingapore2026	1	333fm	Vincent Hartanto Utomo	2010UTOM01	m	NULL	NULL	Indonesia
8222104	14	22	-1	FewestMovesMaySingapore2026	1	333fm	Yuto Morishita (森下優斗)	2023SHIK03	m	NULL	NULL	Japan
8222105	3	21	2333	FewestMovesMaySingapore2026	1	333fm	Luis Tan Hong Yi (陈宏溢)	2023YILU01	m	NULL	NULL	Singapore
8222106	4	23	2400	FewestMovesMaySingapore2026	1	333fm	Ng Jia Quan (黄佳铨)	2015QUAN03	m	NULL	NULL	Malaysia
8222107	5	23	2500	FewestMovesMaySingapore2026	1	333fm	Takumi Tamura (田村匠)	2019TAMU01	m	NULL	NULL	Japan
8222108	6	23	2567	FewestMovesMaySingapore2026	1	333fm	Jovan Susanto	2022SUSA02	m	NULL	NULL	Singapore
8222109	9	25	2767	FewestMovesMaySingapore2026	1	333fm	Andrew Tan Jing Bang	2019BANG01	m	NULL	NULL	Singapore
8222110	8	24	2633	FewestMovesMaySingapore2026	1	333fm	Dylan Seah Tze Siang (谢智翔)	2015SIAN01	m	NULL	NULL	Singapore
8222111	10	25	2933	FewestMovesMaySingapore2026	1	333fm	Ge Shi (石歌)	2024GESH01	m	NULL	NULL	China
8222119	1	19	2000	FewestMovesMaySingapore2026	f	333fm	Wong Chong Wen (黄崇文)	2014WENW01	m	NULL	NULL	Singapore
8222120	2	18	2167	FewestMovesMaySingapore2026	f	333fm	Chang Hong Liang (张泓量)	2016LIAN02	m	NR	NULL	Singapore
8222121	3	20	2200	FewestMovesMaySingapore2026	f	333fm	Hajime Miyazaki (宮崎朔)	2022MIYA01	m	NULL	NULL	Japan
8222122	4	22	2200	FewestMovesMaySingapore2026	f	333fm	Vincent Hartanto Utomo	2010UTOM01	m	NULL	NULL	Indonesia
8222123	5	21	2300	FewestMovesMaySingapore2026	f	333fm	Yuto Morishita (森下優斗)	2023SHIK03	m	NULL	NULL	Japan
8222124	6	24	2500	FewestMovesMaySingapore2026	f	333fm	Luis Tan Hong Yi (陈宏溢)	2023YILU01	m	NULL	NULL	Singapore
8222125	16	21	-1	FewestMovesMaySingapore2026	f	333fm	Ng Jia Quan (黄佳铨)	2015QUAN03	m	NULL	NULL	Malaysia
8222126	7	23	2600	FewestMovesMaySingapore2026	f	333fm	Takumi Tamura (田村匠)	2019TAMU01	m	NULL	NULL	Japan
8222127	9	24	2733	FewestMovesMaySingapore2026	f	333fm	Jovan Susanto	2022SUSA02	m	NULL	NULL	Singapore
8222128	8	22	2633	FewestMovesMaySingapore2026	f	333fm	Andrew Tan Jing Bang	2019BANG01	m	NULL	NULL	Singapore
8222129	12	24	2933	FewestMovesMaySingapore2026	f	333fm	Dylan Seah Tze Siang (谢智翔)	2015SIAN01	m	NULL	NULL	Singapore
8222130	10	25	2800	FewestMovesMaySingapore2026	f	333fm	Ge Shi (石歌)	2024GESH01	m	NULL	NULL	China
8222133	13	25	3167	FewestMovesMaySingapore2026	f	333fm	Glen Goh Wee Zhuan (吴洧全)	2015ZHUA01	m	NULL	NULL	Singapore
8227879	1	18	2033	FMCUkrainePolandI2026	1	333fm	Radomił Baran	2020BARA02	m	NULL	NULL	Poland
8227880	3	22	2267	FMCUkrainePolandI2026	1	333fm	Krzysztof Pietrusiak	2019PIET01	m	NULL	NULL	Poland
8227881	2	21	2233	FMCUkrainePolandI2026	1	333fm	Yurii Riabov (Юрій Рябов)	2018RIAB01	m	NULL	NULL	Ukraine
8227882	4	21	2333	FMCUkrainePolandI2026	1	333fm	Jan Riedl	2019RIED01	m	NULL	NULL	Czech Republic
8227883	8	25	-1	FMCUkrainePolandI2026	1	333fm	Modest Podzolkin	2017PODZ01	m	NULL	NULL	Ukraine
8227887	7	22	-1	FMCUkrainePolandI2026	1	333fm	Radosław Opoka	2013OPOK01	m	NULL	NULL	Poland
8227891	4	21	2267	FMCUkrainePolandI2026	f	333fm	Radomił Baran	2020BARA02	m	NULL	NULL	Poland
8227892	1	21	2133	FMCUkrainePolandI2026	f	333fm	Krzysztof Pietrusiak	2019PIET01	m	NULL	NULL	Poland
8227893	2	21	2233	FMCUkrainePolandI2026	f	333fm	Yurii Riabov (Юрій Рябов)	2018RIAB01	m	NULL	NULL	Ukraine
8227894	3	22	2233	FMCUkrainePolandI2026	f	333fm	Jan Riedl	2019RIED01	m	NULL	NULL	Czech Republic
8227895	5	23	2600	FMCUkrainePolandI2026	f	333fm	Modest Podzolkin	2017PODZ01	m	NULL	NULL	Ukraine
8227898	8	24	-1	FMCUkrainePolandI2026	f	333fm	Radosław Opoka	2013OPOK01	m	NULL	NULL	Poland
14335	1	31	0	PolishOpen2007	c	333fm	Zbigniew Zborowski	2003ZBOR02	2	NULL	NULL	Poland
14336	2	33	0	PolishOpen2007	c	333fm	Arnaud van Galen	2006GALE01	2	NR	NULL	Netherlands
14337	3	36	0	PolishOpen2007	c	333fm	Jarosław Krzyżanowski	2007KRZY01	2	NULL	NULL	Poland
14338	4	37	0	PolishOpen2007	c	333fm	Piotr Kózka	2005KOZK01	2	NULL	NULL	Poland
14339	4	37	0	PolishOpen2007	c	333fm	Błażej Morgała	2006MORG01	2	NULL	NULL	Poland
14340	4	37	0	PolishOpen2007	c	333fm	Michał Robaczyk	2006ROBA01	2	NULL	NULL	Poland
14341	7	39	0	PolishOpen2007	c	333fm	Grzegorz Łuczyna	2005LUCZ01	2	NULL	NULL	Poland
14342	7	39	0	PolishOpen2007	c	333fm	Konrad Stawski	2007STAW01	2	NULL	NULL	Poland
14343	9	41	0	PolishOpen2007	c	333fm	Clément Gallet	2004GALL02	2	NULL	NULL	France
14344	9	41	0	PolishOpen2007	c	333fm	Łukasz Ciałoń	2005CIAL02	2	NULL	NULL	Poland
14345	11	42	0	PolishOpen2007	c	333fm	Gilles van den Peereboom	2005PEER01	2	NULL	NULL	Belgium
14346	11	42	0	PolishOpen2007	c	333fm	Karol Cudzich	2006CUDZ01	2	NULL	NULL	Poland
14347	13	43	0	PolishOpen2007	c	333fm	Adam Wojtyła	2006WOJT01	2	NULL	NULL	Poland
14348	14	46	0	PolishOpen2007	c	333fm	Tomasz Korzeniewski	2007KORZ01	2	NULL	NULL	Poland
14349	14	46	0	PolishOpen2007	c	333fm	Szczepan Łągiewka	2007LAGI01	2	NULL	NULL	Poland
14350	14	46	0	PolishOpen2007	c	333fm	Adrian Mróz	2007MROZ01	2	NULL	NULL	Poland
14351	17	50	0	PolishOpen2007	c	333fm	Konrad Przetacznik	2006PRZE01	2	NULL	NULL	Poland
14352	18	51	0	PolishOpen2007	c	333fm	Mateusz Burnicki	2006BURN01	2	NULL	NULL	Poland
14353	19	59	0	PolishOpen2007	c	333fm	Remigiusz Durka	2005DURK01	2	NULL	NULL	Poland
14354	19	59	0	PolishOpen2007	c	333fm	Magda Gancarz	2007GANC01	2	NULL	NULL	Poland
14355	21	76	0	PolishOpen2007	c	333fm	Piotr Frankowski	2006FRAN01	2	NULL	NULL	Poland
14356	22	-1	0	PolishOpen2007	c	333fm	Marek Kurcyus	2005KURC01	2	NULL	NULL	Poland
14357	22	-1	0	PolishOpen2007	c	333fm	Kamil Górski	2006GORS01	2	NULL	NULL	Poland
14358	22	-1	0	PolishOpen2007	c	333fm	Tomasz Seweryn	2006SEWE01	2	NULL	NULL	Poland
14359	22	-1	0	PolishOpen2007	c	333fm	Paweł Włoszek	2006WLOS01	2	NULL	NULL	Poland
14360	22	-1	0	PolishOpen2007	c	333fm	Jakub Potocki	2007POTO01	2	NULL	NULL	Poland
15971	1	35	0	WC2007	f	333fm	Zbigniew Zborowski	2003ZBOR02	1	NULL	NULL	Poland
15972	2	37	0	WC2007	f	333fm	Yumu Tabuchi (田渕雄夢)	2006TABU02	1	AsR	NULL	Japan
15973	2	37	0	WC2007	f	333fm	Piotr Kózka	2005KOZK01	1	NULL	NULL	Poland
15974	4	38	0	WC2007	f	333fm	Karol Cudzich	2006CUDZ01	1	NULL	NULL	Poland
15975	4	38	0	WC2007	f	333fm	Dan Dzoan	2006DZOA03	1	NULL	NULL	USA
15976	6	39	0	WC2007	f	333fm	Sébastien Felix	2004FELI01	1	NULL	NULL	France
15977	7	41	0	WC2007	f	333fm	Anssi Vanhala	2005VANH01	1	NULL	NULL	Finland
15978	7	41	0	WC2007	f	333fm	Milán Baticz	2005BATI01	1	NULL	NULL	Hungary
15979	9	42	0	WC2007	f	333fm	Stefan Pochmann	2003POCH01	1	NULL	NULL	Germany
15980	9	42	0	WC2007	f	333fm	Oliver Wolff	2004WOLF01	1	NULL	NULL	Germany
15981	9	42	0	WC2007	f	333fm	Dan Harris	2003HARR01	1	NULL	NULL	United Kingdom
15982	12	43	0	WC2007	f	333fm	Thibaut Jacquinot	2006JACQ01	1	NULL	NULL	France
15983	12	43	0	WC2007	f	333fm	Bob Burton	2003BURT01	1	NULL	NULL	USA
15984	14	45	0	WC2007	f	333fm	Kamil Górski	2006GORS01	1	NULL	NULL	Poland
15985	15	46	0	WC2007	f	333fm	Sinpei Araki (荒木慎平)	2006ARAK01	1	NULL	NULL	Japan
15986	16	51	0	WC2007	f	333fm	István Kocza	2005KOCZ01	1	NULL	NULL	Hungary
15987	17	-1	0	WC2007	f	333fm	Gilles Roux	2004ROUX01	1	NULL	NULL	France
15988	17	-1	0	WC2007	f	333fm	Benjamin Sintes	2007SINT01	1	NULL	NULL	France
15989	17	-1	0	WC2007	f	333fm	Máté Horváth	2007HORV01	1	NULL	NULL	Hungary
15990	17	-1	0	WC2007	f	333fm	Károly Farkas	2005FARK01	1	NULL	NULL	Hungary
15991	17	-1	0	WC2007	f	333fm	Tamás Frajna	2007FRAJ01	1	NULL	NULL	Hungary
15992	17	-1	0	WC2007	f	333fm	Mitsuki Gunji (郡司光貴)	2006GUNJ01	1	NULL	NULL	Japan
15993	17	-1	0	WC2007	f	333fm	Guus Razoux Schultz	1982RAZO01	1	NULL	NULL	Netherlands
15994	17	-1	0	WC2007	f	333fm	Alexander Ooms	2005OOMS01	1	NULL	NULL	Netherlands
15995	17	-1	0	WC2007	f	333fm	Arnaud van Galen	2006GALE01	1	NULL	NULL	Netherlands
15996	17	-1	0	WC2007	f	333fm	Tomasz Seweryn	2006SEWE01	1	NULL	NULL	Poland
15997	17	-1	0	WC2007	f	333fm	Łukasz Ciałoń	2005CIAL02	1	NULL	NULL	Poland
15998	17	-1	0	WC2007	f	333fm	Grzegorz Łuczyna	2005LUCZ01	1	NULL	NULL	Poland
15999	17	-1	0	WC2007	f	333fm	Lars Petrus	1982PETR01	1	NULL	NULL	Sweden
16000	17	-1	0	WC2007	f	333fm	Morley Davidson	2007DAVI01	1	NULL	NULL	USA
16197	1	33	0	DutchOpen2007	f	333fm	Clément Gallet	2004GALL02	1	NULL	NULL	France
16198	2	36	0	DutchOpen2007	f	333fm	Alexander Ooms	2005OOMS01	1	NULL	NULL	Netherlands
16199	3	41	0	DutchOpen2007	f	333fm	Joël van Noort	2004NOOR01	1	NULL	NULL	Netherlands
16200	4	43	0	DutchOpen2007	f	333fm	Erik Akkersdijk	2005AKKE01	1	NULL	NULL	Netherlands
16201	5	44	0	DutchOpen2007	f	333fm	Ron van Bruchem	2003BRUC01	1	NULL	NULL	Netherlands
16202	6	52	0	DutchOpen2007	f	333fm	Alejandro Lamas Pérez	2006LAMA01	1	NR	NULL	Spain
16203	6	52	0	DutchOpen2007	f	333fm	Greg Austin	2006AUST01	1	NULL	NULL	United Kingdom
16204	8	59	0	DutchOpen2007	f	333fm	Rama Temmink	2006TEMM01	1	NULL	NULL	Netherlands
16205	9	63	0	DutchOpen2007	f	333fm	Gilles van den Peereboom	2005PEER01	1	NULL	NULL	Belgium
16206	10	-1	0	DutchOpen2007	f	333fm	Lars Vandenbergh	2003VAND01	1	NULL	NULL	Belgium
16207	10	-1	0	DutchOpen2007	f	333fm	David Calvo Vivas	2005CALV02	1	NULL	NULL	Spain
17216	1	38	0	BerkeleyFall2007	f	333fm	Ryan Zheng	2006ZHEN02	1	NULL	NULL	USA
17217	2	40	0	BerkeleyFall2007	f	333fm	Leyan Lo	2004LOLE01	1	NULL	NULL	USA
17218	3	60	0	BerkeleyFall2007	f	333fm	Justin Adsuara	2007ADSU01	1	NULL	NULL	USA
17219	4	-1	0	BerkeleyFall2007	f	333fm	Adam Zamora	2004ZAMO01	1	NULL	NULL	USA
17220	4	-1	0	BerkeleyFall2007	f	333fm	David Shi	2007SHID01	1	NULL	NULL	USA
17221	4	-1	0	BerkeleyFall2007	f	333fm	Ummon Karpe	2006KARP02	1	NULL	NULL	USA
17222	4	-1	0	BerkeleyFall2007	f	333fm	Vivek Sainanee	2007SAIN01	1	NULL	NULL	USA
17223	4	-1	0	BerkeleyFall2007	f	333fm	Brian Kim	2006KIMB01	1	NULL	NULL	USA
17224	4	-1	0	BerkeleyFall2007	f	333fm	Shelley Chang	2004CHAN04	1	NULL	NULL	USA
17225	4	-1	0	BerkeleyFall2007	f	333fm	Mike Bennett	2005BENN01	1	NULL	NULL	USA
17487	1	39	0	Netherlands2007	f	333fm	Erik Akkersdijk	2005AKKE01	1	NULL	NULL	Netherlands
17488	2	45	0	Netherlands2007	f	333fm	Marc van Beest	2007BEES01	1	NULL	NULL	Netherlands
17489	3	47	0	Netherlands2007	f	333fm	Hans van der Zijden	2004ZIJD01	1	NULL	NULL	Netherlands
17490	4	-1	0	Netherlands2007	f	333fm	Arnaud van Galen	2006GALE01	1	NULL	NULL	Netherlands
17491	4	-1	0	Netherlands2007	f	333fm	Guus Razoux Schultz	1982RAZO01	1	NULL	NULL	Netherlands
17492	4	-1	0	Netherlands2007	f	333fm	Klaas Steenhuis	2004STEE01	1	NULL	NULL	Netherlands
18461	1	35	0	SwedishCubeDay2007	f	333fm	Anssi Vanhala	2005VANH01	1	NR	NULL	Finland
18462	2	-1	0	SwedishCubeDay2007	f	333fm	Clément Gallet	2004GALL02	1	NULL	NULL	France
18463	2	-1	0	SwedishCubeDay2007	f	333fm	Arnaud van Galen	2006GALE01	1	NULL	NULL	Netherlands
19434	1	39	0	BelgianOpen2008	f	333fm	Dan Harris	2003HARR01	1	NULL	NULL	United Kingdom
19435	2	47	0	BelgianOpen2008	f	333fm	Lars Vandenbergh	2003VAND01	1	NULL	NULL	Belgium
19436	3	49	0	BelgianOpen2008	f	333fm	Ron van Bruchem	2003BRUC01	1	NULL	NULL	Netherlands
19437	4	50	0	BelgianOpen2008	f	333fm	Ton Dennenbroek	2003DENN01	1	NULL	NULL	Netherlands
19438	5	53	0	BelgianOpen2008	f	333fm	Greg Austin	2006AUST01	1	NULL	NULL	United Kingdom
19439	6	-1	0	BelgianOpen2008	f	333fm	Erik Akkersdijk	2005AKKE01	1	NULL	NULL	Netherlands
19440	6	-1	0	BelgianOpen2008	f	333fm	Clément Gallet	2004GALL02	1	NULL	NULL	France
19441	6	-1	0	BelgianOpen2008	f	333fm	Gilles Roux	2004ROUX01	1	NULL	NULL	France
19442	6	-1	0	BelgianOpen2008	f	333fm	Mark Koenen	2008KOEN01	1	NULL	NULL	Netherlands
19443	6	-1	0	BelgianOpen2008	f	333fm	Milán Baticz	2005BATI01	1	NULL	NULL	Hungary
19444	6	-1	0	BelgianOpen2008	f	333fm	Rama Temmink	2006TEMM01	1	NULL	NULL	Netherlands
19779	1	36	0	BeneluxOpen2008	f	333fm	Alexander Ooms	2005OOMS01	1	NULL	NULL	Netherlands
19780	2	38	0	BeneluxOpen2008	f	333fm	Ron van Bruchem	2003BRUC01	1	NULL	NULL	Netherlands
19781	3	39	0	BeneluxOpen2008	f	333fm	Kåre Krig	2004KRIG02	1	NULL	NULL	Sweden
19782	4	40	0	BeneluxOpen2008	f	333fm	Arnaud van Galen	2006GALE01	1	NULL	NULL	Netherlands
19783	5	42	0	BeneluxOpen2008	f	333fm	Gunnar Krig	2004KRIG01	1	NULL	NULL	Sweden
19784	6	45	0	BeneluxOpen2008	f	333fm	Daniel Lundwall	2007LUND01	1	NULL	NULL	Sweden
19785	7	47	0	BeneluxOpen2008	f	333fm	Erik Akkersdijk	2005AKKE01	1	NULL	NULL	Netherlands
19786	8	52	0	BeneluxOpen2008	f	333fm	Joël van Noort	2004NOOR01	1	NULL	NULL	Netherlands
19787	9	55	0	BeneluxOpen2008	f	333fm	Lars Vandenbergh	2003VAND01	1	NULL	NULL	Belgium
19788	10	-1	0	BeneluxOpen2008	f	333fm	Frank Provoost	2007PROV01	1	NULL	NULL	Netherlands
19789	10	-1	0	BeneluxOpen2008	f	333fm	Guus Razoux Schultz	1982RAZO01	1	NULL	NULL	Netherlands
19790	10	-1	0	BeneluxOpen2008	f	333fm	Jacco Krijnen	2007KRIJ01	1	NULL	NULL	Netherlands
19791	10	-1	0	BeneluxOpen2008	f	333fm	Mats Valk	2007VALK01	1	NULL	NULL	Netherlands
21128	1	31	0	GdanskOpen2008	f	333fm	Piotr Kózka	2005KOZK01	1	NULL	NULL	Poland
21129	2	44	0	GdanskOpen2008	f	333fm	Marek Kurcyus	2005KURC01	1	NULL	NULL	Poland
21130	2	44	0	GdanskOpen2008	f	333fm	Kamil Górski	2006GORS01	1	NULL	NULL	Poland
21131	2	44	0	GdanskOpen2008	f	333fm	Tomasz Seweryn	2006SEWE01	1	NULL	NULL	Poland
21132	5	47	0	GdanskOpen2008	f	333fm	Łukasz Ciałoń	2005CIAL02	1	NULL	NULL	Poland
21133	6	49	0	GdanskOpen2008	f	333fm	Adrian Mróz	2007MROZ01	1	NULL	NULL	Poland
21134	6	49	0	GdanskOpen2008	f	333fm	Konrad Stawski	2007STAW01	1	NULL	NULL	Poland
21135	8	50	0	GdanskOpen2008	f	333fm	Tomasz Korzeniewski	2007KORZ01	1	NULL	NULL	Poland
21136	9	54	0	GdanskOpen2008	f	333fm	Marcin Jakubowski	2007JAKU01	1	NULL	NULL	Poland
21137	10	63	0	GdanskOpen2008	f	333fm	Szczepan Łągiewka	2007LAGI01	1	NULL	NULL	Poland
21138	11	-1	0	GdanskOpen2008	f	333fm	Grzegorz Łuczyna	2005LUCZ01	1	NULL	NULL	Poland
21139	11	-1	0	GdanskOpen2008	f	333fm	Karol Cudzich	2006CUDZ01	1	NULL	NULL	Poland
21140	11	-1	0	GdanskOpen2008	f	333fm	Magda Gancarz	2007GANC01	1	NULL	NULL	Poland
21141	11	-1	0	GdanskOpen2008	f	333fm	Marek Pepke	2008PEPK01	1	NULL	NULL	Poland
21549	1	34	0	FrenchOpen2008	f	333fm	Gilles Roux	2004ROUX01	1	NULL	NULL	France
21550	2	39	0	FrenchOpen2008	f	333fm	Ron van Bruchem	2003BRUC01	1	NULL	NULL	Netherlands
21551	3	41	0	FrenchOpen2008	f	333fm	Lars Vandenbergh	2003VAND01	1	NULL	NULL	Belgium
21552	4	45	0	FrenchOpen2008	f	333fm	Benjamin Sintes	2007SINT01	1	NULL	NULL	France
21553	4	45	0	FrenchOpen2008	f	333fm	Thibaut Jacquinot	2006JACQ01	1	NULL	NULL	France
21554	6	47	0	FrenchOpen2008	f	333fm	François Sechet	2004SECH01	1	NULL	NULL	France
21555	7	52	0	FrenchOpen2008	f	333fm	Greg Austin	2006AUST01	1	NULL	NULL	United Kingdom
21556	8	56	0	FrenchOpen2008	f	333fm	Anders Larsson	2003LARS01	1	NULL	NULL	Sweden
21557	9	-1	0	FrenchOpen2008	f	333fm	Adrien Mokrara	2007MOKR01	1	NULL	NULL	France
21558	9	-1	0	FrenchOpen2008	f	333fm	Michael Tran	2008TRAN01	1	NULL	NULL	France
21559	9	-1	0	FrenchOpen2008	f	333fm	Valentin Paris	2008PARI01	1	NULL	NULL	France
21560	9	-1	0	FrenchOpen2008	f	333fm	Pierre Calendini	2008CALE01	1	NULL	NULL	France
22106	1	41	0	PrincetonOpen2008	f	333fm	Anthony Hsu	2005HSUA01	1	NULL	NULL	USA
22107	2	45	0	PrincetonOpen2008	f	333fm	Erik Johnson	2007JOHN02	1	NULL	NULL	USA
22108	3	46	0	PrincetonOpen2008	f	333fm	Stanley Wong	2006WONG01	1	NULL	NULL	USA
22109	4	47	0	PrincetonOpen2008	f	333fm	Bob Burton	2003BURT01	1	NULL	NULL	USA
22110	5	-1	0	PrincetonOpen2008	f	333fm	Alexander Heaton	2007HEAT01	1	NULL	NULL	USA
22111	5	-1	0	PrincetonOpen2008	f	333fm	Alex Bruso	2007BRUS01	1	NULL	NULL	USA
22112	5	-1	0	PrincetonOpen2008	f	333fm	John Tamanas	2007TAMA02	1	NULL	NULL	USA
22113	5	-1	0	PrincetonOpen2008	f	333fm	Kevin Jiang	2008JIAN01	1	NULL	NULL	USA
22114	5	-1	0	PrincetonOpen2008	f	333fm	Peter Greenwood	2005GREE02	1	NULL	NULL	USA
22504	1	35	0	DanishOpen2008	f	333fm	Erik Akkersdijk	2005AKKE01	1	NULL	NULL	Netherlands
22505	2	39	0	DanishOpen2008	f	333fm	Gunnar Krig	2004KRIG01	1	NULL	NULL	Sweden
22506	2	39	0	DanishOpen2008	f	333fm	Arnaud van Galen	2006GALE01	1	NULL	NULL	Netherlands
22507	2	39	0	DanishOpen2008	f	333fm	Kåre Krig	2004KRIG02	1	NULL	NULL	Sweden
22508	5	42	0	DanishOpen2008	f	333fm	Lars Vennike Nielsson	2008NIEL01	1	NR	NULL	Denmark
22509	6	43	0	DanishOpen2008	f	333fm	Ton Dennenbroek	2003DENN01	1	NULL	NULL	Netherlands
22510	7	44	0	DanishOpen2008	f	333fm	Clément Gallet	2004GALL02	1	NULL	NULL	France
22511	8	45	0	DanishOpen2008	f	333fm	Henrik Buus Aagaard	2006BUUS01	1	NULL	NULL	Denmark
22512	9	65	0	DanishOpen2008	f	333fm	Dennis Strehlau	2007STRE01	1	NULL	NULL	Germany
22513	10	-1	0	DanishOpen2008	f	333fm	Anders Larsson	2003LARS01	1	NULL	NULL	Sweden
22514	10	-1	0	DanishOpen2008	f	333fm	Daniel Lundwall	2007LUND01	1	NULL	NULL	Sweden
24032	1	38	0	StetsonSpring2008	f	333fm	Andrew Chow	2006CHOW01	1	NULL	NULL	USA
24033	2	39	0	StetsonSpring2008	f	333fm	Cliff Shen	2006SHEN01	1	NULL	NULL	USA
24034	3	44	0	StetsonSpring2008	f	333fm	Bob Burton	2003BURT01	1	NULL	NULL	USA
24035	4	-1	0	StetsonSpring2008	f	333fm	Brian Loftus	2008LOFT01	1	NULL	NULL	USA
24036	4	-1	0	StetsonSpring2008	f	333fm	Chris Foster	2008FOST01	1	NULL	NULL	USA
24883	1	31	0	CornellSpring2008	f	333fm	Tim Reynolds	2005REYN01	1	NAR	NULL	USA
24884	2	58	0	CornellSpring2008	f	333fm	John Tamanas	2007TAMA02	1	NULL	NULL	USA
24885	3	62	0	CornellSpring2008	f	333fm	Peter Greenwood	2005GREE02	1	NULL	NULL	USA
24886	4	66	0	CornellSpring2008	f	333fm	Rowe Hessler	2007HESS01	1	NULL	NULL	USA
24887	5	-1	0	CornellSpring2008	f	333fm	Erik Johnson	2007JOHN02	1	NULL	NULL	USA
24888	5	-1	0	CornellSpring2008	f	333fm	Tyler Wilkinson	2007WILK01	1	NULL	NULL	USA
25079	1	38	0	BerkeleySpring2008	f	333fm	Brian Kim	2006KIMB01	1	NULL	NULL	USA
25080	2	39	0	BerkeleySpring2008	f	333fm	Dan Dzoan	2006DZOA03	1	NULL	NULL	USA
25081	3	41	0	BerkeleySpring2008	f	333fm	Leyan Lo	2004LOLE01	1	NULL	NULL	USA
25082	4	44	0	BerkeleySpring2008	f	333fm	Shelley Chang	2004CHAN04	1	NULL	NULL	USA
25083	5	54	0	BerkeleySpring2008	f	333fm	Corwin Shiu	2007SHIU01	1	NULL	NULL	USA
25084	6	63	0	BerkeleySpring2008	f	333fm	Jameson O'Connor	2008OCON01	1	NULL	NULL	USA
25085	7	-1	0	BerkeleySpring2008	f	333fm	Lars Petrus	1982PETR01	1	NULL	NULL	Sweden
25086	7	-1	0	BerkeleySpring2008	f	333fm	David Shi	2007SHID01	1	NULL	NULL	USA
25087	7	-1	0	BerkeleySpring2008	f	333fm	Brian Le	2007LEBR01	1	NULL	NULL	USA
25088	7	-1	0	BerkeleySpring2008	f	333fm	Mike Bennett	2005BENN01	1	NULL	NULL	USA
25296	1	34	0	ArmonkSpring2008	f	333fm	Bob Burton	2003BURT01	1	NULL	NULL	USA
25297	2	39	0	ArmonkSpring2008	f	333fm	Erik Johnson	2007JOHN02	1	NULL	NULL	USA
25298	3	45	0	ArmonkSpring2008	f	333fm	Bruce Norskog	2006NORS01	1	NULL	NULL	USA
25299	4	87	0	ArmonkSpring2008	f	333fm	Tyler Wilkinson	2007WILK01	1	NULL	NULL	USA
25300	5	-1	0	ArmonkSpring2008	f	333fm	Sam Boyles	2007BOYL01	1	NULL	NULL	USA
25301	5	-1	0	ArmonkSpring2008	f	333fm	Joe Epstein	2007EPST01	1	NULL	NULL	USA
25302	5	-1	0	ArmonkSpring2008	f	333fm	Peter Greenwood	2005GREE02	1	NULL	NULL	USA
25537	1	31	0	BarcelonaOpen2008	f	333fm	Manuel López Sheriff	2007LOPE01	1	NR	NULL	Spain
25538	2	42	0	BarcelonaOpen2008	f	333fm	David Calvo Vivas	2005CALV02	1	NULL	NULL	Spain
25539	2	42	0	BarcelonaOpen2008	f	333fm	Javier París	2005PARI01	1	NULL	NULL	Spain
25540	4	44	0	BarcelonaOpen2008	f	333fm	Nico Kupfer	2007KUPF01	1	NULL	NULL	Spain
25541	5	46	0	BarcelonaOpen2008	f	333fm	Alejandro Lamas Pérez	2006LAMA01	1	NULL	NULL	Spain
25542	5	46	0	BarcelonaOpen2008	f	333fm	Gabriel Eduardo Núñez Serna	2008NUNE01	1	SAR	NULL	Argentina
25543	7	51	0	BarcelonaOpen2008	f	333fm	Mario Laurent	2008LAUR01	1	NULL	NULL	France
25544	8	54	0	BarcelonaOpen2008	f	333fm	Miguel Angel Navalón Valera	2005NAVA01	1	NULL	NULL	Spain
25545	9	57	0	BarcelonaOpen2008	f	333fm	Jaume Casado Ruiz	2008CASA01	1	NULL	NULL	Spain
25546	10	-1	0	BarcelonaOpen2008	f	333fm	Javier Cabezuelo Sánchez	2007SANC01	1	NULL	NULL	Spain
25547	10	-1	0	BarcelonaOpen2008	f	333fm	Joan-Carles Vilaseca	2007VILA01	1	NULL	NULL	Spain
26541	1	32	0	WashingtonDCOpen2008	f	333fm	Chris Hardwick	2003HARD01	1	NULL	NULL	USA
26542	2	36	0	WashingtonDCOpen2008	f	333fm	Tim Reynolds	2005REYN01	1	NULL	NULL	USA
26543	3	42	0	WashingtonDCOpen2008	f	333fm	Joseph Gibney	2007GIBN01	1	NULL	NULL	USA
26544	4	48	0	WashingtonDCOpen2008	f	333fm	Wuqiong Fan	2008FANW01	1	NR	NULL	China
26545	6	52	0	WashingtonDCOpen2008	f	333fm	Bob Burton	2003BURT01	1	NULL	NULL	USA
